#
# A fatal error has been detected by the Java Runtime Environment:
#
#  EXCEPTION_ACCESS_VIOLATION (0xc0000005) at pc=0x00007ffcfbff4cc0, pid=12404, tid=24284
#
# JRE version: OpenJDK Runtime Environment Microsoft-11369940 (21.0.7+6) (build 21.0.7+6-LTS)
# Java VM: OpenJDK 64-Bit Server VM Microsoft-11369940 (21.0.7+6-LTS, mixed mode, tiered, compressed oops, compressed class ptrs, g1 gc, windows-amd64)
# Problematic frame:
# C  [nvoglv64.dll+0xb64cc0]
#
# No core dump will be written. Minidumps are not enabled by default on client versions of Windows
#
# If you would like to submit a bug report, please visit:
#   https://aka.ms/minecraftjavacrashes
# The crash happened outside the Java Virtual Machine in native code.
# See problematic frame for where to report the bug.
#

---------------  S U M M A R Y ------------

Command Line: -XX:HeapDumpPath=MojangTricksIntelDriversForPerformance_javaw.exe_minecraft.exe.heapdump -Xms512m -Xmx16384m -Duser.language=en -Djava.library.path=C:/Users/justi/AppData/Roaming/PrismLauncher/instances/Optimized fps/natives org.prismlauncher.EntryPoint

Host: AMD Ryzen 9 9900X 12-Core Processor            , 24 cores, 31G,  Windows 11 , 64 bit Build 26100 (10.0.26100.8246)
Time: Thu Apr 23 21:33:49 2026 Pacific Daylight Time elapsed time: 384.350632 seconds (0d 0h 6m 24s)

---------------  T H R E A D  ---------------

Current thread (0x000001f112912530):  JavaThread "Render thread"        [_thread_in_native, id=24284, stack(0x0000003980f00000,0x0000003981000000) (1024K)]

Stack: [0x0000003980f00000,0x0000003981000000],  sp=0x0000003980ffd308,  free space=1012k
Native frames: (J=compiled Java code, j=interpreted, Vv=VM code, C=native code)
C  [nvoglv64.dll+0xb64cc0]

Java frames: (J=compiled Java code, j=interpreted, Vv=VM code)
J 6734  org.lwjgl.opengl.GL11C.nglDrawElements(IIIJ)V org.lwjgl.opengl@3.3.3+5 (0 bytes) @ 0x000001f120872526 [0x000001f1208724c0+0x0000000000000066]
J 18299 c2 org.lwjgl.opengl.GL11C.glDrawElements(IIIJ)V org.lwjgl.opengl@3.3.3+5 (8 bytes) @ 0x000001f12094fbc0 [0x000001f12094fba0+0x0000000000000020]
J 87606 c2 com.seibel.distanthorizons.common.render.openGl.terrain.GlDhTerrainShaderProgram_neoforge.render(Lcom/seibel/distanthorizons/core/render/RenderParams;ZLcom/seibel/distanthorizons/core/util/objects/SortedArraySet;Lcom/seibel/distanthorizons/core/wrapperInterfaces/minecraft/IProfilerWrapper;)V distanthorizons@3.0.1-b (406 bytes) @ 0x000001f1231ce190 [0x000001f1231cdc60+0x0000000000000530]
J 87772 c2 com.seibel.distanthorizons.core.render.renderer.LodRenderer.renderTerrain(Lcom/seibel/distanthorizons/core/render/RenderParams;Lcom/seibel/distanthorizons/core/wrapperInterfaces/minecraft/IProfilerWrapper;Z)V distanthorizons@3.0.1-b (711 bytes) @ 0x000001f1222ada6c [0x000001f1222ad1c0+0x00000000000008ac]
J 70871 c2 com.seibel.distanthorizons.core.api.internal.ClientApi.renderLodLayer(Z)V distanthorizons@3.0.1-b (799 bytes) @ 0x000001f1229ced6c [0x000001f1229ce500+0x000000000000086c]
J 65471 c2 net.minecraft.client.renderer.LevelRenderer.renderSectionLayer(Lnet/minecraft/client/renderer/RenderType;DDDLorg/joml/Matrix4f;Lorg/joml/Matrix4f;)V minecraft@1.21.1 (134 bytes) @ 0x000001f1225b84c4 [0x000001f1225b7c20+0x00000000000008a4]
J 86325 c2 net.minecraft.client.renderer.LevelRenderer.renderLevel(Lnet/minecraft/client/DeltaTracker;ZLnet/minecraft/client/Camera;Lnet/minecraft/client/renderer/GameRenderer;Lnet/minecraft/client/renderer/LightTexture;Lorg/joml/Matrix4f;Lorg/joml/Matrix4f;)V minecraft@1.21.1 (4652 bytes) @ 0x000001f123622134 [0x000001f12361f160+0x0000000000002fd4]
J 79402 c2 net.minecraft.client.renderer.GameRenderer.renderLevel(Lnet/minecraft/client/DeltaTracker;)V minecraft@1.21.1 (844 bytes) @ 0x000001f122ae472c [0x000001f122ae2d20+0x0000000000001a0c]
J 94095 c1 net.minecraft.client.renderer.GameRenderer.render(Lnet/minecraft/client/DeltaTracker;Z)V minecraft@1.21.1 (1218 bytes) @ 0x000001f11bba879c [0x000001f11bba7600+0x000000000000119c]
J 88314 c2 net.minecraft.client.Minecraft.runTick(Z)V minecraft@1.21.1 (1171 bytes) @ 0x000001f122e336d0 [0x000001f122e31ae0+0x0000000000001bf0]
j  net.minecraft.client.Minecraft.run()V+97 minecraft@1.21.1
j  net.minecraft.client.main.Main.main([Ljava/lang/String;)V+1630 minecraft@1.21.1
j  java.lang.invoke.LambdaForm$DMH+0x0000000800004000.invokeStatic(Ljava/lang/Object;Ljava/lang/Object;)V+10 java.base@21.0.7
j  java.lang.invoke.LambdaForm$MH+0x000000080010a000.invoke(Ljava/lang/Object;Ljava/lang/Object;Ljava/lang/Object;)Ljava/lang/Object;+33 java.base@21.0.7
J 9426 c1 jdk.internal.reflect.DirectMethodHandleAccessor.invoke(Ljava/lang/Object;[Ljava/lang/Object;)Ljava/lang/Object; java.base@21.0.7 (92 bytes) @ 0x000001f1198f6334 [0x000001f1198f5f40+0x00000000000003f4]
J 9822 c1 java.lang.reflect.Method.invoke(Ljava/lang/Object;[Ljava/lang/Object;)Ljava/lang/Object; java.base@21.0.7 (108 bytes) @ 0x000001f11999c1dc [0x000001f11999bcc0+0x000000000000051c]
j  net.neoforged.fml.loading.targets.CommonLaunchHandler.runTarget(Ljava/lang/String;[Ljava/lang/String;Ljava/lang/ModuleLayer;)V+42 fml_loader@4.0.42
j  net.neoforged.fml.loading.targets.CommonLaunchHandler.clientService([Ljava/lang/String;Ljava/lang/ModuleLayer;)V+6 fml_loader@4.0.42
j  net.neoforged.fml.loading.targets.CommonClientLaunchHandler.runService([Ljava/lang/String;Ljava/lang/ModuleLayer;)V+3 fml_loader@4.0.42
j  net.neoforged.fml.loading.targets.CommonLaunchHandler.lambda$launchService$4([Ljava/lang/String;Ljava/lang/ModuleLayer;)V+3 fml_loader@4.0.42
j  net.neoforged.fml.loading.targets.CommonLaunchHandler$$Lambda+0x00000008005be478.run()V+12 fml_loader@4.0.42
j  cpw.mods.modlauncher.LaunchServiceHandlerDecorator.launch([Ljava/lang/String;Ljava/lang/ModuleLayer;)V+11 cpw.mods.modlauncher@11.0.5
j  cpw.mods.modlauncher.LaunchServiceHandler.launch(Ljava/lang/String;[Ljava/lang/String;Ljava/lang/ModuleLayer;Lcpw/mods/modlauncher/TransformingClassLoader;Lcpw/mods/modlauncher/LaunchPluginHandler;)V+58 cpw.mods.modlauncher@11.0.5
j  cpw.mods.modlauncher.LaunchServiceHandler.launch(Lcpw/mods/modlauncher/ArgumentHandler;Ljava/lang/ModuleLayer;Lcpw/mods/modlauncher/TransformingClassLoader;Lcpw/mods/modlauncher/LaunchPluginHandler;)V+21 cpw.mods.modlauncher@11.0.5
j  cpw.mods.modlauncher.Launcher.run([Ljava/lang/String;)V+288 cpw.mods.modlauncher@11.0.5
j  cpw.mods.modlauncher.Launcher.main([Ljava/lang/String;)V+123 cpw.mods.modlauncher@11.0.5
j  cpw.mods.modlauncher.BootstrapLaunchConsumer.accept([Ljava/lang/String;)V+1 cpw.mods.modlauncher@11.0.5
j  cpw.mods.modlauncher.BootstrapLaunchConsumer.accept(Ljava/lang/Object;)V+5 cpw.mods.modlauncher@11.0.5
j  cpw.mods.bootstraplauncher.BootstrapLauncher.run(Z[Ljava/lang/String;)V+703 cpw.mods.bootstraplauncher@2.0.2
j  cpw.mods.bootstraplauncher.BootstrapLauncher.main([Ljava/lang/String;)V+2 cpw.mods.bootstraplauncher@2.0.2
j  java.lang.invoke.LambdaForm$DMH+0x0000000800004000.invokeStatic(Ljava/lang/Object;Ljava/lang/Object;)V+10 java.base@21.0.7
j  java.lang.invoke.LambdaForm$MH+0x000000080010a000.invoke(Ljava/lang/Object;Ljava/lang/Object;Ljava/lang/Object;)Ljava/lang/Object;+33 java.base@21.0.7
J 1073 c1 java.lang.invoke.Invokers$Holder.invokeExact_MT(Ljava/lang/Object;Ljava/lang/Object;Ljava/lang/Object;Ljava/lang/Object;)Ljava/lang/Object; java.base@21.0.7 (24 bytes) @ 0x000001f118a28c4c [0x000001f118a285a0+0x00000000000006ac]
j  jdk.internal.reflect.DirectMethodHandleAccessor.invokeImpl(Ljava/lang/Object;[Ljava/lang/Object;)Ljava/lang/Object;+55 java.base@21.0.7
j  jdk.internal.reflect.DirectMethodHandleAccessor.invoke(Ljava/lang/Object;[Ljava/lang/Object;)Ljava/lang/Object;+23 java.base@21.0.7
j  java.lang.reflect.Method.invoke(Ljava/lang/Object;[Ljava/lang/Object;)Ljava/lang/Object;+102 java.base@21.0.7
j  io.github.zekerzhayard.forgewrapper.installer.Main.main([Ljava/lang/String;)V+569
j  java.lang.invoke.LambdaForm$DMH+0x0000000800004400.invokeStaticInit(Ljava/lang/Object;Ljava/lang/Object;)V+10 java.base@21.0.7
j  java.lang.invoke.LambdaForm$MH+0x0000000800004c00.invokeExact_MT(Ljava/lang/Object;Ljava/lang/Object;Ljava/lang/Object;)V+19 java.base@21.0.7
j  org.prismlauncher.launcher.impl.StandardLauncher.launch()V+253
j  org.prismlauncher.EntryPoint.listen()Lorg/prismlauncher/EntryPoint$ExitCode;+344
j  org.prismlauncher.EntryPoint.main([Ljava/lang/String;)V+0
v  ~StubRoutines::call_stub 0x000001f11fca10e7

siginfo: EXCEPTION_ACCESS_VIOLATION (0xc0000005), reading address 0x0000000000000000


Registers:
RAX=0x0000000000000000, RBX=0x0000000000000000, RCX=0x000001f1588e1530, RDX=0x0000000000000004
RSP=0x0000003980ffd308, RBP=0x0000000000000001, RSI=0x00000000000039f4, RDI=0x000001f1458502d8
R8 =0x0000000000000010, R9 =0x00000000000039f4, R10=0x0000000000000010, R11=0x0000000000000010
R12=0x000001f1588e1530, R13=0x0000000000000000, R14=0x0000000000000001, R15=0x000001f2356673f4
RIP=0x00007ffcfbff4cc0, EFLAGS=0x0000000000010202

XMM[0]=0x10c0000000000000 0x000000000000089d
XMM[1]=0x0000000000000000 0x0000000010c00000
XMM[2]=0x0000000000000000 0x0000000000000000
XMM[3]=0x0000000000000000 0x0000000000000000
XMM[4]=0x000039f0000039f0 0x000039f0000039f0
XMM[5]=0x0000000000000000 0x000000003c23d70a
XMM[6]=0x0000000000000000 0x0000000000000000
XMM[7]=0x0000000000000000 0x000000003f009e22
XMM[8]=0x0000000000000000 0x000000003e93acde
XMM[9]=0x0000000000000000 0x0000000080000000
XMM[10]=0x0000000000000000 0x0000000080000000
XMM[11]=0x0000000000000000 0x000000003f5e0401
XMM[12]=0x0000000000000000 0x0000000080000000
XMM[13]=0x0000000000000000 0x0000000000000000
XMM[14]=0x0000000000000000 0x00000000befee985
XMM[15]=0x0000000000000000 0x0000000080000000
  MXCSR=0x00001fbf


Register to memory mapping:

RAX=0x0 is null
RBX=0x0 is null
RCX=0x000001f1588e1530 points into unknown readable memory: 0x310c00e0007b0074 | 74 00 7b 00 e0 00 0c 31
RDX=0x0000000000000004 is an unknown value
RSP=0x0000003980ffd308 is pointing into the stack for thread: 0x000001f112912530
RBP=0x0000000000000001 is an unknown value
RSI=0x00000000000039f4 is an unknown value
RDI=0x000001f1458502d8 points into unknown readable memory: 0x0000000000000000 | 00 00 00 00 00 00 00 00
R8 =0x0000000000000010 is an unknown value
R9 =0x00000000000039f4 is an unknown value
R10=0x0000000000000010 is an unknown value
R11=0x0000000000000010 is an unknown value
R12=0x000001f1588e1530 points into unknown readable memory: 0x310c00e0007b0074 | 74 00 7b 00 e0 00 0c 31
R13=0x0 is null
R14=0x0000000000000001 is an unknown value
R15=0x000001f2356673f4 points into unknown readable memory: 89 04 00 80

Top of Stack: (sp=0x0000003980ffd308)
0x0000003980ffd308:   00007ffcfc0a10e4 0000000000000000
0x0000003980ffd318:   00007ffcfb490000 0000000000048710
0x0000003980ffd328:   000001f145780d30 00007ffcfcf39228
0x0000003980ffd338:   00007ffcfbf1de5e 0000000000000003
0x0000003980ffd348:   0000000100000001 0000000011149c40
0x0000003980ffd358:   00007ffcfdbdd870 000001f145788860
0x0000003980ffd368:   10c0000000000000 000001f1458502d8
0x0000003980ffd378:   00007ffcfbf1dabe 0000000000000000
0x0000003980ffd388:   0000000000000000 00000000000039f4
0x0000003980ffd398:   000001f145780d30 000001f1458502d8
0x0000003980ffd3a8:   000001f14e330000 00000000000056ee
0x0000003980ffd3b8:   00000000000056ee 0000000000001405
0x0000003980ffd3c8:   00007ffcfc092593 000001f14e330000
0x0000003980ffd3d8:   0000000000000000 00000000000039f4
0x0000003980ffd3e8:   000001f100000000 0000003900001400
0x0000003980ffd3f8:   0000000000000000 0000003980ffd410
0x0000003980ffd408:   0000003980ffd414 000039f400000000
0x0000003980ffd418:   000000000000089d 0000003980ffd4c0
0x0000003980ffd428:   ffff803c840bcfd8 000001f1458502d8
0x0000003980ffd438:   0000000000000000 00000000ffffffff
0x0000003980ffd448:   000001f145780d30 0000000000000200
0x0000003980ffd458:   0000000000000004 000001f14e330000
0x0000003980ffd468:   00007ffcfc093a7a 0000000000000000
0x0000003980ffd478:   0000000000000004 0000000000000000
0x0000003980ffd488:   0000000000000000 000001f1000056ee
0x0000003980ffd498:   00007ffc00001405 0000000000000000
0x0000003980ffd4a8:   0000000000000000 0000000000000000
0x0000003980ffd4b8:   00000001fb94f50d 000000000000089d
0x0000003980ffd4c8:   00c0000000000000 00007ffcfbae6250
0x0000003980ffd4d8:   0000000000000010 00000000000056ee
0x0000003980ffd4e8:   00007ffcfc067956 000001f14e330000
0x0000003980ffd4f8:   000001f14ae74bf0 000001f145780d30 

Instructions: (pc=0x00007ffcfbff4cc0)
0x00007ffcfbff4bc0:   0f b7 42 fc 89 01 0f b7 42 fe 89 41 04 0f b7 02
0x00007ffcfbff4bd0:   49 03 d2 89 41 08 48 83 c1 0c 41 83 e9 01 75 e0
0x00007ffcfbff4be0:   48 8b c1 c3 cc cc cc cc cc cc cc cc cc cc cc cc
0x00007ffcfbff4bf0:   4d 63 d0 48 83 c2 02 66 0f 1f 84 00 00 00 00 00
0x00007ffcfbff4c00:   0f be 42 fe 89 01 0f be 42 ff 89 41 04 0f be 02
0x00007ffcfbff4c10:   89 41 08 0f be 42 01 49 03 d2 89 41 0c 48 83 c1
0x00007ffcfbff4c20:   10 41 83 e9 01 75 d9 48 8b c1 c3 cc cc cc cc cc
0x00007ffcfbff4c30:   4d 63 d0 48 83 c2 02 66 0f 1f 84 00 00 00 00 00
0x00007ffcfbff4c40:   0f b6 42 fe 89 01 0f b6 42 ff 89 41 04 0f b6 02
0x00007ffcfbff4c50:   89 41 08 0f b6 42 01 49 03 d2 89 41 0c 48 83 c1
0x00007ffcfbff4c60:   10 41 83 e9 01 75 d9 48 8b c1 c3 cc cc cc cc cc
0x00007ffcfbff4c70:   4d 63 d0 48 83 c2 04 66 0f 1f 84 00 00 00 00 00
0x00007ffcfbff4c80:   0f bf 42 fc 89 01 0f bf 42 fe 89 41 04 0f bf 02
0x00007ffcfbff4c90:   89 41 08 0f bf 42 02 49 03 d2 89 41 0c 48 83 c1
0x00007ffcfbff4ca0:   10 41 83 e9 01 75 d9 48 8b c1 c3 cc cc cc cc cc
0x00007ffcfbff4cb0:   4d 63 d0 48 83 c2 04 66 0f 1f 84 00 00 00 00 00
0x00007ffcfbff4cc0:   0f b7 42 fc 89 01 0f b7 42 fe 89 41 04 0f b7 02
0x00007ffcfbff4cd0:   89 41 08 0f b7 42 02 49 03 d2 89 41 0c 48 83 c1
0x00007ffcfbff4ce0:   10 41 83 e9 01 75 d9 48 8b c1 c3 cc cc cc cc cc
0x00007ffcfbff4cf0:   4d 63 d0 8b 02 0f 57 c0 49 03 d2 f3 48 0f 2a c0
0x00007ffcfbff4d00:   f3 0f 11 01 48 83 c1 04 41 83 e9 01 75 e5 48 8b
0x00007ffcfbff4d10:   c1 c3 cc cc cc cc cc cc cc cc cc cc cc cc cc cc
0x00007ffcfbff4d20:   4d 63 d0 8b 02 0f 57 c0 0f 57 c9 f3 48 0f 2a c0
0x00007ffcfbff4d30:   f3 0f 11 01 8b 42 04 49 03 d2 f3 48 0f 2a c8 f3
0x00007ffcfbff4d40:   0f 11 49 04 48 83 c1 08 41 83 e9 01 75 d5 48 8b
0x00007ffcfbff4d50:   c1 c3 cc cc cc cc cc cc cc cc cc cc cc cc cc cc
0x00007ffcfbff4d60:   4d 63 d0 48 83 c2 08 66 0f 1f 84 00 00 00 00 00
0x00007ffcfbff4d70:   8b 42 f8 0f 57 c0 0f 57 c9 f3 48 0f 2a c0 f3 0f
0x00007ffcfbff4d80:   11 01 0f 57 c0 8b 42 fc f3 48 0f 2a c8 f3 0f 11
0x00007ffcfbff4d90:   49 04 8b 02 49 03 d2 f3 48 0f 2a c0 f3 0f 11 41
0x00007ffcfbff4da0:   08 48 83 c1 0c 41 83 e9 01 75 c5 48 8b c1 c3 cc
0x00007ffcfbff4db0:   4d 63 d0 48 83 c2 08 66 0f 1f 84 00 00 00 00 00 


Stack slot to memory mapping:

stack at sp + 0 slots: 0x00007ffcfc0a10e4 nvoglv64.dll
stack at sp + 1 slots: 0x0 is null
stack at sp + 2 slots: 0x00007ffcfb490000 nvoglv64.dll
stack at sp + 3 slots: 0x0000000000048710 is an unknown value
stack at sp + 4 slots: 0x000001f145780d30 points into unknown readable memory: 0x0000000000002000 | 00 20 00 00 00 00 00 00
stack at sp + 5 slots: 0x00007ffcfcf39228 nvoglv64.dll
stack at sp + 6 slots: 0x00007ffcfbf1de5e nvoglv64.dll
stack at sp + 7 slots: 0x0000000000000003 is an unknown value


Compiled method (n/a) 384457 6734     n 0       org.lwjgl.opengl.GL11C::nglDrawElements (native)
 total in heap  [0x000001f120872310,0x000001f1208726f0] = 992
 relocation     [0x000001f120872470,0x000001f1208724a8] = 56
 main code      [0x000001f1208724c0,0x000001f1208726e5] = 549
 stub code      [0x000001f1208726e5,0x000001f1208726e8] = 3
 oops           [0x000001f1208726e8,0x000001f1208726f0] = 8

[Constant Pool (empty)]

[MachCode]
[Entry Point]
  # {method} {0x000001f142be7758} 'nglDrawElements' '(IIIJ)V' in 'org/lwjgl/opengl/GL11C'
  # parm0:    rdx       = int
  # parm1:    r8        = int
  # parm2:    r9        = int
  # parm3:    rdi:rdi   = long
  #           [sp+0x80]  (sp of caller)
  0x000001f1208724c0: 448b 5208 | 49bb 0000 | 0000 0800 | 0000 4d03 | d349 3bc2 | 0f84 0600 

  0x000001f1208724d8: ;   {runtime_call ic_miss_stub}
  0x000001f1208724d8: 0000 e9a1 | c447 ff90 
[Verified Entry Point]
  0x000001f1208724e0: 8984 2400 | 80ff ff55 | 488b ec48 | 83ec 7090 | 4181 7f20 | a200 0000 

  0x000001f1208724f8: ;   {runtime_call StubRoutines (final stubs)}
  0x000001f1208724f8: 7405 e8c1 | 3746 ff48 | 897c 2428 | 4c89 4c24 | 204d 8bc8 

  0x000001f12087250c: ;   {oop(a 'java/lang/Class'{0x000000040f4cc980} = 'org/lwjgl/opengl/GL11C')}
  0x000001f12087250c: 4c8b c249 | be80 c94c | 0f04 0000 | 004c 8974 | 2460 4c8d | 7424 6049 | 8bd6 c5f8 

  0x000001f120872528: ;   {internal_word}
  0x000001f120872528: 7749 ba26 | 2587 20f1 | 0100 004d | 8997 a003 | 0000 4989 | a798 0300 

  0x000001f120872540: ;   {external_word}
  0x000001f120872540: 0049 ba2f | dc36 e4fc | 7f00 0041 | 803a 000f | 844e 0000 | 0052 4150 

  0x000001f120872558: ;   {metadata({method} {0x000001f142be7758} 'nglDrawElements' '(IIIJ)V' in 'org/lwjgl/opengl/GL11C')}
  0x000001f120872558: 4151 48ba | 5077 be42 | f101 0000 | 498b cf48 | 83ec 2040 | f6c4 0f0f | 8419 0000 | 0048 83ec 
  0x000001f120872578: ;   {runtime_call}
  0x000001f120872578: 0848 b830 | bbe0 e3fc | 7f00 00ff | d048 83c4 | 08e9 0c00 

  0x000001f12087258c: ;   {runtime_call}
  0x000001f12087258c: 0000 48b8 | 30bb e0e3 | fc7f 0000 | ffd0 4883 | c420 4159 | 4158 5a49 | 8d8f b803 | 0000 41c7 
  0x000001f1208725ac: 8744 0400 | 0004 0000 

  0x000001f1208725b4: ;   {runtime_call}
  0x000001f1208725b4: 0048 b8e0 | c661 ddfd | 7f00 00ff | d0c5 f877 | 41c7 8744 | 0400 0005 | 0000 00f0 | 8344 24c0 
  0x000001f1208725d4: 0049 3baf | 4804 0000 | 0f87 0e00 | 0000 4183 | bf40 0400 | 0000 0f84 | 2300 0000 | c5f8 7749 
  0x000001f1208725f4: 8bcf 4c8b | e448 83ec | 2048 83e4 

  0x000001f120872600: ;   {runtime_call}
  0x000001f120872600: f048 b8f0 | 27ac e3fc | 7f00 00ff | d049 8be4 | 4d33 e441 | c787 4404 | 0000 0800 | 0000 4183 
  0x000001f120872620: bfc0 0400 | 0002 0f84 | 9400 0000 

  0x000001f12087262c: ;   {external_word}
  0x000001f12087262c: 49ba 2fdc | 36e4 fc7f | 0000 4180 | 3a00 0f84 | 4400 0000 

  0x000001f120872640: ;   {metadata({method} {0x000001f142be7758} 'nglDrawElements' '(IIIJ)V' in 'org/lwjgl/opengl/GL11C')}
  0x000001f120872640: 48ba 5077 | be42 f101 | 0000 498b | cf48 83ec | 2040 f6c4 | 0f0f 8419 | 0000 0048 

  0x000001f12087265c: ;   {runtime_call}
  0x000001f12087265c: 83ec 0848 | b830 bbe0 | e3fc 7f00 | 00ff d048 | 83c4 08e9 | 0c00 0000 

  0x000001f120872674: ;   {runtime_call}
  0x000001f120872674: 48b8 30bb | e0e3 fc7f | 0000 ffd0 | 4883 c420 | 49c7 8798 | 0300 0000 | 0000 0049 | c787 a003 
  0x000001f120872694: 0000 0000 | 0000 c5f8 | 7749 8b8f | 2804 0000 | c781 0001 | 0000 0000 | 0000 c949 | 837f 0800 
  0x000001f1208726b4: 0f85 0100 

  0x000001f1208726b8: ;   {runtime_call StubRoutines (initial stubs)}
  0x000001f1208726b8: 0000 c3e9 | 40e8 42ff | c5f8 774c | 8be4 4883 | ec20 4883 

  0x000001f1208726cc: ;   {runtime_call}
  0x000001f1208726cc: e4f0 48b8 | 00f3 e0e3 | fc7f 0000 | ffd0 498b | e44d 33e4 | e947 ffff | fff4 f4f4 
[/MachCode]


Compiled method (c2) 384464 18299       4       org.lwjgl.opengl.GL11C::glDrawElements (8 bytes)
 total in heap  [0x000001f12094fa10,0x000001f12094fca8] = 664
 relocation     [0x000001f12094fb70,0x000001f12094fb90] = 32
 main code      [0x000001f12094fba0,0x000001f12094fc08] = 104
 stub code      [0x000001f12094fc08,0x000001f12094fc30] = 40
 oops           [0x000001f12094fc30,0x000001f12094fc38] = 8
 metadata       [0x000001f12094fc38,0x000001f12094fc40] = 8
 scopes data    [0x000001f12094fc40,0x000001f12094fc58] = 24
 scopes pcs     [0x000001f12094fc58,0x000001f12094fc88] = 48
 dependencies   [0x000001f12094fc88,0x000001f12094fc90] = 8
 handler table  [0x000001f12094fc90,0x000001f12094fca8] = 24

[Constant Pool (empty)]

[MachCode]
[Verified Entry Point]
  # {method} {0x000001f142be7840} 'glDrawElements' '(IIIJ)V' in 'org/lwjgl/opengl/GL11C'
  # parm0:    rdx       = int
  # parm1:    r8        = int
  # parm2:    r9        = int
  # parm3:    rdi:rdi   = long
  #           [sp+0x20]  (sp of caller)
  0x000001f12094fba0: 8984 2400 | 80ff ff55 | 4883 ec10 | 4181 7f20 | a200 0000 | 0f85 4400 

  0x000001f12094fbb8: ;   {static_call}
  0x000001f12094fbb8: 0000 90e8 

  0x000001f12094fbbc: ; ImmutableOopMap {}
                      ;*invokestatic nglDrawElements {reexecute=0 rethrow=0 return_oop=0}
                      ; - org.lwjgl.opengl.GL11C::glDrawElements@4 (line 543)
  0x000001f12094fbbc: 2029 f2ff 

  0x000001f12094fbc0: ;   {other}
  0x000001f12094fbc0: 0f1f 8400 | b001 0000 | 4883 c410 

  0x000001f12094fbcc: ;   {poll_return}
  0x000001f12094fbcc: 5d49 3ba7 | 4804 0000 | 0f87 0e00 | 0000 c348 | 8bd0 4883 

  0x000001f12094fbe0: ;   {runtime_call _rethrow_Java}
  0x000001f12094fbe0: c410 5de9 | 9814 48ff 

  0x000001f12094fbe8: ;   {internal_word}
  0x000001f12094fbe8: 49ba cdfb | 9420 f101 | 0000 4d89 | 9760 0400 

  0x000001f12094fbf8: ;   {runtime_call SafepointBlob}
  0x000001f12094fbf8: 00e9 826f 

  0x000001f12094fbfc: ;   {runtime_call StubRoutines (final stubs)}
  0x000001f12094fbfc: 3aff e8bd | 6038 ffe9 | b2ff ffff 
[Stub Code]
  0x000001f12094fc08: ;   {no_reloc}
  0x000001f12094fc08: 48bb 0000 | 0000 0000 

  0x000001f12094fc10: ;   {runtime_call nmethod}
  0x000001f12094fc10: 0000 e9fb 

  0x000001f12094fc14: ;   {runtime_call ExceptionBlob}
  0x000001f12094fc14: ffff ffe9 | e492 47ff 
[Deopt Handler Code]
  0x000001f12094fc1c: e800 0000 | 0048 832c 

  0x000001f12094fc24: ;   {runtime_call DeoptimizationBlob}
  0x000001f12094fc24: 2405 e9f5 | 833a fff4 | f4f4 f4f4 
[/MachCode]


Compiled method (c2) 384466 87606       4       com.seibel.distanthorizons.common.render.openGl.terrain.GlDhTerrainShaderProgram_neoforge::render (406 bytes)
 total in heap  [0x000001f1231cd810,0x000001f1231d0808] = 12280
 relocation     [0x000001f1231cd970,0x000001f1231cdc28] = 696
 constants      [0x000001f1231cdc40,0x000001f1231cdc60] = 32
 main code      [0x000001f1231cdc60,0x000001f1231ceef8] = 4760
 stub code      [0x000001f1231ceef8,0x000001f1231cefd0] = 216
 oops           [0x000001f1231cefd0,0x000001f1231cf018] = 72
 metadata       [0x000001f1231cf018,0x000001f1231cf2a8] = 656
 scopes data    [0x000001f1231cf2a8,0x000001f1231cfe70] = 3016
 scopes pcs     [0x000001f1231cfe70,0x000001f1231d0420] = 1456
 dependencies   [0x000001f1231d0420,0x000001f1231d04b8] = 152
 handler table  [0x000001f1231d04b8,0x000001f1231d0740] = 648
 nul chk table  [0x000001f1231d0740,0x000001f1231d0808] = 200


[Constant Pool]
             Address          hex4                    hex8      
  0x000001f1231cdc40:   0x00000000      0x3ff8000000000000      
  0x000001f1231cdc44:   0x3ff80000                              
  0x000001f1231cdc48:   0xf4f4f4f4      0xf4f4f4f4f4f4f4f4      
  0x000001f1231cdc4c:   0xf4f4f4f4                              
  0x000001f1231cdc50:   0xf4f4f4f4      0xf4f4f4f4f4f4f4f4      
  0x000001f1231cdc54:   0xf4f4f4f4                              
  0x000001f1231cdc58:   0xf4f4f4f4      0xf4f4f4f4f4f4f4f4      
  0x000001f1231cdc5c:   0xf4f4f4f4                              

[MachCode]
[Entry Point]
  # {method} {0x000001f1b43960d8} 'render' '(Lcom/seibel/distanthorizons/core/render/RenderParams;ZLcom/seibel/distanthorizons/core/util/objects/SortedArraySet;Lcom/seibel/distanthorizons/core/wrapperInterfaces/minecraft/IProfilerWrapper;)V' in 'com/seibel/distanthorizons/common/render/openGl/terrain/GlDhTerrainShaderProgram_neoforge'
  # this:     rdx:rdx   = 'com/seibel/distanthorizons/common/render/openGl/terrain/GlDhTerrainShaderProgram_neoforge'
  # parm0:    r8:r8     = 'com/seibel/distanthorizons/core/render/RenderParams'
  # parm1:    r9        = boolean
  # parm2:    rdi:rdi   = 'com/seibel/distanthorizons/core/util/objects/SortedArraySet'
  # parm3:    rsi:rsi   = 'com/seibel/distanthorizons/core/wrapperInterfaces/minecraft/IProfilerWrapper'
  #           [sp+0x80]  (sp of caller)
  0x000001f1231cdc60: ;   {no_reloc}
  0x000001f1231cdc60: 448b 5208 | 49bb 0000 | 0000 0800 | 0000 4d03 | d349 3bc2 

  0x000001f1231cdc74: ;   {runtime_call ic_miss_stub}
  0x000001f1231cdc74: 0f85 060d | b2fc 6690 | 0f1f 4000 
[Verified Entry Point]
  0x000001f1231cdc80: 8984 2400 | 80ff ff55 | 4883 ec70 | 4181 7f20 | a200 0000 | 0f85 4f12 | 0000 4889 | 7c24 3044 
  0x000001f1231cdca0: 894c 2428 | 4c89 4424 

  0x000001f1231cdca8: ;   {oop(a 'java/lang/Class'{0x0000000424b41328} = 'com/seibel/distanthorizons/core/config/Config$Client$Advanced$Debugging')}
  0x000001f1231cdca8: 2049 ba28 | 13b4 2404 | 0000 0045 | 8b92 8400 | 0000 430f | b66c d40d | 85ed 0f84 | a80d 0000 
  0x000001f1231cdcc8: 438b 6cd4 | 3c85 ed0f | 85b3 0d00 | 0043 8b6c | d41c 458b 

  0x000001f1231cdcdc: ;   {metadata('java/lang/Boolean')}
  0x000001f1231cdcdc: 5cec 0841 | 81fb e073 | 0500 0f85 | bc0e 0000 | 4d8d 14ec | 410f b66a | 0c85 ed0f | 85a3 0d00 
  0x000001f1231cdcfc: 00ba 0804 | 0000 4d8b | 9780 0300 | 0049 8b2a | 41b8 021b 

  0x000001f1231cdd10: ;   {static_call}
  0x000001f1231cdd10: 0000 90e8 

  0x000001f1231cdd14: ; ImmutableOopMap {rbp=Oop [32]=Oop [48]=Oop }
                      ;*invokestatic glPolygonMode {reexecute=0 rethrow=0 return_oop=0}
                      ; - org.lwjgl.opengl.GL11::glPolygonMode@2 (line 4987)
                      ; - com.seibel.distanthorizons.common.render.openGl.terrain.GlDhTerrainShaderProgram_neoforge::render@43 (line 276)
  0x000001f1231cdd14: c8d5 1dfe 

  0x000001f1231cdd18: ;   {other}
  0x000001f1231cdd18: 0f1f 8400 | 0805 0000 | ba44 0b00 

  0x000001f1231cdd24: ;   {static_call}
  0x000001f1231cdd24: 0066 90e8 

  0x000001f1231cdd28: ; ImmutableOopMap {rbp=Oop [32]=Oop [48]=Oop }
                      ;*invokestatic glEnable {reexecute=0 rethrow=0 return_oop=0}
                      ; - org.lwjgl.opengl.GL11::glEnable@1 (line 724)
                      ; - com.seibel.distanthorizons.common.wrappers.minecraft.MinecraftGLWrapper::enableFaceCulling@3 (line 192)
                      ; - com.seibel.distanthorizons.common.render.openGl.terrain.GlDhTerrainShaderProgram_neoforge::render@49 (line 277)
  0x000001f1231cdd28: b429 c6fd 

  0x000001f1231cdd2c: ;   {other}
  0x000001f1231cdd2c: 0f1f 8400 | 1c05 0001 

  0x000001f1231cdd34: ;   {oop(a 'java/lang/Class'{0x000000041f7fcbb0} = 'com/mojang/blaze3d/systems/RenderSystem')}
  0x000001f1231cdd34: 49ba b0cb | 7f1f 0400 | 0000 458b | 5a7c 4d8b | d349 c1e2 | 034c 8bc5 | 493b ea0f | 8547 0c00 
  0x000001f1231cdd54: ;   {oop(a 'com/mojang/blaze3d/platform/GlStateManager$CullState'{0x000000041fdb88d0})}
  0x000001f1231cdd54: 0049 bad0 | 88db 1f04 | 0000 0045 | 8b52 1043 | 0fb6 6cd4 | 1185 ed0f | 8543 0d00 | 0047 0fb6 
  0x000001f1231cdd74: 5cd4 1041 | 83fb 0174 | 1e49 8be8 | 43c6 44d4 | 1001 438b 

  0x000001f1231cdd88: ;   {static_call}
  0x000001f1231cdd88: 54d4 0ce8 

  0x000001f1231cdd8c: ; ImmutableOopMap {rbp=Oop [32]=Oop [48]=Oop }
                      ;*invokestatic glEnable {reexecute=0 rethrow=0 return_oop=0}
                      ; - org.lwjgl.opengl.GL11::glEnable@1 (line 724)
                      ; - com.mojang.blaze3d.platform.GlStateManager$BooleanState::setEnabled@49 (line 777)
                      ; - com.mojang.blaze3d.platform.GlStateManager$BooleanState::enable@2 (line 769)
                      ; - com.mojang.blaze3d.platform.GlStateManager::_enableCull@9 (line 438)
                      ; - com.seibel.distanthorizons.common.wrappers.minecraft.MinecraftGLWrapper::enableFaceCulling@6 (line 193)
                      ; - com.seibel.distanthorizons.common.render.openGl.terrain.GlDhTerrainShaderProgram_neoforge::render@49 (line 277)
  0x000001f1231cdd8c: f01a b2fc 

  0x000001f1231cdd90: ;   {other}
  0x000001f1231cdd90: 0f1f 8400 | 8005 0002 | 4c8b c5ba | e20b 0000 | 448b 5424 | 2845 85d2 | 0f84 9c00 | 0000 4c89 
  0x000001f1231cddb0: ;   {static_call}
  0x000001f1231cddb0: 4424 38e8 

  0x000001f1231cddb4: ; ImmutableOopMap {[32]=Oop [48]=Oop [56]=Oop }
                      ;*invokestatic glDisable {reexecute=0 rethrow=0 return_oop=0}
                      ; - org.lwjgl.opengl.GL11::glDisable@1 (line 737)
                      ; - com.seibel.distanthorizons.common.wrappers.minecraft.MinecraftGLWrapper::disableBlend@3 (line 137)
                      ; - com.seibel.distanthorizons.common.render.openGl.terrain.GlDhTerrainShaderProgram_neoforge::render@96 (line 289)
  0x000001f1231cddb4: 28eb 44fd 

  0x000001f1231cddb8: ;   {other}
  0x000001f1231cddb8: 0f1f 8400 | a805 0003 

  0x000001f1231cddc0: ;   {oop(a 'java/lang/Class'{0x0000000425028570} = 'net/irisshaders/iris/gl/blending/BlendModeStorage')}
  0x000001f1231cddc0: 49ba 7085 | 0225 0400 | 0000 410f | b66a 7585 | ed0f 85a5 

  0x000001f1231cddd4: ;   {oop(a 'java/lang/Class'{0x000000041f7fcbb0} = 'com/mojang/blaze3d/systems/RenderSystem')}
  0x000001f1231cddd4: 0d00 0049 | bab0 cb7f | 1f04 0000 | 0045 8b5a | 7c4d 8bd3 | 49c1 e203 | 4c8b 4424 | 384d 3bc2 
  0x000001f1231cddf4: 0f85 4a0c 

  0x000001f1231cddf8: ;   {oop(a 'com/mojang/blaze3d/platform/GlStateManager$BlendState'{0x000000041fdb8930})}
  0x000001f1231cddf8: 0000 49ba | 3089 db1f | 0400 0000 | 458b 521c 

  0x000001f1231cde08: ; implicit exception: dispatches to 0x000001f1231cee00
  0x000001f1231cde08: 430f b66c | d411 85ed | 0f85 7a0d | 0000 470f | b65c d410 | 4585 db74 | 1c47 8864 | d410 438b 
  0x000001f1231cde28: ;   {static_call}
  0x000001f1231cde28: 54d4 0ce8 

  0x000001f1231cde2c: ; ImmutableOopMap {[32]=Oop [48]=Oop [56]=Oop }
                      ;*invokestatic glDisable {reexecute=0 rethrow=0 return_oop=0}
                      ; - org.lwjgl.opengl.GL11::glDisable@1 (line 737)
                      ; - com.mojang.blaze3d.platform.GlStateManager$BooleanState::setEnabled@59 (line 779)
                      ; - com.mojang.blaze3d.platform.GlStateManager$BooleanState::disable@2 (line 765)
                      ; - com.mojang.blaze3d.platform.GlStateManager::_disableBlend@32 (line 91)
                      ; - com.seibel.distanthorizons.common.wrappers.minecraft.MinecraftGLWrapper::disableBlend@6 (line 138)
                      ; - com.seibel.distanthorizons.common.render.openGl.terrain.GlDhTerrainShaderProgram_neoforge::render@96 (line 289)
  0x000001f1231cde2c: 501a b2fc 

  0x000001f1231cde30: ;   {other}
  0x000001f1231cde30: 0f1f 8400 | 2006 0004 | 4c8b 4424 | 3849 8be8 | 448b 4424 | 28e9 6a02 | 0000 4c89 

  0x000001f1231cde4c: ;   {static_call}
  0x000001f1231cde4c: 4424 28e8 

  0x000001f1231cde50: ; ImmutableOopMap {[32]=Oop [40]=Oop [48]=Oop }
                      ;*invokestatic glEnable {reexecute=0 rethrow=0 return_oop=0}
                      ; - org.lwjgl.opengl.GL11::glEnable@1 (line 724)
                      ; - com.seibel.distanthorizons.common.wrappers.minecraft.MinecraftGLWrapper::enableBlend@3 (line 131)
                      ; - com.seibel.distanthorizons.common.render.openGl.terrain.GlDhTerrainShaderProgram_neoforge::render@59 (line 282)
  0x000001f1231cde50: 8c28 c6fd 

  0x000001f1231cde54: ;   {other}
  0x000001f1231cde54: 0f1f 8400 | 4406 0005 

  0x000001f1231cde5c: ;   {oop(a 'java/lang/Class'{0x0000000425028570} = 'net/irisshaders/iris/gl/blending/BlendModeStorage')}
  0x000001f1231cde5c: 49ba 7085 | 0225 0400 | 0000 410f | b66a 7585 | ed0f 8585 

  0x000001f1231cde70: ;   {oop(a 'java/lang/Class'{0x000000041f7fcbb0} = 'com/mojang/blaze3d/systems/RenderSystem')}
  0x000001f1231cde70: 0c00 0049 | bab0 cb7f | 1f04 0000 | 0045 8b52 | 7c49 c1e2 | 034c 8b5c | 2428 4d3b | da0f 854d 
  0x000001f1231cde90: ;   {oop(a 'com/mojang/blaze3d/platform/GlStateManager$BlendState'{0x000000041fdb8930})}
  0x000001f1231cde90: 0b00 0049 | ba30 89db | 1f04 0000 | 0045 8b42 | 1c43 0fb6 | 6cc4 1185 | ed0f 855d | 0c00 0047 
  0x000001f1231cdeb0: 0fb6 54c4 | 1041 83fa | 0175 0549 | 8beb eb1c | 498b eb43 | c644 c410 | 0143 8b54 

  0x000001f1231cdecc: ;   {static_call}
  0x000001f1231cdecc: c40c 90e8 

  0x000001f1231cded0: ; ImmutableOopMap {rbp=Oop [32]=Oop [48]=Oop }
                      ;*invokestatic glEnable {reexecute=0 rethrow=0 return_oop=0}
                      ; - org.lwjgl.opengl.GL11::glEnable@1 (line 724)
                      ; - com.mojang.blaze3d.platform.GlStateManager$BooleanState::setEnabled@49 (line 777)
                      ; - com.mojang.blaze3d.platform.GlStateManager$BooleanState::enable@2 (line 769)
                      ; - com.mojang.blaze3d.platform.GlStateManager::_enableBlend@32 (line 96)
                      ; - com.seibel.distanthorizons.common.wrappers.minecraft.MinecraftGLWrapper::enableBlend@6 (line 132)
                      ; - com.seibel.distanthorizons.common.render.openGl.terrain.GlDhTerrainShaderProgram_neoforge::render@59 (line 282)
  0x000001f1231cded0: ac19 b2fc 

  0x000001f1231cded4: ;   {other}
  0x000001f1231cded4: 0f1f 8400 | c406 0006 | ba71 0b00 

  0x000001f1231cdee0: ;   {static_call}
  0x000001f1231cdee0: 0066 90e8 

  0x000001f1231cdee4: ; ImmutableOopMap {rbp=Oop [32]=Oop [48]=Oop }
                      ;*invokestatic glEnable {reexecute=0 rethrow=0 return_oop=0}
                      ; - org.lwjgl.opengl.GL11::glEnable@1 (line 724)
                      ; - com.seibel.distanthorizons.common.wrappers.minecraft.MinecraftGLWrapper::enableDepthTest@3 (line 95)
                      ; - com.seibel.distanthorizons.common.render.openGl.terrain.GlDhTerrainShaderProgram_neoforge::render@65 (line 283)
  0x000001f1231cdee4: f827 c6fd 

  0x000001f1231cdee8: ;   {other}
  0x000001f1231cdee8: 0f1f 8400 | d806 0007 

  0x000001f1231cdef0: ;   {oop(a 'java/lang/Class'{0x000000041f7fcbb0} = 'com/mojang/blaze3d/systems/RenderSystem')}
  0x000001f1231cdef0: 49ba b0cb | 7f1f 0400 | 0000 410f | b68a fc00 | 0000 458b | 527c 49c1 | e203 85c9 | 0f85 6e09 
  0x000001f1231cdf10: 0000 4c8b | c549 3bea | 0f85 f20a 

  0x000001f1231cdf1c: ;   {oop(a 'com/mojang/blaze3d/platform/GlStateManager$DepthState'{0x000000041fdb8900})}
  0x000001f1231cdf1c: 0000 49bb | 0089 db1f | 0400 0000 | 458b 5b14 

  0x000001f1231cdf2c: ; implicit exception: dispatches to 0x000001f1231cedec
  0x000001f1231cdf2c: 430f b66c | dc11 85ed | 0f85 f60b | 0000 85c9 | 7509 4d3b | c20f 85e1 | 0a00 0047 | 0fb6 54dc 
  0x000001f1231cdf4c: 1041 83fa | 0175 074c | 8944 2428 | eb1e 4c89 | 4424 2843 | c644 dc10 | 0143 8b54 

  0x000001f1231cdf68: ;   {static_call}
  0x000001f1231cdf68: dc0c 90e8 

  0x000001f1231cdf6c: ; ImmutableOopMap {[32]=Oop [40]=Oop [48]=Oop }
                      ;*invokestatic glEnable {reexecute=0 rethrow=0 return_oop=0}
                      ; - org.lwjgl.opengl.GL11::glEnable@1 (line 724)
                      ; - com.mojang.blaze3d.platform.GlStateManager$BooleanState::setEnabled@49 (line 777)
                      ; - com.mojang.blaze3d.platform.GlStateManager$BooleanState::enable@2 (line 769)
                      ; - com.mojang.blaze3d.platform.GlStateManager::_enableDepthTest@9 (line 70)
                      ; - com.seibel.distanthorizons.common.wrappers.minecraft.MinecraftGLWrapper::enableDepthTest@6 (line 96)
                      ; - com.seibel.distanthorizons.common.render.openGl.terrain.GlDhTerrainShaderProgram_neoforge::render@65 (line 283)
  0x000001f1231cdf6c: 1019 b2fc 

  0x000001f1231cdf70: ;   {other}
  0x000001f1231cdf70: 0f1f 8400 | 6007 0008 | ba06 8000 

  0x000001f1231cdf7c: ;   {static_call}
  0x000001f1231cdf7c: 0066 90e8 

  0x000001f1231cdf80: ; ImmutableOopMap {[32]=Oop [40]=Oop [48]=Oop }
                      ;*invokestatic glBlendEquation {reexecute=0 rethrow=0 return_oop=0}
                      ; - org.lwjgl.opengl.GL14::glBlendEquation@1 (line 196)
                      ; - com.seibel.distanthorizons.common.render.openGl.terrain.GlDhTerrainShaderProgram_neoforge::render@71 (line 284)
  0x000001f1231cdf80: 5c1a b4fe 

  0x000001f1231cdf84: ;   {other}
  0x000001f1231cdf84: 0f1f 8400 | 7407 0009 | ba02 0300 | 0041 b803 | 0300 0041 | b901 0000 | 00bf 0303 

  0x000001f1231cdfa0: ;   {static_call}
  0x000001f1231cdfa0: 0000 90e8 

  0x000001f1231cdfa4: ; ImmutableOopMap {[32]=Oop [40]=Oop [48]=Oop }
                      ;*invokestatic glBlendFuncSeparate {reexecute=0 rethrow=0 return_oop=0}
                      ; - org.lwjgl.opengl.GL14::glBlendFuncSeparate@4 (line 777)
                      ; - com.seibel.distanthorizons.common.wrappers.minecraft.MinecraftGLWrapper::glBlendFuncSeparate@5 (line 153)
                      ; - com.seibel.distanthorizons.common.render.openGl.terrain.GlDhTerrainShaderProgram_neoforge::render@87 (line 285)
  0x000001f1231cdfa4: b890 54fe 

  0x000001f1231cdfa8: ;   {other}
  0x000001f1231cdfa8: 0f1f 8400 | 9807 000a 

  0x000001f1231cdfb0: ;   {oop(a 'java/lang/Class'{0x0000000425028570} = 'net/irisshaders/iris/gl/blending/BlendModeStorage')}
  0x000001f1231cdfb0: 49ba 7085 | 0225 0400 | 0000 410f | b66a 7585 | ed0f 858d 

  0x000001f1231cdfc4: ;   {oop(a 'java/lang/Class'{0x000000041f7fcbb0} = 'com/mojang/blaze3d/systems/RenderSystem')}
  0x000001f1231cdfc4: 0b00 0049 | bab0 cb7f | 1f04 0000 | 0045 8b5a | 7c4d 8bd3 | 49c1 e203 | 4c8b 5c24 | 284d 3bda 
  0x000001f1231cdfe4: 0f85 0e0a 

  0x000001f1231cdfe8: ;   {oop(a 'com/mojang/blaze3d/platform/GlStateManager$BlendState'{0x000000041fdb8930})}
  0x000001f1231cdfe8: 0000 49ba | 3089 db1f | 0400 0000 | 458b 520c | 4181 fa02 | 0300 0075 

  0x000001f1231ce000: ;   {oop(a 'com/mojang/blaze3d/platform/GlStateManager$BlendState'{0x000000041fdb8930})}
  0x000001f1231ce000: 4249 ba30 | 89db 1f04 | 0000 0045 | 8b52 1041 | 81fa 0303 | 0000 752b 

  0x000001f1231ce018: ;   {oop(a 'com/mojang/blaze3d/platform/GlStateManager$BlendState'{0x000000041fdb8930})}
  0x000001f1231ce018: 49ba 3089 | db1f 0400 | 0000 458b | 5214 4183 | fa01 7517 

  0x000001f1231ce02c: ;   {oop(a 'com/mojang/blaze3d/platform/GlStateManager$BlendState'{0x000000041fdb8930})}
  0x000001f1231ce02c: 49ba 3089 | db1f 0400 | 0000 458b | 5218 4181 | fa03 0300 

  0x000001f1231ce040: ;   {oop(a 'com/mojang/blaze3d/platform/GlStateManager$BlendState'{0x000000041fdb8930})}
  0x000001f1231ce040: 0074 5249 | ba30 89db | 1f04 0000 | 0041 c742 | 1803 0300 | 0041 c742 | 1401 0000 | 0041 c742 
  0x000001f1231ce060: 1003 0300 | 0041 c742 | 0c02 0300 | 00ba 0203 | 0000 41b8 | 0303 0000 | 41b9 0100 | 0000 bf03 
  0x000001f1231ce080: ;   {static_call}
  0x000001f1231ce080: 0300 00e8 

  0x000001f1231ce084: ; ImmutableOopMap {[32]=Oop [40]=Oop [48]=Oop }
                      ;*invokestatic glBlendFuncSeparate {reexecute=0 rethrow=0 return_oop=0}
                      ; - org.lwjgl.opengl.GL14::glBlendFuncSeparate@4 (line 777)
                      ; - com.mojang.blaze3d.platform.GlStateManager::glBlendFuncSeparate@7 (line 403)
                      ; - com.mojang.blaze3d.platform.GlStateManager::_blendFuncSeparate@105 (line 115)
                      ; - com.seibel.distanthorizons.common.wrappers.minecraft.MinecraftGLWrapper::glBlendFuncSeparate@13 (line 154)
                      ; - com.seibel.distanthorizons.common.render.openGl.terrain.GlDhTerrainShaderProgram_neoforge::render@87 (line 285)
  0x000001f1231ce084: f817 b2fc 

  0x000001f1231ce088: ;   {other}
  0x000001f1231ce088: 0f1f 8400 | 7808 000b | 4c8b 5c24 

  0x000001f1231ce094: ;   {oop(a 'java/lang/Class'{0x000000041fdb7d20} = 'com/mojang/blaze3d/platform/GlStateManager')}
  0x000001f1231ce094: 2849 ba20 | 7ddb 1f04 | 0000 0041 | 8baa 9400 | 0000 85ed | 0f85 ba0a | 0000 4533 | c049 8beb 
  0x000001f1231ce0b4: 4489 4424 | 38ba 440b 

  0x000001f1231ce0bc: ;   {static_call}
  0x000001f1231ce0bc: 0000 90e8 

  0x000001f1231ce0c0: ; ImmutableOopMap {rbp=Oop [32]=Oop [48]=Oop }
                      ;*invokestatic glEnable {reexecute=0 rethrow=0 return_oop=0}
                      ; - org.lwjgl.opengl.GL11::glEnable@1 (line 724)
                      ; - com.seibel.distanthorizons.common.wrappers.minecraft.MinecraftGLWrapper::enableFaceCulling@3 (line 192)
                      ; - com.seibel.distanthorizons.common.render.openGl.terrain.GlDhTerrainShaderProgram_neoforge::render@108 (line 305)
  0x000001f1231ce0c0: 1c26 c6fd 

  0x000001f1231ce0c4: ;   {other}
  0x000001f1231ce0c4: 0f1f 8400 | b408 000c 

  0x000001f1231ce0cc: ;   {oop(a 'java/lang/Class'{0x000000041f7fcbb0} = 'com/mojang/blaze3d/systems/RenderSystem')}
  0x000001f1231ce0cc: 49ba b0cb | 7f1f 0400 | 0000 458b | 527c 49c1 | e203 493b | ea0f 85e1 

  0x000001f1231ce0e4: ;   {oop(a 'com/mojang/blaze3d/platform/GlStateManager$CullState'{0x000000041fdb88d0})}
  0x000001f1231ce0e4: 0800 0049 | bad0 88db | 1f04 0000 | 0045 8b5a | 1043 0fb6 | 6cdc 1185 | ed0f 85c9 | 0900 0047 
  0x000001f1231ce104: 0fb6 54dc | 1041 83fa | 0174 1943 | c644 dc10 | 0143 8b54 

  0x000001f1231ce118: ;   {static_call}
  0x000001f1231ce118: dc0c 90e8 

  0x000001f1231ce11c: ; ImmutableOopMap {[32]=Oop [48]=Oop }
                      ;*invokestatic glEnable {reexecute=0 rethrow=0 return_oop=0}
                      ; - org.lwjgl.opengl.GL11::glEnable@1 (line 724)
                      ; - com.mojang.blaze3d.platform.GlStateManager$BooleanState::setEnabled@49 (line 777)
                      ; - com.mojang.blaze3d.platform.GlStateManager$BooleanState::enable@2 (line 769)
                      ; - com.mojang.blaze3d.platform.GlStateManager::_enableCull@9 (line 438)
                      ; - com.seibel.distanthorizons.common.wrappers.minecraft.MinecraftGLWrapper::enableFaceCulling@6 (line 193)
                      ; - com.seibel.distanthorizons.common.render.openGl.terrain.GlDhTerrainShaderProgram_neoforge::render@108 (line 305)
  0x000001f1231ce11c: 6017 b2fc 

  0x000001f1231ce120: ;   {other}
  0x000001f1231ce120: 0f1f 8400 | 1009 000d | 488b 5c24 | 3044 8b4b | 0c43 8b6c | cc10 85ed | 0f8e 7405 | 0000 4c8b 
  0x000001f1231ce140: 5c24 204d | 85db 0f84 | 3c08 0000 | 33c9 e9e6 

  0x000001f1231ce150: ;   {oop(a 'com/seibel/distanthorizons/common/render/openGl/GlDhRenderApiDefinition_neoforge'{0x000000042500a490})}
  0x000001f1231ce150: 0000 0049 | ba90 a400 | 2504 0000 | 0041 0fb6 | 6a0c 85ed | 0f84 f607 

  0x000001f1231ce168: ;   {oop(a 'java/lang/Class'{0x000000042bbc9678} = 'com/seibel/distanthorizons/common/render/openGl/glObject/buffer/GLVertexBuffer')}
  0x000001f1231ce168: 0000 49ba | 7896 bc2b | 0400 0000 | 458b 5a74 

  0x000001f1231ce178: ; implicit exception: dispatches to 0x000001f1231ced58
  0x000001f1231ce178: 478b 4cdc | 1cba 0400 | 0000 448b | 4424 5033 

  0x000001f1231ce188: ;   {static_call}
  0x000001f1231ce188: ff66 90e8 

  0x000001f1231ce18c: ; ImmutableOopMap {[40]=Oop [48]=Oop [56]=NarrowOop [64]=Oop [72]=Oop }
                      ;*invokestatic glDrawElements {reexecute=0 rethrow=0 return_oop=0}
                      ; - org.lwjgl.opengl.GL11::glDrawElements@4 (line 1870)
                      ; - com.seibel.distanthorizons.common.render.openGl.terrain.GlDhTerrainShaderProgram_neoforge::render@357 (line 350)
  0x000001f1231ce18c: 101a 78fd 

  0x000001f1231ce190: ;   {other}
  0x000001f1231ce190: 0f1f 8400 | 8009 000e | ba92 8800 | 0045 33c0 

  0x000001f1231ce1a0: ;   {static_call}
  0x000001f1231ce1a0: 6666 90e8 

  0x000001f1231ce1a4: ; ImmutableOopMap {[40]=Oop [48]=Oop [56]=NarrowOop [64]=Oop [72]=Oop }
                      ;*invokestatic glBindBuffer {reexecute=0 rethrow=0 return_oop=0}
                      ; - org.lwjgl.opengl.GL15::glBindBuffer@2 (line 129)
                      ; - com.seibel.distanthorizons.common.render.openGl.glObject.buffer.GLBuffer::unbind@5 (line 97)
                      ; - com.seibel.distanthorizons.common.render.openGl.terrain.GlDhTerrainShaderProgram_neoforge::render@362 (line 355)
  0x000001f1231ce1a4: b8e5 62fd 

  0x000001f1231ce1a8: ;   {other}
  0x000001f1231ce1a8: 0f1f 8400 | 9809 000f 

  0x000001f1231ce1b0: ;   {oop(a 'com/seibel/distanthorizons/common/render/openGl/GlDhRenderApiDefinition_neoforge'{0x000000042500a490})}
  0x000001f1231ce1b0: 49ba 90a4 | 0025 0400 | 0000 410f | b66a 0c85 | ed0f 84ad 

  0x000001f1231ce1c4: ;   {oop(a 'java/lang/Class'{0x000000042bbc9678} = 'com/seibel/distanthorizons/common/render/openGl/glObject/buffer/GLVertexBuffer')}
  0x000001f1231ce1c4: 0700 0049 | ba78 96bc | 2b04 0000 | 0045 3b62 | 740f 8425 | 0700 00ba | 9388 0000 

  0x000001f1231ce1e0: ;   {static_call}
  0x000001f1231ce1e0: 4533 c0e8 

  0x000001f1231ce1e4: ; ImmutableOopMap {[40]=Oop [48]=Oop [56]=NarrowOop [64]=Oop }
                      ;*invokestatic glBindBuffer {reexecute=0 rethrow=0 return_oop=0}
                      ; - org.lwjgl.opengl.GL15::glBindBuffer@2 (line 129)
                      ; - com.seibel.distanthorizons.common.render.openGl.glObject.buffer.GLBuffer::unbind@5 (line 97)
                      ; - com.seibel.distanthorizons.common.render.openGl.terrain.GlDhTerrainShaderProgram_neoforge::render@370 (line 356)
  0x000001f1231ce1e4: 78e5 62fd 

  0x000001f1231ce1e8: ;   {other}
  0x000001f1231ce1e8: 0f1f 8400 | d809 0010 | 448b 4424 | 5441 ffc0 | 443b 4424 | 3c0f 8c4c | 0300 0044 | 8b54 2424 
  0x000001f1231ce208: 4d8b 8750 | 0400 0048 | 8b5c 2430 | 448b 4b0c | 8b4c 2420 

  0x000001f1231ce21c: ; ImmutableOopMap {r9=NarrowOop rbx=Oop [40]=Oop [48]=Oop }
                      ;*goto {reexecute=1 rethrow=0 return_oop=0}
                      ; - (reexecute) com.seibel.distanthorizons.common.render.openGl.terrain.GlDhTerrainShaderProgram_neoforge::render@382 (line 311)
                      ;   {poll}
  0x000001f1231ce21c: ffc1 4185 | 0047 8b5c | cc10 413b | cb0f 8d83 | 0400 004c | 8b5c 2428 | 4489 5424 | 3847 8b44 
  0x000001f1231ce23c: cc10 4585 | c00f 8ca9 | 0500 0041 | 3bc8 0f83 | 4105 0000 | 4889 5c24 | 304c 895c | 2428 478b 
  0x000001f1231ce25c: 4ccc 1444 | 8bc1 478b | 5ccc 0c45 | 3bc3 0f83 | 5005 0000 | 4f8d 14cc | 478b 5482 | 1047 8b5c 
  0x000001f1231ce27c: ;   {metadata('com/seibel/distanthorizons/core/dataObjects/render/bufferBuilding/LodBufferContainer')}
  0x000001f1231ce27c: d408 4181 | fb10 1b92 | 020f 8531 | 0900 0044 | 8944 2420 | 4d8b 87b8 | 0100 004c | 8b5c 2428 
  0x000001f1231ce29c: 458b 4b54 | 4489 4c24 | 244d 8bd8 | 4983 c318 | 49c1 e203 | 4c89 5424 | 404d 3b9f | c801 0000 
  0x000001f1231ce2bc: 0f83 8804 | 0000 4d89 | 9fb8 0100 | 0041 0f18 | 8300 0100 | 0049 c700 | 0100 0000 | 4d8b d049 
  0x000001f1231ce2dc: ;   {metadata('com/seibel/distanthorizons/core/util/math/Vec3f')}
  0x000001f1231ce2dc: 83c2 1041 | c740 08e8 | f9bf 0245 | 8960 0cc5 | fdef c0c4 | c179 d602 | 4c89 4424 | 484c 8b54 
  0x000001f1231ce2fc: 2440 458b | 5218 478b | 44d4 0c44 | 8b5c 2424 

  0x000001f1231ce30c: ; implicit exception: dispatches to 0x000001f1231cec58
  0x000001f1231ce30c: c481 7b10 | 44dc 1045 | 8bcb c481 | 7b10 4ccc 

  0x000001f1231ce31c: ;   {oop(a 'com/seibel/distanthorizons/common/render/openGl/GlDhMetaRenderer_neoforge'{0x000000042500adf8})}
  0x000001f1231ce31c: 2049 bbf8 | ad00 2504 | 0000 0041 | 8b6b 30c4 | 817b 1054 | cc18 478b | 5cd4 1447 | 8b4c d410 
  0x000001f1231ce33c: c4c1 796e | d8c5 fae6 | dbc5 e35c | c0c4 c179 | 6ed9 c5fa | e6db c4c1 | 796e e3c5 | fae6 e4c5 
  0x000001f1231ce35c: e35c d2c5 | db5c c9c5 | fb5a c04c | 8b54 2448 | c4c1 7a11 | 420c c5f3 | 5ac9 c4c1 | 7a11 4a14 
  0x000001f1231ce37c: c5fb 5ac2 | c4c1 7a11 | 4210 458b 

  0x000001f1231ce388: ;   {metadata('com/seibel/distanthorizons/common/render/openGl/terrain/GlDhTerrainShaderProgram_neoforge')}
  0x000001f1231ce388: 5cec 0841 | 81fb 48f4 | bf02 0f85 | 8804 0000 | 4d8d 14ec | 4c89 5424 | 5041 0fb6 | 6a44 85ed 
  0x000001f1231ce3a8: 0f84 f704 | 0000 418b 

  0x000001f1231ce3b0: ;   {static_call}
  0x000001f1231ce3b0: 520c 90e8 

  0x000001f1231ce3b4: ; ImmutableOopMap {[40]=Oop [48]=Oop [64]=Oop [72]=Oop [80]=Oop }
                      ;*invokestatic glUseProgram {reexecute=0 rethrow=0 return_oop=0}
                      ; - org.lwjgl.opengl.GL20::glUseProgram@1 (line 398)
                      ; - com.seibel.distanthorizons.common.render.openGl.glObject.shader.GlShaderProgram::bind@4 (line 99)
                      ; - com.seibel.distanthorizons.common.render.openGl.terrain.GlDhTerrainShaderProgram_neoforge::bind@5 (line 174)
                      ; - com.seibel.distanthorizons.common.render.openGl.terrain.GlDhTerrainShaderProgram_neoforge::render@207 (line 323)
  0x000001f1231ce3b4: a8d5 7dfd 

  0x000001f1231ce3b8: ;   {other}
  0x000001f1231ce3b8: 0f1f 8400 | a80b 0012 | 4c8b 5424 | 5045 8b52 | 4843 8b54 

  0x000001f1231ce3cc: ;   {static_call}
  0x000001f1231ce3cc: d40c 90e8 

  0x000001f1231ce3d0: ; ImmutableOopMap {[40]=Oop [48]=Oop [64]=Oop [72]=Oop }
                      ;*invokestatic glBindVertexArray {reexecute=0 rethrow=0 return_oop=0}
                      ; - org.lwjgl.opengl.GL30::glBindVertexArray@1 (line 2283)
                      ; - com.seibel.distanthorizons.common.render.openGl.glObject.vertexAttribute.GlAbstractVertexAttribute::bind@4 (line 67)
                      ; - com.seibel.distanthorizons.common.render.openGl.terrain.GlDhTerrainShaderProgram_neoforge::bind@12 (line 175)
                      ; - com.seibel.distanthorizons.common.render.openGl.terrain.GlDhTerrainShaderProgram_neoforge::render@207 (line 323)
  0x000001f1231ce3d0: 8cdb 63fd 

  0x000001f1231ce3d4: ;   {other}
  0x000001f1231ce3d4: 0f1f 8400 | c40b 0013 

  0x000001f1231ce3dc: ;   {oop(a 'com/seibel/distanthorizons/common/render/openGl/GlDhMetaRenderer_neoforge'{0x000000042500adf8})}
  0x000001f1231ce3dc: 49ba f8ad | 0025 0400 | 0000 418b | 6a30 458b 

  0x000001f1231ce3ec: ;   {metadata('com/seibel/distanthorizons/common/render/openGl/terrain/GlDhTerrainShaderProgram_neoforge')}
  0x000001f1231ce3ec: 54ec 0841 | 81fa 48f4 | bf02 0f85 | 5404 0000 | 4c8b 5424 | 48c4 c17a | 1042 0cc4 | c17a 104a 
  0x000001f1231ce40c: 10c4 c17a | 1052 144d | 8d14 ec41 

  0x000001f1231ce418: ;   {static_call}
  0x000001f1231ce418: 8b52 14e8 

  0x000001f1231ce41c: ; ImmutableOopMap {[40]=Oop [48]=Oop [64]=Oop [72]=Oop }
                      ;*invokestatic glUniform3f {reexecute=0 rethrow=0 return_oop=0}
                      ; - org.lwjgl.opengl.GL20::glUniform3f@4 (line 456)
                      ; - com.seibel.distanthorizons.common.render.openGl.glObject.shader.GlShaderProgram::setUniform@13 (line 184)
                      ; - com.seibel.distanthorizons.common.render.openGl.terrain.GlDhTerrainShaderProgram_neoforge::setModelOffsetPos@13 (line 244)
                      ; - com.seibel.distanthorizons.common.render.openGl.terrain.GlDhTerrainShaderProgram_neoforge::render@220 (line 324)
  0x000001f1231ce41c: 409f aefd 

  0x000001f1231ce420: ;   {other}
  0x000001f1231ce420: 0f1f 8400 | 100c 0014 | 498b 87b8 | 0100 004c | 8bd0 4983 | c240 4d3b | 97c8 0100 | 000f 832d 
  0x000001f1231ce440: 0300 004d | 8997 b801 | 0000 410f | 1882 0001 | 0000 48c7 | 0001 0000 | 004c 8bd0 | 4983 c210 
  0x000001f1231ce460: ;   {metadata('com/seibel/distanthorizons/api/methods/events/abstractEvents/DhApiBeforeBufferRenderEvent$EventParam')}
  0x000001f1231ce460: c740 08f0 | d5c5 0244 | 8960 0cc5 | fdef c062 | d1fe 287f | 0262 d1fe | 087f 4202 | 488b e848 
  0x000001f1231ce480: 8bd5 4c8b 

  0x000001f1231ce484: ;   {optimized virtual_call}
  0x000001f1231ce484: 4424 28e8 

  0x000001f1231ce488: ; ImmutableOopMap {rbp=Oop [40]=Oop [48]=Oop [64]=Oop [72]=Oop }
                      ;*invokespecial <init> {reexecute=0 rethrow=0 return_oop=0}
                      ; - com.seibel.distanthorizons.api.methods.events.abstractEvents.DhApiBeforeBufferRenderEvent$EventParam::<init>@2 (line 67)
                      ; - com.seibel.distanthorizons.common.render.openGl.terrain.GlDhTerrainShaderProgram_neoforge::render@237 (line 326)
  0x000001f1231ce488: b4da 99fd 

  0x000001f1231ce48c: ;   {other}
  0x000001f1231ce48c: 0f1f 8400 | 7c0c 0015 | 4180 7f40 | 000f 8526 | 0200 004c | 8bd5 4c8b | 5c24 4849 | c1eb 0344 
  0x000001f1231ce4ac: 895d 384c | 8b5c 2448 | 4d33 da49 | c1eb 174d | 85db 741a | 49c1 ea09 | 48b9 0000 | 6228 f101 
  0x000001f1231ce4cc: 0000 4903 | ca80 3902 | 0f85 2202 

  0x000001f1231ce4d8: ;   {oop(a 'com/seibel/distanthorizons/coreapi/DependencyInjection/ApiEventInjector'{0x000000041f964538})}
  0x000001f1231ce4d8: 0000 48ba | 3845 961f | 0400 0000 

  0x000001f1231ce4e4: ;   {oop(a 'java/lang/Class'{0x00000004249cce18} = 'com/seibel/distanthorizons/api/methods/events/abstractEvents/DhApiBeforeBufferRenderEvent')}
  0x000001f1231ce4e4: 49b8 18ce | 9c24 0400 | 0000 4c8b 

  0x000001f1231ce4f0: ;   {optimized virtual_call}
  0x000001f1231ce4f0: cd66 90e8 

  0x000001f1231ce4f4: ; ImmutableOopMap {[40]=Oop [48]=Oop [64]=Oop }
                      ;*invokevirtual fireAllEvents {reexecute=0 rethrow=0 return_oop=0}
                      ; - com.seibel.distanthorizons.common.render.openGl.terrain.GlDhTerrainShaderProgram_neoforge::render@240 (line 326)
  0x000001f1231ce4f4: 683a 22fe 

  0x000001f1231ce4f8: ;   {other}
  0x000001f1231ce4f8: 0f1f 8400 | e80c 0016 | 4c8b 5424 | 4045 8b5a | 1c45 8b42 | 2044 8b54 | 2438 4585 | d245 0f45 
  0x000001f1231ce518: c347 8b4c | c40c 4585 | c90f 86e1 | fcff ff44 | 894c 243c | 4489 4424 | 3844 8954 | 2424 458d 
  0x000001f1231ce538: 59ff 453b | d90f 839d | 0300 004f | 8d14 c44c | 8954 2440 | 4533 c04c | 8b54 2440 | 438b 6c82 
  0x000001f1231ce558: 1045 8b5c 

  0x000001f1231ce55c: ;   {metadata('com/seibel/distanthorizons/common/render/openGl/glObject/buffer/GLVertexBuffer')}
  0x000001f1231ce55c: ec08 4181 | fbb8 d7b9 | 020f 8575 | 0600 004d | 8d14 ec4c | 8954 2448 | 458b 5218 | 4585 d20f 
  0x000001f1231ce57c: 8474 fcff | ff44 8944 | 2454 4c8b | 5c24 4845 | 8b43 0cc4 | c179 6ec2 | c5fa e6c0 

  0x000001f1231ce598: ;   {section_word}
  0x000001f1231ce598: c5fb 5905 | a0f6 ffff | c57b 2cd8 | 4181 fb00 | 0000 800f | 8423 0900 | 0044 895c | 2450 ba92 
  0x000001f1231ce5b8: ;   {static_call}
  0x000001f1231ce5b8: 8800 00e8 

  0x000001f1231ce5bc: ; ImmutableOopMap {[40]=Oop [48]=Oop [56]=NarrowOop [64]=Oop [72]=Oop }
                      ;*invokestatic glBindBuffer {reexecute=0 rethrow=0 return_oop=0}
                      ; - org.lwjgl.opengl.GL15::glBindBuffer@2 (line 129)
                      ; - com.seibel.distanthorizons.common.render.openGl.glObject.buffer.GLBuffer::bind@8 (line 96)
                      ; - com.seibel.distanthorizons.common.render.openGl.terrain.GlDhTerrainShaderProgram_neoforge::render@318 (line 346)
  0x000001f1231ce5bc: a0e1 62fd 

  0x000001f1231ce5c0: ;   {other}
  0x000001f1231ce5c0: 0f1f 8400 | b00d 0017 

  0x000001f1231ce5c8: ;   {oop(a 'com/seibel/distanthorizons/common/render/openGl/GlDhRenderApiDefinition_neoforge'{0x000000042500a490})}
  0x000001f1231ce5c8: 49ba 90a4 | 0025 0400 | 0000 410f | b66a 0c85 | ed0f 846d 

  0x000001f1231ce5dc: ;   {oop(a 'java/lang/Class'{0x000000042bbc9678} = 'com/seibel/distanthorizons/common/render/openGl/glObject/buffer/GLVertexBuffer')}
  0x000001f1231ce5dc: 0300 0049 | ba78 96bc | 2b04 0000 | 0045 8b52 | 7447 8b44 | d40c ba93 

  0x000001f1231ce5f4: ;   {static_call}
  0x000001f1231ce5f4: 8800 00e8 

  0x000001f1231ce5f8: ; ImmutableOopMap {[40]=Oop [48]=Oop [56]=NarrowOop [64]=Oop [72]=Oop }
                      ;*invokestatic glBindBuffer {reexecute=0 rethrow=0 return_oop=0}
                      ; - org.lwjgl.opengl.GL15::glBindBuffer@2 (line 129)
                      ; - com.seibel.distanthorizons.common.render.openGl.glObject.buffer.GLBuffer::bind@8 (line 96)
                      ; - com.seibel.distanthorizons.common.render.openGl.terrain.GlDhTerrainShaderProgram_neoforge::render@326 (line 347)
  0x000001f1231ce5f8: 64e1 62fd 

  0x000001f1231ce5fc: ;   {other}
  0x000001f1231ce5fc: 0f1f 8400 | ec0d 0018 

  0x000001f1231ce604: ;   {oop(a 'com/seibel/distanthorizons/common/render/openGl/GlDhMetaRenderer_neoforge'{0x000000042500adf8})}
  0x000001f1231ce604: 49ba f8ad | 0025 0400 | 0000 418b | 6a30 4c8b | 5424 4845 | 8b52 0c44 | 8954 2458 

  0x000001f1231ce620: ; implicit exception: dispatches to 0x000001f1231ced28
  0x000001f1231ce620: 458b 54ec 

  0x000001f1231ce624: ;   {metadata('com/seibel/distanthorizons/common/render/openGl/terrain/GlDhTerrainShaderProgram_neoforge')}
  0x000001f1231ce624: 0841 81fa | 48f4 bf02 | 0f85 e202 | 0000 4d8d | 14ec 418b | 6a48 458b 

  0x000001f1231ce63c: ;   {metadata('com/seibel/distanthorizons/common/render/openGl/glObject/vertexAttribute/GlVertexAttributePostGL43')}
  0x000001f1231ce63c: 5cec 0841 | 81fb 0000 | c002 0f85 | e402 0000 | 48c1 e503 | 448b 5510 | 4585 d20f | 8ef6 faff 
  0x000001f1231ce65c: ff45 33d2 | 4489 5424 | 5c66 6666 | 0f1f 8400 | 0000 0000 | 8b7d 148b | 5424 5c44 | 8b44 2458 
  0x000001f1231ce67c: ;   {static_call}
  0x000001f1231ce67c: 4533 c9e8 

  0x000001f1231ce680: ; ImmutableOopMap {rbp=Oop [40]=Oop [48]=Oop [56]=NarrowOop [64]=Oop [72]=Oop }
                      ;*invokestatic glBindVertexBuffer {reexecute=0 rethrow=0 return_oop=0}
                      ; - org.lwjgl.opengl.GL43::glBindVertexBuffer@5 (line 1953)
                      ; - com.seibel.distanthorizons.common.render.openGl.glObject.vertexAttribute.GlVertexAttributePostGL43::bindBufferToAllBindingPoints@17 (line 71)
                      ; - com.seibel.distanthorizons.common.render.openGl.terrain.GlDhTerrainShaderProgram_neoforge::bindVertexBuffer@5 (line 192)
                      ; - com.seibel.distanthorizons.common.render.openGl.terrain.GlDhTerrainShaderProgram_neoforge::render@340 (line 349)
  0x000001f1231ce680: dc61 1dfe 

  0x000001f1231ce684: ;   {other}
  0x000001f1231ce684: 0f1f 8400 | 740e 0019 | 4d8b 9750 | 0400 0044 | 8b45 1044 | 8b5c 245c 

  0x000001f1231ce69c: ; ImmutableOopMap {rbp=Oop [40]=Oop [48]=Oop [56]=NarrowOop [64]=Oop [72]=Oop }
                      ;*goto {reexecute=1 rethrow=0 return_oop=0}
                      ; - (reexecute) com.seibel.distanthorizons.common.render.openGl.glObject.vertexAttribute.GlVertexAttributePostGL43::bindBufferToAllBindingPoints@23 (line 69)
                      ; - com.seibel.distanthorizons.common.render.openGl.terrain.GlDhTerrainShaderProgram_neoforge::bindVertexBuffer@5 (line 192)
                      ; - com.seibel.distanthorizons.common.render.openGl.terrain.GlDhTerrainShaderProgram_neoforge::render@340 (line 349)
                      ;   {poll}
  0x000001f1231ce69c: 41ff c341 | 8502 453b | d80f 8da8 | faff ff44 | 895c 245c | ebbe 4883 

  0x000001f1231ce6b4: ;   {poll_return}
  0x000001f1231ce6b4: c470 5d49 | 3ba7 4804 | 0000 0f87 | fa07 0000 | c344 8b5d | 3845 85db | 0f84 cdfd | ffff 4d8b 
  0x000001f1231ce6d4: 5728 498b | cb48 c1e1 | 034d 85d2 | 0f84 a201 | 0000 4d8b | 5f38 4b89 | 4c13 f849 | 83c2 f84d 
  0x000001f1231ce6f4: 8957 28e9 | a3fd ffff | 4d8b 5758 | 4d8b 5f48 | f083 4424 | c000 8039 | 000f 84c7 | fdff ff44 
  0x000001f1231ce714: 8821 4d85 | db75 1d49 | 8bd7 49ba | d06e 9fe3 | fc7f 0000 

  0x000001f1231ce728: ;   {other}
  0x000001f1231ce728: 41ff d20f | 1f84 0000 | 0000 00e9 | a2fd ffff | 4b89 4c1a | f849 83c3 | f84d 895f | 48e9 90fd 
  0x000001f1231ce748: ;   {metadata('com/seibel/distanthorizons/core/util/math/Vec3f')}
  0x000001f1231ce748: ffff 48ba | e8f9 bf02 | 0800 0000 | 488b 6c24 

  0x000001f1231ce758: ;   {runtime_call _new_instance_Java}
  0x000001f1231ce758: 2866 90e8 

  0x000001f1231ce75c: ; ImmutableOopMap {rbp=Oop [36]=NarrowOop [40]=Oop [48]=Oop [64]=Oop }
                      ;*new {reexecute=0 rethrow=0 return_oop=1}
                      ; - com.seibel.distanthorizons.common.render.openGl.terrain.GlDhTerrainShaderProgram_neoforge::render@144 (line 318)
  0x000001f1231ce75c: 209e bffc 

  0x000001f1231ce760: ;   {other}
  0x000001f1231ce760: 0f1f 8400 | 500f 001b | 4c8b c0e9 | 84fb ffff 

  0x000001f1231ce770: ;   {metadata('com/seibel/distanthorizons/api/methods/events/abstractEvents/DhApiBeforeBufferRenderEvent$EventParam')}
  0x000001f1231ce770: 48ba f0d5 | c502 0800 | 0000 488b 

  0x000001f1231ce77c: ;   {runtime_call _new_instance_Java}
  0x000001f1231ce77c: 6c24 28e8 

  0x000001f1231ce780: ; ImmutableOopMap {rbp=Oop [40]=Oop [48]=Oop [64]=Oop [72]=Oop }
                      ;*new {reexecute=0 rethrow=0 return_oop=1}
                      ; - com.seibel.distanthorizons.common.render.openGl.terrain.GlDhTerrainShaderProgram_neoforge::render@230 (line 326)
  0x000001f1231ce780: fc9d bffc 

  0x000001f1231ce784: ;   {other}
  0x000001f1231ce784: 0f1f 8400 | 740f 001c | e9eb fcff | ffba e4ff | ffff 4489 | 4c24 2089 | 4c24 2489 | 4c24 2844 
  0x000001f1231ce7a4: 8944 242c | 4c89 5c24 | 3048 895c 

  0x000001f1231ce7b0: ;   {runtime_call UncommonTrapBlob}
  0x000001f1231ce7b0: 2440 90e8 

  0x000001f1231ce7b4: ; ImmutableOopMap {[32]=NarrowOop [48]=Oop [64]=Oop }
                      ;*invokestatic checkIndex {reexecute=0 rethrow=0 return_oop=0}
                      ; - java.util.Objects::checkIndex@3 (line 385)
                      ; - java.util.ArrayList::get@5 (line 427)
                      ; - com.seibel.distanthorizons.core.util.objects.SortedArraySet::get@5 (line 63)
                      ; - com.seibel.distanthorizons.common.render.openGl.terrain.GlDhTerrainShaderProgram_neoforge::render@130 (line 313)
  0x000001f1231ce7b4: 4895 b2fc 

  0x000001f1231ce7b8: ;   {other}
  0x000001f1231ce7b8: 0f1f 8400 | a80f 001d | bae4 ffff | ff8b e944 | 8944 2420 | 4889 4424 | f88b 4424 | 3889 4424 
  0x000001f1231ce7d8: 2448 8b44 | 24f8 4489 

  0x000001f1231ce7e0: ;   {runtime_call UncommonTrapBlob}
  0x000001f1231ce7e0: 4c24 38e8 

  0x000001f1231ce7e4: ; ImmutableOopMap {[40]=Oop [48]=Oop [56]=NarrowOop }
                      ;*aaload {reexecute=0 rethrow=0 return_oop=0}
                      ; - java.util.ArrayList::elementData@5 (line 411)
                      ; - java.util.ArrayList::get@11 (line 428)
                      ; - com.seibel.distanthorizons.core.util.objects.SortedArraySet::get@5 (line 63)
                      ; - com.seibel.distanthorizons.common.render.openGl.terrain.GlDhTerrainShaderProgram_neoforge::render@130 (line 313)
  0x000001f1231ce7e4: 1895 b2fc 

  0x000001f1231ce7e8: ;   {other}
  0x000001f1231ce7e8: 0f1f 8400 | d80f 001e | bacc ffff | ff44 894c | 2420 894c | 2424 894c | 2428 4489 | 4424 2c4c 
  0x000001f1231ce808: 895c 2430 | 4889 5c24 

  0x000001f1231ce810: ;   {runtime_call UncommonTrapBlob}
  0x000001f1231ce810: 4066 90e8 

  0x000001f1231ce814: ; ImmutableOopMap {[32]=NarrowOop [48]=Oop [64]=Oop }
                      ;*invokestatic checkIndex {reexecute=0 rethrow=0 return_oop=0}
                      ; - java.util.Objects::checkIndex@3 (line 385)
                      ; - java.util.ArrayList::get@5 (line 427)
                      ; - com.seibel.distanthorizons.core.util.objects.SortedArraySet::get@5 (line 63)
                      ; - com.seibel.distanthorizons.common.render.openGl.terrain.GlDhTerrainShaderProgram_neoforge::render@130 (line 313)
  0x000001f1231ce814: e894 b2fc 

  0x000001f1231ce818: ;   {other}
  0x000001f1231ce818: 0f1f 8400 | 0810 001f | bade ffff | ff48 8944 | 24f8 8b44 | 2438 8944 | 2424 488b | 4424 f848 
  0x000001f1231ce838: ff74 2440 | 488f 4424 

  0x000001f1231ce840: ;   {runtime_call UncommonTrapBlob}
  0x000001f1231ce840: 3866 90e8 

  0x000001f1231ce844: ; ImmutableOopMap {rbp=NarrowOop [40]=Oop [48]=Oop [56]=Oop [72]=Oop }
                      ;*invokeinterface bind {reexecute=0 rethrow=0 return_oop=0}
                      ; - com.seibel.distanthorizons.common.render.openGl.terrain.GlDhTerrainShaderProgram_neoforge::render@207 (line 323)
  0x000001f1231ce844: b894 b2fc 

  0x000001f1231ce848: ;   {other}
  0x000001f1231ce848: 0f1f 8400 | 3810 0020 | bade ffff | ff48 8944 | 24f8 8b44 | 2438 8944 | 2424 488b | 4424 f848 
  0x000001f1231ce868: ff74 2440 | 488f 4424 

  0x000001f1231ce870: ;   {runtime_call UncommonTrapBlob}
  0x000001f1231ce870: 3866 90e8 

  0x000001f1231ce874: ; ImmutableOopMap {rbp=NarrowOop [40]=Oop [48]=Oop [56]=Oop [72]=Oop }
                      ;*invokeinterface setModelOffsetPos {reexecute=0 rethrow=0 return_oop=0}
                      ; - com.seibel.distanthorizons.common.render.openGl.terrain.GlDhTerrainShaderProgram_neoforge::render@220 (line 324)
  0x000001f1231ce874: 8894 b2fc 

  0x000001f1231ce878: ;   {other}
  0x000001f1231ce878: 0f1f 8400 | 6810 0021 | 4c8b c5e9 | 96f6 ffff | 498b d749 | baf0 6e9f | e3fc 7f00 | 0041 ffd2 
  0x000001f1231ce898: ;   {other}
  0x000001f1231ce898: 0f1f 8400 | 0000 0000 | e9fa fbff | ffba 45ff | ffff 4889 | 4424 f88b | 4424 3889 | 4424 2448 
  0x000001f1231ce8b8: 8b44 24f8 | 48ff 7424 | 4048 8f44 | 2438 48ff | 7424 4848 | 8f44 2440 

  0x000001f1231ce8d0: ;   {runtime_call UncommonTrapBlob}
  0x000001f1231ce8d0: 6666 90e8 

  0x000001f1231ce8d4: ; ImmutableOopMap {[40]=Oop [48]=Oop [56]=Oop [64]=Oop [80]=Oop }
                      ;*ifeq {reexecute=1 rethrow=0 return_oop=0}
                      ; - (reexecute) com.seibel.distanthorizons.common.render.openGl.terrain.GlDhTerrainShaderProgram_neoforge::tryInit@4 (line 98)
                      ; - com.seibel.distanthorizons.common.render.openGl.terrain.GlDhTerrainShaderProgram_neoforge::bind@1 (line 173)
                      ; - com.seibel.distanthorizons.common.render.openGl.terrain.GlDhTerrainShaderProgram_neoforge::render@207 (line 323)
  0x000001f1231ce8d4: 2894 b2fc 

  0x000001f1231ce8d8: ;   {other}
  0x000001f1231ce8d8: 0f1f 8400 | c810 0022 | ba76 ffff | ff8b 6c24 | 2044 8954 | 2420 4489 

  0x000001f1231ce8f0: ;   {runtime_call UncommonTrapBlob}
  0x000001f1231ce8f0: 4424 24e8 

  0x000001f1231ce8f4: ; ImmutableOopMap {[36]=NarrowOop [40]=Oop [48]=Oop }
                      ;*if_icmpge {reexecute=1 rethrow=0 return_oop=0}
                      ; - (reexecute) com.seibel.distanthorizons.common.render.openGl.terrain.GlDhTerrainShaderProgram_neoforge::render@271 (line 330)
  0x000001f1231ce8f4: 0894 b2fc 

  0x000001f1231ce8f8: ;   {other}
  0x000001f1231ce8f8: 0f1f 8400 | e810 0023 | baf6 ffff 

  0x000001f1231ce904: ;   {runtime_call UncommonTrapBlob}
  0x000001f1231ce904: ff66 90e8 

  0x000001f1231ce908: ; ImmutableOopMap {}
                      ;*invokevirtual unbind {reexecute=0 rethrow=0 return_oop=0}
                      ; - com.seibel.distanthorizons.common.render.openGl.terrain.GlDhTerrainShaderProgram_neoforge::render@370 (line 356)
  0x000001f1231ce908: f493 b2fc 

  0x000001f1231ce90c: ;   {other}
  0x000001f1231ce90c: 0f1f 8400 | fc10 0024 | bade ffff | ff48 ff74 | 2448 488f 

  0x000001f1231ce920: ;   {runtime_call UncommonTrapBlob}
  0x000001f1231ce920: 4424 40e8 

  0x000001f1231ce924: ; ImmutableOopMap {rbp=NarrowOop [40]=Oop [48]=Oop [56]=NarrowOop [64]=Oop }
                      ;*invokeinterface bindVertexBuffer {reexecute=0 rethrow=0 return_oop=0}
                      ; - com.seibel.distanthorizons.common.render.openGl.terrain.GlDhTerrainShaderProgram_neoforge::render@340 (line 349)
  0x000001f1231ce924: d893 b2fc 

  0x000001f1231ce928: ;   {other}
  0x000001f1231ce928: 0f1f 8400 | 1811 0025 | ba37 ffff | ff48 ff74 | 2448 488f 

  0x000001f1231ce93c: ;   {runtime_call UncommonTrapBlob}
  0x000001f1231ce93c: 4424 40e8 

  0x000001f1231ce940: ; ImmutableOopMap {rbp=NarrowOop [40]=Oop [48]=Oop [56]=NarrowOop [64]=Oop }
                      ;*invokevirtual bindBufferToAllBindingPoints {reexecute=0 rethrow=0 return_oop=0}
                      ; - com.seibel.distanthorizons.common.render.openGl.terrain.GlDhTerrainShaderProgram_neoforge::bindVertexBuffer@5 (line 192)
                      ; - com.seibel.distanthorizons.common.render.openGl.terrain.GlDhTerrainShaderProgram_neoforge::render@340 (line 349)
  0x000001f1231ce940: bc93 b2fc 

  0x000001f1231ce944: ;   {other}
  0x000001f1231ce944: 0f1f 8400 | 3411 0026 | ba45 ffff 

  0x000001f1231ce950: ;   {runtime_call UncommonTrapBlob}
  0x000001f1231ce950: ff66 90e8 

  0x000001f1231ce954: ; ImmutableOopMap {[40]=Oop [48]=Oop [56]=NarrowOop [72]=Oop }
                      ;*ifeq {reexecute=1 rethrow=0 return_oop=0}
                      ; - (reexecute) com.seibel.distanthorizons.common.render.openGl.glObject.buffer.GLVertexBuffer::getQuadIBO@6 (line 59)
                      ; - com.seibel.distanthorizons.common.render.openGl.terrain.GlDhTerrainShaderProgram_neoforge::render@323 (line 347)
  0x000001f1231ce954: a893 b2fc 

  0x000001f1231ce958: ;   {other}
  0x000001f1231ce958: 0f1f 8400 | 4811 0027 | ba45 ffff 

  0x000001f1231ce964: ;   {runtime_call UncommonTrapBlob}
  0x000001f1231ce964: ff66 90e8 

  0x000001f1231ce968: ; ImmutableOopMap {[40]=Oop [48]=Oop [56]=NarrowOop [72]=Oop }
                      ;*ifeq {reexecute=1 rethrow=0 return_oop=0}
                      ; - (reexecute) com.seibel.distanthorizons.common.render.openGl.glObject.buffer.GLVertexBuffer::getQuadIBO@6 (line 59)
                      ; - com.seibel.distanthorizons.common.render.openGl.terrain.GlDhTerrainShaderProgram_neoforge::render@350 (line 353)
  0x000001f1231ce968: 9493 b2fc 

  0x000001f1231ce96c: ;   {other}
  0x000001f1231ce96c: 0f1f 8400 | 5c11 0028 | ba45 ffff 

  0x000001f1231ce978: ;   {runtime_call UncommonTrapBlob}
  0x000001f1231ce978: ff66 90e8 

  0x000001f1231ce97c: ; ImmutableOopMap {[40]=Oop [48]=Oop [56]=NarrowOop [72]=Oop }
                      ;*ifeq {reexecute=1 rethrow=0 return_oop=0}
                      ; - (reexecute) com.seibel.distanthorizons.common.render.openGl.glObject.buffer.GLVertexBuffer::getQuadIBO@6 (line 59)
                      ; - com.seibel.distanthorizons.common.render.openGl.terrain.GlDhTerrainShaderProgram_neoforge::render@367 (line 356)
  0x000001f1231ce97c: 8093 b2fc 

  0x000001f1231ce980: ;   {other}
  0x000001f1231ce980: 0f1f 8400 | 7011 0029 | ba76 ffff 

  0x000001f1231ce98c: ;   {runtime_call UncommonTrapBlob}
  0x000001f1231ce98c: ff66 90e8 

  0x000001f1231ce990: ; ImmutableOopMap {[32]=Oop [48]=Oop }
                      ;*if_icmpge {reexecute=1 rethrow=0 return_oop=0}
                      ; - (reexecute) com.seibel.distanthorizons.common.render.openGl.terrain.GlDhTerrainShaderProgram_neoforge::render@124 (line 311)
  0x000001f1231ce990: 6c93 b2fc 

  0x000001f1231ce994: ;   {other}
  0x000001f1231ce994: 0f1f 8400 | 8411 002a | ba45 ffff | ff48 8b6c | 2420 4889 | 4424 f88b | 4424 2889 | 4424 2048 
  0x000001f1231ce9b4: 8b44 24f8 

  0x000001f1231ce9b8: ;   {runtime_call UncommonTrapBlob}
  0x000001f1231ce9b8: 6666 90e8 

  0x000001f1231ce9bc: ; ImmutableOopMap {rbp=Oop [48]=Oop }
                      ;*ifne {reexecute=1 rethrow=0 return_oop=0}
                      ; - (reexecute) com.mojang.blaze3d.systems.RenderSystem::assertOnRenderThread@3 (line 118)
                      ; - com.mojang.blaze3d.platform.GlStateManager::_enableCull@0 (line 437)
                      ; - com.seibel.distanthorizons.common.wrappers.minecraft.MinecraftGLWrapper::enableFaceCulling@6 (line 193)
                      ; - com.seibel.distanthorizons.common.render.openGl.terrain.GlDhTerrainShaderProgram_neoforge::render@49 (line 277)
  0x000001f1231ce9bc: 4093 b2fc 

  0x000001f1231ce9c0: ;   {other}
  0x000001f1231ce9c0: 0f1f 8400 | b011 002b | ba45 ffff | ff48 8b6c 

  0x000001f1231ce9d0: ;   {runtime_call UncommonTrapBlob}
  0x000001f1231ce9d0: 2420 90e8 

  0x000001f1231ce9d4: ; ImmutableOopMap {rbp=Oop [48]=Oop }
                      ;*ifne {reexecute=1 rethrow=0 return_oop=0}
                      ; - (reexecute) com.mojang.blaze3d.systems.RenderSystem::assertOnRenderThread@3 (line 118)
                      ; - com.mojang.blaze3d.platform.GlStateManager::_enableCull@0 (line 437)
                      ; - com.seibel.distanthorizons.common.wrappers.minecraft.MinecraftGLWrapper::enableFaceCulling@6 (line 193)
                      ; - com.seibel.distanthorizons.common.render.openGl.terrain.GlDhTerrainShaderProgram_neoforge::render@108 (line 305)
  0x000001f1231ce9d4: 2893 b2fc 

  0x000001f1231ce9d8: ;   {other}
  0x000001f1231ce9d8: 0f1f 8400 | c811 002c | ba45 ffff | ff48 8b6c 

  0x000001f1231ce9e8: ;   {runtime_call UncommonTrapBlob}
  0x000001f1231ce9e8: 2420 90e8 

  0x000001f1231ce9ec: ; ImmutableOopMap {rbp=Oop [48]=Oop }
                      ;*ifne {reexecute=1 rethrow=0 return_oop=0}
                      ; - (reexecute) com.mojang.blaze3d.systems.RenderSystem::assertOnRenderThread@3 (line 118)
                      ; - com.mojang.blaze3d.platform.GlStateManager::_enableBlend@23 (line 95)
                      ; - com.seibel.distanthorizons.common.wrappers.minecraft.MinecraftGLWrapper::enableBlend@6 (line 132)
                      ; - com.seibel.distanthorizons.common.render.openGl.terrain.GlDhTerrainShaderProgram_neoforge::render@59 (line 282)
  0x000001f1231ce9ec: 1093 b2fc 

  0x000001f1231ce9f0: ;   {other}
  0x000001f1231ce9f0: 0f1f 8400 | e011 002d | ba45 ffff | ff48 8b6c 

  0x000001f1231cea00: ;   {runtime_call UncommonTrapBlob}
  0x000001f1231cea00: 2420 90e8 

  0x000001f1231cea04: ; ImmutableOopMap {rbp=Oop [48]=Oop }
                      ;*ifne {reexecute=1 rethrow=0 return_oop=0}
                      ; - (reexecute) com.mojang.blaze3d.systems.RenderSystem::assertOnRenderThread@3 (line 118)
                      ; - com.mojang.blaze3d.platform.GlStateManager::_blendFuncSeparate@30 (line 109)
                      ; - com.seibel.distanthorizons.common.wrappers.minecraft.MinecraftGLWrapper::glBlendFuncSeparate@13 (line 154)
                      ; - com.seibel.distanthorizons.common.render.openGl.terrain.GlDhTerrainShaderProgram_neoforge::render@87 (line 285)
  0x000001f1231cea04: f892 b2fc 

  0x000001f1231cea08: ;   {other}
  0x000001f1231cea08: 0f1f 8400 | f811 002e | ba45 ffff | ff48 8b6c 

  0x000001f1231cea18: ;   {runtime_call UncommonTrapBlob}
  0x000001f1231cea18: 2420 90e8 

  0x000001f1231cea1c: ; ImmutableOopMap {rbp=Oop [48]=Oop }
                      ;*ifne {reexecute=1 rethrow=0 return_oop=0}
                      ; - (reexecute) com.mojang.blaze3d.systems.RenderSystem::assertOnRenderThreadOrInit@9 (line 112)
                      ; - com.mojang.blaze3d.platform.GlStateManager::_enableDepthTest@0 (line 69)
                      ; - com.seibel.distanthorizons.common.wrappers.minecraft.MinecraftGLWrapper::enableDepthTest@6 (line 96)
                      ; - com.seibel.distanthorizons.common.render.openGl.terrain.GlDhTerrainShaderProgram_neoforge::render@65 (line 283)
  0x000001f1231cea1c: e092 b2fc 

  0x000001f1231cea20: ;   {other}
  0x000001f1231cea20: 0f1f 8400 | 1012 002f | ba45 ffff | ff48 8b6c | 2420 4489 

  0x000001f1231cea34: ;   {runtime_call UncommonTrapBlob}
  0x000001f1231cea34: 5c24 28e8 

  0x000001f1231cea38: ; ImmutableOopMap {rbp=Oop [40]=NarrowOop [48]=Oop }
                      ;*ifne {reexecute=1 rethrow=0 return_oop=0}
                      ; - (reexecute) com.mojang.blaze3d.systems.RenderSystem::assertOnRenderThreadOrInit@9 (line 112)
                      ; - com.mojang.blaze3d.platform.GlStateManager$BooleanState::setEnabled@25 (line 773)
                      ; - com.mojang.blaze3d.platform.GlStateManager$BooleanState::enable@2 (line 769)
                      ; - com.mojang.blaze3d.platform.GlStateManager::_enableDepthTest@9 (line 70)
                      ; - com.seibel.distanthorizons.common.wrappers.minecraft.MinecraftGLWrapper::enableDepthTest@6 (line 96)
                      ; - com.seibel.distanthorizons.common.render.openGl.terrain.GlDhTerrainShaderProgram_neoforge::render@65 (line 283)
  0x000001f1231cea38: c492 b2fc 

  0x000001f1231cea3c: ;   {other}
  0x000001f1231cea3c: 0f1f 8400 | 2c12 0030 | ba45 ffff | ff48 8b6c | 2420 4889 | 4424 f88b | 4424 2889 | 4424 2048 
  0x000001f1231cea5c: 8b44 24f8 

  0x000001f1231cea60: ;   {runtime_call UncommonTrapBlob}
  0x000001f1231cea60: 6666 90e8 

  0x000001f1231cea64: ; ImmutableOopMap {rbp=Oop [48]=Oop }
                      ;*ifne {reexecute=1 rethrow=0 return_oop=0}
                      ; - (reexecute) com.mojang.blaze3d.systems.RenderSystem::assertOnRenderThread@3 (line 118)
                      ; - com.mojang.blaze3d.platform.GlStateManager::_disableBlend@23 (line 90)
                      ; - com.seibel.distanthorizons.common.wrappers.minecraft.MinecraftGLWrapper::disableBlend@6 (line 138)
                      ; - com.seibel.distanthorizons.common.render.openGl.terrain.GlDhTerrainShaderProgram_neoforge::render@96 (line 289)
  0x000001f1231cea64: 9892 b2fc 

  0x000001f1231cea68: ;   {other}
  0x000001f1231cea68: 0f1f 8400 | 5812 0031 | ba45 ffff | ff44 8954 

  0x000001f1231cea78: ;   {runtime_call UncommonTrapBlob}
  0x000001f1231cea78: 242c 90e8 

  0x000001f1231cea7c: ; ImmutableOopMap {[32]=Oop [44]=NarrowOop [48]=Oop }
                      ;*ifeq {reexecute=1 rethrow=0 return_oop=0}
                      ; - (reexecute) com.seibel.distanthorizons.core.config.types.ConfigEntry::get@4 (line 186)
                      ; - com.seibel.distanthorizons.common.render.openGl.terrain.GlDhTerrainShaderProgram_neoforge::render@3 (line 268)
  0x000001f1231cea7c: 8092 b2fc 

  0x000001f1231cea80: ;   {other}
  0x000001f1231cea80: 0f1f 8400 | 7012 0032 | ba45 ffff | ff44 8954 

  0x000001f1231cea90: ;   {runtime_call UncommonTrapBlob}
  0x000001f1231cea90: 242c 90e8 

  0x000001f1231cea94: ; ImmutableOopMap {rbp=NarrowOop [32]=Oop [44]=NarrowOop [48]=Oop }
                      ;*ifnull {reexecute=1 rethrow=0 return_oop=0}
                      ; - (reexecute) com.seibel.distanthorizons.core.config.types.ConfigEntry::get@11 (line 186)
                      ; - com.seibel.distanthorizons.common.render.openGl.terrain.GlDhTerrainShaderProgram_neoforge::render@3 (line 268)
  0x000001f1231cea94: 6892 b2fc 

  0x000001f1231cea98: ;   {other}
  0x000001f1231cea98: 0f1f 8400 | 8812 0033 | ba45 ffff 

  0x000001f1231ceaa4: ;   {runtime_call UncommonTrapBlob}
  0x000001f1231ceaa4: ff66 90e8 

  0x000001f1231ceaa8: ; ImmutableOopMap {[32]=Oop [48]=Oop }
                      ;*ifeq {reexecute=1 rethrow=0 return_oop=0}
                      ; - (reexecute) com.seibel.distanthorizons.common.render.openGl.terrain.GlDhTerrainShaderProgram_neoforge::render@16 (line 269)
  0x000001f1231ceaa8: 5492 b2fc 

  0x000001f1231ceaac: ;   {other}
  0x000001f1231ceaac: 0f1f 8400 | 9c12 0034 | ba45 ffff | ff44 8954 

  0x000001f1231ceabc: ;   {runtime_call UncommonTrapBlob}
  0x000001f1231ceabc: 2438 90e8 

  0x000001f1231ceac0: ; ImmutableOopMap {[32]=Oop [48]=Oop [56]=NarrowOop }
                      ;*ifeq {reexecute=1 rethrow=0 return_oop=0}
                      ; - (reexecute) com.mojang.blaze3d.platform.GlStateManager$BooleanState::handler$zkm000$iris$setUnknownState@4 (line 858)
                      ; - com.mojang.blaze3d.platform.GlStateManager$BooleanState::setEnabled@14
                      ; - com.mojang.blaze3d.platform.GlStateManager$BooleanState::enable@2 (line 769)
                      ; - com.mojang.blaze3d.platform.GlStateManager::_enableCull@9 (line 438)
                      ; - com.seibel.distanthorizons.common.wrappers.minecraft.MinecraftGLWrapper::enableFaceCulling@6 (line 193)
                      ; - com.seibel.distanthorizons.common.render.openGl.terrain.GlDhTerrainShaderProgram_neoforge::render@49 (line 277)
  0x000001f1231ceac0: 3c92 b2fc 

  0x000001f1231ceac4: ;   {other}
  0x000001f1231ceac4: 0f1f 8400 | b412 0035 | ba45 ffff | ff48 8944 | 24f8 8b44 | 2438 8944 | 2428 488b | 4424 f844 
  0x000001f1231ceae4: 895c 2438 

  0x000001f1231ceae8: ;   {runtime_call UncommonTrapBlob}
  0x000001f1231ceae8: 6666 90e8 

  0x000001f1231ceaec: ; ImmutableOopMap {[32]=Oop [48]=Oop [56]=NarrowOop }
                      ;*ifeq {reexecute=1 rethrow=0 return_oop=0}
                      ; - (reexecute) com.mojang.blaze3d.platform.GlStateManager$BooleanState::handler$zkm000$iris$setUnknownState@4 (line 858)
                      ; - com.mojang.blaze3d.platform.GlStateManager$BooleanState::setEnabled@14
                      ; - com.mojang.blaze3d.platform.GlStateManager$BooleanState::enable@2 (line 769)
                      ; - com.mojang.blaze3d.platform.GlStateManager::_enableCull@9 (line 438)
                      ; - com.seibel.distanthorizons.common.wrappers.minecraft.MinecraftGLWrapper::enableFaceCulling@6 (line 193)
                      ; - com.seibel.distanthorizons.common.render.openGl.terrain.GlDhTerrainShaderProgram_neoforge::render@108 (line 305)
  0x000001f1231ceaec: 1092 b2fc 

  0x000001f1231ceaf0: ;   {other}
  0x000001f1231ceaf0: 0f1f 8400 | e012 0036 | ba45 ffff 

  0x000001f1231ceafc: ;   {runtime_call UncommonTrapBlob}
  0x000001f1231ceafc: ff66 90e8 

  0x000001f1231ceb00: ; ImmutableOopMap {[32]=Oop [48]=Oop }
                      ;*ifeq {reexecute=1 rethrow=0 return_oop=0}
                      ; - (reexecute) com.mojang.blaze3d.platform.GlStateManager::handler$zlh000$iris$blendEnableLock@3 (line 2068)
                      ; - com.mojang.blaze3d.platform.GlStateManager::_enableBlend@12
                      ; - com.seibel.distanthorizons.common.wrappers.minecraft.MinecraftGLWrapper::enableBlend@6 (line 132)
                      ; - com.seibel.distanthorizons.common.render.openGl.terrain.GlDhTerrainShaderProgram_neoforge::render@59 (line 282)
  0x000001f1231ceb00: fc91 b2fc 

  0x000001f1231ceb04: ;   {other}
  0x000001f1231ceb04: 0f1f 8400 | f412 0037 | ba45 ffff | ff48 ff74 | 2430 488f | 4424 2844 | 8944 2434 

  0x000001f1231ceb20: ;   {runtime_call UncommonTrapBlob}
  0x000001f1231ceb20: 6666 90e8 

  0x000001f1231ceb24: ; ImmutableOopMap {[32]=Oop [40]=Oop [52]=NarrowOop }
                      ;*ifeq {reexecute=1 rethrow=0 return_oop=0}
                      ; - (reexecute) com.mojang.blaze3d.platform.GlStateManager$BooleanState::handler$zkm000$iris$setUnknownState@4 (line 858)
                      ; - com.mojang.blaze3d.platform.GlStateManager$BooleanState::setEnabled@14
                      ; - com.mojang.blaze3d.platform.GlStateManager$BooleanState::enable@2 (line 769)
                      ; - com.mojang.blaze3d.platform.GlStateManager::_enableBlend@32 (line 96)
                      ; - com.seibel.distanthorizons.common.wrappers.minecraft.MinecraftGLWrapper::enableBlend@6 (line 132)
                      ; - com.seibel.distanthorizons.common.render.openGl.terrain.GlDhTerrainShaderProgram_neoforge::render@59 (line 282)
  0x000001f1231ceb24: d891 b2fc 

  0x000001f1231ceb28: ;   {other}
  0x000001f1231ceb28: 0f1f 8400 | 1813 0038 | ba45 ffff | ff48 ff74 | 2430 488f | 4424 2844 | 895c 2434 

  0x000001f1231ceb44: ;   {runtime_call UncommonTrapBlob}
  0x000001f1231ceb44: 6666 90e8 

  0x000001f1231ceb48: ; ImmutableOopMap {[32]=Oop [40]=Oop [52]=NarrowOop }
                      ;*ifeq {reexecute=1 rethrow=0 return_oop=0}
                      ; - (reexecute) com.mojang.blaze3d.platform.GlStateManager$BooleanState::handler$zkm000$iris$setUnknownState@4 (line 858)
                      ; - com.mojang.blaze3d.platform.GlStateManager$BooleanState::setEnabled@14
                      ; - com.mojang.blaze3d.platform.GlStateManager$BooleanState::enable@2 (line 769)
                      ; - com.mojang.blaze3d.platform.GlStateManager::_enableDepthTest@9 (line 70)
                      ; - com.seibel.distanthorizons.common.wrappers.minecraft.MinecraftGLWrapper::enableDepthTest@6 (line 96)
                      ; - com.seibel.distanthorizons.common.render.openGl.terrain.GlDhTerrainShaderProgram_neoforge::render@65 (line 283)
  0x000001f1231ceb48: b491 b2fc 

  0x000001f1231ceb4c: ;   {other}
  0x000001f1231ceb4c: 0f1f 8400 | 3c13 0039 | ba45 ffff 

  0x000001f1231ceb58: ;   {runtime_call UncommonTrapBlob}
  0x000001f1231ceb58: ff66 90e8 

  0x000001f1231ceb5c: ; ImmutableOopMap {[32]=Oop [48]=Oop }
                      ;*ifeq {reexecute=1 rethrow=0 return_oop=0}
                      ; - (reexecute) com.mojang.blaze3d.platform.GlStateManager::handler$zlh000$iris$blendFuncSeparateLock@3 (line 2084)
                      ; - com.mojang.blaze3d.platform.GlStateManager::_blendFuncSeparate@18
                      ; - com.seibel.distanthorizons.common.wrappers.minecraft.MinecraftGLWrapper::glBlendFuncSeparate@13 (line 154)
                      ; - com.seibel.distanthorizons.common.render.openGl.terrain.GlDhTerrainShaderProgram_neoforge::render@87 (line 285)
  0x000001f1231ceb5c: a091 b2fc 

  0x000001f1231ceb60: ;   {other}
  0x000001f1231ceb60: 0f1f 8400 | 5013 003a | ba45 ffff 

  0x000001f1231ceb6c: ;   {runtime_call UncommonTrapBlob}
  0x000001f1231ceb6c: ff66 90e8 

  0x000001f1231ceb70: ; ImmutableOopMap {rbp=NarrowOop [32]=Oop [48]=Oop }
                      ;*ifnull {reexecute=1 rethrow=0 return_oop=0}
                      ; - (reexecute) com.mojang.blaze3d.platform.GlStateManager::handler$zoi000$iris$onBlendFuncSeparate@3 (line 3575)
                      ; - com.mojang.blaze3d.platform.GlStateManager::_blendFuncSeparate@113 (line 117)
                      ; - com.seibel.distanthorizons.common.wrappers.minecraft.MinecraftGLWrapper::glBlendFuncSeparate@13 (line 154)
                      ; - com.seibel.distanthorizons.common.render.openGl.terrain.GlDhTerrainShaderProgram_neoforge::render@87 (line 285)
  0x000001f1231ceb70: 8c91 b2fc 

  0x000001f1231ceb74: ;   {other}
  0x000001f1231ceb74: 0f1f 8400 | 6413 003b | ba45 ffff 

  0x000001f1231ceb80: ;   {runtime_call UncommonTrapBlob}
  0x000001f1231ceb80: ff66 90e8 

  0x000001f1231ceb84: ; ImmutableOopMap {[32]=Oop [48]=Oop }
                      ;*ifeq {reexecute=1 rethrow=0 return_oop=0}
                      ; - (reexecute) com.mojang.blaze3d.platform.GlStateManager::handler$zlh000$iris$blendDisableLock@3 (line 2060)
                      ; - com.mojang.blaze3d.platform.GlStateManager::_disableBlend@12
                      ; - com.seibel.distanthorizons.common.wrappers.minecraft.MinecraftGLWrapper::disableBlend@6 (line 138)
                      ; - com.seibel.distanthorizons.common.render.openGl.terrain.GlDhTerrainShaderProgram_neoforge::render@96 (line 289)
  0x000001f1231ceb84: 7891 b2fc 

  0x000001f1231ceb88: ;   {other}
  0x000001f1231ceb88: 0f1f 8400 | 7813 003c | ba45 ffff | ff44 8954 

  0x000001f1231ceb98: ;   {runtime_call UncommonTrapBlob}
  0x000001f1231ceb98: 2438 90e8 

  0x000001f1231ceb9c: ; ImmutableOopMap {[32]=Oop [48]=Oop [56]=NarrowOop }
                      ;*ifeq {reexecute=1 rethrow=0 return_oop=0}
                      ; - (reexecute) com.mojang.blaze3d.platform.GlStateManager$BooleanState::handler$zkm000$iris$setUnknownState@4 (line 858)
                      ; - com.mojang.blaze3d.platform.GlStateManager$BooleanState::setEnabled@14
                      ; - com.mojang.blaze3d.platform.GlStateManager$BooleanState::disable@2 (line 765)
                      ; - com.mojang.blaze3d.platform.GlStateManager::_disableBlend@32 (line 91)
                      ; - com.seibel.distanthorizons.common.wrappers.minecraft.MinecraftGLWrapper::disableBlend@6 (line 138)
                      ; - com.seibel.distanthorizons.common.render.openGl.terrain.GlDhTerrainShaderProgram_neoforge::render@96 (line 289)
  0x000001f1231ceb9c: 6091 b2fc 

  0x000001f1231ceba0: ;   {other}
  0x000001f1231ceba0: 0f1f 8400 | 9013 003d | bade ffff 

  0x000001f1231cebac: ;   {runtime_call UncommonTrapBlob}
  0x000001f1231cebac: ff66 90e8 

  0x000001f1231cebb0: ; ImmutableOopMap {rbp=NarrowOop [32]=Oop [48]=Oop }
                      ;*checkcast {reexecute=0 rethrow=0 return_oop=0}
                      ; - com.seibel.distanthorizons.common.render.openGl.terrain.GlDhTerrainShaderProgram_neoforge::render@6 (line 268)
  0x000001f1231cebb0: 4c91 b2fc 

  0x000001f1231cebb4: ;   {other}
  0x000001f1231cebb4: 0f1f 8400 | a413 003e | bade ffff | ff41 8be8 | 48ff 7424 | 2848 8f44 | 2420 4489 

  0x000001f1231cebd0: ;   {runtime_call UncommonTrapBlob}
  0x000001f1231cebd0: 5424 2ce8 

  0x000001f1231cebd4: ; ImmutableOopMap {[32]=Oop [44]=NarrowOop [48]=Oop }
                      ;*checkcast {reexecute=0 rethrow=0 return_oop=0}
                      ; - com.seibel.distanthorizons.common.render.openGl.terrain.GlDhTerrainShaderProgram_neoforge::render@133 (line 313)
  0x000001f1231cebd4: 2891 b2fc 

  0x000001f1231cebd8: ;   {other}
  0x000001f1231cebd8: 0f1f 8400 | c813 003f | bade ffff | ff44 8944 

  0x000001f1231cebe8: ;   {runtime_call UncommonTrapBlob}
  0x000001f1231cebe8: 243c 90e8 

  0x000001f1231cebec: ; ImmutableOopMap {rbp=NarrowOop [40]=Oop [48]=Oop [56]=NarrowOop }
                      ;*checkcast {reexecute=0 rethrow=0 return_oop=0}
                      ; - com.seibel.distanthorizons.common.render.openGl.terrain.GlDhTerrainShaderProgram_neoforge::render@279 (line 332)
  0x000001f1231cebec: 1091 b2fc 

  0x000001f1231cebf0: ;   {other}
  0x000001f1231cebf0: 0f1f 8400 | e013 0040 | baf6 ffff 

  0x000001f1231cebfc: ;   {runtime_call UncommonTrapBlob}
  0x000001f1231cebfc: ff8b e9e8 

  0x000001f1231cec00: ; ImmutableOopMap {}
                      ;*invokevirtual get {reexecute=0 rethrow=0 return_oop=0}
                      ; - com.seibel.distanthorizons.core.util.objects.SortedArraySet::get@5 (line 63)
                      ; - com.seibel.distanthorizons.common.render.openGl.terrain.GlDhTerrainShaderProgram_neoforge::render@130 (line 313)
  0x000001f1231cec00: fc90 b2fc 

  0x000001f1231cec04: ;   {other}
  0x000001f1231cec04: 0f1f 8400 | f413 0041 | baf6 ffff | ff41 8be8 

  0x000001f1231cec14: ;   {runtime_call UncommonTrapBlob}
  0x000001f1231cec14: 6666 90e8 

  0x000001f1231cec18: ; ImmutableOopMap {}
                      ;*aaload {reexecute=0 rethrow=0 return_oop=0}
                      ; - java.util.ArrayList::elementData@5 (line 411)
                      ; - java.util.ArrayList::get@11 (line 428)
                      ; - com.seibel.distanthorizons.core.util.objects.SortedArraySet::get@5 (line 63)
                      ; - com.seibel.distanthorizons.common.render.openGl.terrain.GlDhTerrainShaderProgram_neoforge::render@130 (line 313)
  0x000001f1231cec18: e490 b2fc 

  0x000001f1231cec1c: ;   {other}
  0x000001f1231cec1c: 0f1f 8400 | 0c14 0042 | baf4 ffff | ff41 8be8 | 48ff 7424 | 2848 8f44 

  0x000001f1231cec34: ;   {runtime_call UncommonTrapBlob}
  0x000001f1231cec34: 2420 90e8 

  0x000001f1231cec38: ; ImmutableOopMap {[32]=Oop [48]=Oop }
                      ;*checkcast {reexecute=0 rethrow=0 return_oop=0}
                      ; - com.seibel.distanthorizons.common.render.openGl.terrain.GlDhTerrainShaderProgram_neoforge::render@133 (line 313)
  0x000001f1231cec38: c490 b2fc 

  0x000001f1231cec3c: ;   {other}
  0x000001f1231cec3c: 0f1f 8400 | 2c14 0043 | baf6 ffff 

  0x000001f1231cec48: ;   {runtime_call UncommonTrapBlob}
  0x000001f1231cec48: ff66 90e8 

  0x000001f1231cec4c: ; ImmutableOopMap {}
                      ;*invokevirtual getX {reexecute=0 rethrow=0 return_oop=0}
                      ; - com.seibel.distanthorizons.common.render.openGl.terrain.GlDhTerrainShaderProgram_neoforge::render@153 (line 319)
  0x000001f1231cec4c: b090 b2fc 

  0x000001f1231cec50: ;   {other}
  0x000001f1231cec50: 0f1f 8400 | 4014 0044 | baf6 ffff 

  0x000001f1231cec5c: ;   {runtime_call UncommonTrapBlob}
  0x000001f1231cec5c: ff66 90e8 

  0x000001f1231cec60: ; ImmutableOopMap {}
                      ;*getfield x {reexecute=1 rethrow=0 return_oop=0}
                      ; - (reexecute) com.seibel.distanthorizons.common.render.openGl.terrain.GlDhTerrainShaderProgram_neoforge::render@159 (line 319)
  0x000001f1231cec60: 9c90 b2fc 

  0x000001f1231cec64: ;   {other}
  0x000001f1231cec64: 0f1f 8400 | 5414 0045 | baf6 ffff 

  0x000001f1231cec70: ;   {runtime_call UncommonTrapBlob}
  0x000001f1231cec70: ff66 90e8 

  0x000001f1231cec74: ; ImmutableOopMap {}
                      ;*invokeinterface bind {reexecute=0 rethrow=0 return_oop=0}
                      ; - com.seibel.distanthorizons.common.render.openGl.terrain.GlDhTerrainShaderProgram_neoforge::render@207 (line 323)
  0x000001f1231cec74: 8890 b2fc 

  0x000001f1231cec78: ;   {other}
  0x000001f1231cec78: 0f1f 8400 | 6814 0046 | baf6 ffff 

  0x000001f1231cec84: ;   {runtime_call UncommonTrapBlob}
  0x000001f1231cec84: ff66 90e8 

  0x000001f1231cec88: ; ImmutableOopMap {}
                      ;*invokevirtual bind {reexecute=0 rethrow=0 return_oop=0}
                      ; - com.seibel.distanthorizons.common.render.openGl.terrain.GlDhTerrainShaderProgram_neoforge::bind@12 (line 175)
                      ; - com.seibel.distanthorizons.common.render.openGl.terrain.GlDhTerrainShaderProgram_neoforge::render@207 (line 323)
  0x000001f1231cec88: 7490 b2fc 

  0x000001f1231cec8c: ;   {other}
  0x000001f1231cec8c: 0f1f 8400 | 7c14 0047 | baf6 ffff | ff48 8b6c 

  0x000001f1231cec9c: ;   {runtime_call UncommonTrapBlob}
  0x000001f1231cec9c: 2448 90e8 

  0x000001f1231ceca0: ; ImmutableOopMap {rbp=Oop }
                      ;*invokeinterface setModelOffsetPos {reexecute=0 rethrow=0 return_oop=0}
                      ; - com.seibel.distanthorizons.common.render.openGl.terrain.GlDhTerrainShaderProgram_neoforge::render@220 (line 324)
  0x000001f1231ceca0: 5c90 b2fc 

  0x000001f1231ceca4: ;   {other}
  0x000001f1231ceca4: 0f1f 8400 | 9414 0048 | baf6 ffff 

  0x000001f1231cecb0: ;   {runtime_call UncommonTrapBlob}
  0x000001f1231cecb0: ff66 90e8 

  0x000001f1231cecb4: ; ImmutableOopMap {}
                      ;*arraylength {reexecute=0 rethrow=0 return_oop=0}
                      ; - com.seibel.distanthorizons.common.render.openGl.terrain.GlDhTerrainShaderProgram_neoforge::render@270 (line 330)
  0x000001f1231cecb4: 4890 b2fc 

  0x000001f1231cecb8: ;   {other}
  0x000001f1231cecb8: 0f1f 8400 | a814 0049 | baf6 ffff 

  0x000001f1231cecc4: ;   {runtime_call UncommonTrapBlob}
  0x000001f1231cecc4: ff66 90e8 

  0x000001f1231cecc8: ; ImmutableOopMap {}
                      ;*invokevirtual size {reexecute=0 rethrow=0 return_oop=0}
                      ; - com.seibel.distanthorizons.core.util.objects.SortedArraySet::size@4 (line 65)
                      ; - com.seibel.distanthorizons.common.render.openGl.terrain.GlDhTerrainShaderProgram_neoforge::render@121 (line 311)
  0x000001f1231cecc8: 3490 b2fc 

  0x000001f1231ceccc: ;   {other}
  0x000001f1231ceccc: 0f1f 8400 | bc14 004a | baf4 ffff | ff8b 6c24 | 2048 8944 | 24f8 8b44 | 2424 8944 | 2420 488b 
  0x000001f1231cecec: 4424 f848 | 8944 24f8 | 8b44 2438 | 8944 2424 | 488b 4424 | f844 8944 

  0x000001f1231ced04: ;   {runtime_call UncommonTrapBlob}
  0x000001f1231ced04: 2438 90e8 

  0x000001f1231ced08: ; ImmutableOopMap {[36]=NarrowOop [40]=Oop [48]=Oop }
                      ;*checkcast {reexecute=0 rethrow=0 return_oop=0}
                      ; - com.seibel.distanthorizons.common.render.openGl.terrain.GlDhTerrainShaderProgram_neoforge::render@279 (line 332)
  0x000001f1231ced08: f48f b2fc 

  0x000001f1231ced0c: ;   {other}
  0x000001f1231ced0c: 0f1f 8400 | fc14 004b | baf6 ffff 

  0x000001f1231ced18: ;   {runtime_call UncommonTrapBlob}
  0x000001f1231ced18: ff66 90e8 

  0x000001f1231ced1c: ; ImmutableOopMap {}
                      ;*invokevirtual bind {reexecute=0 rethrow=0 return_oop=0}
                      ; - com.seibel.distanthorizons.common.render.openGl.terrain.GlDhTerrainShaderProgram_neoforge::render@326 (line 347)
  0x000001f1231ced1c: e08f b2fc 

  0x000001f1231ced20: ;   {other}
  0x000001f1231ced20: 0f1f 8400 | 1015 004c | baf6 ffff | ff8b 6c24 

  0x000001f1231ced30: ;   {runtime_call UncommonTrapBlob}
  0x000001f1231ced30: 5866 90e8 

  0x000001f1231ced34: ; ImmutableOopMap {}
                      ;*invokeinterface bindVertexBuffer {reexecute=0 rethrow=0 return_oop=0}
                      ; - com.seibel.distanthorizons.common.render.openGl.terrain.GlDhTerrainShaderProgram_neoforge::render@340 (line 349)
  0x000001f1231ced34: c88f b2fc 

  0x000001f1231ced38: ;   {other}
  0x000001f1231ced38: 0f1f 8400 | 2815 004d | baf6 ffff | ff8b 6c24 

  0x000001f1231ced48: ;   {runtime_call UncommonTrapBlob}
  0x000001f1231ced48: 5866 90e8 

  0x000001f1231ced4c: ; ImmutableOopMap {}
                      ;*invokevirtual bindBufferToAllBindingPoints {reexecute=0 rethrow=0 return_oop=0}
                      ; - com.seibel.distanthorizons.common.render.openGl.terrain.GlDhTerrainShaderProgram_neoforge::bindVertexBuffer@5 (line 192)
                      ; - com.seibel.distanthorizons.common.render.openGl.terrain.GlDhTerrainShaderProgram_neoforge::render@340 (line 349)
  0x000001f1231ced4c: b08f b2fc 

  0x000001f1231ced50: ;   {other}
  0x000001f1231ced50: 0f1f 8400 | 4015 004e | baf6 ffff 

  0x000001f1231ced5c: ;   {runtime_call UncommonTrapBlob}
  0x000001f1231ced5c: ff66 90e8 

  0x000001f1231ced60: ; ImmutableOopMap {}
                      ;*invokevirtual getGlType {reexecute=0 rethrow=0 return_oop=0}
                      ; - com.seibel.distanthorizons.common.render.openGl.terrain.GlDhTerrainShaderProgram_neoforge::render@353 (line 353)
  0x000001f1231ced60: 9c8f b2fc 

  0x000001f1231ced64: ;   {other}
  0x000001f1231ced64: 0f1f 8400 | 5415 004f | baf6 ffff 

  0x000001f1231ced70: ;   {runtime_call UncommonTrapBlob}
  0x000001f1231ced70: ff66 90e8 

  0x000001f1231ced74: ; ImmutableOopMap {}
                      ;*invokevirtual get {reexecute=0 rethrow=0 return_oop=0}
                      ; - com.seibel.distanthorizons.common.render.openGl.terrain.GlDhTerrainShaderProgram_neoforge::render@3 (line 268)
  0x000001f1231ced74: 888f b2fc 

  0x000001f1231ced78: ;   {other}
  0x000001f1231ced78: 0f1f 8400 | 6815 0050 | baf4 ffff | ff49 8be8 | 4489 4c24 

  0x000001f1231ced8c: ;   {runtime_call UncommonTrapBlob}
  0x000001f1231ced8c: 2066 90e8 

  0x000001f1231ced90: ; ImmutableOopMap {rbp=Oop [48]=Oop }
                      ;*checkcast {reexecute=0 rethrow=0 return_oop=0}
                      ; - com.seibel.distanthorizons.common.render.openGl.terrain.GlDhTerrainShaderProgram_neoforge::render@6 (line 268)
  0x000001f1231ced90: 6c8f b2fc 

  0x000001f1231ced94: ;   {other}
  0x000001f1231ced94: 0f1f 8400 | 8415 0051 | baf6 ffff 

  0x000001f1231ceda0: ;   {runtime_call UncommonTrapBlob}
  0x000001f1231ceda0: ff66 90e8 

  0x000001f1231ceda4: ; ImmutableOopMap {}
                      ;*invokevirtual enable {reexecute=0 rethrow=0 return_oop=0}
                      ; - com.mojang.blaze3d.platform.GlStateManager::_enableCull@9 (line 438)
                      ; - com.seibel.distanthorizons.common.wrappers.minecraft.MinecraftGLWrapper::enableFaceCulling@6 (line 193)
                      ; - com.seibel.distanthorizons.common.render.openGl.terrain.GlDhTerrainShaderProgram_neoforge::render@49 (line 277)
  0x000001f1231ceda4: 588f b2fc 

  0x000001f1231ceda8: ;   {other}
  0x000001f1231ceda8: 0f1f 8400 | 9815 0052 | baf6 ffff 

  0x000001f1231cedb4: ;   {runtime_call UncommonTrapBlob}
  0x000001f1231cedb4: ff66 90e8 

  0x000001f1231cedb8: ; ImmutableOopMap {}
                      ;*invokevirtual enable {reexecute=0 rethrow=0 return_oop=0}
                      ; - com.mojang.blaze3d.platform.GlStateManager::_enableCull@9 (line 438)
                      ; - com.seibel.distanthorizons.common.wrappers.minecraft.MinecraftGLWrapper::enableFaceCulling@6 (line 193)
                      ; - com.seibel.distanthorizons.common.render.openGl.terrain.GlDhTerrainShaderProgram_neoforge::render@108 (line 305)
  0x000001f1231cedb8: 448f b2fc 

  0x000001f1231cedbc: ;   {other}
  0x000001f1231cedbc: 0f1f 8400 | ac15 0053 | baf6 ffff 

  0x000001f1231cedc8: ;   {runtime_call UncommonTrapBlob}
  0x000001f1231cedc8: ff66 90e8 

  0x000001f1231cedcc: ; ImmutableOopMap {}
                      ;*invokevirtual size {reexecute=0 rethrow=0 return_oop=0}
                      ; - com.seibel.distanthorizons.core.util.objects.SortedArraySet::size@4 (line 65)
                      ; - com.seibel.distanthorizons.common.render.openGl.terrain.GlDhTerrainShaderProgram_neoforge::render@121 (line 311)
  0x000001f1231cedcc: 308f b2fc 

  0x000001f1231cedd0: ;   {other}
  0x000001f1231cedd0: 0f1f 8400 | c015 0054 | baf6 ffff 

  0x000001f1231ceddc: ;   {runtime_call UncommonTrapBlob}
  0x000001f1231ceddc: ff66 90e8 

  0x000001f1231cede0: ; ImmutableOopMap {}
                      ;*invokevirtual enable {reexecute=0 rethrow=0 return_oop=0}
                      ; - com.mojang.blaze3d.platform.GlStateManager::_enableBlend@32 (line 96)
                      ; - com.seibel.distanthorizons.common.wrappers.minecraft.MinecraftGLWrapper::enableBlend@6 (line 132)
                      ; - com.seibel.distanthorizons.common.render.openGl.terrain.GlDhTerrainShaderProgram_neoforge::render@59 (line 282)
  0x000001f1231cede0: 1c8f b2fc 

  0x000001f1231cede4: ;   {other}
  0x000001f1231cede4: 0f1f 8400 | d415 0055 | baf6 ffff 

  0x000001f1231cedf0: ;   {runtime_call UncommonTrapBlob}
  0x000001f1231cedf0: ff66 90e8 

  0x000001f1231cedf4: ; ImmutableOopMap {}
                      ;*invokevirtual enable {reexecute=0 rethrow=0 return_oop=0}
                      ; - com.mojang.blaze3d.platform.GlStateManager::_enableDepthTest@9 (line 70)
                      ; - com.seibel.distanthorizons.common.wrappers.minecraft.MinecraftGLWrapper::enableDepthTest@6 (line 96)
                      ; - com.seibel.distanthorizons.common.render.openGl.terrain.GlDhTerrainShaderProgram_neoforge::render@65 (line 283)
  0x000001f1231cedf4: 088f b2fc 

  0x000001f1231cedf8: ;   {other}
  0x000001f1231cedf8: 0f1f 8400 | e815 0056 | baf6 ffff 

  0x000001f1231cee04: ;   {runtime_call UncommonTrapBlob}
  0x000001f1231cee04: ff66 90e8 

  0x000001f1231cee08: ; ImmutableOopMap {}
                      ;*invokevirtual disable {reexecute=0 rethrow=0 return_oop=0}
                      ; - com.mojang.blaze3d.platform.GlStateManager::_disableBlend@32 (line 91)
                      ; - com.seibel.distanthorizons.common.wrappers.minecraft.MinecraftGLWrapper::disableBlend@6 (line 138)
                      ; - com.seibel.distanthorizons.common.render.openGl.terrain.GlDhTerrainShaderProgram_neoforge::render@96 (line 289)
  0x000001f1231cee08: f48e b2fc 

  0x000001f1231cee0c: ;   {other}
  0x000001f1231cee0c: 0f1f 8400 | fc15 0057 | ba45 ffff | ff48 895c 

  0x000001f1231cee1c: ;   {runtime_call UncommonTrapBlob}
  0x000001f1231cee1c: 2420 90e8 

  0x000001f1231cee20: ; ImmutableOopMap {[32]=Oop [48]=Oop }
                      ;*ifnull {reexecute=1 rethrow=0 return_oop=0}
                      ; - (reexecute) com.seibel.distanthorizons.common.render.openGl.terrain.GlDhTerrainShaderProgram_neoforge::render@112 (line 309)
  0x000001f1231cee20: dc8e b2fc 

  0x000001f1231cee24: ;   {other}
  0x000001f1231cee24: 0f1f 8400 | 1416 0058 | 488b d0e9 | 8000 0000 | 488b d0eb | 7b48 8bd0 | eb76 488b | d0eb 7148 
  0x000001f1231cee44: 8bd0 eb6c | 488b d0eb | 6748 8bd0 | eb62 488b | d0eb 5d48 | 8bd0 eb58 | 488b d0eb | 5348 8bd0 
  0x000001f1231cee64: eb4e 488b | d0eb 4948 | 8bd0 eb44 | 488b d0eb | 3f48 8bd0 | eb3a 488b | d0eb 3548 | 8bd0 eb30 
  0x000001f1231cee84: 488b d0eb | 2b48 8bd0 | eb26 488b | d0eb 2148 | 8bd0 eb1c | 488b d0eb | 1748 8bd0 | eb12 488b 
  0x000001f1231ceea4: d0eb 0d48 | 8bd0 eb08 | 488b d0eb | 0348 8bd0 | 4883 c470 

  0x000001f1231ceeb8: ;   {runtime_call _rethrow_Java}
  0x000001f1231ceeb8: 5de9 c221 

  0x000001f1231ceebc: ;   {internal_word}
  0x000001f1231ceebc: c0fc 49ba | b7e6 1c23 | f101 0000 | 4d89 9760 

  0x000001f1231ceecc: ;   {runtime_call SafepointBlob}
  0x000001f1231ceecc: 0400 00e9 | ac7c b2fc | 4883 ec08 | c5fb 1104 

  0x000001f1231ceedc: ;   {runtime_call StubRoutines (initial stubs)}
  0x000001f1231ceedc: 24e8 6924 | adfc 415b | e9c8 f6ff 

  0x000001f1231ceee8: ;   {runtime_call StubRoutines (final stubs)}
  0x000001f1231ceee8: ffe8 d26d | b0fc e9a7 | edff fff4 | f4f4 f4f4 
[Stub Code]
  0x000001f1231ceef8: ;   {no_reloc}
  0x000001f1231ceef8: 48bb 0000 | 0000 0000 

  0x000001f1231cef00: ;   {runtime_call nmethod}
  0x000001f1231cef00: 0000 e9fb 

  0x000001f1231cef04: ;   {static_stub}
  0x000001f1231cef04: ffff ff48 | bb00 0000 | 0000 0000 

  0x000001f1231cef10: ;   {runtime_call nmethod}
  0x000001f1231cef10: 00e9 fbff 

  0x000001f1231cef14: ;   {static_stub}
  0x000001f1231cef14: ffff 48bb | 0000 0000 | 0000 0000 

  0x000001f1231cef20: ;   {runtime_call nmethod}
  0x000001f1231cef20: e9fb ffff 

  0x000001f1231cef24: ;   {static_stub}
  0x000001f1231cef24: ff48 bb00 | 0000 0000 

  0x000001f1231cef2c: ;   {runtime_call nmethod}
  0x000001f1231cef2c: 0000 00e9 | fbff ffff 

  0x000001f1231cef34: ;   {static_stub}
  0x000001f1231cef34: 48bb 0000 | 0000 0000 

  0x000001f1231cef3c: ;   {runtime_call nmethod}
  0x000001f1231cef3c: 0000 e9fb 

  0x000001f1231cef40: ;   {static_stub}
  0x000001f1231cef40: ffff ff48 | bb00 0000 | 0000 0000 

  0x000001f1231cef4c: ;   {runtime_call nmethod}
  0x000001f1231cef4c: 00e9 fbff 

  0x000001f1231cef50: ;   {static_stub}
  0x000001f1231cef50: ffff 48bb | 0000 0000 | 0000 0000 

  0x000001f1231cef5c: ;   {runtime_call nmethod}
  0x000001f1231cef5c: e9fb ffff 

  0x000001f1231cef60: ;   {static_stub}
  0x000001f1231cef60: ff48 bb00 | 0000 0000 

  0x000001f1231cef68: ;   {runtime_call nmethod}
  0x000001f1231cef68: 0000 00e9 | fbff ffff 

  0x000001f1231cef70: ;   {static_stub}
  0x000001f1231cef70: 48bb 0000 | 0000 0000 

  0x000001f1231cef78: ;   {runtime_call nmethod}
  0x000001f1231cef78: 0000 e9fb 

  0x000001f1231cef7c: ;   {static_stub}
  0x000001f1231cef7c: ffff ff48 | bb00 0000 | 0000 0000 

  0x000001f1231cef88: ;   {runtime_call nmethod}
  0x000001f1231cef88: 00e9 fbff 

  0x000001f1231cef8c: ;   {static_stub}
  0x000001f1231cef8c: ffff 48bb | 0000 0000 | 0000 0000 

  0x000001f1231cef98: ;   {runtime_call nmethod}
  0x000001f1231cef98: e9fb ffff 

  0x000001f1231cef9c: ;   {static_stub}
  0x000001f1231cef9c: ff48 bb00 | 0000 0000 

  0x000001f1231cefa4: ;   {runtime_call nmethod}
  0x000001f1231cefa4: 0000 00e9 | fbff ffff 

  0x000001f1231cefac: ;   {static_stub}
  0x000001f1231cefac: 48bb 0000 | 0000 0000 

  0x000001f1231cefb4: ;   {runtime_call nmethod}
  0x000001f1231cefb4: 0000 e9fb 

  0x000001f1231cefb8: ;   {runtime_call ExceptionBlob}
  0x000001f1231cefb8: ffff ffe9 | 409f bffc 
[Deopt Handler Code]
  0x000001f1231cefc0: e800 0000 | 0048 832c 

  0x000001f1231cefc8: ;   {runtime_call DeoptimizationBlob}
  0x000001f1231cefc8: 2405 e951 | 90b2 fcf4 
[/MachCode]


---------------  P R O C E S S  ---------------

Threads class SMR info:
_java_thread_list=0x000001f277707010, length=245, elements={
0x000001f112912530, 0x000001f13fd7cfb0, 0x000001f13fda8560, 0x000001f13fdb6750,
0x000001f13fdb71a0, 0x000001f13fdb1170, 0x000001f13fdb4fa0, 0x000001f13fdcdf40,
0x000001f13fdce9d0, 0x000001f13ff81b10, 0x000001f13ff82b50, 0x000001f149ed6110,
0x000001f14a45bd50, 0x000001f145b382f0, 0x000001f145b38950, 0x000001f148d16fa0,
0x000001f148d17600, 0x000001f14592d980, 0x000001f1475da740, 0x000001f1475da0b0,
0x000001f1475dcea0, 0x000001f1475dd530, 0x000001f1475db460, 0x000001f1475dbaf0,
0x000001f1475dc180, 0x000001f148a93ff0, 0x000001f148a94d10, 0x000001f148a96750,
0x000001f148a95a30, 0x000001f148a94680, 0x000001f148a960c0, 0x000001f15b5e6ac0,
0x000001f15b5e5710, 0x000001f15b5e5da0, 0x000001f15b5eb980, 0x000001f15b5e8500,
0x000001f15b5ea5d0, 0x000001f14a9d92f0, 0x000001f14a9dc770, 0x000001f14a9d9980,
0x000001f14a9da010, 0x000001f14a9ddb20, 0x000001f14a9dc0e0, 0x000001f14a9dba50,
0x000001f14a9da6a0, 0x000001f14a9de1b0, 0x000001f14a9db3c0, 0x000001f14a9e0910,
0x000001f14a9df560, 0x000001f14a9dfbf0, 0x000001f14a9e0280, 0x000001f148a98820,
0x000001f148a97b00, 0x000001f148a99bd0, 0x000001f148a97470, 0x000001f148a9a260,
0x000001f149861de0, 0x000001f149863eb0, 0x000001f149864540, 0x000001f149864bd0,
0x000001f149861750, 0x000001f1498658f0, 0x000001f149862b00, 0x000001f149863190,
0x000001f149866ca0, 0x000001f1498686e0, 0x000001f149868050, 0x000001f15b5e5080,
0x000001f15b5e6430, 0x000001f15cea70b0, 0x000001f15cea6a20, 0x000001f15cea5d00,
0x000001f15cea7740, 0x000001f15cea7dd0, 0x000001f15cea4fe0, 0x000001f15cea8af0,
0x000001f15cea5670, 0x000001f15cea9810, 0x000001f15ceaa530, 0x000001f15ceaabc0,
0x000001f15cea9ea0, 0x000001f15ceab8e0, 0x000001f15ceab250, 0x000001f15ceabf70,
0x000001f15f3547c0, 0x000001f15f3554e0, 0x000001f15f352060, 0x000001f15f3526f0,
0x000001f156d868f0, 0x000001f156d8b120, 0x000001f156d89d70, 0x000001f156d87ca0,
0x000001f156d8c4d0, 0x000001f156d87610, 0x000001f15f352d80, 0x000001f178bb9b10,
0x000001f178bbb550, 0x000001f178bbbbe0, 0x000001f178bbc900, 0x000001f178bb9480,
0x000001f17b86f680, 0x000001f17b86fd10, 0x000001f17b873820, 0x000001f17b874bd0,
0x000001f17bf3c050, 0x000001f17bf3aca0, 0x000001f17bf450b0, 0x000001f17bf43670,
0x000001f17bf43d00, 0x000001f17bf49f70, 0x000001f17bf47810, 0x000001f17bf47180,
0x000001f17bf49250, 0x000001f17bf498e0, 0x000001f17bf47ea0, 0x000001f17bf48530,
0x000001f17bf48bc0, 0x000001f149863820, 0x000001f149867330, 0x000001f178bc0410,
0x000001f148a932d0, 0x000001f156d86f80, 0x000001f15aac3620, 0x000001f15aac3cb0,
0x000001f15aac4340, 0x000001f15aac0ec0, 0x000001f15aac49d0, 0x000001f15aac1550,
0x000001f15aac5060, 0x000001f15aac1be0, 0x000001f15aac56f0, 0x000001f15aac2270,
0x000001f15aac5d80, 0x000001f15d565f50, 0x000001f15d5665e0, 0x000001f15d567300,
0x000001f15d56a0f0, 0x000001f15d56a780, 0x000001f15d568d40, 0x000001f15d56ae10,
0x000001f15d56b4a0, 0x000001f15b5eb2f0, 0x000001f178fffdf0, 0x000001f178ffd690,
0x000001f179000480, 0x000001f178ffd000, 0x000001f179000b10, 0x000001f178fff760,
0x000001f178fff0d0, 0x000001f1790011a0, 0x000001f179006060, 0x000001f179003f90,
0x000001f179002be0, 0x000001f1790094e0, 0x000001f179007410, 0x000001f179007aa0,
0x000001f179008130, 0x000001f179008e50, 0x000001f179006d80, 0x000001f1790087c0,
0x000001f19fb24570, 0x000001f19fb28080, 0x000001f19fb2b500, 0x000001f19fb30a50,
0x000001f19fb2e2f0, 0x000001f19fb2f010, 0x000001f19fb279f0, 0x000001f19fb38070,
0x000001f19fb31770, 0x000001f19fb31e00, 0x000001f19fb32490, 0x000001f19fb32b20,
0x000001f19fb2f6a0, 0x000001f19fb34560, 0x000001f19fb35280, 0x000001f19fb331b0,
0x000001f19fb37350, 0x000001f19fb34bf0, 0x000001f19fb3a140, 0x000001f19ffb3450,
0x000001f19ffb2dc0, 0x000001f19ffaffd0, 0x000001f19ffaec20, 0x000001f19ffb9d50,
0x000001f379a1b5d0, 0x000001f379a13fb0, 0x000001f379a12c00, 0x000001f379a16710,
0x000001f379a18150, 0x000001f379a14cd0, 0x000001f379a187e0, 0x000001f379a1a220,
0x000001f379a16da0, 0x000001f379a1dd30, 0x000001f379a1af40, 0x000001f379a1c2f0,
0x000001f379a1bc60, 0x000001f379a1a8b0, 0x000001f379a1fe00, 0x000001f379a20490,
0x000001f379a20b20, 0x000001f379a21840, 0x000001f379a211b0, 0x000001f379a1e3c0,
0x000001f379a1f770, 0x000001f379a1f0e0, 0x000001f379a1ea50, 0x000001f379a21ed0,
0x000001f379a23fa0, 0x000001f379a22bf0, 0x000001f379a26700, 0x000001f379a23280,
0x000001f379a23910, 0x000001f379a25350, 0x000001f379a26070, 0x000001f379a26d90,
0x000001f379a27420, 0x000001f379a24630, 0x000001f379a27ab0, 0x000001f379a28140,
0x000001f379a24cc0, 0x000001f379a294f0, 0x000001f379a2c2e0, 0x000001f379a2a210,
0x000001f379a2a8a0, 0x000001f379a2b5c0, 0x000001f379a2bc50, 0x000001f379a2f0d0,
0x000001f379a2d000, 0x000001f379a2fdf0, 0x000001f379a2c970, 0x000001f379a30480,
0x000001f379a2e3b0, 0x000001f379a30b10, 0x000001f379a2d690, 0x000001f379a2dd20,
0x000001f379a2ea40, 0x000001f19fb24c00, 0x000001f19fb231c0, 0x000001f19fb26640,
0x000001f19fb26cd0, 0x000001f19fb25fb0, 0x000001f19fb25920, 0x000001f19fb2ae70,
0x000001f19fb28710
}

Java Threads: ( => current thread )
=>0x000001f112912530 JavaThread "Render thread"                     [_thread_in_native, id=24284, stack(0x0000003980f00000,0x0000003981000000) (1024K)]
  0x000001f13fd7cfb0 JavaThread "Reference Handler"          daemon [_thread_blocked, id=15440, stack(0x0000003981700000,0x0000003981800000) (1024K)]
  0x000001f13fda8560 JavaThread "Finalizer"                  daemon [_thread_blocked, id=16844, stack(0x0000003981800000,0x0000003981900000) (1024K)]
  0x000001f13fdb6750 JavaThread "Signal Dispatcher"          daemon [_thread_blocked, id=26964, stack(0x0000003981900000,0x0000003981a00000) (1024K)]
  0x000001f13fdb71a0 JavaThread "Attach Listener"            daemon [_thread_blocked, id=27516, stack(0x0000003981a00000,0x0000003981b00000) (1024K)]
  0x000001f13fdb1170 JavaThread "Service Thread"             daemon [_thread_blocked, id=34524, stack(0x0000003981b00000,0x0000003981c00000) (1024K)]
  0x000001f13fdb4fa0 JavaThread "Monitor Deflation Thread"   daemon [_thread_blocked, id=23356, stack(0x0000003981c00000,0x0000003981d00000) (1024K)]
  0x000001f13fdcdf40 JavaThread "C2 CompilerThread0"         daemon [_thread_blocked, id=30900, stack(0x0000003981d00000,0x0000003981e00000) (1024K)]
  0x000001f13fdce9d0 JavaThread "C1 CompilerThread0"         daemon [_thread_blocked, id=25492, stack(0x0000003981e00000,0x0000003981f00000) (1024K)]
  0x000001f13ff81b10 JavaThread "Notification Thread"        daemon [_thread_blocked, id=2252, stack(0x0000003982100000,0x0000003982200000) (1024K)]
  0x000001f13ff82b50 JavaThread "Common-Cleaner"             daemon [_thread_blocked, id=23048, stack(0x0000003982200000,0x0000003982300000) (1024K)]
  0x000001f149ed6110 JavaThread "ForkJoinPool.commonPool-worker-1" daemon [_thread_blocked, id=21924, stack(0x0000003983600000,0x0000003983700000) (1024K)]
  0x000001f14a45bd50 JavaThread "ForkJoinPool.commonPool-worker-2" daemon [_thread_blocked, id=28092, stack(0x0000003983700000,0x0000003983800000) (1024K)]
  0x000001f145b382f0 JavaThread "ForkJoinPool.commonPool-worker-3" daemon [_thread_blocked, id=7572, stack(0x0000003983800000,0x0000003983900000) (1024K)]
  0x000001f145b38950 JavaThread "ForkJoinPool.commonPool-worker-4" daemon [_thread_blocked, id=6296, stack(0x0000003983900000,0x0000003983a00000) (1024K)]
  0x000001f148d16fa0 JavaThread "ForkJoinPool.commonPool-worker-5" daemon [_thread_blocked, id=8296, stack(0x0000003983a00000,0x0000003983b00000) (1024K)]
  0x000001f148d17600 JavaThread "ForkJoinPool.commonPool-worker-6" daemon [_thread_blocked, id=35448, stack(0x0000003983b00000,0x0000003983c00000) (1024K)]
  0x000001f14592d980 JavaThread "ForkJoinPool.commonPool-worker-7" daemon [_thread_blocked, id=32460, stack(0x0000003983c00000,0x0000003983d00000) (1024K)]
  0x000001f1475da740 JavaThread "ForkJoinPool.commonPool-worker-9" daemon [_thread_blocked, id=11580, stack(0x0000003983d00000,0x0000003983e00000) (1024K)]
  0x000001f1475da0b0 JavaThread "ForkJoinPool.commonPool-worker-8" daemon [_thread_blocked, id=19912, stack(0x0000003983e00000,0x0000003983f00000) (1024K)]
  0x000001f1475dcea0 JavaThread "ForkJoinPool.commonPool-worker-10" daemon [_thread_blocked, id=13436, stack(0x0000003983f00000,0x0000003984000000) (1024K)]
  0x000001f1475dd530 JavaThread "ForkJoinPool.commonPool-worker-13" daemon [_thread_blocked, id=37212, stack(0x0000003984200000,0x0000003984300000) (1024K)]
  0x000001f1475db460 JavaThread "ForkJoinPool.commonPool-worker-14" daemon [_thread_blocked, id=13584, stack(0x0000003984300000,0x0000003984400000) (1024K)]
  0x000001f1475dbaf0 JavaThread "ForkJoinPool.commonPool-worker-15" daemon [_thread_blocked, id=19948, stack(0x0000003984400000,0x0000003984500000) (1024K)]
  0x000001f1475dc180 JavaThread "ForkJoinPool.commonPool-worker-11" daemon [_thread_blocked, id=19876, stack(0x0000003984500000,0x0000003984600000) (1024K)]
  0x000001f148a93ff0 JavaThread "ForkJoinPool.commonPool-worker-17" daemon [_thread_blocked, id=34748, stack(0x0000003984600000,0x0000003984700000) (1024K)]
  0x000001f148a94d10 JavaThread "ForkJoinPool.commonPool-worker-18" daemon [_thread_blocked, id=26588, stack(0x0000003984700000,0x0000003984800000) (1024K)]
  0x000001f148a96750 JavaThread "ForkJoinPool.commonPool-worker-19" daemon [_thread_blocked, id=17332, stack(0x0000003984800000,0x0000003984900000) (1024K)]
  0x000001f148a95a30 JavaThread "ForkJoinPool.commonPool-worker-12" daemon [_thread_blocked, id=26164, stack(0x0000003984900000,0x0000003984a00000) (1024K)]
  0x000001f148a94680 JavaThread "ForkJoinPool.commonPool-worker-22" daemon [_thread_blocked, id=7544, stack(0x0000003984b00000,0x0000003984c00000) (1024K)]
  0x000001f148a960c0 JavaThread "ForkJoinPool.commonPool-worker-23" daemon [_thread_blocked, id=29656, stack(0x0000003984c00000,0x0000003984d00000) (1024K)]
  0x000001f15b5e6ac0 JavaThread "DFU cleaning thread"        daemon [_thread_blocked, id=11860, stack(0x0000003987700000,0x0000003987800000) (1024K)]
  0x000001f15b5e5710 JavaThread "JNA Cleaner"                daemon [_thread_blocked, id=29196, stack(0x0000003987900000,0x0000003987a00000) (1024K)]
  0x000001f15b5e5da0 JavaThread "DH-Log Ticker Thread[0]"    daemon [_thread_blocked, id=33708, stack(0x0000003983300000,0x0000003983400000) (1024K)]
  0x000001f15b5eb980 JavaThread "Timer hack thread"          daemon [_thread_blocked, id=21004, stack(0x0000003983400000,0x0000003983500000) (1024K)]
  0x000001f15b5e8500 JavaThread "Yggdrasil Key Fetcher"      daemon [_thread_blocked, id=18040, stack(0x0000003987c00000,0x0000003987d00000) (1024K)]
  0x000001f15b5ea5d0 JavaThread "Cleaner-0"                  daemon [_thread_blocked, id=13024, stack(0x0000003988000000,0x0000003988100000) (1024K)]
  0x000001f14a9d92f0 JavaThread "modloading-worker-0"        daemon [_thread_blocked, id=23660, stack(0x0000003986000000,0x0000003986100000) (1024K)]
  0x000001f14a9dc770 JavaThread "modloading-worker-0"        daemon [_thread_blocked, id=28512, stack(0x0000003986200000,0x0000003986300000) (1024K)]
  0x000001f14a9d9980 JavaThread "modloading-worker-0"        daemon [_thread_blocked, id=21492, stack(0x0000003986300000,0x0000003986400000) (1024K)]
  0x000001f14a9da010 JavaThread "modloading-worker-0"        daemon [_thread_blocked, id=14460, stack(0x0000003986400000,0x0000003986500000) (1024K)]
  0x000001f14a9ddb20 JavaThread "modloading-worker-0"        daemon [_thread_blocked, id=3764, stack(0x0000003986500000,0x0000003986600000) (1024K)]
  0x000001f14a9dc0e0 JavaThread "modloading-worker-0"        daemon [_thread_blocked, id=34476, stack(0x0000003986600000,0x0000003986700000) (1024K)]
  0x000001f14a9dba50 JavaThread "modloading-worker-0"        daemon [_thread_blocked, id=18260, stack(0x0000003986800000,0x0000003986900000) (1024K)]
  0x000001f14a9da6a0 JavaThread "modloading-worker-0"        daemon [_thread_blocked, id=18744, stack(0x0000003986900000,0x0000003986a00000) (1024K)]
  0x000001f14a9de1b0 JavaThread "modloading-worker-0"        daemon [_thread_blocked, id=15856, stack(0x0000003986a00000,0x0000003986b00000) (1024K)]
  0x000001f14a9db3c0 JavaThread "modloading-worker-0"        daemon [_thread_blocked, id=36704, stack(0x0000003986c00000,0x0000003986d00000) (1024K)]
  0x000001f14a9e0910 JavaThread "modloading-worker-0"        daemon [_thread_blocked, id=1784, stack(0x0000003986d00000,0x0000003986e00000) (1024K)]
  0x000001f14a9df560 JavaThread "modloading-worker-0"        daemon [_thread_blocked, id=12220, stack(0x0000003986e00000,0x0000003986f00000) (1024K)]
  0x000001f14a9dfbf0 JavaThread "modloading-worker-0"        daemon [_thread_blocked, id=28816, stack(0x0000003986f00000,0x0000003987000000) (1024K)]
  0x000001f14a9e0280 JavaThread "modloading-worker-0"        daemon [_thread_blocked, id=20180, stack(0x0000003987000000,0x0000003987100000) (1024K)]
  0x000001f148a98820 JavaThread "modloading-worker-0"        daemon [_thread_blocked, id=1684, stack(0x0000003987200000,0x0000003987300000) (1024K)]
  0x000001f148a97b00 JavaThread "modloading-worker-0"        daemon [_thread_blocked, id=18652, stack(0x0000003987400000,0x0000003987500000) (1024K)]
  0x000001f148a99bd0 JavaThread "modloading-worker-0"        daemon [_thread_blocked, id=21108, stack(0x0000003987600000,0x0000003987700000) (1024K)]
  0x000001f148a97470 JavaThread "modloading-worker-0"        daemon [_thread_blocked, id=23004, stack(0x0000003988200000,0x0000003988300000) (1024K)]
  0x000001f148a9a260 JavaThread "FileSystemWatchService"     daemon [_thread_in_native, id=12296, stack(0x0000003988300000,0x0000003988400000) (1024K)]
  0x000001f149861de0 JavaThread "Thread-4"                   daemon [_thread_blocked, id=15028, stack(0x0000003988400000,0x0000003988500000) (1024K)]
  0x000001f149863eb0 JavaThread "FileSystemWatchService"     daemon [_thread_in_native, id=29096, stack(0x0000003988500000,0x0000003988600000) (1024K)]
  0x000001f149864540 JavaThread "Config Lib config file watcher" daemon [_thread_blocked, id=8056, stack(0x0000003988600000,0x0000003988700000) (1024K)]
  0x000001f149864bd0 JavaThread "FileSystemWatchService"     daemon [_thread_in_native, id=6220, stack(0x0000003988700000,0x0000003988800000) (1024K)]
  0x000001f149861750 JavaThread "Java2D Disposer"            daemon [_thread_blocked, id=17056, stack(0x0000003988800000,0x0000003988900000) (1024K)]
  0x000001f1498658f0 JavaThread "AWT-Windows"                daemon [_thread_in_native, id=16328, stack(0x0000003988a00000,0x0000003988b00000) (1024K)]
  0x000001f149862b00 JavaThread "JEI Config File Watcher"    daemon [_thread_blocked, id=15532, stack(0x0000003988b00000,0x0000003988c00000) (1024K)]
  0x000001f149863190 JavaThread "modloading-sync-worker"     daemon [_thread_blocked, id=7844, stack(0x0000003985f00000,0x0000003986000000) (1024K)]
  0x000001f149866ca0 JavaThread "FileSystemWatchService"     daemon [_thread_in_native, id=21272, stack(0x0000003987800000,0x0000003987900000) (1024K)]
  0x000001f1498686e0 JavaThread "config-file-watcher-0-0"    daemon [_thread_blocked, id=29304, stack(0x0000003987b00000,0x0000003987c00000) (1024K)]
  0x000001f149868050 JavaThread "Worker-Main-1"              daemon [_thread_blocked, id=19136, stack(0x0000003982300000,0x0000003982400000) (1024K)]
  0x000001f15b5e5080 JavaThread "Worker-Main-2"              daemon [_thread_blocked, id=22276, stack(0x0000003983100000,0x0000003983200000) (1024K)]
  0x000001f15b5e6430 JavaThread "Worker-Main-3"              daemon [_thread_blocked, id=33064, stack(0x0000003983200000,0x0000003983300000) (1024K)]
  0x000001f15cea70b0 JavaThread "Worker-ResourceReload-0"    daemon [_thread_blocked, id=32340, stack(0x0000003988c00000,0x0000003988d00000) (1024K)]
  0x000001f15cea6a20 JavaThread "Worker-ResourceReload-1"    daemon [_thread_blocked, id=31816, stack(0x0000003988d00000,0x0000003988e00000) (1024K)]
  0x000001f15cea5d00 JavaThread "Worker-ResourceReload-2"    daemon [_thread_blocked, id=35688, stack(0x0000003988e00000,0x0000003988f00000) (1024K)]
  0x000001f15cea7740 JavaThread "Worker-ResourceReload-3"    daemon [_thread_blocked, id=11932, stack(0x0000003988f00000,0x0000003989000000) (1024K)]
  0x000001f15cea7dd0 JavaThread "Worker-ResourceReload-4"    daemon [_thread_blocked, id=25312, stack(0x0000003989000000,0x0000003989100000) (1024K)]
  0x000001f15cea4fe0 JavaThread "Worker-ResourceReload-7"    daemon [_thread_blocked, id=34460, stack(0x0000003989300000,0x0000003989400000) (1024K)]
  0x000001f15cea8af0 JavaThread "Worker-ResourceReload-9"    daemon [_thread_blocked, id=30108, stack(0x0000003989500000,0x0000003989600000) (1024K)]
  0x000001f15cea5670 JavaThread "Worker-ResourceReload-10"   daemon [_thread_blocked, id=11388, stack(0x0000003989600000,0x0000003989700000) (1024K)]
  0x000001f15cea9810 JavaThread "Worker-ResourceReload-12"   daemon [_thread_blocked, id=17012, stack(0x0000003989800000,0x0000003989900000) (1024K)]
  0x000001f15ceaa530 JavaThread "Worker-ResourceReload-13"   daemon [_thread_blocked, id=19164, stack(0x0000003989900000,0x0000003989a00000) (1024K)]
  0x000001f15ceaabc0 JavaThread "Worker-ResourceReload-14"   daemon [_thread_blocked, id=37884, stack(0x0000003989a00000,0x0000003989b00000) (1024K)]
  0x000001f15cea9ea0 JavaThread "Worker-ResourceReload-15"   daemon [_thread_blocked, id=34924, stack(0x0000003989b00000,0x0000003989c00000) (1024K)]
  0x000001f15ceab8e0 JavaThread "Worker-ResourceReload-16"   daemon [_thread_blocked, id=9688, stack(0x0000003989c00000,0x0000003989d00000) (1024K)]
  0x000001f15ceab250 JavaThread "Worker-ResourceReload-17"   daemon [_thread_blocked, id=20632, stack(0x0000003989d00000,0x0000003989e00000) (1024K)]
  0x000001f15ceabf70 JavaThread "Worker-ResourceReload-18"   daemon [_thread_blocked, id=28484, stack(0x0000003989e00000,0x0000003989f00000) (1024K)]
  0x000001f15f3547c0 JavaThread "Worker-ResourceReload-20"   daemon [_thread_blocked, id=29212, stack(0x000000398a000000,0x000000398a100000) (1024K)]
  0x000001f15f3554e0 JavaThread "Worker-ResourceReload-21"   daemon [_thread_blocked, id=32048, stack(0x000000398a100000,0x000000398a200000) (1024K)]
  0x000001f15f352060 JavaThread "Worker-ResourceReload-22"   daemon [_thread_blocked, id=4704, stack(0x000000398a200000,0x000000398a300000) (1024K)]
  0x000001f15f3526f0 JavaThread "ConfigSaver"                daemon [_thread_blocked, id=30084, stack(0x000000398aa00000,0x000000398ab00000) (1024K)]
  0x000001f156d868f0 JavaThread "Thread-9"                          [_thread_blocked, id=21748, stack(0x000000398ae00000,0x000000398af00000) (1024K)]
  0x000001f156d8b120 JavaThread "Cleaner-1"                  daemon [_thread_blocked, id=24792, stack(0x000000398b700000,0x000000398b800000) (1024K)]
  0x000001f156d89d70 JavaThread "Cleaner-2"                  daemon [_thread_blocked, id=404, stack(0x000000398b800000,0x000000398b900000) (1024K)]
  0x000001f156d87ca0 JavaThread "Cleaner-3"                  daemon [_thread_blocked, id=33968, stack(0x000000398b900000,0x000000398ba00000) (1024K)]
  0x000001f156d8c4d0 JavaThread "Cleaner-4"                  daemon [_thread_blocked, id=24784, stack(0x000000398ba00000,0x000000398bb00000) (1024K)]
  0x000001f156d87610 JavaThread "ReactiveMusic Player Thread" daemon [_thread_blocked, id=15792, stack(0x000000398b100000,0x000000398b200000) (1024K)]
  0x000001f15f352d80 JavaThread "Worker-Main-4"              daemon [_thread_blocked, id=25948, stack(0x000000398a800000,0x000000398a900000) (1024K)]
  0x000001f178bb9b10 JavaThread "Worker-Main-5"              daemon [_thread_blocked, id=19812, stack(0x000000398a900000,0x000000398aa00000) (1024K)]
  0x000001f178bbb550 JavaThread "Worker-Main-6"              daemon [_thread_blocked, id=4032, stack(0x000000398b200000,0x000000398b300000) (1024K)]
  0x000001f178bbbbe0 JavaThread "Worker-Main-7"              daemon [_thread_blocked, id=8376, stack(0x000000398b300000,0x000000398b400000) (1024K)]
  0x000001f178bbc900 JavaThread "Worker-Main-8"              daemon [_thread_blocked, id=32056, stack(0x000000398b400000,0x000000398b500000) (1024K)]
  0x000001f178bb9480 JavaThread "Worker-Main-9"              daemon [_thread_blocked, id=32052, stack(0x000000398b600000,0x000000398b700000) (1024K)]
  0x000001f17b86f680 JavaThread "Cleaner-5"                  daemon [_thread_blocked, id=32120, stack(0x000000398ad00000,0x000000398ae00000) (1024K)]
  0x000001f17b86fd10 JavaThread "Thread-22"                         [_thread_blocked, id=16064, stack(0x000000398a700000,0x000000398a800000) (1024K)]
  0x000001f17b873820 JavaThread "CullThread"                 daemon [_thread_blocked, id=11636, stack(0x000000398ab00000,0x000000398ac00000) (1024K)]
  0x000001f17b874bd0 JavaThread "Java Sound Event Dispatcher" daemon [_thread_blocked, id=35524, stack(0x000000398c100000,0x000000398c200000) (1024K)]
  0x000001f17bf3c050 JavaThread "pool-32-thread-1"                  [_thread_blocked, id=37136, stack(0x0000003982000000,0x0000003982100000) (1024K)]
  0x000001f17bf3aca0 JavaThread "Java Sound Sequencer"              [_thread_blocked, id=26660, stack(0x0000003982400000,0x0000003982500000) (1024K)]
  0x000001f17bf450b0 JavaThread "Server thread"                     [_thread_blocked, id=11196, stack(0x0000003988900000,0x0000003988a00000) (1024K)]
  0x000001f17bf43670 JavaThread "DH-ClientTickTimer"         daemon [_thread_blocked, id=27112, stack(0x000000398c700000,0x000000398c800000) (1024K)]
  0x000001f17bf43d00 JavaThread "DH-delayed save cache cleaner Thread[0]" daemon [_thread_blocked, id=22164, stack(0x000000398c800000,0x000000398c900000) (1024K)]
  0x000001f17bf49f70 JavaThread "DH-Phantom Array Recycler Thread[0]" daemon [_thread_blocked, id=35212, stack(0x000000398c900000,0x000000398ca00000) (1024K)]
  0x000001f17bf47810 JavaThread "DH-Update Propagate Queue [minecraft:overworld] Thread[0]"        [_thread_blocked, id=37264, stack(0x000000398ca00000,0x000000398cb00000) (1024K)]
  0x000001f17bf47180 JavaThread "DH-Full Data Migration Thread[0]"        [_thread_blocked, id=10292, stack(0x000000398cb00000,0x000000398cc00000) (1024K)]
  0x000001f17bf49250 JavaThread "DH-Request Module Ticker [minecraft:overworld] Thread[0]" daemon [_thread_blocked, id=20544, stack(0x000000398cc00000,0x000000398cd00000) (1024K)]
  0x000001f17bf498e0 JavaThread "DH-DataSource Request Ticker [minecraft:overworld] Thread[0]" daemon [_thread_blocked, id=22592, stack(0x000000398cd00000,0x000000398ce00000) (1024K)]
  0x000001f17bf47ea0 JavaThread "DH-Update Propagate Queue [minecraft:the_end] Thread[0]"        [_thread_blocked, id=20940, stack(0x000000398ce00000,0x000000398cf00000) (1024K)]
  0x000001f17bf48530 JavaThread "DH-Request Module Ticker [minecraft:the_end] Thread[0]" daemon [_thread_blocked, id=10384, stack(0x000000398cf00000,0x000000398d000000) (1024K)]
  0x000001f17bf48bc0 JavaThread "DH-DataSource Request Ticker [minecraft:the_end] Thread[0]" daemon [_thread_blocked, id=29908, stack(0x000000398d000000,0x000000398d100000) (1024K)]
  0x000001f149863820 JavaThread "IO-Worker-2"                       [_thread_blocked, id=17560, stack(0x000000398d100000,0x000000398d200000) (1024K)]
  0x000001f149867330 JavaThread "DH-Update Propagate Queue [minecraft:the_nether] Thread[0]"        [_thread_blocked, id=9724, stack(0x000000398d200000,0x000000398d300000) (1024K)]
  0x000001f178bc0410 JavaThread "DH-Request Module Ticker [minecraft:the_nether] Thread[0]" daemon [_thread_blocked, id=15908, stack(0x000000398d300000,0x000000398d400000) (1024K)]
  0x000001f148a932d0 JavaThread "DH-DataSource Request Ticker [minecraft:the_nether] Thread[0]" daemon [_thread_blocked, id=13928, stack(0x000000398d400000,0x000000398d500000) (1024K)]
  0x000001f156d86f80 JavaThread "Worker-Main-10"             daemon [_thread_blocked, id=20520, stack(0x000000398d500000,0x000000398d600000) (1024K)]
  0x000001f15aac3620 JavaThread "Worker-Main-11"             daemon [_thread_blocked, id=5132, stack(0x000000398d600000,0x000000398d700000) (1024K)]
  0x000001f15aac3cb0 JavaThread "Worker-Main-12"             daemon [_thread_blocked, id=9080, stack(0x000000398d700000,0x000000398d800000) (1024K)]
  0x000001f15aac4340 JavaThread "Worker-Main-13"             daemon [_thread_blocked, id=3020, stack(0x000000398d800000,0x000000398d900000) (1024K)]
  0x000001f15aac0ec0 JavaThread "Worker-Main-14"             daemon [_thread_blocked, id=25716, stack(0x000000398d900000,0x000000398da00000) (1024K)]
  0x000001f15aac49d0 JavaThread "Worker-Main-15"             daemon [_thread_blocked, id=8212, stack(0x000000398da00000,0x000000398db00000) (1024K)]
  0x000001f15aac1550 JavaThread "Worker-Main-16"             daemon [_thread_blocked, id=35128, stack(0x000000398db00000,0x000000398dc00000) (1024K)]
  0x000001f15aac5060 JavaThread "Worker-Main-17"             daemon [_thread_blocked, id=31344, stack(0x000000398dc00000,0x000000398dd00000) (1024K)]
  0x000001f15aac1be0 JavaThread "Worker-Main-18"             daemon [_thread_blocked, id=13508, stack(0x000000398dd00000,0x000000398de00000) (1024K)]
  0x000001f15aac56f0 JavaThread "Worker-Main-19"             daemon [_thread_blocked, id=18776, stack(0x000000398de00000,0x000000398df00000) (1024K)]
  0x000001f15aac2270 JavaThread "Worker-Main-20"             daemon [_thread_blocked, id=35700, stack(0x000000398df00000,0x000000398e000000) (1024K)]
  0x000001f15aac5d80 JavaThread "Worker-Main-21"             daemon [_thread_blocked, id=7980, stack(0x000000398e000000,0x000000398e100000) (1024K)]
  0x000001f15d565f50 JavaThread "ModernFix integrated server watchdog" daemon [_thread_blocked, id=20752, stack(0x0000003990b00000,0x0000003990c00000) (1024K)]
  0x000001f15d5665e0 JavaThread "VoiceChatPacketProcessingThread" daemon [_thread_blocked, id=20064, stack(0x0000003990e00000,0x0000003990f00000) (1024K)]
  0x000001f15d567300 JavaThread "VoiceChatServerThread"      daemon [_thread_in_native, id=11320, stack(0x0000003990f00000,0x0000003991000000) (1024K)]
  0x000001f15d56a0f0 JavaThread "Netty Server IO #0"         daemon [_thread_in_native, id=13408, stack(0x0000003994900000,0x0000003994a00000) (1024K)]
  0x000001f15d56a780 JavaThread "Netty Server IO #1"         daemon [_thread_in_native, id=28196, stack(0x0000003994a00000,0x0000003994b00000) (1024K)]
  0x000001f15d568d40 JavaThread "Netty Local Client IO #0"   daemon [_thread_blocked, id=36344, stack(0x0000003994b00000,0x0000003994c00000) (1024K)]
  0x000001f15d56ae10 JavaThread "Netty Server IO #2"         daemon [_thread_in_native, id=11192, stack(0x0000003994c00000,0x0000003994d00000) (1024K)]
  0x000001f15d56b4a0 JavaThread "Netty Local Client IO #1"   daemon [_thread_blocked, id=20708, stack(0x0000003994d00000,0x0000003994e00000) (1024K)]
  0x000001f15b5eb2f0 JavaThread "Netty Server IO #3"         daemon [_thread_in_native, id=21548, stack(0x0000003994e00000,0x0000003994f00000) (1024K)]
  0x000001f178fffdf0 JavaThread "Ingredient reference clearing thread" daemon [_thread_blocked, id=15872, stack(0x0000003994f00000,0x0000003995000000) (1024K)]
  0x000001f178ffd690 JavaThread "Sound engine"               daemon [_thread_blocked, id=5936, stack(0x0000003995000000,0x0000003995100000) (1024K)]
  0x000001f179000480 JavaThread "DH-ChunkSaveIgnoreTimer"    daemon [_thread_blocked, id=32996, stack(0x000000398c600000,0x000000398c700000) (1024K)]
  0x000001f178ffd000 JavaThread "DH-ChunkSaveIgnoreTimer"    daemon [_thread_blocked, id=24900, stack(0x0000003995100000,0x0000003995200000) (1024K)]
  0x000001f179000b10 JavaThread "DH-FullDataPayloadSender"   daemon [_thread_blocked, id=34800, stack(0x0000003995200000,0x0000003995300000) (1024K)]
  0x000001f178fff760 JavaThread "DH-World Gen Queue Thread[0]"        [_thread_blocked, id=15152, stack(0x0000003995300000,0x0000003995400000) (1024K)]
  0x000001f178fff0d0 JavaThread "DH-World Gen Progress Updater Thread[0]" daemon [_thread_blocked, id=18668, stack(0x0000003995400000,0x0000003995500000) (1024K)]
  0x000001f1790011a0 JavaThread "IO-Worker-4"                       [_thread_blocked, id=11700, stack(0x0000003995500000,0x0000003995600000) (1024K)]
  0x000001f179006060 JavaThread "Flywheel Task Executor #0"         [_thread_blocked, id=4780, stack(0x0000003996200000,0x0000003996300000) (1024K)]
  0x000001f179003f90 JavaThread "Flywheel Task Executor #1"         [_thread_blocked, id=34324, stack(0x0000003996300000,0x0000003996400000) (1024K)]
  0x000001f179002be0 JavaThread "Flywheel Task Executor #2"         [_thread_blocked, id=15636, stack(0x0000003996400000,0x0000003996500000) (1024K)]
  0x000001f1790094e0 JavaThread "Flywheel Task Executor #3"         [_thread_blocked, id=17228, stack(0x0000003996500000,0x0000003996600000) (1024K)]
  0x000001f179007410 JavaThread "Flywheel Task Executor #4"         [_thread_blocked, id=29500, stack(0x0000003996600000,0x0000003996700000) (1024K)]
  0x000001f179007aa0 JavaThread "Flywheel Task Executor #5"         [_thread_blocked, id=13668, stack(0x0000003996700000,0x0000003996800000) (1024K)]
  0x000001f179008130 JavaThread "Flywheel Task Executor #6"         [_thread_blocked, id=12424, stack(0x0000003996800000,0x0000003996900000) (1024K)]
  0x000001f179008e50 JavaThread "Flywheel Task Executor #7"         [_thread_blocked, id=32252, stack(0x0000003996900000,0x0000003996a00000) (1024K)]
  0x000001f179006d80 JavaThread "Flywheel Task Executor #8"         [_thread_blocked, id=12648, stack(0x0000003996a00000,0x0000003996b00000) (1024K)]
  0x000001f1790087c0 JavaThread "Flywheel Task Executor #9"         [_thread_blocked, id=31940, stack(0x0000003996b00000,0x0000003996c00000) (1024K)]
  0x000001f19fb24570 JavaThread "DH-Cleanup timer"           daemon [_thread_blocked, id=9008, stack(0x0000003998500000,0x0000003998600000) (1024K)]
  0x000001f19fb28080 JavaThread "JEI Deduplicating Run Executor 0"        [_thread_blocked, id=31848, stack(0x0000003998600000,0x0000003998700000) (1024K)]
  0x000001f19fb2b500 JavaThread "DH-GLBuffer Cleanup Thread[0]" daemon [_thread_blocked, id=13352, stack(0x0000003998700000,0x0000003998800000) (1024K)]
  0x000001f19fb30a50 JavaThread "IO-Worker-5"                       [_thread_blocked, id=19996, stack(0x0000003998a00000,0x0000003998b00000) (1024K)]
  0x000001f19fb2e2f0 JavaThread "VoiceChatConnectionThread"  daemon [_thread_in_native, id=18656, stack(0x0000003998c00000,0x0000003998d00000) (1024K)]
  0x000001f19fb2f010 JavaThread "DH-Beacon Culling Thread[0]"        [_thread_blocked, id=28876, stack(0x0000003998d00000,0x0000003998e00000) (1024K)]
  0x000001f19fb279f0 JavaThread "MicrophoneThread"           daemon [_thread_blocked, id=25972, stack(0x0000003998f00000,0x0000003999000000) (1024K)]
  0x000001f19fb38070 JavaThread "CompletableFutureDelayScheduler" daemon [_thread_blocked, id=32416, stack(0x0000003998e00000,0x0000003998f00000) (1024K)]
  0x000001f19fb31770 JavaThread "Chunk Render Task Executor #0"        [_thread_blocked, id=28596, stack(0x0000003995600000,0x0000003995700000) (1024K)]
  0x000001f19fb31e00 JavaThread "Chunk Render Task Executor #1"        [_thread_blocked, id=9416, stack(0x0000003995700000,0x0000003995800000) (1024K)]
  0x000001f19fb32490 JavaThread "Chunk Render Task Executor #2"        [_thread_blocked, id=17936, stack(0x0000003995800000,0x0000003995900000) (1024K)]
  0x000001f19fb32b20 JavaThread "Chunk Render Task Executor #3"        [_thread_blocked, id=4188, stack(0x0000003995900000,0x0000003995a00000) (1024K)]
  0x000001f19fb2f6a0 JavaThread "Chunk Render Task Executor #4"        [_thread_blocked, id=22048, stack(0x0000003995a00000,0x0000003995b00000) (1024K)]
  0x000001f19fb34560 JavaThread "Chunk Render Task Executor #5"        [_thread_blocked, id=16148, stack(0x0000003995b00000,0x0000003995c00000) (1024K)]
  0x000001f19fb35280 JavaThread "Chunk Render Task Executor #6"        [_thread_blocked, id=34588, stack(0x0000003995c00000,0x0000003995d00000) (1024K)]
  0x000001f19fb331b0 JavaThread "Chunk Render Task Executor #7"        [_thread_blocked, id=4060, stack(0x0000003995d00000,0x0000003995e00000) (1024K)]
  0x000001f19fb37350 JavaThread "Chunk Render Task Executor #8"        [_thread_blocked, id=560, stack(0x0000003995e00000,0x0000003995f00000) (1024K)]
  0x000001f19fb34bf0 JavaThread "Chunk Render Task Executor #9"        [_thread_blocked, id=15940, stack(0x0000003995f00000,0x0000003996000000) (1024K)]
  0x000001f19fb3a140 JavaThread "DH-LodQuadTree Data Retrieval Queue Thread[0]"        [_thread_blocked, id=9704, stack(0x0000003980e00000,0x0000003980f00000) (1024K)]
  0x000001f19ffb3450 JavaThread "DH-Task Picker Re-queue Schedule Thread[0]" daemon [_thread_blocked, id=14916, stack(0x000000399b200000,0x000000399b300000) (1024K)]
  0x000001f19ffb2dc0 JavaThread "DH-Positional Lock Cleanup Thread[0]" daemon [_thread_blocked, id=26068, stack(0x000000398a300000,0x000000398a400000) (1024K)]
  0x000001f19ffaffd0 JavaThread "DH-ApplyConfigPresetTimer"  daemon [_thread_blocked, id=25728, stack(0x0000003984000000,0x0000003984100000) (1024K)]
  0x000001f19ffaec20 JavaThread "DH-ApplyConfigPresetTimer"  daemon [_thread_blocked, id=30804, stack(0x0000003984100000,0x0000003984200000) (1024K)]
  0x000001f19ffb9d50 JavaThread "DH-RenderCacheClearConfigTimer" daemon [_thread_blocked, id=5104, stack(0x0000003987e00000,0x0000003987f00000) (1024K)]
  0x000001f379a1b5d0 JavaThread "IO-Worker-9"                       [_thread_blocked, id=10872, stack(0x0000003989100000,0x0000003989200000) (1024K)]
  0x000001f379a13fb0 JavaThread "DH-Render Loader Thread[0]"        [_thread_blocked, id=33752, stack(0x0000003980c00000,0x0000003980d00000) (1024K)]
  0x000001f379a12c00 JavaThread "DH-Render Loader Thread[1]"        [_thread_blocked, id=33784, stack(0x0000003980d00000,0x0000003980e00000) (1024K)]
  0x000001f379a16710 JavaThread "DH-Render Loader Thread[2]"        [_thread_blocked, id=31024, stack(0x0000003981f00000,0x0000003982000000) (1024K)]
  0x000001f379a18150 JavaThread "DH-Render Loader Thread[3]"        [_thread_blocked, id=23956, stack(0x0000003983000000,0x0000003983100000) (1024K)]
  0x000001f379a14cd0 JavaThread "DH-Render Loader Thread[4]"        [_thread_blocked, id=24028, stack(0x0000003983500000,0x0000003983600000) (1024K)]
  0x000001f379a187e0 JavaThread "DH-Render Loader Thread[5]"        [_thread_blocked, id=10576, stack(0x0000003985200000,0x0000003985300000) (1024K)]
  0x000001f379a1a220 JavaThread "DH-Render Loader Thread[6]"        [_thread_blocked, id=15992, stack(0x0000003985600000,0x0000003985700000) (1024K)]
  0x000001f379a16da0 JavaThread "DH-Render Loader Thread[7]"        [_thread_blocked, id=24436, stack(0x0000003987500000,0x0000003987600000) (1024K)]
  0x000001f379a1dd30 JavaThread "DH-Render Loader Thread[8]"        [_thread_blocked, id=19008, stack(0x0000003987a00000,0x0000003987b00000) (1024K)]
  0x000001f379a1af40 JavaThread "DH-Render Loader Thread[9]"        [_thread_blocked, id=2312, stack(0x0000003987d00000,0x0000003987e00000) (1024K)]
  0x000001f379a1c2f0 JavaThread "DH-Render Loader Thread[10]"        [_thread_blocked, id=9520, stack(0x0000003988100000,0x0000003988200000) (1024K)]
  0x000001f379a1bc60 JavaThread "DH-Render Loader Thread[11]"        [_thread_blocked, id=23148, stack(0x0000003989400000,0x0000003989500000) (1024K)]
  0x000001f379a1a8b0 JavaThread "DH-LOD Builder Thread[0]"          [_thread_blocked, id=5772, stack(0x000000398a600000,0x000000398a700000) (1024K)]
  0x000001f379a1fe00 JavaThread "DH-LOD Builder Thread[1]"          [_thread_blocked, id=2344, stack(0x000000398af00000,0x000000398b000000) (1024K)]
  0x000001f379a20490 JavaThread "DH-LOD Builder Thread[2]"          [_thread_blocked, id=6464, stack(0x000000398b000000,0x000000398b100000) (1024K)]
  0x000001f379a20b20 JavaThread "DH-LOD Builder Thread[3]"          [_thread_blocked, id=27260, stack(0x000000398b500000,0x000000398b600000) (1024K)]
  0x000001f379a21840 JavaThread "DH-LOD Builder Thread[4]"          [_thread_blocked, id=9028, stack(0x000000398c200000,0x000000398c300000) (1024K)]
  0x000001f379a211b0 JavaThread "DH-LOD Builder Thread[5]"          [_thread_blocked, id=10968, stack(0x000000398c300000,0x000000398c400000) (1024K)]
  0x000001f379a1e3c0 JavaThread "DH-LOD Builder Thread[6]"          [_thread_blocked, id=2532, stack(0x000000398e100000,0x000000398e200000) (1024K)]
  0x000001f379a1f770 JavaThread "DH-LOD Builder Thread[7]"          [_thread_blocked, id=23272, stack(0x000000398e200000,0x000000398e300000) (1024K)]
  0x000001f379a1f0e0 JavaThread "DH-Update Propagator Thread[0]"        [_thread_blocked, id=23160, stack(0x000000398e300000,0x000000398e400000) (1024K)]
  0x000001f379a1ea50 JavaThread "DH-Update Propagator Thread[1]"        [_thread_blocked, id=19220, stack(0x000000398e400000,0x000000398e500000) (1024K)]
  0x000001f379a21ed0 JavaThread "DH-Update Propagator Thread[2]"        [_thread_blocked, id=19616, stack(0x000000398e500000,0x000000398e600000) (1024K)]
  0x000001f379a23fa0 JavaThread "DH-Update Propagator Thread[3]"        [_thread_blocked, id=33340, stack(0x000000398e600000,0x000000398e700000) (1024K)]
  0x000001f379a22bf0 JavaThread "DH-Update Propagator Thread[4]"        [_thread_blocked, id=22016, stack(0x000000398e700000,0x000000398e800000) (1024K)]
  0x000001f379a26700 JavaThread "DH-Update Propagator Thread[5]"        [_thread_blocked, id=22372, stack(0x000000398e800000,0x000000398e900000) (1024K)]
  0x000001f379a23280 JavaThread "DH-Update Propagator Thread[6]"        [_thread_blocked, id=7084, stack(0x000000398e900000,0x000000398ea00000) (1024K)]
  0x000001f379a23910 JavaThread "DH-Update Propagator Thread[7]"        [_thread_blocked, id=32268, stack(0x000000398ea00000,0x000000398eb00000) (1024K)]
  0x000001f379a25350 JavaThread "DH-Update Propagator Thread[8]"        [_thread_blocked, id=16280, stack(0x000000398eb00000,0x000000398ec00000) (1024K)]
  0x000001f379a26070 JavaThread "DH-Update Propagator Thread[9]"        [_thread_blocked, id=30392, stack(0x000000398ec00000,0x000000398ed00000) (1024K)]
  0x000001f379a26d90 JavaThread "DH-Update Propagator Thread[10]"        [_thread_blocked, id=16392, stack(0x000000398ed00000,0x000000398ee00000) (1024K)]
  0x000001f379a27420 JavaThread "DH-Update Propagator Thread[11]"        [_thread_blocked, id=20032, stack(0x000000398ee00000,0x000000398ef00000) (1024K)]
  0x000001f379a24630 JavaThread "DH-IO Thread[0]"                   [_thread_blocked, id=10416, stack(0x000000398ef00000,0x000000398f000000) (1024K)]
  0x000001f379a27ab0 JavaThread "DH-LOD Builder Thread[8]"          [_thread_blocked, id=26872, stack(0x000000398f000000,0x000000398f100000) (1024K)]
  0x000001f379a28140 JavaThread "DH-LOD Builder Thread[9]"          [_thread_blocked, id=2708, stack(0x000000398f100000,0x000000398f200000) (1024K)]
  0x000001f379a24cc0 JavaThread "DH-LOD Builder Thread[10]"         [_thread_blocked, id=4436, stack(0x000000398c400000,0x000000398c500000) (1024K)]
  0x000001f379a294f0 JavaThread "DH-LOD Builder Thread[11]"         [_thread_blocked, id=3840, stack(0x000000398c500000,0x000000398c600000) (1024K)]
  0x000001f379a2c2e0 JavaThread "DH-World Gen Thread[0]"            [_thread_in_Java, id=27848, stack(0x0000003987300000,0x0000003987400000) (1024K)]
  0x000001f379a2a210 JavaThread "DH-World Gen Thread[1]"            [_thread_in_Java, id=27400, stack(0x000000398a500000,0x000000398a600000) (1024K)]
  0x000001f379a2a8a0 JavaThread "DH-World Gen Thread[2]"            [_thread_in_Java, id=23284, stack(0x000000398f200000,0x000000398f300000) (1024K)]
  0x000001f379a2b5c0 JavaThread "DH-World Gen Thread[3]"            [_thread_in_Java, id=24192, stack(0x000000398f300000,0x000000398f400000) (1024K)]
  0x000001f379a2bc50 JavaThread "DH-World Gen Thread[4]"            [_thread_in_Java, id=12968, stack(0x000000398f400000,0x000000398f500000) (1024K)]
  0x000001f379a2f0d0 JavaThread "DH-World Gen Thread[5]"            [_thread_in_Java, id=23288, stack(0x000000398f500000,0x000000398f600000) (1024K)]
  0x000001f379a2d000 JavaThread "DH-World Gen Thread[6]"            [_thread_in_Java, id=35664, stack(0x000000398f600000,0x000000398f700000) (1024K)]
  0x000001f379a2fdf0 JavaThread "DH-World Gen Thread[7]"            [_thread_in_Java, id=35364, stack(0x000000398f700000,0x000000398f800000) (1024K)]
  0x000001f379a2c970 JavaThread "DH-World Gen Thread[8]"            [_thread_in_Java, id=11788, stack(0x000000398f800000,0x000000398f900000) (1024K)]
  0x000001f379a30480 JavaThread "DH-World Gen Thread[9]"            [_thread_in_Java, id=15232, stack(0x000000398f900000,0x000000398fa00000) (1024K)]
  0x000001f379a2e3b0 JavaThread "DH-World Gen Thread[10]"           [_thread_in_Java, id=22520, stack(0x000000398fa00000,0x000000398fb00000) (1024K)]
  0x000001f379a30b10 JavaThread "DH-IO Thread[1]"                   [_thread_blocked, id=14768, stack(0x000000398fb00000,0x000000398fc00000) (1024K)]
  0x000001f379a2d690 JavaThread "DH-IO Thread[2]"                   [_thread_blocked, id=5068, stack(0x0000003985400000,0x0000003985500000) (1024K)]
  0x000001f379a2dd20 JavaThread "DH-World Gen Thread[11]"           [_thread_in_Java, id=28592, stack(0x000000398fc00000,0x000000398fd00000) (1024K)]
  0x000001f379a2ea40 JavaThread "DH-IO Thread[3]"                   [_thread_blocked, id=35572, stack(0x000000398ac00000,0x000000398ad00000) (1024K)]
  0x000001f19fb24c00 JavaThread "DH-IO Thread[4]"                   [_thread_blocked, id=37616, stack(0x000000398a400000,0x000000398a500000) (1024K)]
  0x000001f19fb231c0 JavaThread "DH-IO Thread[5]"                   [_thread_blocked, id=7808, stack(0x000000398fd00000,0x000000398fe00000) (1024K)]
  0x000001f19fb26640 JavaThread "DH-IO Thread[6]"                   [_thread_blocked, id=35512, stack(0x0000003990100000,0x0000003990200000) (1024K)]
  0x000001f19fb26cd0 JavaThread "DH-IO Thread[7]"                   [_thread_blocked, id=12152, stack(0x0000003989700000,0x0000003989800000) (1024K)]
  0x000001f19fb25fb0 JavaThread "DH-IO Thread[8]"                   [_thread_blocked, id=10804, stack(0x0000003990200000,0x0000003990300000) (1024K)]
  0x000001f19fb25920 JavaThread "DH-IO Thread[9]"                   [_thread_blocked, id=18860, stack(0x0000003990700000,0x0000003990800000) (1024K)]
  0x000001f19fb2ae70 JavaThread "DH-IO Thread[10]"                  [_thread_blocked, id=1840, stack(0x0000003990300000,0x0000003990400000) (1024K)]
  0x000001f19fb28710 JavaThread "DH-IO Thread[11]"                  [_thread_blocked, id=7272, stack(0x0000003990500000,0x0000003990600000) (1024K)]
Total: 245

Other Threads:
  0x000001f13fd4c560 VMThread "VM Thread"                           [id=14736, stack(0x0000003981600000,0x0000003981700000) (1024K)]
  0x000001f13fce03f0 WatcherThread "VM Periodic Task Thread"        [id=37060, stack(0x0000003981500000,0x0000003981600000) (1024K)]
  0x000001f13c7711c0 WorkerThread "GC Thread#0"                     [id=11796, stack(0x0000003981000000,0x0000003981100000) (1024K)]
  0x000001f145077cf0 WorkerThread "GC Thread#1"                     [id=27832, stack(0x0000003982500000,0x0000003982600000) (1024K)]
  0x000001f145149f20 WorkerThread "GC Thread#2"                     [id=28072, stack(0x0000003982600000,0x0000003982700000) (1024K)]
  0x000001f14514a2c0 WorkerThread "GC Thread#3"                     [id=35748, stack(0x0000003982700000,0x0000003982800000) (1024K)]
  0x000001f14514a660 WorkerThread "GC Thread#4"                     [id=26348, stack(0x0000003982800000,0x0000003982900000) (1024K)]
  0x000001f14514b610 WorkerThread "GC Thread#5"                     [id=33740, stack(0x0000003982900000,0x0000003982a00000) (1024K)]
  0x000001f14514b9b0 WorkerThread "GC Thread#6"                     [id=14480, stack(0x0000003982a00000,0x0000003982b00000) (1024K)]
  0x000001f145150160 WorkerThread "GC Thread#7"                     [id=26436, stack(0x0000003982b00000,0x0000003982c00000) (1024K)]
  0x000001f145159040 WorkerThread "GC Thread#8"                     [id=14960, stack(0x0000003982c00000,0x0000003982d00000) (1024K)]
  0x000001f145158ca0 WorkerThread "GC Thread#9"                     [id=27948, stack(0x0000003982d00000,0x0000003982e00000) (1024K)]
  0x000001f145159ec0 WorkerThread "GC Thread#10"                    [id=20788, stack(0x0000003982e00000,0x0000003982f00000) (1024K)]
  0x000001f1451593e0 WorkerThread "GC Thread#11"                    [id=20360, stack(0x0000003982f00000,0x0000003983000000) (1024K)]
  0x000001f148c6a3c0 WorkerThread "GC Thread#12"                    [id=6508, stack(0x0000003985900000,0x0000003985a00000) (1024K)]
  0x000001f14a08ed30 WorkerThread "GC Thread#13"                    [id=18344, stack(0x0000003985a00000,0x0000003985b00000) (1024K)]
  0x000001f14a08f0d0 WorkerThread "GC Thread#14"                    [id=11972, stack(0x0000003985b00000,0x0000003985c00000) (1024K)]
  0x000001f14a090a30 WorkerThread "GC Thread#15"                    [id=5488, stack(0x0000003985c00000,0x0000003985d00000) (1024K)]
  0x000001f14a08ff50 WorkerThread "GC Thread#16"                    [id=30372, stack(0x0000003985d00000,0x0000003985e00000) (1024K)]
  0x000001f14a08fbb0 WorkerThread "GC Thread#17"                    [id=24616, stack(0x0000003985e00000,0x0000003985f00000) (1024K)]
  0x000001f114d3eb30 ConcurrentGCThread "G1 Main Marker"            [id=18876, stack(0x0000003981100000,0x0000003981200000) (1024K)]
  0x000001f13c780e40 WorkerThread "G1 Conc#0"                       [id=17096, stack(0x0000003981200000,0x0000003981300000) (1024K)]
  0x000001f148c6c0c0 WorkerThread "G1 Conc#1"                       [id=10696, stack(0x0000003984d00000,0x0000003984e00000) (1024K)]
  0x000001f148c6b5e0 WorkerThread "G1 Conc#2"                       [id=28264, stack(0x0000003984e00000,0x0000003984f00000) (1024K)]
  0x000001f148c686c0 WorkerThread "G1 Conc#3"                       [id=35236, stack(0x0000003984f00000,0x0000003985000000) (1024K)]
  0x000001f148c68a60 WorkerThread "G1 Conc#4"                       [id=31844, stack(0x0000003985000000,0x0000003985100000) (1024K)]
  0x000001f13c84fb40 ConcurrentGCThread "G1 Refine#0"               [id=25400, stack(0x0000003981300000,0x0000003981400000) (1024K)]
  0x000001f13c850360 ConcurrentGCThread "G1 Service"                [id=14912, stack(0x0000003981400000,0x0000003981500000) (1024K)]
Total: 28

Threads with active compile tasks:
Total: 0

VM state: not at safepoint (normal execution)

VM Mutex/Monitor currently owned by a thread: None

Heap address: 0x0000000400000000, size: 16384 MB, Compressed Oops mode: Zero based, Oop shift amount: 3

CDS archive(s) not mapped
Compressed class space mapped at: 0x0000000800000000-0x0000000840000000, reserved size: 1073741824
Narrow klass base: 0x0000000800000000, Narrow klass shift: 0, Narrow klass range: 0x40000000

GC Precious Log:
 CardTable entry size: 512
 Card Set container configuration: InlinePtr #cards 4 size 8 Array Of Cards #cards 64 size 144 Howl #buckets 8 coarsen threshold 14745 Howl Bitmap #cards 2048 size 272 coarsen threshold 1843 Card regions per heap region 1 cards per card region 16384
 CPUs: 24 total, 24 available
 Memory: 31848M
 Large Page Support: Disabled
 NUMA Support: Disabled
 Compressed Oops: Enabled (Zero based)
 Heap Region Size: 8M
 Heap Min Capacity: 512M
 Heap Initial Capacity: 512M
 Heap Max Capacity: 16G
 Pre-touch: Disabled
 Parallel Workers: 18
 Concurrent Workers: 5
 Concurrent Refinement Workers: 18
 Periodic GC: Disabled

Heap:
 garbage-first heap   total 6651904K, used 4000695K [0x0000000400000000, 0x0000000800000000)
  region size 8192K, 209 young (1712128K), 27 survivors (221184K)
 Metaspace       used 298335K, committed 301888K, reserved 1310720K
  class space    used 45930K, committed 47488K, reserved 1048576K

Heap Regions: E=young(eden), S=young(survivor), O=old, HS=humongous(starts), HC=humongous(continues), CS=collection set, F=free, TAMS=top-at-mark-start, PB=parsable bottom
|   0|0x0000000400000000, 0x0000000400800000, 0x0000000400800000|100%| O|  |TAMS 0x0000000400000000| PB 0x0000000400000000| Untracked 
|   1|0x0000000400800000, 0x0000000401000000, 0x0000000401000000|100%|HS|  |TAMS 0x0000000400800000| PB 0x0000000400800000| Complete 
|   2|0x0000000401000000, 0x0000000401800000, 0x0000000401800000|100%|HS|  |TAMS 0x0000000401000000| PB 0x0000000401000000| Complete 
|   3|0x0000000401800000, 0x0000000402000000, 0x0000000402000000|100%|HC|  |TAMS 0x0000000401800000| PB 0x0000000401800000| Complete 
|   4|0x0000000402000000, 0x0000000402800000, 0x0000000402800000|100%|HS|  |TAMS 0x0000000402000000| PB 0x0000000402000000| Complete 
|   5|0x0000000402800000, 0x0000000403000000, 0x0000000403000000|100%|HC|  |TAMS 0x0000000402800000| PB 0x0000000402800000| Complete 
|   6|0x0000000403000000, 0x0000000403800000, 0x0000000403800000|100%|HS|  |TAMS 0x0000000403000000| PB 0x0000000403000000| Complete 
|   7|0x0000000403800000, 0x0000000404000000, 0x0000000404000000|100%| O|  |TAMS 0x0000000403800000| PB 0x0000000403800000| Untracked 
|   8|0x0000000404000000, 0x0000000404800000, 0x0000000404800000|100%| O|  |TAMS 0x0000000404000000| PB 0x0000000404000000| Untracked 
|   9|0x0000000404800000, 0x0000000405000000, 0x0000000405000000|100%| O|  |TAMS 0x0000000404800000| PB 0x0000000404800000| Untracked 
|  10|0x0000000405000000, 0x0000000405800000, 0x0000000405800000|100%| O|  |TAMS 0x0000000405000000| PB 0x0000000405000000| Untracked 
|  11|0x0000000405800000, 0x0000000406000000, 0x0000000406000000|100%| O|  |TAMS 0x0000000405800000| PB 0x0000000405800000| Untracked 
|  12|0x0000000406000000, 0x0000000406800000, 0x0000000406800000|100%|HS|  |TAMS 0x0000000406000000| PB 0x0000000406000000| Complete 
|  13|0x0000000406800000, 0x0000000407000000, 0x0000000407000000|100%|HC|  |TAMS 0x0000000406800000| PB 0x0000000406800000| Complete 
|  14|0x0000000407000000, 0x0000000407800000, 0x0000000407800000|100%|HC|  |TAMS 0x0000000407000000| PB 0x0000000407000000| Complete 
|  15|0x0000000407800000, 0x0000000408000000, 0x0000000408000000|100%|HC|  |TAMS 0x0000000407800000| PB 0x0000000407800000| Complete 
|  16|0x0000000408000000, 0x0000000408800000, 0x0000000408800000|100%|HS|  |TAMS 0x0000000408000000| PB 0x0000000408000000| Complete 
|  17|0x0000000408800000, 0x0000000409000000, 0x0000000409000000|100%|HC|  |TAMS 0x0000000408800000| PB 0x0000000408800000| Complete 
|  18|0x0000000409000000, 0x0000000409800000, 0x0000000409800000|100%|HC|  |TAMS 0x0000000409000000| PB 0x0000000409000000| Complete 
|  19|0x0000000409800000, 0x000000040a000000, 0x000000040a000000|100%|HC|  |TAMS 0x0000000409800000| PB 0x0000000409800000| Complete 
|  20|0x000000040a000000, 0x000000040a800000, 0x000000040a800000|100%|HS|  |TAMS 0x000000040a000000| PB 0x000000040a000000| Complete 
|  21|0x000000040a800000, 0x000000040b000000, 0x000000040b000000|100%|HC|  |TAMS 0x000000040a800000| PB 0x000000040a800000| Complete 
|  22|0x000000040b000000, 0x000000040b800000, 0x000000040b800000|100%| O|  |TAMS 0x000000040b000000| PB 0x000000040b000000| Untracked 
|  23|0x000000040b800000, 0x000000040c000000, 0x000000040c000000|100%| O|  |TAMS 0x000000040b800000| PB 0x000000040b800000| Untracked 
|  24|0x000000040c000000, 0x000000040c800000, 0x000000040c800000|100%| O|  |TAMS 0x000000040c000000| PB 0x000000040c000000| Untracked 
|  25|0x000000040c800000, 0x000000040d000000, 0x000000040d000000|100%| O|  |TAMS 0x000000040c800000| PB 0x000000040c800000| Untracked 
|  26|0x000000040d000000, 0x000000040d800000, 0x000000040d800000|100%| O|  |TAMS 0x000000040d000000| PB 0x000000040d000000| Untracked 
|  27|0x000000040d800000, 0x000000040e000000, 0x000000040e000000|100%| O|  |TAMS 0x000000040d800000| PB 0x000000040d800000| Untracked 
|  28|0x000000040e000000, 0x000000040e800000, 0x000000040e800000|100%|HS|  |TAMS 0x000000040e000000| PB 0x000000040e000000| Complete 
|  29|0x000000040e800000, 0x000000040f000000, 0x000000040f000000|100%| O|  |TAMS 0x000000040e800000| PB 0x000000040e800000| Untracked 
|  30|0x000000040f000000, 0x000000040f800000, 0x000000040f800000|100%| O|  |TAMS 0x000000040f000000| PB 0x000000040f000000| Untracked 
|  31|0x000000040f800000, 0x0000000410000000, 0x0000000410000000|100%| O|  |TAMS 0x000000040f800000| PB 0x000000040f800000| Untracked 
|  32|0x0000000410000000, 0x0000000410800000, 0x0000000410800000|100%| O|  |TAMS 0x0000000410000000| PB 0x0000000410000000| Untracked 
|  33|0x0000000410800000, 0x0000000411000000, 0x0000000411000000|100%| O|  |TAMS 0x0000000410800000| PB 0x0000000410800000| Untracked 
|  34|0x0000000411000000, 0x0000000411800000, 0x0000000411800000|100%| O|  |TAMS 0x0000000411000000| PB 0x0000000411000000| Untracked 
|  35|0x0000000411800000, 0x0000000412000000, 0x0000000412000000|100%|HS|  |TAMS 0x0000000411800000| PB 0x0000000411800000| Complete 
|  36|0x0000000412000000, 0x0000000412800000, 0x0000000412800000|100%|HC|  |TAMS 0x0000000412000000| PB 0x0000000412000000| Complete 
|  37|0x0000000412800000, 0x0000000413000000, 0x0000000413000000|100%|HC|  |TAMS 0x0000000412800000| PB 0x0000000412800000| Complete 
|  38|0x0000000413000000, 0x0000000413800000, 0x0000000413800000|100%|HC|  |TAMS 0x0000000413000000| PB 0x0000000413000000| Complete 
|  39|0x0000000413800000, 0x0000000414000000, 0x0000000414000000|100%| O|  |TAMS 0x0000000413800000| PB 0x0000000413800000| Untracked 
|  40|0x0000000414000000, 0x0000000414800000, 0x0000000414800000|100%| O|  |TAMS 0x0000000414000000| PB 0x0000000414000000| Untracked 
|  41|0x0000000414800000, 0x0000000415000000, 0x0000000415000000|100%| O|  |TAMS 0x0000000414800000| PB 0x0000000414800000| Untracked 
|  42|0x0000000415000000, 0x0000000415800000, 0x0000000415800000|100%| O|  |TAMS 0x0000000415000000| PB 0x0000000415000000| Untracked 
|  43|0x0000000415800000, 0x0000000416000000, 0x0000000416000000|100%| O|  |TAMS 0x0000000415800000| PB 0x0000000415800000| Untracked 
|  44|0x0000000416000000, 0x0000000416800000, 0x0000000416800000|100%| O|  |TAMS 0x0000000416000000| PB 0x0000000416000000| Untracked 
|  45|0x0000000416800000, 0x0000000417000000, 0x0000000417000000|100%| O|  |TAMS 0x0000000416800000| PB 0x0000000416800000| Untracked 
|  46|0x0000000417000000, 0x0000000417800000, 0x0000000417800000|100%| O|  |TAMS 0x0000000417000000| PB 0x0000000417000000| Untracked 
|  47|0x0000000417800000, 0x0000000418000000, 0x0000000418000000|100%| O|  |TAMS 0x0000000417800000| PB 0x0000000417800000| Untracked 
|  48|0x0000000418000000, 0x0000000418800000, 0x0000000418800000|100%|HS|  |TAMS 0x0000000418000000| PB 0x0000000418000000| Complete 
|  49|0x0000000418800000, 0x0000000419000000, 0x0000000419000000|100%| O|  |TAMS 0x0000000418800000| PB 0x0000000418800000| Untracked 
|  50|0x0000000419000000, 0x0000000419800000, 0x0000000419800000|100%| O|  |TAMS 0x0000000419000000| PB 0x0000000419000000| Untracked 
|  51|0x0000000419800000, 0x000000041a000000, 0x000000041a000000|100%| O|  |TAMS 0x0000000419800000| PB 0x0000000419800000| Untracked 
|  52|0x000000041a000000, 0x000000041a800000, 0x000000041a800000|100%| O|  |TAMS 0x000000041a000000| PB 0x000000041a000000| Untracked 
|  53|0x000000041a800000, 0x000000041b000000, 0x000000041b000000|100%| O|  |TAMS 0x000000041a800000| PB 0x000000041a800000| Untracked 
|  54|0x000000041b000000, 0x000000041b800000, 0x000000041b800000|100%| O|  |TAMS 0x000000041b000000| PB 0x000000041b000000| Untracked 
|  55|0x000000041b800000, 0x000000041c000000, 0x000000041c000000|100%| O|  |TAMS 0x000000041b800000| PB 0x000000041b800000| Untracked 
|  56|0x000000041c000000, 0x000000041c800000, 0x000000041c800000|100%| O|  |TAMS 0x000000041c000000| PB 0x000000041c000000| Untracked 
|  57|0x000000041c800000, 0x000000041d000000, 0x000000041d000000|100%| O|  |TAMS 0x000000041c800000| PB 0x000000041c800000| Untracked 
|  58|0x000000041d000000, 0x000000041d800000, 0x000000041d800000|100%| O|  |TAMS 0x000000041d000000| PB 0x000000041d000000| Untracked 
|  59|0x000000041d800000, 0x000000041e000000, 0x000000041e000000|100%| O|  |TAMS 0x000000041d800000| PB 0x000000041d800000| Untracked 
|  60|0x000000041e000000, 0x000000041e800000, 0x000000041e800000|100%| O|  |TAMS 0x000000041e000000| PB 0x000000041e000000| Untracked 
|  61|0x000000041e800000, 0x000000041f000000, 0x000000041f000000|100%| O|  |TAMS 0x000000041e800000| PB 0x000000041e800000| Untracked 
|  62|0x000000041f000000, 0x000000041f800000, 0x000000041f800000|100%| O|  |TAMS 0x000000041f000000| PB 0x000000041f000000| Untracked 
|  63|0x000000041f800000, 0x0000000420000000, 0x0000000420000000|100%| O|  |TAMS 0x000000041f800000| PB 0x000000041f800000| Untracked 
|  64|0x0000000420000000, 0x0000000420800000, 0x0000000420800000|100%| O|  |TAMS 0x0000000420000000| PB 0x0000000420000000| Untracked 
|  65|0x0000000420800000, 0x0000000421000000, 0x0000000421000000|100%| O|  |TAMS 0x0000000420800000| PB 0x0000000420800000| Untracked 
|  66|0x0000000421000000, 0x0000000421800000, 0x0000000421800000|100%| O|  |TAMS 0x0000000421000000| PB 0x0000000421000000| Untracked 
|  67|0x0000000421800000, 0x0000000422000000, 0x0000000422000000|100%| O|  |TAMS 0x0000000421800000| PB 0x0000000421800000| Untracked 
|  68|0x0000000422000000, 0x0000000422800000, 0x0000000422800000|100%| O|  |TAMS 0x0000000422000000| PB 0x0000000422000000| Untracked 
|  69|0x0000000422800000, 0x0000000423000000, 0x0000000423000000|100%| O|  |TAMS 0x0000000422800000| PB 0x0000000422800000| Untracked 
|  70|0x0000000423000000, 0x0000000423800000, 0x0000000423800000|100%| O|  |TAMS 0x0000000423000000| PB 0x0000000423000000| Untracked 
|  71|0x0000000423800000, 0x0000000424000000, 0x0000000424000000|100%| O|  |TAMS 0x0000000423800000| PB 0x0000000423800000| Untracked 
|  72|0x0000000424000000, 0x0000000424800000, 0x0000000424800000|100%| O|  |TAMS 0x0000000424000000| PB 0x0000000424000000| Untracked 
|  73|0x0000000424800000, 0x0000000425000000, 0x0000000425000000|100%| O|  |TAMS 0x0000000424800000| PB 0x0000000424800000| Untracked 
|  74|0x0000000425000000, 0x0000000425800000, 0x0000000425800000|100%| O|  |TAMS 0x0000000425000000| PB 0x0000000425000000| Untracked 
|  75|0x0000000425800000, 0x0000000426000000, 0x0000000426000000|100%| O|  |TAMS 0x0000000425800000| PB 0x0000000425800000| Untracked 
|  76|0x0000000426000000, 0x0000000426800000, 0x0000000426800000|100%| O|  |TAMS 0x0000000426000000| PB 0x0000000426000000| Untracked 
|  77|0x0000000426800000, 0x0000000427000000, 0x0000000427000000|100%| O|  |TAMS 0x0000000426800000| PB 0x0000000426800000| Untracked 
|  78|0x0000000427000000, 0x0000000427800000, 0x0000000427800000|100%| O|  |TAMS 0x0000000427000000| PB 0x0000000427000000| Untracked 
|  79|0x0000000427800000, 0x0000000428000000, 0x0000000428000000|100%| O|  |TAMS 0x0000000427800000| PB 0x0000000427800000| Untracked 
|  80|0x0000000428000000, 0x0000000428800000, 0x0000000428800000|100%| O|  |TAMS 0x0000000428000000| PB 0x0000000428000000| Untracked 
|  81|0x0000000428800000, 0x0000000429000000, 0x0000000429000000|100%| O|  |TAMS 0x0000000428800000| PB 0x0000000428800000| Untracked 
|  82|0x0000000429000000, 0x0000000429800000, 0x0000000429800000|100%| O|  |TAMS 0x0000000429000000| PB 0x0000000429000000| Untracked 
|  83|0x0000000429800000, 0x000000042a000000, 0x000000042a000000|100%| O|  |TAMS 0x0000000429800000| PB 0x0000000429800000| Untracked 
|  84|0x000000042a000000, 0x000000042a800000, 0x000000042a800000|100%| O|  |TAMS 0x000000042a000000| PB 0x000000042a000000| Untracked 
|  85|0x000000042a800000, 0x000000042af0e1f8, 0x000000042b000000| 88%| O|  |TAMS 0x000000042a800000| PB 0x000000042a800000| Untracked 
|  86|0x000000042b000000, 0x000000042b800000, 0x000000042b800000|100%| O|  |TAMS 0x000000042b000000| PB 0x000000042b000000| Untracked 
|  87|0x000000042b800000, 0x000000042c000000, 0x000000042c000000|100%| O|  |TAMS 0x000000042b800000| PB 0x000000042b800000| Untracked 
|  88|0x000000042c000000, 0x000000042c800000, 0x000000042c800000|100%| O|  |TAMS 0x000000042c000000| PB 0x000000042c000000| Untracked 
|  89|0x000000042c800000, 0x000000042d000000, 0x000000042d000000|100%| O|  |TAMS 0x000000042c800000| PB 0x000000042c800000| Untracked 
|  90|0x000000042d000000, 0x000000042d800000, 0x000000042d800000|100%| O|  |TAMS 0x000000042d000000| PB 0x000000042d000000| Untracked 
|  91|0x000000042d800000, 0x000000042e000000, 0x000000042e000000|100%|HS|  |TAMS 0x000000042d800000| PB 0x000000042d800000| Complete 
|  92|0x000000042e000000, 0x000000042e800000, 0x000000042e800000|100%|HS|  |TAMS 0x000000042e000000| PB 0x000000042e000000| Complete 
|  93|0x000000042e800000, 0x000000042f000000, 0x000000042f000000|100%| O|  |TAMS 0x000000042e800000| PB 0x000000042e800000| Untracked 
|  94|0x000000042f000000, 0x000000042f800000, 0x000000042f800000|100%| O|  |TAMS 0x000000042f000000| PB 0x000000042f000000| Untracked 
|  95|0x000000042f800000, 0x0000000430000000, 0x0000000430000000|100%| O|  |TAMS 0x000000042f800000| PB 0x000000042f800000| Untracked 
|  96|0x0000000430000000, 0x0000000430800000, 0x0000000430800000|100%| O|  |TAMS 0x0000000430000000| PB 0x0000000430000000| Untracked 
|  97|0x0000000430800000, 0x0000000431000000, 0x0000000431000000|100%| O|  |TAMS 0x0000000430800000| PB 0x0000000430800000| Untracked 
|  98|0x0000000431000000, 0x0000000431800000, 0x0000000431800000|100%| O|  |TAMS 0x0000000431000000| PB 0x0000000431000000| Untracked 
|  99|0x0000000431800000, 0x0000000432000000, 0x0000000432000000|100%| O|  |TAMS 0x0000000431800000| PB 0x0000000431800000| Untracked 
| 100|0x0000000432000000, 0x0000000432800000, 0x0000000432800000|100%| O|  |TAMS 0x0000000432000000| PB 0x0000000432000000| Untracked 
| 101|0x0000000432800000, 0x0000000433000000, 0x0000000433000000|100%| O|  |TAMS 0x0000000432800000| PB 0x0000000432800000| Untracked 
| 102|0x0000000433000000, 0x0000000433800000, 0x0000000433800000|100%| O|  |TAMS 0x0000000433000000| PB 0x0000000433000000| Untracked 
| 103|0x0000000433800000, 0x0000000434000000, 0x0000000434000000|100%| O|  |TAMS 0x0000000433800000| PB 0x0000000433800000| Untracked 
| 104|0x0000000434000000, 0x0000000434800000, 0x0000000434800000|100%| O|  |TAMS 0x0000000434000000| PB 0x0000000434000000| Untracked 
| 105|0x0000000434800000, 0x0000000435000000, 0x0000000435000000|100%| O|  |TAMS 0x0000000434800000| PB 0x0000000434800000| Untracked 
| 106|0x0000000435000000, 0x0000000435800000, 0x0000000435800000|100%| O|  |TAMS 0x0000000435000000| PB 0x0000000435000000| Untracked 
| 107|0x0000000435800000, 0x0000000436000000, 0x0000000436000000|100%| O|  |TAMS 0x0000000435800000| PB 0x0000000435800000| Untracked 
| 108|0x0000000436000000, 0x0000000436800000, 0x0000000436800000|100%| O|  |TAMS 0x0000000436000000| PB 0x0000000436000000| Untracked 
| 109|0x0000000436800000, 0x0000000437000000, 0x0000000437000000|100%| O|  |TAMS 0x0000000436800000| PB 0x0000000436800000| Untracked 
| 110|0x0000000437000000, 0x0000000437800000, 0x0000000437800000|100%| O|  |TAMS 0x0000000437000000| PB 0x0000000437000000| Untracked 
| 111|0x0000000437800000, 0x0000000438000000, 0x0000000438000000|100%| O|  |TAMS 0x0000000437800000| PB 0x0000000437800000| Untracked 
| 112|0x0000000438000000, 0x0000000438000000, 0x0000000438800000|  0%| F|  |TAMS 0x0000000438000000| PB 0x0000000438000000| Untracked 
| 113|0x0000000438800000, 0x0000000439000000, 0x0000000439000000|100%| O|  |TAMS 0x0000000438800000| PB 0x0000000438800000| Untracked 
| 114|0x0000000439000000, 0x0000000439800000, 0x0000000439800000|100%| O|  |TAMS 0x0000000439000000| PB 0x0000000439000000| Untracked 
| 115|0x0000000439800000, 0x000000043a000000, 0x000000043a000000|100%| O|  |TAMS 0x0000000439800000| PB 0x0000000439800000| Untracked 
| 116|0x000000043a000000, 0x000000043a800000, 0x000000043a800000|100%| O|  |TAMS 0x000000043a000000| PB 0x000000043a000000| Untracked 
| 117|0x000000043a800000, 0x000000043b000000, 0x000000043b000000|100%| O|  |TAMS 0x000000043a800000| PB 0x000000043a800000| Untracked 
| 118|0x000000043b000000, 0x000000043b800000, 0x000000043b800000|100%| O|  |TAMS 0x000000043b000000| PB 0x000000043b000000| Untracked 
| 119|0x000000043b800000, 0x000000043c000000, 0x000000043c000000|100%| O|  |TAMS 0x000000043b800000| PB 0x000000043b800000| Untracked 
| 120|0x000000043c000000, 0x000000043c800000, 0x000000043c800000|100%| O|  |TAMS 0x000000043c000000| PB 0x000000043c000000| Untracked 
| 121|0x000000043c800000, 0x000000043d000000, 0x000000043d000000|100%| O|  |TAMS 0x000000043c800000| PB 0x000000043c800000| Untracked 
| 122|0x000000043d000000, 0x000000043d800000, 0x000000043d800000|100%| O|  |TAMS 0x000000043d000000| PB 0x000000043d000000| Untracked 
| 123|0x000000043d800000, 0x000000043e000000, 0x000000043e000000|100%| O|  |TAMS 0x000000043d800000| PB 0x000000043d800000| Untracked 
| 124|0x000000043e000000, 0x000000043e800000, 0x000000043e800000|100%| O|  |TAMS 0x000000043e000000| PB 0x000000043e000000| Untracked 
| 125|0x000000043e800000, 0x000000043f000000, 0x000000043f000000|100%| O|  |TAMS 0x000000043e800000| PB 0x000000043e800000| Untracked 
| 126|0x000000043f000000, 0x000000043f800000, 0x000000043f800000|100%| O|  |TAMS 0x000000043f000000| PB 0x000000043f000000| Untracked 
| 127|0x000000043f800000, 0x0000000440000000, 0x0000000440000000|100%| O|  |TAMS 0x000000043f800000| PB 0x000000043f800000| Untracked 
| 128|0x0000000440000000, 0x0000000440800000, 0x0000000440800000|100%| O|  |TAMS 0x0000000440000000| PB 0x0000000440000000| Untracked 
| 129|0x0000000440800000, 0x0000000441000000, 0x0000000441000000|100%| O|  |TAMS 0x0000000440800000| PB 0x0000000440800000| Untracked 
| 130|0x0000000441000000, 0x0000000441800000, 0x0000000441800000|100%| O|  |TAMS 0x0000000441000000| PB 0x0000000441000000| Untracked 
| 131|0x0000000441800000, 0x0000000442000000, 0x0000000442000000|100%| O|  |TAMS 0x0000000441800000| PB 0x0000000441800000| Untracked 
| 132|0x0000000442000000, 0x0000000442800000, 0x0000000442800000|100%| O|  |TAMS 0x0000000442000000| PB 0x0000000442000000| Untracked 
| 133|0x0000000442800000, 0x0000000443000000, 0x0000000443000000|100%| O|  |TAMS 0x0000000442800000| PB 0x0000000442800000| Untracked 
| 134|0x0000000443000000, 0x0000000443800000, 0x0000000443800000|100%| O|  |TAMS 0x0000000443000000| PB 0x0000000443000000| Untracked 
| 135|0x0000000443800000, 0x0000000444000000, 0x0000000444000000|100%| O|  |TAMS 0x0000000443800000| PB 0x0000000443800000| Untracked 
| 136|0x0000000444000000, 0x0000000444800000, 0x0000000444800000|100%| O|  |TAMS 0x0000000444000000| PB 0x0000000444000000| Untracked 
| 137|0x0000000444800000, 0x0000000445000000, 0x0000000445000000|100%| O|  |TAMS 0x0000000444800000| PB 0x0000000444800000| Untracked 
| 138|0x0000000445000000, 0x0000000445800000, 0x0000000445800000|100%| O|  |TAMS 0x0000000445000000| PB 0x0000000445000000| Untracked 
| 139|0x0000000445800000, 0x0000000446000000, 0x0000000446000000|100%| O|  |TAMS 0x0000000445800000| PB 0x0000000445800000| Untracked 
| 140|0x0000000446000000, 0x0000000446800000, 0x0000000446800000|100%| O|  |TAMS 0x0000000446000000| PB 0x0000000446000000| Untracked 
| 141|0x0000000446800000, 0x0000000447000000, 0x0000000447000000|100%| O|  |TAMS 0x0000000446800000| PB 0x0000000446800000| Untracked 
| 142|0x0000000447000000, 0x0000000447800000, 0x0000000447800000|100%| O|  |TAMS 0x0000000447000000| PB 0x0000000447000000| Untracked 
| 143|0x0000000447800000, 0x0000000448000000, 0x0000000448000000|100%| O|  |TAMS 0x0000000447800000| PB 0x0000000447800000| Untracked 
| 144|0x0000000448000000, 0x0000000448800000, 0x0000000448800000|100%| O|  |TAMS 0x0000000448000000| PB 0x0000000448000000| Untracked 
| 145|0x0000000448800000, 0x0000000449000000, 0x0000000449000000|100%| O|  |TAMS 0x0000000448800000| PB 0x0000000448800000| Untracked 
| 146|0x0000000449000000, 0x0000000449800000, 0x0000000449800000|100%| O|  |TAMS 0x0000000449000000| PB 0x0000000449000000| Untracked 
| 147|0x0000000449800000, 0x000000044a000000, 0x000000044a000000|100%| O|  |TAMS 0x0000000449800000| PB 0x0000000449800000| Untracked 
| 148|0x000000044a000000, 0x000000044a800000, 0x000000044a800000|100%| O|  |TAMS 0x000000044a000000| PB 0x000000044a000000| Untracked 
| 149|0x000000044a800000, 0x000000044b000000, 0x000000044b000000|100%| O|  |TAMS 0x000000044a800000| PB 0x000000044a800000| Untracked 
| 150|0x000000044b000000, 0x000000044b800000, 0x000000044b800000|100%| O|  |TAMS 0x000000044b000000| PB 0x000000044b000000| Untracked 
| 151|0x000000044b800000, 0x000000044c000000, 0x000000044c000000|100%| O|  |TAMS 0x000000044b800000| PB 0x000000044b800000| Untracked 
| 152|0x000000044c000000, 0x000000044c800000, 0x000000044c800000|100%| O|  |TAMS 0x000000044c000000| PB 0x000000044c000000| Untracked 
| 153|0x000000044c800000, 0x000000044d000000, 0x000000044d000000|100%| O|  |TAMS 0x000000044c800000| PB 0x000000044c800000| Untracked 
| 154|0x000000044d000000, 0x000000044d800000, 0x000000044d800000|100%| O|  |TAMS 0x000000044d000000| PB 0x000000044d000000| Untracked 
| 155|0x000000044d800000, 0x000000044e000000, 0x000000044e000000|100%| O|  |TAMS 0x000000044d800000| PB 0x000000044d800000| Untracked 
| 156|0x000000044e000000, 0x000000044e800000, 0x000000044e800000|100%| O|  |TAMS 0x000000044e000000| PB 0x000000044e000000| Untracked 
| 157|0x000000044e800000, 0x000000044f000000, 0x000000044f000000|100%| O|  |TAMS 0x000000044e800000| PB 0x000000044e800000| Untracked 
| 158|0x000000044f000000, 0x000000044f800000, 0x000000044f800000|100%| O|  |TAMS 0x000000044f000000| PB 0x000000044f000000| Untracked 
| 159|0x000000044f800000, 0x0000000450000000, 0x0000000450000000|100%| O|  |TAMS 0x000000044f800000| PB 0x000000044f800000| Untracked 
| 160|0x0000000450000000, 0x0000000450800000, 0x0000000450800000|100%| O|  |TAMS 0x0000000450000000| PB 0x0000000450000000| Untracked 
| 161|0x0000000450800000, 0x0000000451000000, 0x0000000451000000|100%| O|  |TAMS 0x0000000450800000| PB 0x0000000450800000| Untracked 
| 162|0x0000000451000000, 0x0000000451800000, 0x0000000451800000|100%| O|  |TAMS 0x0000000451000000| PB 0x0000000451000000| Untracked 
| 163|0x0000000451800000, 0x0000000452000000, 0x0000000452000000|100%| O|  |TAMS 0x0000000451800000| PB 0x0000000451800000| Untracked 
| 164|0x0000000452000000, 0x0000000452800000, 0x0000000452800000|100%| O|  |TAMS 0x0000000452000000| PB 0x0000000452000000| Untracked 
| 165|0x0000000452800000, 0x0000000453000000, 0x0000000453000000|100%| O|  |TAMS 0x0000000452800000| PB 0x0000000452800000| Untracked 
| 166|0x0000000453000000, 0x0000000453000000, 0x0000000453800000|  0%| F|  |TAMS 0x0000000453000000| PB 0x0000000453000000| Untracked 
| 167|0x0000000453800000, 0x0000000454000000, 0x0000000454000000|100%| O|  |TAMS 0x0000000453800000| PB 0x0000000453800000| Untracked 
| 168|0x0000000454000000, 0x0000000454800000, 0x0000000454800000|100%| O|  |TAMS 0x0000000454000000| PB 0x0000000454000000| Untracked 
| 169|0x0000000454800000, 0x0000000455000000, 0x0000000455000000|100%| O|  |TAMS 0x0000000454800000| PB 0x0000000454800000| Untracked 
| 170|0x0000000455000000, 0x0000000455800000, 0x0000000455800000|100%| O|  |TAMS 0x0000000455000000| PB 0x0000000455000000| Untracked 
| 171|0x0000000455800000, 0x0000000456000000, 0x0000000456000000|100%| O|  |TAMS 0x0000000455800000| PB 0x0000000455800000| Untracked 
| 172|0x0000000456000000, 0x0000000456800000, 0x0000000456800000|100%| O|  |TAMS 0x0000000456000000| PB 0x0000000456000000| Untracked 
| 173|0x0000000456800000, 0x0000000457000000, 0x0000000457000000|100%| O|  |TAMS 0x0000000456800000| PB 0x0000000456800000| Untracked 
| 174|0x0000000457000000, 0x0000000457800000, 0x0000000457800000|100%| O|  |TAMS 0x0000000457000000| PB 0x0000000457000000| Untracked 
| 175|0x0000000457800000, 0x0000000458000000, 0x0000000458000000|100%| O|  |TAMS 0x0000000457800000| PB 0x0000000457800000| Untracked 
| 176|0x0000000458000000, 0x0000000458800000, 0x0000000458800000|100%| O|  |TAMS 0x0000000458000000| PB 0x0000000458000000| Untracked 
| 177|0x0000000458800000, 0x0000000459000000, 0x0000000459000000|100%|HS|  |TAMS 0x0000000458800000| PB 0x0000000458800000| Complete 
| 178|0x0000000459000000, 0x0000000459800000, 0x0000000459800000|100%| O|  |TAMS 0x0000000459000000| PB 0x0000000459000000| Untracked 
| 179|0x0000000459800000, 0x000000045a000000, 0x000000045a000000|100%| O|  |TAMS 0x0000000459800000| PB 0x0000000459800000| Untracked 
| 180|0x000000045a000000, 0x000000045a800000, 0x000000045a800000|100%| O|  |TAMS 0x000000045a000000| PB 0x000000045a000000| Untracked 
| 181|0x000000045a800000, 0x000000045a800000, 0x000000045b000000|  0%| F|  |TAMS 0x000000045a800000| PB 0x000000045a800000| Untracked 
| 182|0x000000045b000000, 0x000000045b800000, 0x000000045b800000|100%| O|  |TAMS 0x000000045b000000| PB 0x000000045b000000| Untracked 
| 183|0x000000045b800000, 0x000000045c000000, 0x000000045c000000|100%| O|  |TAMS 0x000000045b800000| PB 0x000000045b800000| Untracked 
| 184|0x000000045c000000, 0x000000045c800000, 0x000000045c800000|100%| O|  |TAMS 0x000000045c000000| PB 0x000000045c000000| Untracked 
| 185|0x000000045c800000, 0x000000045d000000, 0x000000045d000000|100%| O|  |TAMS 0x000000045c800000| PB 0x000000045c800000| Untracked 
| 186|0x000000045d000000, 0x000000045d800000, 0x000000045d800000|100%| O|  |TAMS 0x000000045d000000| PB 0x000000045d000000| Untracked 
| 187|0x000000045d800000, 0x000000045e000000, 0x000000045e000000|100%| O|  |TAMS 0x000000045d800000| PB 0x000000045d800000| Untracked 
| 188|0x000000045e000000, 0x000000045e800000, 0x000000045e800000|100%| O|  |TAMS 0x000000045e000000| PB 0x000000045e000000| Untracked 
| 189|0x000000045e800000, 0x000000045f000000, 0x000000045f000000|100%| O|  |TAMS 0x000000045e800000| PB 0x000000045e800000| Untracked 
| 190|0x000000045f000000, 0x000000045f800000, 0x000000045f800000|100%| O|  |TAMS 0x000000045f000000| PB 0x000000045f000000| Untracked 
| 191|0x000000045f800000, 0x0000000460000000, 0x0000000460000000|100%| O|  |TAMS 0x000000045f800000| PB 0x000000045f800000| Untracked 
| 192|0x0000000460000000, 0x0000000460800000, 0x0000000460800000|100%| O|  |TAMS 0x0000000460000000| PB 0x0000000460000000| Untracked 
| 193|0x0000000460800000, 0x0000000461000000, 0x0000000461000000|100%| O|  |TAMS 0x0000000460800000| PB 0x0000000460800000| Untracked 
| 194|0x0000000461000000, 0x0000000461800000, 0x0000000461800000|100%| O|  |TAMS 0x0000000461000000| PB 0x0000000461000000| Untracked 
| 195|0x0000000461800000, 0x0000000462000000, 0x0000000462000000|100%| O|  |TAMS 0x0000000461800000| PB 0x0000000461800000| Untracked 
| 196|0x0000000462000000, 0x0000000462800000, 0x0000000462800000|100%| O|  |TAMS 0x0000000462000000| PB 0x0000000462000000| Untracked 
| 197|0x0000000462800000, 0x0000000463000000, 0x0000000463000000|100%| O|  |TAMS 0x0000000462800000| PB 0x0000000462800000| Untracked 
| 198|0x0000000463000000, 0x0000000463800000, 0x0000000463800000|100%| O|  |TAMS 0x0000000463000000| PB 0x0000000463000000| Untracked 
| 199|0x0000000463800000, 0x0000000464000000, 0x0000000464000000|100%| O|  |TAMS 0x0000000463800000| PB 0x0000000463800000| Untracked 
| 200|0x0000000464000000, 0x0000000464800000, 0x0000000464800000|100%| O|  |TAMS 0x0000000464000000| PB 0x0000000464000000| Untracked 
| 201|0x0000000464800000, 0x0000000465000000, 0x0000000465000000|100%| O|  |TAMS 0x0000000464800000| PB 0x0000000464800000| Untracked 
| 202|0x0000000465000000, 0x0000000465800000, 0x0000000465800000|100%| O|  |TAMS 0x0000000465000000| PB 0x0000000465000000| Untracked 
| 203|0x0000000465800000, 0x0000000466000000, 0x0000000466000000|100%| O|  |TAMS 0x0000000465800000| PB 0x0000000465800000| Untracked 
| 204|0x0000000466000000, 0x0000000466800000, 0x0000000466800000|100%| O|  |TAMS 0x0000000466000000| PB 0x0000000466000000| Untracked 
| 205|0x0000000466800000, 0x0000000467000000, 0x0000000467000000|100%| O|  |TAMS 0x0000000466800000| PB 0x0000000466800000| Untracked 
| 206|0x0000000467000000, 0x0000000467800000, 0x0000000467800000|100%| O|  |TAMS 0x0000000467000000| PB 0x0000000467000000| Untracked 
| 207|0x0000000467800000, 0x0000000468000000, 0x0000000468000000|100%| O|  |TAMS 0x0000000467800000| PB 0x0000000467800000| Untracked 
| 208|0x0000000468000000, 0x0000000468800000, 0x0000000468800000|100%| O|  |TAMS 0x0000000468000000| PB 0x0000000468000000| Untracked 
| 209|0x0000000468800000, 0x0000000469000000, 0x0000000469000000|100%| O|  |TAMS 0x0000000468800000| PB 0x0000000468800000| Untracked 
| 210|0x0000000469000000, 0x0000000469800000, 0x0000000469800000|100%| O|  |TAMS 0x0000000469000000| PB 0x0000000469000000| Untracked 
| 211|0x0000000469800000, 0x000000046a000000, 0x000000046a000000|100%| O|  |TAMS 0x0000000469800000| PB 0x0000000469800000| Untracked 
| 212|0x000000046a000000, 0x000000046a800000, 0x000000046a800000|100%| O|  |TAMS 0x000000046a000000| PB 0x000000046a000000| Untracked 
| 213|0x000000046a800000, 0x000000046b000000, 0x000000046b000000|100%| O|  |TAMS 0x000000046a800000| PB 0x000000046a800000| Untracked 
| 214|0x000000046b000000, 0x000000046b800000, 0x000000046b800000|100%| O|  |TAMS 0x000000046b000000| PB 0x000000046b000000| Untracked 
| 215|0x000000046b800000, 0x000000046c000000, 0x000000046c000000|100%| O|  |TAMS 0x000000046b800000| PB 0x000000046b800000| Untracked 
| 216|0x000000046c000000, 0x000000046c800000, 0x000000046c800000|100%| O|  |TAMS 0x000000046c000000| PB 0x000000046c000000| Untracked 
| 217|0x000000046c800000, 0x000000046d000000, 0x000000046d000000|100%| O|  |TAMS 0x000000046c800000| PB 0x000000046c800000| Untracked 
| 218|0x000000046d000000, 0x000000046d800000, 0x000000046d800000|100%| O|  |TAMS 0x000000046d000000| PB 0x000000046d000000| Untracked 
| 219|0x000000046d800000, 0x000000046e000000, 0x000000046e000000|100%| O|  |TAMS 0x000000046d800000| PB 0x000000046d800000| Untracked 
| 220|0x000000046e000000, 0x000000046e800000, 0x000000046e800000|100%| O|  |TAMS 0x000000046e000000| PB 0x000000046e000000| Untracked 
| 221|0x000000046e800000, 0x000000046f000000, 0x000000046f000000|100%| O|  |TAMS 0x000000046e800000| PB 0x000000046e800000| Untracked 
| 222|0x000000046f000000, 0x000000046f800000, 0x000000046f800000|100%| O|  |TAMS 0x000000046f000000| PB 0x000000046f000000| Untracked 
| 223|0x000000046f800000, 0x0000000470000000, 0x0000000470000000|100%| O|  |TAMS 0x000000046f800000| PB 0x000000046f800000| Untracked 
| 224|0x0000000470000000, 0x0000000470800000, 0x0000000470800000|100%| O|  |TAMS 0x0000000470000000| PB 0x0000000470000000| Untracked 
| 225|0x0000000470800000, 0x0000000471000000, 0x0000000471000000|100%| O|  |TAMS 0x0000000470800000| PB 0x0000000470800000| Untracked 
| 226|0x0000000471000000, 0x0000000471800000, 0x0000000471800000|100%| O|  |TAMS 0x0000000471000000| PB 0x0000000471000000| Untracked 
| 227|0x0000000471800000, 0x0000000472000000, 0x0000000472000000|100%| O|  |TAMS 0x0000000471800000| PB 0x0000000471800000| Untracked 
| 228|0x0000000472000000, 0x0000000472000000, 0x0000000472800000|  0%| F|  |TAMS 0x0000000472000000| PB 0x0000000472000000| Untracked 
| 229|0x0000000472800000, 0x0000000473000000, 0x0000000473000000|100%| O|  |TAMS 0x0000000472800000| PB 0x0000000472800000| Untracked 
| 230|0x0000000473000000, 0x0000000473800000, 0x0000000473800000|100%| O|  |TAMS 0x0000000473000000| PB 0x0000000473000000| Untracked 
| 231|0x0000000473800000, 0x0000000474000000, 0x0000000474000000|100%| O|  |TAMS 0x0000000473800000| PB 0x0000000473800000| Untracked 
| 232|0x0000000474000000, 0x0000000474800000, 0x0000000474800000|100%| O|  |TAMS 0x0000000474000000| PB 0x0000000474000000| Untracked 
| 233|0x0000000474800000, 0x0000000475000000, 0x0000000475000000|100%| O|  |TAMS 0x0000000474800000| PB 0x0000000474800000| Untracked 
| 234|0x0000000475000000, 0x0000000475800000, 0x0000000475800000|100%| O|  |TAMS 0x0000000475000000| PB 0x0000000475000000| Untracked 
| 235|0x0000000475800000, 0x0000000476000000, 0x0000000476000000|100%| O|  |TAMS 0x0000000475800000| PB 0x0000000475800000| Untracked 
| 236|0x0000000476000000, 0x0000000476800000, 0x0000000476800000|100%| O|  |TAMS 0x0000000476000000| PB 0x0000000476000000| Untracked 
| 237|0x0000000476800000, 0x0000000477000000, 0x0000000477000000|100%| O|  |TAMS 0x0000000476800000| PB 0x0000000476800000| Untracked 
| 238|0x0000000477000000, 0x0000000477800000, 0x0000000477800000|100%| O|  |TAMS 0x0000000477000000| PB 0x0000000477000000| Untracked 
| 239|0x0000000477800000, 0x0000000478000000, 0x0000000478000000|100%| O|  |TAMS 0x0000000477800000| PB 0x0000000477800000| Untracked 
| 240|0x0000000478000000, 0x0000000478800000, 0x0000000478800000|100%| O|  |TAMS 0x0000000478000000| PB 0x0000000478000000| Untracked 
| 241|0x0000000478800000, 0x0000000479000000, 0x0000000479000000|100%| O|  |TAMS 0x0000000478800000| PB 0x0000000478800000| Untracked 
| 242|0x0000000479000000, 0x0000000479800000, 0x0000000479800000|100%| O|  |TAMS 0x0000000479000000| PB 0x0000000479000000| Untracked 
| 243|0x0000000479800000, 0x000000047a000000, 0x000000047a000000|100%| O|  |TAMS 0x0000000479800000| PB 0x0000000479800000| Untracked 
| 244|0x000000047a000000, 0x000000047a800000, 0x000000047a800000|100%| O|  |TAMS 0x000000047a000000| PB 0x000000047a000000| Untracked 
| 245|0x000000047a800000, 0x000000047b000000, 0x000000047b000000|100%| O|  |TAMS 0x000000047a800000| PB 0x000000047a800000| Untracked 
| 246|0x000000047b000000, 0x000000047b800000, 0x000000047b800000|100%| O|  |TAMS 0x000000047b000000| PB 0x000000047b000000| Untracked 
| 247|0x000000047b800000, 0x000000047c000000, 0x000000047c000000|100%| O|  |TAMS 0x000000047b800000| PB 0x000000047b800000| Untracked 
| 248|0x000000047c000000, 0x000000047c800000, 0x000000047c800000|100%| O|  |TAMS 0x000000047c000000| PB 0x000000047c000000| Untracked 
| 249|0x000000047c800000, 0x000000047d000000, 0x000000047d000000|100%| O|  |TAMS 0x000000047c800000| PB 0x000000047c800000| Untracked 
| 250|0x000000047d000000, 0x000000047d800000, 0x000000047d800000|100%| O|  |TAMS 0x000000047d000000| PB 0x000000047d000000| Untracked 
| 251|0x000000047d800000, 0x000000047e000000, 0x000000047e000000|100%| O|  |TAMS 0x000000047d800000| PB 0x000000047d800000| Untracked 
| 252|0x000000047e000000, 0x000000047e800000, 0x000000047e800000|100%| O|  |TAMS 0x000000047e000000| PB 0x000000047e000000| Untracked 
| 253|0x000000047e800000, 0x000000047f000000, 0x000000047f000000|100%| O|  |TAMS 0x000000047e800000| PB 0x000000047e800000| Untracked 
| 254|0x000000047f000000, 0x000000047f800000, 0x000000047f800000|100%| O|  |TAMS 0x000000047f000000| PB 0x000000047f000000| Untracked 
| 255|0x000000047f800000, 0x000000047f800000, 0x0000000480000000|  0%| F|  |TAMS 0x000000047f800000| PB 0x000000047f800000| Untracked 
| 256|0x0000000480000000, 0x0000000480800000, 0x0000000480800000|100%| O|  |TAMS 0x0000000480000000| PB 0x0000000480000000| Untracked 
| 257|0x0000000480800000, 0x0000000481000000, 0x0000000481000000|100%| O|  |TAMS 0x0000000480800000| PB 0x0000000480800000| Untracked 
| 258|0x0000000481000000, 0x0000000481800000, 0x0000000481800000|100%| O|  |TAMS 0x0000000481000000| PB 0x0000000481000000| Untracked 
| 259|0x0000000481800000, 0x0000000482000000, 0x0000000482000000|100%| O|  |TAMS 0x0000000481800000| PB 0x0000000481800000| Untracked 
| 260|0x0000000482000000, 0x0000000482000000, 0x0000000482800000|  0%| F|  |TAMS 0x0000000482000000| PB 0x0000000482000000| Untracked 
| 261|0x0000000482800000, 0x0000000483000000, 0x0000000483000000|100%| O|  |TAMS 0x0000000482800000| PB 0x0000000482800000| Untracked 
| 262|0x0000000483000000, 0x0000000483000000, 0x0000000483800000|  0%| F|  |TAMS 0x0000000483000000| PB 0x0000000483000000| Untracked 
| 263|0x0000000483800000, 0x0000000484000000, 0x0000000484000000|100%| O|  |TAMS 0x0000000483800000| PB 0x0000000483800000| Untracked 
| 264|0x0000000484000000, 0x0000000484800000, 0x0000000484800000|100%| O|  |TAMS 0x0000000484000000| PB 0x0000000484000000| Untracked 
| 265|0x0000000484800000, 0x0000000485000000, 0x0000000485000000|100%| O|  |TAMS 0x0000000484800000| PB 0x0000000484800000| Untracked 
| 266|0x0000000485000000, 0x0000000485800000, 0x0000000485800000|100%| O|  |TAMS 0x0000000485000000| PB 0x0000000485000000| Untracked 
| 267|0x0000000485800000, 0x0000000486000000, 0x0000000486000000|100%| O|  |TAMS 0x0000000485800000| PB 0x0000000485800000| Untracked 
| 268|0x0000000486000000, 0x0000000486800000, 0x0000000486800000|100%| O|  |TAMS 0x0000000486000000| PB 0x0000000486000000| Untracked 
| 269|0x0000000486800000, 0x0000000487000000, 0x0000000487000000|100%| O|  |TAMS 0x0000000486800000| PB 0x0000000486800000| Untracked 
| 270|0x0000000487000000, 0x0000000487800000, 0x0000000487800000|100%| O|  |TAMS 0x0000000487000000| PB 0x0000000487000000| Untracked 
| 271|0x0000000487800000, 0x0000000488000000, 0x0000000488000000|100%| O|  |TAMS 0x0000000487800000| PB 0x0000000487800000| Untracked 
| 272|0x0000000488000000, 0x0000000488800000, 0x0000000488800000|100%| O|  |TAMS 0x0000000488000000| PB 0x0000000488000000| Untracked 
| 273|0x0000000488800000, 0x0000000489000000, 0x0000000489000000|100%| O|  |TAMS 0x0000000488800000| PB 0x0000000488800000| Untracked 
| 274|0x0000000489000000, 0x0000000489800000, 0x0000000489800000|100%| O|  |TAMS 0x0000000489000000| PB 0x0000000489000000| Untracked 
| 275|0x0000000489800000, 0x000000048a000000, 0x000000048a000000|100%| O|  |TAMS 0x0000000489800000| PB 0x0000000489800000| Untracked 
| 276|0x000000048a000000, 0x000000048a800000, 0x000000048a800000|100%| O|  |TAMS 0x000000048a000000| PB 0x000000048a000000| Untracked 
| 277|0x000000048a800000, 0x000000048a800000, 0x000000048b000000|  0%| F|  |TAMS 0x000000048a800000| PB 0x000000048a800000| Untracked 
| 278|0x000000048b000000, 0x000000048b800000, 0x000000048b800000|100%| O|  |TAMS 0x000000048b000000| PB 0x000000048b000000| Untracked 
| 279|0x000000048b800000, 0x000000048c000000, 0x000000048c000000|100%| O|  |TAMS 0x000000048b800000| PB 0x000000048b800000| Untracked 
| 280|0x000000048c000000, 0x000000048c000000, 0x000000048c800000|  0%| F|  |TAMS 0x000000048c000000| PB 0x000000048c000000| Untracked 
| 281|0x000000048c800000, 0x000000048d000000, 0x000000048d000000|100%| O|  |TAMS 0x000000048c800000| PB 0x000000048c800000| Untracked 
| 282|0x000000048d000000, 0x000000048d800000, 0x000000048d800000|100%| O|  |TAMS 0x000000048d000000| PB 0x000000048d000000| Untracked 
| 283|0x000000048d800000, 0x000000048d800000, 0x000000048e000000|  0%| F|  |TAMS 0x000000048d800000| PB 0x000000048d800000| Untracked 
| 284|0x000000048e000000, 0x000000048e000000, 0x000000048e800000|  0%| F|  |TAMS 0x000000048e000000| PB 0x000000048e000000| Untracked 
| 285|0x000000048e800000, 0x000000048f000000, 0x000000048f000000|100%| O|  |TAMS 0x000000048e800000| PB 0x000000048e800000| Untracked 
| 286|0x000000048f000000, 0x000000048f000000, 0x000000048f800000|  0%| F|  |TAMS 0x000000048f000000| PB 0x000000048f000000| Untracked 
| 287|0x000000048f800000, 0x000000048f800000, 0x0000000490000000|  0%| F|  |TAMS 0x000000048f800000| PB 0x000000048f800000| Untracked 
| 288|0x0000000490000000, 0x0000000490000000, 0x0000000490800000|  0%| F|  |TAMS 0x0000000490000000| PB 0x0000000490000000| Untracked 
| 289|0x0000000490800000, 0x0000000490800000, 0x0000000491000000|  0%| F|  |TAMS 0x0000000490800000| PB 0x0000000490800000| Untracked 
| 290|0x0000000491000000, 0x0000000491000000, 0x0000000491800000|  0%| F|  |TAMS 0x0000000491000000| PB 0x0000000491000000| Untracked 
| 291|0x0000000491800000, 0x0000000491800000, 0x0000000492000000|  0%| F|  |TAMS 0x0000000491800000| PB 0x0000000491800000| Untracked 
| 292|0x0000000492000000, 0x0000000492000000, 0x0000000492800000|  0%| F|  |TAMS 0x0000000492000000| PB 0x0000000492000000| Untracked 
| 293|0x0000000492800000, 0x0000000492800000, 0x0000000493000000|  0%| F|  |TAMS 0x0000000492800000| PB 0x0000000492800000| Untracked 
| 294|0x0000000493000000, 0x0000000493000000, 0x0000000493800000|  0%| F|  |TAMS 0x0000000493000000| PB 0x0000000493000000| Untracked 
| 295|0x0000000493800000, 0x0000000493800000, 0x0000000494000000|  0%| F|  |TAMS 0x0000000493800000| PB 0x0000000493800000| Untracked 
| 296|0x0000000494000000, 0x0000000494000000, 0x0000000494800000|  0%| F|  |TAMS 0x0000000494000000| PB 0x0000000494000000| Untracked 
| 297|0x0000000494800000, 0x0000000494800000, 0x0000000495000000|  0%| F|  |TAMS 0x0000000494800000| PB 0x0000000494800000| Untracked 
| 298|0x0000000495000000, 0x0000000495000000, 0x0000000495800000|  0%| F|  |TAMS 0x0000000495000000| PB 0x0000000495000000| Untracked 
| 299|0x0000000495800000, 0x0000000495800000, 0x0000000496000000|  0%| F|  |TAMS 0x0000000495800000| PB 0x0000000495800000| Untracked 
| 300|0x0000000496000000, 0x0000000496000000, 0x0000000496800000|  0%| F|  |TAMS 0x0000000496000000| PB 0x0000000496000000| Untracked 
| 301|0x0000000496800000, 0x0000000496800000, 0x0000000497000000|  0%| F|  |TAMS 0x0000000496800000| PB 0x0000000496800000| Untracked 
| 302|0x0000000497000000, 0x0000000497000000, 0x0000000497800000|  0%| F|  |TAMS 0x0000000497000000| PB 0x0000000497000000| Untracked 
| 303|0x0000000497800000, 0x0000000497800000, 0x0000000498000000|  0%| F|  |TAMS 0x0000000497800000| PB 0x0000000497800000| Untracked 
| 304|0x0000000498000000, 0x0000000498000000, 0x0000000498800000|  0%| F|  |TAMS 0x0000000498000000| PB 0x0000000498000000| Untracked 
| 305|0x0000000498800000, 0x0000000498800000, 0x0000000499000000|  0%| F|  |TAMS 0x0000000498800000| PB 0x0000000498800000| Untracked 
| 306|0x0000000499000000, 0x0000000499000000, 0x0000000499800000|  0%| F|  |TAMS 0x0000000499000000| PB 0x0000000499000000| Untracked 
| 307|0x0000000499800000, 0x0000000499800000, 0x000000049a000000|  0%| F|  |TAMS 0x0000000499800000| PB 0x0000000499800000| Untracked 
| 308|0x000000049a000000, 0x000000049a000000, 0x000000049a800000|  0%| F|  |TAMS 0x000000049a000000| PB 0x000000049a000000| Untracked 
| 309|0x000000049a800000, 0x000000049a800000, 0x000000049b000000|  0%| F|  |TAMS 0x000000049a800000| PB 0x000000049a800000| Untracked 
| 310|0x000000049b000000, 0x000000049b000000, 0x000000049b800000|  0%| F|  |TAMS 0x000000049b000000| PB 0x000000049b000000| Untracked 
| 311|0x000000049b800000, 0x000000049b800000, 0x000000049c000000|  0%| F|  |TAMS 0x000000049b800000| PB 0x000000049b800000| Untracked 
| 312|0x000000049c000000, 0x000000049c000000, 0x000000049c800000|  0%| F|  |TAMS 0x000000049c000000| PB 0x000000049c000000| Untracked 
| 313|0x000000049c800000, 0x000000049c800000, 0x000000049d000000|  0%| F|  |TAMS 0x000000049c800000| PB 0x000000049c800000| Untracked 
| 314|0x000000049d000000, 0x000000049d000000, 0x000000049d800000|  0%| F|  |TAMS 0x000000049d000000| PB 0x000000049d000000| Untracked 
| 315|0x000000049d800000, 0x000000049d800000, 0x000000049e000000|  0%| F|  |TAMS 0x000000049d800000| PB 0x000000049d800000| Untracked 
| 316|0x000000049e000000, 0x000000049e000000, 0x000000049e800000|  0%| F|  |TAMS 0x000000049e000000| PB 0x000000049e000000| Untracked 
| 317|0x000000049e800000, 0x000000049e800000, 0x000000049f000000|  0%| F|  |TAMS 0x000000049e800000| PB 0x000000049e800000| Untracked 
| 318|0x000000049f000000, 0x000000049f000000, 0x000000049f800000|  0%| F|  |TAMS 0x000000049f000000| PB 0x000000049f000000| Untracked 
| 319|0x000000049f800000, 0x000000049f800000, 0x00000004a0000000|  0%| F|  |TAMS 0x000000049f800000| PB 0x000000049f800000| Untracked 
| 320|0x00000004a0000000, 0x00000004a0000000, 0x00000004a0800000|  0%| F|  |TAMS 0x00000004a0000000| PB 0x00000004a0000000| Untracked 
| 321|0x00000004a0800000, 0x00000004a0800000, 0x00000004a1000000|  0%| F|  |TAMS 0x00000004a0800000| PB 0x00000004a0800000| Untracked 
| 322|0x00000004a1000000, 0x00000004a1000000, 0x00000004a1800000|  0%| F|  |TAMS 0x00000004a1000000| PB 0x00000004a1000000| Untracked 
| 323|0x00000004a1800000, 0x00000004a1bdfad0, 0x00000004a2000000| 48%| S|CS|TAMS 0x00000004a1800000| PB 0x00000004a1800000| Complete 
| 324|0x00000004a2000000, 0x00000004a2800000, 0x00000004a2800000|100%| S|CS|TAMS 0x00000004a2000000| PB 0x00000004a2000000| Complete 
| 325|0x00000004a2800000, 0x00000004a3000000, 0x00000004a3000000|100%| S|CS|TAMS 0x00000004a2800000| PB 0x00000004a2800000| Complete 
| 326|0x00000004a3000000, 0x00000004a3800000, 0x00000004a3800000|100%| S|CS|TAMS 0x00000004a3000000| PB 0x00000004a3000000| Complete 
| 327|0x00000004a3800000, 0x00000004a4000000, 0x00000004a4000000|100%| S|CS|TAMS 0x00000004a3800000| PB 0x00000004a3800000| Complete 
| 328|0x00000004a4000000, 0x00000004a4000000, 0x00000004a4800000|  0%| F|  |TAMS 0x00000004a4000000| PB 0x00000004a4000000| Untracked 
| 329|0x00000004a4800000, 0x00000004a4800000, 0x00000004a5000000|  0%| F|  |TAMS 0x00000004a4800000| PB 0x00000004a4800000| Untracked 
| 330|0x00000004a5000000, 0x00000004a5800000, 0x00000004a5800000|100%| S|CS|TAMS 0x00000004a5000000| PB 0x00000004a5000000| Complete 
| 331|0x00000004a5800000, 0x00000004a6000000, 0x00000004a6000000|100%| S|CS|TAMS 0x00000004a5800000| PB 0x00000004a5800000| Complete 
| 332|0x00000004a6000000, 0x00000004a6800000, 0x00000004a6800000|100%| S|CS|TAMS 0x00000004a6000000| PB 0x00000004a6000000| Complete 
| 333|0x00000004a6800000, 0x00000004a7000000, 0x00000004a7000000|100%| S|CS|TAMS 0x00000004a6800000| PB 0x00000004a6800000| Complete 
| 334|0x00000004a7000000, 0x00000004a7800000, 0x00000004a7800000|100%| S|CS|TAMS 0x00000004a7000000| PB 0x00000004a7000000| Complete 
| 335|0x00000004a7800000, 0x00000004a8000000, 0x00000004a8000000|100%| S|CS|TAMS 0x00000004a7800000| PB 0x00000004a7800000| Complete 
| 336|0x00000004a8000000, 0x00000004a8800000, 0x00000004a8800000|100%| S|CS|TAMS 0x00000004a8000000| PB 0x00000004a8000000| Complete 
| 337|0x00000004a8800000, 0x00000004a8800000, 0x00000004a9000000|  0%| F|  |TAMS 0x00000004a8800000| PB 0x00000004a8800000| Untracked 
| 338|0x00000004a9000000, 0x00000004a9000000, 0x00000004a9800000|  0%| F|  |TAMS 0x00000004a9000000| PB 0x00000004a9000000| Untracked 
| 339|0x00000004a9800000, 0x00000004a9800000, 0x00000004aa000000|  0%| F|  |TAMS 0x00000004a9800000| PB 0x00000004a9800000| Untracked 
| 340|0x00000004aa000000, 0x00000004aa000000, 0x00000004aa800000|  0%| F|  |TAMS 0x00000004aa000000| PB 0x00000004aa000000| Untracked 
| 341|0x00000004aa800000, 0x00000004aa800000, 0x00000004ab000000|  0%| F|  |TAMS 0x00000004aa800000| PB 0x00000004aa800000| Untracked 
| 342|0x00000004ab000000, 0x00000004ab800000, 0x00000004ab800000|100%| S|CS|TAMS 0x00000004ab000000| PB 0x00000004ab000000| Complete 
| 343|0x00000004ab800000, 0x00000004ac000000, 0x00000004ac000000|100%| S|CS|TAMS 0x00000004ab800000| PB 0x00000004ab800000| Complete 
| 344|0x00000004ac000000, 0x00000004ac800000, 0x00000004ac800000|100%| S|CS|TAMS 0x00000004ac000000| PB 0x00000004ac000000| Complete 
| 345|0x00000004ac800000, 0x00000004ac800000, 0x00000004ad000000|  0%| F|  |TAMS 0x00000004ac800000| PB 0x00000004ac800000| Untracked 
| 346|0x00000004ad000000, 0x00000004ad000000, 0x00000004ad800000|  0%| F|  |TAMS 0x00000004ad000000| PB 0x00000004ad000000| Untracked 
| 347|0x00000004ad800000, 0x00000004ad800000, 0x00000004ae000000|  0%| F|  |TAMS 0x00000004ad800000| PB 0x00000004ad800000| Untracked 
| 348|0x00000004ae000000, 0x00000004ae000000, 0x00000004ae800000|  0%| F|  |TAMS 0x00000004ae000000| PB 0x00000004ae000000| Untracked 
| 349|0x00000004ae800000, 0x00000004ae800000, 0x00000004af000000|  0%| F|  |TAMS 0x00000004ae800000| PB 0x00000004ae800000| Untracked 
| 350|0x00000004af000000, 0x00000004af000000, 0x00000004af800000|  0%| F|  |TAMS 0x00000004af000000| PB 0x00000004af000000| Untracked 
| 351|0x00000004af800000, 0x00000004af800000, 0x00000004b0000000|  0%| F|  |TAMS 0x00000004af800000| PB 0x00000004af800000| Untracked 
| 352|0x00000004b0000000, 0x00000004b0000000, 0x00000004b0800000|  0%| F|  |TAMS 0x00000004b0000000| PB 0x00000004b0000000| Untracked 
| 353|0x00000004b0800000, 0x00000004b0800000, 0x00000004b1000000|  0%| F|  |TAMS 0x00000004b0800000| PB 0x00000004b0800000| Untracked 
| 354|0x00000004b1000000, 0x00000004b1000000, 0x00000004b1800000|  0%| F|  |TAMS 0x00000004b1000000| PB 0x00000004b1000000| Untracked 
| 355|0x00000004b1800000, 0x00000004b2000000, 0x00000004b2000000|100%| S|CS|TAMS 0x00000004b1800000| PB 0x00000004b1800000| Complete 
| 356|0x00000004b2000000, 0x00000004b2800000, 0x00000004b2800000|100%| S|CS|TAMS 0x00000004b2000000| PB 0x00000004b2000000| Complete 
| 357|0x00000004b2800000, 0x00000004b3000000, 0x00000004b3000000|100%| S|CS|TAMS 0x00000004b2800000| PB 0x00000004b2800000| Complete 
| 358|0x00000004b3000000, 0x00000004b3800000, 0x00000004b3800000|100%| S|CS|TAMS 0x00000004b3000000| PB 0x00000004b3000000| Complete 
| 359|0x00000004b3800000, 0x00000004b4000000, 0x00000004b4000000|100%| S|CS|TAMS 0x00000004b3800000| PB 0x00000004b3800000| Complete 
| 360|0x00000004b4000000, 0x00000004b4800000, 0x00000004b4800000|100%| S|CS|TAMS 0x00000004b4000000| PB 0x00000004b4000000| Complete 
| 361|0x00000004b4800000, 0x00000004b5000000, 0x00000004b5000000|100%| S|CS|TAMS 0x00000004b4800000| PB 0x00000004b4800000| Complete 
| 362|0x00000004b5000000, 0x00000004b5800000, 0x00000004b5800000|100%| S|CS|TAMS 0x00000004b5000000| PB 0x00000004b5000000| Complete 
| 363|0x00000004b5800000, 0x00000004b6000000, 0x00000004b6000000|100%| S|CS|TAMS 0x00000004b5800000| PB 0x00000004b5800000| Complete 
| 364|0x00000004b6000000, 0x00000004b6800000, 0x00000004b6800000|100%| S|CS|TAMS 0x00000004b6000000| PB 0x00000004b6000000| Complete 
| 365|0x00000004b6800000, 0x00000004b7000000, 0x00000004b7000000|100%| S|CS|TAMS 0x00000004b6800000| PB 0x00000004b6800000| Complete 
| 366|0x00000004b7000000, 0x00000004b7800000, 0x00000004b7800000|100%| S|CS|TAMS 0x00000004b7000000| PB 0x00000004b7000000| Complete 
| 367|0x00000004b7800000, 0x00000004b7800000, 0x00000004b8000000|  0%| F|  |TAMS 0x00000004b7800000| PB 0x00000004b7800000| Untracked 
| 368|0x00000004b8000000, 0x00000004b8000000, 0x00000004b8800000|  0%| F|  |TAMS 0x00000004b8000000| PB 0x00000004b8000000| Untracked 
| 369|0x00000004b8800000, 0x00000004b8800000, 0x00000004b9000000|  0%| F|  |TAMS 0x00000004b8800000| PB 0x00000004b8800000| Untracked 
| 370|0x00000004b9000000, 0x00000004b9000000, 0x00000004b9800000|  0%| F|  |TAMS 0x00000004b9000000| PB 0x00000004b9000000| Untracked 
| 371|0x00000004b9800000, 0x00000004b9800000, 0x00000004ba000000|  0%| F|  |TAMS 0x00000004b9800000| PB 0x00000004b9800000| Untracked 
| 372|0x00000004ba000000, 0x00000004ba000000, 0x00000004ba800000|  0%| F|  |TAMS 0x00000004ba000000| PB 0x00000004ba000000| Untracked 
| 373|0x00000004ba800000, 0x00000004ba800000, 0x00000004bb000000|  0%| F|  |TAMS 0x00000004ba800000| PB 0x00000004ba800000| Untracked 
| 374|0x00000004bb000000, 0x00000004bb000000, 0x00000004bb800000|  0%| F|  |TAMS 0x00000004bb000000| PB 0x00000004bb000000| Untracked 
| 375|0x00000004bb800000, 0x00000004bb800000, 0x00000004bc000000|  0%| F|  |TAMS 0x00000004bb800000| PB 0x00000004bb800000| Untracked 
| 376|0x00000004bc000000, 0x00000004bc000000, 0x00000004bc800000|  0%| F|  |TAMS 0x00000004bc000000| PB 0x00000004bc000000| Untracked 
| 377|0x00000004bc800000, 0x00000004bc800000, 0x00000004bd000000|  0%| F|  |TAMS 0x00000004bc800000| PB 0x00000004bc800000| Untracked 
| 378|0x00000004bd000000, 0x00000004bd000000, 0x00000004bd800000|  0%| F|  |TAMS 0x00000004bd000000| PB 0x00000004bd000000| Untracked 
| 379|0x00000004bd800000, 0x00000004bd800000, 0x00000004be000000|  0%| F|  |TAMS 0x00000004bd800000| PB 0x00000004bd800000| Untracked 
| 380|0x00000004be000000, 0x00000004be000000, 0x00000004be800000|  0%| F|  |TAMS 0x00000004be000000| PB 0x00000004be000000| Untracked 
| 381|0x00000004be800000, 0x00000004be800000, 0x00000004bf000000|  0%| F|  |TAMS 0x00000004be800000| PB 0x00000004be800000| Untracked 
| 382|0x00000004bf000000, 0x00000004bf000000, 0x00000004bf800000|  0%| F|  |TAMS 0x00000004bf000000| PB 0x00000004bf000000| Untracked 
| 383|0x00000004bf800000, 0x00000004bf800000, 0x00000004c0000000|  0%| F|  |TAMS 0x00000004bf800000| PB 0x00000004bf800000| Untracked 
| 384|0x00000004c0000000, 0x00000004c0000000, 0x00000004c0800000|  0%| F|  |TAMS 0x00000004c0000000| PB 0x00000004c0000000| Untracked 
| 385|0x00000004c0800000, 0x00000004c0800000, 0x00000004c1000000|  0%| F|  |TAMS 0x00000004c0800000| PB 0x00000004c0800000| Untracked 
| 386|0x00000004c1000000, 0x00000004c1000000, 0x00000004c1800000|  0%| F|  |TAMS 0x00000004c1000000| PB 0x00000004c1000000| Untracked 
| 387|0x00000004c1800000, 0x00000004c1800000, 0x00000004c2000000|  0%| F|  |TAMS 0x00000004c1800000| PB 0x00000004c1800000| Untracked 
| 388|0x00000004c2000000, 0x00000004c2000000, 0x00000004c2800000|  0%| F|  |TAMS 0x00000004c2000000| PB 0x00000004c2000000| Untracked 
| 389|0x00000004c2800000, 0x00000004c2800000, 0x00000004c3000000|  0%| F|  |TAMS 0x00000004c2800000| PB 0x00000004c2800000| Untracked 
| 390|0x00000004c3000000, 0x00000004c3000000, 0x00000004c3800000|  0%| F|  |TAMS 0x00000004c3000000| PB 0x00000004c3000000| Untracked 
| 391|0x00000004c3800000, 0x00000004c3800000, 0x00000004c4000000|  0%| F|  |TAMS 0x00000004c3800000| PB 0x00000004c3800000| Untracked 
| 392|0x00000004c4000000, 0x00000004c4000000, 0x00000004c4800000|  0%| F|  |TAMS 0x00000004c4000000| PB 0x00000004c4000000| Untracked 
| 393|0x00000004c4800000, 0x00000004c4800000, 0x00000004c5000000|  0%| F|  |TAMS 0x00000004c4800000| PB 0x00000004c4800000| Untracked 
| 394|0x00000004c5000000, 0x00000004c5000000, 0x00000004c5800000|  0%| F|  |TAMS 0x00000004c5000000| PB 0x00000004c5000000| Untracked 
| 395|0x00000004c5800000, 0x00000004c5800000, 0x00000004c6000000|  0%| F|  |TAMS 0x00000004c5800000| PB 0x00000004c5800000| Untracked 
| 396|0x00000004c6000000, 0x00000004c6000000, 0x00000004c6800000|  0%| F|  |TAMS 0x00000004c6000000| PB 0x00000004c6000000| Untracked 
| 397|0x00000004c6800000, 0x00000004c6800000, 0x00000004c7000000|  0%| F|  |TAMS 0x00000004c6800000| PB 0x00000004c6800000| Untracked 
| 398|0x00000004c7000000, 0x00000004c7000000, 0x00000004c7800000|  0%| F|  |TAMS 0x00000004c7000000| PB 0x00000004c7000000| Untracked 
| 399|0x00000004c7800000, 0x00000004c7800000, 0x00000004c8000000|  0%| F|  |TAMS 0x00000004c7800000| PB 0x00000004c7800000| Untracked 
| 400|0x00000004c8000000, 0x00000004c8000000, 0x00000004c8800000|  0%| F|  |TAMS 0x00000004c8000000| PB 0x00000004c8000000| Untracked 
| 401|0x00000004c8800000, 0x00000004c8800000, 0x00000004c9000000|  0%| F|  |TAMS 0x00000004c8800000| PB 0x00000004c8800000| Untracked 
| 402|0x00000004c9000000, 0x00000004c9000000, 0x00000004c9800000|  0%| F|  |TAMS 0x00000004c9000000| PB 0x00000004c9000000| Untracked 
| 403|0x00000004c9800000, 0x00000004c9800000, 0x00000004ca000000|  0%| F|  |TAMS 0x00000004c9800000| PB 0x00000004c9800000| Untracked 
| 404|0x00000004ca000000, 0x00000004ca000000, 0x00000004ca800000|  0%| F|  |TAMS 0x00000004ca000000| PB 0x00000004ca000000| Untracked 
| 405|0x00000004ca800000, 0x00000004ca800000, 0x00000004cb000000|  0%| F|  |TAMS 0x00000004ca800000| PB 0x00000004ca800000| Untracked 
| 406|0x00000004cb000000, 0x00000004cb000000, 0x00000004cb800000|  0%| F|  |TAMS 0x00000004cb000000| PB 0x00000004cb000000| Untracked 
| 407|0x00000004cb800000, 0x00000004cb800000, 0x00000004cc000000|  0%| F|  |TAMS 0x00000004cb800000| PB 0x00000004cb800000| Untracked 
| 408|0x00000004cc000000, 0x00000004cc000000, 0x00000004cc800000|  0%| F|  |TAMS 0x00000004cc000000| PB 0x00000004cc000000| Untracked 
| 409|0x00000004cc800000, 0x00000004cc800000, 0x00000004cd000000|  0%| F|  |TAMS 0x00000004cc800000| PB 0x00000004cc800000| Untracked 
| 410|0x00000004cd000000, 0x00000004cd000000, 0x00000004cd800000|  0%| F|  |TAMS 0x00000004cd000000| PB 0x00000004cd000000| Untracked 
| 411|0x00000004cd800000, 0x00000004cd800000, 0x00000004ce000000|  0%| F|  |TAMS 0x00000004cd800000| PB 0x00000004cd800000| Untracked 
| 412|0x00000004ce000000, 0x00000004ce000000, 0x00000004ce800000|  0%| F|  |TAMS 0x00000004ce000000| PB 0x00000004ce000000| Untracked 
| 413|0x00000004ce800000, 0x00000004ce800000, 0x00000004cf000000|  0%| F|  |TAMS 0x00000004ce800000| PB 0x00000004ce800000| Untracked 
| 414|0x00000004cf000000, 0x00000004cf000000, 0x00000004cf800000|  0%| F|  |TAMS 0x00000004cf000000| PB 0x00000004cf000000| Untracked 
| 415|0x00000004cf800000, 0x00000004cf800000, 0x00000004d0000000|  0%| F|  |TAMS 0x00000004cf800000| PB 0x00000004cf800000| Untracked 
| 416|0x00000004d0000000, 0x00000004d0000000, 0x00000004d0800000|  0%| F|  |TAMS 0x00000004d0000000| PB 0x00000004d0000000| Untracked 
| 417|0x00000004d0800000, 0x00000004d0800000, 0x00000004d1000000|  0%| F|  |TAMS 0x00000004d0800000| PB 0x00000004d0800000| Untracked 
| 418|0x00000004d1000000, 0x00000004d1000000, 0x00000004d1800000|  0%| F|  |TAMS 0x00000004d1000000| PB 0x00000004d1000000| Untracked 
| 419|0x00000004d1800000, 0x00000004d1800000, 0x00000004d2000000|  0%| F|  |TAMS 0x00000004d1800000| PB 0x00000004d1800000| Untracked 
| 420|0x00000004d2000000, 0x00000004d2000000, 0x00000004d2800000|  0%| F|  |TAMS 0x00000004d2000000| PB 0x00000004d2000000| Untracked 
| 421|0x00000004d2800000, 0x00000004d2800000, 0x00000004d3000000|  0%| F|  |TAMS 0x00000004d2800000| PB 0x00000004d2800000| Untracked 
| 422|0x00000004d3000000, 0x00000004d3000000, 0x00000004d3800000|  0%| F|  |TAMS 0x00000004d3000000| PB 0x00000004d3000000| Untracked 
| 423|0x00000004d3800000, 0x00000004d3800000, 0x00000004d4000000|  0%| F|  |TAMS 0x00000004d3800000| PB 0x00000004d3800000| Untracked 
| 424|0x00000004d4000000, 0x00000004d4000000, 0x00000004d4800000|  0%| F|  |TAMS 0x00000004d4000000| PB 0x00000004d4000000| Untracked 
| 425|0x00000004d4800000, 0x00000004d4800000, 0x00000004d5000000|  0%| F|  |TAMS 0x00000004d4800000| PB 0x00000004d4800000| Untracked 
| 426|0x00000004d5000000, 0x00000004d5000000, 0x00000004d5800000|  0%| F|  |TAMS 0x00000004d5000000| PB 0x00000004d5000000| Untracked 
| 427|0x00000004d5800000, 0x00000004d5800000, 0x00000004d6000000|  0%| F|  |TAMS 0x00000004d5800000| PB 0x00000004d5800000| Untracked 
| 428|0x00000004d6000000, 0x00000004d6000000, 0x00000004d6800000|  0%| F|  |TAMS 0x00000004d6000000| PB 0x00000004d6000000| Untracked 
| 429|0x00000004d6800000, 0x00000004d6800000, 0x00000004d7000000|  0%| F|  |TAMS 0x00000004d6800000| PB 0x00000004d6800000| Untracked 
| 430|0x00000004d7000000, 0x00000004d7000000, 0x00000004d7800000|  0%| F|  |TAMS 0x00000004d7000000| PB 0x00000004d7000000| Untracked 
| 431|0x00000004d7800000, 0x00000004d7800000, 0x00000004d8000000|  0%| F|  |TAMS 0x00000004d7800000| PB 0x00000004d7800000| Untracked 
| 432|0x00000004d8000000, 0x00000004d8000000, 0x00000004d8800000|  0%| F|  |TAMS 0x00000004d8000000| PB 0x00000004d8000000| Untracked 
| 433|0x00000004d8800000, 0x00000004d8800000, 0x00000004d9000000|  0%| F|  |TAMS 0x00000004d8800000| PB 0x00000004d8800000| Untracked 
| 434|0x00000004d9000000, 0x00000004d9000000, 0x00000004d9800000|  0%| F|  |TAMS 0x00000004d9000000| PB 0x00000004d9000000| Untracked 
| 435|0x00000004d9800000, 0x00000004d9800000, 0x00000004da000000|  0%| F|  |TAMS 0x00000004d9800000| PB 0x00000004d9800000| Untracked 
| 436|0x00000004da000000, 0x00000004da000000, 0x00000004da800000|  0%| F|  |TAMS 0x00000004da000000| PB 0x00000004da000000| Untracked 
| 437|0x00000004da800000, 0x00000004da800000, 0x00000004db000000|  0%| F|  |TAMS 0x00000004da800000| PB 0x00000004da800000| Untracked 
| 438|0x00000004db000000, 0x00000004db000000, 0x00000004db800000|  0%| F|  |TAMS 0x00000004db000000| PB 0x00000004db000000| Untracked 
| 439|0x00000004db800000, 0x00000004db800000, 0x00000004dc000000|  0%| F|  |TAMS 0x00000004db800000| PB 0x00000004db800000| Untracked 
| 440|0x00000004dc000000, 0x00000004dc000000, 0x00000004dc800000|  0%| F|  |TAMS 0x00000004dc000000| PB 0x00000004dc000000| Untracked 
| 441|0x00000004dc800000, 0x00000004dc800000, 0x00000004dd000000|  0%| F|  |TAMS 0x00000004dc800000| PB 0x00000004dc800000| Untracked 
| 442|0x00000004dd000000, 0x00000004dd000000, 0x00000004dd800000|  0%| F|  |TAMS 0x00000004dd000000| PB 0x00000004dd000000| Untracked 
| 443|0x00000004dd800000, 0x00000004dd800000, 0x00000004de000000|  0%| F|  |TAMS 0x00000004dd800000| PB 0x00000004dd800000| Untracked 
| 444|0x00000004de000000, 0x00000004de000000, 0x00000004de800000|  0%| F|  |TAMS 0x00000004de000000| PB 0x00000004de000000| Untracked 
| 445|0x00000004de800000, 0x00000004de800000, 0x00000004df000000|  0%| F|  |TAMS 0x00000004de800000| PB 0x00000004de800000| Untracked 
| 446|0x00000004df000000, 0x00000004df000000, 0x00000004df800000|  0%| F|  |TAMS 0x00000004df000000| PB 0x00000004df000000| Untracked 
| 447|0x00000004df800000, 0x00000004df800000, 0x00000004e0000000|  0%| F|  |TAMS 0x00000004df800000| PB 0x00000004df800000| Untracked 
| 448|0x00000004e0000000, 0x00000004e0000000, 0x00000004e0800000|  0%| F|  |TAMS 0x00000004e0000000| PB 0x00000004e0000000| Untracked 
| 449|0x00000004e0800000, 0x00000004e0800000, 0x00000004e1000000|  0%| F|  |TAMS 0x00000004e0800000| PB 0x00000004e0800000| Untracked 
| 450|0x00000004e1000000, 0x00000004e1000000, 0x00000004e1800000|  0%| F|  |TAMS 0x00000004e1000000| PB 0x00000004e1000000| Untracked 
| 451|0x00000004e1800000, 0x00000004e1800000, 0x00000004e2000000|  0%| F|  |TAMS 0x00000004e1800000| PB 0x00000004e1800000| Untracked 
| 452|0x00000004e2000000, 0x00000004e2000000, 0x00000004e2800000|  0%| F|  |TAMS 0x00000004e2000000| PB 0x00000004e2000000| Untracked 
| 453|0x00000004e2800000, 0x00000004e2800000, 0x00000004e3000000|  0%| F|  |TAMS 0x00000004e2800000| PB 0x00000004e2800000| Untracked 
| 454|0x00000004e3000000, 0x00000004e3000000, 0x00000004e3800000|  0%| F|  |TAMS 0x00000004e3000000| PB 0x00000004e3000000| Untracked 
| 455|0x00000004e3800000, 0x00000004e3800000, 0x00000004e4000000|  0%| F|  |TAMS 0x00000004e3800000| PB 0x00000004e3800000| Untracked 
| 456|0x00000004e4000000, 0x00000004e4000000, 0x00000004e4800000|  0%| F|  |TAMS 0x00000004e4000000| PB 0x00000004e4000000| Untracked 
| 457|0x00000004e4800000, 0x00000004e4800000, 0x00000004e5000000|  0%| F|  |TAMS 0x00000004e4800000| PB 0x00000004e4800000| Untracked 
| 458|0x00000004e5000000, 0x00000004e5000000, 0x00000004e5800000|  0%| F|  |TAMS 0x00000004e5000000| PB 0x00000004e5000000| Untracked 
| 459|0x00000004e5800000, 0x00000004e5800000, 0x00000004e6000000|  0%| F|  |TAMS 0x00000004e5800000| PB 0x00000004e5800000| Untracked 
| 460|0x00000004e6000000, 0x00000004e6000000, 0x00000004e6800000|  0%| F|  |TAMS 0x00000004e6000000| PB 0x00000004e6000000| Untracked 
| 461|0x00000004e6800000, 0x00000004e6800000, 0x00000004e7000000|  0%| F|  |TAMS 0x00000004e6800000| PB 0x00000004e6800000| Untracked 
| 462|0x00000004e7000000, 0x00000004e7000000, 0x00000004e7800000|  0%| F|  |TAMS 0x00000004e7000000| PB 0x00000004e7000000| Untracked 
| 463|0x00000004e7800000, 0x00000004e7800000, 0x00000004e8000000|  0%| F|  |TAMS 0x00000004e7800000| PB 0x00000004e7800000| Untracked 
| 464|0x00000004e8000000, 0x00000004e8000000, 0x00000004e8800000|  0%| F|  |TAMS 0x00000004e8000000| PB 0x00000004e8000000| Untracked 
| 465|0x00000004e8800000, 0x00000004e8800000, 0x00000004e9000000|  0%| F|  |TAMS 0x00000004e8800000| PB 0x00000004e8800000| Untracked 
| 466|0x00000004e9000000, 0x00000004e9000000, 0x00000004e9800000|  0%| F|  |TAMS 0x00000004e9000000| PB 0x00000004e9000000| Untracked 
| 467|0x00000004e9800000, 0x00000004e9800000, 0x00000004ea000000|  0%| F|  |TAMS 0x00000004e9800000| PB 0x00000004e9800000| Untracked 
| 468|0x00000004ea000000, 0x00000004ea000000, 0x00000004ea800000|  0%| F|  |TAMS 0x00000004ea000000| PB 0x00000004ea000000| Untracked 
| 469|0x00000004ea800000, 0x00000004ea800000, 0x00000004eb000000|  0%| F|  |TAMS 0x00000004ea800000| PB 0x00000004ea800000| Untracked 
| 470|0x00000004eb000000, 0x00000004eb000000, 0x00000004eb800000|  0%| F|  |TAMS 0x00000004eb000000| PB 0x00000004eb000000| Untracked 
| 471|0x00000004eb800000, 0x00000004eb800000, 0x00000004ec000000|  0%| F|  |TAMS 0x00000004eb800000| PB 0x00000004eb800000| Untracked 
| 472|0x00000004ec000000, 0x00000004ec000000, 0x00000004ec800000|  0%| F|  |TAMS 0x00000004ec000000| PB 0x00000004ec000000| Untracked 
| 473|0x00000004ec800000, 0x00000004ec800000, 0x00000004ed000000|  0%| F|  |TAMS 0x00000004ec800000| PB 0x00000004ec800000| Untracked 
| 474|0x00000004ed000000, 0x00000004ed000000, 0x00000004ed800000|  0%| F|  |TAMS 0x00000004ed000000| PB 0x00000004ed000000| Untracked 
| 475|0x00000004ed800000, 0x00000004ed800000, 0x00000004ee000000|  0%| F|  |TAMS 0x00000004ed800000| PB 0x00000004ed800000| Untracked 
| 476|0x00000004ee000000, 0x00000004ee000000, 0x00000004ee800000|  0%| F|  |TAMS 0x00000004ee000000| PB 0x00000004ee000000| Untracked 
| 477|0x00000004ee800000, 0x00000004ee800000, 0x00000004ef000000|  0%| F|  |TAMS 0x00000004ee800000| PB 0x00000004ee800000| Untracked 
| 478|0x00000004ef000000, 0x00000004ef000000, 0x00000004ef800000|  0%| F|  |TAMS 0x00000004ef000000| PB 0x00000004ef000000| Untracked 
| 479|0x00000004ef800000, 0x00000004ef800000, 0x00000004f0000000|  0%| F|  |TAMS 0x00000004ef800000| PB 0x00000004ef800000| Untracked 
| 480|0x00000004f0000000, 0x00000004f0000000, 0x00000004f0800000|  0%| F|  |TAMS 0x00000004f0000000| PB 0x00000004f0000000| Untracked 
| 481|0x00000004f0800000, 0x00000004f0800000, 0x00000004f1000000|  0%| F|  |TAMS 0x00000004f0800000| PB 0x00000004f0800000| Untracked 
| 482|0x00000004f1000000, 0x00000004f1000000, 0x00000004f1800000|  0%| F|  |TAMS 0x00000004f1000000| PB 0x00000004f1000000| Untracked 
| 483|0x00000004f1800000, 0x00000004f1800000, 0x00000004f2000000|  0%| F|  |TAMS 0x00000004f1800000| PB 0x00000004f1800000| Untracked 
| 484|0x00000004f2000000, 0x00000004f2000000, 0x00000004f2800000|  0%| F|  |TAMS 0x00000004f2000000| PB 0x00000004f2000000| Untracked 
| 485|0x00000004f2800000, 0x00000004f2800000, 0x00000004f3000000|  0%| F|  |TAMS 0x00000004f2800000| PB 0x00000004f2800000| Untracked 
| 486|0x00000004f3000000, 0x00000004f3000000, 0x00000004f3800000|  0%| F|  |TAMS 0x00000004f3000000| PB 0x00000004f3000000| Untracked 
| 487|0x00000004f3800000, 0x00000004f3800000, 0x00000004f4000000|  0%| F|  |TAMS 0x00000004f3800000| PB 0x00000004f3800000| Untracked 
| 488|0x00000004f4000000, 0x00000004f4000000, 0x00000004f4800000|  0%| F|  |TAMS 0x00000004f4000000| PB 0x00000004f4000000| Untracked 
| 489|0x00000004f4800000, 0x00000004f4800000, 0x00000004f5000000|  0%| F|  |TAMS 0x00000004f4800000| PB 0x00000004f4800000| Untracked 
| 490|0x00000004f5000000, 0x00000004f5000000, 0x00000004f5800000|  0%| F|  |TAMS 0x00000004f5000000| PB 0x00000004f5000000| Untracked 
| 491|0x00000004f5800000, 0x00000004f5800000, 0x00000004f6000000|  0%| F|  |TAMS 0x00000004f5800000| PB 0x00000004f5800000| Untracked 
| 492|0x00000004f6000000, 0x00000004f6000000, 0x00000004f6800000|  0%| F|  |TAMS 0x00000004f6000000| PB 0x00000004f6000000| Untracked 
| 493|0x00000004f6800000, 0x00000004f6800000, 0x00000004f7000000|  0%| F|  |TAMS 0x00000004f6800000| PB 0x00000004f6800000| Untracked 
| 494|0x00000004f7000000, 0x00000004f7000000, 0x00000004f7800000|  0%| F|  |TAMS 0x00000004f7000000| PB 0x00000004f7000000| Untracked 
| 495|0x00000004f7800000, 0x00000004f7800000, 0x00000004f8000000|  0%| F|  |TAMS 0x00000004f7800000| PB 0x00000004f7800000| Untracked 
| 496|0x00000004f8000000, 0x00000004f8000000, 0x00000004f8800000|  0%| F|  |TAMS 0x00000004f8000000| PB 0x00000004f8000000| Untracked 
| 497|0x00000004f8800000, 0x00000004f8800000, 0x00000004f9000000|  0%| F|  |TAMS 0x00000004f8800000| PB 0x00000004f8800000| Untracked 
| 498|0x00000004f9000000, 0x00000004f9000000, 0x00000004f9800000|  0%| F|  |TAMS 0x00000004f9000000| PB 0x00000004f9000000| Untracked 
| 499|0x00000004f9800000, 0x00000004f9800000, 0x00000004fa000000|  0%| F|  |TAMS 0x00000004f9800000| PB 0x00000004f9800000| Untracked 
| 500|0x00000004fa000000, 0x00000004fa000000, 0x00000004fa800000|  0%| F|  |TAMS 0x00000004fa000000| PB 0x00000004fa000000| Untracked 
| 501|0x00000004fa800000, 0x00000004fa800000, 0x00000004fb000000|  0%| F|  |TAMS 0x00000004fa800000| PB 0x00000004fa800000| Untracked 
| 502|0x00000004fb000000, 0x00000004fb000000, 0x00000004fb800000|  0%| F|  |TAMS 0x00000004fb000000| PB 0x00000004fb000000| Untracked 
| 503|0x00000004fb800000, 0x00000004fb800000, 0x00000004fc000000|  0%| F|  |TAMS 0x00000004fb800000| PB 0x00000004fb800000| Untracked 
| 504|0x00000004fc000000, 0x00000004fc000000, 0x00000004fc800000|  0%| F|  |TAMS 0x00000004fc000000| PB 0x00000004fc000000| Untracked 
| 505|0x00000004fc800000, 0x00000004fc800000, 0x00000004fd000000|  0%| F|  |TAMS 0x00000004fc800000| PB 0x00000004fc800000| Untracked 
| 506|0x00000004fd000000, 0x00000004fd000000, 0x00000004fd800000|  0%| F|  |TAMS 0x00000004fd000000| PB 0x00000004fd000000| Untracked 
| 507|0x00000004fd800000, 0x00000004fd800000, 0x00000004fe000000|  0%| F|  |TAMS 0x00000004fd800000| PB 0x00000004fd800000| Untracked 
| 508|0x00000004fe000000, 0x00000004fe000000, 0x00000004fe800000|  0%| F|  |TAMS 0x00000004fe000000| PB 0x00000004fe000000| Untracked 
| 509|0x00000004fe800000, 0x00000004fe800000, 0x00000004ff000000|  0%| F|  |TAMS 0x00000004fe800000| PB 0x00000004fe800000| Untracked 
| 510|0x00000004ff000000, 0x00000004ff000000, 0x00000004ff800000|  0%| F|  |TAMS 0x00000004ff000000| PB 0x00000004ff000000| Untracked 
| 511|0x00000004ff800000, 0x00000004ff800000, 0x0000000500000000|  0%| F|  |TAMS 0x00000004ff800000| PB 0x00000004ff800000| Untracked 
| 512|0x0000000500000000, 0x0000000500000000, 0x0000000500800000|  0%| F|  |TAMS 0x0000000500000000| PB 0x0000000500000000| Untracked 
| 513|0x0000000500800000, 0x0000000500800000, 0x0000000501000000|  0%| F|  |TAMS 0x0000000500800000| PB 0x0000000500800000| Untracked 
| 514|0x0000000501000000, 0x0000000501000000, 0x0000000501800000|  0%| F|  |TAMS 0x0000000501000000| PB 0x0000000501000000| Untracked 
| 515|0x0000000501800000, 0x0000000501800000, 0x0000000502000000|  0%| F|  |TAMS 0x0000000501800000| PB 0x0000000501800000| Untracked 
| 516|0x0000000502000000, 0x0000000502000000, 0x0000000502800000|  0%| F|  |TAMS 0x0000000502000000| PB 0x0000000502000000| Untracked 
| 517|0x0000000502800000, 0x0000000502800000, 0x0000000503000000|  0%| F|  |TAMS 0x0000000502800000| PB 0x0000000502800000| Untracked 
| 518|0x0000000503000000, 0x0000000503000000, 0x0000000503800000|  0%| F|  |TAMS 0x0000000503000000| PB 0x0000000503000000| Untracked 
| 519|0x0000000503800000, 0x0000000503800000, 0x0000000504000000|  0%| F|  |TAMS 0x0000000503800000| PB 0x0000000503800000| Untracked 
| 520|0x0000000504000000, 0x0000000504000000, 0x0000000504800000|  0%| F|  |TAMS 0x0000000504000000| PB 0x0000000504000000| Untracked 
| 521|0x0000000504800000, 0x0000000504800000, 0x0000000505000000|  0%| F|  |TAMS 0x0000000504800000| PB 0x0000000504800000| Untracked 
| 522|0x0000000505000000, 0x0000000505000000, 0x0000000505800000|  0%| F|  |TAMS 0x0000000505000000| PB 0x0000000505000000| Untracked 
| 523|0x0000000505800000, 0x0000000505800000, 0x0000000506000000|  0%| F|  |TAMS 0x0000000505800000| PB 0x0000000505800000| Untracked 
| 524|0x0000000506000000, 0x0000000506000000, 0x0000000506800000|  0%| F|  |TAMS 0x0000000506000000| PB 0x0000000506000000| Untracked 
| 525|0x0000000506800000, 0x0000000506800000, 0x0000000507000000|  0%| F|  |TAMS 0x0000000506800000| PB 0x0000000506800000| Untracked 
| 526|0x0000000507000000, 0x0000000507000000, 0x0000000507800000|  0%| F|  |TAMS 0x0000000507000000| PB 0x0000000507000000| Untracked 
| 527|0x0000000507800000, 0x0000000507800000, 0x0000000508000000|  0%| F|  |TAMS 0x0000000507800000| PB 0x0000000507800000| Untracked 
| 528|0x0000000508000000, 0x0000000508000000, 0x0000000508800000|  0%| F|  |TAMS 0x0000000508000000| PB 0x0000000508000000| Untracked 
| 529|0x0000000508800000, 0x0000000508800000, 0x0000000509000000|  0%| F|  |TAMS 0x0000000508800000| PB 0x0000000508800000| Untracked 
| 530|0x0000000509000000, 0x0000000509000000, 0x0000000509800000|  0%| F|  |TAMS 0x0000000509000000| PB 0x0000000509000000| Untracked 
| 531|0x0000000509800000, 0x0000000509800000, 0x000000050a000000|  0%| F|  |TAMS 0x0000000509800000| PB 0x0000000509800000| Untracked 
| 532|0x000000050a000000, 0x000000050a000000, 0x000000050a800000|  0%| F|  |TAMS 0x000000050a000000| PB 0x000000050a000000| Untracked 
| 533|0x000000050a800000, 0x000000050a800000, 0x000000050b000000|  0%| F|  |TAMS 0x000000050a800000| PB 0x000000050a800000| Untracked 
| 534|0x000000050b000000, 0x000000050b000000, 0x000000050b800000|  0%| F|  |TAMS 0x000000050b000000| PB 0x000000050b000000| Untracked 
| 535|0x000000050b800000, 0x000000050b800000, 0x000000050c000000|  0%| F|  |TAMS 0x000000050b800000| PB 0x000000050b800000| Untracked 
| 536|0x000000050c000000, 0x000000050c000000, 0x000000050c800000|  0%| F|  |TAMS 0x000000050c000000| PB 0x000000050c000000| Untracked 
| 537|0x000000050c800000, 0x000000050c800000, 0x000000050d000000|  0%| F|  |TAMS 0x000000050c800000| PB 0x000000050c800000| Untracked 
| 538|0x000000050d000000, 0x000000050d000000, 0x000000050d800000|  0%| F|  |TAMS 0x000000050d000000| PB 0x000000050d000000| Untracked 
| 539|0x000000050d800000, 0x000000050d800000, 0x000000050e000000|  0%| F|  |TAMS 0x000000050d800000| PB 0x000000050d800000| Untracked 
| 540|0x000000050e000000, 0x000000050e000000, 0x000000050e800000|  0%| F|  |TAMS 0x000000050e000000| PB 0x000000050e000000| Untracked 
| 541|0x000000050e800000, 0x000000050e800000, 0x000000050f000000|  0%| F|  |TAMS 0x000000050e800000| PB 0x000000050e800000| Untracked 
| 542|0x000000050f000000, 0x000000050f000000, 0x000000050f800000|  0%| F|  |TAMS 0x000000050f000000| PB 0x000000050f000000| Untracked 
| 543|0x000000050f800000, 0x000000050f800000, 0x0000000510000000|  0%| F|  |TAMS 0x000000050f800000| PB 0x000000050f800000| Untracked 
| 544|0x0000000510000000, 0x0000000510000000, 0x0000000510800000|  0%| F|  |TAMS 0x0000000510000000| PB 0x0000000510000000| Untracked 
| 545|0x0000000510800000, 0x0000000510800000, 0x0000000511000000|  0%| F|  |TAMS 0x0000000510800000| PB 0x0000000510800000| Untracked 
| 546|0x0000000511000000, 0x0000000511000000, 0x0000000511800000|  0%| F|  |TAMS 0x0000000511000000| PB 0x0000000511000000| Untracked 
| 547|0x0000000511800000, 0x0000000511800000, 0x0000000512000000|  0%| F|  |TAMS 0x0000000511800000| PB 0x0000000511800000| Untracked 
| 548|0x0000000512000000, 0x0000000512000000, 0x0000000512800000|  0%| F|  |TAMS 0x0000000512000000| PB 0x0000000512000000| Untracked 
| 549|0x0000000512800000, 0x0000000512800000, 0x0000000513000000|  0%| F|  |TAMS 0x0000000512800000| PB 0x0000000512800000| Untracked 
| 550|0x0000000513000000, 0x0000000513000000, 0x0000000513800000|  0%| F|  |TAMS 0x0000000513000000| PB 0x0000000513000000| Untracked 
| 551|0x0000000513800000, 0x0000000513800000, 0x0000000514000000|  0%| F|  |TAMS 0x0000000513800000| PB 0x0000000513800000| Untracked 
| 552|0x0000000514000000, 0x0000000514000000, 0x0000000514800000|  0%| F|  |TAMS 0x0000000514000000| PB 0x0000000514000000| Untracked 
| 553|0x0000000514800000, 0x0000000514800000, 0x0000000515000000|  0%| F|  |TAMS 0x0000000514800000| PB 0x0000000514800000| Untracked 
| 554|0x0000000515000000, 0x0000000515000000, 0x0000000515800000|  0%| F|  |TAMS 0x0000000515000000| PB 0x0000000515000000| Untracked 
| 555|0x0000000515800000, 0x0000000515800000, 0x0000000516000000|  0%| F|  |TAMS 0x0000000515800000| PB 0x0000000515800000| Untracked 
| 556|0x0000000516000000, 0x0000000516000000, 0x0000000516800000|  0%| F|  |TAMS 0x0000000516000000| PB 0x0000000516000000| Untracked 
| 557|0x0000000516800000, 0x0000000516800000, 0x0000000517000000|  0%| F|  |TAMS 0x0000000516800000| PB 0x0000000516800000| Untracked 
| 558|0x0000000517000000, 0x0000000517000000, 0x0000000517800000|  0%| F|  |TAMS 0x0000000517000000| PB 0x0000000517000000| Untracked 
| 559|0x0000000517800000, 0x0000000517800000, 0x0000000518000000|  0%| F|  |TAMS 0x0000000517800000| PB 0x0000000517800000| Untracked 
| 560|0x0000000518000000, 0x0000000518000000, 0x0000000518800000|  0%| F|  |TAMS 0x0000000518000000| PB 0x0000000518000000| Untracked 
| 561|0x0000000518800000, 0x0000000518800000, 0x0000000519000000|  0%| F|  |TAMS 0x0000000518800000| PB 0x0000000518800000| Untracked 
| 562|0x0000000519000000, 0x0000000519000000, 0x0000000519800000|  0%| F|  |TAMS 0x0000000519000000| PB 0x0000000519000000| Untracked 
| 563|0x0000000519800000, 0x0000000519800000, 0x000000051a000000|  0%| F|  |TAMS 0x0000000519800000| PB 0x0000000519800000| Untracked 
| 564|0x000000051a000000, 0x000000051a000000, 0x000000051a800000|  0%| F|  |TAMS 0x000000051a000000| PB 0x000000051a000000| Untracked 
| 565|0x000000051a800000, 0x000000051a800000, 0x000000051b000000|  0%| F|  |TAMS 0x000000051a800000| PB 0x000000051a800000| Untracked 
| 566|0x000000051b000000, 0x000000051b000000, 0x000000051b800000|  0%| F|  |TAMS 0x000000051b000000| PB 0x000000051b000000| Untracked 
| 567|0x000000051b800000, 0x000000051b800000, 0x000000051c000000|  0%| F|  |TAMS 0x000000051b800000| PB 0x000000051b800000| Untracked 
| 568|0x000000051c000000, 0x000000051c000000, 0x000000051c800000|  0%| F|  |TAMS 0x000000051c000000| PB 0x000000051c000000| Untracked 
| 569|0x000000051c800000, 0x000000051c800000, 0x000000051d000000|  0%| F|  |TAMS 0x000000051c800000| PB 0x000000051c800000| Untracked 
| 570|0x000000051d000000, 0x000000051d000000, 0x000000051d800000|  0%| F|  |TAMS 0x000000051d000000| PB 0x000000051d000000| Untracked 
| 571|0x000000051d800000, 0x000000051d800000, 0x000000051e000000|  0%| F|  |TAMS 0x000000051d800000| PB 0x000000051d800000| Untracked 
| 572|0x000000051e000000, 0x000000051e000000, 0x000000051e800000|  0%| F|  |TAMS 0x000000051e000000| PB 0x000000051e000000| Untracked 
| 573|0x000000051e800000, 0x000000051e800000, 0x000000051f000000|  0%| F|  |TAMS 0x000000051e800000| PB 0x000000051e800000| Untracked 
| 574|0x000000051f000000, 0x000000051f000000, 0x000000051f800000|  0%| F|  |TAMS 0x000000051f000000| PB 0x000000051f000000| Untracked 
| 575|0x000000051f800000, 0x000000051f800000, 0x0000000520000000|  0%| F|  |TAMS 0x000000051f800000| PB 0x000000051f800000| Untracked 
| 576|0x0000000520000000, 0x0000000520000000, 0x0000000520800000|  0%| F|  |TAMS 0x0000000520000000| PB 0x0000000520000000| Untracked 
| 577|0x0000000520800000, 0x0000000520800000, 0x0000000521000000|  0%| F|  |TAMS 0x0000000520800000| PB 0x0000000520800000| Untracked 
| 578|0x0000000521000000, 0x0000000521000000, 0x0000000521800000|  0%| F|  |TAMS 0x0000000521000000| PB 0x0000000521000000| Untracked 
| 579|0x0000000521800000, 0x0000000521800000, 0x0000000522000000|  0%| F|  |TAMS 0x0000000521800000| PB 0x0000000521800000| Untracked 
| 580|0x0000000522000000, 0x0000000522000000, 0x0000000522800000|  0%| F|  |TAMS 0x0000000522000000| PB 0x0000000522000000| Untracked 
| 581|0x0000000522800000, 0x0000000522800000, 0x0000000523000000|  0%| F|  |TAMS 0x0000000522800000| PB 0x0000000522800000| Untracked 
| 582|0x0000000523000000, 0x0000000523000000, 0x0000000523800000|  0%| F|  |TAMS 0x0000000523000000| PB 0x0000000523000000| Untracked 
| 583|0x0000000523800000, 0x0000000523800000, 0x0000000524000000|  0%| F|  |TAMS 0x0000000523800000| PB 0x0000000523800000| Untracked 
| 584|0x0000000524000000, 0x0000000524000000, 0x0000000524800000|  0%| F|  |TAMS 0x0000000524000000| PB 0x0000000524000000| Untracked 
| 585|0x0000000524800000, 0x0000000524800000, 0x0000000525000000|  0%| F|  |TAMS 0x0000000524800000| PB 0x0000000524800000| Untracked 
| 586|0x0000000525000000, 0x0000000525000000, 0x0000000525800000|  0%| F|  |TAMS 0x0000000525000000| PB 0x0000000525000000| Untracked 
| 587|0x0000000525800000, 0x0000000525800000, 0x0000000526000000|  0%| F|  |TAMS 0x0000000525800000| PB 0x0000000525800000| Untracked 
| 588|0x0000000526000000, 0x0000000526000000, 0x0000000526800000|  0%| F|  |TAMS 0x0000000526000000| PB 0x0000000526000000| Untracked 
| 589|0x0000000526800000, 0x0000000526800000, 0x0000000527000000|  0%| F|  |TAMS 0x0000000526800000| PB 0x0000000526800000| Untracked 
| 590|0x0000000527000000, 0x0000000527000000, 0x0000000527800000|  0%| F|  |TAMS 0x0000000527000000| PB 0x0000000527000000| Untracked 
| 591|0x0000000527800000, 0x0000000527800000, 0x0000000528000000|  0%| F|  |TAMS 0x0000000527800000| PB 0x0000000527800000| Untracked 
| 592|0x0000000528000000, 0x0000000528000000, 0x0000000528800000|  0%| F|  |TAMS 0x0000000528000000| PB 0x0000000528000000| Untracked 
| 593|0x0000000528800000, 0x0000000528800000, 0x0000000529000000|  0%| F|  |TAMS 0x0000000528800000| PB 0x0000000528800000| Untracked 
| 594|0x0000000529000000, 0x0000000529000000, 0x0000000529800000|  0%| F|  |TAMS 0x0000000529000000| PB 0x0000000529000000| Untracked 
| 595|0x0000000529800000, 0x0000000529800000, 0x000000052a000000|  0%| F|  |TAMS 0x0000000529800000| PB 0x0000000529800000| Untracked 
| 596|0x000000052a000000, 0x000000052a000000, 0x000000052a800000|  0%| F|  |TAMS 0x000000052a000000| PB 0x000000052a000000| Untracked 
| 597|0x000000052a800000, 0x000000052a800000, 0x000000052b000000|  0%| F|  |TAMS 0x000000052a800000| PB 0x000000052a800000| Untracked 
| 598|0x000000052b000000, 0x000000052b000000, 0x000000052b800000|  0%| F|  |TAMS 0x000000052b000000| PB 0x000000052b000000| Untracked 
| 599|0x000000052b800000, 0x000000052b800000, 0x000000052c000000|  0%| F|  |TAMS 0x000000052b800000| PB 0x000000052b800000| Untracked 
| 600|0x000000052c000000, 0x000000052c000000, 0x000000052c800000|  0%| F|  |TAMS 0x000000052c000000| PB 0x000000052c000000| Untracked 
| 601|0x000000052c800000, 0x000000052c800000, 0x000000052d000000|  0%| F|  |TAMS 0x000000052c800000| PB 0x000000052c800000| Untracked 
| 602|0x000000052d000000, 0x000000052d000000, 0x000000052d800000|  0%| F|  |TAMS 0x000000052d000000| PB 0x000000052d000000| Untracked 
| 603|0x000000052d800000, 0x000000052d800000, 0x000000052e000000|  0%| F|  |TAMS 0x000000052d800000| PB 0x000000052d800000| Untracked 
| 604|0x000000052e000000, 0x000000052e000000, 0x000000052e800000|  0%| F|  |TAMS 0x000000052e000000| PB 0x000000052e000000| Untracked 
| 605|0x000000052e800000, 0x000000052e800000, 0x000000052f000000|  0%| F|  |TAMS 0x000000052e800000| PB 0x000000052e800000| Untracked 
| 606|0x000000052f000000, 0x000000052f000000, 0x000000052f800000|  0%| F|  |TAMS 0x000000052f000000| PB 0x000000052f000000| Untracked 
| 607|0x000000052f800000, 0x000000052f800000, 0x0000000530000000|  0%| F|  |TAMS 0x000000052f800000| PB 0x000000052f800000| Untracked 
| 608|0x0000000530000000, 0x0000000530000000, 0x0000000530800000|  0%| F|  |TAMS 0x0000000530000000| PB 0x0000000530000000| Untracked 
| 609|0x0000000530800000, 0x0000000530800000, 0x0000000531000000|  0%| F|  |TAMS 0x0000000530800000| PB 0x0000000530800000| Untracked 
| 610|0x0000000531000000, 0x0000000531000000, 0x0000000531800000|  0%| F|  |TAMS 0x0000000531000000| PB 0x0000000531000000| Untracked 
| 611|0x0000000531800000, 0x0000000531800000, 0x0000000532000000|  0%| F|  |TAMS 0x0000000531800000| PB 0x0000000531800000| Untracked 
| 612|0x0000000532000000, 0x0000000532000000, 0x0000000532800000|  0%| F|  |TAMS 0x0000000532000000| PB 0x0000000532000000| Untracked 
| 613|0x0000000532800000, 0x0000000532800000, 0x0000000533000000|  0%| F|  |TAMS 0x0000000532800000| PB 0x0000000532800000| Untracked 
| 614|0x0000000533000000, 0x0000000533000000, 0x0000000533800000|  0%| F|  |TAMS 0x0000000533000000| PB 0x0000000533000000| Untracked 
| 615|0x0000000533800000, 0x0000000533800000, 0x0000000534000000|  0%| F|  |TAMS 0x0000000533800000| PB 0x0000000533800000| Untracked 
| 616|0x0000000534000000, 0x0000000534000000, 0x0000000534800000|  0%| F|  |TAMS 0x0000000534000000| PB 0x0000000534000000| Untracked 
| 617|0x0000000534800000, 0x0000000534800000, 0x0000000535000000|  0%| F|  |TAMS 0x0000000534800000| PB 0x0000000534800000| Untracked 
| 618|0x0000000535000000, 0x0000000535400000, 0x0000000535800000| 50%| E|  |TAMS 0x0000000535000000| PB 0x0000000535000000| Complete 
| 619|0x0000000535800000, 0x0000000536000000, 0x0000000536000000|100%| E|CS|TAMS 0x0000000535800000| PB 0x0000000535800000| Complete 
| 620|0x0000000536000000, 0x0000000536800000, 0x0000000536800000|100%| E|CS|TAMS 0x0000000536000000| PB 0x0000000536000000| Complete 
| 621|0x0000000536800000, 0x0000000537000000, 0x0000000537000000|100%| E|CS|TAMS 0x0000000536800000| PB 0x0000000536800000| Complete 
| 622|0x0000000537000000, 0x0000000537800000, 0x0000000537800000|100%| E|CS|TAMS 0x0000000537000000| PB 0x0000000537000000| Complete 
| 623|0x0000000537800000, 0x0000000538000000, 0x0000000538000000|100%| E|CS|TAMS 0x0000000537800000| PB 0x0000000537800000| Complete 
| 624|0x0000000538000000, 0x0000000538800000, 0x0000000538800000|100%| E|CS|TAMS 0x0000000538000000| PB 0x0000000538000000| Complete 
| 625|0x0000000538800000, 0x0000000539000000, 0x0000000539000000|100%| E|CS|TAMS 0x0000000538800000| PB 0x0000000538800000| Complete 
| 626|0x0000000539000000, 0x0000000539800000, 0x0000000539800000|100%| E|CS|TAMS 0x0000000539000000| PB 0x0000000539000000| Complete 
| 627|0x0000000539800000, 0x000000053a000000, 0x000000053a000000|100%| E|CS|TAMS 0x0000000539800000| PB 0x0000000539800000| Complete 
| 628|0x000000053a000000, 0x000000053a800000, 0x000000053a800000|100%| E|CS|TAMS 0x000000053a000000| PB 0x000000053a000000| Complete 
| 629|0x000000053a800000, 0x000000053b000000, 0x000000053b000000|100%| E|CS|TAMS 0x000000053a800000| PB 0x000000053a800000| Complete 
| 630|0x000000053b000000, 0x000000053b800000, 0x000000053b800000|100%| E|CS|TAMS 0x000000053b000000| PB 0x000000053b000000| Complete 
| 631|0x000000053b800000, 0x000000053c000000, 0x000000053c000000|100%| E|CS|TAMS 0x000000053b800000| PB 0x000000053b800000| Complete 
| 632|0x000000053c000000, 0x000000053c800000, 0x000000053c800000|100%| E|CS|TAMS 0x000000053c000000| PB 0x000000053c000000| Complete 
| 633|0x000000053c800000, 0x000000053d000000, 0x000000053d000000|100%| E|CS|TAMS 0x000000053c800000| PB 0x000000053c800000| Complete 
| 634|0x000000053d000000, 0x000000053d800000, 0x000000053d800000|100%| E|CS|TAMS 0x000000053d000000| PB 0x000000053d000000| Complete 
| 635|0x000000053d800000, 0x000000053e000000, 0x000000053e000000|100%| E|CS|TAMS 0x000000053d800000| PB 0x000000053d800000| Complete 
| 636|0x000000053e000000, 0x000000053e800000, 0x000000053e800000|100%| E|CS|TAMS 0x000000053e000000| PB 0x000000053e000000| Complete 
| 637|0x000000053e800000, 0x000000053f000000, 0x000000053f000000|100%| E|CS|TAMS 0x000000053e800000| PB 0x000000053e800000| Complete 
| 638|0x000000053f000000, 0x000000053f800000, 0x000000053f800000|100%| E|CS|TAMS 0x000000053f000000| PB 0x000000053f000000| Complete 
| 639|0x000000053f800000, 0x0000000540000000, 0x0000000540000000|100%| E|CS|TAMS 0x000000053f800000| PB 0x000000053f800000| Complete 
| 640|0x0000000540000000, 0x0000000540800000, 0x0000000540800000|100%| E|CS|TAMS 0x0000000540000000| PB 0x0000000540000000| Complete 
| 641|0x0000000540800000, 0x0000000541000000, 0x0000000541000000|100%| E|CS|TAMS 0x0000000540800000| PB 0x0000000540800000| Complete 
| 642|0x0000000541000000, 0x0000000541800000, 0x0000000541800000|100%| E|CS|TAMS 0x0000000541000000| PB 0x0000000541000000| Complete 
| 643|0x0000000541800000, 0x0000000542000000, 0x0000000542000000|100%| E|CS|TAMS 0x0000000541800000| PB 0x0000000541800000| Complete 
| 644|0x0000000542000000, 0x0000000542800000, 0x0000000542800000|100%| E|CS|TAMS 0x0000000542000000| PB 0x0000000542000000| Complete 
| 645|0x0000000542800000, 0x0000000543000000, 0x0000000543000000|100%| E|CS|TAMS 0x0000000542800000| PB 0x0000000542800000| Complete 
| 646|0x0000000543000000, 0x0000000543800000, 0x0000000543800000|100%| E|CS|TAMS 0x0000000543000000| PB 0x0000000543000000| Complete 
| 647|0x0000000543800000, 0x0000000544000000, 0x0000000544000000|100%| E|CS|TAMS 0x0000000543800000| PB 0x0000000543800000| Complete 
| 648|0x0000000544000000, 0x0000000544800000, 0x0000000544800000|100%| E|CS|TAMS 0x0000000544000000| PB 0x0000000544000000| Complete 
| 649|0x0000000544800000, 0x0000000545000000, 0x0000000545000000|100%| E|CS|TAMS 0x0000000544800000| PB 0x0000000544800000| Complete 
| 650|0x0000000545000000, 0x0000000545800000, 0x0000000545800000|100%| E|CS|TAMS 0x0000000545000000| PB 0x0000000545000000| Complete 
| 651|0x0000000545800000, 0x0000000546000000, 0x0000000546000000|100%| E|CS|TAMS 0x0000000545800000| PB 0x0000000545800000| Complete 
| 652|0x0000000546000000, 0x0000000546800000, 0x0000000546800000|100%| E|CS|TAMS 0x0000000546000000| PB 0x0000000546000000| Complete 
| 653|0x0000000546800000, 0x0000000547000000, 0x0000000547000000|100%| E|CS|TAMS 0x0000000546800000| PB 0x0000000546800000| Complete 
| 654|0x0000000547000000, 0x0000000547800000, 0x0000000547800000|100%| E|CS|TAMS 0x0000000547000000| PB 0x0000000547000000| Complete 
| 655|0x0000000547800000, 0x0000000548000000, 0x0000000548000000|100%| E|CS|TAMS 0x0000000547800000| PB 0x0000000547800000| Complete 
| 656|0x0000000548000000, 0x0000000548800000, 0x0000000548800000|100%| E|CS|TAMS 0x0000000548000000| PB 0x0000000548000000| Complete 
| 657|0x0000000548800000, 0x0000000549000000, 0x0000000549000000|100%| E|CS|TAMS 0x0000000548800000| PB 0x0000000548800000| Complete 
| 658|0x0000000549000000, 0x0000000549800000, 0x0000000549800000|100%| E|CS|TAMS 0x0000000549000000| PB 0x0000000549000000| Complete 
| 659|0x0000000549800000, 0x000000054a000000, 0x000000054a000000|100%| E|CS|TAMS 0x0000000549800000| PB 0x0000000549800000| Complete 
| 660|0x000000054a000000, 0x000000054a800000, 0x000000054a800000|100%| E|CS|TAMS 0x000000054a000000| PB 0x000000054a000000| Complete 
| 661|0x000000054a800000, 0x000000054b000000, 0x000000054b000000|100%| E|CS|TAMS 0x000000054a800000| PB 0x000000054a800000| Complete 
| 662|0x000000054b000000, 0x000000054b800000, 0x000000054b800000|100%| E|CS|TAMS 0x000000054b000000| PB 0x000000054b000000| Complete 
| 663|0x000000054b800000, 0x000000054c000000, 0x000000054c000000|100%| E|CS|TAMS 0x000000054b800000| PB 0x000000054b800000| Complete 
| 664|0x000000054c000000, 0x000000054c800000, 0x000000054c800000|100%| E|CS|TAMS 0x000000054c000000| PB 0x000000054c000000| Complete 
| 665|0x000000054c800000, 0x000000054d000000, 0x000000054d000000|100%| E|CS|TAMS 0x000000054c800000| PB 0x000000054c800000| Complete 
| 666|0x000000054d000000, 0x000000054d800000, 0x000000054d800000|100%| E|CS|TAMS 0x000000054d000000| PB 0x000000054d000000| Complete 
| 667|0x000000054d800000, 0x000000054e000000, 0x000000054e000000|100%| E|CS|TAMS 0x000000054d800000| PB 0x000000054d800000| Complete 
| 668|0x000000054e000000, 0x000000054e800000, 0x000000054e800000|100%| E|CS|TAMS 0x000000054e000000| PB 0x000000054e000000| Complete 
| 669|0x000000054e800000, 0x000000054f000000, 0x000000054f000000|100%| E|CS|TAMS 0x000000054e800000| PB 0x000000054e800000| Complete 
| 670|0x000000054f000000, 0x000000054f800000, 0x000000054f800000|100%| E|CS|TAMS 0x000000054f000000| PB 0x000000054f000000| Complete 
| 671|0x000000054f800000, 0x0000000550000000, 0x0000000550000000|100%| E|CS|TAMS 0x000000054f800000| PB 0x000000054f800000| Complete 
| 672|0x0000000550000000, 0x0000000550800000, 0x0000000550800000|100%| E|CS|TAMS 0x0000000550000000| PB 0x0000000550000000| Complete 
| 673|0x0000000550800000, 0x0000000551000000, 0x0000000551000000|100%| E|CS|TAMS 0x0000000550800000| PB 0x0000000550800000| Complete 
| 674|0x0000000551000000, 0x0000000551800000, 0x0000000551800000|100%| E|CS|TAMS 0x0000000551000000| PB 0x0000000551000000| Complete 
| 675|0x0000000551800000, 0x0000000552000000, 0x0000000552000000|100%| E|CS|TAMS 0x0000000551800000| PB 0x0000000551800000| Complete 
| 676|0x0000000552000000, 0x0000000552800000, 0x0000000552800000|100%| E|CS|TAMS 0x0000000552000000| PB 0x0000000552000000| Complete 
| 677|0x0000000552800000, 0x0000000553000000, 0x0000000553000000|100%| E|CS|TAMS 0x0000000552800000| PB 0x0000000552800000| Complete 
| 678|0x0000000553000000, 0x0000000553800000, 0x0000000553800000|100%| E|CS|TAMS 0x0000000553000000| PB 0x0000000553000000| Complete 
| 679|0x0000000553800000, 0x0000000554000000, 0x0000000554000000|100%| E|CS|TAMS 0x0000000553800000| PB 0x0000000553800000| Complete 
| 680|0x0000000554000000, 0x0000000554800000, 0x0000000554800000|100%| E|CS|TAMS 0x0000000554000000| PB 0x0000000554000000| Complete 
| 681|0x0000000554800000, 0x0000000555000000, 0x0000000555000000|100%| E|CS|TAMS 0x0000000554800000| PB 0x0000000554800000| Complete 
| 682|0x0000000555000000, 0x0000000555800000, 0x0000000555800000|100%| E|CS|TAMS 0x0000000555000000| PB 0x0000000555000000| Complete 
| 683|0x0000000555800000, 0x0000000556000000, 0x0000000556000000|100%| E|CS|TAMS 0x0000000555800000| PB 0x0000000555800000| Complete 
| 684|0x0000000556000000, 0x0000000556800000, 0x0000000556800000|100%| E|CS|TAMS 0x0000000556000000| PB 0x0000000556000000| Complete 
| 685|0x0000000556800000, 0x0000000557000000, 0x0000000557000000|100%| E|CS|TAMS 0x0000000556800000| PB 0x0000000556800000| Complete 
| 686|0x0000000557000000, 0x0000000557800000, 0x0000000557800000|100%| E|CS|TAMS 0x0000000557000000| PB 0x0000000557000000| Complete 
| 687|0x0000000557800000, 0x0000000558000000, 0x0000000558000000|100%| E|CS|TAMS 0x0000000557800000| PB 0x0000000557800000| Complete 
| 688|0x0000000558000000, 0x0000000558800000, 0x0000000558800000|100%| E|CS|TAMS 0x0000000558000000| PB 0x0000000558000000| Complete 
| 689|0x0000000558800000, 0x0000000559000000, 0x0000000559000000|100%| E|CS|TAMS 0x0000000558800000| PB 0x0000000558800000| Complete 
| 690|0x0000000559000000, 0x0000000559800000, 0x0000000559800000|100%| E|CS|TAMS 0x0000000559000000| PB 0x0000000559000000| Complete 
| 691|0x0000000559800000, 0x000000055a000000, 0x000000055a000000|100%| E|CS|TAMS 0x0000000559800000| PB 0x0000000559800000| Complete 
| 692|0x000000055a000000, 0x000000055a800000, 0x000000055a800000|100%| E|CS|TAMS 0x000000055a000000| PB 0x000000055a000000| Complete 
| 693|0x000000055a800000, 0x000000055b000000, 0x000000055b000000|100%| E|CS|TAMS 0x000000055a800000| PB 0x000000055a800000| Complete 
| 694|0x000000055b000000, 0x000000055b800000, 0x000000055b800000|100%| E|CS|TAMS 0x000000055b000000| PB 0x000000055b000000| Complete 
| 695|0x000000055b800000, 0x000000055c000000, 0x000000055c000000|100%| E|CS|TAMS 0x000000055b800000| PB 0x000000055b800000| Complete 
| 696|0x000000055c000000, 0x000000055c800000, 0x000000055c800000|100%| E|CS|TAMS 0x000000055c000000| PB 0x000000055c000000| Complete 
| 697|0x000000055c800000, 0x000000055d000000, 0x000000055d000000|100%| E|CS|TAMS 0x000000055c800000| PB 0x000000055c800000| Complete 
| 698|0x000000055d000000, 0x000000055d800000, 0x000000055d800000|100%| E|CS|TAMS 0x000000055d000000| PB 0x000000055d000000| Complete 
| 699|0x000000055d800000, 0x000000055e000000, 0x000000055e000000|100%| E|CS|TAMS 0x000000055d800000| PB 0x000000055d800000| Complete 
| 700|0x000000055e000000, 0x000000055e800000, 0x000000055e800000|100%| E|CS|TAMS 0x000000055e000000| PB 0x000000055e000000| Complete 
| 701|0x000000055e800000, 0x000000055f000000, 0x000000055f000000|100%| E|CS|TAMS 0x000000055e800000| PB 0x000000055e800000| Complete 
| 702|0x000000055f000000, 0x000000055f800000, 0x000000055f800000|100%| E|CS|TAMS 0x000000055f000000| PB 0x000000055f000000| Complete 
| 703|0x000000055f800000, 0x0000000560000000, 0x0000000560000000|100%| E|CS|TAMS 0x000000055f800000| PB 0x000000055f800000| Complete 
| 704|0x0000000560000000, 0x0000000560800000, 0x0000000560800000|100%| E|CS|TAMS 0x0000000560000000| PB 0x0000000560000000| Complete 
| 705|0x0000000560800000, 0x0000000561000000, 0x0000000561000000|100%| E|CS|TAMS 0x0000000560800000| PB 0x0000000560800000| Complete 
| 706|0x0000000561000000, 0x0000000561800000, 0x0000000561800000|100%| E|CS|TAMS 0x0000000561000000| PB 0x0000000561000000| Complete 
| 707|0x0000000561800000, 0x0000000562000000, 0x0000000562000000|100%| E|CS|TAMS 0x0000000561800000| PB 0x0000000561800000| Complete 
| 708|0x0000000562000000, 0x0000000562800000, 0x0000000562800000|100%| E|CS|TAMS 0x0000000562000000| PB 0x0000000562000000| Complete 
| 709|0x0000000562800000, 0x0000000563000000, 0x0000000563000000|100%| E|CS|TAMS 0x0000000562800000| PB 0x0000000562800000| Complete 
| 710|0x0000000563000000, 0x0000000563800000, 0x0000000563800000|100%| E|CS|TAMS 0x0000000563000000| PB 0x0000000563000000| Complete 
| 711|0x0000000563800000, 0x0000000564000000, 0x0000000564000000|100%| E|CS|TAMS 0x0000000563800000| PB 0x0000000563800000| Complete 
| 712|0x0000000564000000, 0x0000000564800000, 0x0000000564800000|100%| E|CS|TAMS 0x0000000564000000| PB 0x0000000564000000| Complete 
| 713|0x0000000564800000, 0x0000000565000000, 0x0000000565000000|100%| E|CS|TAMS 0x0000000564800000| PB 0x0000000564800000| Complete 
| 714|0x0000000565000000, 0x0000000565800000, 0x0000000565800000|100%| E|CS|TAMS 0x0000000565000000| PB 0x0000000565000000| Complete 
| 715|0x0000000565800000, 0x0000000566000000, 0x0000000566000000|100%| E|CS|TAMS 0x0000000565800000| PB 0x0000000565800000| Complete 
| 716|0x0000000566000000, 0x0000000566800000, 0x0000000566800000|100%| E|CS|TAMS 0x0000000566000000| PB 0x0000000566000000| Complete 
| 717|0x0000000566800000, 0x0000000567000000, 0x0000000567000000|100%| E|CS|TAMS 0x0000000566800000| PB 0x0000000566800000| Complete 
| 718|0x0000000567000000, 0x0000000567800000, 0x0000000567800000|100%| E|CS|TAMS 0x0000000567000000| PB 0x0000000567000000| Complete 
| 719|0x0000000567800000, 0x0000000568000000, 0x0000000568000000|100%| E|CS|TAMS 0x0000000567800000| PB 0x0000000567800000| Complete 
| 720|0x0000000568000000, 0x0000000568800000, 0x0000000568800000|100%| E|CS|TAMS 0x0000000568000000| PB 0x0000000568000000| Complete 
| 721|0x0000000568800000, 0x0000000569000000, 0x0000000569000000|100%| E|CS|TAMS 0x0000000568800000| PB 0x0000000568800000| Complete 
| 722|0x0000000569000000, 0x0000000569800000, 0x0000000569800000|100%| E|CS|TAMS 0x0000000569000000| PB 0x0000000569000000| Complete 
| 723|0x0000000569800000, 0x000000056a000000, 0x000000056a000000|100%| E|CS|TAMS 0x0000000569800000| PB 0x0000000569800000| Complete 
| 724|0x000000056a000000, 0x000000056a800000, 0x000000056a800000|100%| E|CS|TAMS 0x000000056a000000| PB 0x000000056a000000| Complete 
| 725|0x000000056a800000, 0x000000056b000000, 0x000000056b000000|100%| E|CS|TAMS 0x000000056a800000| PB 0x000000056a800000| Complete 
| 726|0x000000056b000000, 0x000000056b800000, 0x000000056b800000|100%| E|CS|TAMS 0x000000056b000000| PB 0x000000056b000000| Complete 
| 727|0x000000056b800000, 0x000000056c000000, 0x000000056c000000|100%| E|CS|TAMS 0x000000056b800000| PB 0x000000056b800000| Complete 
| 728|0x000000056c000000, 0x000000056c800000, 0x000000056c800000|100%| E|CS|TAMS 0x000000056c000000| PB 0x000000056c000000| Complete 
| 729|0x000000056c800000, 0x000000056d000000, 0x000000056d000000|100%| E|CS|TAMS 0x000000056c800000| PB 0x000000056c800000| Complete 
| 730|0x000000056d000000, 0x000000056d800000, 0x000000056d800000|100%| E|CS|TAMS 0x000000056d000000| PB 0x000000056d000000| Complete 
| 731|0x000000056d800000, 0x000000056e000000, 0x000000056e000000|100%| E|CS|TAMS 0x000000056d800000| PB 0x000000056d800000| Complete 
| 732|0x000000056e000000, 0x000000056e800000, 0x000000056e800000|100%| E|CS|TAMS 0x000000056e000000| PB 0x000000056e000000| Complete 
| 733|0x000000056e800000, 0x000000056f000000, 0x000000056f000000|100%| E|CS|TAMS 0x000000056e800000| PB 0x000000056e800000| Complete 
| 734|0x000000056f000000, 0x000000056f800000, 0x000000056f800000|100%| E|CS|TAMS 0x000000056f000000| PB 0x000000056f000000| Complete 
| 735|0x000000056f800000, 0x0000000570000000, 0x0000000570000000|100%| E|CS|TAMS 0x000000056f800000| PB 0x000000056f800000| Complete 
| 736|0x0000000570000000, 0x0000000570800000, 0x0000000570800000|100%| E|CS|TAMS 0x0000000570000000| PB 0x0000000570000000| Complete 
| 737|0x0000000570800000, 0x0000000571000000, 0x0000000571000000|100%| E|CS|TAMS 0x0000000570800000| PB 0x0000000570800000| Complete 
| 738|0x0000000571000000, 0x0000000571800000, 0x0000000571800000|100%| E|CS|TAMS 0x0000000571000000| PB 0x0000000571000000| Complete 
| 739|0x0000000571800000, 0x0000000572000000, 0x0000000572000000|100%| E|CS|TAMS 0x0000000571800000| PB 0x0000000571800000| Complete 
| 740|0x0000000572000000, 0x0000000572800000, 0x0000000572800000|100%| E|CS|TAMS 0x0000000572000000| PB 0x0000000572000000| Complete 
| 741|0x0000000572800000, 0x0000000573000000, 0x0000000573000000|100%| E|CS|TAMS 0x0000000572800000| PB 0x0000000572800000| Complete 
| 742|0x0000000573000000, 0x0000000573800000, 0x0000000573800000|100%| E|CS|TAMS 0x0000000573000000| PB 0x0000000573000000| Complete 
| 743|0x0000000573800000, 0x0000000574000000, 0x0000000574000000|100%| E|CS|TAMS 0x0000000573800000| PB 0x0000000573800000| Complete 
| 744|0x0000000574000000, 0x0000000574800000, 0x0000000574800000|100%| E|CS|TAMS 0x0000000574000000| PB 0x0000000574000000| Complete 
| 745|0x0000000574800000, 0x0000000575000000, 0x0000000575000000|100%| E|CS|TAMS 0x0000000574800000| PB 0x0000000574800000| Complete 
| 746|0x0000000575000000, 0x0000000575800000, 0x0000000575800000|100%| E|CS|TAMS 0x0000000575000000| PB 0x0000000575000000| Complete 
| 747|0x0000000575800000, 0x0000000576000000, 0x0000000576000000|100%| E|CS|TAMS 0x0000000575800000| PB 0x0000000575800000| Complete 
| 748|0x0000000576000000, 0x0000000576800000, 0x0000000576800000|100%| E|CS|TAMS 0x0000000576000000| PB 0x0000000576000000| Complete 
| 749|0x0000000576800000, 0x0000000577000000, 0x0000000577000000|100%| E|CS|TAMS 0x0000000576800000| PB 0x0000000576800000| Complete 
| 750|0x0000000577000000, 0x0000000577800000, 0x0000000577800000|100%| E|CS|TAMS 0x0000000577000000| PB 0x0000000577000000| Complete 
| 751|0x0000000577800000, 0x0000000578000000, 0x0000000578000000|100%| E|CS|TAMS 0x0000000577800000| PB 0x0000000577800000| Complete 
| 752|0x0000000578000000, 0x0000000578800000, 0x0000000578800000|100%| E|CS|TAMS 0x0000000578000000| PB 0x0000000578000000| Complete 
| 753|0x0000000578800000, 0x0000000579000000, 0x0000000579000000|100%| E|CS|TAMS 0x0000000578800000| PB 0x0000000578800000| Complete 
| 754|0x0000000579000000, 0x0000000579800000, 0x0000000579800000|100%| E|CS|TAMS 0x0000000579000000| PB 0x0000000579000000| Complete 
| 755|0x0000000579800000, 0x000000057a000000, 0x000000057a000000|100%| E|CS|TAMS 0x0000000579800000| PB 0x0000000579800000| Complete 
| 756|0x000000057a000000, 0x000000057a800000, 0x000000057a800000|100%| E|CS|TAMS 0x000000057a000000| PB 0x000000057a000000| Complete 
| 757|0x000000057a800000, 0x000000057b000000, 0x000000057b000000|100%| E|CS|TAMS 0x000000057a800000| PB 0x000000057a800000| Complete 
| 758|0x000000057b000000, 0x000000057b800000, 0x000000057b800000|100%| E|CS|TAMS 0x000000057b000000| PB 0x000000057b000000| Complete 
| 759|0x000000057b800000, 0x000000057c000000, 0x000000057c000000|100%| E|CS|TAMS 0x000000057b800000| PB 0x000000057b800000| Complete 
| 760|0x000000057c000000, 0x000000057c800000, 0x000000057c800000|100%| E|CS|TAMS 0x000000057c000000| PB 0x000000057c000000| Complete 
| 761|0x000000057c800000, 0x000000057d000000, 0x000000057d000000|100%| E|CS|TAMS 0x000000057c800000| PB 0x000000057c800000| Complete 
| 762|0x000000057d000000, 0x000000057d800000, 0x000000057d800000|100%| E|CS|TAMS 0x000000057d000000| PB 0x000000057d000000| Complete 
| 763|0x000000057d800000, 0x000000057e000000, 0x000000057e000000|100%| E|CS|TAMS 0x000000057d800000| PB 0x000000057d800000| Complete 
| 764|0x000000057e000000, 0x000000057e800000, 0x000000057e800000|100%| E|CS|TAMS 0x000000057e000000| PB 0x000000057e000000| Complete 
| 765|0x000000057e800000, 0x000000057f000000, 0x000000057f000000|100%| E|CS|TAMS 0x000000057e800000| PB 0x000000057e800000| Complete 
| 766|0x000000057f000000, 0x000000057f800000, 0x000000057f800000|100%| E|CS|TAMS 0x000000057f000000| PB 0x000000057f000000| Complete 
| 767|0x000000057f800000, 0x0000000580000000, 0x0000000580000000|100%| E|CS|TAMS 0x000000057f800000| PB 0x000000057f800000| Complete 
| 768|0x0000000580000000, 0x0000000580800000, 0x0000000580800000|100%| E|CS|TAMS 0x0000000580000000| PB 0x0000000580000000| Complete 
| 769|0x0000000580800000, 0x0000000581000000, 0x0000000581000000|100%| E|CS|TAMS 0x0000000580800000| PB 0x0000000580800000| Complete 
| 770|0x0000000581000000, 0x0000000581800000, 0x0000000581800000|100%| E|CS|TAMS 0x0000000581000000| PB 0x0000000581000000| Complete 
| 771|0x0000000581800000, 0x0000000582000000, 0x0000000582000000|100%| E|CS|TAMS 0x0000000581800000| PB 0x0000000581800000| Complete 
| 772|0x0000000582000000, 0x0000000582800000, 0x0000000582800000|100%| E|CS|TAMS 0x0000000582000000| PB 0x0000000582000000| Complete 
| 773|0x0000000582800000, 0x0000000583000000, 0x0000000583000000|100%| E|CS|TAMS 0x0000000582800000| PB 0x0000000582800000| Complete 
| 774|0x0000000583000000, 0x0000000583800000, 0x0000000583800000|100%| E|CS|TAMS 0x0000000583000000| PB 0x0000000583000000| Complete 
| 775|0x0000000583800000, 0x0000000584000000, 0x0000000584000000|100%| E|CS|TAMS 0x0000000583800000| PB 0x0000000583800000| Complete 
| 776|0x0000000584000000, 0x0000000584800000, 0x0000000584800000|100%| E|CS|TAMS 0x0000000584000000| PB 0x0000000584000000| Complete 
| 777|0x0000000584800000, 0x0000000585000000, 0x0000000585000000|100%| E|CS|TAMS 0x0000000584800000| PB 0x0000000584800000| Complete 
| 778|0x0000000585000000, 0x0000000585800000, 0x0000000585800000|100%| E|CS|TAMS 0x0000000585000000| PB 0x0000000585000000| Complete 
| 779|0x0000000585800000, 0x0000000586000000, 0x0000000586000000|100%| E|CS|TAMS 0x0000000585800000| PB 0x0000000585800000| Complete 
| 780|0x0000000586000000, 0x0000000586800000, 0x0000000586800000|100%| E|CS|TAMS 0x0000000586000000| PB 0x0000000586000000| Complete 
| 781|0x0000000586800000, 0x0000000587000000, 0x0000000587000000|100%| E|CS|TAMS 0x0000000586800000| PB 0x0000000586800000| Complete 
| 782|0x0000000587000000, 0x0000000587800000, 0x0000000587800000|100%| E|CS|TAMS 0x0000000587000000| PB 0x0000000587000000| Complete 
| 783|0x0000000587800000, 0x0000000588000000, 0x0000000588000000|100%| E|CS|TAMS 0x0000000587800000| PB 0x0000000587800000| Complete 
| 784|0x0000000588000000, 0x0000000588800000, 0x0000000588800000|100%| E|CS|TAMS 0x0000000588000000| PB 0x0000000588000000| Complete 
| 785|0x0000000588800000, 0x0000000589000000, 0x0000000589000000|100%| E|CS|TAMS 0x0000000588800000| PB 0x0000000588800000| Complete 
|2022|0x00000007f3000000, 0x00000007f3800000, 0x00000007f3800000|100%| E|CS|TAMS 0x00000007f3000000| PB 0x00000007f3000000| Complete 
|2023|0x00000007f3800000, 0x00000007f4000000, 0x00000007f4000000|100%| E|CS|TAMS 0x00000007f3800000| PB 0x00000007f3800000| Complete 
|2024|0x00000007f4000000, 0x00000007f4800000, 0x00000007f4800000|100%| E|CS|TAMS 0x00000007f4000000| PB 0x00000007f4000000| Complete 
|2025|0x00000007f4800000, 0x00000007f5000000, 0x00000007f5000000|100%| E|CS|TAMS 0x00000007f4800000| PB 0x00000007f4800000| Complete 
|2026|0x00000007f5000000, 0x00000007f5800000, 0x00000007f5800000|100%| E|CS|TAMS 0x00000007f5000000| PB 0x00000007f5000000| Complete 
|2027|0x00000007f5800000, 0x00000007f6000000, 0x00000007f6000000|100%| E|CS|TAMS 0x00000007f5800000| PB 0x00000007f5800000| Complete 
|2028|0x00000007f6000000, 0x00000007f6800000, 0x00000007f6800000|100%| E|CS|TAMS 0x00000007f6000000| PB 0x00000007f6000000| Complete 
|2029|0x00000007f6800000, 0x00000007f7000000, 0x00000007f7000000|100%| E|CS|TAMS 0x00000007f6800000| PB 0x00000007f6800000| Complete 
|2030|0x00000007f7000000, 0x00000007f7800000, 0x00000007f7800000|100%| E|CS|TAMS 0x00000007f7000000| PB 0x00000007f7000000| Complete 
|2031|0x00000007f7800000, 0x00000007f8000000, 0x00000007f8000000|100%| E|CS|TAMS 0x00000007f7800000| PB 0x00000007f7800000| Complete 
|2032|0x00000007f8000000, 0x00000007f8800000, 0x00000007f8800000|100%| E|CS|TAMS 0x00000007f8000000| PB 0x00000007f8000000| Complete 
|2033|0x00000007f8800000, 0x00000007f9000000, 0x00000007f9000000|100%| E|CS|TAMS 0x00000007f8800000| PB 0x00000007f8800000| Complete 
|2034|0x00000007f9000000, 0x00000007f9800000, 0x00000007f9800000|100%| E|CS|TAMS 0x00000007f9000000| PB 0x00000007f9000000| Complete 
|2035|0x00000007f9800000, 0x00000007fa000000, 0x00000007fa000000|100%| E|CS|TAMS 0x00000007f9800000| PB 0x00000007f9800000| Complete 
|2036|0x00000007fa000000, 0x00000007fa800000, 0x00000007fa800000|100%| O|  |TAMS 0x00000007fa000000| PB 0x00000007fa000000| Untracked 
|2037|0x00000007fa800000, 0x00000007fb000000, 0x00000007fb000000|100%| E|CS|TAMS 0x00000007fa800000| PB 0x00000007fa800000| Complete 
|2038|0x00000007fb000000, 0x00000007fb800000, 0x00000007fb800000|100%| O|  |TAMS 0x00000007fb000000| PB 0x00000007fb000000| Untracked 
|2039|0x00000007fb800000, 0x00000007fc000000, 0x00000007fc000000|100%| O|  |TAMS 0x00000007fb800000| PB 0x00000007fb800000| Untracked 
|2040|0x00000007fc000000, 0x00000007fc800000, 0x00000007fc800000|100%| O|  |TAMS 0x00000007fc000000| PB 0x00000007fc000000| Untracked 
|2041|0x00000007fc800000, 0x00000007fd000000, 0x00000007fd000000|100%| O|  |TAMS 0x00000007fc800000| PB 0x00000007fc800000| Untracked 
|2042|0x00000007fd000000, 0x00000007fd800000, 0x00000007fd800000|100%| E|  |TAMS 0x00000007fd000000| PB 0x00000007fd000000| Complete 
|2043|0x00000007fd800000, 0x00000007fe000000, 0x00000007fe000000|100%| E|CS|TAMS 0x00000007fd800000| PB 0x00000007fd800000| Complete 
|2044|0x00000007fe000000, 0x00000007fe800000, 0x00000007fe800000|100%| O|  |TAMS 0x00000007fe000000| PB 0x00000007fe000000| Untracked 
|2045|0x00000007fe800000, 0x00000007ff000000, 0x00000007ff000000|100%| O|  |TAMS 0x00000007fe800000| PB 0x00000007fe800000| Untracked 
|2046|0x00000007ff000000, 0x00000007ff800000, 0x00000007ff800000|100%| E|CS|TAMS 0x00000007ff000000| PB 0x00000007ff000000| Complete 
|2047|0x00000007ff800000, 0x0000000800000000, 0x0000000800000000|100%| E|CS|TAMS 0x00000007ff800000| PB 0x00000007ff800000| Complete 

Card table byte_map: [0x000001f12a620000,0x000001f12c620000] _byte_map_base: 0x000001f128620000

Marking Bits: (CMBitMap*) 0x000001f13c7718c0
 Bits: [0x000001f12c620000, 0x000001f13c620000)

Polling page: 0x000001f114440000

Metaspace:

Usage:
  Non-class:    246.49 MB used.
      Class:     44.85 MB used.
       Both:    291.34 MB used.

Virtual space:
  Non-class space:      256.00 MB reserved,     248.44 MB ( 97%) committed,  4 nodes.
      Class space:        1.00 GB reserved,      46.38 MB (  5%) committed,  1 nodes.
             Both:        1.25 GB reserved,     294.81 MB ( 23%) committed. 

Chunk freelists:
   Non-Class:  7.34 MB
       Class:  1.56 MB
        Both:  8.91 MB

MaxMetaspaceSize: unlimited
CompressedClassSpaceSize: 1.00 GB
Initial GC threshold: 21.00 MB
Current GC threshold: 491.06 MB
CDS: off
 - commit_granule_bytes: 65536.
 - commit_granule_words: 8192.
 - virtual_space_node_default_size: 8388608.
 - enlarge_chunks_in_place: 1.
 - use_allocation_guard: 0.


Internal statistics:

num_allocs_failed_limit: 9.
num_arena_births: 6988.
num_arena_deaths: 984.
num_vsnodes_births: 5.
num_vsnodes_deaths: 0.
num_space_committed: 4711.
num_space_uncommitted: 1.
num_chunks_returned_to_freelist: 1413.
num_chunks_taken_from_freelist: 22586.
num_chunk_merges: 658.
num_chunk_splits: 12905.
num_chunks_enlarged: 7241.
num_inconsistent_stats: 0.

CodeHeap 'non-profiled nmethods': size=119168Kb used=45010Kb max_used=54997Kb free=74157Kb
 bounds [0x000001f1203f0000, 0x000001f123a60000, 0x000001f127850000]
CodeHeap 'profiled nmethods': size=119104Kb used=23156Kb max_used=59965Kb free=95947Kb
 bounds [0x000001f118850000, 0x000001f11c3c0000, 0x000001f11fca0000]
CodeHeap 'non-nmethods': size=7488Kb used=5788Kb max_used=7406Kb free=1699Kb
 bounds [0x000001f11fca0000, 0x000001f1203f0000, 0x000001f1203f0000]
 total_blobs=22861 nmethods=19391 adapters=3368
 compilation: enabled
              stopped_count=0, restarted_count=0
 full_count=0

Compilation events (20 events):
Event: 380.466 Thread 0x000001f149b4b130 nmethod 94955 0x000001f121cb7310 code [0x000001f121cb7620, 0x000001f121cb8370]
Event: 380.467 Thread 0x000001f149b4b130 94957       4       com.simibubi.create.content.trains.track.CurvedTrackInteraction::clientTick (352 bytes)
Event: 380.469 Thread 0x000001f149b4b130 nmethod 94957 0x000001f12191fe10 code [0x000001f12191ffc0, 0x000001f121920210]
Event: 380.469 Thread 0x000001f149b4b130 94958       4       com.simibubi.create.content.trains.CameraDistanceModifier::tick (7 bytes)
Event: 380.470 Thread 0x000001f149b4b130 nmethod 94958 0x000001f122653e10 code [0x000001f122653fe0, 0x000001f122654120]
Event: 380.470 Thread 0x000001f149b4b130 94959       4       com.simibubi.create.foundation.utility.CameraAngleAnimationService::tick (72 bytes)
Event: 380.472 Thread 0x000001f149b4b130 nmethod 94959 0x000001f122391c90 code [0x000001f122391ec0, 0x000001f122392228]
Event: 380.476 Thread 0x000001f13fdcdf40 nmethod 94954 0x000001f1214f2190 code [0x000001f1214f2560, 0x000001f1214f3e40]
Event: 380.482 Thread 0x000001f149b4bed0 nmethod 94956 0x000001f122d70290 code [0x000001f122d706a0, 0x000001f122d72350]
Event: 382.900 Thread 0x000001f13fdce9d0 94960       3       net.minecraft.world.level.levelgen.structure.TemplateStructurePiece::<init> (55 bytes)
Event: 382.901 Thread 0x000001f13fdce9d0 nmethod 94960 0x000001f11bd8a590 code [0x000001f11bd8a7a0, 0x000001f11bd8ae38]
Event: 383.017 Thread 0x000001f13fdce9d0 94961   !   3       com.yungnickyoung.minecraft.yungsapi.world.structure.jigsaw.JigsawManager::getPosOfJigsawBlockWithName (117 bytes)
Event: 383.018 Thread 0x000001f13fdce9d0 nmethod 94961 0x000001f11b387c10 code [0x000001f11b387ee0, 0x000001f11b388da0]
Event: 383.464 Thread 0x000001f13fdce9d0 94962       3       com.seibel.distanthorizons.core.render.QuadTree.QuadTreeTickNodeHolder::getWorldGenNodesNearToFar (43 bytes)
Event: 383.465 Thread 0x000001f13fdce9d0 nmethod 94962 0x000001f11b985690 code [0x000001f11b985860, 0x000001f11b985c68]
Event: 383.465 Thread 0x000001f13fdce9d0 94963       3       com.seibel.distanthorizons.core.render.QuadTree.LodQuadTree$$Lambda/0x0000000802ce21b0::run (16 bytes)
Event: 383.465 Thread 0x000001f13fdce9d0 nmethod 94963 0x000001f11bf0a810 code [0x000001f11bf0a9c0, 0x000001f11bf0ab20]
Event: 384.009 Thread 0x000001f13fdce9d0 94964       3       net.minecraft.world.level.levelgen.structure.structures.OceanRuinPieces$OceanRuinPiece::<init> (43 bytes)
Event: 384.010 Thread 0x000001f13fdce9d0 nmethod 94964 0x000001f1193d4590 code [0x000001f1193d4980, 0x000001f1193d68a8]
Event: 384.342 Thread 0x000001f13fdcdf40 94965       4       org.lwjgl.opengl.GL15::glDeleteBuffers (5 bytes)

GC Heap History (20 events):
Event: 378.087 GC heap before
{Heap before GC invocations=546 (full 0):
 garbage-first heap   total 6651904K, used 6113880K [0x0000000400000000, 0x0000000800000000)
  region size 8192K, 466 young (3817472K), 22 survivors (180224K)
 Metaspace       used 298329K, committed 301888K, reserved 1310720K
  class space    used 45930K, committed 47488K, reserved 1048576K
}
Event: 378.105 GC heap after
{Heap after GC invocations=547 (full 0):
 garbage-first heap   total 6651904K, used 2508747K [0x0000000400000000, 0x0000000800000000)
  region size 8192K, 25 young (204800K), 25 survivors (204800K)
 Metaspace       used 298329K, committed 301888K, reserved 1310720K
  class space    used 45930K, committed 47488K, reserved 1048576K
}
Event: 379.006 GC heap before
{Heap before GC invocations=547 (full 0):
 garbage-first heap   total 6651904K, used 6088651K [0x0000000400000000, 0x0000000800000000)
  region size 8192K, 463 young (3792896K), 25 survivors (204800K)
 Metaspace       used 298330K, committed 301888K, reserved 1310720K
  class space    used 45930K, committed 47488K, reserved 1048576K
}
Event: 379.019 GC heap after
{Heap after GC invocations=548 (full 0):
 garbage-first heap   total 6651904K, used 2485896K [0x0000000400000000, 0x0000000800000000)
  region size 8192K, 22 young (180224K), 22 survivors (180224K)
 Metaspace       used 298330K, committed 301888K, reserved 1310720K
  class space    used 45930K, committed 47488K, reserved 1048576K
}
Event: 379.662 GC heap before
{Heap before GC invocations=548 (full 0):
 garbage-first heap   total 6651904K, used 6114952K [0x0000000400000000, 0x0000000800000000)
  region size 8192K, 466 young (3817472K), 22 survivors (180224K)
 Metaspace       used 298333K, committed 301888K, reserved 1310720K
  class space    used 45930K, committed 47488K, reserved 1048576K
}
Event: 379.679 GC heap after
{Heap after GC invocations=549 (full 0):
 garbage-first heap   total 6651904K, used 2496993K [0x0000000400000000, 0x0000000800000000)
  region size 8192K, 23 young (188416K), 23 survivors (188416K)
 Metaspace       used 298333K, committed 301888K, reserved 1310720K
  class space    used 45930K, committed 47488K, reserved 1048576K
}
Event: 380.401 GC heap before
{Heap before GC invocations=549 (full 0):
 garbage-first heap   total 6651904K, used 6109665K [0x0000000400000000, 0x0000000800000000)
  region size 8192K, 465 young (3809280K), 23 survivors (188416K)
 Metaspace       used 298333K, committed 301888K, reserved 1310720K
  class space    used 45930K, committed 47488K, reserved 1048576K
}
Event: 380.417 GC heap after
{Heap after GC invocations=550 (full 0):
 garbage-first heap   total 6651904K, used 2507180K [0x0000000400000000, 0x0000000800000000)
  region size 8192K, 25 young (204800K), 25 survivors (204800K)
 Metaspace       used 298333K, committed 301888K, reserved 1310720K
  class space    used 45930K, committed 47488K, reserved 1048576K
}
Event: 380.927 GC heap before
{Heap before GC invocations=550 (full 0):
 garbage-first heap   total 6651904K, used 6087084K [0x0000000400000000, 0x0000000800000000)
  region size 8192K, 463 young (3792896K), 25 survivors (204800K)
 Metaspace       used 298333K, committed 301888K, reserved 1310720K
  class space    used 45930K, committed 47488K, reserved 1048576K
}
Event: 380.942 GC heap after
{Heap after GC invocations=551 (full 0):
 garbage-first heap   total 6651904K, used 2492925K [0x0000000400000000, 0x0000000800000000)
  region size 8192K, 23 young (188416K), 23 survivors (188416K)
 Metaspace       used 298333K, committed 301888K, reserved 1310720K
  class space    used 45930K, committed 47488K, reserved 1048576K
}
Event: 381.436 GC heap before
{Heap before GC invocations=551 (full 0):
 garbage-first heap   total 6651904K, used 6105597K [0x0000000400000000, 0x0000000800000000)
  region size 8192K, 465 young (3809280K), 23 survivors (188416K)
 Metaspace       used 298333K, committed 301888K, reserved 1310720K
  class space    used 45930K, committed 47488K, reserved 1048576K
}
Event: 381.452 GC heap after
{Heap after GC invocations=552 (full 0):
 garbage-first heap   total 6651904K, used 2499139K [0x0000000400000000, 0x0000000800000000)
  region size 8192K, 24 young (196608K), 24 survivors (196608K)
 Metaspace       used 298333K, committed 301888K, reserved 1310720K
  class space    used 45930K, committed 47488K, reserved 1048576K
}
Event: 382.231 GC heap before
{Heap before GC invocations=552 (full 0):
 garbage-first heap   total 6651904K, used 6095427K [0x0000000400000000, 0x0000000800000000)
  region size 8192K, 464 young (3801088K), 24 survivors (196608K)
 Metaspace       used 298333K, committed 301888K, reserved 1310720K
  class space    used 45930K, committed 47488K, reserved 1048576K
}
Event: 382.248 GC heap after
{Heap after GC invocations=553 (full 0):
 garbage-first heap   total 6651904K, used 2515659K [0x0000000400000000, 0x0000000800000000)
  region size 8192K, 26 young (212992K), 26 survivors (212992K)
 Metaspace       used 298333K, committed 301888K, reserved 1310720K
  class space    used 45930K, committed 47488K, reserved 1048576K
}
Event: 382.904 GC heap before
{Heap before GC invocations=553 (full 0):
 garbage-first heap   total 6651904K, used 6079179K [0x0000000400000000, 0x0000000800000000)
  region size 8192K, 462 young (3784704K), 26 survivors (212992K)
 Metaspace       used 298334K, committed 301888K, reserved 1310720K
  class space    used 45930K, committed 47488K, reserved 1048576K
}
Event: 382.919 GC heap after
{Heap after GC invocations=554 (full 0):
 garbage-first heap   total 6651904K, used 2497372K [0x0000000400000000, 0x0000000800000000)
  region size 8192K, 23 young (188416K), 23 survivors (188416K)
 Metaspace       used 298334K, committed 301888K, reserved 1310720K
  class space    used 45930K, committed 47488K, reserved 1048576K
}
Event: 383.404 GC heap before
{Heap before GC invocations=554 (full 0):
 garbage-first heap   total 6651904K, used 6110044K [0x0000000400000000, 0x0000000800000000)
  region size 8192K, 465 young (3809280K), 23 survivors (188416K)
 Metaspace       used 298334K, committed 301888K, reserved 1310720K
  class space    used 45930K, committed 47488K, reserved 1048576K
}
Event: 383.422 GC heap after
{Heap after GC invocations=555 (full 0):
 garbage-first heap   total 6651904K, used 2511416K [0x0000000400000000, 0x0000000800000000)
  region size 8192K, 25 young (204800K), 25 survivors (204800K)
 Metaspace       used 298334K, committed 301888K, reserved 1310720K
  class space    used 45930K, committed 47488K, reserved 1048576K
}
Event: 384.251 GC heap before
{Heap before GC invocations=555 (full 0):
 garbage-first heap   total 6651904K, used 6091320K [0x0000000400000000, 0x0000000800000000)
  region size 8192K, 463 young (3792896K), 25 survivors (204800K)
 Metaspace       used 298335K, committed 301888K, reserved 1310720K
  class space    used 45930K, committed 47488K, reserved 1048576K
}
Event: 384.269 GC heap after
{Heap after GC invocations=556 (full 0):
 garbage-first heap   total 6651904K, used 2526135K [0x0000000400000000, 0x0000000800000000)
  region size 8192K, 27 young (221184K), 27 survivors (221184K)
 Metaspace       used 298335K, committed 301888K, reserved 1310720K
  class space    used 45930K, committed 47488K, reserved 1048576K
}

Dll operation events (20 events):
Event: 0.140 Loaded shared library C:\Users\justi\AppData\Roaming\PrismLauncher\java\java-runtime-delta\bin\jimage.dll
Event: 0.647 Loaded shared library C:\Users\justi\AppData\Roaming\PrismLauncher\java\java-runtime-delta\bin\verify.dll
Event: 1.723 Loaded shared library C:\Users\justi\AppData\Roaming\PrismLauncher\java\java-runtime-delta\bin\management.dll
Event: 1.726 Loaded shared library C:\Users\justi\AppData\Roaming\PrismLauncher\java\java-runtime-delta\bin\management_ext.dll
Event: 2.650 Loaded shared library C:\Users\justi\AppData\Local\Temp\lwjgl_justi\3.3.3+5\x64\lwjgl.dll
Event: 2.861 Loaded shared library C:\Users\justi\AppData\Local\Temp\lwjgl_justi\3.3.3+5\x64\lwjgl_stb.dll
Event: 2.916 Loaded shared library C:\Users\justi\AppData\Local\Temp\lwjgl_justi\3.3.3+5\x64\lwjgl_opengl.dll
Event: 8.932 Loaded shared library C:\Users\justi\AppData\Local\Temp\jna-101492989\jna8297928401323057049.dll
Event: 13.667 Loaded shared library C:\Users\justi\AppData\Roaming\PrismLauncher\java\java-runtime-delta\bin\sunmscapi.dll
Event: 13.723 Loaded shared library C:\Users\justi\AppData\Roaming\PrismLauncher\java\java-runtime-delta\bin\extnet.dll
Event: 14.675 Loaded shared library C:\Users\justi\AppData\Roaming\PrismLauncher\java\java-runtime-delta\bin\awt.dll
Event: 19.330 Loaded shared library C:\Users\justi\AppData\Local\Temp\imgui-java-natives\1.88.0\imgui-java64.dll
Event: 21.611 Loaded shared library C:\Users\justi\AppData\Local\Temp\libzstd-jni_dh-1.5.7-611482079325434262578.dll
Event: 21.613 Loaded shared library C:\Users\justi\AppData\Local\Temp\libopus4j-9783d0e001158567d1e08f6bb3b2c5b5\libopus4j.dll
Event: 21.644 Loaded shared library C:\Users\justi\AppData\Local\Temp\librnnoise4j-40cc1fdd40ca1100a850ddee14466799\librnnoise4j.dll
Event: 21.674 Loaded shared library C:\Users\justi\AppData\Local\Temp\libspeex4j-e39751f08962f3611e66c90baf107894\libspeex4j.dll
Event: 21.688 Loaded shared library C:\Users\justi\AppData\Local\Temp\liblame4j-290c3436fe9f7c2b8e165ddcb5ad66ce\liblame4j.dll
Event: 21.761 Loaded shared library C:\Users\justi\AppData\Local\Temp\sqlite-3.47.2.0-6c279d88-2731-4e76-b453-4b9813bd818b-sqlitejdbc.dll
Event: 27.115 Loaded shared library C:\Users\justi\AppData\Roaming\PrismLauncher\java\java-runtime-delta\bin\jsound.dll
Event: 38.077 Loaded shared library C:\Users\justi\AppData\Local\Temp\sable_rapier_natives14082417466797839311.tmp

Deoptimization events (20 events):
Event: 364.043 Thread 0x000001f17bf450b0 DEOPT PACKING pc=0x000001f121527788 sp=0x00000039889fecb0
Event: 364.043 Thread 0x000001f17bf450b0 DEOPT UNPACKING pc=0x000001f11fcf7da2 sp=0x00000039889fecc0 mode 2
Event: 366.916 Thread 0x000001f379a2f0d0 DEOPT PACKING pc=0x000001f119bc5282 sp=0x000000398f5fe2c0
Event: 366.916 Thread 0x000001f379a2f0d0 DEOPT UNPACKING pc=0x000001f11fcf88e2 sp=0x000000398f5fd7a0 mode 0
Event: 368.210 Thread 0x000001f112912530 Uncommon trap: trap_request=0xffffff54 fr.pc=0x000001f122928584 relative=0x00000000000006c4
Event: 368.210 Thread 0x000001f112912530 Uncommon trap: reason=speculate_null_assert action=make_not_entrant pc=0x000001f122928584 method=com.corosus.watut.PlayerStatusManagerClient.tickGame()V @ 363 c2
Event: 368.210 Thread 0x000001f112912530 DEOPT PACKING pc=0x000001f122928584 sp=0x0000003980ffdaf0
Event: 368.210 Thread 0x000001f112912530 DEOPT UNPACKING pc=0x000001f11fcf7da2 sp=0x0000003980ffda98 mode 2
Event: 373.665 Thread 0x000001f19fb3a140 DEOPT PACKING pc=0x000001f118baa539 sp=0x0000003980efef20
Event: 373.665 Thread 0x000001f19fb3a140 DEOPT UNPACKING pc=0x000001f11fcf88e2 sp=0x0000003980efe440 mode 0
Event: 375.343 Thread 0x000001f379a2d000 Uncommon trap: trap_request=0xffffff45 fr.pc=0x000001f12079d8e0 relative=0x0000000000001140
Event: 375.343 Thread 0x000001f379a2d000 Uncommon trap: reason=unstable_if action=reinterpret pc=0x000001f12079d8e0 method=net.minecraft.world.level.block.StairBlock.mirror(Lnet/minecraft/world/level/block/state/BlockState;Lnet/minecraft/world/level/block/Mirror;)Lnet/minecraft/world/level/block
Event: 375.343 Thread 0x000001f379a2d000 DEOPT PACKING pc=0x000001f12079d8e0 sp=0x000000398f6fe650
Event: 375.343 Thread 0x000001f379a2d000 DEOPT UNPACKING pc=0x000001f11fcf7da2 sp=0x000000398f6fe608 mode 2
Event: 382.308 Thread 0x000001f379a2d000 DEOPT PACKING pc=0x000001f119bc5282 sp=0x000000398f6fe1b0
Event: 382.308 Thread 0x000001f379a2d000 DEOPT UNPACKING pc=0x000001f11fcf88e2 sp=0x000000398f6fd690 mode 0
Event: 384.342 Thread 0x000001f112912530 Uncommon trap: trap_request=0xffffff45 fr.pc=0x000001f12070019c relative=0x0000000000000bdc
Event: 384.342 Thread 0x000001f112912530 Uncommon trap: reason=unstable_if action=reinterpret pc=0x000001f12070019c method=com.seibel.distanthorizons.common.render.openGl.glObject.buffer.GLBuffer.destroyBufferIdNow(I)V @ 27 c2
Event: 384.342 Thread 0x000001f112912530 DEOPT PACKING pc=0x000001f12070019c sp=0x0000003980ffd6b0
Event: 384.342 Thread 0x000001f112912530 DEOPT UNPACKING pc=0x000001f11fcf7da2 sp=0x0000003980ffd610 mode 2

Classes loaded (20 events):
Event: 64.961 Loading class java/util/concurrent/ConcurrentHashMap$BulkTask done
Event: 64.961 Loading class java/util/concurrent/ConcurrentHashMap$MapReduceEntriesTask done
Event: 67.566 Loading class java/util/BitSet$1BitSetSpliterator
Event: 67.566 Loading class java/util/BitSet$1BitSetSpliterator done
Event: 67.725 Loading class java/lang/FdLibm$Cbrt
Event: 67.725 Loading class java/lang/FdLibm$Cbrt done
Event: 74.347 Loading class java/util/DualPivotQuicksort$Sorter
Event: 74.394 Loading class java/util/DualPivotQuicksort$Sorter done
Event: 74.679 Loading class java/lang/FdLibm$Log1p
Event: 74.679 Loading class java/lang/FdLibm$Log1p done
Event: 160.153 Loading class java/util/WeakHashMap$KeySpliterator
Event: 160.154 Loading class java/util/WeakHashMap$WeakHashMapSpliterator
Event: 160.154 Loading class java/util/WeakHashMap$WeakHashMapSpliterator done
Event: 160.154 Loading class java/util/WeakHashMap$KeySpliterator done
Event: 180.832 Loading class java/util/stream/ReduceOps$4
Event: 180.832 Loading class java/util/stream/ReduceOps$4 done
Event: 180.832 Loading class java/util/stream/ReduceOps$4ReducingSink
Event: 180.832 Loading class java/util/stream/ReduceOps$4ReducingSink done
Event: 201.009 Loading class java/util/TreeMap$ValueSpliterator
Event: 201.009 Loading class java/util/TreeMap$ValueSpliterator done

Classes unloaded (20 events):
Event: 66.665 Thread 0x000001f13fd4c560 Unloading class 0x0000000802d00800 'java/lang/invoke/LambdaForm$DMH+0x0000000802d00800'
Event: 66.665 Thread 0x000001f13fd4c560 Unloading class 0x0000000802d00400 'java/lang/invoke/LambdaForm$DMH+0x0000000802d00400'
Event: 66.665 Thread 0x000001f13fd4c560 Unloading class 0x0000000802d00000 'java/lang/invoke/LambdaForm$DMH+0x0000000802d00000'
Event: 66.665 Thread 0x000001f13fd4c560 Unloading class 0x0000000802cffc00 'java/lang/invoke/LambdaForm$DMH+0x0000000802cffc00'
Event: 66.665 Thread 0x000001f13fd4c560 Unloading class 0x0000000802cff800 'java/lang/invoke/LambdaForm$DMH+0x0000000802cff800'
Event: 66.665 Thread 0x000001f13fd4c560 Unloading class 0x0000000802cff400 'java/lang/invoke/LambdaForm$DMH+0x0000000802cff400'
Event: 66.665 Thread 0x000001f13fd4c560 Unloading class 0x0000000802cfc400 'java/lang/invoke/LambdaForm$DMH+0x0000000802cfc400'
Event: 66.665 Thread 0x000001f13fd4c560 Unloading class 0x0000000802cff000 'java/lang/invoke/LambdaForm$DMH+0x0000000802cff000'
Event: 66.665 Thread 0x000001f13fd4c560 Unloading class 0x0000000802cfe800 'java/lang/invoke/LambdaForm$DMH+0x0000000802cfe800'
Event: 66.665 Thread 0x000001f13fd4c560 Unloading class 0x0000000802cfcc00 'java/lang/invoke/LambdaForm$DMH+0x0000000802cfcc00'
Event: 66.665 Thread 0x000001f13fd4c560 Unloading class 0x0000000802cfec00 'java/lang/invoke/LambdaForm$DMH+0x0000000802cfec00'
Event: 66.665 Thread 0x000001f13fd4c560 Unloading class 0x0000000802cfd000 'java/lang/invoke/LambdaForm$DMH+0x0000000802cfd000'
Event: 66.665 Thread 0x000001f13fd4c560 Unloading class 0x0000000802cfd800 'java/lang/invoke/LambdaForm$DMH+0x0000000802cfd800'
Event: 66.665 Thread 0x000001f13fd4c560 Unloading class 0x0000000802cfe400 'java/lang/invoke/LambdaForm$DMH+0x0000000802cfe400'
Event: 66.665 Thread 0x000001f13fd4c560 Unloading class 0x0000000802cfdc00 'java/lang/invoke/LambdaForm$DMH+0x0000000802cfdc00'
Event: 66.665 Thread 0x000001f13fd4c560 Unloading class 0x0000000802cfe000 'java/lang/invoke/LambdaForm$DMH+0x0000000802cfe000'
Event: 66.665 Thread 0x000001f13fd4c560 Unloading class 0x0000000802cfc800 'java/lang/invoke/LambdaForm$DMH+0x0000000802cfc800'
Event: 66.665 Thread 0x000001f13fd4c560 Unloading class 0x0000000802cfd400 'java/lang/invoke/LambdaForm$DMH+0x0000000802cfd400'
Event: 193.711 Thread 0x000001f13fd4c560 Unloading class 0x0000000802dd2000 'java/lang/invoke/LambdaForm$DMH+0x0000000802dd2000'
Event: 193.711 Thread 0x000001f13fd4c560 Unloading class 0x0000000802dd1400 'java/lang/invoke/LambdaForm$DMH+0x0000000802dd1400'

Classes redefined (0 events):
No events

Internal exceptions (20 events):
Event: 368.421 Thread 0x000001f379a1b5d0 Exception <a 'sun/nio/fs/WindowsException'{0x000000051806d1f0}> (0x000000051806d1f0) 
thrown [s\src\hotspot\share\prims\jni.cpp, line 520]
Event: 368.422 Thread 0x000001f1790011a0 Exception <a 'sun/nio/fs/WindowsException'{0x000000051802e4d0}> (0x000000051802e4d0) 
thrown [s\src\hotspot\share\prims\jni.cpp, line 520]
Event: 368.422 Thread 0x000001f379a1b5d0 Exception <a 'sun/nio/fs/WindowsException'{0x000000051806dcf8}> (0x000000051806dcf8) 
thrown [s\src\hotspot\share\prims\jni.cpp, line 520]
Event: 368.422 Thread 0x000001f1790011a0 Exception <a 'sun/nio/fs/WindowsException'{0x000000051802efd8}> (0x000000051802efd8) 
thrown [s\src\hotspot\share\prims\jni.cpp, line 520]
Event: 368.423 Thread 0x000001f379a1b5d0 Exception <a 'sun/nio/fs/WindowsException'{0x000000051806e568}> (0x000000051806e568) 
thrown [s\src\hotspot\share\prims\jni.cpp, line 520]
Event: 368.423 Thread 0x000001f1790011a0 Exception <a 'sun/nio/fs/WindowsException'{0x0000000518480ff0}> (0x0000000518480ff0) 
thrown [s\src\hotspot\share\prims\jni.cpp, line 520]
Event: 368.423 Thread 0x000001f379a1b5d0 Exception <a 'sun/nio/fs/WindowsException'{0x0000000518489188}> (0x0000000518489188) 
thrown [s\src\hotspot\share\prims\jni.cpp, line 520]
Event: 368.424 Thread 0x000001f1790011a0 Exception <a 'sun/nio/fs/WindowsException'{0x0000000518481f40}> (0x0000000518481f40) 
thrown [s\src\hotspot\share\prims\jni.cpp, line 520]
Event: 368.424 Thread 0x000001f379a1b5d0 Exception <a 'sun/nio/fs/WindowsException'{0x0000000518489d30}> (0x0000000518489d30) 
thrown [s\src\hotspot\share\prims\jni.cpp, line 520]
Event: 368.424 Thread 0x000001f1790011a0 Exception <a 'sun/nio/fs/WindowsException'{0x00000005184827f8}> (0x00000005184827f8) 
thrown [s\src\hotspot\share\prims\jni.cpp, line 520]
Event: 371.879 Thread 0x000001f379a1b5d0 Exception <a 'sun/nio/fs/WindowsException'{0x00000007f6402738}> (0x00000007f6402738) 
thrown [s\src\hotspot\share\prims\jni.cpp, line 520]
Event: 371.891 Thread 0x000001f1790011a0 Exception <a 'sun/nio/fs/WindowsException'{0x0000000586c01028}> (0x0000000586c01028) 
thrown [s\src\hotspot\share\prims\jni.cpp, line 520]
Event: 373.689 Thread 0x000001f1790011a0 Exception <a 'sun/nio/fs/WindowsException'{0x00000005090e3f38}> (0x00000005090e3f38) 
thrown [s\src\hotspot\share\prims\jni.cpp, line 520]
Event: 376.135 Thread 0x000001f379a2dd20 Exception <a 'sun/nio/fs/WindowsException'{0x00000007f3bb4058}> (0x00000007f3bb4058) 
thrown [s\src\hotspot\share\prims\jni.cpp, line 520]
Event: 376.135 Thread 0x000001f379a2dd20 Exception <a 'sun/nio/fs/WindowsException'{0x00000007f3c4dcb8}> (0x00000007f3c4dcb8) 
thrown [s\src\hotspot\share\prims\jni.cpp, line 520]
Event: 376.136 Thread 0x000001f379a2dd20 Exception <a 'sun/nio/fs/WindowsException'{0x00000007f3c75c48}> (0x00000007f3c75c48) 
thrown [s\src\hotspot\share\prims\jni.cpp, line 520]
Event: 376.899 Thread 0x000001f379a2c970 Exception <a 'sun/nio/fs/WindowsException'{0x00000004c3603a40}> (0x00000004c3603a40) 
thrown [s\src\hotspot\share\prims\jni.cpp, line 520]
Event: 383.104 Thread 0x000001f379a2c2e0 Exception <a 'sun/nio/fs/WindowsException'{0x0000000547bdcba0}> (0x0000000547bdcba0) 
thrown [s\src\hotspot\share\prims\jni.cpp, line 520]
Event: 383.113 Thread 0x000001f379a2c2e0 Exception <a 'sun/nio/fs/WindowsException'{0x0000000544294648}> (0x0000000544294648) 
thrown [s\src\hotspot\share\prims\jni.cpp, line 520]
Event: 384.342 Thread 0x000001f112912530 Implicit null exception at 0x000001f1206ff6f4 to 0x000001f120700608

ZGC Phase Switch (0 events):
No events

VM Operations (20 events):
Event: 378.087 Executing VM operation: G1CollectForAllocation (G1 Evacuation Pause)
Event: 378.105 Executing VM operation: G1CollectForAllocation (G1 Evacuation Pause) done
Event: 379.006 Executing VM operation: G1CollectForAllocation (G1 Evacuation Pause)
Event: 379.019 Executing VM operation: G1CollectForAllocation (G1 Evacuation Pause) done
Event: 379.662 Executing VM operation: G1CollectForAllocation (G1 Evacuation Pause)
Event: 379.679 Executing VM operation: G1CollectForAllocation (G1 Evacuation Pause) done
Event: 380.401 Executing VM operation: G1CollectForAllocation (G1 Evacuation Pause)
Event: 380.417 Executing VM operation: G1CollectForAllocation (G1 Evacuation Pause) done
Event: 380.926 Executing VM operation: G1CollectForAllocation (G1 Evacuation Pause)
Event: 380.942 Executing VM operation: G1CollectForAllocation (G1 Evacuation Pause) done
Event: 381.436 Executing VM operation: G1CollectForAllocation (G1 Evacuation Pause)
Event: 381.452 Executing VM operation: G1CollectForAllocation (G1 Evacuation Pause) done
Event: 382.231 Executing VM operation: G1CollectForAllocation (G1 Evacuation Pause)
Event: 382.248 Executing VM operation: G1CollectForAllocation (G1 Evacuation Pause) done
Event: 382.904 Executing VM operation: G1CollectForAllocation (G1 Evacuation Pause)
Event: 382.919 Executing VM operation: G1CollectForAllocation (G1 Evacuation Pause) done
Event: 383.404 Executing VM operation: G1CollectForAllocation (G1 Evacuation Pause)
Event: 383.422 Executing VM operation: G1CollectForAllocation (G1 Evacuation Pause) done
Event: 384.251 Executing VM operation: G1CollectForAllocation (G1 Evacuation Pause)
Event: 384.270 Executing VM operation: G1CollectForAllocation (G1 Evacuation Pause) done

Memory protections (0 events):
No events

Nmethod flushes (20 events):
Event: 350.365 Thread 0x000001f13fd4c560 flushing  nmethod 0x000001f11a885f10
Event: 350.365 Thread 0x000001f13fd4c560 flushing  nmethod 0x000001f11bb8a990
Event: 350.365 Thread 0x000001f13fd4c560 flushing  nmethod 0x000001f119139210
Event: 353.653 Thread 0x000001f13fd4c560 flushing  nmethod 0x000001f1192b7790
Event: 353.653 Thread 0x000001f13fd4c560 flushing  nmethod 0x000001f119d81290
Event: 353.653 Thread 0x000001f13fd4c560 flushing  nmethod 0x000001f119228490
Event: 353.653 Thread 0x000001f13fd4c560 flushing  nmethod 0x000001f118b78110
Event: 353.653 Thread 0x000001f13fd4c560 flushing  nmethod 0x000001f118e8c710
Event: 353.653 Thread 0x000001f13fd4c560 flushing  nmethod 0x000001f11976b710
Event: 357.335 Thread 0x000001f13fd4c560 flushing  nmethod 0x000001f118df2b10
Event: 357.335 Thread 0x000001f13fd4c560 flushing  nmethod 0x000001f11917f310
Event: 357.335 Thread 0x000001f13fd4c560 flushing  nmethod 0x000001f11b2ea410
Event: 357.335 Thread 0x000001f13fd4c560 flushing  nmethod 0x000001f119c8f210
Event: 357.335 Thread 0x000001f13fd4c560 flushing  nmethod 0x000001f11b85bf10
Event: 357.335 Thread 0x000001f13fd4c560 flushing  nmethod 0x000001f11b988890
Event: 357.335 Thread 0x000001f13fd4c560 flushing  nmethod 0x000001f11b989010
Event: 357.335 Thread 0x000001f13fd4c560 flushing  nmethod 0x000001f123102190
Event: 357.335 Thread 0x000001f13fd4c560 flushing  nmethod 0x000001f11bc6ad90
Event: 357.335 Thread 0x000001f13fd4c560 flushing  nmethod 0x000001f11bd8c990
Event: 357.335 Thread 0x000001f13fd4c560 flushing  nmethod 0x000001f119c78210

Events (20 events):
Event: 377.475 Thread 0x000001f149b4b800 Thread added: 0x000001f1a3673bf0
Event: 377.476 Thread 0x000001f13fdce9d0 Thread added: 0x000001f149b4bed0
Event: 377.477 Thread 0x000001f13fdce9d0 Thread added: 0x000001f149b49cc0
Event: 377.478 Thread 0x000001f149b4b130 Thread added: 0x000001f17c4d8690
Event: 377.479 Thread 0x000001f149b4b130 Thread added: 0x000001f156d98520
Event: 378.985 Thread 0x000001f156d98520 Thread exited: 0x000001f156d98520
Event: 378.985 Thread 0x000001f149b495f0 Thread exited: 0x000001f149b495f0
Event: 379.326 Thread 0x000001f17c4d8690 Thread exited: 0x000001f17c4d8690
Event: 379.326 Thread 0x000001f149b49cc0 Thread exited: 0x000001f149b49cc0
Event: 379.587 Thread 0x000001f149b4bed0 Thread exited: 0x000001f149b4bed0
Event: 379.587 Thread 0x000001f1a3673bf0 Thread exited: 0x000001f1a3673bf0
Event: 379.587 Thread 0x000001f149b4b800 Thread exited: 0x000001f149b4b800
Event: 379.587 Thread 0x000001f149b48f20 Thread exited: 0x000001f149b48f20
Event: 379.587 Thread 0x000001f171f88300 Thread exited: 0x000001f171f88300
Event: 380.452 Thread 0x000001f149b4b130 Thread exited: 0x000001f149b4b130
Event: 380.455 Thread 0x000001f13fdcdf40 Thread added: 0x000001f149b4b130
Event: 380.455 Thread 0x000001f13fdcdf40 Thread added: 0x000001f149b4bed0
Event: 382.900 Thread 0x000001f149b4bed0 Thread exited: 0x000001f149b4bed0
Event: 382.900 Thread 0x000001f149b4b130 Thread exited: 0x000001f149b4b130
Event: 384.242 Thread 0x000001f14a9de840 Thread exited: 0x000001f14a9de840


Dynamic libraries:
0x00007ff71f6c0000 - 0x00007ff71f6ce000 	C:\Users\justi\AppData\Roaming\PrismLauncher\java\java-runtime-delta\bin\javaw.exe
0x00007ffe014e0000 - 0x00007ffe01747000 	C:\WINDOWS\SYSTEM32\ntdll.dll
0x00007ffe00a90000 - 0x00007ffe00b59000 	C:\WINDOWS\System32\KERNEL32.DLL
0x00007ffdfe1a0000 - 0x00007ffdfe594000 	C:\WINDOWS\System32\KERNELBASE.dll
0x00007ffdfe050000 - 0x00007ffdfe19b000 	C:\WINDOWS\System32\ucrtbase.dll
0x00007ffde1cb0000 - 0x00007ffde1cc8000 	C:\Users\justi\AppData\Roaming\PrismLauncher\java\java-runtime-delta\bin\jli.dll
0x00007ffde0cb0000 - 0x00007ffde0ccd000 	C:\Users\justi\AppData\Roaming\PrismLauncher\java\java-runtime-delta\bin\VCRUNTIME140.dll
0x00007ffdff790000 - 0x00007ffdff955000 	C:\WINDOWS\System32\USER32.dll
0x00007ffdfe7d0000 - 0x00007ffdfe7f7000 	C:\WINDOWS\System32\win32u.dll
0x00007ffdff760000 - 0x00007ffdff78b000 	C:\WINDOWS\System32\GDI32.dll
0x00007ffdfddb0000 - 0x00007ffdfdedb000 	C:\WINDOWS\System32\gdi32full.dll
0x00007ffde53b0000 - 0x00007ffde5643000 	C:\WINDOWS\WinSxS\amd64_microsoft.windows.common-controls_6595b64144ccf1df_6.0.26100.8115_none_3e075c82e3354f9c\COMCTL32.dll
0x00007ffdfe8c0000 - 0x00007ffdfe963000 	C:\WINDOWS\System32\msvcp_win.dll
0x00007ffe01160000 - 0x00007ffe01209000 	C:\WINDOWS\System32\msvcrt.dll
0x00007ffdff960000 - 0x00007ffdff992000 	C:\WINDOWS\System32\IMM32.DLL
0x00007ffdea160000 - 0x00007ffdea16c000 	C:\Users\justi\AppData\Roaming\PrismLauncher\java\java-runtime-delta\bin\vcruntime140_1.dll
0x00007ffddde10000 - 0x00007ffddde9d000 	C:\Users\justi\AppData\Roaming\PrismLauncher\java\java-runtime-delta\bin\msvcp140.dll
0x00007ffce36d0000 - 0x00007ffce4468000 	C:\Users\justi\AppData\Roaming\PrismLauncher\java\java-runtime-delta\bin\server\jvm.dll
0x00007ffdff9a0000 - 0x00007ffdffa56000 	C:\WINDOWS\System32\ADVAPI32.dll
0x00007ffe00c20000 - 0x00007ffe00cc7000 	C:\WINDOWS\System32\sechost.dll
0x00007ffe01380000 - 0x00007ffe01498000 	C:\WINDOWS\System32\RPCRT4.dll
0x00007ffe00a00000 - 0x00007ffe00a80000 	C:\WINDOWS\System32\WS2_32.dll
0x00007ffdf0be0000 - 0x00007ffdf0c16000 	C:\WINDOWS\SYSTEM32\WINMM.dll
0x00007ffdf7ce0000 - 0x00007ffdf7ceb000 	C:\WINDOWS\SYSTEM32\VERSION.dll
0x00007ffdfd7a0000 - 0x00007ffdfd7fe000 	C:\WINDOWS\SYSTEM32\POWRPROF.dll
0x00007ffdfd680000 - 0x00007ffdfd694000 	C:\WINDOWS\SYSTEM32\UMPDC.dll
0x00007ffdfcb20000 - 0x00007ffdfcb3b000 	C:\WINDOWS\SYSTEM32\kernel.appcore.dll
0x00007ffde6c80000 - 0x00007ffde6c8a000 	C:\Users\justi\AppData\Roaming\PrismLauncher\java\java-runtime-delta\bin\jimage.dll
0x00007ffdfb590000 - 0x00007ffdfb7d2000 	C:\WINDOWS\SYSTEM32\DBGHELP.DLL
0x00007ffdffe20000 - 0x00007ffe001a2000 	C:\WINDOWS\System32\combase.dll
0x00007ffe001b0000 - 0x00007ffe00288000 	C:\WINDOWS\System32\OLEAUT32.dll
0x00007ffde0580000 - 0x00007ffde05bb000 	C:\WINDOWS\SYSTEM32\dbgcore.DLL
0x00007ffdfe5a0000 - 0x00007ffdfe645000 	C:\WINDOWS\System32\bcryptPrimitives.dll
0x00007ffde0be0000 - 0x00007ffde0c00000 	C:\Users\justi\AppData\Roaming\PrismLauncher\java\java-runtime-delta\bin\java.dll
0x00007ffde02d0000 - 0x00007ffde02e8000 	C:\Users\justi\AppData\Roaming\PrismLauncher\java\java-runtime-delta\bin\zip.dll
0x00007ffe00290000 - 0x00007ffe009f7000 	C:\WINDOWS\System32\SHELL32.dll
0x00007ffdfdee0000 - 0x00007ffdfe04a000 	C:\WINDOWS\System32\wintypes.dll
0x00007ffdfea00000 - 0x00007ffdff268000 	C:\WINDOWS\System32\windows.storage.dll
0x00007ffdff2c0000 - 0x00007ffdff3b8000 	C:\WINDOWS\System32\SHCORE.dll
0x00007ffe01310000 - 0x00007ffe01376000 	C:\WINDOWS\System32\shlwapi.dll
0x00007ffdfdcd0000 - 0x00007ffdfdcf9000 	C:\WINDOWS\SYSTEM32\profapi.dll
0x00007ffddcc80000 - 0x00007ffddcd56000 	C:\Users\justi\AppData\Roaming\PrismLauncher\java\java-runtime-delta\bin\jsvml.dll
0x00007ffde2140000 - 0x00007ffde2150000 	C:\Users\justi\AppData\Roaming\PrismLauncher\java\java-runtime-delta\bin\net.dll
0x00007ffdf23c0000 - 0x00007ffdf24ed000 	C:\WINDOWS\SYSTEM32\WINHTTP.dll
0x00007ffdfd0b0000 - 0x00007ffdfd11c000 	C:\WINDOWS\system32\mswsock.dll
0x00007ffdde360000 - 0x00007ffdde376000 	C:\Users\justi\AppData\Roaming\PrismLauncher\java\java-runtime-delta\bin\nio.dll
0x00007ffdfd390000 - 0x00007ffdfd3ab000 	C:\WINDOWS\SYSTEM32\CRYPTSP.dll
0x00007ffdfca80000 - 0x00007ffdfcab9000 	C:\WINDOWS\system32\rsaenh.dll
0x00007ffdfd160000 - 0x00007ffdfd193000 	C:\WINDOWS\SYSTEM32\USERENV.dll
0x00007ffdfdca0000 - 0x00007ffdfdcca000 	C:\WINDOWS\SYSTEM32\bcrypt.dll
0x00007ffdfd3b0000 - 0x00007ffdfd3bc000 	C:\WINDOWS\SYSTEM32\CRYPTBASE.dll
0x00007ffdfc4f0000 - 0x00007ffdfc522000 	C:\WINDOWS\SYSTEM32\IPHLPAPI.DLL
0x00007ffe01270000 - 0x00007ffe0127a000 	C:\WINDOWS\System32\NSI.dll
0x00007ffde1250000 - 0x00007ffde1260000 	C:\Users\justi\AppData\Roaming\PrismLauncher\java\java-runtime-delta\bin\verify.dll
0x00007ffde0ca0000 - 0x00007ffde0caa000 	C:\Users\justi\AppData\Roaming\PrismLauncher\java\java-runtime-delta\bin\management.dll
0x00007ffde0bd0000 - 0x00007ffde0bdb000 	C:\Users\justi\AppData\Roaming\PrismLauncher\java\java-runtime-delta\bin\management_ext.dll
0x00007ffdffd00000 - 0x00007ffdffd08000 	C:\WINDOWS\System32\PSAPI.DLL
0x00007ffde1a70000 - 0x00007ffde1a88000 	C:\WINDOWS\system32\napinsp.dll
0x00007ffdfc580000 - 0x00007ffdfc6b2000 	C:\WINDOWS\SYSTEM32\DNSAPI.dll
0x00007ffde24a0000 - 0x00007ffde24b3000 	C:\WINDOWS\System32\winrnr.dll
0x00007ffde2660000 - 0x00007ffde2682000 	C:\WINDOWS\system32\nlansp_c.dll
0x00007ffde2600000 - 0x00007ffde2616000 	C:\WINDOWS\system32\wshbth.dll
0x00007ffdf1c90000 - 0x00007ffdf1d16000 	C:\WINDOWS\System32\fwpuclnt.dll
0x00007ffdf0b60000 - 0x00007ffdf0b6b000 	C:\Windows\System32\rasadhlp.dll
0x00007ffddcae0000 - 0x00007ffddcb5b000 	C:\Users\justi\AppData\Local\Temp\lwjgl_justi\3.3.3+5\x64\lwjgl.dll
0x00007ffddca50000 - 0x00007ffddcad2000 	C:\Users\justi\AppData\Local\Temp\lwjgl_justi\3.3.3+5\x64\glfw.dll
0x00007ffd02290000 - 0x00007ffd022db000 	C:\WINDOWS\SYSTEM32\dinput8.dll
0x00007ffdf90b0000 - 0x00007ffdf90ce000 	C:\WINDOWS\SYSTEM32\xinput1_4.dll
0x00007ffdfda10000 - 0x00007ffdfda3d000 	C:\WINDOWS\SYSTEM32\DEVOBJ.dll
0x00007ffdfda40000 - 0x00007ffdfda91000 	C:\WINDOWS\SYSTEM32\cfgmgr32.dll
0x00007ffdfbb50000 - 0x00007ffdfbb7f000 	C:\WINDOWS\SYSTEM32\dwmapi.dll
0x00007ffddb480000 - 0x00007ffddb663000 	C:\WINDOWS\SYSTEM32\inputhost.dll
0x00007ffdfae90000 - 0x00007ffdfafb7000 	C:\WINDOWS\SYSTEM32\CoreMessaging.dll
0x00007ffdfb390000 - 0x00007ffdfb439000 	C:\WINDOWS\system32\uxtheme.dll
0x00007ffdff420000 - 0x00007ffdff57c000 	C:\WINDOWS\System32\MSCTF.dll
0x00007ffd69750000 - 0x00007ffd6985f000 	C:\WINDOWS\SYSTEM32\opengl32.dll
0x00007ffd76a10000 - 0x00007ffd76a3d000 	C:\WINDOWS\SYSTEM32\GLU32.dll
0x00007ffdfb540000 - 0x00007ffdfb583000 	C:\WINDOWS\SYSTEM32\dxcore.dll
0x00007ffde02b0000 - 0x00007ffde02cd000 	C:\WINDOWS\SYSTEM32\windows.staterepositorycore.dll
0x00007ffcfb490000 - 0x00007ffcfddb5000 	C:\WINDOWS\System32\DriverStore\FileRepository\nv_dispig.inf_amd64_f4c7a2fd13e0f763\nvoglv64.dll
0x00007ffe00cd0000 - 0x00007ffe01157000 	C:\WINDOWS\System32\SETUPAPI.dll
0x00007ffdffb60000 - 0x00007ffdffcf7000 	C:\WINDOWS\System32\ole32.dll
0x00007ffdfb330000 - 0x00007ffdfb359000 	C:\WINDOWS\SYSTEM32\WTSAPI32.dll
0x00007ffdfe650000 - 0x00007ffdfe7c7000 	C:\WINDOWS\System32\CRYPT32.dll
0x00007ffdfcde0000 - 0x00007ffdfce29000 	C:\WINDOWS\SYSTEM32\SspiCli.dll
0x00007ffdfd400000 - 0x00007ffdfd413000 	C:\WINDOWS\SYSTEM32\msasn1.dll
0x00007ffdf7a50000 - 0x00007ffdf7a8b000 	C:\WINDOWS\SYSTEM32\cryptnet.dll
0x00007ffdfd4e0000 - 0x00007ffdfd548000 	C:\WINDOWS\SYSTEM32\wldp.dll
0x00007ffdf78a0000 - 0x00007ffdf7a18000 	C:\WINDOWS\SYSTEM32\drvstore.dll
0x00007ffdfe970000 - 0x00007ffdfe9f2000 	C:\WINDOWS\System32\WINTRUST.dll
0x00007ffdfcc60000 - 0x00007ffdfcc96000 	C:\WINDOWS\SYSTEM32\ntmarta.dll
0x00007ffe01240000 - 0x00007ffe01260000 	C:\WINDOWS\System32\imagehlp.dll
0x00007ffdf24f0000 - 0x00007ffdf71ef000 	C:\WINDOWS\System32\DriverStore\FileRepository\nv_dispig.inf_amd64_f4c7a2fd13e0f763\nvgpucomp64.dll
0x00007ffdfd470000 - 0x00007ffdfd4d2000 	C:\WINDOWS\SYSTEM32\WINSTA.dll
0x00007ffd70300000 - 0x00007ffd70570000 	C:\Users\justi\AppData\Local\Temp\lwjgl_justi\3.3.3+5\x64\jemalloc.dll
0x00007ffddb720000 - 0x00007ffddb7a2000 	C:\Users\justi\AppData\Local\Temp\lwjgl_justi\3.3.3+5\x64\lwjgl_stb.dll
0x00007ffde7770000 - 0x00007ffde782f000 	C:\WINDOWS\SYSTEM32\mscms.dll
0x00007ffdba4a0000 - 0x00007ffdba4e9000 	C:\WINDOWS\SYSTEM32\icm32.dll
0x00007ffddd9d0000 - 0x00007ffdddb18000 	C:\WINDOWS\SYSTEM32\textinputframework.dll
0x00007ffe00b60000 - 0x00007ffe00c0e000 	C:\WINDOWS\System32\clbcatq.dll
0x00007ffddd610000 - 0x00007ffddd66e000 	C:\Users\justi\AppData\Local\Temp\lwjgl_justi\3.3.3+5\x64\lwjgl_opengl.dll
0x00007ffdea100000 - 0x00007ffdea156000 	C:\WINDOWS\SYSTEM32\pdh.dll
0x00007ffdf90e0000 - 0x00007ffdf90f2000 	C:\WINDOWS\System32\perfproc.dll
0x00007ffde0680000 - 0x00007ffde0691000 	C:\WINDOWS\System32\perfos.dll
0x00007ffdf9250000 - 0x00007ffdf9262000 	C:\WINDOWS\SYSTEM32\pfclient.dll
0x00007ffddb240000 - 0x00007ffddb285000 	C:\Users\justi\AppData\Local\Temp\jna-101492989\jna8297928401323057049.dll
0x00007ffdda4c0000 - 0x00007ffdda4dd000 	C:\WINDOWS\SYSTEM32\amsi.dll
0x00007ffdda360000 - 0x00007ffdda402000 	C:\ProgramData\Microsoft\Windows Defender\Platform\4.18.26030.3011-0\MpOav.dll
0x00007ffde0100000 - 0x00007ffde010e000 	C:\Users\justi\AppData\Roaming\PrismLauncher\java\java-runtime-delta\bin\sunmscapi.dll
0x00007ffdfd640000 - 0x00007ffdfd670000 	C:\WINDOWS\SYSTEM32\ncrypt.dll
0x00007ffdfd5d0000 - 0x00007ffdfd60f000 	C:\WINDOWS\SYSTEM32\NTASN1.dll
0x00007ffdde530000 - 0x00007ffdde539000 	C:\Users\justi\AppData\Roaming\PrismLauncher\java\java-runtime-delta\bin\extnet.dll
0x00007ffd07ca0000 - 0x00007ffd07e2e000 	C:\Users\justi\AppData\Roaming\PrismLauncher\java\java-runtime-delta\bin\awt.dll
0x00007ffdfb270000 - 0x00007ffdfb30f000 	C:\WINDOWS\SYSTEM32\apphelp.dll
0x00007ffd03870000 - 0x00007ffd03a37000 	C:\Users\justi\AppData\Local\Temp\lwjgl_justi\3.3.3+5\x64\OpenAL.dll
0x00007ffdea720000 - 0x00007ffdea7b7000 	C:\WINDOWS\System32\MMDevApi.dll
0x00007ffccbce0000 - 0x00007ffcccc07000 	C:\Users\justi\AppData\Local\Temp\imgui-java-natives\1.88.0\imgui-java64.dll
0x00007ffcf8380000 - 0x00007ffcf84f3000 	C:\WINDOWS\System32\Speech\Common\sapi.dll
0x00007ffdc4180000 - 0x00007ffdc4188000 	C:\WINDOWS\system32\wshunix.dll
0x00007ffd01810000 - 0x00007ffd01931000 	C:\Users\justi\AppData\Local\Temp\libzstd-jni_dh-1.5.7-611482079325434262578.dll
0x00007ffdccda0000 - 0x00007ffdcce17000 	C:\Users\justi\AppData\Local\Temp\libopus4j-9783d0e001158567d1e08f6bb3b2c5b5\libopus4j.dll
0x00007ffdde340000 - 0x00007ffdde35c000 	C:\Users\justi\AppData\Local\Temp\librnnoise4j-40cc1fdd40ca1100a850ddee14466799\librnnoise4j.dll
0x00007ffdde2c0000 - 0x00007ffdde2df000 	C:\Users\justi\AppData\Local\Temp\libspeex4j-e39751f08962f3611e66c90baf107894\libspeex4j.dll
0x00007ffdd9000000 - 0x00007ffdd9053000 	C:\Users\justi\AppData\Local\Temp\liblame4j-290c3436fe9f7c2b8e165ddcb5ad66ce\liblame4j.dll
0x00007ffd01710000 - 0x00007ffd01809000 	C:\Users\justi\AppData\Local\Temp\sqlite-3.47.2.0-6c279d88-2731-4e76-b453-4b9813bd818b-sqlitejdbc.dll
0x00007ffde8cb0000 - 0x00007ffde8e62000 	C:\WINDOWS\SYSTEM32\AUDIOSES.DLL
0x00007ffdfbdb0000 - 0x00007ffdfbdc4000 	C:\WINDOWS\SYSTEM32\resourcepolicyclient.dll
0x00007ffdf9090000 - 0x00007ffdf90a2000 	C:\Users\justi\AppData\Roaming\PrismLauncher\java\java-runtime-delta\bin\jsound.dll

dbghelp: loaded successfully - version: 4.0.5 - missing functions: none
symbol engine: initialized successfully - sym options: 0x614 - pdb path: .;C:\Users\justi\AppData\Roaming\PrismLauncher\java\java-runtime-delta\bin;C:\WINDOWS\SYSTEM32;C:\WINDOWS\WinSxS\amd64_microsoft.windows.common-controls_6595b64144ccf1df_6.0.26100.8115_none_3e075c82e3354f9c;C:\Users\justi\AppData\Roaming\PrismLauncher\java\java-runtime-delta\bin\server;C:\Users\justi\AppData\Local\Temp\lwjgl_justi\3.3.3+5\x64;C:\WINDOWS\System32\DriverStore\FileRepository\nv_dispig.inf_amd64_f4c7a2fd13e0f763;C:\Users\justi\AppData\Local\Temp\jna-101492989;C:\ProgramData\Microsoft\Windows Defender\Platform\4.18.26030.3011-0;C:\Users\justi\AppData\Local\Temp\imgui-java-natives\1.88.0;C:\WINDOWS\System32\Speech\Common;C:\Users\justi\AppData\Local\Temp;C:\Users\justi\AppData\Local\Temp\libopus4j-9783d0e001158567d1e08f6bb3b2c5b5;C:\Users\justi\AppData\Local\Temp\librnnoise4j-40cc1fdd40ca1100a850ddee14466799;C:\Users\justi\AppData\Local\Temp\libspeex4j-e39751f08962f3611e66c90baf107894;C:\Users\justi\AppData\Local\Temp\liblame4j-290c3436fe9f7c2b8e165ddcb5ad66ce;C:\Users\justi\AppData\Local\Discord\app-1.0.9233\modules\discord_hook-1\discord_hook\d57cbdbcdddf18

VM Arguments:
jvm_args: -XX:HeapDumpPath=MojangTricksIntelDriversForPerformance_javaw.exe_minecraft.exe.heapdump -Xms512m -Xmx16384m -Duser.language=en -Djava.library.path=C:/Users/justi/AppData/Roaming/PrismLauncher/instances/Optimized fps/natives 
java_command: org.prismlauncher.EntryPoint
java_class_path (initial): C:/Users/justi/AppData/Local/Programs/PrismLauncher/jars/NewLaunch.jar;C:/Users/justi/AppData/Roaming/PrismLauncher/libraries/org/lwjgl/lwjgl-freetype-natives-windows-arm64/3.3.3/lwjgl-freetype-natives-windows-arm64-3.3.3.jar;C:/Users/justi/AppData/Roaming/PrismLauncher/libraries/org/lwjgl/lwjgl-freetype-natives-windows-x86/3.3.3/lwjgl-freetype-natives-windows-x86-3.3.3.jar;C:/Users/justi/AppData/Roaming/PrismLauncher/libraries/org/lwjgl/lwjgl-freetype-natives-windows/3.3.3/lwjgl-freetype-natives-windows-3.3.3.jar;C:/Users/justi/AppData/Roaming/PrismLauncher/libraries/org/lwjgl/lwjgl-freetype/3.3.3/lwjgl-freetype-3.3.3.jar;C:/Users/justi/AppData/Roaming/PrismLauncher/libraries/org/lwjgl/lwjgl-glfw-natives-windows-arm64/3.3.3/lwjgl-glfw-natives-windows-arm64-3.3.3.jar;C:/Users/justi/AppData/Roaming/PrismLauncher/libraries/org/lwjgl/lwjgl-glfw-natives-windows-x86/3.3.3/lwjgl-glfw-natives-windows-x86-3.3.3.jar;C:/Users/justi/AppData/Roaming/PrismLauncher/libraries/org/lwjgl/lwjgl-glfw-natives-windows/3.3.3/lwjgl-glfw-natives-windows-3.3.3.jar;C:/Users/justi/AppData/Roaming/PrismLauncher/libraries/org/lwjgl/lwjgl-glfw/3.3.3/lwjgl-glfw-3.3.3.jar;C:/Users/justi/AppData/Roaming/PrismLauncher/libraries/org/lwjgl/lwjgl-jemalloc-natives-windows-arm64/3.3.3/lwjgl-jemalloc-natives-windows-arm64-3.3.3.jar;C:/Users/justi/AppData/Roaming/PrismLauncher/libraries/org/lwjgl/lwjgl-jemalloc-natives-windows-x86/3.3.3/lwjgl-jemalloc-natives-windows-x86-3.3.3.jar;C:/Users/justi/AppData/Roaming/PrismLauncher/libraries/org/lwjgl/lwjgl-jemalloc-natives-windows/3.3.3/lwjgl-jemalloc-natives-windows-3.3.3.jar;C:/Users/justi/AppData/Roaming/PrismLauncher/libraries/org/lwjgl/lwjgl-jemalloc/3.3.3/lwjgl-jemalloc-3.3.3.jar;C:/Users/justi/AppData/Roaming/PrismLauncher/libraries/org/lwjgl/lwjgl-natives-windows-arm64/3.3.3/lwjgl-natives-windows-arm64-3.3.3.jar;C:/Users/justi/AppData/Roaming/PrismLauncher/libraries/org/lwjgl/lwjgl-natives-windows-x86/3.3.3/lwjgl-natives-windows-x86-3.3.3.jar;C:/Users/justi/AppData/Roaming/PrismLauncher/libraries/org/lwjgl/lwjgl-natives-windows/3.3.3/lwjgl-natives-windows-3.3.3.jar;C:/Users/justi/AppData/Roaming/PrismLauncher/libraries/org/lwjgl/lwjgl-openal-natives-windows-arm64/3.3.3/lwjgl-openal-natives-windows-arm64-3.3.3.jar;C:/Users/justi/AppData/Roaming/PrismLauncher/libraries/org/lwjgl/lwjgl-openal-natives-windows-x86/3.3.3/lwjgl-openal-natives-windows-x86-3.3.3.jar;C:/Users/justi/AppData/Roaming/PrismLauncher/libraries/org/lwjgl/lwjgl-openal-natives-windows/3.3.3/lwjgl-openal-natives-windows-3.3.3.jar;C:/Users/justi/AppData/Roaming/PrismLauncher/libraries/org/lwjgl/lwjgl-openal/3.3.3/lwjgl-openal-3.3.3.jar;C:/Users/justi/AppData/Roaming/PrismLauncher/libraries/org/lwjgl/lwjgl-opengl-natives-windows-arm64/3.3.3/lwjgl-opengl-natives-windows-arm64-3.3.3.jar;C:/Users/justi/AppData/Roaming/PrismLauncher/libraries/org/lwjgl/lwjgl-opengl-natives-windows-x86/3.3.3/lwjgl-opengl-natives-windows-x86-3.3.3.jar;C:/Users/justi/AppData/Roaming/PrismLauncher/libraries/org/lwjgl/lwjgl-opengl-natives-windows/3.3.3/lwjgl-opengl-natives-windows-3.3.3.jar;C:/Users/justi/AppData/Roaming/PrismLauncher/libraries/org/lwjgl/lwjgl-opengl/3.3.3/lwjgl-opengl-3.3.3.jar;C:/Users/justi/AppData/Roaming/PrismLauncher/libraries/org/lwjgl/lwjgl-stb-natives-windows-arm64/3.3.3/lwjgl-stb-natives-windows-arm64-3.3.3.jar;C:/Users/justi/AppData/Roaming/PrismLauncher/libraries/org/lwjgl/lwjgl-stb-natives-windows-x86/3.3.3/lwjgl-stb-natives-windows-x86-3.3.3.jar;C:/Users/justi/AppData/Roaming/PrismLauncher/libraries/org/lwjgl/lwjgl-stb-natives-windows/3.3.3/lwjgl-stb-natives-windows-3.3.3.jar;C:/Users/justi/AppData/Roaming/PrismLauncher/libraries/org/lwjgl/lwjgl-stb/3.3.3/lwjgl-stb-3.3.3.jar;C:/Users/justi/AppData/Roaming/PrismLauncher/libraries/org/lwjgl/lwjgl-tinyfd-natives-windows-arm64/3.3.3/lwjgl-tinyfd-natives-windows-arm64-3.3.3.jar;C:/Users/justi/AppData/Roaming/PrismLauncher/libraries/org/lwjgl/lwjgl-tinyfd-natives-windows-x86/3.3.3/lwjgl-tinyfd-natives-windows-x86-3.3.3.jar;C:/Users/justi/AppData/Roaming/PrismLauncher/libraries/org/lwjgl/lwjgl-tinyfd-natives-windows/3.3.3/lwjgl-tinyfd-natives-windows-3.3.3.jar;C:/Users/justi/AppData/Roaming/PrismLauncher/libraries/org/lwjgl/lwjgl-tinyfd/3.3.3/lwjgl-tinyfd-3.3.3.jar;C:/Users/justi/AppData/Roaming/PrismLauncher/libraries/org/lwjgl/lwjgl/3.3.3/lwjgl-3.3.3.jar;C:/Users/justi/AppData/Roaming/PrismLauncher/libraries/com/github/oshi/oshi-core/6.4.10/oshi-core-6.4.10.jar;C:/Users/justi/AppData/Roaming/PrismLauncher/libraries/com/google/code/gson/gson/2.10.1/gson-2.10.1.jar;C:/Users/justi/AppData/Roaming/PrismLauncher/libraries/com/google/guava/failureaccess/1.0.1/failureaccess-1.0.1.jar;C:/Users/justi/AppData/Roaming/PrismLauncher/libraries/com/google/guava/guava/32.1.2-jre/guava-32.1.2-jre.jar;C:/Users/justi/AppData/Roaming/PrismLauncher/libraries/com/ibm/icu/icu4j/73.2/icu4j-73.2.jar;C:/Users/justi/AppData/Roaming/PrismLauncher/libraries/com/mojang/authlib/6.0.54/authlib-6.0.54.jar;C:/Users/justi/AppData/Roaming/PrismLauncher/libraries/com/mojang/blocklist/1.0.10/blocklist-1.0.10.jar;C:/Users/justi/AppData/Roaming/PrismLauncher/libraries/com/mojang/brigadier/1.3.10/brigadier-1.3.10.jar;C:/Users/justi/AppData/Roaming/PrismLauncher/libraries/com/mojang/datafixerupper/8.0.16/datafixerupper-8.0.16.jar;C:/Users/justi/AppData/Roaming/PrismLauncher/libraries/com/mojang/logging/1.2.7/logging-1.2.7.jar;C:/Users/justi/AppData/Roaming/PrismLauncher/libraries/com/mojang/patchy/2.2.10/patchy-2.2.10.jar;C:/Users/justi/AppData/Roaming/PrismLauncher/libraries/com/mojang/text2speech/1.17.9/text2speech-1.17.9.jar;C:/Users/justi/AppData/Roaming/PrismLauncher/libraries/commons-codec/commons-codec/1.16.0/commons-codec-1.16.0.jar;C:/Users/justi/AppData/Roaming/PrismLauncher/libraries/commons-io/commons-io/2.15.1/commons-io-2.15.1.jar;C:/Users/justi/AppData/Roaming/PrismLauncher/libraries/commons-logging/commons-logging/1.2/commons-logging-1.2.jar;C:/Users/justi/AppData/Roaming/PrismLauncher/libraries/io/netty/netty-buffer/4.1.97.Final/netty-buffer-4.1.97.Final.jar;C:/Users/justi/AppData/Roaming/PrismLauncher/libraries/io/netty/netty-codec/4.1.97.Final/netty-codec-4.1.97.Final.jar;C:/Users/justi/AppData/Roaming/PrismLauncher/libraries/io/netty/netty-common/4.1.97.Final/netty-common-4.1.97.Final.jar;C:/Users/justi/AppData/Roaming/PrismLauncher/libraries/io/netty/netty-handler/4.1.97.Final/netty-handler-4.1.97.Final.jar;C:/Users/justi/AppData/Roaming/PrismLauncher/libraries/io/netty/netty-resolver/4.1.97.Final/netty-resolver-4.1.97.Final.jar;C:/Users/justi/AppData/Roaming/PrismLauncher/libraries/io/netty/netty-transport-classes-epoll/4.1.97.Final/netty-transport-classes-epoll-4.1.97.Final.jar;C:/Users/justi/AppData/Roaming/PrismLauncher/libraries/io/netty/netty-transport-native-unix-common/4.1.97.Final/netty-transport-native-unix-common-4.1.97.Final.jar;C:/Users/justi/AppData/Roaming/PrismLauncher/libraries/io/netty/netty-transport/4.1.97.Final/netty-transport-4.1.97.Final.jar;C:/Users/justi/AppData/Roaming/PrismLauncher/libraries/it/unimi/dsi/fastutil/8.5.12/fastutil-8.5.12.jar;C:/Users/justi/AppData/Roaming/PrismLauncher/libraries/net/java/dev/jna/jna-platform/5.14.0/jna-platform-5.14.0.jar;C:/Users/justi/AppData/Roaming/PrismLauncher/libraries/net/java/dev/jna/jna/5.14.0/jna-5.14.0.jar;C:/Users/justi/AppData/Roaming/PrismLauncher/libraries/net/sf/jopt-simple/jopt-simple/5.0.4/jopt-simple-5.0.4.jar;C:/Users/justi/AppData/Roaming/PrismLauncher/libraries/org/apache/commons/commons-compress/1.26.0/commons-compress-1.26.0.jar;C:/Users/justi/AppData/Roaming/PrismLauncher/libraries/org/apache/commons/commons-lang3/3.14.0/commons-lang3-3.14.0.jar;C:/Users/justi/AppData/Roaming/PrismLauncher/libraries/org/apache/httpcomponents/httpclient/4.5.13/httpclient-4.5.13.jar;C:/Users/justi/AppData/Roaming/PrismLauncher/libraries/org/apache/httpcomponents/httpcore/4.4.16/httpcore-4.4.16.jar;C:/Users/justi/AppData/Roaming/PrismLauncher/libraries/org/apache/logging/log4j/log4j-api/2.22.1/log4j-api-2.22.1.jar;C:/Users/justi/AppData/Roaming/PrismLauncher/libraries/org/apache/logging/log4j/log4j-core/2.22.1/log4j-core-2.22.1.jar;C:/Users/justi/AppData/Roaming/PrismLauncher/libraries/org/apache/logging/log4j/log4j-slf4j2-impl/2.22.1/log4j-slf4j2-impl-2.22.1.jar;C:/Users/justi/AppData/Roaming/PrismLauncher/libraries/org/jcraft/jorbis/0.0.17/jorbis-0.0.17.jar;C:/Users/justi/AppData/Roaming/PrismLauncher/libraries/org/joml/joml/1.10.5/joml-1.10.5.jar;C:/Users/justi/AppData/Roaming/PrismLauncher/libraries/org/lz4/lz4-java/1.8.0/lz4-java-1.8.0.jar;C:/Users/justi/AppData/Roaming/PrismLauncher/libraries/org/slf4j/slf4j-api/2.0.9/slf4j-api-2.0.9.jar;C:/Users/justi/AppData/Roaming/PrismLauncher/libraries/io/github/zekerzhayard/ForgeWrapper/prism-2025-12-07/ForgeWrapper-prism-2025-12-07.jar;C:/Users/justi/AppData/Roaming/PrismLauncher/libraries/net/neoforged/fancymodloader/earlydisplay/4.0.42/earlydisplay-4.0.42.jar;C:/Users/justi/AppData/Roaming/PrismLauncher/libraries/net/neoforged/fancymodloader/loader/4.0.42/loader-4.0.42.jar;C:/Users/justi/AppData/Roaming/PrismLauncher/libraries/net/neoforged/accesstransformers/at-modlauncher/10.0.1/at-modlauncher-10.0.1.jar;C:/Users/justi/AppData/Roaming/PrismLauncher/libraries/net/neoforged/accesstransformers/10.0.1/accesstransformers-10.0.1.jar;C:/Users/justi/AppData/Roaming/PrismLauncher/libraries/net/neoforged/bus/8.0.5/bus-8.0.5.jar;C:/Users/justi/AppData/Roaming/PrismLauncher/libraries/net/neoforged/coremods/7.0.3/coremods-7.0.3.jar;C:/Users/justi/AppData/Roaming/PrismLauncher/libraries/cpw/mods/modlauncher/11.0.5/modlauncher-11.0.5.jar;C:/Users/justi/AppData/Roaming/PrismLauncher/libraries/net/neoforged/mergetool/2.0.0/mergetool-2.0.0-api.jar;C:/Users/justi/AppData/Roaming/PrismLauncher/libraries/com/electronwill/night-config/toml/3.8.3/toml-3.8.3.jar;C:/Users/justi/AppData/Roaming/PrismLauncher/libraries/com/electronwill/night-config/core/3.8.3/core-3.8.3.jar;C:/Users/justi/AppData/Roaming/PrismLauncher/libraries/net/neoforged/JarJarSelector/0.4.1/JarJarSelector-0.4.1.jar;C:/Users/justi/AppData/Roaming/PrismLauncher/libraries/net/neoforged/JarJarMetadata/0.4.1/JarJarMetadata-0.4.1.jar;C:/Users/justi/AppData/Roaming/PrismLauncher/libraries/org/apache/maven/maven-artifact/3.8.5/maven-artifact-3.8.5.jar;C:/Users/justi/AppData/Roaming/PrismLauncher/libraries/net/jodah/typetools/0.6.3/typetools-0.6.3.jar;C:/Users/justi/AppData/Roaming/PrismLauncher/libraries/net/minecrell/terminalconsoleappender/1.3.0/terminalconsoleappender-1.3.0.jar;C:/Users/justi/AppData/Roaming/PrismLauncher/libraries/net/fabricmc/sponge-mixin/0.15.2+mixin.0.8.7/sponge-mixin-0.15.2+mixin.0.8.7.jar;C:/Users/justi/AppData/Roaming/PrismLauncher/libraries/org/openjdk/nashorn/nashorn-core/15.4/nashorn-core-15.4.jar;C:/Users/justi/AppData/Roaming/PrismLauncher/libraries/cpw/mods/bootstraplauncher/2.0.2/bootstraplauncher-2.0.2.jar;C:/Users/justi/AppData/Roaming/PrismLauncher/libraries/cpw/mods/securejarhandler/3.0.8/securejarhandler-3.0.8.jar;C:/Users/justi/AppData/Roaming/PrismLauncher/libraries/org/ow2/asm/asm-commons/9.8/asm-commons-9.8.jar;C:/Users/justi/AppData/Roaming/PrismLauncher/libraries/org/ow2/asm/asm-util/9.8/asm-util-9.8.jar;C:/Users/justi/AppData/Roaming/PrismLauncher/libraries/org/ow2/asm/asm-analysis/9.8/asm-analysis-9.8.jar;C:/Users/justi/AppData/Roaming/PrismLauncher/libraries/org/ow2/asm/asm-tree/9.8/asm-tree-9.8.jar;C:/Users/justi/AppData/Roaming/PrismLauncher/libraries/org/ow2/asm/asm/9.8/asm-9.8.jar;C:/Users/justi/AppData/Roaming/PrismLauncher/libraries/net/neoforged/JarJarFileSystems/0.4.1/JarJarFileSystems-0.4.1.jar;C:/Users/justi/AppData/Roaming/PrismLauncher/libraries/org/antlr/antlr4-runtime/4.13.1/antlr4-runtime-4.13.1.jar;C:/Users/justi/AppData/Roaming/PrismLauncher/libraries/org/jline/jline-reader/3.20.0/jline-reader-3.20.0.jar;C:/Users/justi/AppData/Roaming/PrismLauncher/libraries/org/jline/jline-terminal/3.20.0/jline-terminal-3.20.0.jar;C:/Users/justi/AppData/Roaming/PrismLauncher/libraries/net/minecraftforge/srgutils/0.4.15/srgutils-0.4.15.jar;C:/Users/justi/AppData/Roaming/PrismLauncher/libraries/com/google/guava/listenablefuture/9999.0-empty-to-avoid-conflict-with-guava/listenablefuture-9999.0-empty-to-avoid-conflict-with-guava.jar;C:/Users/justi/AppData/Roaming/PrismLauncher/libraries/com/google/code/findbugs/jsr305/3.0.2/jsr305-3.0.2.jar;C:/Users/justi/AppData/Roaming/PrismLauncher/libraries/org/checkerframework/checker-qual/3.33.0/checker-qual-3.33.0.jar;C:/Users/justi/AppData/Roaming/PrismLauncher/libraries/com/google/errorprone/error_prone_annotations/2.18.0/error_prone_annotations-2.18.0.jar;C:/Users/justi/AppData/Roaming/PrismLauncher/libraries/com/google/j2objc/j2objc-annotations/2.8/j2objc-annotations-2.8.jar;C:/Users/justi/AppData/Roaming/PrismLauncher/libraries/org/codehaus/plexus/plexus-utils/3.3.0/plexus-utils-3.3.0.jar;C:/Users/justi/AppData/Roaming/PrismLauncher/libraries/com/machinezoo/noexception/noexception/1.7.1/noexception-1.7.1.jar;C:/Users/justi/AppData/Roaming/PrismLauncher/libraries/com/mojang/minecraft/1.21.1/minecraft-1.21.1-client.jar
Launcher Type: SUN_STANDARD

[Global flags]
     intx CICompilerCount                          = 12                                        {product} {ergonomic}
     uint ConcGCThreads                            = 5                                         {product} {ergonomic}
     uint G1ConcRefinementThreads                  = 18                                        {product} {ergonomic}
   size_t G1HeapRegionSize                         = 8388608                                   {product} {ergonomic}
    uintx GCDrainStackTargetSize                   = 64                                        {product} {ergonomic}
    ccstr HeapDumpPath                             = MojangTricksIntelDriversForPerformance_javaw.exe_minecraft.exe.heapdump         {manageable} {command line}
   size_t InitialHeapSize                          = 536870912                                 {product} {command line}
   size_t MarkStackSize                            = 4194304                                   {product} {ergonomic}
   size_t MaxHeapSize                              = 17179869184                               {product} {command line}
   size_t MaxNewSize                               = 10301210624                               {product} {ergonomic}
   size_t MinHeapDeltaBytes                        = 8388608                                   {product} {ergonomic}
   size_t MinHeapSize                              = 536870912                                 {product} {command line}
    uintx NonNMethodCodeHeapSize                   = 7602480                                {pd product} {ergonomic}
    uintx NonProfiledCodeHeapSize                  = 122027880                              {pd product} {ergonomic}
    uintx ProfiledCodeHeapSize                     = 122027880                              {pd product} {ergonomic}
    uintx ReservedCodeCacheSize                    = 251658240                              {pd product} {ergonomic}
     bool SegmentedCodeCache                       = true                                      {product} {ergonomic}
   size_t SoftMaxHeapSize                          = 17179869184                            {manageable} {ergonomic}
     bool UseCompressedOops                        = true                           {product lp64_product} {ergonomic}
     bool UseG1GC                                  = true                                      {product} {ergonomic}
     bool UseLargePagesIndividualAllocation        = false                                  {pd product} {ergonomic}

Logging:
Log output configuration:
 #0: stdout all=warning uptime,level,tags foldmultilines=false
 #1: stderr all=off uptime,level,tags foldmultilines=false

Environment Variables:
PATH=C:\Program Files\Common Files\Oracle\Java\javapath;C:\WINDOWS\system32;C:\WINDOWS;C:\WINDOWS\System32\Wbem;C:\WINDOWS\System32\WindowsPowerShell\v1.0\;C:\WINDOWS\System32\OpenSSH\;C:\Program Files (x86)\NVIDIA Corporation\PhysX\Common;C:\Program Files\Git\cmd;C:\Program Files\dotnet\;C:\Program Files\nodejs\;C:\Program Files (x86)\Windows Kits\10\Windows Performance Toolkit\;C:\Users\justi\AppData\Local\Programs\Python\Python314\Scripts\;C:\Users\justi\AppData\Local\Programs\Python\Python314\;C:\Users\justi\AppData\Local\Programs\Python\Launcher\;C:\Users\justi\AppData\Local\Microsoft\WindowsApps;C:\Users\justi\AppData\Local\JetBrains\Toolbox\scripts;C:\Users\justi\AppData\Local\PowerToys\DSCModules\;C:\Users\justi\AppData\Local\Programs\Microsoft VS Code\bin;C:\Users\justi\AppData\Roaming\npm;C:\Users\justi\AppData\Local\Programs\Ollama;C:\Users\justi\AppData\Local\Programs\Antigravity\bin
USERNAME=justi
OS=Windows_NT
PROCESSOR_IDENTIFIER=AMD64 Family 26 Model 68 Stepping 0, AuthenticAMD
TMP=C:\Users\justi\AppData\Local\Temp
TEMP=C:\Users\justi\AppData\Local\Temp




Periodic native trim disabled

---------------  S Y S T E M  ---------------

OS:
 Windows 11 , 64 bit Build 26100 (10.0.26100.8246)
OS uptime: 3 days 1:13 hours
Hyper-V role detected

CPU: total 24 (initial active 24) (24 cores per cpu, 2 threads per core) family 26 model 68 stepping 0 microcode 0xb40401a, cx8, cmov, fxsr, ht, mmx, 3dnowpref, sse, sse2, sse3, ssse3, sse4a, sse4.1, sse4.2, popcnt, lzcnt, tsc, tscinvbit, avx, avx2, aes, erms, clmul, bmi1, bmi2, adx, avx512f, avx512dq, avx512cd, avx512bw, avx512vl, sha, fma, vzeroupper, avx512_vpopcntdq, avx512_vpclmulqdq, avx512_vaes, avx512_vnni, clflush, clflushopt, avx512_vbmi2, avx512_vbmi, hv, rdtscp, rdpid, fsrm, gfni, avx512_bitalg, f16c, cet_ss, avx512_ifma
Processor Information for the first 24 processors :
  Max Mhz: 4400, Current Mhz: 4400, Mhz Limit: 4400

Memory: 4k page, system-wide physical 31848M (10470M free)
TotalPageFile size 40552M (AvailPageFile size 5879M)
current process WorkingSet (physical memory assigned to process): 8737M, peak: 10212M
current process commit charge ("private bytes"): 12416M, peak: 15275M

vm_info: OpenJDK 64-Bit Server VM (21.0.7+6-LTS) for windows-amd64 JRE (21.0.7+6-LTS), built on 2025-04-09T22:17:25Z by "MicrosoftCorporation" with unknown MS VC++:1939

END.
