#
# A fatal error has been detected by the Java Runtime Environment:
#
#  EXCEPTION_ACCESS_VIOLATION (0xc0000005) at pc=0x00007fff50d84cc0, pid=4784, tid=34704
#
# JRE version: OpenJDK Runtime Environment Microsoft-11369940 (21.0.7+6) (build 21.0.7+6-LTS)
# Java VM: OpenJDK 64-Bit Server VM Microsoft-11369940 (21.0.7+6-LTS, mixed mode, tiered, compressed class ptrs, z gc, windows-amd64)
# Problematic frame:
# C  [nvoglv64.dll+0xb64cc0]
#
# No core dump will be written. Minidumps are not enabled by default on client versions of Windows
#
# If you would like to submit a bug report, please visit:
#   https://aka.ms/minecraftjavacrashes
# The crash happened outside the Java Virtual Machine in native code.
# See problematic frame for where to report the bug.
#

---------------  S U M M A R Y ------------

Command Line: -XX:+UseZGC -XX:+ZGenerational -XX:HeapDumpPath=MojangTricksIntelDriversForPerformance_javaw.exe_minecraft.exe.heapdump -Xms16384m -Xmx16384m -Duser.language=en -Djava.library.path=C:/Users/justi/AppData/Roaming/PrismLauncher/instances/Optimized fps/natives org.prismlauncher.EntryPoint

Host: AMD Ryzen 9 9900X 12-Core Processor            , 24 cores, 31G,  Windows 11 , 64 bit Build 26100 (10.0.26100.8246)
Time: Fri Apr 24 23:19:31 2026 Pacific Daylight Time elapsed time: 272.137590 seconds (0d 0h 4m 32s)

---------------  T H R E A D  ---------------

Current thread (0x00000281865d3500):  JavaThread "Render thread"        [_thread_in_native, id=34704, stack(0x00000097c3700000,0x00000097c3800000) (1024K)]

Stack: [0x00000097c3700000,0x00000097c3800000],  sp=0x00000097c37fd6f8,  free space=1013k
Native frames: (J=compiled Java code, j=interpreted, Vv=VM code, C=native code)
C  [nvoglv64.dll+0xb64cc0]

Java frames: (J=compiled Java code, j=interpreted, Vv=VM code)
J 6225  org.lwjgl.opengl.GL11C.nglDrawElements(IIIJ)V org.lwjgl.opengl@3.3.3+5 (0 bytes) @ 0x00000281929cba9e [0x00000281929cba40+0x000000000000005e]
J 57250 c2 com.seibel.distanthorizons.common.render.openGl.terrain.GlDhTerrainShaderProgram_neoforge.render(Lcom/seibel/distanthorizons/core/render/RenderParams;ZLcom/seibel/distanthorizons/core/util/objects/SortedArraySet;Lcom/seibel/distanthorizons/core/wrapperInterfaces/minecraft/IProfilerWrapper;)V distanthorizons@3.0.1-b (406 bytes) @ 0x00000281955c7680 [0x00000281955c6d80+0x0000000000000900]
J 75102 c2 com.seibel.distanthorizons.core.render.renderer.LodRenderer.renderTerrain(Lcom/seibel/distanthorizons/core/render/RenderParams;Lcom/seibel/distanthorizons/core/wrapperInterfaces/minecraft/IProfilerWrapper;Z)V distanthorizons@3.0.1-b (711 bytes) @ 0x0000028194632414 [0x0000028194631d00+0x0000000000000714]
J 73733 c2 com.seibel.distanthorizons.core.api.internal.ClientApi.renderLodLayer(Z)V distanthorizons@3.0.1-b (799 bytes) @ 0x00000281957d1ce8 [0x00000281957d0f80+0x0000000000000d68]
J 67617 c2 net.minecraft.client.renderer.LevelRenderer.renderSectionLayer(Lnet/minecraft/client/renderer/RenderType;DDDLorg/joml/Matrix4f;Lorg/joml/Matrix4f;)V minecraft@1.21.1 (104 bytes) @ 0x00000281950a959c [0x00000281950a8e40+0x000000000000075c]
J 77313 c2 net.minecraft.client.renderer.LevelRenderer.renderLevel(Lnet/minecraft/client/DeltaTracker;ZLnet/minecraft/client/Camera;Lnet/minecraft/client/renderer/GameRenderer;Lnet/minecraft/client/renderer/LightTexture;Lorg/joml/Matrix4f;Lorg/joml/Matrix4f;)V minecraft@1.21.1 (3786 bytes) @ 0x000002819663f6bc [0x000002819663d680+0x000000000000203c]
J 71693 c1 net.minecraft.client.renderer.GameRenderer.renderLevel(Lnet/minecraft/client/DeltaTracker;)V minecraft@1.21.1 (808 bytes) @ 0x000002818acdfa2c [0x000002818acdbf60+0x0000000000003acc]
J 74986 c2 net.minecraft.client.renderer.GameRenderer.render(Lnet/minecraft/client/DeltaTracker;Z)V minecraft@1.21.1 (1231 bytes) @ 0x000002819414aa34 [0x000002819414a3c0+0x0000000000000674]
J 68213 c2 net.minecraft.client.Minecraft.runTick(Z)V minecraft@1.21.1 (1171 bytes) @ 0x0000028195ac3990 [0x0000028195ac0ae0+0x0000000000002eb0]
j  net.minecraft.client.Minecraft.run()V+102 minecraft@1.21.1
j  net.minecraft.client.main.Main.main([Ljava/lang/String;)V+1611 minecraft@1.21.1
j  java.lang.invoke.LambdaForm$DMH+0x0000000080004000.invokeStatic(Ljava/lang/Object;Ljava/lang/Object;)V+10 java.base@21.0.7
j  java.lang.invoke.LambdaForm$MH+0x000000008010a000.invoke(Ljava/lang/Object;Ljava/lang/Object;Ljava/lang/Object;)Ljava/lang/Object;+33 java.base@21.0.7
J 10415 c1 jdk.internal.reflect.DirectMethodHandleAccessor.invoke(Ljava/lang/Object;[Ljava/lang/Object;)Ljava/lang/Object; java.base@21.0.7 (92 bytes) @ 0x000002818ba6f30c [0x000002818ba6dd20+0x00000000000015ec]
J 10768 c1 java.lang.reflect.Method.invoke(Ljava/lang/Object;[Ljava/lang/Object;)Ljava/lang/Object; java.base@21.0.7 (108 bytes) @ 0x000002818bb2af54 [0x000002818bb2aa40+0x0000000000000514]
j  net.neoforged.fml.loading.targets.CommonLaunchHandler.runTarget(Ljava/lang/String;[Ljava/lang/String;Ljava/lang/ModuleLayer;)V+42 fml_loader@4.0.42
j  net.neoforged.fml.loading.targets.CommonLaunchHandler.clientService([Ljava/lang/String;Ljava/lang/ModuleLayer;)V+6 fml_loader@4.0.42
j  net.neoforged.fml.loading.targets.CommonClientLaunchHandler.runService([Ljava/lang/String;Ljava/lang/ModuleLayer;)V+3 fml_loader@4.0.42
j  net.neoforged.fml.loading.targets.CommonLaunchHandler.lambda$launchService$4([Ljava/lang/String;Ljava/lang/ModuleLayer;)V+3 fml_loader@4.0.42
j  net.neoforged.fml.loading.targets.CommonLaunchHandler$$Lambda+0x000000008061ee30.run()V+12 fml_loader@4.0.42
j  cpw.mods.modlauncher.LaunchServiceHandlerDecorator.launch([Ljava/lang/String;Ljava/lang/ModuleLayer;)V+11 cpw.mods.modlauncher@11.0.5
j  cpw.mods.modlauncher.LaunchServiceHandler.launch(Ljava/lang/String;[Ljava/lang/String;Ljava/lang/ModuleLayer;Lcpw/mods/modlauncher/TransformingClassLoader;Lcpw/mods/modlauncher/LaunchPluginHandler;)V+58 cpw.mods.modlauncher@11.0.5
j  cpw.mods.modlauncher.LaunchServiceHandler.launch(Lcpw/mods/modlauncher/ArgumentHandler;Ljava/lang/ModuleLayer;Lcpw/mods/modlauncher/TransformingClassLoader;Lcpw/mods/modlauncher/LaunchPluginHandler;)V+21 cpw.mods.modlauncher@11.0.5
j  cpw.mods.modlauncher.Launcher.run([Ljava/lang/String;)V+288 cpw.mods.modlauncher@11.0.5
j  cpw.mods.modlauncher.Launcher.main([Ljava/lang/String;)V+123 cpw.mods.modlauncher@11.0.5
j  cpw.mods.modlauncher.BootstrapLaunchConsumer.accept([Ljava/lang/String;)V+1 cpw.mods.modlauncher@11.0.5
j  cpw.mods.modlauncher.BootstrapLaunchConsumer.accept(Ljava/lang/Object;)V+5 cpw.mods.modlauncher@11.0.5
j  cpw.mods.bootstraplauncher.BootstrapLauncher.run(Z[Ljava/lang/String;)V+703 cpw.mods.bootstraplauncher@2.0.2
j  cpw.mods.bootstraplauncher.BootstrapLauncher.main([Ljava/lang/String;)V+2 cpw.mods.bootstraplauncher@2.0.2
j  java.lang.invoke.LambdaForm$DMH+0x0000000080004000.invokeStatic(Ljava/lang/Object;Ljava/lang/Object;)V+10 java.base@21.0.7
j  java.lang.invoke.LambdaForm$MH+0x000000008010a000.invoke(Ljava/lang/Object;Ljava/lang/Object;Ljava/lang/Object;)Ljava/lang/Object;+33 java.base@21.0.7
J 1068 c1 java.lang.invoke.Invokers$Holder.invokeExact_MT(Ljava/lang/Object;Ljava/lang/Object;Ljava/lang/Object;Ljava/lang/Object;)Ljava/lang/Object; java.base@21.0.7 (24 bytes) @ 0x000002818ab8ebec [0x000002818ab8e5c0+0x000000000000062c]
j  jdk.internal.reflect.DirectMethodHandleAccessor.invokeImpl(Ljava/lang/Object;[Ljava/lang/Object;)Ljava/lang/Object;+55 java.base@21.0.7
j  jdk.internal.reflect.DirectMethodHandleAccessor.invoke(Ljava/lang/Object;[Ljava/lang/Object;)Ljava/lang/Object;+23 java.base@21.0.7
j  java.lang.reflect.Method.invoke(Ljava/lang/Object;[Ljava/lang/Object;)Ljava/lang/Object;+102 java.base@21.0.7
j  io.github.zekerzhayard.forgewrapper.installer.Main.main([Ljava/lang/String;)V+569
j  java.lang.invoke.LambdaForm$DMH+0x0000000080004400.invokeStaticInit(Ljava/lang/Object;Ljava/lang/Object;)V+10 java.base@21.0.7
j  java.lang.invoke.LambdaForm$MH+0x0000000080004c00.invokeExact_MT(Ljava/lang/Object;Ljava/lang/Object;Ljava/lang/Object;)V+19 java.base@21.0.7
j  org.prismlauncher.launcher.impl.StandardLauncher.launch()V+253
j  org.prismlauncher.EntryPoint.listen()Lorg/prismlauncher/EntryPoint$ExitCode;+344
j  org.prismlauncher.EntryPoint.main([Ljava/lang/String;)V+0
v  ~StubRoutines::call_stub 0x0000028191e010d9

siginfo: EXCEPTION_ACCESS_VIOLATION (0xc0000005), reading address 0x0000000000000000


Registers:
RAX=0x0000000000000000, RBX=0x0000000000000000, RCX=0x00000285aee50000, RDX=0x0000000000000004
RSP=0x00000097c37fd6f8, RBP=0x0000000000000001, RSI=0x0000000000003b4c, RDI=0x000002864f08d318
R8 =0x0000000000000010, R9 =0x0000000000003b4c, R10=0x0000000000000010, R11=0x0000000000000010
R12=0x00000285aee50000, R13=0x0000000000000000, R14=0x0000000000000001, R15=0x00000285af847908
RIP=0x00007fff50d84cc0, EFLAGS=0x0000000000010202

XMM[0]=0x0000000000000000 0x0000000000000003
XMM[1]=0x0000000000000000 0x0000000000000000
XMM[2]=0x0000000000000000 0x0000000000000000
XMM[3]=0x0000000000000000 0x0000000000000000
XMM[4]=0x0000000000000000 0x0000000000000000
XMM[5]=0x0000000000000000 0x0000000000000000
XMM[6]=0x0000000000000000 0x0000000000000000
XMM[7]=0x0000000000000000 0x000000003f39d518
XMM[8]=0x0000000000000000 0x00000000bed48dcb
XMM[9]=0x0000000000000000 0x0000000080000000
XMM[10]=0x0000000000000000 0x0000000080000000
XMM[11]=0x0000000000000000 0x000000003f5e39b5
XMM[12]=0x0000000000000000 0x0000000080000000
XMM[13]=0x0000000000000000 0x0000000000000000
XMM[14]=0x0000000000000000 0x000000003efe2e12
XMM[15]=0x0000000000000000 0x0000000080000000
  MXCSR=0x00001fb7


Register to memory mapping:

RAX=0x0 is null
RBX=0x0 is null
RCX=0x00000285aee50000 points into unknown readable memory: 0x3100000000000180 | 80 01 00 00 00 00 00 31
RDX=0x0000000000000004 is an unknown value
RSP=0x00000097c37fd6f8 is pointing into the stack for thread: 0x00000281865d3500
RBP=0x0000000000000001 is an unknown value
RSI=0x0000000000003b4c is an unknown value
RDI=0x000002864f08d318 points into unknown readable memory: 0x0000000000000000 | 00 00 00 00 00 00 00 00
R8 =0x0000000000000010 is an unknown value
R9 =0x0000000000003b4c is an unknown value
R10=0x0000000000000010 is an unknown value
R11=0x0000000000000010 is an unknown value
R12=0x00000285aee50000 points into unknown readable memory: 0x3100000000000180 | 80 01 00 00 00 00 00 31
R13=0x0 is null
R14=0x0000000000000001 is an unknown value
R15=0x00000285af847908 points into unknown readable memory: 0x0000000000000000 | 00 00 00 00 00 00 00 00

Top of Stack: (sp=0x00000097c37fd6f8)
0x00000097c37fd6f8:   00007fff50e310e4 0000000000000000
0x00000097c37fd708:   00007fff50220000 000000000004a1f0
0x00000097c37fd718:   00000285a5ceac30 00007fff51cc9228
0x00000097c37fd728:   00007fff50cade5e 0000000000000003
0x00000097c37fd738:   0000000100000001 000000000469a1f0
0x00000097c37fd748:   00007fff5296d870 00000285a5cf2760
0x00000097c37fd758:   10c0000000000000 000002864f08d318
0x00000097c37fd768:   00007fff50cadabe 0000000000000000
0x00000097c37fd778:   0000000000000000 0000000000003b4c
0x00000097c37fd788:   00000285a5ceac30 000002864f08d318
0x00000097c37fd798:   000002859bf00000 00000000000058f2
0x00000097c37fd7a8:   00000000000058f2 0000000000001405
0x00000097c37fd7b8:   00007fff50e22593 000002859bf00000
0x00000097c37fd7c8:   0000000000000000 0000000000003b4c
0x00000097c37fd7d8:   0000028500000000 0000009700001400
0x00000097c37fd7e8:   0000000000000000 00000097c37fd800
0x00000097c37fd7f8:   00000097c37fd804 00003b4c00000000
0x00000097c37fd808:   000000000000089d 00000097c37fd8b0
0x00000097c37fd818:   ffff809871b2d3c8 000002864f08d318
0x00000097c37fd828:   0000000000000000 00000000ffffffff
0x00000097c37fd838:   00000285a5ceac30 00000401eb95a700
0x00000097c37fd848:   0000000000000004 000002859bf00000
0x00000097c37fd858:   00007fff50e23a7a 0000000000000000
0x00000097c37fd868:   0000000000000004 0000000000000000
0x00000097c37fd878:   0000000000000000 00000286000058f2
0x00000097c37fd888:   00007fff00001405 0000000000000000
0x00000097c37fd898:   0000000000000000 0000000000000000
0x00000097c37fd8a8:   00000001506df50d 000000000000089d
0x00000097c37fd8b8:   00c0000000000000 00007fff50876250
0x00000097c37fd8c8:   0000000000000010 00000000000058f2
0x00000097c37fd8d8:   00007fff50df7956 000002859bf00000
0x00000097c37fd8e8:   00000285a7054a50 00000285a5ceac30 

Instructions: (pc=0x00007fff50d84cc0)
0x00007fff50d84bc0:   0f b7 42 fc 89 01 0f b7 42 fe 89 41 04 0f b7 02
0x00007fff50d84bd0:   49 03 d2 89 41 08 48 83 c1 0c 41 83 e9 01 75 e0
0x00007fff50d84be0:   48 8b c1 c3 cc cc cc cc cc cc cc cc cc cc cc cc
0x00007fff50d84bf0:   4d 63 d0 48 83 c2 02 66 0f 1f 84 00 00 00 00 00
0x00007fff50d84c00:   0f be 42 fe 89 01 0f be 42 ff 89 41 04 0f be 02
0x00007fff50d84c10:   89 41 08 0f be 42 01 49 03 d2 89 41 0c 48 83 c1
0x00007fff50d84c20:   10 41 83 e9 01 75 d9 48 8b c1 c3 cc cc cc cc cc
0x00007fff50d84c30:   4d 63 d0 48 83 c2 02 66 0f 1f 84 00 00 00 00 00
0x00007fff50d84c40:   0f b6 42 fe 89 01 0f b6 42 ff 89 41 04 0f b6 02
0x00007fff50d84c50:   89 41 08 0f b6 42 01 49 03 d2 89 41 0c 48 83 c1
0x00007fff50d84c60:   10 41 83 e9 01 75 d9 48 8b c1 c3 cc cc cc cc cc
0x00007fff50d84c70:   4d 63 d0 48 83 c2 04 66 0f 1f 84 00 00 00 00 00
0x00007fff50d84c80:   0f bf 42 fc 89 01 0f bf 42 fe 89 41 04 0f bf 02
0x00007fff50d84c90:   89 41 08 0f bf 42 02 49 03 d2 89 41 0c 48 83 c1
0x00007fff50d84ca0:   10 41 83 e9 01 75 d9 48 8b c1 c3 cc cc cc cc cc
0x00007fff50d84cb0:   4d 63 d0 48 83 c2 04 66 0f 1f 84 00 00 00 00 00
0x00007fff50d84cc0:   0f b7 42 fc 89 01 0f b7 42 fe 89 41 04 0f b7 02
0x00007fff50d84cd0:   89 41 08 0f b7 42 02 49 03 d2 89 41 0c 48 83 c1
0x00007fff50d84ce0:   10 41 83 e9 01 75 d9 48 8b c1 c3 cc cc cc cc cc
0x00007fff50d84cf0:   4d 63 d0 8b 02 0f 57 c0 49 03 d2 f3 48 0f 2a c0
0x00007fff50d84d00:   f3 0f 11 01 48 83 c1 04 41 83 e9 01 75 e5 48 8b
0x00007fff50d84d10:   c1 c3 cc cc cc cc cc cc cc cc cc cc cc cc cc cc
0x00007fff50d84d20:   4d 63 d0 8b 02 0f 57 c0 0f 57 c9 f3 48 0f 2a c0
0x00007fff50d84d30:   f3 0f 11 01 8b 42 04 49 03 d2 f3 48 0f 2a c8 f3
0x00007fff50d84d40:   0f 11 49 04 48 83 c1 08 41 83 e9 01 75 d5 48 8b
0x00007fff50d84d50:   c1 c3 cc cc cc cc cc cc cc cc cc cc cc cc cc cc
0x00007fff50d84d60:   4d 63 d0 48 83 c2 08 66 0f 1f 84 00 00 00 00 00
0x00007fff50d84d70:   8b 42 f8 0f 57 c0 0f 57 c9 f3 48 0f 2a c0 f3 0f
0x00007fff50d84d80:   11 01 0f 57 c0 8b 42 fc f3 48 0f 2a c8 f3 0f 11
0x00007fff50d84d90:   49 04 8b 02 49 03 d2 f3 48 0f 2a c0 f3 0f 11 41
0x00007fff50d84da0:   08 48 83 c1 0c 41 83 e9 01 75 c5 48 8b c1 c3 cc
0x00007fff50d84db0:   4d 63 d0 48 83 c2 08 66 0f 1f 84 00 00 00 00 00 


Stack slot to memory mapping:

stack at sp + 0 slots: 0x00007fff50e310e4 nvoglv64.dll
stack at sp + 1 slots: 0x0 is null
stack at sp + 2 slots: 0x00007fff50220000 nvoglv64.dll
stack at sp + 3 slots: 0x000000000004a1f0 is an unknown value
stack at sp + 4 slots: 0x00000285a5ceac30 points into unknown readable memory: 0x0000000000002000 | 00 20 00 00 00 00 00 00
stack at sp + 5 slots: 0x00007fff51cc9228 nvoglv64.dll
stack at sp + 6 slots: 0x00007fff50cade5e nvoglv64.dll
stack at sp + 7 slots: 0x0000000000000003 is an unknown value


Compiled method (n/a) 272262 6225     n 0       org.lwjgl.opengl.GL11C::nglDrawElements (native)
 total in heap  [0x00000281929cb890,0x00000281929cbc60] = 976
 relocation     [0x00000281929cb9f0,0x00000281929cba28] = 56
 main code      [0x00000281929cba40,0x00000281929cbc57] = 535
 stub code      [0x00000281929cbc57,0x00000281929cbc58] = 1
 oops           [0x00000281929cbc58,0x00000281929cbc60] = 8

[Constant Pool (empty)]

[MachCode]
[Entry Point]
  # {method} {0x000002859dc4dcb8} 'nglDrawElements' '(IIIJ)V' in 'org/lwjgl/opengl/GL11C'
  # parm0:    rdx       = int
  # parm1:    r8        = int
  # parm2:    r9        = int
  # parm3:    rdi:rdi   = long
  #           [sp+0x80]  (sp of caller)
  0x00000281929cba40: 448b 5208 | 493b c20f | 840b 0000 

  0x00000281929cba4c: ;   {runtime_call ic_miss_stub}
  0x00000281929cba4c: 00e9 2e2c | 48ff 660f | 1f44 0000 
[Verified Entry Point]
  0x00000281929cba58: 8984 2400 | 80ff ff55 | 488b ec48 | 83ec 7090 | 4181 7f58 | 2016 0000 

  0x00000281929cba70: ;   {runtime_call StubRoutines (final stubs)}
  0x00000281929cba70: 7405 e829 | 3947 ff48 | 897c 2428 | 4c89 4c24 | 204d 8bc8 

  0x00000281929cba84: ;   {oop(a 'java/lang/Class'{0x00000401c8238ac8} = 'org/lwjgl/opengl/GL11C')}
  0x00000281929cba84: 4c8b c249 | bec8 8a23 | c801 0400 | 004c 8974 | 2460 4c8d | 7424 6049 | 8bd6 c5f8 

  0x00000281929cbaa0: ;   {internal_word}
  0x00000281929cbaa0: 7749 ba9e | ba9c 9281 | 0200 004d | 8997 a003 | 0000 4989 | a798 0300 

  0x00000281929cbab8: ;   {external_word}
  0x00000281929cbab8: 0049 ba2f | dc2d 2bff | 7f00 0041 | 803a 000f | 844e 0000 | 0052 4150 

  0x00000281929cbad0: ;   {metadata({method} {0x000002859dc4dcb8} 'nglDrawElements' '(IIIJ)V' in 'org/lwjgl/opengl/GL11C')}
  0x00000281929cbad0: 4151 48ba | b0dc c49d | 8502 0000 | 498b cf48 | 83ec 2040 | f6c4 0f0f | 8419 0000 | 0048 83ec 
  0x00000281929cbaf0: ;   {runtime_call}
  0x00000281929cbaf0: 0848 b830 | bbd7 2aff | 7f00 00ff | d048 83c4 | 08e9 0c00 

  0x00000281929cbb04: ;   {runtime_call}
  0x00000281929cbb04: 0000 48b8 | 30bb d72a | ff7f 0000 | ffd0 4883 | c420 4159 | 4158 5a49 | 8d8f b803 | 0000 41c7 
  0x00000281929cbb24: 8744 0400 | 0004 0000 

  0x00000281929cbb2c: ;   {runtime_call}
  0x00000281929cbb2c: 0048 b8e0 | c6b9 0af8 | 7f00 00ff | d0c5 f877 | 41c7 8744 | 0400 0005 | 0000 00f0 | 8344 24c0 
  0x00000281929cbb4c: 0049 3baf | 4804 0000 | 0f87 0e00 | 0000 4183 | bf40 0400 | 0000 0f84 | 2000 0000 | c5f8 7749 
  0x00000281929cbb6c: 8bcf 4c8b | e448 83ec | 2048 83e4 

  0x00000281929cbb78: ;   {runtime_call}
  0x00000281929cbb78: f048 b8f0 | 27a3 2aff | 7f00 00ff | d049 8be4 | 41c7 8744 | 0400 0008 | 0000 0041 | 83bf c004 
  0x00000281929cbb98: 0000 020f | 8494 0000 

  0x00000281929cbba0: ;   {external_word}
  0x00000281929cbba0: 0049 ba2f | dc2d 2bff | 7f00 0041 | 803a 000f | 8444 0000 

  0x00000281929cbbb4: ;   {metadata({method} {0x000002859dc4dcb8} 'nglDrawElements' '(IIIJ)V' in 'org/lwjgl/opengl/GL11C')}
  0x00000281929cbbb4: 0048 bab0 | dcc4 9d85 | 0200 0049 | 8bcf 4883 | ec20 40f6 | c40f 0f84 | 1900 0000 | 4883 ec08 
  0x00000281929cbbd4: ;   {runtime_call}
  0x00000281929cbbd4: 48b8 30bb | d72a ff7f | 0000 ffd0 | 4883 c408 | e90c 0000 

  0x00000281929cbbe8: ;   {runtime_call}
  0x00000281929cbbe8: 0048 b830 | bbd7 2aff | 7f00 00ff | d048 83c4 | 2049 c787 | 9803 0000 | 0000 0000 | 49c7 87a0 
  0x00000281929cbc08: 0300 0000 | 0000 00c5 | f877 498b | 8f28 0400 | 00c7 8100 | 0100 0000 | 0000 00c9 | 4983 7f08 
  0x00000281929cbc28: 000f 8501 | 0000 00c3 

  0x00000281929cbc30: ;   {runtime_call StubRoutines (initial stubs)}
  0x00000281929cbc30: e9cb 5243 | ffc5 f877 | 4c8b e448 | 83ec 2048 

  0x00000281929cbc40: ;   {runtime_call}
  0x00000281929cbc40: 83e4 f048 | b800 f3d7 | 2aff 7f00 | 00ff d049 | 8be4 e94a | ffff fff4 
[/MachCode]


Compiled method (c2) 272274 57250       4       com.seibel.distanthorizons.common.render.openGl.terrain.GlDhTerrainShaderProgram_neoforge::render (406 bytes)
 total in heap  [0x00000281955c6910,0x00000281955c9b38] = 12840
 relocation     [0x00000281955c6a70,0x00000281955c6d60] = 752
 constants      [0x00000281955c6d60,0x00000281955c6d80] = 32
 main code      [0x00000281955c6d80,0x00000281955c8638] = 6328
 stub code      [0x00000281955c8638,0x00000281955c8720] = 232
 oops           [0x00000281955c8720,0x00000281955c8740] = 32
 metadata       [0x00000281955c8740,0x00000281955c89b0] = 624
 scopes data    [0x00000281955c89b0,0x00000281955c9288] = 2264
 scopes pcs     [0x00000281955c9288,0x00000281955c9778] = 1264
 dependencies   [0x00000281955c9778,0x00000281955c9810] = 152
 handler table  [0x00000281955c9810,0x00000281955c9a80] = 624
 nul chk table  [0x00000281955c9a80,0x00000281955c9b38] = 184


[Constant Pool]
             Address          hex4                    hex8      
  0x00000281955c6d60:   0x00000000      0x3ff8000000000000      
  0x00000281955c6d64:   0x3ff80000                              
  0x00000281955c6d68:   0xf4f4f4f4      0xf4f4f4f4f4f4f4f4      
  0x00000281955c6d6c:   0xf4f4f4f4                              
  0x00000281955c6d70:   0xf4f4f4f4      0xf4f4f4f4f4f4f4f4      
  0x00000281955c6d74:   0xf4f4f4f4                              
  0x00000281955c6d78:   0xf4f4f4f4      0xf4f4f4f4f4f4f4f4      
  0x00000281955c6d7c:   0xf4f4f4f4                              

[MachCode]
[Entry Point]
  # {method} {0x000002866079a008} 'render' '(Lcom/seibel/distanthorizons/core/render/RenderParams;ZLcom/seibel/distanthorizons/core/util/objects/SortedArraySet;Lcom/seibel/distanthorizons/core/wrapperInterfaces/minecraft/IProfilerWrapper;)V' in 'com/seibel/distanthorizons/common/render/openGl/terrain/GlDhTerrainShaderProgram_neoforge'
  # this:     rdx:rdx   = 'com/seibel/distanthorizons/common/render/openGl/terrain/GlDhTerrainShaderProgram_neoforge'
  # parm0:    r8:r8     = 'com/seibel/distanthorizons/core/render/RenderParams'
  # parm1:    r9        = boolean
  # parm2:    rdi:rdi   = 'com/seibel/distanthorizons/core/util/objects/SortedArraySet'
  # parm3:    rsi:rsi   = 'com/seibel/distanthorizons/core/wrapperInterfaces/minecraft/IProfilerWrapper'
  #           [sp+0x60]  (sp of caller)
  0x00000281955c6d80: ;   {no_reloc}
  0x00000281955c6d80: 448b 5208 

  0x00000281955c6d84: ;   {runtime_call ic_miss_stub}
  0x00000281955c6d84: 493b c20f | 85f3 7888 | fc66 6690 
[Verified Entry Point]
  0x00000281955c6d90: 8984 2400 | 80ff ff55 | 4883 ec50 | 4181 7f58 | 2016 0000 | 0f85 8418 | 0000 4889 | 7c24 1044 
  0x00000281955c6db0: 894c 2408 | 4c89 0424 

  0x00000281955c6db8: ;   {oop(a 'java/lang/Class'{0x00000400bf35f730} = 'com/seibel/distanthorizons/core/config/Config$Client$Advanced$Debugging')}
  0x00000281955c6db8: 49ba 30f7 | 35bf 0004 | 0000 4d8b | 9ae0 0000 

  0x00000281955c6dc8: ;   {other}
  0x00000281955c6dc8: 0049 c1eb | 0d0f 8700 | 1000 0041 | 0fb6 6b0d | 85ed 0f84 | 380c 0000 | 498b 6b68 

  0x00000281955c6de4: ;   {other}
  0x00000281955c6de4: 48c1 ed0d | 0f87 3310 | 0000 4885 | ed0f 8539 | 0c00 0049 

  0x00000281955c6df8: ;   {other}
  0x00000281955c6df8: 8b6b 2848 | c1ed 0d0f | 8764 1000 | 0044 8b5d 

  0x00000281955c6e08: ;   {metadata('java/lang/Boolean')}
  0x00000281955c6e08: 0841 81fb | d073 0580 | 0f85 e20c | 0000 0fb6 | 6d0c 85ed | 0f85 260c | 0000 ba08 | 0400 004d 
  0x00000281955c6e28: 8b97 8003 | 0000 41b8 | 021b 0000 

  0x00000281955c6e34: ;   {other}
  0x00000281955c6e34: 498b 2a48 | c1ed 0d0f | 8770 1000 

  0x00000281955c6e40: ;   {static_call}
  0x00000281955c6e40: 0066 90e8 

  0x00000281955c6e44: ; ImmutableOopMap {rbp=Oop [0]=Oop [16]=Oop }
                      ;*invokestatic glPolygonMode {reexecute=0 rethrow=0 return_oop=0}
                      ; - org.lwjgl.opengl.GL11::glPolygonMode@2 (line 4987)
                      ; - com.seibel.distanthorizons.common.render.openGl.terrain.GlDhTerrainShaderProgram_neoforge::render@43 (line 276)
  0x00000281955c6e44: 903f 02ff 

  0x00000281955c6e48: ;   {other}
  0x00000281955c6e48: 0f1f 8400 | 3805 0000 | ba44 0b00 

  0x00000281955c6e54: ;   {static_call}
  0x00000281955c6e54: 0066 90e8 

  0x00000281955c6e58: ; ImmutableOopMap {rbp=Oop [0]=Oop [16]=Oop }
                      ;*invokestatic glEnable {reexecute=0 rethrow=0 return_oop=0}
                      ; - org.lwjgl.opengl.GL11::glEnable@1 (line 724)
                      ; - com.seibel.distanthorizons.common.wrappers.minecraft.MinecraftGLWrapper::enableFaceCulling@3 (line 192)
                      ; - com.seibel.distanthorizons.common.render.openGl.terrain.GlDhTerrainShaderProgram_neoforge::render@49 (line 277)
  0x00000281955c6e58: fc66 aefd 

  0x00000281955c6e5c: ;   {other}
  0x00000281955c6e5c: 0f1f 8400 | 4c05 0001 

  0x00000281955c6e64: ;   {oop(a 'java/lang/Class'{0x0000040192a55d08} = 'com/mojang/blaze3d/systems/RenderSystem')}
  0x00000281955c6e64: 49bb 085d | a592 0104 | 0000 4d8b | 93d0 0000 

  0x00000281955c6e74: ;   {other}
  0x00000281955c6e74: 0049 c1ea | 0d0f 8778 | 1000 0049 | 3bea 0f85 | 1c0a 0000 

  0x00000281955c6e88: ;   {oop(a 'com/mojang/blaze3d/platform/GlStateManager$CullState'{0x0000040118f85fc8})}
  0x00000281955c6e88: 49ba c85f | f818 0104 | 0000 4d8b 

  0x00000281955c6e94: ;   {other}
  0x00000281955c6e94: 5a10 49c1 | eb0d 0f87 | 9110 0000 

  0x00000281955c6ea0: ; implicit exception: dispatches to 0x00000281955c7ce0
  0x00000281955c6ea0: 450f b643 | 1041 83f8 | 0174 1941 | c643 1001 | 418b 530c 

  0x00000281955c6eb4: ;   {static_call}
  0x00000281955c6eb4: 6666 90e8 

  0x00000281955c6eb8: ; ImmutableOopMap {rbp=Oop [0]=Oop [16]=Oop }
                      ;*invokestatic glEnable {reexecute=0 rethrow=0 return_oop=0}
                      ; - org.lwjgl.opengl.GL11::glEnable@1 (line 724)
                      ; - com.mojang.blaze3d.platform.GlStateManager$BooleanState::setEnabled@24 (line 777)
                      ; - com.mojang.blaze3d.platform.GlStateManager$BooleanState::enable@2 (line 769)
                      ; - com.mojang.blaze3d.platform.GlStateManager::_enableCull@9 (line 438)
                      ; - com.seibel.distanthorizons.common.wrappers.minecraft.MinecraftGLWrapper::enableFaceCulling@6 (line 193)
                      ; - com.seibel.distanthorizons.common.render.openGl.terrain.GlDhTerrainShaderProgram_neoforge::render@49 (line 277)
  0x00000281955c6eb8: c486 88fc 

  0x00000281955c6ebc: ;   {other}
  0x00000281955c6ebc: 0f1f 8400 | ac05 0002 | bae2 0b00 | 0044 8b5c | 2408 4585 | db0f 84b9 | 0000 0048 | 896c 2408 
  0x00000281955c6edc: ;   {static_call}
  0x00000281955c6edc: 418b ebe8 

  0x00000281955c6ee0: ; ImmutableOopMap {[0]=Oop [8]=Oop [16]=Oop }
                      ;*invokestatic glDisable {reexecute=0 rethrow=0 return_oop=0}
                      ; - org.lwjgl.opengl.GL11::glDisable@1 (line 737)
                      ; - com.seibel.distanthorizons.common.wrappers.minecraft.MinecraftGLWrapper::disableBlend@3 (line 137)
                      ; - com.seibel.distanthorizons.common.render.openGl.terrain.GlDhTerrainShaderProgram_neoforge::render@96 (line 289)
  0x00000281955c6ee0: 7467 5cfd 

  0x00000281955c6ee4: ;   {other}
  0x00000281955c6ee4: 0f1f 8400 | d405 0003 

  0x00000281955c6eec: ;   {oop(a 'java/lang/Class'{0x0000040192a55d08} = 'com/mojang/blaze3d/systems/RenderSystem')}
  0x00000281955c6eec: 49bb 085d | a592 0104 | 0000 4d8b | 93d0 0000 

  0x00000281955c6efc: ;   {other}
  0x00000281955c6efc: 0049 c1ea | 0d0f 875e | 1000 004c | 8b5c 2408 | 4d3b da0f | 85ab 0a00 

  0x00000281955c6f14: ;   {oop(a 'com/mojang/blaze3d/platform/GlStateManager$BlendState'{0x0000040118f85230})}
  0x00000281955c6f14: 0049 bb30 | 52f8 1801 | 0400 004d 

  0x00000281955c6f20: ;   {other}
  0x00000281955c6f20: 8b53 2049 | c1ea 0d0f | 8772 1000 | 0045 0fb6 | 5a10 4585 | db74 1941 | c642 1000 | 418b 520c 
  0x00000281955c6f40: ;   {static_call}
  0x00000281955c6f40: 6666 90e8 

  0x00000281955c6f44: ; ImmutableOopMap {[0]=Oop [16]=Oop }
                      ;*invokestatic glDisable {reexecute=0 rethrow=0 return_oop=0}
                      ; - org.lwjgl.opengl.GL11::glDisable@1 (line 737)
                      ; - com.mojang.blaze3d.platform.GlStateManager$BooleanState::setEnabled@34 (line 779)
                      ; - com.mojang.blaze3d.platform.GlStateManager$BooleanState::disable@2 (line 765)
                      ; - com.mojang.blaze3d.platform.GlStateManager::_disableBlend@9 (line 91)
                      ; - com.seibel.distanthorizons.common.wrappers.minecraft.MinecraftGLWrapper::disableBlend@6 (line 138)
                      ; - com.seibel.distanthorizons.common.render.openGl.terrain.GlDhTerrainShaderProgram_neoforge::render@96 (line 289)
  0x00000281955c6f44: 3886 88fc 

  0x00000281955c6f48: ;   {other}
  0x00000281955c6f48: 0f1f 8400 | 3806 0004 | 448b d548 | 8b4c 2410 | 4885 c90f | 84fb 0a00 | 004c 8b41 

  0x00000281955c6f64: ;   {other}
  0x00000281955c6f64: 1049 c1e8 | 0d0f 8764 | 1000 0041 | 8b68 1085 | ed0f 8e68 | 0500 004c | 8b24 244d | 85e4 0f84 
  0x00000281955c6f84: 4409 0000 | 4533 dbe9 | 0502 0000 

  0x00000281955c6f90: ;   {static_call}
  0x00000281955c6f90: 6666 90e8 

  0x00000281955c6f94: ; ImmutableOopMap {rbp=Oop [0]=Oop [16]=Oop }
                      ;*invokestatic glEnable {reexecute=0 rethrow=0 return_oop=0}
                      ; - org.lwjgl.opengl.GL11::glEnable@1 (line 724)
                      ; - com.seibel.distanthorizons.common.wrappers.minecraft.MinecraftGLWrapper::enableBlend@3 (line 131)
                      ; - com.seibel.distanthorizons.common.render.openGl.terrain.GlDhTerrainShaderProgram_neoforge::render@59 (line 282)
  0x00000281955c6f94: c065 aefd 

  0x00000281955c6f98: ;   {other}
  0x00000281955c6f98: 0f1f 8400 | 8806 0005 

  0x00000281955c6fa0: ;   {oop(a 'java/lang/Class'{0x0000040192a55d08} = 'com/mojang/blaze3d/systems/RenderSystem')}
  0x00000281955c6fa0: 49bb 085d | a592 0104 | 0000 4d8b | 93d0 0000 

  0x00000281955c6fb0: ;   {other}
  0x00000281955c6fb0: 0049 c1ea | 0d0f 8756 | 1000 0049 | 3bea 0f85 | e409 0000 

  0x00000281955c6fc4: ;   {oop(a 'com/mojang/blaze3d/platform/GlStateManager$BlendState'{0x0000040118f85230})}
  0x00000281955c6fc4: 49bb 3052 | f818 0104 | 0000 4d8b 

  0x00000281955c6fd0: ;   {other}
  0x00000281955c6fd0: 5320 49c1 | ea0d 0f87 | 6f10 0000 

  0x00000281955c6fdc: ; implicit exception: dispatches to 0x00000281955c7d9c
  0x00000281955c6fdc: 450f b65a | 1041 83fb | 0174 1941 | c642 1001 | 418b 520c 

  0x00000281955c6ff0: ;   {static_call}
  0x00000281955c6ff0: 6666 90e8 

  0x00000281955c6ff4: ; ImmutableOopMap {rbp=Oop [0]=Oop [16]=Oop }
                      ;*invokestatic glEnable {reexecute=0 rethrow=0 return_oop=0}
                      ; - org.lwjgl.opengl.GL11::glEnable@1 (line 724)
                      ; - com.mojang.blaze3d.platform.GlStateManager$BooleanState::setEnabled@24 (line 777)
                      ; - com.mojang.blaze3d.platform.GlStateManager$BooleanState::enable@2 (line 769)
                      ; - com.mojang.blaze3d.platform.GlStateManager::_enableBlend@9 (line 96)
                      ; - com.seibel.distanthorizons.common.wrappers.minecraft.MinecraftGLWrapper::enableBlend@6 (line 132)
                      ; - com.seibel.distanthorizons.common.render.openGl.terrain.GlDhTerrainShaderProgram_neoforge::render@59 (line 282)
  0x00000281955c6ff4: 8885 88fc 

  0x00000281955c6ff8: ;   {other}
  0x00000281955c6ff8: 0f1f 8400 | e806 0006 | ba71 0b00 

  0x00000281955c7004: ;   {static_call}
  0x00000281955c7004: 0066 90e8 

  0x00000281955c7008: ; ImmutableOopMap {rbp=Oop [0]=Oop [16]=Oop }
                      ;*invokestatic glEnable {reexecute=0 rethrow=0 return_oop=0}
                      ; - org.lwjgl.opengl.GL11::glEnable@1 (line 724)
                      ; - com.seibel.distanthorizons.common.wrappers.minecraft.MinecraftGLWrapper::enableDepthTest@3 (line 95)
                      ; - com.seibel.distanthorizons.common.render.openGl.terrain.GlDhTerrainShaderProgram_neoforge::render@65 (line 283)
  0x00000281955c7008: 4c65 aefd 

  0x00000281955c700c: ;   {other}
  0x00000281955c700c: 0f1f 8400 | fc06 0007 

  0x00000281955c7014: ;   {oop(a 'java/lang/Class'{0x0000040192a55d08} = 'com/mojang/blaze3d/systems/RenderSystem')}
  0x00000281955c7014: 49ba 085d | a592 0104 | 0000 450f | b692 9401 

  0x00000281955c7024: ;   {oop(a 'java/lang/Class'{0x0000040192a55d08} = 'com/mojang/blaze3d/systems/RenderSystem')}
  0x00000281955c7024: 0000 49b8 | 085d a592 | 0104 0000 | 4d8b 98d0 

  0x00000281955c7034: ;   {other}
  0x00000281955c7034: 0000 0049 | c1eb 0d0f | 873e 1000 | 0045 85d2 | 0f85 8a07 | 0000 4c8b | cd49 3beb | 0f85 9609 
  0x00000281955c7054: ;   {oop(a 'com/mojang/blaze3d/platform/GlStateManager$DepthState'{0x0000040118f85b80})}
  0x00000281955c7054: 0000 49b8 | 805b f818 | 0104 0000 | 498b 6818 

  0x00000281955c7064: ;   {other}
  0x00000281955c7064: 48c1 ed0d | 0f87 5510 | 0000 440f | b645 1045 | 85d2 7509 | 4d3b cb0f | 8583 0900 | 0041 83f8 
  0x00000281955c7084: 0175 074c | 894c 2408 | eb1a 4c89 | 4c24 08c6 | 4510 018b 

  0x00000281955c7098: ;   {static_call}
  0x00000281955c7098: 550c 90e8 

  0x00000281955c709c: ; ImmutableOopMap {[0]=Oop [8]=Oop [16]=Oop }
                      ;*invokestatic glEnable {reexecute=0 rethrow=0 return_oop=0}
                      ; - org.lwjgl.opengl.GL11::glEnable@1 (line 724)
                      ; - com.mojang.blaze3d.platform.GlStateManager$BooleanState::setEnabled@24 (line 777)
                      ; - com.mojang.blaze3d.platform.GlStateManager$BooleanState::enable@2 (line 769)
                      ; - com.mojang.blaze3d.platform.GlStateManager::_enableDepthTest@9 (line 70)
                      ; - com.seibel.distanthorizons.common.wrappers.minecraft.MinecraftGLWrapper::enableDepthTest@6 (line 96)
                      ; - com.seibel.distanthorizons.common.render.openGl.terrain.GlDhTerrainShaderProgram_neoforge::render@65 (line 283)
  0x00000281955c709c: e084 88fc 

  0x00000281955c70a0: ;   {other}
  0x00000281955c70a0: 0f1f 8400 | 9007 0008 | ba06 8000 

  0x00000281955c70ac: ;   {static_call}
  0x00000281955c70ac: 0066 90e8 

  0x00000281955c70b0: ; ImmutableOopMap {[0]=Oop [8]=Oop [16]=Oop }
                      ;*invokestatic glBlendEquation {reexecute=0 rethrow=0 return_oop=0}
                      ; - org.lwjgl.opengl.GL14::glBlendEquation@1 (line 196)
                      ; - com.seibel.distanthorizons.common.render.openGl.terrain.GlDhTerrainShaderProgram_neoforge::render@71 (line 284)
  0x00000281955c70b0: 24ad c2fe 

  0x00000281955c70b4: ;   {other}
  0x00000281955c70b4: 0f1f 8400 | a407 0009 | ba02 0300 | 0041 b803 | 0300 0041 | b901 0000 | 00bf 0303 

  0x00000281955c70d0: ;   {static_call}
  0x00000281955c70d0: 0000 90e8 

  0x00000281955c70d4: ; ImmutableOopMap {[0]=Oop [8]=Oop [16]=Oop }
                      ;*invokestatic glBlendFuncSeparate {reexecute=0 rethrow=0 return_oop=0}
                      ; - org.lwjgl.opengl.GL14::glBlendFuncSeparate@4 (line 777)
                      ; - com.seibel.distanthorizons.common.wrappers.minecraft.MinecraftGLWrapper::glBlendFuncSeparate@5 (line 153)
                      ; - com.seibel.distanthorizons.common.render.openGl.terrain.GlDhTerrainShaderProgram_neoforge::render@87 (line 285)
  0x00000281955c70d4: 00d7 66fe 

  0x00000281955c70d8: ;   {other}
  0x00000281955c70d8: 0f1f 8400 | c807 000a 

  0x00000281955c70e0: ;   {oop(a 'java/lang/Class'{0x0000040192a55d08} = 'com/mojang/blaze3d/systems/RenderSystem')}
  0x00000281955c70e0: 49bb 085d | a592 0104 | 0000 4d8b | 93d0 0000 

  0x00000281955c70f0: ;   {other}
  0x00000281955c70f0: 0049 c1ea | 0d0f 871a | 1000 004c | 8b5c 2408 | 4d3b da0f | 85cb 0800 

  0x00000281955c7108: ;   {oop(a 'com/mojang/blaze3d/platform/GlStateManager$BlendState'{0x0000040118f85230})}
  0x00000281955c7108: 0049 ba30 | 52f8 1801 | 0400 0045 | 8b5a 0c41 | 81fb 0203 | 0000 7524 | 458b 5a10 | 4181 fb03 
  0x00000281955c7128: 0300 0075 | 1745 8b5a | 1441 83fb | 0175 0d45 | 8b5a 1841 | 81fb 0303 | 0000 7444 | 41c7 4218 
  0x00000281955c7148: 0303 0000 | 41c7 4214 | 0100 0000 | 41c7 4210 | 0303 0000 | 41c7 420c | 0203 0000 | ba02 0300 
  0x00000281955c7168: 0041 b803 | 0300 0041 | b901 0000 | 00bf 0303 

  0x00000281955c7178: ;   {static_call}
  0x00000281955c7178: 0000 90e8 

  0x00000281955c717c: ; ImmutableOopMap {[0]=Oop [16]=Oop }
                      ;*invokestatic glBlendFuncSeparate {reexecute=0 rethrow=0 return_oop=0}
                      ; - org.lwjgl.opengl.GL14::glBlendFuncSeparate@4 (line 777)
                      ; - com.mojang.blaze3d.platform.GlStateManager::glBlendFuncSeparate@7 (line 403)
                      ; - com.mojang.blaze3d.platform.GlStateManager::_blendFuncSeparate@75 (line 115)
                      ; - com.seibel.distanthorizons.common.wrappers.minecraft.MinecraftGLWrapper::glBlendFuncSeparate@13 (line 154)
                      ; - com.seibel.distanthorizons.common.render.openGl.terrain.GlDhTerrainShaderProgram_neoforge::render@87 (line 285)
  0x00000281955c717c: 0084 88fc 

  0x00000281955c7180: ;   {other}
  0x00000281955c7180: 0f1f 8400 | 7008 000b | 4533 d2e9 | c3fd ffff | 4c8b 6424 | 0845 8b48 | 1045 85db | 0f8c 9a06 
  0x00000281955c71a0: 0000 453b | d90f 8d67 | 0500 0049 

  0x00000281955c71ac: ;   {other}
  0x00000281955c71ac: 8b68 1848 | c1ed 0d0f | 8796 0f00 | 0044 8b4d | 0c45 3bd9 | 0f83 1606 | 0000 4a8b 

  0x00000281955c71c8: ;   {other}
  0x00000281955c71c8: 5cdd 1048 | c1eb 0d0f | 87cc 0f00 | 0044 8b43 

  0x00000281955c71d8: ;   {metadata('com/seibel/distanthorizons/core/dataObjects/render/bufferBuilding/LodBufferContainer')}
  0x00000281955c71d8: 0841 81f8 | 4863 9783 | 0f85 2609 | 0000 498b | b7b8 0100 | 004c 8bc6 | 4983 c018 | 498b 9424 
  0x00000281955c71f8: 8800 0000 

  0x00000281955c71fc: ;   {other}
  0x00000281955c71fc: 48c1 ea0d | 0f87 e50f | 0000 4d3b | 87c8 0100 | 000f 8344 | 0500 004d | 8987 b801 | 0000 488b 
  0x00000281955c721c: fe48 83c7 | 1048 c706 | 0100 0000 | 410f 1880 | 0001 0000 

  0x00000281955c7230: ;   {metadata('com/seibel/distanthorizons/core/util/math/Vec3f')}
  0x00000281955c7230: c746 0820 | bcb9 83c7 | 460c 0000 | 0000 c5fd | efc0 c5f9 | d607 4c8b 

  0x00000281955c7248: ;   {other}
  0x00000281955c7248: 4b18 49c1 | e90d 0f87 | fb0f 0000 

  0x00000281955c7254: ; implicit exception: dispatches to 0x00000281955c7bc8
  0x00000281955c7254: 458b 410c 

  0x00000281955c7258: ; implicit exception: dispatches to 0x00000281955c7bdc
  0x00000281955c7258: c5fb 1042 | 10c5 fb10 | 4a20 c5fb | 1052 18c4 | c179 6ed8 | c5fa e6db | c5e3 5cc0 | c5fb 5ac0 
  0x00000281955c7278: c5fa 1146 | 0c41 8b79 | 10c5 f96e | c7c5 fae6 | c045 8b41 | 14c4 c179 | 6ed8 c5fa | e6db c5fb 
  0x00000281955c7298: 5cc2 c5e3 | 5cc9 c5eb | 5ad0 c5fa | 1156 10c5 | fb5a c1c5 | fa11 4614 

  0x00000281955c72b0: ;   {oop(a 'com/seibel/distanthorizons/common/render/openGl/GlDhMetaRenderer_neoforge'{0x0000040234251da0})}
  0x00000281955c72b0: 49b8 a01d | 2534 0204 | 0000 4d8b 

  0x00000281955c72bc: ;   {other}
  0x00000281955c72bc: 4840 49c1 | e90d 0f87 | e30f 0000 

  0x00000281955c72c8: ; implicit exception: dispatches to 0x00000281955c7bf0
  0x00000281955c72c8: 458b 4108 

  0x00000281955c72cc: ;   {metadata('com/seibel/distanthorizons/common/render/openGl/terrain/GlDhTerrainShaderProgram_neoforge')}
  0x00000281955c72cc: 4181 f880 | b6b9 830f | 851b 0500 | 0041 0fb6 | 6944 85ed | 0f84 8a05 | 0000 4889 | 7424 2048 
  0x00000281955c72ec: 895c 2418 | 4489 1c24 | 4489 5424 | 0448 894c | 2410 4c89 | 6424 0841 | 8b51 0c49 

  0x00000281955c7308: ;   {static_call}
  0x00000281955c7308: 8be9 90e8 

  0x00000281955c730c: ; ImmutableOopMap {rbp=Oop [8]=Oop [16]=Oop [24]=Oop [32]=Oop }
                      ;*invokestatic glUseProgram {reexecute=0 rethrow=0 return_oop=0}
                      ; - org.lwjgl.opengl.GL20::glUseProgram@1 (line 398)
                      ; - com.seibel.distanthorizons.common.render.openGl.glObject.shader.GlShaderProgram::bind@4 (line 99)
                      ; - com.seibel.distanthorizons.common.render.openGl.terrain.GlDhTerrainShaderProgram_neoforge::bind@5 (line 174)
                      ; - com.seibel.distanthorizons.common.render.openGl.terrain.GlDhTerrainShaderProgram_neoforge::render@207 (line 323)
  0x00000281955c730c: 48e9 10fd 

  0x00000281955c7310: ;   {other}
  0x00000281955c7310: 0f1f 8400 | 000a 000c | 4c8b 5548 

  0x00000281955c731c: ;   {other}
  0x00000281955c731c: 49c1 ea0d | 0f87 e10f | 0000 418b 

  0x00000281955c7328: ;   {static_call}
  0x00000281955c7328: 520c 90e8 

  0x00000281955c732c: ; ImmutableOopMap {[8]=Oop [16]=Oop [24]=Oop [32]=Oop }
                      ;*invokestatic glBindVertexArray {reexecute=0 rethrow=0 return_oop=0}
                      ; - org.lwjgl.opengl.GL30::glBindVertexArray@1 (line 2283)
                      ; - com.seibel.distanthorizons.common.render.openGl.glObject.vertexAttribute.GlAbstractVertexAttribute::bind@4 (line 67)
                      ; - com.seibel.distanthorizons.common.render.openGl.terrain.GlDhTerrainShaderProgram_neoforge::bind@12 (line 175)
                      ; - com.seibel.distanthorizons.common.render.openGl.terrain.GlDhTerrainShaderProgram_neoforge::render@207 (line 323)
  0x00000281955c732c: a881 3cfd 

  0x00000281955c7330: ;   {other}
  0x00000281955c7330: 0f1f 8400 | 200a 000d 

  0x00000281955c7338: ;   {oop(a 'com/seibel/distanthorizons/common/render/openGl/GlDhMetaRenderer_neoforge'{0x0000040234251da0})}
  0x00000281955c7338: 49ba a01d | 2534 0204 | 0000 498b 

  0x00000281955c7344: ;   {other}
  0x00000281955c7344: 6a40 48c1 | ed0d 0f87 | e10f 0000 

  0x00000281955c7350: ; implicit exception: dispatches to 0x00000281955c7c18
  0x00000281955c7350: 448b 5d08 

  0x00000281955c7354: ;   {metadata('com/seibel/distanthorizons/common/render/openGl/terrain/GlDhTerrainShaderProgram_neoforge')}
  0x00000281955c7354: 4181 fb80 | b6b9 830f | 85c7 0400 | 008b 5514 | 4c8b 5424 | 20c4 c17a | 104a 10c4 | c17a 1052 
  0x00000281955c7374: 14c4 c17a 

  0x00000281955c7378: ;   {static_call}
  0x00000281955c7378: 1042 0ce8 

  0x00000281955c737c: ; ImmutableOopMap {[8]=Oop [16]=Oop [24]=Oop [32]=Oop }
                      ;*invokestatic glUniform3f {reexecute=0 rethrow=0 return_oop=0}
                      ; - org.lwjgl.opengl.GL20::glUniform3f@4 (line 456)
                      ; - com.seibel.distanthorizons.common.render.openGl.glObject.shader.GlShaderProgram::setUniform@13 (line 184)
                      ; - com.seibel.distanthorizons.common.render.openGl.terrain.GlDhTerrainShaderProgram_neoforge::setModelOffsetPos@13 (line 244)
                      ; - com.seibel.distanthorizons.common.render.openGl.terrain.GlDhTerrainShaderProgram_neoforge::render@220 (line 324)
  0x00000281955c737c: d80c d8fe 

  0x00000281955c7380: ;   {other}
  0x00000281955c7380: 0f1f 8400 | 700a 000e | 498b afb8 | 0100 004c | 8bd5 4983 | c260 4d3b | 97c8 0100 | 000f 830c 
  0x00000281955c73a0: 0400 004d | 8997 b801 | 0000 410f | 1882 0001 | 0000 48c7 | 4500 0100 | 0000 488b | fd48 83c7 
  0x00000281955c73c0: ;   {metadata('com/seibel/distanthorizons/api/methods/events/abstractEvents/DhApiBeforeBufferRenderEvent$EventParam')}
  0x00000281955c73c0: 10c7 4508 | 4099 bd83 | c745 0c00 | 0000 00b9 | 0a00 0000 | c5fd efc0 | e90d 0000 | 00c5 fe7f 
  0x00000281955c73e0: 07c5 fe7f | 4720 4883 | c740 4883 | e908 7ded | 4883 c104 | 7c0c c5fe | 7f07 4883 | c720 4883 
  0x00000281955c7400: e904 4883 | c104 7e17 | 48c7 c0ff | ffff ffc4 | e2f0 f5c0 | c4e1 fb92 | f862 f1fe | 2f7f 0748 
  0x00000281955c7420: 8bd5 4c8b 

  0x00000281955c7424: ;   {optimized virtual_call}
  0x00000281955c7424: 4424 08e8 

  0x00000281955c7428: ; ImmutableOopMap {rbp=Oop [8]=Oop [16]=Oop [24]=Oop [32]=Oop }
                      ;*invokespecial <init> {reexecute=0 rethrow=0 return_oop=0}
                      ; - com.seibel.distanthorizons.api.methods.events.abstractEvents.DhApiBeforeBufferRenderEvent$EventParam::<init>@2 (line 67)
                      ; - com.seibel.distanthorizons.common.render.openGl.terrain.GlDhTerrainShaderProgram_neoforge::render@237 (line 326)
  0x00000281955c7428: 44fc deff 

  0x00000281955c742c: ;   {other}
  0x00000281955c742c: 0f1f 8400 | 1c0b 000f | 4c8b 5c24 | 20f7 4558 | d0e9 0000 

  0x00000281955c7440: ;   {other}
  0x00000281955c7440: 0f85 1f0f | 0000 4d8b 

  0x00000281955c7448: ;   {other}
  0x00000281955c7448: d349 c1e2 | 0d49 81ca | 2016 0000 

  0x00000281955c7454: ;   {other}
  0x00000281955c7454: 4c89 5558 

  0x00000281955c7458: ;   {oop(a 'com/seibel/distanthorizons/coreapi/DependencyInjection/ApiEventInjector'{0x00000400557b9d68})}
  0x00000281955c7458: 48ba 689d | 7b55 0004 

  0x00000281955c7460: ;   {oop(a 'java/lang/Class'{0x00000401eb95be30} = 'com/seibel/distanthorizons/api/methods/events/abstractEvents/DhApiBeforeBufferRenderEvent')}
  0x00000281955c7460: 0000 49b8 | 30be 95eb | 0104 0000 

  0x00000281955c746c: ;   {optimized virtual_call}
  0x00000281955c746c: 4c8b cde8 

  0x00000281955c7470: ; ImmutableOopMap {[8]=Oop [16]=Oop [24]=Oop }
                      ;*invokevirtual fireAllEvents {reexecute=0 rethrow=0 return_oop=0}
                      ; - com.seibel.distanthorizons.common.render.openGl.terrain.GlDhTerrainShaderProgram_neoforge::render@240 (line 326)
  0x00000281955c7470: fcb8 a3fd 

  0x00000281955c7474: ;   {other}
  0x00000281955c7474: 0f1f 8400 | 640b 0010 | 448b 5424 | 044c 8b44 | 2418 4d8b 

  0x00000281955c7488: ;   {other}
  0x00000281955c7488: 5820 49c1 | eb0d 0f87 | 410f 0000 | 4d8b 4828 

  0x00000281955c7498: ;   {other}
  0x00000281955c7498: 49c1 e90d | 0f87 710f | 0000 4585 | d24d 0f45 | cb45 8b59 | 0c45 85db | 7744 4d8b | 8750 0400 
  0x00000281955c74b8: 0044 8b1c 

  0x00000281955c74bc: ; ImmutableOopMap {[8]=Oop [16]=Oop }
                      ;*goto {reexecute=1 rethrow=0 return_oop=0}
                      ; - (reexecute) com.seibel.distanthorizons.common.render.openGl.terrain.GlDhTerrainShaderProgram_neoforge::render@382 (line 311)
  0x00000281955c74bc: 2441 ffc3 

  0x00000281955c74c0: ;   {poll}
  0x00000281955c74c0: 4185 0048 | 8b4c 2410 | 4c8b 4110 

  0x00000281955c74cc: ;   {other}
  0x00000281955c74cc: 49c1 e80d | 0f87 850f | 0000 458b | 6010 453b | dc0f 8cad | fcff ff48 | 83c4 505d 

  0x00000281955c74e8: ;   {poll_return}
  0x00000281955c74e8: 493b a748 | 0400 000f | 8723 1100 | 00c3 458d | 43ff 453b | c30f 8375 | 0400 0044 | 895c 2420 
  0x00000281955c7508: 4c89 4c24 | 1845 33db | 4489 5c24 | 304c 8b54 | 2418 448b | 4424 304f | 8b4c c210 

  0x00000281955c7524: ;   {other}
  0x00000281955c7524: 49c1 e90d | 0f87 750f | 0000 458b 

  0x00000281955c7530: ;   {metadata('com/seibel/distanthorizons/common/render/openGl/glObject/buffer/GLVertexBuffer')}
  0x00000281955c7530: 5908 4181 | fb00 00b6 | 830f 85f5 | 0500 004c | 894c 2428 | 418b 6918 | 85ed 0f84 | 2405 0000 
  0x00000281955c7550: 458b 410c | c5f9 6ec5 | c5fa e6c0 

  0x00000281955c755c: ;   {section_word}
  0x00000281955c755c: c5fb 5905 | fcf7 ffff | c57b 2cd0 | 4181 fa00 | 0000 800f | 848e 1000 | 0044 8954 | 2424 ba92 
  0x00000281955c757c: ;   {static_call}
  0x00000281955c757c: 8800 00e8 

  0x00000281955c7580: ; ImmutableOopMap {[8]=Oop [16]=Oop [24]=Oop [40]=Oop }
                      ;*invokestatic glBindBuffer {reexecute=0 rethrow=0 return_oop=0}
                      ; - org.lwjgl.opengl.GL15::glBindBuffer@2 (line 129)
                      ; - com.seibel.distanthorizons.common.render.openGl.glObject.buffer.GLBuffer::bind@8 (line 96)
                      ; - com.seibel.distanthorizons.common.render.openGl.terrain.GlDhTerrainShaderProgram_neoforge::render@318 (line 346)
  0x00000281955c7580: d4f6 3bfd 

  0x00000281955c7584: ;   {other}
  0x00000281955c7584: 0f1f 8400 | 740c 0012 

  0x00000281955c758c: ;   {oop(a 'com/seibel/distanthorizons/common/render/openGl/GlDhRenderApiDefinition_neoforge'{0x000004020cfb9e50})}
  0x00000281955c758c: 49ba 509e | fb0c 0204 | 0000 410f | b66a 0c85 | ed0f 84e5 

  0x00000281955c75a0: ;   {oop(a 'java/lang/Class'{0x00000401eb95bee8} = 'com/seibel/distanthorizons/common/render/openGl/glObject/buffer/GLVertexBuffer')}
  0x00000281955c75a0: 0400 0049 | bbe8 be95 | eb01 0400 | 004d 8b93 | c000 0000 

  0x00000281955c75b4: ;   {other}
  0x00000281955c75b4: 49c1 ea0d | 0f87 250f | 0000 458b | 420c ba93 

  0x00000281955c75c4: ;   {static_call}
  0x00000281955c75c4: 8800 00e8 

  0x00000281955c75c8: ; ImmutableOopMap {[8]=Oop [16]=Oop [24]=Oop [40]=Oop }
                      ;*invokestatic glBindBuffer {reexecute=0 rethrow=0 return_oop=0}
                      ; - org.lwjgl.opengl.GL15::glBindBuffer@2 (line 129)
                      ; - com.seibel.distanthorizons.common.render.openGl.glObject.buffer.GLBuffer::bind@8 (line 96)
                      ; - com.seibel.distanthorizons.common.render.openGl.terrain.GlDhTerrainShaderProgram_neoforge::render@326 (line 347)
  0x00000281955c75c8: 8cf6 3bfd 

  0x00000281955c75cc: ;   {other}
  0x00000281955c75cc: 0f1f 8400 | bc0c 0013 | 4c8b 5424 | 2845 8b42 

  0x00000281955c75dc: ;   {oop(a 'com/seibel/distanthorizons/common/render/openGl/GlDhMetaRenderer_neoforge'{0x0000040234251da0})}
  0x00000281955c75dc: 0c49 baa0 | 1d25 3402 | 0400 0049 

  0x00000281955c75e8: ;   {other}
  0x00000281955c75e8: 8b6a 4048 | c1ed 0d0f | 8728 0f00 | 0044 8b5d 

  0x00000281955c75f8: ;   {metadata('com/seibel/distanthorizons/common/render/openGl/terrain/GlDhTerrainShaderProgram_neoforge')}
  0x00000281955c75f8: 0841 81fb | 80b6 b983 | 0f85 f202 | 0000 4c8b 

  0x00000281955c7608: ;   {other}
  0x00000281955c7608: 5d48 49c1 | eb0d 0f87 | 470f 0000 

  0x00000281955c7614: ; implicit exception: dispatches to 0x00000281955c7d5c
  0x00000281955c7614: 458b 5308 

  0x00000281955c7618: ;   {metadata('com/seibel/distanthorizons/common/render/openGl/glObject/vertexAttribute/GlVertexAttributePostGL43')}
  0x00000281955c7618: 4181 fad8 | c0b9 830f | 85ff 0200 | 0049 8bd3 

  0x00000281955c7628: ;   {optimized virtual_call}
  0x00000281955c7628: 6666 90e8 

  0x00000281955c762c: ; ImmutableOopMap {[8]=Oop [16]=Oop [24]=Oop [40]=Oop }
                      ;*invokevirtual bindBufferToAllBindingPoints {reexecute=0 rethrow=0 return_oop=0}
                      ; - com.seibel.distanthorizons.common.render.openGl.terrain.GlDhTerrainShaderProgram_neoforge::bindVertexBuffer@5 (line 192)
                      ; - com.seibel.distanthorizons.common.render.openGl.terrain.GlDhTerrainShaderProgram_neoforge::render@340 (line 349)
  0x00000281955c762c: 001f e3ff 

  0x00000281955c7630: ;   {other}
  0x00000281955c7630: 0f1f 8400 | 200d 0014 

  0x00000281955c7638: ;   {oop(a 'com/seibel/distanthorizons/common/render/openGl/GlDhRenderApiDefinition_neoforge'{0x000004020cfb9e50})}
  0x00000281955c7638: 49ba 509e | fb0c 0204 | 0000 410f | b66a 0c85 | ed0f 845d 

  0x00000281955c764c: ;   {oop(a 'java/lang/Class'{0x00000401eb95bee8} = 'com/seibel/distanthorizons/common/render/openGl/glObject/buffer/GLVertexBuffer')}
  0x00000281955c764c: 0400 0049 | bbe8 be95 | eb01 0400 | 004d 8b93 | c000 0000 

  0x00000281955c7660: ;   {other}
  0x00000281955c7660: 49c1 ea0d | 0f87 250f | 0000 458b | 4a1c ba04 | 0000 0044 | 8b44 2424 

  0x00000281955c7678: ;   {static_call}
  0x00000281955c7678: 33ff 90e8 

  0x00000281955c767c: ; ImmutableOopMap {[8]=Oop [16]=Oop [24]=Oop [40]=Oop }
                      ;*invokestatic nglDrawElements {reexecute=0 rethrow=0 return_oop=0}
                      ; - org.lwjgl.opengl.GL11C::glDrawElements@4 (line 543)
                      ; - org.lwjgl.opengl.GL11::glDrawElements@4 (line 1870)
                      ; - com.seibel.distanthorizons.common.render.openGl.terrain.GlDhTerrainShaderProgram_neoforge::render@357 (line 350)
  0x00000281955c767c: d843 40fd 

  0x00000281955c7680: ;   {other}
  0x00000281955c7680: 0f1f 8400 | 700d 0015 | ba92 8800 | 0045 33c0 

  0x00000281955c7690: ;   {static_call}
  0x00000281955c7690: 6666 90e8 

  0x00000281955c7694: ; ImmutableOopMap {[8]=Oop [16]=Oop [24]=Oop [40]=Oop }
                      ;*invokestatic glBindBuffer {reexecute=0 rethrow=0 return_oop=0}
                      ; - org.lwjgl.opengl.GL15::glBindBuffer@2 (line 129)
                      ; - com.seibel.distanthorizons.common.render.openGl.glObject.buffer.GLBuffer::unbind@5 (line 97)
                      ; - com.seibel.distanthorizons.common.render.openGl.terrain.GlDhTerrainShaderProgram_neoforge::render@362 (line 355)
  0x00000281955c7694: c0f5 3bfd 

  0x00000281955c7698: ;   {other}
  0x00000281955c7698: 0f1f 8400 | 880d 0016 

  0x00000281955c76a0: ;   {oop(a 'com/seibel/distanthorizons/common/render/openGl/GlDhRenderApiDefinition_neoforge'{0x000004020cfb9e50})}
  0x00000281955c76a0: 49ba 509e | fb0c 0204 | 0000 410f | b66a 0c85 | ed0f 8419 

  0x00000281955c76b4: ;   {oop(a 'java/lang/Class'{0x00000401eb95bee8} = 'com/seibel/distanthorizons/common/render/openGl/glObject/buffer/GLVertexBuffer')}
  0x00000281955c76b4: 0400 0049 | bbe8 be95 | eb01 0400 | 004d 8b93 | c000 0000 

  0x00000281955c76c8: ;   {other}
  0x00000281955c76c8: 49c1 ea0d | 0f87 f70e | 0000 4d85 | d20f 8409 | 0200 00ba | 9388 0000 

  0x00000281955c76e0: ;   {static_call}
  0x00000281955c76e0: 4533 c0e8 

  0x00000281955c76e4: ; ImmutableOopMap {[8]=Oop [16]=Oop [24]=Oop }
                      ;*invokestatic glBindBuffer {reexecute=0 rethrow=0 return_oop=0}
                      ; - org.lwjgl.opengl.GL15::glBindBuffer@2 (line 129)
                      ; - com.seibel.distanthorizons.common.render.openGl.glObject.buffer.GLBuffer::unbind@5 (line 97)
                      ; - com.seibel.distanthorizons.common.render.openGl.terrain.GlDhTerrainShaderProgram_neoforge::render@370 (line 356)
  0x00000281955c76e4: 70f5 3bfd 

  0x00000281955c76e8: ;   {other}
  0x00000281955c76e8: 0f1f 8400 | d80d 0017 | 448b 5c24 | 3041 ffc3 | 4489 5c24 | 3044 3b5c | 2420 0f8c | 0dfe ffff 
  0x00000281955c7708: 448b 5424 | 04e9 a0fd | ffff 33d2 | 4c89 0424 | 4489 5c24 | 0845 8bc3 | 4c89 6424 | 1044 8954 
  0x00000281955c7728: 240c 4889 

  0x00000281955c772c: ;   {static_call}
  0x00000281955c772c: 4c24 18e8 

  0x00000281955c7730: ; ImmutableOopMap {[0]=Oop [16]=Oop [24]=Oop }
                      ;*invokestatic outOfBoundsCheckIndex {reexecute=0 rethrow=0 return_oop=1}
                      ; - jdk.internal.util.Preconditions::checkIndex@12 (line 302)
                      ; - java.util.Objects::checkIndex@3 (line 385)
                      ; - java.util.ArrayList::get@5 (line 427)
                      ; - com.seibel.distanthorizons.core.util.objects.SortedArraySet::get@5 (line 63)
                      ; - com.seibel.distanthorizons.common.render.openGl.terrain.GlDhTerrainShaderProgram_neoforge::render@130 (line 313)
  0x00000281955c7730: 4c7e 88fc 

  0x00000281955c7734: ;   {other}
  0x00000281955c7734: 0f1f 8400 | 240e 0018 | 4885 c00f | 849f 0300 | 0048 8bd0 | eb03 488b | d048 83c4 

  0x00000281955c7750: ;   {runtime_call _rethrow_Java}
  0x00000281955c7750: 505d e9a9 | 5e95 fc48 | 8954 2418 | 4889 5c24 | 1044 895c | 240c 4489 | 5424 0848 | 890c 2449 
  0x00000281955c7770: ;   {metadata('com/seibel/distanthorizons/core/util/math/Vec3f')}
  0x00000281955c7770: 8bec 48ba | 20bc b983 | 0000 0000 

  0x00000281955c777c: ;   {runtime_call _new_instance_Java}
  0x00000281955c777c: 6666 90e8 

  0x00000281955c7780: ; ImmutableOopMap {rbp=Oop [0]=Oop [16]=Oop [24]=Oop }
                      ;*new {reexecute=0 rethrow=0 return_oop=1}
                      ; - com.seibel.distanthorizons.common.render.openGl.terrain.GlDhTerrainShaderProgram_neoforge::render@144 (line 318)
  0x00000281955c7780: fc08 95fc 

  0x00000281955c7784: ;   {other}
  0x00000281955c7784: 0f1f 8400 | 740e 0019 | 4c8b e548 | 8b0c 2444 | 8b54 2408 | 448b 5c24 | 0c48 8b5c | 2410 488b 
  0x00000281955c77a4: f048 8b54 | 2418 e997 

  0x00000281955c77ac: ;   {metadata('com/seibel/distanthorizons/api/methods/events/abstractEvents/DhApiBeforeBufferRenderEvent$EventParam')}
  0x00000281955c77ac: faff ff48 | ba40 99bd | 8300 0000 | 0048 8b6c 

  0x00000281955c77bc: ;   {runtime_call _new_instance_Java}
  0x00000281955c77bc: 2408 90e8 

  0x00000281955c77c0: ; ImmutableOopMap {rbp=Oop [8]=Oop [16]=Oop [24]=Oop [32]=Oop }
                      ;*new {reexecute=0 rethrow=0 return_oop=1}
                      ; - com.seibel.distanthorizons.common.render.openGl.terrain.GlDhTerrainShaderProgram_neoforge::render@230 (line 326)
  0x00000281955c77c0: bc08 95fc 

  0x00000281955c77c4: ;   {other}
  0x00000281955c77c4: 0f1f 8400 | b40e 001a | 488b e8e9 | 4bfc ffff | 4c8b cde9 | 7af8 ffff | bae6 ffff | ff44 891c 
  0x00000281955c77e4: ;   {runtime_call UncommonTrapBlob}
  0x00000281955c77e4: 2466 90e8 

  0x00000281955c77e8: ; ImmutableOopMap {rbp=Oop }
                      ;*aaload {reexecute=0 rethrow=0 return_oop=0}
                      ; - java.util.ArrayList::elementData@5 (line 411)
                      ; - java.util.ArrayList::get@11 (line 428)
                      ; - com.seibel.distanthorizons.core.util.objects.SortedArraySet::get@5 (line 63)
                      ; - com.seibel.distanthorizons.common.render.openGl.terrain.GlDhTerrainShaderProgram_neoforge::render@130 (line 313)
  0x00000281955c77e8: 14fb 88fc 

  0x00000281955c77ec: ;   {other}
  0x00000281955c77ec: 0f1f 8400 | dc0e 001b | bade ffff | ff41 8beb | 4c89 2424 | 4489 5424 | 0848 894c | 2410 4889 
  0x00000281955c780c: 5c24 1848 | 8974 2420 | 4c89 4c24 

  0x00000281955c7818: ;   {runtime_call UncommonTrapBlob}
  0x00000281955c7818: 2866 90e8 

  0x00000281955c781c: ; ImmutableOopMap {[0]=Oop [16]=Oop [24]=Oop [32]=Oop [40]=Oop }
                      ;*invokeinterface bind {reexecute=0 rethrow=0 return_oop=0}
                      ; - com.seibel.distanthorizons.common.render.openGl.terrain.GlDhTerrainShaderProgram_neoforge::render@207 (line 323)
  0x00000281955c781c: e0fa 88fc 

  0x00000281955c7820: ;   {other}
  0x00000281955c7820: 0f1f 8400 | 100f 001c | bade ffff 

  0x00000281955c782c: ;   {runtime_call UncommonTrapBlob}
  0x00000281955c782c: ff66 90e8 

  0x00000281955c7830: ; ImmutableOopMap {rbp=Oop [8]=Oop [16]=Oop [24]=Oop [32]=Oop }
                      ;*invokeinterface setModelOffsetPos {reexecute=0 rethrow=0 return_oop=0}
                      ; - com.seibel.distanthorizons.common.render.openGl.terrain.GlDhTerrainShaderProgram_neoforge::render@220 (line 324)
  0x00000281955c7830: ccfa 88fc 

  0x00000281955c7834: ;   {other}
  0x00000281955c7834: 0f1f 8400 | 240f 001d | ba45 ffff | ff4c 8904 | 2444 895c | 2408 4489 | 5c24 0c44 | 894c 2410 
  0x00000281955c7854: 4c89 6424 | 1844 8954 | 2420 4889 

  0x00000281955c7860: ;   {runtime_call UncommonTrapBlob}
  0x00000281955c7860: 4c24 28e8 

  0x00000281955c7864: ; ImmutableOopMap {[0]=Oop [24]=Oop [40]=Oop }
                      ;*iflt {reexecute=1 rethrow=0 return_oop=0}
                      ; - (reexecute) jdk.internal.util.Preconditions::checkIndex@1 (line 301)
                      ; - java.util.Objects::checkIndex@3 (line 385)
                      ; - java.util.ArrayList::get@5 (line 427)
                      ; - com.seibel.distanthorizons.core.util.objects.SortedArraySet::get@5 (line 63)
                      ; - com.seibel.distanthorizons.common.render.openGl.terrain.GlDhTerrainShaderProgram_neoforge::render@130 (line 313)
  0x00000281955c7864: 98fa 88fc 

  0x00000281955c7868: ;   {other}
  0x00000281955c7868: 0f1f 8400 | 580f 001e | ba45 ffff | ff44 891c | 244c 8964 | 2408 4489 | 5424 0448 | 894c 2410 
  0x00000281955c7888: 4889 5c24 | 1848 8974 | 2420 4c89 

  0x00000281955c7894: ;   {runtime_call UncommonTrapBlob}
  0x00000281955c7894: 4c24 30e8 

  0x00000281955c7898: ; ImmutableOopMap {[8]=Oop [16]=Oop [24]=Oop [32]=Oop [48]=Oop }
                      ;*ifeq {reexecute=1 rethrow=0 return_oop=0}
                      ; - (reexecute) com.seibel.distanthorizons.common.render.openGl.terrain.GlDhTerrainShaderProgram_neoforge::tryInit@4 (line 98)
                      ; - com.seibel.distanthorizons.common.render.openGl.terrain.GlDhTerrainShaderProgram_neoforge::bind@1 (line 173)
                      ; - com.seibel.distanthorizons.common.render.openGl.terrain.GlDhTerrainShaderProgram_neoforge::render@207 (line 323)
  0x00000281955c7898: 64fa 88fc 

  0x00000281955c789c: ;   {other}
  0x00000281955c789c: 0f1f 8400 | 8c0f 001f | ba45 ffff | ff48 8b2c | 2448 8944 | 24f8 8b44 | 2408 8904 | 2448 8b44 
  0x00000281955c78bc: ;   {runtime_call UncommonTrapBlob}
  0x00000281955c78bc: 24f8 90e8 

  0x00000281955c78c0: ; ImmutableOopMap {rbp=Oop [16]=Oop }
                      ;*ifne {reexecute=1 rethrow=0 return_oop=0}
                      ; - (reexecute) com.mojang.blaze3d.systems.RenderSystem::assertOnRenderThread@3 (line 118)
                      ; - com.mojang.blaze3d.platform.GlStateManager::_enableCull@0 (line 437)
                      ; - com.seibel.distanthorizons.common.wrappers.minecraft.MinecraftGLWrapper::enableFaceCulling@6 (line 193)
                      ; - com.seibel.distanthorizons.common.render.openGl.terrain.GlDhTerrainShaderProgram_neoforge::render@49 (line 277)
  0x00000281955c78c0: 3cfa 88fc 

  0x00000281955c78c4: ;   {other}
  0x00000281955c78c4: 0f1f 8400 | b40f 0020 | babe ffff | ff44 8954 

  0x00000281955c78d4: ;   {runtime_call UncommonTrapBlob}
  0x00000281955c78d4: 2408 90e8 

  0x00000281955c78d8: ; ImmutableOopMap {[0]=Oop [16]=Oop }
                      ;*if_icmpge {reexecute=1 rethrow=0 return_oop=0}
                      ; - (reexecute) com.seibel.distanthorizons.common.render.openGl.terrain.GlDhTerrainShaderProgram_neoforge::render@124 (line 311)
  0x00000281955c78d8: 24fa 88fc 

  0x00000281955c78dc: ;   {other}
  0x00000281955c78dc: 0f1f 8400 | cc0f 0021 | baf6 ffff 

  0x00000281955c78e8: ;   {runtime_call UncommonTrapBlob}
  0x00000281955c78e8: ff66 90e8 

  0x00000281955c78ec: ; ImmutableOopMap {}
                      ;*invokevirtual unbind {reexecute=0 rethrow=0 return_oop=0}
                      ; - com.seibel.distanthorizons.common.render.openGl.terrain.GlDhTerrainShaderProgram_neoforge::render@370 (line 356)
  0x00000281955c78ec: 10fa 88fc 

  0x00000281955c78f0: ;   {other}
  0x00000281955c78f0: 0f1f 8400 | e00f 0022 | bade ffff | ff48 8944 | 24f8 8b44 | 2430 8944 | 2420 488b | 4424 f844 
  0x00000281955c7910: 8944 2430 

  0x00000281955c7914: ;   {runtime_call UncommonTrapBlob}
  0x00000281955c7914: 6666 90e8 

  0x00000281955c7918: ; ImmutableOopMap {rbp=Oop [8]=Oop [16]=Oop [24]=Oop [40]=Oop }
                      ;*invokeinterface bindVertexBuffer {reexecute=0 rethrow=0 return_oop=0}
                      ; - com.seibel.distanthorizons.common.render.openGl.terrain.GlDhTerrainShaderProgram_neoforge::render@340 (line 349)
  0x00000281955c7918: e4f9 88fc 

  0x00000281955c791c: ;   {other}
  0x00000281955c791c: 0f1f 8400 | 0c10 0023 | ba37 ffff | ff8b 2c24 | 4889 4424 | f88b 4424 | 0489 0424 | 488b 4424 
  0x00000281955c793c: f848 8944 | 24f8 8b44 | 2430 8944 | 2404 488b | 4424 f848 | 8944 24f8 | 8b44 2424 | 8944 2420 
  0x00000281955c795c: 488b 4424 | f84c 895c | 2430 4489 

  0x00000281955c7968: ;   {runtime_call UncommonTrapBlob}
  0x00000281955c7968: 4424 24e8 

  0x00000281955c796c: ; ImmutableOopMap {[8]=Oop [16]=Oop [24]=Oop [40]=Oop [48]=Oop }
                      ;*invokevirtual bindBufferToAllBindingPoints {reexecute=0 rethrow=0 return_oop=0}
                      ; - com.seibel.distanthorizons.common.render.openGl.terrain.GlDhTerrainShaderProgram_neoforge::bindVertexBuffer@5 (line 192)
                      ; - com.seibel.distanthorizons.common.render.openGl.terrain.GlDhTerrainShaderProgram_neoforge::render@340 (line 349)
  0x00000281955c796c: 90f9 88fc 

  0x00000281955c7970: ;   {other}
  0x00000281955c7970: 0f1f 8400 | 6010 0024 | ba76 ffff | ff8b 2c24 | 48ff 7424 | 0848 8f04 | 2444 8954 | 2408 4c89 
  0x00000281955c7990: 4c24 1844 | 895c 240c 

  0x00000281955c7998: ;   {runtime_call UncommonTrapBlob}
  0x00000281955c7998: 6666 90e8 

  0x00000281955c799c: ; ImmutableOopMap {[0]=Oop [16]=Oop [24]=Oop }
                      ;*if_icmpge {reexecute=1 rethrow=0 return_oop=0}
                      ; - (reexecute) com.seibel.distanthorizons.common.render.openGl.terrain.GlDhTerrainShaderProgram_neoforge::render@271 (line 330)
  0x00000281955c799c: 60f9 88fc 

  0x00000281955c79a0: ;   {other}
  0x00000281955c79a0: 0f1f 8400 | 9010 0025 | ba45 ffff | ff48 8b2c 

  0x00000281955c79b0: ;   {runtime_call UncommonTrapBlob}
  0x00000281955c79b0: 2466 90e8 

  0x00000281955c79b4: ; ImmutableOopMap {rbp=Oop [16]=Oop }
                      ;*ifne {reexecute=1 rethrow=0 return_oop=0}
                      ; - (reexecute) com.mojang.blaze3d.systems.RenderSystem::assertOnRenderThread@3 (line 118)
                      ; - com.mojang.blaze3d.platform.GlStateManager::_enableBlend@0 (line 95)
                      ; - com.seibel.distanthorizons.common.wrappers.minecraft.MinecraftGLWrapper::enableBlend@6 (line 132)
                      ; - com.seibel.distanthorizons.common.render.openGl.terrain.GlDhTerrainShaderProgram_neoforge::render@59 (line 282)
  0x00000281955c79b4: 48f9 88fc 

  0x00000281955c79b8: ;   {other}
  0x00000281955c79b8: 0f1f 8400 | a810 0026 | ba45 ffff 

  0x00000281955c79c4: ;   {runtime_call UncommonTrapBlob}
  0x00000281955c79c4: ff66 90e8 

  0x00000281955c79c8: ; ImmutableOopMap {[0]=Oop [16]=Oop }
                      ;*ifne {reexecute=1 rethrow=0 return_oop=0}
                      ; - (reexecute) com.mojang.blaze3d.systems.RenderSystem::assertOnRenderThread@3 (line 118)
                      ; - com.mojang.blaze3d.platform.GlStateManager::_disableBlend@0 (line 90)
                      ; - com.seibel.distanthorizons.common.wrappers.minecraft.MinecraftGLWrapper::disableBlend@6 (line 138)
                      ; - com.seibel.distanthorizons.common.render.openGl.terrain.GlDhTerrainShaderProgram_neoforge::render@96 (line 289)
  0x00000281955c79c8: 34f9 88fc 

  0x00000281955c79cc: ;   {other}
  0x00000281955c79cc: 0f1f 8400 | bc10 0027 | ba45 ffff | ff48 8b2c 

  0x00000281955c79dc: ;   {runtime_call UncommonTrapBlob}
  0x00000281955c79dc: 2466 90e8 

  0x00000281955c79e0: ; ImmutableOopMap {rbp=Oop [16]=Oop }
                      ;*ifne {reexecute=1 rethrow=0 return_oop=0}
                      ; - (reexecute) com.mojang.blaze3d.systems.RenderSystem::assertOnRenderThread@3 (line 118)
                      ; - com.mojang.blaze3d.platform.GlStateManager::_blendFuncSeparate@0 (line 109)
                      ; - com.seibel.distanthorizons.common.wrappers.minecraft.MinecraftGLWrapper::glBlendFuncSeparate@13 (line 154)
                      ; - com.seibel.distanthorizons.common.render.openGl.terrain.GlDhTerrainShaderProgram_neoforge::render@87 (line 285)
  0x00000281955c79e0: 1cf9 88fc 

  0x00000281955c79e4: ;   {other}
  0x00000281955c79e4: 0f1f 8400 | d410 0028 | ba45 ffff | ff48 8b2c 

  0x00000281955c79f4: ;   {runtime_call UncommonTrapBlob}
  0x00000281955c79f4: 2466 90e8 

  0x00000281955c79f8: ; ImmutableOopMap {rbp=Oop [16]=Oop }
                      ;*ifne {reexecute=1 rethrow=0 return_oop=0}
                      ; - (reexecute) com.mojang.blaze3d.systems.RenderSystem::assertOnRenderThreadOrInit@9 (line 112)
                      ; - com.mojang.blaze3d.platform.GlStateManager::_enableDepthTest@0 (line 69)
                      ; - com.seibel.distanthorizons.common.wrappers.minecraft.MinecraftGLWrapper::enableDepthTest@6 (line 96)
                      ; - com.seibel.distanthorizons.common.render.openGl.terrain.GlDhTerrainShaderProgram_neoforge::render@65 (line 283)
  0x00000281955c79f8: 04f9 88fc 

  0x00000281955c79fc: ;   {other}
  0x00000281955c79fc: 0f1f 8400 | ec10 0029 | ba45 ffff 

  0x00000281955c7a08: ;   {runtime_call UncommonTrapBlob}
  0x00000281955c7a08: ff66 90e8 

  0x00000281955c7a0c: ; ImmutableOopMap {rbp=Oop [0]=Oop [16]=Oop }
                      ;*ifne {reexecute=1 rethrow=0 return_oop=0}
                      ; - (reexecute) com.mojang.blaze3d.systems.RenderSystem::assertOnRenderThreadOrInit@9 (line 112)
                      ; - com.mojang.blaze3d.platform.GlStateManager$BooleanState::setEnabled@0 (line 773)
                      ; - com.mojang.blaze3d.platform.GlStateManager$BooleanState::enable@2 (line 769)
                      ; - com.mojang.blaze3d.platform.GlStateManager::_enableDepthTest@9 (line 70)
                      ; - com.seibel.distanthorizons.common.wrappers.minecraft.MinecraftGLWrapper::enableDepthTest@6 (line 96)
                      ; - com.seibel.distanthorizons.common.render.openGl.terrain.GlDhTerrainShaderProgram_neoforge::render@65 (line 283)
  0x00000281955c7a0c: f0f8 88fc 

  0x00000281955c7a10: ;   {other}
  0x00000281955c7a10: 0f1f 8400 | 0011 002a | ba45 ffff | ff4c 895c 

  0x00000281955c7a20: ;   {runtime_call UncommonTrapBlob}
  0x00000281955c7a20: 2418 90e8 

  0x00000281955c7a24: ; ImmutableOopMap {[0]=Oop [16]=Oop [24]=Oop }
                      ;*ifeq {reexecute=1 rethrow=0 return_oop=0}
                      ; - (reexecute) com.seibel.distanthorizons.core.config.types.ConfigEntry::get@4 (line 186)
                      ; - com.seibel.distanthorizons.common.render.openGl.terrain.GlDhTerrainShaderProgram_neoforge::render@3 (line 268)
  0x00000281955c7a24: d8f8 88fc 

  0x00000281955c7a28: ;   {other}
  0x00000281955c7a28: 0f1f 8400 | 1811 002b | ba45 ffff | ff4c 895c 

  0x00000281955c7a38: ;   {runtime_call UncommonTrapBlob}
  0x00000281955c7a38: 2418 90e8 

  0x00000281955c7a3c: ; ImmutableOopMap {rbp=Oop [0]=Oop [16]=Oop [24]=Oop }
                      ;*ifnull {reexecute=1 rethrow=0 return_oop=0}
                      ; - (reexecute) com.seibel.distanthorizons.core.config.types.ConfigEntry::get@11 (line 186)
                      ; - com.seibel.distanthorizons.common.render.openGl.terrain.GlDhTerrainShaderProgram_neoforge::render@3 (line 268)
  0x00000281955c7a3c: c0f8 88fc 

  0x00000281955c7a40: ;   {other}
  0x00000281955c7a40: 0f1f 8400 | 3011 002c | ba45 ffff 

  0x00000281955c7a4c: ;   {runtime_call UncommonTrapBlob}
  0x00000281955c7a4c: ff66 90e8 

  0x00000281955c7a50: ; ImmutableOopMap {[0]=Oop [16]=Oop }
                      ;*ifeq {reexecute=1 rethrow=0 return_oop=0}
                      ; - (reexecute) com.seibel.distanthorizons.common.render.openGl.terrain.GlDhTerrainShaderProgram_neoforge::render@16 (line 269)
  0x00000281955c7a50: acf8 88fc 

  0x00000281955c7a54: ;   {other}
  0x00000281955c7a54: 0f1f 8400 | 4411 002d | ba45 ffff | ff48 890c 

  0x00000281955c7a64: ;   {runtime_call UncommonTrapBlob}
  0x00000281955c7a64: 2466 90e8 

  0x00000281955c7a68: ; ImmutableOopMap {[0]=Oop [16]=Oop }
                      ;*ifnull {reexecute=1 rethrow=0 return_oop=0}
                      ; - (reexecute) com.seibel.distanthorizons.common.render.openGl.terrain.GlDhTerrainShaderProgram_neoforge::render@112 (line 309)
  0x00000281955c7a68: 94f8 88fc 

  0x00000281955c7a6c: ;   {other}
  0x00000281955c7a6c: 0f1f 8400 | 5c11 002e | ba45 ffff 

  0x00000281955c7a78: ;   {runtime_call UncommonTrapBlob}
  0x00000281955c7a78: ff66 90e8 

  0x00000281955c7a7c: ; ImmutableOopMap {[8]=Oop [16]=Oop [24]=Oop }
                      ;*ifne {reexecute=1 rethrow=0 return_oop=0}
                      ; - (reexecute) com.seibel.distanthorizons.common.render.openGl.terrain.GlDhTerrainShaderProgram_neoforge::render@297 (line 338)
  0x00000281955c7a7c: 80f8 88fc 

  0x00000281955c7a80: ;   {other}
  0x00000281955c7a80: 0f1f 8400 | 7011 002f | ba45 ffff | ff48 8944 | 24f8 8b44 | 2430 8944 | 2420 488b 

  0x00000281955c7a9c: ;   {runtime_call UncommonTrapBlob}
  0x00000281955c7a9c: 4424 f8e8 

  0x00000281955c7aa0: ; ImmutableOopMap {[8]=Oop [16]=Oop [24]=Oop [40]=Oop }
                      ;*ifeq {reexecute=1 rethrow=0 return_oop=0}
                      ; - (reexecute) com.seibel.distanthorizons.common.render.openGl.glObject.buffer.GLVertexBuffer::getQuadIBO@6 (line 59)
                      ; - com.seibel.distanthorizons.common.render.openGl.terrain.GlDhTerrainShaderProgram_neoforge::render@323 (line 347)
  0x00000281955c7aa0: 5cf8 88fc 

  0x00000281955c7aa4: ;   {other}
  0x00000281955c7aa4: 0f1f 8400 | 9411 0030 | ba45 ffff | ff48 8944 | 24f8 8b44 | 2430 8944 | 2420 488b 

  0x00000281955c7ac0: ;   {runtime_call UncommonTrapBlob}
  0x00000281955c7ac0: 4424 f8e8 

  0x00000281955c7ac4: ; ImmutableOopMap {[8]=Oop [16]=Oop [24]=Oop [40]=Oop }
                      ;*ifeq {reexecute=1 rethrow=0 return_oop=0}
                      ; - (reexecute) com.seibel.distanthorizons.common.render.openGl.glObject.buffer.GLVertexBuffer::getQuadIBO@6 (line 59)
                      ; - com.seibel.distanthorizons.common.render.openGl.terrain.GlDhTerrainShaderProgram_neoforge::render@350 (line 353)
  0x00000281955c7ac4: 38f8 88fc 

  0x00000281955c7ac8: ;   {other}
  0x00000281955c7ac8: 0f1f 8400 | b811 0031 | ba45 ffff 

  0x00000281955c7ad4: ;   {runtime_call UncommonTrapBlob}
  0x00000281955c7ad4: ff66 90e8 

  0x00000281955c7ad8: ; ImmutableOopMap {[8]=Oop [16]=Oop [24]=Oop [40]=Oop }
                      ;*ifeq {reexecute=1 rethrow=0 return_oop=0}
                      ; - (reexecute) com.seibel.distanthorizons.common.render.openGl.glObject.buffer.GLVertexBuffer::getQuadIBO@6 (line 59)
                      ; - com.seibel.distanthorizons.common.render.openGl.terrain.GlDhTerrainShaderProgram_neoforge::render@367 (line 356)
  0x00000281955c7ad8: 24f8 88fc 

  0x00000281955c7adc: ;   {other}
  0x00000281955c7adc: 0f1f 8400 | cc11 0032 | baf6 ffff 

  0x00000281955c7ae8: ;   {runtime_call UncommonTrapBlob}
  0x00000281955c7ae8: ff66 90e8 

  0x00000281955c7aec: ; ImmutableOopMap {}
                      ;*athrow {reexecute=1 rethrow=0 return_oop=0}
                      ; - (reexecute) jdk.internal.util.Preconditions::checkIndex@15 (line 302)
                      ; - java.util.Objects::checkIndex@3 (line 385)
                      ; - java.util.ArrayList::get@5 (line 427)
                      ; - com.seibel.distanthorizons.core.util.objects.SortedArraySet::get@5 (line 63)
                      ; - com.seibel.distanthorizons.common.render.openGl.terrain.GlDhTerrainShaderProgram_neoforge::render@130 (line 313)
  0x00000281955c7aec: 10f8 88fc 

  0x00000281955c7af0: ;   {other}
  0x00000281955c7af0: 0f1f 8400 | e011 0033 | bade ffff 

  0x00000281955c7afc: ;   {runtime_call UncommonTrapBlob}
  0x00000281955c7afc: ff66 90e8 

  0x00000281955c7b00: ; ImmutableOopMap {rbp=Oop [0]=Oop [16]=Oop }
                      ;*checkcast {reexecute=0 rethrow=0 return_oop=0}
                      ; - com.seibel.distanthorizons.common.render.openGl.terrain.GlDhTerrainShaderProgram_neoforge::render@6 (line 268)
  0x00000281955c7b00: fcf7 88fc 

  0x00000281955c7b04: ;   {other}
  0x00000281955c7b04: 0f1f 8400 | f411 0034 | bade ffff | ff41 8beb | 4c89 2424 | 4489 5424 | 0848 894c | 2410 4889 
  0x00000281955c7b24: ;   {runtime_call UncommonTrapBlob}
  0x00000281955c7b24: 5c24 18e8 

  0x00000281955c7b28: ; ImmutableOopMap {[0]=Oop [16]=Oop [24]=Oop }
                      ;*checkcast {reexecute=0 rethrow=0 return_oop=0}
                      ; - com.seibel.distanthorizons.common.render.openGl.terrain.GlDhTerrainShaderProgram_neoforge::render@133 (line 313)
  0x00000281955c7b28: d4f7 88fc 

  0x00000281955c7b2c: ;   {other}
  0x00000281955c7b2c: 0f1f 8400 | 1c12 0035 | bade ffff | ff8b 2c24 | 4889 4424 | f88b 4424 | 0489 0424 | 488b 4424 
  0x00000281955c7b4c: f84c 894c 

  0x00000281955c7b50: ;   {runtime_call UncommonTrapBlob}
  0x00000281955c7b50: 2420 90e8 

  0x00000281955c7b54: ; ImmutableOopMap {[8]=Oop [16]=Oop [24]=Oop [32]=Oop }
                      ;*checkcast {reexecute=0 rethrow=0 return_oop=0}
                      ; - com.seibel.distanthorizons.common.render.openGl.terrain.GlDhTerrainShaderProgram_neoforge::render@279 (line 332)
  0x00000281955c7b54: a8f7 88fc 

  0x00000281955c7b58: ;   {other}
  0x00000281955c7b58: 0f1f 8400 | 4812 0036 | e9e5 fbff | ffe9 e0fb | ffff e9db | fbff ffe9 | d6fb ffff | baf6 ffff 
  0x00000281955c7b78: ff41 8beb 

  0x00000281955c7b7c: ;   {runtime_call UncommonTrapBlob}
  0x00000281955c7b7c: 6666 90e8 

  0x00000281955c7b80: ; ImmutableOopMap {}
                      ;*invokevirtual get {reexecute=0 rethrow=0 return_oop=0}
                      ; - com.seibel.distanthorizons.core.util.objects.SortedArraySet::get@5 (line 63)
                      ; - com.seibel.distanthorizons.common.render.openGl.terrain.GlDhTerrainShaderProgram_neoforge::render@130 (line 313)
  0x00000281955c7b80: 7cf7 88fc 

  0x00000281955c7b84: ;   {other}
  0x00000281955c7b84: 0f1f 8400 | 7412 0037 | baf6 ffff | ff41 8beb 

  0x00000281955c7b94: ;   {runtime_call UncommonTrapBlob}
  0x00000281955c7b94: 6666 90e8 

  0x00000281955c7b98: ; ImmutableOopMap {}
                      ;*aaload {reexecute=0 rethrow=0 return_oop=0}
                      ; - java.util.ArrayList::elementData@5 (line 411)
                      ; - java.util.ArrayList::get@11 (line 428)
                      ; - com.seibel.distanthorizons.core.util.objects.SortedArraySet::get@5 (line 63)
                      ; - com.seibel.distanthorizons.common.render.openGl.terrain.GlDhTerrainShaderProgram_neoforge::render@130 (line 313)
  0x00000281955c7b98: 64f7 88fc 

  0x00000281955c7b9c: ;   {other}
  0x00000281955c7b9c: 0f1f 8400 | 8c12 0038 | baf4 ffff | ff41 8beb | 4c89 2424 | 4489 5424 | 0848 894c 

  0x00000281955c7bb8: ;   {runtime_call UncommonTrapBlob}
  0x00000281955c7bb8: 2410 90e8 

  0x00000281955c7bbc: ; ImmutableOopMap {[0]=Oop [16]=Oop }
                      ;*checkcast {reexecute=0 rethrow=0 return_oop=0}
                      ; - com.seibel.distanthorizons.common.render.openGl.terrain.GlDhTerrainShaderProgram_neoforge::render@133 (line 313)
  0x00000281955c7bbc: 40f7 88fc 

  0x00000281955c7bc0: ;   {other}
  0x00000281955c7bc0: 0f1f 8400 | b012 0039 | baf6 ffff 

  0x00000281955c7bcc: ;   {runtime_call UncommonTrapBlob}
  0x00000281955c7bcc: ff66 90e8 

  0x00000281955c7bd0: ; ImmutableOopMap {}
                      ;*invokevirtual getX {reexecute=0 rethrow=0 return_oop=0}
                      ; - com.seibel.distanthorizons.common.render.openGl.terrain.GlDhTerrainShaderProgram_neoforge::render@153 (line 319)
  0x00000281955c7bd0: 2cf7 88fc 

  0x00000281955c7bd4: ;   {other}
  0x00000281955c7bd4: 0f1f 8400 | c412 003a | baf6 ffff 

  0x00000281955c7be0: ;   {runtime_call UncommonTrapBlob}
  0x00000281955c7be0: ff66 90e8 

  0x00000281955c7be4: ; ImmutableOopMap {}
                      ;*getfield x {reexecute=1 rethrow=0 return_oop=0}
                      ; - (reexecute) com.seibel.distanthorizons.common.render.openGl.terrain.GlDhTerrainShaderProgram_neoforge::render@159 (line 319)
  0x00000281955c7be4: 18f7 88fc 

  0x00000281955c7be8: ;   {other}
  0x00000281955c7be8: 0f1f 8400 | d812 003b | baf6 ffff 

  0x00000281955c7bf4: ;   {runtime_call UncommonTrapBlob}
  0x00000281955c7bf4: ff66 90e8 

  0x00000281955c7bf8: ; ImmutableOopMap {}
                      ;*invokeinterface bind {reexecute=0 rethrow=0 return_oop=0}
                      ; - com.seibel.distanthorizons.common.render.openGl.terrain.GlDhTerrainShaderProgram_neoforge::render@207 (line 323)
  0x00000281955c7bf8: 04f7 88fc 

  0x00000281955c7bfc: ;   {other}
  0x00000281955c7bfc: 0f1f 8400 | ec12 003c | baf6 ffff 

  0x00000281955c7c08: ;   {runtime_call UncommonTrapBlob}
  0x00000281955c7c08: ff66 90e8 

  0x00000281955c7c0c: ; ImmutableOopMap {}
                      ;*invokevirtual bind {reexecute=0 rethrow=0 return_oop=0}
                      ; - com.seibel.distanthorizons.common.render.openGl.terrain.GlDhTerrainShaderProgram_neoforge::bind@12 (line 175)
                      ; - com.seibel.distanthorizons.common.render.openGl.terrain.GlDhTerrainShaderProgram_neoforge::render@207 (line 323)
  0x00000281955c7c0c: f0f6 88fc 

  0x00000281955c7c10: ;   {other}
  0x00000281955c7c10: 0f1f 8400 | 0013 003d | baf6 ffff | ff48 8b6c 

  0x00000281955c7c20: ;   {runtime_call UncommonTrapBlob}
  0x00000281955c7c20: 2420 90e8 

  0x00000281955c7c24: ; ImmutableOopMap {rbp=Oop }
                      ;*invokeinterface setModelOffsetPos {reexecute=0 rethrow=0 return_oop=0}
                      ; - com.seibel.distanthorizons.common.render.openGl.terrain.GlDhTerrainShaderProgram_neoforge::render@220 (line 324)
  0x00000281955c7c24: d8f6 88fc 

  0x00000281955c7c28: ;   {other}
  0x00000281955c7c28: 0f1f 8400 | 1813 003e | baf6 ffff 

  0x00000281955c7c34: ;   {runtime_call UncommonTrapBlob}
  0x00000281955c7c34: ff66 90e8 

  0x00000281955c7c38: ; ImmutableOopMap {}
                      ;*arraylength {reexecute=0 rethrow=0 return_oop=0}
                      ; - com.seibel.distanthorizons.common.render.openGl.terrain.GlDhTerrainShaderProgram_neoforge::render@270 (line 330)
  0x00000281955c7c38: c4f6 88fc 

  0x00000281955c7c3c: ;   {other}
  0x00000281955c7c3c: 0f1f 8400 | 2c13 003f | baf6 ffff 

  0x00000281955c7c48: ;   {runtime_call UncommonTrapBlob}
  0x00000281955c7c48: ff66 90e8 

  0x00000281955c7c4c: ; ImmutableOopMap {}
                      ;*invokevirtual size {reexecute=0 rethrow=0 return_oop=0}
                      ; - com.seibel.distanthorizons.core.util.objects.SortedArraySet::size@4 (line 65)
                      ; - com.seibel.distanthorizons.common.render.openGl.terrain.GlDhTerrainShaderProgram_neoforge::render@121 (line 311)
  0x00000281955c7c4c: b0f6 88fc 

  0x00000281955c7c50: ;   {other}
  0x00000281955c7c50: 0f1f 8400 | 4013 0040 | e9ed faff | ffe9 e8fa | ffff e9e3 | faff ffe9 | defa ffff | e9d9 faff 
  0x00000281955c7c70: ffe9 d4fa | ffff e9cf | faff ffe9 | cafa ffff | e9c5 faff | ffe9 c0fa | ffff e9bb | faff ffe9 
  0x00000281955c7c90: b6fa ffff | e9b1 faff | ffe9 acfa | ffff e9a7 | faff ffe9 | a2fa ffff | e99d faff | ffe9 98fa 
  0x00000281955c7cb0: ffff baf6 

  0x00000281955c7cb4: ;   {runtime_call UncommonTrapBlob}
  0x00000281955c7cb4: ffff ffe8 

  0x00000281955c7cb8: ; ImmutableOopMap {}
                      ;*invokevirtual get {reexecute=0 rethrow=0 return_oop=0}
                      ; - com.seibel.distanthorizons.common.render.openGl.terrain.GlDhTerrainShaderProgram_neoforge::render@3 (line 268)
  0x00000281955c7cb8: 44f6 88fc 

  0x00000281955c7cbc: ;   {other}
  0x00000281955c7cbc: 0f1f 8400 | ac13 0041 | baf4 ffff | ff49 8be8 | 4489 0c24 

  0x00000281955c7cd0: ;   {runtime_call UncommonTrapBlob}
  0x00000281955c7cd0: 6666 90e8 

  0x00000281955c7cd4: ; ImmutableOopMap {rbp=Oop [16]=Oop }
                      ;*checkcast {reexecute=0 rethrow=0 return_oop=0}
                      ; - com.seibel.distanthorizons.common.render.openGl.terrain.GlDhTerrainShaderProgram_neoforge::render@6 (line 268)
  0x00000281955c7cd4: 28f6 88fc 

  0x00000281955c7cd8: ;   {other}
  0x00000281955c7cd8: 0f1f 8400 | c813 0042 | baf6 ffff 

  0x00000281955c7ce4: ;   {runtime_call UncommonTrapBlob}
  0x00000281955c7ce4: ff66 90e8 

  0x00000281955c7ce8: ; ImmutableOopMap {}
                      ;*invokevirtual enable {reexecute=0 rethrow=0 return_oop=0}
                      ; - com.mojang.blaze3d.platform.GlStateManager::_enableCull@9 (line 438)
                      ; - com.seibel.distanthorizons.common.wrappers.minecraft.MinecraftGLWrapper::enableFaceCulling@6 (line 193)
                      ; - com.seibel.distanthorizons.common.render.openGl.terrain.GlDhTerrainShaderProgram_neoforge::render@49 (line 277)
  0x00000281955c7ce8: 14f6 88fc 

  0x00000281955c7cec: ;   {other}
  0x00000281955c7cec: 0f1f 8400 | dc13 0043 | baf6 ffff 

  0x00000281955c7cf8: ;   {runtime_call UncommonTrapBlob}
  0x00000281955c7cf8: ff66 90e8 

  0x00000281955c7cfc: ; ImmutableOopMap {}
                      ;*invokevirtual size {reexecute=0 rethrow=0 return_oop=0}
                      ; - com.seibel.distanthorizons.core.util.objects.SortedArraySet::size@4 (line 65)
                      ; - com.seibel.distanthorizons.common.render.openGl.terrain.GlDhTerrainShaderProgram_neoforge::render@121 (line 311)
  0x00000281955c7cfc: 00f6 88fc 

  0x00000281955c7d00: ;   {other}
  0x00000281955c7d00: 0f1f 8400 | f013 0044 | baf4 ffff | ff8b 2c24 | 4889 4424 | f88b 4424 | 0489 0424 | 488b 4424 
  0x00000281955c7d20: ;   {runtime_call UncommonTrapBlob}
  0x00000281955c7d20: f866 90e8 

  0x00000281955c7d24: ; ImmutableOopMap {[8]=Oop [16]=Oop [24]=Oop }
                      ;*checkcast {reexecute=0 rethrow=0 return_oop=0}
                      ; - com.seibel.distanthorizons.common.render.openGl.terrain.GlDhTerrainShaderProgram_neoforge::render@279 (line 332)
  0x00000281955c7d24: d8f5 88fc 

  0x00000281955c7d28: ;   {other}
  0x00000281955c7d28: 0f1f 8400 | 1814 0045 | baf6 ffff 

  0x00000281955c7d34: ;   {runtime_call UncommonTrapBlob}
  0x00000281955c7d34: ff66 90e8 

  0x00000281955c7d38: ; ImmutableOopMap {}
                      ;*invokevirtual bind {reexecute=0 rethrow=0 return_oop=0}
                      ; - com.seibel.distanthorizons.common.render.openGl.terrain.GlDhTerrainShaderProgram_neoforge::render@326 (line 347)
  0x00000281955c7d38: c4f5 88fc 

  0x00000281955c7d3c: ;   {other}
  0x00000281955c7d3c: 0f1f 8400 | 2c14 0046 | baf6 ffff | ff41 8be8 

  0x00000281955c7d4c: ;   {runtime_call UncommonTrapBlob}
  0x00000281955c7d4c: 6666 90e8 

  0x00000281955c7d50: ; ImmutableOopMap {}
                      ;*invokeinterface bindVertexBuffer {reexecute=0 rethrow=0 return_oop=0}
                      ; - com.seibel.distanthorizons.common.render.openGl.terrain.GlDhTerrainShaderProgram_neoforge::render@340 (line 349)
  0x00000281955c7d50: acf5 88fc 

  0x00000281955c7d54: ;   {other}
  0x00000281955c7d54: 0f1f 8400 | 4414 0047 | baf6 ffff | ff41 8be8 

  0x00000281955c7d64: ;   {runtime_call UncommonTrapBlob}
  0x00000281955c7d64: 6666 90e8 

  0x00000281955c7d68: ; ImmutableOopMap {}
                      ;*invokevirtual bindBufferToAllBindingPoints {reexecute=0 rethrow=0 return_oop=0}
                      ; - com.seibel.distanthorizons.common.render.openGl.terrain.GlDhTerrainShaderProgram_neoforge::bindVertexBuffer@5 (line 192)
                      ; - com.seibel.distanthorizons.common.render.openGl.terrain.GlDhTerrainShaderProgram_neoforge::render@340 (line 349)
  0x00000281955c7d68: 94f5 88fc 

  0x00000281955c7d6c: ;   {other}
  0x00000281955c7d6c: 0f1f 8400 | 5c14 0048 | baf6 ffff 

  0x00000281955c7d78: ;   {runtime_call UncommonTrapBlob}
  0x00000281955c7d78: ff66 90e8 

  0x00000281955c7d7c: ; ImmutableOopMap {}
                      ;*invokevirtual getGlType {reexecute=0 rethrow=0 return_oop=0}
                      ; - com.seibel.distanthorizons.common.render.openGl.terrain.GlDhTerrainShaderProgram_neoforge::render@353 (line 353)
  0x00000281955c7d7c: 80f5 88fc 

  0x00000281955c7d80: ;   {other}
  0x00000281955c7d80: 0f1f 8400 | 7014 0049 | baf6 ffff 

  0x00000281955c7d8c: ;   {runtime_call UncommonTrapBlob}
  0x00000281955c7d8c: ff66 90e8 

  0x00000281955c7d90: ; ImmutableOopMap {}
                      ;*invokevirtual disable {reexecute=0 rethrow=0 return_oop=0}
                      ; - com.mojang.blaze3d.platform.GlStateManager::_disableBlend@9 (line 91)
                      ; - com.seibel.distanthorizons.common.wrappers.minecraft.MinecraftGLWrapper::disableBlend@6 (line 138)
                      ; - com.seibel.distanthorizons.common.render.openGl.terrain.GlDhTerrainShaderProgram_neoforge::render@96 (line 289)
  0x00000281955c7d90: 6cf5 88fc 

  0x00000281955c7d94: ;   {other}
  0x00000281955c7d94: 0f1f 8400 | 8414 004a | baf6 ffff 

  0x00000281955c7da0: ;   {runtime_call UncommonTrapBlob}
  0x00000281955c7da0: ff66 90e8 

  0x00000281955c7da4: ; ImmutableOopMap {}
                      ;*invokevirtual enable {reexecute=0 rethrow=0 return_oop=0}
                      ; - com.mojang.blaze3d.platform.GlStateManager::_enableBlend@9 (line 96)
                      ; - com.seibel.distanthorizons.common.wrappers.minecraft.MinecraftGLWrapper::enableBlend@6 (line 132)
                      ; - com.seibel.distanthorizons.common.render.openGl.terrain.GlDhTerrainShaderProgram_neoforge::render@59 (line 282)
  0x00000281955c7da4: 58f5 88fc 

  0x00000281955c7da8: ;   {other}
  0x00000281955c7da8: 0f1f 8400 | 9814 004b | baf6 ffff 

  0x00000281955c7db4: ;   {runtime_call UncommonTrapBlob}
  0x00000281955c7db4: ff66 90e8 

  0x00000281955c7db8: ; ImmutableOopMap {}
                      ;*invokevirtual enable {reexecute=0 rethrow=0 return_oop=0}
                      ; - com.mojang.blaze3d.platform.GlStateManager::_enableDepthTest@9 (line 70)
                      ; - com.seibel.distanthorizons.common.wrappers.minecraft.MinecraftGLWrapper::enableDepthTest@6 (line 96)
                      ; - com.seibel.distanthorizons.common.render.openGl.terrain.GlDhTerrainShaderProgram_neoforge::render@65 (line 283)
  0x00000281955c7db8: 44f5 88fc 

  0x00000281955c7dbc: ;   {other}
  0x00000281955c7dbc: 0f1f 8400 | ac14 004c | e981 f9ff | ffe9 7cf9 | ffff e977 | f9ff ff4d | 8b9a e000 | 0000 4883 
  0x00000281955c7ddc: ec40 4c89 | 5424 384c | 8944 2430 | 4c89 4c24 | 2849 8d92 | e000 0000 

  0x00000281955c7df4: ;   {runtime_call}
  0x00000281955c7df4: 498b cb48 | b8b0 80f5 | 2aff 7f00 | 00ff d04c | 8bd8 4c8b | 4c24 284c | 8b44 2430 | 4c8b 5424 
  0x00000281955c7e14: 38c5 f877 | 4883 c440 | e9b2 efff | ff49 8b6b | 6848 83ec | 404c 895c | 2438 4c89 | 4424 304c 
  0x00000281955c7e34: 894c 2428 | 498d 5368 

  0x00000281955c7e3c: ;   {runtime_call}
  0x00000281955c7e3c: 488b cd48 | b8b0 80f5 | 2aff 7f00 | 00ff d048 | 8be8 4c8b | 4c24 284c | 8b44 2430 | 4c8b 5c24 
  0x00000281955c7e5c: 38c5 f877 | 4883 c440 | e985 efff | ff49 8b6b | 2848 83ec | 404c 895c | 2438 4c89 | 4424 304c 
  0x00000281955c7e7c: 894c 2428 | 498d 5328 

  0x00000281955c7e84: ;   {runtime_call}
  0x00000281955c7e84: 488b cd48 | b8b0 80f5 | 2aff 7f00 | 00ff d048 | 8be8 4c8b | 4c24 284c | 8b44 2430 | 4c8b 5c24 
  0x00000281955c7ea4: 38c5 f877 | 4883 c440 | e954 efff | ff49 8b2a | 4883 ec40 | 4c89 5424 | 384c 8944 | 2430 4889 
  0x00000281955c7ec4: 5424 2849 | 8d12 488b 

  0x00000281955c7ecc: ;   {runtime_call}
  0x00000281955c7ecc: cd48 b8b0 | 80f5 2aff | 7f00 00ff | d048 8be8 | 488b 5424 | 284c 8b44 | 2430 4c8b | 5424 38c5 
  0x00000281955c7eec: f877 4883 | c440 e94a | efff ff4d | 8b93 d000 | 0000 4883 | ec30 4c89 | 5c24 2849 | 8d93 d000 
  0x00000281955c7f0c: 0000 498b 

  0x00000281955c7f10: ;   {runtime_call}
  0x00000281955c7f10: ca48 b8b0 | 80f5 2aff | 7f00 00ff | d04c 8bd0 | 4c8b 5c24 | 28c5 f877 | 4883 c430 | e94e efff 
  0x00000281955c7f30: ff4d 8b5a | 1048 83ec | 304c 8954 | 2428 498d | 5210 498b 

  0x00000281955c7f44: ;   {runtime_call}
  0x00000281955c7f44: cb48 b8b0 | 80f5 2aff | 7f00 00ff | d04c 8bd8 | 4c8b 5424 | 28c5 f877 | 4883 c430 | e93b efff 
  0x00000281955c7f64: ff4d 8b93 | d000 0000 | 4883 ec30 | 4c89 5c24 | 2849 8d93 | d000 0000 

  0x00000281955c7f7c: ;   {runtime_call}
  0x00000281955c7f7c: 498b ca48 | b8b0 80f5 | 2aff 7f00 | 00ff d04c | 8bd0 4c8b | 5c24 28c5 | f877 4883 | c430 e968 
  0x00000281955c7f9c: efff ff4d | 8b53 2048 | 83ec 304c | 895c 2428 | 498d 5320 

  0x00000281955c7fb0: ;   {runtime_call}
  0x00000281955c7fb0: 498b ca48 | b8b0 80f5 | 2aff 7f00 | 00ff d04c | 8bd0 4c8b | 5c24 28c5 | f877 4883 | c430 e95a 
  0x00000281955c7fd0: efff ff4c | 8b41 1048 | 83ec 304c | 8954 2428 | 4889 4c24 | 2048 8d51 | 1049 8bc8 

  0x00000281955c7fec: ;   {runtime_call}
  0x00000281955c7fec: 48b8 b080 | f52a ff7f | 0000 ffd0 | 4c8b c048 | 8b4c 2420 | 4c8b 5424 | 28c5 f877 | 4883 c430 
  0x00000281955c800c: e95e efff | ff4d 8b93 | d000 0000 | 4883 ec30 | 4c89 5c24 | 2849 8d93 | d000 0000 

  0x00000281955c8028: ;   {runtime_call}
  0x00000281955c8028: 498b ca48 | b8b0 80f5 | 2aff 7f00 | 00ff d04c | 8bd0 4c8b | 5c24 28c5 | f877 4883 | c430 e970 
  0x00000281955c8048: efff ff4d | 8b53 2048 | 83ec 304c | 895c 2428 | 498d 5320 

  0x00000281955c805c: ;   {runtime_call}
  0x00000281955c805c: 498b ca48 | b8b0 80f5 | 2aff 7f00 | 00ff d04c | 8bd0 4c8b | 5c24 28c5 | f877 4883 | c430 e95d 
  0x00000281955c807c: efff ff4d | 8b98 d000 | 0000 4883 | ec30 4c89 | 5424 284c | 8944 2420 | 498d 90d0 | 0000 0049 
  0x00000281955c809c: ;   {runtime_call}
  0x00000281955c809c: 8bcb 48b8 | b080 f52a | ff7f 0000 | ffd0 4c8b | d84c 8b44 | 2420 4c8b | 5424 28c5 | f877 4883 
  0x00000281955c80bc: c430 e97e | efff ff49 | 8b68 1848 | 83ec 404c | 8954 2438 | 4c89 5c24 | 304c 8944 | 2428 4c89 
  0x00000281955c80dc: 4c24 2049 | 8d50 1848 

  0x00000281955c80e4: ;   {runtime_call}
  0x00000281955c80e4: 8bcd 48b8 | b080 f52a | ff7f 0000 | ffd0 488b | e84c 8b4c | 2420 4c8b | 4424 284c | 8b5c 2430 
  0x00000281955c8104: 4c8b 5424 | 38c5 f877 | 4883 c440 | e959 efff | ff4d 8b93 | d000 0000 | 4883 ec30 | 4c89 5c24 
  0x00000281955c8124: 2849 8d93 | d000 0000 

  0x00000281955c812c: ;   {runtime_call}
  0x00000281955c812c: 498b ca48 | b8b0 80f5 | 2aff 7f00 | 00ff d04c | 8bd0 4c8b | 5c24 28c5 | f877 4883 | c430 e9ac 
  0x00000281955c814c: efff ff49 | 8b68 1848 | 83ec 404c | 8954 2438 | 4c89 5c24 | 304c 8944 | 2428 4889 | 4c24 2049 
  0x00000281955c816c: 8d50 1848 

  0x00000281955c8170: ;   {runtime_call}
  0x00000281955c8170: 8bcd 48b8 | b080 f52a | ff7f 0000 | ffd0 488b | e848 8b4c | 2420 4c8b | 4424 284c | 8b5c 2430 
  0x00000281955c8190: 4c8b 5424 | 38c5 f877 | 4883 c440 | e918 f0ff | ff4a 8b5c | dd10 4883 | ec40 4c89 | 5424 384c 
  0x00000281955c81b0: 895c 2430 | 4889 4c24 | 284a 8d54 | dd10 488b 

  0x00000281955c81c0: ;   {runtime_call}
  0x00000281955c81c0: cb48 b8b0 | 80f5 2aff | 7f00 00ff | d048 8bd8 | 488b 4c24 | 284c 8b5c | 2430 4c8b | 5424 38c5 
  0x00000281955c81e0: f877 4883 | c440 e9ea | efff ff49 | 8b94 2488 | 0000 0048 | 83ec 504c | 8954 2448 | 4c89 5c24 
  0x00000281955c8200: 404c 8944 | 2438 4889 | 4c24 3048 | 8974 2428 | 488b ca49 | 8d94 2488 

  0x00000281955c8218: ;   {runtime_call}
  0x00000281955c8218: 0000 0048 | b8b0 80f5 | 2aff 7f00 | 00ff d048 | 8bd0 488b | 7424 2848 | 8b4c 2430 | 4c8b 4424 
  0x00000281955c8238: 384c 8b5c | 2440 4c8b | 5424 48c5 | f877 4883 | c450 e9b7 | efff ff4c | 8b4b 1848 | 83ec 504c 
  0x00000281955c8258: 8954 2448 | 4c89 5c24 | 4048 894c | 2438 4889 | 5424 3048 | 8974 2428 | 488d 5318 

  0x00000281955c8274: ;   {runtime_call}
  0x00000281955c8274: 498b c948 | b8b0 80f5 | 2aff 7f00 | 00ff d04c | 8bc8 488b | 7424 2848 | 8b54 2430 | 488b 4c24 
  0x00000281955c8294: 384c 8b5c | 2440 4c8b | 5424 48c5 | f877 4883 | c450 e9a9 | efff ff4d | 8b48 4048 | 83ec 504c 
  0x00000281955c82b4: 8954 2448 | 4c89 5c24 | 404c 8944 | 2438 4889 | 4c24 3048 | 8974 2428 | 498d 5040 

  0x00000281955c82d0: ;   {runtime_call}
  0x00000281955c82d0: 498b c948 | b8b0 80f5 | 2aff 7f00 | 00ff d04c | 8bc8 488b | 7424 2848 | 8b4c 2430 | 4c8b 4424 
  0x00000281955c82f0: 384c 8b5c | 2440 4c8b | 5424 48c5 | f877 4883 | c450 e9c1 | efff ff4c | 8b55 4848 | 83ec 2048 
  0x00000281955c8310: 8d55 4849 

  0x00000281955c8314: ;   {runtime_call}
  0x00000281955c8314: 8bca 48b8 | b080 f52a | ff7f 0000 | ffd0 4c8b | d0c5 f877 | 4883 c420 | e9f5 efff | ff49 8b6a 
  0x00000281955c8334: 4048 83ec | 304c 8954 | 2428 498d | 5240 488b 

  0x00000281955c8344: ;   {runtime_call}
  0x00000281955c8344: cd48 b8b0 | 80f5 2aff | 7f00 00ff | d048 8be8 | 4c8b 5424 | 28c5 f877 | 4883 c430 | e9eb efff 
  0x00000281955c8364: ff4d 8b57 | 6049 83ba | 3803 0000 | 000f 842d | 0000 0041 | 574d 8bba | 3803 0000 | 4983 ef10 
  0x00000281955c8384: 4d89 ba38 | 0300 004f | 8d3c 3a4c | 8d55 584d | 8917 4d8b | 124d 8957 | 0841 5fe9 | a2f0 ffff 
  0x00000281955c83a4: 4883 ec30 | 4c89 5424 | 284c 895c | 2420 488d 

  0x00000281955c83b4: ;   {runtime_call}
  0x00000281955c83b4: 4d58 48b8 | 1082 f52a | ff7f 0000 | ffd0 4c8b | 5c24 204c | 8b54 2428 | c5f8 7748 | 83c4 30eb 
  0x00000281955c83d4: ca4d 8b58 | 2048 83ec | 304c 8954 | 2428 4c89 | 4424 2049 | 8d50 2049 

  0x00000281955c83ec: ;   {runtime_call}
  0x00000281955c83ec: 8bcb 48b8 | b080 f52a | ff7f 0000 | ffd0 4c8b | d84c 8b44 | 2420 4c8b | 5424 28c5 | f877 4883 
  0x00000281955c840c: c430 e981 | f0ff ff4d | 8b48 2848 | 83ec 404c | 8954 2438 | 4c89 5c24 | 304c 8944 | 2428 498d 
  0x00000281955c842c: 5028 498b 

  0x00000281955c8430: ;   {runtime_call}
  0x00000281955c8430: c948 b8b0 | 80f5 2aff | 7f00 00ff | d04c 8bc8 | 4c8b 4424 | 284c 8b5c | 2430 4c8b | 5424 38c5 
  0x00000281955c8450: f877 4883 | c440 e947 | f0ff ff4c | 8b41 1048 | 83ec 404c | 8954 2438 | 4c89 5c24 | 3048 894c 
  0x00000281955c8470: 2428 488d | 5110 498b 

  0x00000281955c8478: ;   {runtime_call}
  0x00000281955c8478: c848 b8b0 | 80f5 2aff | 7f00 00ff | d04c 8bc0 | 488b 4c24 | 284c 8b5c | 2430 4c8b | 5424 38c5 
  0x00000281955c8498: f877 4883 | c440 e933 | f0ff ff4f | 8b4c c210 | 4883 ec30 | 4c89 5424 | 284c 8944 | 2420 4b8d 
  0x00000281955c84b8: 54c2 1049 

  0x00000281955c84bc: ;   {runtime_call}
  0x00000281955c84bc: 8bc9 48b8 | b080 f52a | ff7f 0000 | ffd0 4c8b | c84c 8b44 | 2420 4c8b | 5424 28c5 | f877 4883 
  0x00000281955c84dc: c430 e94b | f0ff ff4d | 8b93 c000 | 0000 4883 | ec30 4c89 | 5c24 2849 | 8d93 c000 | 0000 498b 
  0x00000281955c84fc: ;   {runtime_call}
  0x00000281955c84fc: ca48 b8b0 | 80f5 2aff | 7f00 00ff | d04c 8bd0 | 4c8b 5c24 | 28c5 f877 | 4883 c430 | e9a1 f0ff 
  0x00000281955c851c: ff49 8b6a | 4048 83ec | 304c 8954 | 2428 4c89 | 4424 2049 | 8d52 4048 

  0x00000281955c8534: ;   {runtime_call}
  0x00000281955c8534: 8bcd 48b8 | b080 f52a | ff7f 0000 | ffd0 488b | e84c 8b44 | 2420 4c8b | 5424 28c5 | f877 4883 
  0x00000281955c8554: c430 e99a | f0ff ff4c | 8b5d 4848 | 83ec 304c | 8944 2428 | 488d 5548 

  0x00000281955c856c: ;   {runtime_call}
  0x00000281955c856c: 498b cb48 | b8b0 80f5 | 2aff 7f00 | 00ff d04c | 8bd8 4c8b | 4424 28c5 | f877 4883 | c430 e985 
  0x00000281955c858c: f0ff ff4d | 8b93 c000 | 0000 4883 | ec30 4c89 | 5c24 2849 | 8d93 c000 | 0000 498b 

  0x00000281955c85a8: ;   {runtime_call}
  0x00000281955c85a8: ca48 b8b0 | 80f5 2aff | 7f00 00ff | d04c 8bd0 | 4c8b 5c24 | 28c5 f877 | 4883 c430 | e9a1 f0ff 
  0x00000281955c85c8: ff4d 8b93 | c000 0000 | 4883 ec30 | 4c89 5c24 | 2849 8d93 | c000 0000 

  0x00000281955c85e0: ;   {runtime_call}
  0x00000281955c85e0: 498b ca48 | b8b0 80f5 | 2aff 7f00 | 00ff d04c | 8bd0 4c8b | 5c24 28c5 | f877 4883 | c430 e9cf 
  0x00000281955c8600: f0ff ff48 | 83ec 08c5 | fb11 0424 

  0x00000281955c860c: ;   {runtime_call StubRoutines (initial stubs)}
  0x00000281955c860c: e82c 8d83 | fc41 5ae9 | 5def ffff 

  0x00000281955c8618: ;   {internal_word}
  0x00000281955c8618: 49ba e874 | 5c95 8102 | 0000 4d89 | 9760 0400 

  0x00000281955c8628: ;   {runtime_call SafepointBlob}
  0x00000281955c8628: 00e9 52db 

  0x00000281955c862c: ;   {runtime_call StubRoutines (final stubs)}
  0x00000281955c862c: 88fc e86d | 6d87 fce9 | 72e7 ffff 
[Stub Code]
  0x00000281955c8638: ;   {no_reloc}
  0x00000281955c8638: 48bb 0000 | 0000 0000 

  0x00000281955c8640: ;   {runtime_call nmethod}
  0x00000281955c8640: 0000 e9fb 

  0x00000281955c8644: ;   {static_stub}
  0x00000281955c8644: ffff ff48 | bb00 0000 | 0000 0000 

  0x00000281955c8650: ;   {runtime_call nmethod}
  0x00000281955c8650: 00e9 fbff 

  0x00000281955c8654: ;   {static_stub}
  0x00000281955c8654: ffff 48bb | 0000 0000 | 0000 0000 

  0x00000281955c8660: ;   {runtime_call nmethod}
  0x00000281955c8660: e9fb ffff 

  0x00000281955c8664: ;   {static_stub}
  0x00000281955c8664: ff48 bb00 | 0000 0000 

  0x00000281955c866c: ;   {runtime_call nmethod}
  0x00000281955c866c: 0000 00e9 | fbff ffff 

  0x00000281955c8674: ;   {static_stub}
  0x00000281955c8674: 48bb 0000 | 0000 0000 

  0x00000281955c867c: ;   {runtime_call nmethod}
  0x00000281955c867c: 0000 e9fb 

  0x00000281955c8680: ;   {static_stub}
  0x00000281955c8680: ffff ff48 | bb00 0000 | 0000 0000 

  0x00000281955c868c: ;   {runtime_call nmethod}
  0x00000281955c868c: 00e9 fbff 

  0x00000281955c8690: ;   {static_stub}
  0x00000281955c8690: ffff 48bb | 0000 0000 | 0000 0000 

  0x00000281955c869c: ;   {runtime_call nmethod}
  0x00000281955c869c: e9fb ffff 

  0x00000281955c86a0: ;   {static_stub}
  0x00000281955c86a0: ff48 bb00 | 0000 0000 

  0x00000281955c86a8: ;   {runtime_call nmethod}
  0x00000281955c86a8: 0000 00e9 | fbff ffff 

  0x00000281955c86b0: ;   {static_stub}
  0x00000281955c86b0: 48bb 0000 | 0000 0000 

  0x00000281955c86b8: ;   {runtime_call nmethod}
  0x00000281955c86b8: 0000 e9fb 

  0x00000281955c86bc: ;   {static_stub}
  0x00000281955c86bc: ffff ff48 | bb00 0000 | 0000 0000 

  0x00000281955c86c8: ;   {runtime_call nmethod}
  0x00000281955c86c8: 00e9 fbff 

  0x00000281955c86cc: ;   {static_stub}
  0x00000281955c86cc: ffff 48bb | 0000 0000 | 0000 0000 

  0x00000281955c86d8: ;   {runtime_call nmethod}
  0x00000281955c86d8: e9fb ffff 

  0x00000281955c86dc: ;   {static_stub}
  0x00000281955c86dc: ff48 bb00 | 0000 0000 

  0x00000281955c86e4: ;   {runtime_call nmethod}
  0x00000281955c86e4: 0000 00e9 | fbff ffff 

  0x00000281955c86ec: ;   {static_stub}
  0x00000281955c86ec: 48bb 0000 | 0000 0000 

  0x00000281955c86f4: ;   {runtime_call nmethod}
  0x00000281955c86f4: 0000 e9fb 

  0x00000281955c86f8: ;   {static_stub}
  0x00000281955c86f8: ffff ff48 | bb00 0000 | 0000 0000 

  0x00000281955c8704: ;   {runtime_call nmethod}
  0x00000281955c8704: 00e9 fbff 

  0x00000281955c8708: ;   {runtime_call ExceptionBlob}
  0x00000281955c8708: ffff e971 | bc94 fce8 | 0000 0000 | 4883 2c24 

  0x00000281955c8718: ;   {runtime_call DeoptimizationBlob}
  0x00000281955c8718: 05e9 02ef | 88fc f4f4 
[/MachCode]


Compiled method (c2) 272326 75102   !   4       com.seibel.distanthorizons.core.render.renderer.LodRenderer::renderTerrain (711 bytes)
 total in heap  [0x0000028194631210,0x000002819463c010] = 44544
 relocation     [0x0000028194631370,0x0000028194631cb8] = 2376
 constants      [0x0000028194631cc0,0x0000028194631d00] = 64
 main code      [0x0000028194631d00,0x0000028194638180] = 25728
 stub code      [0x0000028194638180,0x0000028194638510] = 912
 oops           [0x0000028194638510,0x0000028194638590] = 128
 metadata       [0x0000028194638590,0x0000028194638a50] = 1216
 scopes data    [0x0000028194638a50,0x000002819463a788] = 7480
 scopes pcs     [0x000002819463a788,0x000002819463b628] = 3744
 dependencies   [0x000002819463b628,0x000002819463b720] = 248
 handler table  [0x000002819463b720,0x000002819463be70] = 1872
 nul chk table  [0x000002819463be70,0x000002819463c010] = 416


[Constant Pool]
             Address          hex4                    hex8      
  0x0000028194631cc0:   0x00000000      0x3ff0000000000000      
  0x0000028194631cc4:   0x3ff00000                              
  0x0000028194631cc8:   0x3f800000      0x358637bd3f800000      
  0x0000028194631ccc:   0x358637bd                              
  0x0000028194631cd0:   0x40800000      0x3e4ccccd40800000      
  0x0000028194631cd4:   0x3e4ccccd                              
  0x0000028194631cd8:   0x3e800000      0x3ca3d70a3e800000      
  0x0000028194631cdc:   0x3ca3d70a                              
  0x0000028194631ce0:   0x44c80000      0xf4f4f4f444c80000      
  0x0000028194631ce4:   0xf4f4f4f4                              
  0x0000028194631ce8:   0xf4f4f4f4      0xf4f4f4f4f4f4f4f4      
  0x0000028194631cec:   0xf4f4f4f4                              
  0x0000028194631cf0:   0xf4f4f4f4      0xf4f4f4f4f4f4f4f4      
  0x0000028194631cf4:   0xf4f4f4f4                              
  0x0000028194631cf8:   0xf4f4f4f4      0xf4f4f4f4f4f4f4f4      
  0x0000028194631cfc:   0xf4f4f4f4                              

[MachCode]
[Entry Point]
  # {method} {0x0000028660789ff0} 'renderTerrain' '(Lcom/seibel/distanthorizons/core/render/RenderParams;Lcom/seibel/distanthorizons/core/wrapperInterfaces/minecraft/IProfilerWrapper;Z)V' in 'com/seibel/distanthorizons/core/render/renderer/LodRenderer'
  # this:     rdx:rdx   = 'com/seibel/distanthorizons/core/render/renderer/LodRenderer'
  # parm0:    r8:r8     = 'com/seibel/distanthorizons/core/render/RenderParams'
  # parm1:    r9:r9     = 'com/seibel/distanthorizons/core/wrapperInterfaces/minecraft/IProfilerWrapper'
  # parm2:    rdi       = boolean
  #           [sp+0xa0]  (sp of caller)
  0x0000028194631d00: ;   {no_reloc}
  0x0000028194631d00: 448b 5208 

  0x0000028194631d04: ;   {runtime_call ic_miss_stub}
  0x0000028194631d04: 493b c20f | 8573 c981 | fd66 6690 
[Verified Entry Point]
  0x0000028194631d10: 8984 2400 | 80ff ff55 | 4881 ec90 | 0000 0090 | 4181 7f58 | 2016 0000 | 0f85 4864 | 0000 4c89 
  0x0000028194631d30: 4c24 084d | 8bd8 4889 

  0x0000028194631d38: ;   {oop(a 'com/seibel/distanthorizons/core/render/DhApiRenderProxy'{0x000004012741c670})}
  0x0000028194631d38: 1424 49ba | 70c6 4127 | 0104 0000 | 450f b652 | 0c85 ff0f | 84a1 1800 | 0045 85d2 | 0f85 1a2d 
  0x0000028194631d58: 0000 e97d | 1800 004c | 8bcd 4c8b | 6424 0845 | 33d2 e971 | 0400 0048 | 8b1c 244c | 8bcd 488b 
  0x0000028194631d78: 7424 084c | 8b5c 2428 | 4c8b 6424 | 1048 8b4c | 2430 488b | 7c24 3848 | 895c 2408 | 4c89 4c24 
  0x0000028194631d98: 1048 8974 | 2430 4c89 | 5c24 284c | 8964 2438 | 4889 4c24 | 4048 893c | 2448 8b14 | 244c 8b44 
  0x0000028194631db8: 2410 41b9 | 0100 0000 

  0x0000028194631dc0: ;   {optimized virtual_call}
  0x0000028194631dc0: 6666 90e8 

  0x0000028194631dc4: ; ImmutableOopMap {[0]=Oop [8]=Oop [16]=Oop [32]=Oop [40]=Oop [48]=Oop [56]=Oop [64]=Oop }
                      ;*invokevirtual setGLState {reexecute=0 rethrow=0 return_oop=0}
                      ; - com.seibel.distanthorizons.common.render.openGl.GlDhMetaRenderer_neoforge::runRenderPassSetup@94 (line 110)
                      ; - com.seibel.distanthorizons.core.render.renderer.LodRenderer::renderTerrain@99 (line 159)
  0x0000028194631dc4: 6887 19ff 

  0x0000028194631dc8: ;   {other}
  0x0000028194631dc8: 0f1f 8400 | b80b 0000 | 4c8b 5424 | 1049 8b6a 

  0x0000028194631dd8: ;   {other}
  0x0000028194631dd8: 7048 c1ed | 0d0f 871d | 4a00 0044 

  0x0000028194631de4: ;   {metadata('com/seibel/distanthorizons/common/wrappers/misc/LightMapWrapper_neoforge')}
  0x0000028194631de4: 8b5d 0841 | 81fb 303c | b683 0f85 | 7437 0000 | 48ff 7424 | 1048 8f44 | 2448 bac0 

  0x0000028194631e00: ;   {static_call}
  0x0000028194631e00: 8400 00e8 

  0x0000028194631e04: ; ImmutableOopMap {rbp=Oop [8]=Oop [16]=Oop [32]=Oop [40]=Oop [48]=Oop [56]=Oop [64]=Oop [72]=Oop }
                      ;*invokestatic glActiveTexture {reexecute=0 rethrow=0 return_oop=0}
                      ; - org.lwjgl.opengl.GL13::glActiveTexture@1 (line 570)
                      ; - com.seibel.distanthorizons.common.wrappers.minecraft.MinecraftGLWrapper::glActiveTexture@1 (line 213)
                      ; - com.seibel.distanthorizons.common.render.openGl.GlDhMetaRenderer_neoforge::bindLightmap@11 (line 454)
                      ; - com.seibel.distanthorizons.common.render.openGl.GlDhMetaRenderer_neoforge::runRenderPassSetup@102 (line 112)
                      ; - com.seibel.distanthorizons.core.render.renderer.LodRenderer::renderTerrain@99 (line 159)
  0x0000028194631e04: 50cf 5cff 

  0x0000028194631e08: ;   {other}
  0x0000028194631e08: 0f1f 8400 | f80b 0001 

  0x0000028194631e10: ;   {oop(a 'java/lang/Class'{0x0000040192a55d08} = 'com/mojang/blaze3d/systems/RenderSystem')}
  0x0000028194631e10: 49bb 085d | a592 0104 | 0000 4d8b | 93d0 0000 

  0x0000028194631e20: ;   {other}
  0x0000028194631e20: 0049 c1ea | 0d0f 8709 | 4a00 004c | 8b44 2420 | 4d3b c20f | 85eb 2600 

  0x0000028194631e38: ;   {oop(a 'java/lang/Class'{0x0000040118f84b78} = 'com/mojang/blaze3d/platform/GlStateManager')}
  0x0000028194631e38: 0049 ba78 | 4bf8 1801 | 0400 0045 | 8b9a 0401 | 0000 4585 | db75 064c | 8904 24eb | 234c 8904 
  0x0000028194631e58: 2441 c782 | 0401 0000 | 0000 0000 | bac0 8400 

  0x0000028194631e68: ;   {static_call}
  0x0000028194631e68: 0066 90e8 

  0x0000028194631e6c: ; ImmutableOopMap {rbp=Oop [0]=Oop [8]=Oop [16]=Oop [40]=Oop [48]=Oop [56]=Oop [64]=Oop [72]=Oop }
                      ;*invokestatic glActiveTexture {reexecute=0 rethrow=0 return_oop=0}
                      ; - org.lwjgl.opengl.GL13::glActiveTexture@1 (line 570)
                      ; - com.mojang.blaze3d.platform.GlStateManager::glActiveTexture@4 (line 398)
                      ; - com.mojang.blaze3d.platform.GlStateManager::_activeTexture@23 (line 492)
                      ; - com.seibel.distanthorizons.common.wrappers.minecraft.MinecraftGLWrapper::glActiveTexture@5 (line 214)
                      ; - com.seibel.distanthorizons.common.render.openGl.GlDhMetaRenderer_neoforge::bindLightmap@11 (line 454)
                      ; - com.seibel.distanthorizons.common.render.openGl.GlDhMetaRenderer_neoforge::runRenderPassSetup@102 (line 112)
                      ; - com.seibel.distanthorizons.core.render.renderer.LodRenderer::renderTerrain@99 (line 159)
  0x0000028194631e6c: 10d7 81fd 

  0x0000028194631e70: ;   {other}
  0x0000028194631e70: 0f1f 8400 | 600c 0002 | 448b 550c | 4489 5424 | 50ba e10d | 0000 458b 

  0x0000028194631e88: ;   {static_call}
  0x0000028194631e88: c266 90e8 

  0x0000028194631e8c: ; ImmutableOopMap {[0]=Oop [8]=Oop [16]=Oop [40]=Oop [48]=Oop [56]=Oop [64]=Oop [72]=Oop }
                      ;*invokestatic glBindTexture {reexecute=0 rethrow=0 return_oop=0}
                      ; - org.lwjgl.opengl.GL11::glBindTexture@2 (line 854)
                      ; - com.seibel.distanthorizons.common.wrappers.minecraft.MinecraftGLWrapper::glBindTexture@4 (line 224)
                      ; - com.seibel.distanthorizons.common.render.openGl.GlDhMetaRenderer_neoforge::bindLightmap@21 (line 455)
                      ; - com.seibel.distanthorizons.common.render.openGl.GlDhMetaRenderer_neoforge::runRenderPassSetup@102 (line 112)
                      ; - com.seibel.distanthorizons.core.render.renderer.LodRenderer::renderTerrain@99 (line 159)
  0x0000028194631e8c: 4843 fafe 

  0x0000028194631e90: ;   {other}
  0x0000028194631e90: 0f1f 8400 | 800c 0003 

  0x0000028194631e98: ;   {oop(a 'java/lang/Class'{0x0000040192a55d08} = 'com/mojang/blaze3d/systems/RenderSystem')}
  0x0000028194631e98: 49ba 085d | a592 0104 | 0000 450f | b69a 9401 | 0000 4585 | db0f 85bc 

  0x0000028194631eb0: ;   {oop(a 'java/lang/Class'{0x0000040192a55d08} = 'com/mojang/blaze3d/systems/RenderSystem')}
  0x0000028194631eb0: 1e00 0049 | bb08 5da5 | 9201 0400 | 004d 8b93 | d000 0000 

  0x0000028194631ec4: ;   {other}
  0x0000028194631ec4: 49c1 ea0d | 0f87 a049 | 0000 4c8b | 0c24 4d3b | ca0f 85b9 

  0x0000028194631ed8: ;   {oop(a 'java/lang/Class'{0x0000040118f84b78} = 'com/mojang/blaze3d/platform/GlStateManager')}
  0x0000028194631ed8: 2800 0049 | ba78 4bf8 | 1801 0400 | 0045 8b92 | 0401 0000 | 4183 fa0c | 0f83 7e20 

  0x0000028194631ef4: ;   {oop(a 'com/mojang/blaze3d/platform/GlStateManager$TextureState'[12] {0x0000040157c010f8})}
  0x0000028194631ef4: 0000 49bb | f810 c057 | 0104 0000 | 4f8b 44d3 

  0x0000028194631f04: ;   {other}
  0x0000028194631f04: 1049 c1e8 | 0d0f 8799 | 4900 0045 | 8b58 0c44 | 8b54 2450 | 453b d374 | 2249 8be9 | 4589 500c 
  0x0000028194631f24: bae1 0d00 | 0045 8bc2 

  0x0000028194631f2c: ;   {static_call}
  0x0000028194631f2c: 6666 90e8 

  0x0000028194631f30: ; ImmutableOopMap {rbp=Oop [8]=Oop [16]=Oop [40]=Oop [48]=Oop [56]=Oop [64]=Oop [72]=Oop }
                      ;*invokestatic glBindTexture {reexecute=0 rethrow=0 return_oop=0}
                      ; - org.lwjgl.opengl.GL11::glBindTexture@2 (line 854)
                      ; - com.mojang.blaze3d.platform.GlStateManager::_bindTexture@32 (line 549)
                      ; - com.seibel.distanthorizons.common.wrappers.minecraft.MinecraftGLWrapper::glBindTexture@8 (line 225)
                      ; - com.seibel.distanthorizons.common.render.openGl.GlDhMetaRenderer_neoforge::bindLightmap@21 (line 455)
                      ; - com.seibel.distanthorizons.common.render.openGl.GlDhMetaRenderer_neoforge::runRenderPassSetup@102 (line 112)
                      ; - com.seibel.distanthorizons.core.render.renderer.LodRenderer::renderTerrain@99 (line 159)
  0x0000028194631f30: a442 fafe 

  0x0000028194631f34: ;   {other}
  0x0000028194631f34: 0f1f 8400 | 240d 0004 | 4c8b cd48 | 8b6c 2408 | 440f b65d | 0c45 85db | 0f84 6e2e | 0000 4c8b 
  0x0000028194631f54: 5424 304d 

  0x0000028194631f58: ;   {other}
  0x0000028194631f58: 8b42 1049 | c1e8 0d0f | 878d 4900 | 0045 8b58 

  0x0000028194631f68: ;   {metadata('net/minecraft/util/profiling/InactiveProfiler')}
  0x0000028194631f68: 0841 81fb | c8aa 0281 | 0f85 de25 | 0000 4c8b | 5c24 384d | 85db 0f84 | 3420 0000 | 48ff 7424 
  0x0000028194631f88: 3848 8f44 | 2430 4c89 | 5424 104c | 890c 2448 | 8b54 2438 | 4c8b 4424 

  0x0000028194631fa0: ;   {optimized virtual_call}
  0x0000028194631fa0: 4866 90e8 

  0x0000028194631fa4: ; ImmutableOopMap {rbp=Oop [0]=Oop [8]=Oop [16]=Oop [40]=Oop [48]=Oop [56]=Oop [64]=Oop [72]=Oop }
                      ;*invokevirtual buildRenderList {reexecute=0 rethrow=0 return_oop=0}
                      ; - com.seibel.distanthorizons.core.render.renderer.LodRenderer::renderTerrain@183 (line 180)
  0x0000028194631fa4: e8c3 fd00 

  0x0000028194631fa8: ;   {other}
  0x0000028194631fa8: 0f1f 8400 | 980d 0005 

  0x0000028194631fb0: ;   {oop(a 'java/lang/Class'{0x00000401eb957fc8} = 'com/seibel/distanthorizons/api/methods/events/abstractEvents/DhApiBeforeTextureClearEvent')}
  0x0000028194631fb0: 49b8 c87f | 95eb 0104 

  0x0000028194631fb8: ;   {oop(a 'com/seibel/distanthorizons/coreapi/DependencyInjection/ApiEventInjector'{0x00000400557b9d68})}
  0x0000028194631fb8: 0000 48ba | 689d 7b55 | 0004 0000 | 4c8b 4c24 

  0x0000028194631fc8: ;   {optimized virtual_call}
  0x0000028194631fc8: 4866 90e8 

  0x0000028194631fcc: ; ImmutableOopMap {rbp=Oop [0]=Oop [8]=Oop [16]=Oop [40]=Oop [48]=Oop [56]=Oop [64]=Oop [72]=Oop }
                      ;*invokevirtual fireAllEvents {reexecute=0 rethrow=0 return_oop=0}
                      ; - com.seibel.distanthorizons.core.render.renderer.LodRenderer::renderTerrain@196 (line 194)
  0x0000028194631fcc: a00d 9dfe 

  0x0000028194631fd0: ;   {other}
  0x0000028194631fd0: 0f1f 8400 | c00d 0006 | 85c0 0f85 | bc2c 0000 | 4c8b 4c24 | 084d 8b61 

  0x0000028194631fe8: ;   {other}
  0x0000028194631fe8: 1049 c1ec | 0d0f 873d | 4900 0045 | 8b54 2408 

  0x0000028194631ff8: ;   {metadata('com/seibel/distanthorizons/common/render/openGl/GlDhMetaRenderer_neoforge')}
  0x0000028194631ff8: 4181 fae0 | 64fb 820f | 8587 2500 

  0x0000028194632004: ;   {oop(a 'com/seibel/distanthorizons/coreapi/DependencyInjection/OverrideInjector'{0x000004012741dfb0})}
  0x0000028194632004: 0049 bbb0 | df41 2701 | 0400 004d 

  0x0000028194632010: ;   {other}
  0x0000028194632010: 8b53 1049 | c1ea 0d0f | 8747 4900 | 0045 8b42 

  0x0000028194632020: ;   {metadata('java/util/HashMap')}
  0x0000028194632020: 0841 81f8 | 982a 0680 | 0f85 a625 | 0000 498b 

  0x0000028194632030: ;   {other}
  0x0000028194632030: 4a30 48c1 | e90d 0f87 | 6649 0000 | 4885 c90f | 8422 fdff | ff8b 690c | 85ed 0f86 | 8c34 0000 
  0x0000028194632050: ;   {oop(a 'java/lang/Class'{0x000004020cfbb598} = 'com/seibel/distanthorizons/api/interfaces/override/rendering/IDhApiFramebuffer')}
  0x0000028194632050: ffcd 49ba | 98b5 fb0c | 0204 0000 | 4d8b 124d | 8bda 4983 | e303 4983 | fb01 0f85 | b81c 0000 
  0x0000028194632070: 49c1 ea08 | 418b c225 | ffff ff7f | 85c0 0f84 | a41c 0000 | 448b c041 | c1e8 1044 | 33c0 4123 
  0x0000028194632090: e848 8b54 

  0x0000028194632094: ;   {other}
  0x0000028194632094: e910 48c1 | ea0d 0f87 | 3d49 0000 | 4885 d20f | 84be fcff | ff44 8b52 | 0c45 3bd0 | 751d 4c8b 
  0x00000281946320b4: ;   {other}
  0x00000281946320b4: 5210 49c1 | ea0d 0f87 | 6749 0000 

  0x00000281946320c0: ;   {oop(a 'java/lang/Class'{0x000004020cfbb598} = 'com/seibel/distanthorizons/api/interfaces/override/rendering/IDhApiFramebuffer')}
  0x00000281946320c0: 49bb 98b5 | fb0c 0204 | 0000 4d3b | d374 5d4c 

  0x00000281946320d0: ;   {other}
  0x00000281946320d0: 8b52 2049 | c1ea 0d0f | 8792 4900 | 004d 85d2 | 0f84 81fc | ffff 448b 

  0x00000281946320e8: ;   {metadata('java/util/HashMap$TreeNode')}
  0x00000281946320e8: 5a08 4181 | fbb0 3a06 | 800f 85f9 | 1a00 004c | 8964 2408 

  0x00000281946320fc: ;   {oop(a 'java/lang/Class'{0x000004020cfbb598} = 'com/seibel/distanthorizons/api/interfaces/override/rendering/IDhApiFramebuffer')}
  0x00000281946320fc: 498b e949 | b998 b5fb | 0c02 0400 

  0x0000028194632108: ;   {optimized virtual_call}
  0x0000028194632108: 0066 90e8 

  0x000002819463210c: ; ImmutableOopMap {rbp=Oop [0]=Oop [8]=Oop [16]=Oop [40]=Oop [48]=Oop [64]=Oop [72]=Oop }
                      ;*invokevirtual getTreeNode {reexecute=0 rethrow=0 return_oop=1}
                      ; - java.util.HashMap::getNode@95 (line 582)
                      ; - java.util.HashMap::get@2 (line 564)
                      ; - com.seibel.distanthorizons.coreapi.DependencyInjection.OverrideInjector::get@5 (line 133)
                      ; - com.seibel.distanthorizons.common.render.openGl.GlDhMetaRenderer_neoforge::clearDhDepthAndColorTextures@5 (line 382)
                      ; - com.seibel.distanthorizons.core.render.renderer.LodRenderer::renderTerrain@219 (line 197)
  0x000002819463210c: 70ca 81fd 

  0x0000028194632110: ;   {other}
  0x0000028194632110: 0f1f 8400 | 000f 0007 | 4885 c00f | 843e fcff | ff48 8bd0 | 4c8b cd4c | 8b64 2408 | 4c8b 5218 
  0x0000028194632130: ;   {other}
  0x0000028194632130: 49c1 ea0d | 0f87 7d49 | 0000 4d85 | d20f 8424 | fcff ff45 

  0x0000028194632144: ;   {metadata('com/seibel/distanthorizons/coreapi/DependencyInjection/OverridePriorityListContainer')}
  0x0000028194632144: 8b42 0841 | 81f8 a82f | 9783 0f85 | 9436 0000 | 498b 5210 

  0x0000028194632158: ;   {other}
  0x0000028194632158: 48c1 ea0d | 0f87 9349 | 0000 448b | 5210 4585 | d20f 84f8 | fbff ff4c | 8964 2438 | 4c89 4c24 
  0x0000028194632178: 0845 33c0 | 488b 6c24 

  0x0000028194632180: ;   {optimized virtual_call}
  0x0000028194632180: 4866 90e8 

  0x0000028194632184: ; ImmutableOopMap {rbp=Oop [0]=Oop [8]=Oop [16]=Oop [40]=Oop [48]=Oop [56]=Oop [64]=Oop [72]=Oop }
                      ;*invokevirtual get {reexecute=0 rethrow=0 return_oop=1}
                      ; - com.seibel.distanthorizons.coreapi.DependencyInjection.OverridePriorityListContainer::getOverrideWithHighestPriority@15 (line 74)
                      ; - com.seibel.distanthorizons.coreapi.DependencyInjection.OverrideInjector::get@17 (line 134)
                      ; - com.seibel.distanthorizons.common.render.openGl.GlDhMetaRenderer_neoforge::clearDhDepthAndColorTextures@5 (line 382)
                      ; - com.seibel.distanthorizons.core.render.renderer.LodRenderer::renderTerrain@219 (line 197)
  0x0000028194632184: f8c9 81fd 

  0x0000028194632188: ;   {other}
  0x0000028194632188: 0f1f 8400 | 780f 0008 

  0x0000028194632190: ; implicit exception: dispatches to 0x000002819463639c
  0x0000028194632190: 448b 5008 

  0x0000028194632194: ;   {metadata('com/seibel/distanthorizons/coreapi/DependencyInjection/OverridePriorityListContainer$OverridePriorityPair')}
  0x0000028194632194: 4181 fa48 | 3497 830f | 8583 3300 | 004c 8b50 

  0x00000281946321a4: ;   {other}
  0x00000281946321a4: 1049 c1ea | 0d0f 8784 | 4900 004d | 85d2 0f84 | a81b 0000 | 458b 5a08 

  0x00000281946321bc: ;   {metadata('com/seibel/distanthorizons/api/interfaces/override/rendering/IDhApiFramebuffer')}
  0x00000281946321bc: 48b8 9069 | fb82 0000 | 0000 418b | f34c 8b5e | 204c 3bd8 | 0f85 4119 | 0000 4c8b | 4c24 084c 
  0x00000281946321dc: 8b64 2438 | 4c8b 4424 | 484d 8b58 

  0x00000281946321e8: ;   {other}
  0x00000281946321e8: 2049 c1eb | 0d0f 8774 

  0x00000281946321f0: ;   {oop(a 'com/seibel/distanthorizons/api/enums/rendering/EDhApiRenderPass'{0x00000401eb957550})}
  0x00000281946321f0: 4900 0048 | b950 7595 | eb01 0400 | 004c 3bd9 | 0f84 e62b 

  0x0000028194632204: ;   {oop(a 'com/seibel/distanthorizons/api/enums/rendering/EDhApiRenderPass'{0x00000401eb957570})}
  0x0000028194632204: 0000 48b9 | 7075 95eb | 0104 0000 | 4c3b d90f | 85b7 2a00 | 004c 8954 | 2450 4c89 | 6424 484c 
  0x0000028194632224: 8944 2438 | 4c89 4c24 

  0x000002819463222c: ;   {section_word}
  0x000002819463222c: 08c5 fb10 | 058b faff 

  0x0000028194632234: ;   {static_call}
  0x0000028194632234: ff66 90e8 

  0x0000028194632238: ; ImmutableOopMap {[0]=Oop [8]=Oop [16]=Oop [40]=Oop [48]=Oop [56]=Oop [64]=Oop [72]=Oop [80]=Oop }
                      ;*invokestatic glClearDepth {reexecute=0 rethrow=0 return_oop=0}
                      ; - org.lwjgl.opengl.GL11::glClearDepth@1 (line 1036)
                      ; - com.seibel.distanthorizons.common.render.openGl.GlDhMetaRenderer_neoforge::clearDhDepthAndColorTextures@39 (line 390)
                      ; - com.seibel.distanthorizons.core.render.renderer.LodRenderer::renderTerrain@219 (line 197)
  0x0000028194632238: 9c0f 71ff 

  0x000002819463223c: ;   {other}
  0x000002819463223c: 0f1f 8400 | 2c10 0009 | 498b 87b8 | 0100 004c | 8bd0 4983 | c220 4d3b | 97c8 0100 | 000f 833f 
  0x000002819463225c: 1b00 004d | 8997 b801 | 0000 410f | 1882 0001 | 0000 48c7 | 0001 0000 | 0041 0f18 | 8240 0100 
  0x000002819463227c: ;   {metadata({type array float})}
  0x000002819463227c: 00c7 4008 | b805 0480 | 410f 1882 | 8001 0000 | c740 0c04 | 0000 004c | 8bd0 4983 | c210 c5fd 
  0x000002819463229c: efc0 62d1 | fe08 7f02 

  0x00000281946322a4: ;   {oop(a 'java/lang/Class'{0x000004002e21afc8} = 'org/lwjgl/opengl/GL')}
  0x00000281946322a4: 49bb c8af | 212e 0004 | 0000 4d8b | 93d0 0000 

  0x00000281946322b4: ;   {other}
  0x00000281946322b4: 0049 c1ea | 0d0f 87f0 | 4800 0045 

  0x00000281946322c0: ;   {metadata('org/lwjgl/opengl/GL$ICDStatic')}
  0x00000281946322c0: 8b42 0841 | 81f8 3048 | 3380 0f85 | 5c23 0000 

  0x00000281946322d0: ;   {oop(a 'org/lwjgl/opengl/GLCapabilities'{0x00000400215cbe80})}
  0x00000281946322d0: 49ba 80be | 5c21 0004 | 0000 4d8b | 8a08 0300 | 004d 85c9 | 0f84 5a2b | 0000 488b | e8ba 220c 
  0x00000281946322f0: 0000 4c8b 

  0x00000281946322f4: ;   {static_call}
  0x00000281946322f4: c066 90e8 

  0x00000281946322f8: ; ImmutableOopMap {rbp=Oop [0]=Oop [8]=Oop [16]=Oop [40]=Oop [48]=Oop [56]=Oop [64]=Oop [72]=Oop [80]=Oop }
                      ;*invokestatic callPV {reexecute=0 rethrow=0 return_oop=0}
                      ; - org.lwjgl.opengl.GL11C::glGetFloatv@26 (line 2250)
                      ; - org.lwjgl.opengl.GL11::glGetFloatv@2 (line 8342)
                      ; - com.seibel.distanthorizons.common.render.openGl.GlDhMetaRenderer_neoforge::clearDhDepthAndColorTextures@52 (line 393)
                      ; - com.seibel.distanthorizons.core.render.renderer.LodRenderer::renderTerrain@219 (line 197)
  0x00000281946322f8: 5c8e cdff 

  0x00000281946322fc: ;   {other}
  0x00000281946322fc: 0f1f 8400 | ec10 000a | c5fa 1055 | 18c5 fa10 | 4d14 c5fa 

  0x0000028194632310: ;   {section_word}
  0x0000028194632310: 1045 10c5 | fa10 1dad 

  0x0000028194632318: ;   {static_call}
  0x0000028194632318: f9ff ffe8 

  0x000002819463231c: ; ImmutableOopMap {[0]=Oop [8]=Oop [16]=Oop [40]=Oop [48]=Oop [56]=Oop [64]=Oop [72]=Oop [80]=Oop }
                      ;*invokestatic glClearColor {reexecute=0 rethrow=0 return_oop=0}
                      ; - org.lwjgl.opengl.GL11::glClearColor@4 (line 1022)
                      ; - com.seibel.distanthorizons.common.render.openGl.GlDhMetaRenderer_neoforge::clearDhDepthAndColorTextures@68 (line 394)
                      ; - com.seibel.distanthorizons.core.render.renderer.LodRenderer::renderTerrain@219 (line 197)
  0x000002819463231c: b852 24fe 

  0x0000028194632320: ;   {other}
  0x0000028194632320: 0f1f 8400 | 1011 000b | 4c8b 5424 | 4845 0fb6 | 5a20 4585 | db0f 8581 | 2b00 00ba | 0041 0000 
  0x0000028194632340: ;   {static_call}
  0x0000028194632340: 6666 90e8 

  0x0000028194632344: ; ImmutableOopMap {[0]=Oop [8]=Oop [16]=Oop [40]=Oop [48]=Oop [56]=Oop [64]=Oop }
                      ;*invokestatic glClear {reexecute=0 rethrow=0 return_oop=0}
                      ; - org.lwjgl.opengl.GL11::glClear@1 (line 992)
                      ; - com.seibel.distanthorizons.common.render.openGl.GlDhMetaRenderer_neoforge::clearDhDepthAndColorTextures@98 (line 409)
                      ; - com.seibel.distanthorizons.core.render.renderer.LodRenderer::renderTerrain@219 (line 197)
  0x0000028194632344: 908f 08fe 

  0x0000028194632348: ;   {other}
  0x0000028194632348: 0f1f 8400 | 3811 000c | 4c8b 5c24 | 104d 8b43 

  0x0000028194632358: ;   {other}
  0x0000028194632358: 1049 c1e8 | 0d0f 8790 | 4800 0045 

  0x0000028194632364: ;   {metadata('net/minecraft/util/profiling/InactiveProfiler')}
  0x0000028194632364: 8b50 0841 | 81fa c8aa | 0281 0f85 | 2823 0000 | 4c89 5c24 

  0x0000028194632378: ;   {oop(a 'java/lang/Class'{0x00000401eb958080} = 'com/seibel/distanthorizons/api/methods/events/abstractEvents/DhApiBeforeRenderPassEvent')}
  0x0000028194632378: 4849 b880 | 8095 eb01 

  0x0000028194632380: ;   {oop(a 'com/seibel/distanthorizons/coreapi/DependencyInjection/ApiEventInjector'{0x00000400557b9d68})}
  0x0000028194632380: 0400 0048 | ba68 9d7b | 5500 0400 | 004c 8b4c 

  0x0000028194632390: ;   {optimized virtual_call}
  0x0000028194632390: 2438 90e8 

  0x0000028194632394: ; ImmutableOopMap {[0]=Oop [8]=Oop [16]=Oop [40]=Oop [48]=Oop [56]=Oop [64]=Oop [72]=Oop }
                      ;*invokevirtual fireAllEvents {reexecute=0 rethrow=0 return_oop=0}
                      ; - com.seibel.distanthorizons.core.render.renderer.LodRenderer::renderTerrain@238 (line 210)
  0x0000028194632394: d809 9dfe 

  0x0000028194632398: ;   {other}
  0x0000028194632398: 0f1f 8400 | 8811 000d | 4c8b 4c24 | 3049 8b79 

  0x00000281946323a8: ;   {other}
  0x00000281946323a8: 2848 c1ef | 0d0f 8774 | 4800 0048 | 85ff 0f84 | 442b 0000 | 488b 6c24 | 084c 8b45 

  0x00000281946323c4: ;   {other}
  0x00000281946323c4: 1849 c1e8 | 0d0f 878c | 4800 0045 

  0x00000281946323d0: ;   {metadata('com/seibel/distanthorizons/common/render/openGl/GlDhTerrainRenderer_neoforge')}
  0x00000281946323d0: 8b58 0841 | 81fb 9878 | fb82 0f85 | fc22 0000 | 498b 5010 

  0x00000281946323e4: ;   {other}
  0x00000281946323e4: 48c1 ea0d | 0f87 ab48 | 0000 440f | b652 4445 | 85d2 0f84 | 442b 0000 | 4c8b 4424 | 3841 b901 
  0x0000028194632404: 0000 0048 | 8b74 2410 

  0x000002819463240c: ;   {optimized virtual_call}
  0x000002819463240c: 6666 90e8 

  0x0000028194632410: ; ImmutableOopMap {rbp=Oop [0]=Oop [16]=Oop [40]=Oop [48]=Oop [56]=Oop [64]=Oop [72]=Oop }
                      ;*invokevirtual render {reexecute=0 rethrow=0 return_oop=0}
                      ; - com.seibel.distanthorizons.common.render.openGl.GlDhTerrainRenderer_neoforge::render@21 (line 60)
                      ; - com.seibel.distanthorizons.core.render.renderer.LodRenderer::renderTerrain@19 (line 345)
                      ; - com.seibel.distanthorizons.core.render.renderer.LodRenderer::renderTerrain@252 (line 212)
  0x0000028194632410: 7c49 f900 

  0x0000028194632414: ;   {other}
  0x0000028194632414: 0f1f 8400 | 0412 000e 

  0x000002819463241c: ;   {oop(a 'java/lang/Class'{0x00000400735fa4b0} = 'com/seibel/distanthorizons/core/config/Config$Client$Advanced$Graphics$GenericRendering')}
  0x000002819463241c: 49bb b0a4 | 5f73 0004 | 0000 4d8b | 93c0 0000 

  0x000002819463242c: ;   {other}
  0x000002819463242c: 0049 c1ea | 0d0f 87aa | 4800 0045 | 0fb6 5a0d | 4585 db0f | 8447 2b00 | 004d 8b5a 

  0x0000028194632448: ;   {other}
  0x0000028194632448: 6849 c1eb | 0d0f 87c8 | 4800 004d | 85db 0f85 | 6c2b 0000 | 4d8b 5a28 

  0x0000028194632460: ;   {other}
  0x0000028194632460: 49c1 eb0d | 0f87 e548 | 0000 458b 

  0x000002819463246c: ;   {metadata('java/lang/Boolean')}
  0x000002819463246c: 5308 4181 | fad0 7305 | 800f 8529 | 3100 0045 | 0fb6 5b0c | 4585 db0f | 8483 2b00 | 004c 8b54 
  0x000002819463248c: 2410 4d8b 

  0x0000028194632490: ;   {other}
  0x0000028194632490: 4210 49c1 | e80d 0f87 | e748 0000 

  0x000002819463249c: ; implicit exception: dispatches to 0x0000028194635b0c
  0x000002819463249c: 458b 5808 

  0x00000281946324a0: ;   {metadata('net/minecraft/util/profiling/InactiveProfiler')}
  0x00000281946324a0: 4181 fbc8 | aa02 810f | 856f 2200 | 004c 8b44 | 2440 458b 

  0x00000281946324b4: ;   {metadata('com/seibel/distanthorizons/common/render/openGl/generic/GlGenericObjectRenderer')}
  0x00000281946324b4: 5808 4181 | fb70 a86a | 830f 8591 | 2200 004c | 8954 2408 | 4c89 4424 | 4049 8bd0 | 4c8b 4424 
  0x00000281946324d4: 384d 8bca | bf01 0000 

  0x00000281946324dc: ;   {optimized virtual_call}
  0x00000281946324dc: 0066 90e8 

  0x00000281946324e0: ; ImmutableOopMap {rbp=Oop [0]=Oop [8]=Oop [40]=Oop [48]=Oop [56]=Oop [64]=Oop }
                      ;*invokeinterface render {reexecute=0 rethrow=0 return_oop=0}
                      ; - com.seibel.distanthorizons.core.render.renderer.LodRenderer::renderTerrain@283 (line 218)
  0x00000281946324e0: 6c80 bb00 

  0x00000281946324e4: ;   {other}
  0x00000281946324e4: 0f1f 8400 | d412 000f 

  0x00000281946324ec: ;   {oop(a 'java/lang/Class'{0x00000400735f9d58} = 'com/seibel/distanthorizons/core/config/Config$Client$Advanced$Graphics')}
  0x00000281946324ec: 49bb 589d | 5f73 0004 | 0000 4d8b | 93d0 0000 

  0x00000281946324fc: ;   {other}
  0x00000281946324fc: 0049 c1ea | 0d0f 87b0 | 4800 0045 | 0fb6 5a0d | 4585 db0f | 8423 2b00 | 004d 8b5a 

  0x0000028194632518: ;   {other}
  0x0000028194632518: 6849 c1eb | 0d0f 87ce | 4800 004d | 85db 0f85 | 482b 0000 | 4d8b 5a28 

  0x0000028194632530: ;   {other}
  0x0000028194632530: 49c1 eb0d | 0f87 eb48 | 0000 458b 

  0x000002819463253c: ;   {metadata('java/lang/Boolean')}
  0x000002819463253c: 5308 4181 | fad0 7305 | 800f 8591 | 3000 0045 | 0fb6 5b0c | 4585 db0f | 845f 2b00 | 004c 8b54 
  0x000002819463255c: 2408 4d8b 

  0x0000028194632560: ;   {other}
  0x0000028194632560: 5a10 49c1 | eb0d 0f87 | ed48 0000 

  0x000002819463256c: ; implicit exception: dispatches to 0x0000028194635bc4
  0x000002819463256c: 458b 4308 

  0x0000028194632570: ;   {metadata('net/minecraft/util/profiling/InactiveProfiler')}
  0x0000028194632570: 4181 f8c8 | aa02 810f | 8543 2200 | 004c 8b5d 

  0x0000028194632580: ;   {other}
  0x0000028194632580: 2049 c1eb | 0d0f 8702 | 4900 0045 

  0x000002819463258c: ;   {metadata('com/seibel/distanthorizons/common/render/openGl/postProcessing/ssao/GlDhSSAORenderer_neoforge')}
  0x000002819463258c: 8b4b 0841 | 81f9 f07a | fb82 0f85 | 5c22 0000 | 4d8b 8fb8 | 0100 004d | 8bc1 4981 | c088 0000 
  0x00000281946325ac: 004d 3b87 | c801 0000 | 0f83 0b18 | 0000 4d89 | 87b8 0100 | 0049 8bf9 | 4883 c710 | 49c7 0101 
  0x00000281946325cc: 0000 0041 | 0f18 8000 

  0x00000281946325d4: ;   {metadata('com/seibel/distanthorizons/common/render/openGl/glObject/GLState')}
  0x00000281946325d4: 0100 0041 | c741 08a8 | e0b9 8341 | c741 0c00 | 0000 00b9 | 0f00 0000 | c5fd efc0 | e90d 0000 
  0x00000281946325f4: 00c5 fe7f | 07c5 fe7f | 4720 4883 | c740 4883 | e908 7ded | 4883 c104 | 7c0c c5fe | 7f07 4883 
  0x0000028194632614: c720 4883 | e904 4883 | c104 7e17 | 48c7 c0ff | ffff ffc4 | e2f0 f5c0 | c4e1 fb92 | f862 f1fe 
  0x0000028194632634: 2f7f 0748 | 896c 2410 | 4c89 5424 | 204c 895c | 2408 4c89 | 4c24 4849 | 8bd1 488b 

  0x0000028194632650: ;   {optimized virtual_call}
  0x0000028194632650: 6c24 38e8 

  0x0000028194632654: ; ImmutableOopMap {rbp=Oop [0]=Oop [8]=Oop [16]=Oop [32]=Oop [40]=Oop [48]=Oop [56]=Oop [64]=Oop [72]=Oop }
                      ;*invokevirtual saveState {reexecute=0 rethrow=0 return_oop=0}
                      ; - com.seibel.distanthorizons.common.render.openGl.glObject.GLState::<init>@5 (line 68)
                      ; - com.seibel.distanthorizons.common.render.openGl.postProcessing.ssao.GlDhSSAORenderer_neoforge::render@4 (line 114)
                      ; - com.seibel.distanthorizons.core.render.renderer.LodRenderer::renderTerrain@316 (line 225)
  0x0000028194632654: 9864 3701 

  0x0000028194632658: ;   {other}
  0x0000028194632658: 0f1f 8400 | 4814 0010 | 4c8b 5424 | 0845 0fb6 | 5a1c 4585 | db0f 8471 

  0x0000028194632670: ;   {oop(a 'java/lang/Class'{0x00000401c820d258} = 'io/github/mortuusars/exposure/client/capture/task/BackgroundScreenshotCaptureTask')}
  0x0000028194632670: 2a00 0049 | bb58 d220 | c801 0400 | 0045 0fb6 | 9bc0 0000 

  0x0000028194632684: ;   {oop(a 'net/minecraft/client/Minecraft'{0x0000040135c003b0})}
  0x0000028194632684: 0049 b8b0 | 03c0 3501 | 0400 004d | 8b88 a801 

  0x0000028194632694: ;   {other}
  0x0000028194632694: 0000 49c1 | e90d 0f87 | 2148 0000 | 4585 db0f | 859b 2a00 | 0045 8b41 | 1445 8b61 | 1845 8b5a 
  0x00000281946326b4: 0c45 3bd8 | 0f85 6a26 | 0000 458b | 5a10 453b | dc0f 85dd | 2a00 0045 

  0x00000281946326cc: ;   {oop(a 'java/lang/Class'{0x00000401eb964380} = 'com/seibel/distanthorizons/common/render/openGl/postProcessing/ssao/GlDhSSAOShader_neoforge')}
  0x00000281946326cc: 8b42 1449 | bb80 4396 | eb01 0400 | 004d 8ba3 | b800 0000 

  0x00000281946326e0: ;   {other}
  0x00000281946326e0: 49c1 ec0d | 0f87 2548 | 0000 4d85 | e40f 84f5 | 1800 0045 | 8944 2418 | 498b 9fb8 | 0100 004c 
  0x0000028194632700: 8bdb 4983 | c350 488b | 4c24 3848 

  0x000002819463270c: ;   {other}
  0x000002819463270c: 8b69 3848 | c1ed 0d0f | 8744 4800 | 004d 3b9f | c801 0000 | 0f83 ce16 | 0000 4d89 | 9fb8 0100 
  0x000002819463272c: 0041 0f18 | 8300 0100 | 0048 c703 | 0100 0000 | 4c8b db49 

  0x0000028194632740: ;   {metadata('com/seibel/distanthorizons/core/util/math/Mat4f')}
  0x0000028194632740: 83c3 10c7 | 4308 b084 | fb82 c743 | 0c00 0000 | 00c5 fdef | c0c4 c17e | 7f03 c4c1 | 7e7f 4320 
  0x0000028194632760: ; implicit exception: dispatches to 0x0000028194635c78
  0x0000028194632760: c5fa 104d | 0cc5 fa11 | 4b0c c5fa | 1045 48c5 | fa11 4348 | 498b 87b8 | 0100 004c | 8bd8 4983 
  0x0000028194632780: c350 c5fa | 1045 10c5 | fa11 4310 | c5fa 104d | 44c5 fa11 | 4b44 c5fa | 1045 14c5 | fa11 4314 
  0x00000281946327a0: c5fa 104d | 18c5 fa11 | 4b18 c5fa | 1045 1cc5 | fa11 431c | c5fa 104d | 20c5 fa11 | 4b20 c5fa 
  0x00000281946327c0: 1045 24c5 | fa11 4324 | c5fa 104d | 28c5 fa11 | 4b28 c5fa | 1045 2cc5 | fa11 432c | c5fa 104d 
  0x00000281946327e0: 30c5 fa11 | 4b30 c5fa | 1045 34c5 | fa11 4334 | c5fa 104d | 38c5 fa11 | 4b38 c5fa | 1045 3cc5 
  0x0000028194632800: fa11 433c | c5fa 104d | 40c5 fa11 | 4b40 41f7 | 4424 40d0 

  0x0000028194632814: ;   {other}
  0x0000028194632814: e900 000f | 8588 4700 | 004c 8bc3 

  0x0000028194632820: ;   {other}
  0x0000028194632820: 49c1 e00d | 4981 c820 

  0x0000028194632828: ;   {other}
  0x0000028194632828: 1600 004d | 8944 2440 | 4d3b 9fc8 | 0100 000f | 83f2 1500 | 004d 899f | b801 0000 | 410f 1883 
  0x0000028194632848: 0001 0000 | 48c7 0001 

  0x0000028194632850: ;   {metadata('com/seibel/distanthorizons/core/util/math/Mat4f')}
  0x0000028194632850: 0000 00c7 | 4008 b084 | fb82 c740 | 0c00 0000 | 004c 8bd8 | 4983 c310 | c5fd efc0 | c4c1 7e7f 
  0x0000028194632870: 03c4 c17e | 7f43 2048 | 894c 2450 | 4c89 5424 | 384c 8964 | 2408 c5fa | 104d 48c5 | fa11 4848 
  0x0000028194632890: c5fa 1045 | 44c5 fa11 | 4044 c5fa | 104d 40c5 | fa11 4840 | c5fa 1045 | 3cc5 fa11 | 403c c5fa 
  0x00000281946328b0: 104d 38c5 | fa11 4838 | c5fa 1045 | 34c5 fa11 | 4034 c5fa | 104d 30c5 | fa11 4830 | c5fa 1045 
  0x00000281946328d0: 2cc5 fa11 | 402c c5fa | 104d 28c5 | fa11 4828 | c5fa 1045 | 24c5 fa11 | 4024 c5fa | 104d 20c5 
  0x00000281946328f0: fa11 4820 | c5fa 1045 | 1cc5 fa11 | 401c c5fa | 104d 18c5 | fa11 4818 | c5fa 1045 | 14c5 fa11 
  0x0000028194632910: 4014 c5fa | 104d 10c5 | fa11 4810 | c5fa 1045 | 0cc5 fa11 | 400c 4c8b | 5c24 0841 | f743 48d0 
  0x0000028194632930: ;   {other}
  0x0000028194632930: e900 000f | 85fc 4600 | 004c 8bd0 

  0x000002819463293c: ;   {other}
  0x000002819463293c: 49c1 e20d | 4981 ca20 

  0x0000028194632944: ;   {other}
  0x0000028194632944: 1600 004d | 8953 4848 | 8944 2408 

  0x0000028194632950: ;   {optimized virtual_call}
  0x0000028194632950: 488b d0e8 

  0x0000028194632954: ; ImmutableOopMap {[0]=Oop [8]=Oop [16]=Oop [32]=Oop [40]=Oop [48]=Oop [56]=Oop [64]=Oop [72]=Oop [80]=Oop }
                      ;*invokevirtual adjudicateAndDet {reexecute=0 rethrow=0 return_oop=0}
                      ; - com.seibel.distanthorizons.api.objects.math.DhApiMat4f::invert@1 (line 219)
                      ; - com.seibel.distanthorizons.common.render.openGl.postProcessing.ssao.GlDhSSAOShader_neoforge::setProjectionMatrix@28 (line 101)
                      ; - com.seibel.distanthorizons.common.render.openGl.postProcessing.ssao.GlDhSSAORenderer_neoforge::render@83 (line 129)
                      ; - com.seibel.distanthorizons.core.render.renderer.LodRenderer::renderTerrain@316 (line 225)
  0x0000028194632954: 1891 a300 

  0x0000028194632958: ;   {other}
  0x0000028194632958: 0f1f 8400 | 4817 0011 

  0x0000028194632960: ;   {external_word}
  0x0000028194632960: c5f8 5415 | 98ea 7cfd 

  0x0000028194632968: ;   {oop(a 'java/lang/Class'{0x00000401eb964380} = 'com/seibel/distanthorizons/common/render/openGl/postProcessing/ssao/GlDhSSAOShader_neoforge')}
  0x0000028194632968: 49bb 8043 | 96eb 0104 | 0000 4d8b | 93b8 0000 

  0x0000028194632978: ;   {other}
  0x0000028194632978: 0049 c1ea | 0d0f 872c 

  0x0000028194632980: ;   {section_word}
  0x0000028194632980: 4700 00c5 | f82e 1541 | f3ff ff0f | 86c5 0000 | 004c 8b5c | 2408 c4c1 | 7a59 4b48 | c4c1 7a59 
  0x00000281946329a0: 5b0c c4c1 | 7a11 4b48 | c4c1 7a11 | 5b0c c4c1 | 7a59 4b10 | c4c1 7a59 | 5b14 c4c1 | 7a11 4b10 
  0x00000281946329c0: c4c1 7a11 | 5b14 c4c1 | 7a59 4b18 | c4c1 7a59 | 5b1c c4c1 | 7a11 4b18 | c4c1 7a11 | 5b1c c4c1 
  0x00000281946329e0: 7a59 4b20 | c4c1 7a59 | 5b24 c4c1 | 7a11 4b20 | c4c1 7a11 | 5b24 c4c1 | 7a59 4b28 | c4c1 7a59 
  0x0000028194632a00: 5b2c c4c1 | 7a11 4b28 | c4c1 7a11 | 5b2c c4c1 | 7a59 4b30 | c4c1 7a59 | 5b34 c4c1 | 7a11 4b30 
  0x0000028194632a20: c4c1 7a11 | 5b34 c4c1 | 7a59 4b38 | c4c1 7a59 | 5b3c c4c1 | 7a11 4b38 | c4c1 7a11 | 5b3c c4c1 
  0x0000028194632a40: 7a59 4b40 | c4c1 7a59 | 5344 c4c1 | 7a11 4b40 | c4c1 7a11 | 5344 450f | b65a 0c45 | 85db 0f84 
  0x0000028194632a60: ac27 0000 | 4d8b 5a10 

  0x0000028194632a68: ;   {other}
  0x0000028194632a68: 49c1 eb0d | 0f87 8f46 | 0000 458b 

  0x0000028194632a74: ;   {metadata('com/seibel/distanthorizons/common/render/openGl/glObject/shader/GlShaderProgram')}
  0x0000028194632a74: 4308 4181 | f8e0 b3b9 | 830f 85ad | 1d00 004c | 8954 2408 | 418b 530c 

  0x0000028194632a8c: ;   {static_call}
  0x0000028194632a8c: 6666 90e8 

  0x0000028194632a90: ; ImmutableOopMap {[0]=Oop [8]=Oop [16]=Oop [32]=Oop [40]=Oop [48]=Oop [56]=Oop [64]=Oop [72]=Oop [80]=Oop }
                      ;*invokestatic glUseProgram {reexecute=0 rethrow=0 return_oop=0}
                      ; - org.lwjgl.opengl.GL20::glUseProgram@1 (line 398)
                      ; - com.seibel.distanthorizons.common.render.openGl.glObject.shader.GlShaderProgram::bind@4 (line 99)
                      ; - com.seibel.distanthorizons.common.render.openGl.util.GlAbstractShaderRenderer::render@8 (line 79)
                      ; - com.seibel.distanthorizons.common.render.openGl.postProcessing.ssao.GlDhSSAORenderer_neoforge::render@90 (line 130)
                      ; - com.seibel.distanthorizons.core.render.renderer.LodRenderer::renderTerrain@316 (line 225)
  0x0000028194632a90: c431 0afe 

  0x0000028194632a94: ;   {other}
  0x0000028194632a94: 0f1f 8400 | 8418 0012 | 488b 6c24 | 0844 8b55 | 1c4c 8b45 

  0x0000028194632aa8: ;   {other}
  0x0000028194632aa8: 1049 c1e8 | 0d0f 8782 | 4600 004c 

  0x0000028194632ab4: ;   {other}
  0x0000028194632ab4: 8b5d 4049 | c1eb 0d0f | 87a8 4600 | 004d 85c0 | 0f84 7215 | 0000 488b | 0c24 488b 

  0x0000028194632ad0: ;   {other}
  0x0000028194632ad0: 5960 48c1 | eb0d 0f87 | cb46 0000 | 4885 db0f | 844a 1100 | 004c 8b43 

  0x0000028194632ae8: ;   {other}
  0x0000028194632ae8: 1849 c1e8 | 0d0f 87fc | 4600 0045 | 8b60 0c45 | 8d4c 24ff | 4181 e178 | 91ce 1745 | 85e4 0f86 
  0x0000028194632b08: 741e 0000 | 4b8b 7cc8 

  0x0000028194632b10: ;   {other}
  0x0000028194632b10: 1048 c1ef | 0d0f 871c | 4700 0048 | 85ff 0f84 | 570f 0000 | 4c8b 4710 | 41f7 c0c0 

  0x0000028194632b2c: ;   {other}
  0x0000028194632b2c: e900 000f | 8560 4700 

  0x0000028194632b34: ;   {other}
  0x0000028194632b34: 0049 c1e8 

  0x0000028194632b38: ;   {oop(a 'java/lang/ThreadLocal$SuppliedThreadLocal'{0x00000400b640fd18})}
  0x0000028194632b38: 0d49 bc18 | fd40 b600 | 0400 004d | 3bc4 0f85 | 310f 0000 | 4c8b 4f30 

  0x0000028194632b50: ;   {other}
  0x0000028194632b50: 49c1 e90d | 0f87 9747 | 0000 458b 

  0x0000028194632b5c: ;   {metadata('org/lwjgl/system/MemoryStack')}
  0x0000028194632b5c: 6108 4181 | fc80 e630 | 800f 85a9 | 2a00 0049 

  0x0000028194632b6c: ;   {other}
  0x0000028194632b6c: 8b79 2848 | c1ef 0d0f | 87ca 4700 | 008b 770c | 418b 591c | 3bde 0f84 | f026 0000 | 458b 4118 
  0x0000028194632b8c: 448d 6301 | 4589 611c | 3bde 0f83 | 0815 0000 | 4489 449f | 104d 8b61 | 104d 63c0 | 4b8d 7c20 
  0x0000028194632bac: c048 83e7 | fc4c 8bc7 | 4d2b c445 | 8bc0 4589 | 4118 4585 | c00f 8c15 | 2700 00c4 | c17a 1043 
  0x0000028194632bcc: 0c4c 894c | 2408 4889 | 6c24 5848 | 890c 24c4 | c17a 1053 | 48c4 c17a | 104b 44c4 | c17a 1063 
  0x0000028194632bec: 40c4 c17a | 105b 10c4 | c17a 1073 | 14c4 c17a | 106b 18c4 | 417a 1043 | 1cc4 c17a | 107b 20c4 
  0x0000028194632c0c: 417a 1053 | 24c4 417a | 104b 28c4 | 417a 1063 | 2cc4 417a | 105b 30c4 | 417a 1073 | 34c4 417a 
  0x0000028194632c2c: 106b 3862 | c17e 0810 | 430f 4c8b | dfc4 c17a | 1103 c4c1 | 7a11 5b10 | c4c1 7a11 | 7320 c4c1 
  0x0000028194632c4c: 7a11 6b30 | c441 7a11 | 4304 c4c1 | 7a11 7b14 | c441 7a11 | 5324 c441 | 7a11 4b34 | c441 7a11 
  0x0000028194632c6c: ;   {no_reloc}
  0x0000028194632c6c: 6308 c441 | 7a11 5b18 | c441 7a11 | 7328 c441 | 7a11 6b38 | 62c1 7e08 | 1143 03c4 | c17a 1163 
  0x0000028194632c8c: 1cc4 c17a | 114b 2cc4 | c17a 1153 | 3c41 8bd2 | 41b8 0100 | 0000 4533 

  0x0000028194632ca4: ;   {static_call}
  0x0000028194632ca4: c966 90e8 

  0x0000028194632ca8: ; ImmutableOopMap {rbp=Oop [0]=Oop [8]=Oop [16]=Oop [32]=Oop [40]=Oop [48]=Oop [56]=Oop [64]=Oop [72]=Oop [80]=Oop [88]=Oop }
                      ;*invokestatic nglUniformMatrix4fv {reexecute=0 rethrow=0 return_oop=0}
                      ; - org.lwjgl.opengl.GL20C::glUniformMatrix4fv@12 (line 734)
                      ; - org.lwjgl.opengl.GL20::glUniformMatrix4fv@3 (line 791)
                      ; - com.seibel.distanthorizons.common.render.openGl.glObject.shader.GlShaderProgram::setUniform@22 (line 200)
                      ; - com.seibel.distanthorizons.common.render.openGl.postProcessing.ssao.GlDhSSAOShader_neoforge::onApplyUniforms@12 (line 107)
                      ; - com.seibel.distanthorizons.common.render.openGl.util.GlAbstractShaderRenderer::render@13 (line 81)
                      ; - com.seibel.distanthorizons.common.render.openGl.postProcessing.ssao.GlDhSSAORenderer_neoforge::render@90 (line 130)
                      ; - com.seibel.distanthorizons.core.render.renderer.LodRenderer::renderTerrain@316 (line 225)
  0x0000028194632ca8: ace5 17fe 

  0x0000028194632cac: ;   {other}
  0x0000028194632cac: 0f1f 8400 | 9c1a 0013 | 4c8b 4424 | 084d 8b48 

  0x0000028194632cbc: ;   {other}
  0x0000028194632cbc: 2849 c1e9 | 0d0f 87ce | 4600 0045 | 8b60 1c45 | 8d54 24ff | 4589 501c 

  0x0000028194632cd4: ; implicit exception: dispatches to 0x0000028194635e8c
  0x0000028194632cd4: 418b 490c | 443b d10f | 832f 1400 | 0047 8b5c | a10c 4589 | 5818 4c8b | dd44 8b65 | 204c 8b45 
  0x0000028194632cf4: ;   {other}
  0x0000028194632cf4: 1049 c1e8 | 0d0f 87ca | 4600 004c 

  0x0000028194632d00: ;   {other}
  0x0000028194632d00: 8b55 4849 | c1ea 0d0f | 87f0 4600 | 004d 85c0 | 0f84 7a14 | 0000 488b | 0424 488b 

  0x0000028194632d1c: ;   {other}
  0x0000028194632d1c: 7060 48c1 | ee0d 0f87 | 1347 0000 | 4885 f60f | 8455 0f00 | 0048 8b5e 

  0x0000028194632d34: ;   {other}
  0x0000028194632d34: 1848 c1eb | 0d0f 8744 | 4700 0044 | 8b43 0c45 | 8d48 ff41 | 81e1 7891 | ce17 4585 | c00f 8695 
  0x0000028194632d54: 1c00 004a | 8b7c cb10 

  0x0000028194632d5c: ;   {other}
  0x0000028194632d5c: 48c1 ef0d | 0f87 6f47 | 0000 4885 | ff0f 845b | 0d00 004c | 8b47 1041 | f7c0 c0e9 

  0x0000028194632d78: ;   {other}
  0x0000028194632d78: 0000 0f85 | b347 0000 

  0x0000028194632d80: ;   {other}
  0x0000028194632d80: 49c1 e80d 

  0x0000028194632d84: ;   {oop(a 'java/lang/ThreadLocal$SuppliedThreadLocal'{0x00000400b640fd18})}
  0x0000028194632d84: 48b9 18fd | 40b6 0004 | 0000 4c3b | c10f 8535 | 0d00 0048 

  0x0000028194632d98: ;   {other}
  0x0000028194632d98: 8b4f 3048 | c1e9 0d0f | 87f4 4700 | 0044 8b49 

  0x0000028194632da8: ;   {metadata('org/lwjgl/system/MemoryStack')}
  0x0000028194632da8: 0841 81f9 | 80e6 3080 | 0f85 ba28 | 0000 488b 

  0x0000028194632db8: ;   {other}
  0x0000028194632db8: 7928 48c1 | ef0d 0f87 | 1a48 0000 

  0x0000028194632dc4: ; implicit exception: dispatches to 0x0000028194635f7c
  0x0000028194632dc4: 448b 4f0c | 8b71 1c41 | 3bf1 0f84 | 6c25 0000 | 448b 4118 | 8d5e 0189 | 591c 413b | f10f 8311 
  0x0000028194632de4: 1400 0044 | 8944 b710 | 4c8b 4910 | 4d63 c04b | 8d6c 08c0 | 4883 e5fc | 4c8b c54d | 2bc1 458b 
  0x0000028194632e04: c044 8941 | 1845 85c0 | 0f8c b225 | 0000 498b | 87b8 0100 | 004c 8bc0 | 4983 c048 | 4d3b 87c8 
  0x0000028194632e24: 0100 000f | 8330 1000 | 004d 8987 | b801 0000 | 410f 1880 | 0001 0000 | 48c7 0001 

  0x0000028194632e40: ;   {metadata('java/nio/DirectFloatBufferU')}
  0x0000028194632e40: 0000 00c7 | 4008 6090 | 2e80 488b | d848 83c3 | 2848 8bf8 | 4883 c710 | c5f5 efc9 | c5f9 d60f 
  0x0000028194632e60: c5fd efc0 | 62f1 fe28 | 7f03 c740 | 0cff ffff | ff49 b800 | 0000 0010 | 0000 004c | 8940 1848 
  0x0000028194632e80: c740 2010 | 0000 0048 | 8968 10c4 | c17a 1042 | 0c48 8944 | 2408 4889 | 4c24 6844 | 8924 244c 
  0x0000028194632ea0: 895c 2458 | c4c1 7a10 | 5248 c5fa | 1154 2404 | c4c1 7a10 | 5244 c4c1 | 7a10 4a40 | c4c1 7a10 
  0x0000028194632ec0: 623c c4c1 | 7a10 5a38 | c4c1 7a10 | 7234 c4c1 | 7a10 6a10 | c441 7a10 | 4214 c4c1 | 7a10 7a18 
  0x0000028194632ee0: c441 7a10 | 521c c441 | 7a10 4a20 | c441 7a10 | 6224 c441 | 7a10 5a28 | c441 7a10 | 722c c441 
  0x0000028194632f00: 7a10 6a30 | 4c8b d5c4 | c17a 1102 | c4c1 7a11 | 6a10 c441 | 7a11 4220 | c4c1 7a11 | 7a30 c441 
  0x0000028194632f20: 7a11 5204 | c441 7a11 | 4a14 c441 | 7a11 6224 | c441 7a11 | 5a34 c441 | 7a11 7208 | c441 7a11 
  0x0000028194632f40: ;   {no_reloc}
  0x0000028194632f40: 6a18 c4c1 | 7a11 7228 | c4c1 7a11 | 5a38 c4c1 | 7a11 620c | c4c1 7a11 | 4a1c c4c1 | 7a11 522c 
  0x0000028194632f60: 41b8 0f00 | 0000 488b | d048 8be8 

  0x0000028194632f6c: ;   {optimized virtual_call}
  0x0000028194632f6c: 6666 90e8 

  0x0000028194632f70: ; ImmutableOopMap {rbp=Oop [8]=Oop [16]=Oop [32]=Oop [40]=Oop [48]=Oop [56]=Oop [64]=Oop [72]=Oop [80]=Oop [88]=Oop [104]=Oop }
                      ;*invokevirtual ix {reexecute=0 rethrow=0 return_oop=0}
                      ; - java.nio.DirectFloatBufferU::put@14 (line 375)
                      ; - com.seibel.distanthorizons.core.util.math.Mat4f::store@220 (line 98)
                      ; - com.seibel.distanthorizons.common.render.openGl.glObject.shader.GlShaderProgram::setUniform@15 (line 199)
                      ; - com.seibel.distanthorizons.common.render.openGl.postProcessing.ssao.GlDhSSAOShader_neoforge::onApplyUniforms@27 (line 109)
                      ; - com.seibel.distanthorizons.common.render.openGl.util.GlAbstractShaderRenderer::render@13 (line 81)
                      ; - com.seibel.distanthorizons.common.render.openGl.postProcessing.ssao.GlDhSSAORenderer_neoforge::render@90 (line 130)
                      ; - com.seibel.distanthorizons.core.render.renderer.LodRenderer::renderTerrain@316 (line 225)
  0x0000028194632f70: bc8b 60ff 

  0x0000028194632f74: ;   {other}
  0x0000028194632f74: 0f1f 8400 | 641d 0014 | 4c8b d0c5 | fa10 4424 | 04c4 c17a | 1102 8b14 | 2445 33c0 | 4c8b cd48 
  0x0000028194632f94: 8b6c 2458 

  0x0000028194632f98: ;   {static_call}
  0x0000028194632f98: 6666 90e8 

  0x0000028194632f9c: ; ImmutableOopMap {rbp=Oop [16]=Oop [32]=Oop [40]=Oop [48]=Oop [56]=Oop [64]=Oop [72]=Oop [80]=Oop [88]=Oop [104]=Oop }
                      ;*invokestatic glUniformMatrix4fv {reexecute=0 rethrow=0 return_oop=0}
                      ; - com.seibel.distanthorizons.common.render.openGl.glObject.shader.GlShaderProgram::setUniform@22 (line 200)
                      ; - com.seibel.distanthorizons.common.render.openGl.postProcessing.ssao.GlDhSSAOShader_neoforge::onApplyUniforms@27 (line 109)
                      ; - com.seibel.distanthorizons.common.render.openGl.util.GlAbstractShaderRenderer::render@13 (line 81)
                      ; - com.seibel.distanthorizons.common.render.openGl.postProcessing.ssao.GlDhSSAORenderer_neoforge::render@90 (line 130)
                      ; - com.seibel.distanthorizons.core.render.renderer.LodRenderer::renderTerrain@316 (line 225)
  0x0000028194632f9c: 00b1 5101 

  0x0000028194632fa0: ;   {other}
  0x0000028194632fa0: 0f1f 8400 | 901d 0015 | 488b 5424 

  0x0000028194632fac: ;   {optimized virtual_call}
  0x0000028194632fac: 6866 90e8 

  0x0000028194632fb0: ; ImmutableOopMap {rbp=Oop [16]=Oop [32]=Oop [40]=Oop [48]=Oop [56]=Oop [64]=Oop [72]=Oop [80]=Oop }
                      ;*invokevirtual pop {reexecute=0 rethrow=0 return_oop=1}
                      ; - org.lwjgl.system.MemoryStack::close@1 (line 168)
                      ; - com.seibel.distanthorizons.common.render.openGl.glObject.shader.GlShaderProgram::setUniform@30 (line 201)
                      ; - com.seibel.distanthorizons.common.render.openGl.postProcessing.ssao.GlDhSSAOShader_neoforge::onApplyUniforms@27 (line 109)
                      ; - com.seibel.distanthorizons.common.render.openGl.util.GlAbstractShaderRenderer::render@13 (line 81)
                      ; - com.seibel.distanthorizons.common.render.openGl.postProcessing.ssao.GlDhSSAORenderer_neoforge::render@90 (line 130)
                      ; - com.seibel.distanthorizons.core.render.renderer.LodRenderer::renderTerrain@316 (line 225)
  0x0000028194632fb0: fcec 22fe 

  0x0000028194632fb4: ;   {other}
  0x0000028194632fb4: 0f1f 8400 | a41d 0016 | 448b 5524 | 4c8b 5d10 

  0x0000028194632fc4: ;   {other}
  0x0000028194632fc4: 49c1 eb0d | 0f87 5846 | 0000 4d85 | db0f 84ad | 1200 0041 | b806 0000 | 0041 8bd2 

  0x0000028194632fe0: ;   {static_call}
  0x0000028194632fe0: 6666 90e8 

  0x0000028194632fe4: ; ImmutableOopMap {rbp=Oop [16]=Oop [32]=Oop [40]=Oop [48]=Oop [56]=Oop [64]=Oop [72]=Oop [80]=Oop }
                      ;*invokestatic glUniform1i {reexecute=0 rethrow=0 return_oop=0}
                      ; - org.lwjgl.opengl.GL20::glUniform1i@2 (line 487)
                      ; - com.seibel.distanthorizons.common.render.openGl.glObject.shader.GlShaderProgram::setUniform@2 (line 174)
                      ; - com.seibel.distanthorizons.common.render.openGl.postProcessing.ssao.GlDhSSAOShader_neoforge::onApplyUniforms@40 (line 111)
                      ; - com.seibel.distanthorizons.common.render.openGl.util.GlAbstractShaderRenderer::render@13 (line 81)
                      ; - com.seibel.distanthorizons.common.render.openGl.postProcessing.ssao.GlDhSSAORenderer_neoforge::render@90 (line 130)
                      ; - com.seibel.distanthorizons.core.render.renderer.LodRenderer::renderTerrain@316 (line 225)
  0x0000028194632fe4: f0c0 35fe 

  0x0000028194632fe8: ;   {other}
  0x0000028194632fe8: 0f1f 8400 | d81d 0017 | 448b 5528 | 4c8b 5d10 

  0x0000028194632ff8: ;   {other}
  0x0000028194632ff8: 49c1 eb0d | 0f87 5846 | 0000 4d85 | db0f 84d1 

  0x0000028194633008: ;   {section_word}
  0x0000028194633008: 1200 00c5 | fa10 05bd | ecff ff41 

  0x0000028194633014: ;   {static_call}
  0x0000028194633014: 8bd2 90e8 

  0x0000028194633018: ; ImmutableOopMap {rbp=Oop [16]=Oop [32]=Oop [40]=Oop [48]=Oop [56]=Oop [64]=Oop [72]=Oop [80]=Oop }
                      ;*invokestatic glUniform1f {reexecute=0 rethrow=0 return_oop=0}
                      ; - org.lwjgl.opengl.GL20::glUniform1f@2 (line 425)
                      ; - com.seibel.distanthorizons.common.render.openGl.glObject.shader.GlShaderProgram::setUniform@2 (line 179)
                      ; - com.seibel.distanthorizons.common.render.openGl.postProcessing.ssao.GlDhSSAOShader_neoforge::onApplyUniforms@53 (line 112)
                      ; - com.seibel.distanthorizons.common.render.openGl.util.GlAbstractShaderRenderer::render@13 (line 81)
                      ; - com.seibel.distanthorizons.common.render.openGl.postProcessing.ssao.GlDhSSAORenderer_neoforge::render@90 (line 130)
                      ; - com.seibel.distanthorizons.core.render.renderer.LodRenderer::renderTerrain@316 (line 225)
  0x0000028194633018: 3cd0 e0ff 

  0x000002819463301c: ;   {other}
  0x000002819463301c: 0f1f 8400 | 0c1e 0018 | 448b 552c | 4c8b 5d10 

  0x000002819463302c: ;   {other}
  0x000002819463302c: 49c1 eb0d | 0f87 5846 | 0000 4d85 | db0f 84f5 

  0x000002819463303c: ;   {section_word}
  0x000002819463303c: 1200 00c5 | fa10 058d | ecff ff41 

  0x0000028194633048: ;   {static_call}
  0x0000028194633048: 8bd2 90e8 

  0x000002819463304c: ; ImmutableOopMap {rbp=Oop [16]=Oop [32]=Oop [40]=Oop [48]=Oop [56]=Oop [64]=Oop [72]=Oop [80]=Oop }
                      ;*invokestatic glUniform1f {reexecute=0 rethrow=0 return_oop=0}
                      ; - org.lwjgl.opengl.GL20::glUniform1f@2 (line 425)
                      ; - com.seibel.distanthorizons.common.render.openGl.glObject.shader.GlShaderProgram::setUniform@2 (line 179)
                      ; - com.seibel.distanthorizons.common.render.openGl.postProcessing.ssao.GlDhSSAOShader_neoforge::onApplyUniforms@66 (line 113)
                      ; - com.seibel.distanthorizons.common.render.openGl.util.GlAbstractShaderRenderer::render@13 (line 81)
                      ; - com.seibel.distanthorizons.common.render.openGl.postProcessing.ssao.GlDhSSAORenderer_neoforge::render@90 (line 130)
                      ; - com.seibel.distanthorizons.core.render.renderer.LodRenderer::renderTerrain@316 (line 225)
  0x000002819463304c: 08d0 e0ff 

  0x0000028194633050: ;   {other}
  0x0000028194633050: 0f1f 8400 | 401e 0019 | 448b 5530 | 4c8b 5d10 

  0x0000028194633060: ;   {other}
  0x0000028194633060: 49c1 eb0d | 0f87 5846 | 0000 4d85 | db0f 8419 

  0x0000028194633070: ;   {section_word}
  0x0000028194633070: 1300 00c5 | fa10 055d | ecff ff41 

  0x000002819463307c: ;   {static_call}
  0x000002819463307c: 8bd2 90e8 

  0x0000028194633080: ; ImmutableOopMap {rbp=Oop [16]=Oop [32]=Oop [40]=Oop [48]=Oop [56]=Oop [64]=Oop [72]=Oop [80]=Oop }
                      ;*invokestatic glUniform1f {reexecute=0 rethrow=0 return_oop=0}
                      ; - org.lwjgl.opengl.GL20::glUniform1f@2 (line 425)
                      ; - com.seibel.distanthorizons.common.render.openGl.glObject.shader.GlShaderProgram::setUniform@2 (line 179)
                      ; - com.seibel.distanthorizons.common.render.openGl.postProcessing.ssao.GlDhSSAOShader_neoforge::onApplyUniforms@79 (line 114)
                      ; - com.seibel.distanthorizons.common.render.openGl.util.GlAbstractShaderRenderer::render@13 (line 81)
                      ; - com.seibel.distanthorizons.common.render.openGl.postProcessing.ssao.GlDhSSAORenderer_neoforge::render@90 (line 130)
                      ; - com.seibel.distanthorizons.core.render.renderer.LodRenderer::renderTerrain@316 (line 225)
  0x0000028194633080: d4cf e0ff 

  0x0000028194633084: ;   {other}
  0x0000028194633084: 0f1f 8400 | 741e 001a | 448b 5534 | 4c8b 5d10 

  0x0000028194633094: ;   {other}
  0x0000028194633094: 49c1 eb0d | 0f87 5846 | 0000 4d85 | db0f 843d 

  0x00000281946330a4: ;   {section_word}
  0x00000281946330a4: 1300 00c5 | fa10 052d | ecff ff41 

  0x00000281946330b0: ;   {static_call}
  0x00000281946330b0: 8bd2 90e8 

  0x00000281946330b4: ; ImmutableOopMap {rbp=Oop [16]=Oop [32]=Oop [40]=Oop [48]=Oop [56]=Oop [64]=Oop [72]=Oop [80]=Oop }
                      ;*invokestatic glUniform1f {reexecute=0 rethrow=0 return_oop=0}
                      ; - org.lwjgl.opengl.GL20::glUniform1f@2 (line 425)
                      ; - com.seibel.distanthorizons.common.render.openGl.glObject.shader.GlShaderProgram::setUniform@2 (line 179)
                      ; - com.seibel.distanthorizons.common.render.openGl.postProcessing.ssao.GlDhSSAOShader_neoforge::onApplyUniforms@92 (line 115)
                      ; - com.seibel.distanthorizons.common.render.openGl.util.GlAbstractShaderRenderer::render@13 (line 81)
                      ; - com.seibel.distanthorizons.common.render.openGl.postProcessing.ssao.GlDhSSAORenderer_neoforge::render@90 (line 130)
                      ; - com.seibel.distanthorizons.core.render.renderer.LodRenderer::renderTerrain@316 (line 225)
  0x00000281946330b4: a0cf e0ff 

  0x00000281946330b8: ;   {other}
  0x00000281946330b8: 0f1f 8400 | a81e 001b | 448b 553c | 4c8b 5d10 

  0x00000281946330c8: ;   {other}
  0x00000281946330c8: 49c1 eb0d | 0f87 5846 | 0000 4d85 | db0f 8461 | 1300 0048 

  0x00000281946330dc: ;   {section_word}
  0x00000281946330dc: 892c 24c5 | fa10 05f9 | ebff ff41 

  0x00000281946330e8: ;   {static_call}
  0x00000281946330e8: 8bd2 90e8 

  0x00000281946330ec: ; ImmutableOopMap {[0]=Oop [16]=Oop [32]=Oop [40]=Oop [48]=Oop [56]=Oop [64]=Oop [72]=Oop [80]=Oop }
                      ;*invokestatic glUniform1f {reexecute=0 rethrow=0 return_oop=0}
                      ; - org.lwjgl.opengl.GL20::glUniform1f@2 (line 425)
                      ; - com.seibel.distanthorizons.common.render.openGl.glObject.shader.GlShaderProgram::setUniform@2 (line 179)
                      ; - com.seibel.distanthorizons.common.render.openGl.postProcessing.ssao.GlDhSSAOShader_neoforge::onApplyUniforms@105 (line 116)
                      ; - com.seibel.distanthorizons.common.render.openGl.util.GlAbstractShaderRenderer::render@13 (line 81)
                      ; - com.seibel.distanthorizons.common.render.openGl.postProcessing.ssao.GlDhSSAORenderer_neoforge::render@90 (line 130)
                      ; - com.seibel.distanthorizons.core.render.renderer.LodRenderer::renderTerrain@316 (line 225)
  0x00000281946330ec: 68cf e0ff 

  0x00000281946330f0: ;   {other}
  0x00000281946330f0: 0f1f 8400 | e01e 001c | 4c8b 1424 | 418b 5238 

  0x0000028194633100: ;   {static_call}
  0x0000028194633100: 4533 c0e8 

  0x0000028194633104: ; ImmutableOopMap {[0]=Oop [16]=Oop [32]=Oop [40]=Oop [48]=Oop [56]=Oop [64]=Oop [72]=Oop [80]=Oop }
                      ;*invokestatic glUniform1i {reexecute=0 rethrow=0 return_oop=0}
                      ; - org.lwjgl.opengl.GL20::glUniform1i@2 (line 487)
                      ; - com.seibel.distanthorizons.common.render.openGl.postProcessing.ssao.GlDhSSAOShader_neoforge::onApplyUniforms@113 (line 118)
                      ; - com.seibel.distanthorizons.common.render.openGl.util.GlAbstractShaderRenderer::render@13 (line 81)
                      ; - com.seibel.distanthorizons.common.render.openGl.postProcessing.ssao.GlDhSSAORenderer_neoforge::render@90 (line 130)
                      ; - com.seibel.distanthorizons.core.render.renderer.LodRenderer::renderTerrain@316 (line 225)
  0x0000028194633104: d0bf 35fe 

  0x0000028194633108: ;   {other}
  0x0000028194633108: 0f1f 8400 | f81e 001d 

  0x0000028194633110: ;   {oop(a 'com/seibel/distanthorizons/neoforge/wrappers/NeoforgeMinecraftRenderWrapper'{0x00000400557b7fd0})}
  0x0000028194633110: 48ba d07f | 7b55 0004 

  0x0000028194633118: ;   {optimized virtual_call}
  0x0000028194633118: 0000 90e8 

  0x000002819463311c: ; ImmutableOopMap {[0]=Oop [16]=Oop [32]=Oop [40]=Oop [48]=Oop [56]=Oop [64]=Oop [72]=Oop [80]=Oop }
                      ;*invokeinterface getTargetFramebufferViewportWidth {reexecute=0 rethrow=0 return_oop=0}
                      ; - com.seibel.distanthorizons.common.render.openGl.util.GlAbstractShaderRenderer::render@19 (line 83)
                      ; - com.seibel.distanthorizons.common.render.openGl.postProcessing.ssao.GlDhSSAORenderer_neoforge::render@90 (line 130)
                      ; - com.seibel.distanthorizons.core.render.renderer.LodRenderer::renderTerrain@316 (line 225)
  0x000002819463311c: 1091 ba00 

  0x0000028194633120: ;   {other}
  0x0000028194633120: 0f1f 8400 | 101f 001e | 8944 2408 

  0x000002819463312c: ;   {oop(a 'com/seibel/distanthorizons/neoforge/wrappers/NeoforgeMinecraftRenderWrapper'{0x00000400557b7fd0})}
  0x000002819463312c: 48ba d07f | 7b55 0004 

  0x0000028194633134: ;   {optimized virtual_call}
  0x0000028194633134: 0000 90e8 

  0x0000028194633138: ; ImmutableOopMap {[0]=Oop [16]=Oop [32]=Oop [40]=Oop [48]=Oop [56]=Oop [64]=Oop [72]=Oop [80]=Oop }
                      ;*invokeinterface getTargetFramebufferViewportHeight {reexecute=0 rethrow=0 return_oop=0}
                      ; - com.seibel.distanthorizons.common.render.openGl.util.GlAbstractShaderRenderer::render@28 (line 84)
                      ; - com.seibel.distanthorizons.common.render.openGl.postProcessing.ssao.GlDhSSAORenderer_neoforge::render@90 (line 130)
                      ; - com.seibel.distanthorizons.core.render.renderer.LodRenderer::renderTerrain@316 (line 225)
  0x0000028194633138: f494 ba00 

  0x000002819463313c: ;   {other}
  0x000002819463313c: 0f1f 8400 | 2c1f 001f | 33d2 4533 | c044 8b4c | 2408 8bf8 

  0x0000028194633150: ;   {static_call}
  0x0000028194633150: 6666 90e8 

  0x0000028194633154: ; ImmutableOopMap {[0]=Oop [16]=Oop [32]=Oop [40]=Oop [48]=Oop [56]=Oop [64]=Oop [72]=Oop [80]=Oop }
                      ;*invokestatic glViewport {reexecute=0 rethrow=0 return_oop=0}
                      ; - com.seibel.distanthorizons.common.render.openGl.util.GlAbstractShaderRenderer::render@38 (line 85)
                      ; - com.seibel.distanthorizons.common.render.openGl.postProcessing.ssao.GlDhSSAORenderer_neoforge::render@90 (line 130)
                      ; - com.seibel.distanthorizons.core.render.renderer.LodRenderer::renderTerrain@316 (line 225)
  0x0000028194633154: 4870 fb00 

  0x0000028194633158: ;   {other}
  0x0000028194633158: 0f1f 8400 | 481f 0020 | 488b 1424 

  0x0000028194633164: ;   {optimized virtual_call}
  0x0000028194633164: 6666 90e8 

  0x0000028194633168: ; ImmutableOopMap {[0]=Oop [16]=Oop [32]=Oop [40]=Oop [48]=Oop [56]=Oop [64]=Oop [72]=Oop [80]=Oop }
                      ;*invokevirtual onRender {reexecute=0 rethrow=0 return_oop=0}
                      ; - com.seibel.distanthorizons.common.render.openGl.util.GlAbstractShaderRenderer::render@42 (line 87)
                      ; - com.seibel.distanthorizons.common.render.openGl.postProcessing.ssao.GlDhSSAORenderer_neoforge::render@90 (line 130)
                      ; - com.seibel.distanthorizons.core.render.renderer.LodRenderer::renderTerrain@316 (line 225)
  0x0000028194633168: 4430 8701 

  0x000002819463316c: ;   {other}
  0x000002819463316c: 0f1f 8400 | 5c1f 0021 | 4c8b 1424 | 4d8b 5a10 

  0x000002819463317c: ;   {other}
  0x000002819463317c: 49c1 eb0d | 0f87 d845 | 0000 458b 

  0x0000028194633188: ;   {metadata('com/seibel/distanthorizons/common/render/openGl/glObject/shader/GlShaderProgram')}
  0x0000028194633188: 5308 4181 | fae0 b3b9 | 830f 8501 | 1700 0033 

  0x0000028194633198: ;   {static_call}
  0x0000028194633198: d266 90e8 

  0x000002819463319c: ; ImmutableOopMap {[16]=Oop [32]=Oop [40]=Oop [48]=Oop [56]=Oop [64]=Oop [72]=Oop [80]=Oop }
                      ;*invokestatic glUseProgram {reexecute=0 rethrow=0 return_oop=0}
                      ; - org.lwjgl.opengl.GL20::glUseProgram@1 (line 398)
                      ; - com.seibel.distanthorizons.common.render.openGl.glObject.shader.GlShaderProgram::unbind@1 (line 100)
                      ; - com.seibel.distanthorizons.common.render.openGl.util.GlAbstractShaderRenderer::render@49 (line 89)
                      ; - com.seibel.distanthorizons.common.render.openGl.postProcessing.ssao.GlDhSSAORenderer_neoforge::render@90 (line 130)
                      ; - com.seibel.distanthorizons.core.render.renderer.LodRenderer::renderTerrain@316 (line 225)
  0x000002819463319c: b82a 0afe 

  0x00000281946331a0: ;   {other}
  0x00000281946331a0: 0f1f 8400 | 901f 0022 | 4c8b 5424 | 3845 8b5a 

  0x00000281946331b0: ;   {oop(a 'java/lang/Class'{0x00000401eb964448} = 'com/seibel/distanthorizons/common/render/openGl/postProcessing/ssao/GlDhSSAOApplyShader_neoforge')}
  0x00000281946331b0: 1849 ba48 | 4496 eb01 | 0400 0049 | 8b92 b800 

  0x00000281946331c0: ;   {other}
  0x00000281946331c0: 0000 48c1 | ea0d 0f87 | c645 0000 

  0x00000281946331cc: ; implicit exception: dispatches to 0x00000281946360c4
  0x00000281946331cc: 4489 5a18 | 4c8b 4424 

  0x00000281946331d4: ;   {optimized virtual_call}
  0x00000281946331d4: 5066 90e8 

  0x00000281946331d8: ; ImmutableOopMap {[16]=Oop [32]=Oop [40]=Oop [48]=Oop [64]=Oop [72]=Oop [80]=Oop }
                      ;*invokevirtual render {reexecute=0 rethrow=0 return_oop=0}
                      ; - com.seibel.distanthorizons.common.render.openGl.postProcessing.ssao.GlDhSSAORenderer_neoforge::render@107 (line 133)
                      ; - com.seibel.distanthorizons.core.render.renderer.LodRenderer::renderTerrain@316 (line 225)
  0x00000281946331d8: b4e5 eb00 

  0x00000281946331dc: ;   {other}
  0x00000281946331dc: 0f1f 8400 | cc1f 0023 | 488b 5424 

  0x00000281946331e8: ;   {optimized virtual_call}
  0x00000281946331e8: 4866 90e8 

  0x00000281946331ec: ; ImmutableOopMap {[16]=Oop [32]=Oop [40]=Oop [48]=Oop [64]=Oop [80]=Oop }
                      ;*invokevirtual close {reexecute=0 rethrow=0 return_oop=0}
                      ; - com.seibel.distanthorizons.common.render.openGl.postProcessing.ssao.GlDhSSAORenderer_neoforge::render@111 (line 134)
                      ; - com.seibel.distanthorizons.core.render.renderer.LodRenderer::renderTerrain@316 (line 225)
  0x00000281946331ec: 20b5 d6ff 

  0x00000281946331f0: ;   {other}
  0x00000281946331f0: 0f1f 8400 | e01f 0024 

  0x00000281946331f8: ;   {oop(a 'java/lang/Class'{0x00000400735fa4b0} = 'com/seibel/distanthorizons/core/config/Config$Client$Advanced$Graphics$GenericRendering')}
  0x00000281946331f8: 49ba b0a4 | 5f73 0004 | 0000 498b | 92c0 0000 

  0x0000028194633208: ;   {other}
  0x0000028194633208: 0048 c1ea | 0d0f 87c3 | 4500 0048 | 85d2 0f84 | 7812 0000 

  0x000002819463321c: ;   {optimized virtual_call}
  0x000002819463321c: 6666 90e8 

  0x0000028194633220: ; ImmutableOopMap {[16]=Oop [32]=Oop [40]=Oop [48]=Oop [64]=Oop [80]=Oop }
                      ;*invokevirtual get {reexecute=0 rethrow=0 return_oop=1}
                      ; - com.seibel.distanthorizons.core.render.renderer.LodRenderer::renderTerrain@324 (line 229)
  0x0000028194633220: 8cb0 7400 

  0x0000028194633224: ;   {other}
  0x0000028194633224: 0f1f 8400 | 1420 0025 

  0x000002819463322c: ; implicit exception: dispatches to 0x0000028194636108
  0x000002819463322c: 448b 5808 

  0x0000028194633230: ;   {metadata('java/lang/Boolean')}
  0x0000028194633230: 4181 fbd0 | 7305 800f | 85af 2400 | 0044 0fb6 | 580c 4585 | db0f 84f9 

  0x0000028194633248: ;   {oop("Custom Objects"{0x00000401eb957e10})}
  0x0000028194633248: 2100 0049 | b810 7e95 | eb01 0400 | 0048 8b54 

  0x0000028194633258: ;   {optimized virtual_call}
  0x0000028194633258: 2420 90e8 

  0x000002819463325c: ; ImmutableOopMap {[16]=Oop [32]=Oop [40]=Oop [48]=Oop [64]=Oop [80]=Oop }
                      ;*invokeinterface popPush {reexecute=0 rethrow=0 return_oop=0}
                      ; - com.seibel.distanthorizons.core.render.renderer.LodRenderer::renderTerrain@339 (line 231)
  0x000002819463325c: d01f bd00 

  0x0000028194633260: ;   {other}
  0x0000028194633260: 0f1f 8400 | 5020 0026 | 488b 5424 | 404c 8b44 | 2450 4c8b | 4c24 2033 

  0x0000028194633278: ;   {optimized virtual_call}
  0x0000028194633278: ff66 90e8 

  0x000002819463327c: ; ImmutableOopMap {[16]=Oop [32]=Oop [40]=Oop [48]=Oop [80]=Oop }
                      ;*invokeinterface render {reexecute=0 rethrow=0 return_oop=0}
                      ; - com.seibel.distanthorizons.core.render.renderer.LodRenderer::renderTerrain@349 (line 232)
  0x000002819463327c: d072 bb00 

  0x0000028194633280: ;   {other}
  0x0000028194633280: 0f1f 8400 | 7020 0027 | 448b 4424 | 1845 85c0 | 0f85 fa1a 

  0x0000028194633294: ;   {oop(a 'java/lang/Class'{0x000004015078e088} = 'com/seibel/distanthorizons/core/config/Config$Client$Advanced$Graphics$Quality')}
  0x0000028194633294: 0000 48bd | 88e0 7850 | 0104 0000 | 488b 95e0 

  0x00000281946332a4: ;   {other}
  0x00000281946332a4: 0000 0048 | c1ea 0d0f | 875f 4500 | 0048 85d2 | 0f84 1212 

  0x00000281946332b8: ;   {optimized virtual_call}
  0x00000281946332b8: 0000 90e8 

  0x00000281946332bc: ; ImmutableOopMap {rbp=Oop [16]=Oop [32]=Oop [40]=Oop [48]=Oop [80]=Oop }
                      ;*invokevirtual get {reexecute=0 rethrow=0 return_oop=1}
                      ; - com.seibel.distanthorizons.core.render.renderer.LodRenderer::renderTerrain@362 (line 237)
  0x00000281946332bc: f0af 7400 

  0x00000281946332c0: ;   {other}
  0x00000281946332c0: 0f1f 8400 | b020 0028 

  0x00000281946332c8: ; implicit exception: dispatches to 0x0000028194636140
  0x00000281946332c8: 448b 5808 

  0x00000281946332cc: ;   {metadata('com/seibel/distanthorizons/api/enums/rendering/EDhApiTransparency')}
  0x00000281946332cc: 4181 fb30 | 67f9 820f | 8557 2400 | 0044 0fb6 | 5814 4585 | db0f 848d 

  0x00000281946332e4: ;   {oop("LOD Transparent"{0x00000401eb957e50})}
  0x00000281946332e4: 2100 0049 | b850 7e95 | eb01 0400 | 0048 8b54 

  0x00000281946332f4: ;   {optimized virtual_call}
  0x00000281946332f4: 2420 90e8 

  0x00000281946332f8: ; ImmutableOopMap {rbp=Oop [16]=Oop [32]=Oop [40]=Oop [48]=Oop [80]=Oop }
                      ;*invokeinterface popPush {reexecute=0 rethrow=0 return_oop=0}
                      ; - com.seibel.distanthorizons.core.render.renderer.LodRenderer::renderTerrain@378 (line 239)
  0x00000281946332f8: 341f bd00 

  0x00000281946332fc: ;   {other}
  0x00000281946332fc: 0f1f 8400 | ec20 0029 | 4c8b 5424 | 104d 8b42 

  0x000002819463330c: ;   {other}
  0x000002819463330c: 1849 c1e8 | 0d0f 8729 | 4500 0048 | 8b54 2410 | 4c8b 4c24 | 3048 8b7c | 2450 33f6 | 488b 4c24 
  0x000002819463332c: ;   {optimized virtual_call}
  0x000002819463332c: 2066 90e8 

  0x0000028194633330: ; ImmutableOopMap {rbp=Oop [16]=Oop [32]=Oop [40]=Oop [80]=Oop }
                      ;*invokespecial renderTerrain {reexecute=0 rethrow=0 return_oop=0}
                      ; - com.seibel.distanthorizons.core.render.renderer.LodRenderer::renderTerrain@393 (line 240)
  0x0000028194633330: 9c98 c301 

  0x0000028194633334: ;   {other}
  0x0000028194633334: 0f1f 8400 | 2421 002a | 488b 9518 

  0x0000028194633340: ;   {other}
  0x0000028194633340: 0100 0048 | c1ea 0d0f | 8727 4500 | 0048 85d2 | 0f84 8e11 

  0x0000028194633354: ;   {optimized virtual_call}
  0x0000028194633354: 0000 90e8 

  0x0000028194633358: ; ImmutableOopMap {[16]=Oop [32]=Oop [40]=Oop [80]=Oop }
                      ;*invokevirtual get {reexecute=0 rethrow=0 return_oop=1}
                      ; - com.seibel.distanthorizons.core.render.renderer.LodRenderer::renderTerrain@399 (line 244)
  0x0000028194633358: 54af 7400 

  0x000002819463335c: ;   {other}
  0x000002819463335c: 0f1f 8400 | 4c21 002b 

  0x0000028194633364: ; implicit exception: dispatches to 0x0000028194636158
  0x0000028194633364: 448b 5808 

  0x0000028194633368: ;   {metadata('java/lang/Boolean')}
  0x0000028194633368: 4181 fbd0 | 7305 800f | 85e3 2300 | 0044 0fb6 | 400c 4585 | c00f 840d 

  0x0000028194633380: ;   {oop("Fade Far Clip Fade"{0x00000401eb957e70})}
  0x0000028194633380: 2100 0049 | b870 7e95 | eb01 0400 | 0048 8b54 

  0x0000028194633390: ;   {optimized virtual_call}
  0x0000028194633390: 2420 90e8 

  0x0000028194633394: ; ImmutableOopMap {[16]=Oop [32]=Oop [40]=Oop [80]=Oop }
                      ;*invokeinterface popPush {reexecute=0 rethrow=0 return_oop=0}
                      ; - com.seibel.distanthorizons.core.render.renderer.LodRenderer::renderTerrain@421 (line 247)
  0x0000028194633394: 981e bd00 

  0x0000028194633398: ;   {other}
  0x0000028194633398: 0f1f 8400 | 8821 002c | 488b 6c24 | 1048 8b55 

  0x00000281946333a8: ;   {other}
  0x00000281946333a8: 3048 c1ea | 0d0f 87f1 | 4400 0044 

  0x00000281946333b4: ;   {metadata('com/seibel/distanthorizons/common/render/openGl/postProcessing/fade/GlDhFarFadeRenderer_neoforge')}
  0x00000281946333b4: 8b5a 0841 | 81fb 0080 | fb82 0f85 | 3815 0000 | 4c8b 4424 

  0x00000281946333c8: ;   {optimized virtual_call}
  0x00000281946333c8: 5066 90e8 

  0x00000281946333cc: ; ImmutableOopMap {rbp=Oop [16]=Oop [32]=Oop [40]=Oop [80]=Oop }
                      ;*invokeinterface render {reexecute=0 rethrow=0 return_oop=0}
                      ; - com.seibel.distanthorizons.core.render.renderer.LodRenderer::renderTerrain@431 (line 248)
  0x00000281946333cc: 600c 4f00 

  0x00000281946333d0: ;   {other}
  0x00000281946333d0: 0f1f 8400 | c021 002d 

  0x00000281946333d8: ;   {oop(a 'java/lang/Class'{0x00000400735fb108} = 'com/seibel/distanthorizons/core/config/Config$Client$Advanced$Graphics$Fog')}
  0x00000281946333d8: 49ba 08b1 | 5f73 0004 | 0000 498b | 92d0 0000 

  0x00000281946333e8: ;   {other}
  0x00000281946333e8: 0048 c1ea | 0d0f 87db | 4400 0048 | 85d2 0f84 | 0011 0000 

  0x00000281946333fc: ;   {optimized virtual_call}
  0x00000281946333fc: 6666 90e8 

  0x0000028194633400: ; ImmutableOopMap {rbp=Oop [16]=Oop [32]=Oop [40]=Oop [80]=Oop }
                      ;*invokevirtual get {reexecute=0 rethrow=0 return_oop=1}
                      ; - com.seibel.distanthorizons.core.render.renderer.LodRenderer::renderTerrain@439 (line 252)
  0x0000028194633400: acae 7400 

  0x0000028194633404: ;   {other}
  0x0000028194633404: 0f1f 8400 | f421 002e 

  0x000002819463340c: ; implicit exception: dispatches to 0x0000028194636184
  0x000002819463340c: 448b 5808 

  0x0000028194633410: ;   {metadata('java/lang/Boolean')}
  0x0000028194633410: 4181 fbd0 | 7305 800f | 8557 2300 | 0044 0fb6 | 580c 4585 | db0f 8481 

  0x0000028194633428: ;   {oop("LOD Fog"{0x00000401eb957e90})}
  0x0000028194633428: 2000 0049 | b890 7e95 | eb01 0400 | 0048 8b54 

  0x0000028194633438: ;   {optimized virtual_call}
  0x0000028194633438: 2420 90e8 

  0x000002819463343c: ; ImmutableOopMap {rbp=Oop [16]=Oop [32]=Oop [40]=Oop [80]=Oop }
                      ;*invokeinterface popPush {reexecute=0 rethrow=0 return_oop=0}
                      ; - com.seibel.distanthorizons.core.render.renderer.LodRenderer::renderTerrain@462 (line 256)
  0x000002819463343c: f01d bd00 

  0x0000028194633440: ;   {other}
  0x0000028194633440: 0f1f 8400 | 3022 002f | 488b 5528 

  0x000002819463344c: ;   {other}
  0x000002819463344c: 48c1 ea0d | 0f87 b244 | 0000 448b 

  0x0000028194633458: ;   {metadata('com/seibel/distanthorizons/common/render/openGl/postProcessing/fog/GlDhFogRenderer_neoforge')}
  0x0000028194633458: 5a08 4181 | fb48 7dfb | 820f 85b9 | 1400 004c | 8b44 2450 

  0x000002819463346c: ;   {optimized virtual_call}
  0x000002819463346c: 6666 90e8 

  0x0000028194633470: ; ImmutableOopMap {rbp=Oop [16]=Oop [32]=Oop [40]=Oop [80]=Oop }
                      ;*invokeinterface render {reexecute=0 rethrow=0 return_oop=0}
                      ; - com.seibel.distanthorizons.core.render.renderer.LodRenderer::renderTerrain@472 (line 258)
  0x0000028194633470: fcca 1d01 

  0x0000028194633474: ;   {other}
  0x0000028194633474: 0f1f 8400 | 6422 0030 

  0x000002819463347c: ;   {oop(a 'java/lang/Class'{0x00000400bf389688} = 'com/seibel/distanthorizons/core/config/Config$Client$Advanced$Debugging$DebugWireframe')}
  0x000002819463347c: 49ba 8896 | 38bf 0004 | 0000 498b | 92c0 0000 

  0x000002819463348c: ;   {other}
  0x000002819463348c: 0048 c1ea | 0d0f 879b | 4400 0048 | 85d2 0f84 | 7010 0000 

  0x00000281946334a0: ;   {optimized virtual_call}
  0x00000281946334a0: 6666 90e8 

  0x00000281946334a4: ; ImmutableOopMap {rbp=Oop [16]=Oop [32]=Oop [40]=Oop [80]=Oop }
                      ;*invokevirtual get {reexecute=0 rethrow=0 return_oop=1}
                      ; - com.seibel.distanthorizons.core.render.renderer.LodRenderer::renderTerrain@480 (line 267)
  0x00000281946334a4: 08ae 7400 

  0x00000281946334a8: ;   {other}
  0x00000281946334a8: 0f1f 8400 | 9822 0031 

  0x00000281946334b0: ; implicit exception: dispatches to 0x00000281946361ac
  0x00000281946334b0: 448b 5808 

  0x00000281946334b4: ;   {metadata('java/lang/Boolean')}
  0x00000281946334b4: 4181 fbd0 | 7305 800f | 85cb 2200 | 0044 0fb6 | 400c 4585 | c00f 85f5 

  0x00000281946334cc: ;   {oop(a 'java/lang/Class'{0x00000401eb958138} = 'com/seibel/distanthorizons/api/methods/events/abstractEvents/DhApiBeforeApplyShaderRenderEvent')}
  0x00000281946334cc: 1f00 0049 | b838 8195 | eb01 0400 

  0x00000281946334d8: ;   {oop(a 'com/seibel/distanthorizons/coreapi/DependencyInjection/ApiEventInjector'{0x00000400557b9d68})}
  0x00000281946334d8: 0048 ba68 | 9d7b 5500 | 0400 004c | 8b4c 2450 

  0x00000281946334e8: ;   {optimized virtual_call}
  0x00000281946334e8: 6666 90e8 

  0x00000281946334ec: ; ImmutableOopMap {rbp=Oop [16]=Oop [32]=Oop [40]=Oop [80]=Oop }
                      ;*invokevirtual fireAllEvents {reexecute=0 rethrow=0 return_oop=0}
                      ; - com.seibel.distanthorizons.core.render.renderer.LodRenderer::renderTerrain@516 (line 281)
  0x00000281946334ec: 80f8 9cfe 

  0x00000281946334f0: ;   {other}
  0x00000281946334f0: 0f1f 8400 | e022 0032 | 85c0 0f85 | a818 0000 

  0x0000028194633500: ;   {oop("Apply to MC"{0x00000401eb957ed0})}
  0x0000028194633500: 49b8 d07e | 95eb 0104 | 0000 488b 

  0x000002819463350c: ;   {optimized virtual_call}
  0x000002819463350c: 5424 20e8 

  0x0000028194633510: ; ImmutableOopMap {rbp=Oop [16]=Oop [32]=Oop [40]=Oop [80]=Oop }
                      ;*invokeinterface popPush {reexecute=0 rethrow=0 return_oop=0}
                      ; - com.seibel.distanthorizons.core.render.renderer.LodRenderer::renderTerrain@530 (line 284)
  0x0000028194633510: 1c1d bd00 

  0x0000028194633514: ;   {other}
  0x0000028194633514: 0f1f 8400 | 0423 0033 | 488b 5510 

  0x0000028194633520: ;   {other}
  0x0000028194633520: 48c1 ea0d | 0f87 4244 | 0000 448b 

  0x000002819463352c: ;   {metadata('com/seibel/distanthorizons/common/render/openGl/GlDhMetaRenderer_neoforge')}
  0x000002819463352c: 5208 4181 | fae0 64fb | 820f 8509 | 1400 004c | 8b44 2450 

  0x0000028194633540: ;   {optimized virtual_call}
  0x0000028194633540: 6666 90e8 

  0x0000028194633544: ; ImmutableOopMap {rbp=Oop [16]=Oop [32]=Oop [40]=Oop [80]=Oop }
                      ;*invokeinterface applyToMcTexture {reexecute=0 rethrow=0 return_oop=0}
                      ; - com.seibel.distanthorizons.core.render.renderer.LodRenderer::renderTerrain@540 (line 285)
  0x0000028194633544: e8de 4afe 

  0x0000028194633548: ;   {other}
  0x0000028194633548: 0f1f 8400 | 3823 0034 

  0x0000028194633550: ;   {oop("LOD cleanup"{0x00000401eb957ef0})}
  0x0000028194633550: 49b8 f07e | 95eb 0104 | 0000 488b 

  0x000002819463355c: ;   {optimized virtual_call}
  0x000002819463355c: 5424 20e8 

  0x0000028194633560: ; ImmutableOopMap {rbp=Oop [16]=Oop [40]=Oop [80]=Oop }
                      ;*invokeinterface popPush {reexecute=0 rethrow=0 return_oop=0}
                      ; - com.seibel.distanthorizons.core.render.renderer.LodRenderer::renderTerrain@640 (line 320)
  0x0000028194633560: cc1c bd00 

  0x0000028194633564: ;   {other}
  0x0000028194633564: 0f1f 8400 | 5423 0035 

  0x000002819463356c: ;   {oop(a 'java/lang/Class'{0x00000401eb9582c0} = 'com/seibel/distanthorizons/api/methods/events/abstractEvents/DhApiBeforeRenderCleanupEvent')}
  0x000002819463356c: 49b8 c082 | 95eb 0104 

  0x0000028194633574: ;   {oop(a 'com/seibel/distanthorizons/coreapi/DependencyInjection/ApiEventInjector'{0x00000400557b9d68})}
  0x0000028194633574: 0000 48ba | 689d 7b55 | 0004 0000 | 4c8b 4c24 

  0x0000028194633584: ;   {optimized virtual_call}
  0x0000028194633584: 5066 90e8 

  0x0000028194633588: ; ImmutableOopMap {rbp=Oop [16]=Oop [40]=Oop [80]=Oop }
                      ;*invokevirtual fireAllEvents {reexecute=0 rethrow=0 return_oop=0}
                      ; - com.seibel.distanthorizons.core.render.renderer.LodRenderer::renderTerrain@652 (line 321)
  0x0000028194633588: e4f7 9cfe 

  0x000002819463358c: ;   {other}
  0x000002819463358c: 0f1f 8400 | 7c23 0036 | 488b 5510 

  0x0000028194633598: ;   {other}
  0x0000028194633598: 48c1 ea0d | 0f87 f443 | 0000 448b 

  0x00000281946335a4: ;   {metadata('com/seibel/distanthorizons/common/render/openGl/GlDhMetaRenderer_neoforge')}
  0x00000281946335a4: 5a08 4181 | fbe0 64fb | 820f 85b5 | 1300 004c | 8b44 2450 

  0x00000281946335b8: ;   {optimized virtual_call}
  0x00000281946335b8: 6666 90e8 

  0x00000281946335bc: ; ImmutableOopMap {[40]=Oop }
                      ;*invokeinterface runRenderPassCleanup {reexecute=0 rethrow=0 return_oop=0}
                      ; - com.seibel.distanthorizons.core.render.renderer.LodRenderer::renderTerrain@661 (line 323)
  0x00000281946335bc: d044 5fff 

  0x00000281946335c0: ;   {other}
  0x00000281946335c0: 0f1f 8400 | b023 0037 | 488b 5424 

  0x00000281946335cc: ;   {optimized virtual_call}
  0x00000281946335cc: 2866 90e8 

  0x00000281946335d0: ; ImmutableOopMap {}
                      ;*invokeinterface close {reexecute=0 rethrow=0 return_oop=0}
                      ; - com.seibel.distanthorizons.core.render.renderer.LodRenderer::renderTerrain@673 (line 324)
  0x00000281946335d0: 5cce ae00 

  0x00000281946335d4: ;   {other}
  0x00000281946335d4: 0f1f 8400 | c423 0038 | 4881 c490 | 0000 005d 

  0x00000281946335e4: ;   {poll_return}
  0x00000281946335e4: 493b a748 | 0400 000f | 876f 4b00 | 00c3 450f | b640 1d45 | 85c0 0f84 | dc14 0000 | 4489 5424 
  0x0000028194633604: 184c 895c | 2410 4d8b | 9780 0300 

  0x0000028194633610: ;   {oop(a 'java/lang/Class'{0x00000401eb957f10} = 'com/seibel/distanthorizons/api/methods/events/abstractEvents/DhApiBeforeRenderSetupEvent')}
  0x0000028194633610: 0049 b810 | 7f95 eb01 | 0400 004d 

  0x000002819463361c: ;   {other}
  0x000002819463361c: 8b1a 49c1 | eb0d 0f87 | 9843 0000 | 4c89 5c24 

  0x000002819463362c: ;   {oop(a 'com/seibel/distanthorizons/coreapi/DependencyInjection/ApiEventInjector'{0x00000400557b9d68})}
  0x000002819463362c: 2048 ba68 | 9d7b 5500 | 0400 004c | 8b4c 2410 

  0x000002819463363c: ;   {optimized virtual_call}
  0x000002819463363c: 6666 90e8 

  0x0000028194633640: ; ImmutableOopMap {[0]=Oop [8]=Oop [16]=Oop [32]=Oop }
                      ;*invokevirtual fireAllEvents {reexecute=0 rethrow=0 return_oop=0}
                      ; - com.seibel.distanthorizons.core.render.renderer.LodRenderer::renderTerrain@52 (line 145)
  0x0000028194633640: 2cf7 9cfe 

  0x0000028194633644: ;   {other}
  0x0000028194633644: 0f1f 8400 | 3424 0039 | 4c8b 5c24 | 0845 8b53 

  0x0000028194633654: ;   {metadata('com/seibel/distanthorizons/common/wrappers/minecraft/ProfilerWrapper_neoforge')}
  0x0000028194633654: 0841 81fa | 8074 b983 | 0f85 3f08 | 0000 498b | f348 8b6e 

  0x0000028194633668: ;   {other}
  0x0000028194633668: 1048 c1ed | 0d0f 8789 | 4300 0044 

  0x0000028194633674: ;   {metadata('net/minecraft/util/profiling/InactiveProfiler')}
  0x0000028194633674: 8b5d 0841 | 81fb c8aa | 0281 0f85 | 4808 0000 | 498b 87b8 | 0100 004c | 8bd0 4983 | c218 4d3b 
  0x0000028194633694: 97c8 0100 | 000f 83d9 | 0600 004d | 8997 b801 | 0000 410f | 1882 0001 | 0000 48c7 | 0001 0000 
  0x00000281946336b4: ;   {metadata('com/seibel/distanthorizons/common/wrappers/minecraft/ProfilerWrapper$ProfileBlock_neoforge')}
  0x00000281946336b4: 00c7 4008 | d078 b983 | c740 0c00 | 0000 0048 | 8b1c 2444 | 0fb6 530d 

  0x00000281946336cc: ;   {other}
  0x00000281946336cc: 4c8b dd49 | c1e3 0d49 | 81cb 2016 

  0x00000281946336d8: ;   {other}
  0x00000281946336d8: 0000 4c89 | 5810 4c8b | d845 85d2 | 0f84 0a14 | 0000 4c8b | 4c24 104d 

  0x00000281946336f0: ;   {other}
  0x00000281946336f0: 8b61 7849 | c1ec 0d0f | 8733 4300 | 0048 8b7b 

  0x0000028194633700: ;   {other}
  0x0000028194633700: 1048 c1ef | 0d0f 876d | 4300 0049 | 8b89 8000 

  0x0000028194633710: ;   {other}
  0x0000028194633710: 0000 48c1 | e90d 0f87 | a443 0000 

  0x000002819463371c: ; implicit exception: dispatches to 0x00000281946358a0
  0x000002819463371c: 448b 5708 

  0x0000028194633720: ;   {metadata('com/seibel/distanthorizons/common/render/openGl/GlDhMetaRenderer_neoforge')}
  0x0000028194633720: 4181 fae0 | 64fb 820f | 85c3 0700 | 004d 8b41 

  0x0000028194633730: ;   {other}
  0x0000028194633730: 2049 c1e8 | 0d0f 87da 

  0x0000028194633738: ;   {oop(a 'com/seibel/distanthorizons/api/enums/rendering/EDhApiRenderPass'{0x00000401eb957550})}
  0x0000028194633738: 4300 0049 | ba50 7595 | eb01 0400 | 004d 3bc2 | 0f84 de13 

  0x000002819463374c: ;   {oop(a 'com/seibel/distanthorizons/api/enums/rendering/EDhApiRenderPass'{0x00000401eb957570})}
  0x000002819463374c: 0000 49ba | 7075 95eb | 0104 0000 | 4d3b c20f | 8537 1300 | 0044 0fb6 | 5721 4585 | d20f 84fd 
  0x000002819463376c: ;   {oop(a 'com/seibel/distanthorizons/common/render/openGl/GlDhTerrainRenderer_neoforge'{0x0000040234252c30})}
  0x000002819463376c: 1300 0049 | b830 2c25 | 3402 0400 | 004d 8b50 

  0x000002819463377c: ;   {other}
  0x000002819463377c: 1049 c1ea | 0d0f 87ea | 4300 004d | 85d2 0f84 | 2014 0000 

  0x0000028194633790: ;   {oop(a 'com/seibel/distanthorizons/coreapi/DependencyInjection/OverrideInjector'{0x000004012741dfb0})}
  0x0000028194633790: 49b8 b0df | 4127 0104 | 0000 498b 

  0x000002819463379c: ;   {other}
  0x000002819463379c: 4010 48c1 | e80d 0f87 | 2f44 0000 | f747 40d0 

  0x00000281946337ac: ;   {other}
  0x00000281946337ac: e900 000f | 858f 4400 | 004d 8bc2 

  0x00000281946337b8: ;   {other}
  0x00000281946337b8: 49c1 e00d | 4981 c820 

  0x00000281946337c0: ;   {other}
  0x00000281946337c0: 1600 004c | 8947 4044 

  0x00000281946337c8: ;   {metadata('java/util/HashMap')}
  0x00000281946337c8: 8b50 0841 | 81fa 982a | 0680 0f85 | 5807 0000 | 4c8b 5030 

  0x00000281946337dc: ;   {other}
  0x00000281946337dc: 49c1 ea0d | 0f87 0a45 | 0000 4d85 | d20f 84a0 | e5ff ff41 | 8b6a 0c85 | ed0f 86f9 | 1300 00ff 
  0x00000281946337fc: ;   {oop(a 'java/lang/Class'{0x000004020cfbb9a0} = 'com/seibel/distanthorizons/api/interfaces/override/rendering/IDhApiShaderProgram')}
  0x00000281946337fc: cd49 b8a0 | b9fb 0c02 | 0400 004d | 8b00 498b | d048 83e2 | 0348 83fa | 010f 85a5 | 0400 0049 
  0x000002819463381c: c1e8 0841 | 8bc0 25ff | ffff 7f85 | c00f 8491 | 0400 0044 | 8bc0 41c1 | e810 4433 | c041 23e8 
  0x000002819463383c: 498b 54ea 

  0x0000028194633840: ;   {other}
  0x0000028194633840: 1048 c1ea | 0d0f 870b | 4500 0048 | 85d2 0f84 | 3be5 ffff | 448b 520c | 453b d075 | 214c 8b52 
  0x0000028194633860: ;   {other}
  0x0000028194633860: 1049 c1ea | 0d0f 875d 

  0x0000028194633868: ;   {oop(a 'java/lang/Class'{0x000004020cfbb9a0} = 'com/seibel/distanthorizons/api/interfaces/override/rendering/IDhApiShaderProgram')}
  0x0000028194633868: 4500 0048 | b8a0 b9fb | 0c02 0400 | 004c 3bd0 | 0f84 8e00 | 0000 4c8b 

  0x0000028194633880: ;   {other}
  0x0000028194633880: 6a20 49c1 | ed0d 0f87 | ac45 0000 | 4d85 ed0f | 84fa e4ff | ff44 8b52 

  0x0000028194633898: ;   {metadata('java/util/HashMap$TreeNode')}
  0x0000028194633898: 0841 81fa | b03a 0680 | 0f85 f902 | 0000 4889 | 7c24 3848 | 894c 2430 | 4c89 6424 | 104c 895c 
  0x00000281946338b8: 2428 4889 | 7424 0849 | 8be9 4889 

  0x00000281946338c4: ;   {oop(a 'java/lang/Class'{0x000004020cfbb9a0} = 'com/seibel/distanthorizons/api/interfaces/override/rendering/IDhApiShaderProgram')}
  0x00000281946338c4: 1c24 49b9 | a0b9 fb0c | 0204 0000 

  0x00000281946338d0: ;   {optimized virtual_call}
  0x00000281946338d0: 6666 90e8 

  0x00000281946338d4: ; ImmutableOopMap {rbp=Oop [0]=Oop [8]=Oop [16]=Oop [32]=Oop [40]=Oop [48]=Oop [56]=Oop }
                      ;*invokevirtual getTreeNode {reexecute=0 rethrow=0 return_oop=1}
                      ; - java.util.HashMap::getNode@95 (line 582)
                      ; - java.util.HashMap::get@2 (line 564)
                      ; - com.seibel.distanthorizons.coreapi.DependencyInjection.OverrideInjector::get@5 (line 133)
                      ; - com.seibel.distanthorizons.common.render.openGl.GlDhMetaRenderer_neoforge::runRenderPassSetup@63 (line 103)
                      ; - com.seibel.distanthorizons.core.render.renderer.LodRenderer::renderTerrain@99 (line 159)
  0x00000281946338d4: a8b2 81fd 

  0x00000281946338d8: ;   {other}
  0x00000281946338d8: 0f1f 8400 | c826 003a | 4885 c00f | 8486 e4ff | ff48 8bd0 | 488b 1c24 | 4c8b cd48 | 8b74 2408 
  0x00000281946338f8: 4c8b 5c24 | 284c 8b64 | 2410 488b | 4c24 3048 | 8b7c 2438 | 4c8b 4218 

  0x0000028194633910: ;   {other}
  0x0000028194633910: 49c1 e80d | 0f87 8e45 | 0000 4d85 | c00f 846c | e4ff ff45 

  0x0000028194633924: ;   {metadata('com/seibel/distanthorizons/coreapi/DependencyInjection/OverridePriorityListContainer')}
  0x0000028194633924: 8b50 0841 | 81fa a82f | 9783 0f85 | 701e 0000 | 498b 5010 

  0x0000028194633938: ;   {other}
  0x0000028194633938: 48c1 ea0d | 0f87 cc45 | 0000 448b | 5210 4585 | d20f 8405 | 0100 0048 | 897c 2448 | 4889 4c24 
  0x0000028194633958: 404c 8964 | 2430 4c89 | 5c24 2848 | 8974 2408 | 4c89 4c24 | 3848 891c | 2445 33c0 

  0x0000028194633974: ;   {optimized virtual_call}
  0x0000028194633974: 498b e9e8 

  0x0000028194633978: ; ImmutableOopMap {rbp=Oop [0]=Oop [8]=Oop [32]=Oop [40]=Oop [48]=Oop [56]=Oop [64]=Oop [72]=Oop }
                      ;*invokevirtual get {reexecute=0 rethrow=0 return_oop=1}
                      ; - com.seibel.distanthorizons.coreapi.DependencyInjection.OverridePriorityListContainer::getOverrideWithHighestPriority@15 (line 74)
                      ; - com.seibel.distanthorizons.coreapi.DependencyInjection.OverrideInjector::get@17 (line 134)
                      ; - com.seibel.distanthorizons.common.render.openGl.GlDhMetaRenderer_neoforge::runRenderPassSetup@63 (line 103)
                      ; - com.seibel.distanthorizons.core.render.renderer.LodRenderer::renderTerrain@99 (line 159)
  0x0000028194633978: 04b2 81fd 

  0x000002819463397c: ;   {other}
  0x000002819463397c: 0f1f 8400 | 6c27 003b 

  0x0000028194633984: ; implicit exception: dispatches to 0x00000281946362f0
  0x0000028194633984: 448b 5808 

  0x0000028194633988: ;   {metadata('com/seibel/distanthorizons/coreapi/DependencyInjection/OverridePriorityListContainer$OverridePriorityPair')}
  0x0000028194633988: 4181 fb48 | 3497 830f | 858f 1200 | 004c 8b58 

  0x0000028194633998: ;   {other}
  0x0000028194633998: 1049 c1eb | 0d0f 87d1 | 4500 004d | 85db 0f84 | 8800 0000 | 458b 5308 

  0x00000281946339b0: ;   {metadata('com/seibel/distanthorizons/api/interfaces/override/rendering/IDhApiShaderProgram')}
  0x00000281946339b0: 48b8 806b | fb82 0000 | 0000 418b | f24c 8b56 | 204c 3bd0 | 7420 488b | 7e28 8b0f | 4883 c708 
  0x00000281946339d0: 4885 c0f2 | 48af 0f85 | 0400 0000 | 4889 4620 | 0f85 7a12 | 0000 ba54 | ffff ff48 | 8b2c 2444 
  0x00000281946339f0: 8b54 2418 | 4489 5424 | 104c 8b54 | 2428 4c89 | 5424 184c | 8b54 2430 | 4c89 5424 | 204c 8b54 
  0x0000028194633a10: 2440 4c89 | 5424 284c | 8b54 2448 | 4c89 5424 | 304c 895c 

  0x0000028194633a24: ;   {runtime_call UncommonTrapBlob}
  0x0000028194633a24: 2448 90e8 

  0x0000028194633a28: ; ImmutableOopMap {rbp=Oop [8]=Oop [24]=Oop [32]=Oop [40]=Oop [48]=Oop [56]=Oop [72]=Oop }
                      ;*ifnull {reexecute=1 rethrow=0 return_oop=0}
                      ; - (reexecute) com.seibel.distanthorizons.common.render.openGl.GlDhMetaRenderer_neoforge::runRenderPassSetup@71 (line 104)
                      ; - com.seibel.distanthorizons.core.render.renderer.LodRenderer::renderTerrain@99 (line 159)
  0x0000028194633a28: d438 82fd 

  0x0000028194633a2c: ;   {other}
  0x0000028194633a2c: 0f1f 8400 | 1c28 003c | 488b 1c24 | 4c8b cd48 | 8b74 2408 | 4c8b 5c24 | 284c 8b64 | 2430 488b 
  0x0000028194633a4c: 4c24 4048 | 8b7c 2448 | 4889 5c24 | 084c 894c | 2410 4889 | 7424 304c | 895c 2428 | 4c89 6424 
  0x0000028194633a6c: 3848 894c | 2440 4889 | 3c24 e936 | e3ff ff33 | ff4c 895c | 2458 4489 | 5424 0848 | 892c 2448 
  0x0000028194633a8c: ;   {oop(a 'java/lang/ThreadLocal$SuppliedThreadLocal'{0x00000400b640fd18})}
  0x0000028194633a8c: 8be9 49b8 | 18fd 40b6 | 0004 0000 

  0x0000028194633a98: ;   {optimized virtual_call}
  0x0000028194633a98: 488b d3e8 

  0x0000028194633a9c: ; ImmutableOopMap {rbp=Oop [0]=Oop [16]=Oop [32]=Oop [40]=Oop [48]=Oop [56]=Oop [64]=Oop [72]=Oop [80]=Oop [88]=Oop }
                      ;*invokevirtual getEntryAfterMiss {reexecute=0 rethrow=0 return_oop=1}
                      ; - java.lang.ThreadLocal$ThreadLocalMap::getEntry@38 (line 504)
                      ; - java.lang.ThreadLocal::get@12 (line 187)
                      ; - java.lang.ThreadLocal::get@4 (line 172)
                      ; - org.lwjgl.system.MemoryStack::stackGet@3 (line 906)
                      ; - org.lwjgl.system.MemoryStack::stackPush@0 (line 915)
                      ; - com.seibel.distanthorizons.common.render.openGl.glObject.shader.GlShaderProgram::setUniform@0 (line 196)
                      ; - com.seibel.distanthorizons.common.render.openGl.postProcessing.ssao.GlDhSSAOShader_neoforge::onApplyUniforms@12 (line 107)
                      ; - com.seibel.distanthorizons.common.render.openGl.util.GlAbstractShaderRenderer::render@13 (line 81)
                      ; - com.seibel.distanthorizons.common.render.openGl.postProcessing.ssao.GlDhSSAORenderer_neoforge::render@90 (line 130)
                      ; - com.seibel.distanthorizons.core.render.renderer.LodRenderer::renderTerrain@316 (line 225)
  0x0000028194633a9c: e0b0 81fd 

  0x0000028194633aa0: ;   {other}
  0x0000028194633aa0: 0f1f 8400 | 9028 003d | 4885 c00f | 846d 0100 | 0048 8bf8 | 488b cd48 | 8b2c 2444 | 8b54 2408 
  0x0000028194633ac0: 4c8b 5c24 | 58e9 82f0 | ffff 33ff | 4c89 5424 | 5844 8964 | 2408 4889 | 2c24 488b 

  0x0000028194633adc: ;   {oop(a 'java/lang/ThreadLocal$SuppliedThreadLocal'{0x00000400b640fd18})}
  0x0000028194633adc: e849 b818 | fd40 b600 | 0400 0048 

  0x0000028194633ae8: ;   {optimized virtual_call}
  0x0000028194633ae8: 8bd6 90e8 

  0x0000028194633aec: ; ImmutableOopMap {rbp=Oop [0]=Oop [16]=Oop [32]=Oop [40]=Oop [48]=Oop [56]=Oop [64]=Oop [72]=Oop [80]=Oop [88]=Oop }
                      ;*invokevirtual getEntryAfterMiss {reexecute=0 rethrow=0 return_oop=1}
                      ; - java.lang.ThreadLocal$ThreadLocalMap::getEntry@38 (line 504)
                      ; - java.lang.ThreadLocal::get@12 (line 187)
                      ; - java.lang.ThreadLocal::get@4 (line 172)
                      ; - org.lwjgl.system.MemoryStack::stackGet@3 (line 906)
                      ; - org.lwjgl.system.MemoryStack::stackPush@0 (line 915)
                      ; - com.seibel.distanthorizons.common.render.openGl.glObject.shader.GlShaderProgram::setUniform@0 (line 196)
                      ; - com.seibel.distanthorizons.common.render.openGl.postProcessing.ssao.GlDhSSAOShader_neoforge::onApplyUniforms@27 (line 109)
                      ; - com.seibel.distanthorizons.common.render.openGl.util.GlAbstractShaderRenderer::render@13 (line 81)
                      ; - com.seibel.distanthorizons.common.render.openGl.postProcessing.ssao.GlDhSSAORenderer_neoforge::render@90 (line 130)
                      ; - com.seibel.distanthorizons.core.render.renderer.LodRenderer::renderTerrain@316 (line 225)
  0x0000028194633aec: 90b0 81fd 

  0x0000028194633af0: ;   {other}
  0x0000028194633af0: 0f1f 8400 | e028 003e | 4885 c00f | 8474 0100 | 0048 8bf8 | 4c8b 1c24 | 448b 6424 | 084c 8b54 
  0x0000028194633b10: 2458 e980 | f2ff ff48 | 8b7e 288b | 0f48 83c7 | 0848 85c0 | f248 af0f | 8504 0000 | 0048 8946 
  0x0000028194633b30: 200f 849f | e6ff ffba | deff ffff | 488b 6c24 | 084c 8b5c | 2410 4c89 | 5c24 0844 | 8b44 2418 
  0x0000028194633b50: 4489 4424 | 104c 8b5c | 2428 4c89 | 5c24 184c | 8b5c 2430 | 4c89 5c24 | 204c 8954 

  0x0000028194633b6c: ;   {runtime_call UncommonTrapBlob}
  0x0000028194633b6c: 2430 90e8 

  0x0000028194633b70: ; ImmutableOopMap {rbp=Oop [8]=Oop [24]=Oop [32]=Oop [48]=Oop [64]=Oop [72]=Oop }
                      ;*checkcast {reexecute=0 rethrow=0 return_oop=0}
                      ; - com.seibel.distanthorizons.common.render.openGl.GlDhMetaRenderer_neoforge::clearDhDepthAndColorTextures@8 (line 382)
                      ; - com.seibel.distanthorizons.core.render.renderer.LodRenderer::renderTerrain@219 (line 197)
  0x0000028194633b70: 8c37 82fd 

  0x0000028194633b74: ;   {other}
  0x0000028194633b74: 0f1f 8400 | 6429 003f | 498b 8750 | 0400 0049 

  0x0000028194633b84: ;   {other}
  0x0000028194633b84: 8b6d 2048 | c1ed 0d0f | 8717 4400 

  0x0000028194633b90: ; ImmutableOopMap {r11=Oop r9=Oop r12=Oop rcx=Oop rbx=Oop rdi=Oop rsi=Oop rbp=Oop [32]=Oop }
                      ;*ifnonnull {reexecute=1 rethrow=0 return_oop=0}
                      ; - (reexecute) java.util.HashMap::getNode@145 (line 587)
                      ; - java.util.HashMap::get@2 (line 564)
                      ; - com.seibel.distanthorizons.coreapi.DependencyInjection.OverrideInjector::get@5 (line 133)
                      ; - com.seibel.distanthorizons.common.render.openGl.GlDhMetaRenderer_neoforge::runRenderPassSetup@63 (line 103)
                      ; - com.seibel.distanthorizons.core.render.renderer.LodRenderer::renderTerrain@99 (line 159)
                      ;   {poll}
  0x0000028194633b90: 0085 0048 | 85ed 0f84 | f3e1 ffff | 4c8b ed45 | 8b55 0c45 | 3bd0 75d4 | 4d8b 5510 

  0x0000028194633bac: ;   {other}
  0x0000028194633bac: 49c1 ea0d | 0f87 6244 

  0x0000028194633bb4: ;   {oop(a 'java/lang/Class'{0x000004020cfbb9a0} = 'com/seibel/distanthorizons/api/interfaces/override/rendering/IDhApiShaderProgram')}
  0x0000028194633bb4: 0000 48ba | a0b9 fb0c | 0204 0000 | 4c3b d275 | b749 8bd5 | e93f fdff | ff49 8b8f | 5004 0000 
  0x0000028194633bd4: 498b 5a20 

  0x0000028194633bd8: ;   {other}
  0x0000028194633bd8: 48c1 eb0d | 0f87 9c44 

  0x0000028194633be0: ; ImmutableOopMap {r9=Oop r12=Oop rbx=Oop [0]=Oop [16]=Oop [40]=Oop [48]=Oop [64]=Oop [72]=Oop }
                      ;*ifnonnull {reexecute=1 rethrow=0 return_oop=0}
                      ; - (reexecute) java.util.HashMap::getNode@145 (line 587)
                      ; - java.util.HashMap::get@2 (line 564)
                      ; - com.seibel.distanthorizons.coreapi.DependencyInjection.OverrideInjector::get@5 (line 133)
                      ; - com.seibel.distanthorizons.common.render.openGl.GlDhMetaRenderer_neoforge::clearDhDepthAndColorTextures@5 (line 382)
                      ; - com.seibel.distanthorizons.core.render.renderer.LodRenderer::renderTerrain@219 (line 197)
                      ;   {poll}
  0x0000028194633be0: 0000 8501 | 4885 db0f | 847a e1ff | ff4c 8bd3 | 418b 4a0c | 413b c875 | d44d 8b5a 

  0x0000028194633bfc: ;   {other}
  0x0000028194633bfc: 1049 c1eb | 0d0f 87c9 

  0x0000028194633c04: ;   {oop(a 'java/lang/Class'{0x000004020cfbb598} = 'com/seibel/distanthorizons/api/interfaces/override/rendering/IDhApiFramebuffer')}
  0x0000028194633c04: 4400 0048 | b998 b5fb | 0c02 0400 | 004c 3bd9 | 75b7 498b | d2e9 0ee5 | ffff 488b | cd48 8b2c 
  0x0000028194633c24: 2444 8b54 | 2408 4c8b | 5c24 584c | 895c 2458 | 4489 5424 | 0848 892c | 2448 8be9 

  0x0000028194633c40: ;   {oop(a 'java/lang/ThreadLocal$SuppliedThreadLocal'{0x00000400b640fd18})}
  0x0000028194633c40: 48ba 18fd | 40b6 0004 | 0000 4c8b 

  0x0000028194633c4c: ;   {optimized virtual_call}
  0x0000028194633c4c: c166 90e8 

  0x0000028194633c50: ; ImmutableOopMap {rbp=Oop [0]=Oop [16]=Oop [32]=Oop [40]=Oop [48]=Oop [56]=Oop [64]=Oop [72]=Oop [80]=Oop [88]=Oop }
                      ;*invokevirtual setInitialValue {reexecute=0 rethrow=0 return_oop=1}
                      ; - java.lang.ThreadLocal::get@31 (line 194)
                      ; - java.lang.ThreadLocal::get@4 (line 172)
                      ; - org.lwjgl.system.MemoryStack::stackGet@3 (line 906)
                      ; - org.lwjgl.system.MemoryStack::stackPush@0 (line 915)
                      ; - com.seibel.distanthorizons.common.render.openGl.glObject.shader.GlShaderProgram::setUniform@0 (line 196)
                      ; - com.seibel.distanthorizons.common.render.openGl.postProcessing.ssao.GlDhSSAOShader_neoforge::onApplyUniforms@12 (line 107)
                      ; - com.seibel.distanthorizons.common.render.openGl.util.GlAbstractShaderRenderer::render@13 (line 81)
                      ; - com.seibel.distanthorizons.common.render.openGl.postProcessing.ssao.GlDhSSAORenderer_neoforge::render@90 (line 130)
                      ; - com.seibel.distanthorizons.core.render.renderer.LodRenderer::renderTerrain@316 (line 225)
  0x0000028194633c50: 2caf 81fd 

  0x0000028194633c54: ;   {other}
  0x0000028194633c54: 0f1f 8400 | 442a 0042 | 488b cd48 | 8b2c 2444 | 8b54 2408 | 4c8b 5c24 | 584c 8bc8 | e9e5 eeff 
  0x0000028194633c74: ff48 8bc5 | 4c8b 1c24 | 448b 6424 | 084c 8b54 | 2458 4c89 | 5424 0844 | 8924 2449 

  0x0000028194633c90: ;   {oop(a 'java/lang/ThreadLocal$SuppliedThreadLocal'{0x00000400b640fd18})}
  0x0000028194633c90: 8beb 48ba | 18fd 40b6 | 0004 0000 

  0x0000028194633c9c: ;   {optimized virtual_call}
  0x0000028194633c9c: 4c8b c0e8 

  0x0000028194633ca0: ; ImmutableOopMap {rbp=Oop [8]=Oop [16]=Oop [32]=Oop [40]=Oop [48]=Oop [56]=Oop [64]=Oop [72]=Oop [80]=Oop }
                      ;*invokevirtual setInitialValue {reexecute=0 rethrow=0 return_oop=1}
                      ; - java.lang.ThreadLocal::get@31 (line 194)
                      ; - java.lang.ThreadLocal::get@4 (line 172)
                      ; - org.lwjgl.system.MemoryStack::stackGet@3 (line 906)
                      ; - org.lwjgl.system.MemoryStack::stackPush@0 (line 915)
                      ; - com.seibel.distanthorizons.common.render.openGl.glObject.shader.GlShaderProgram::setUniform@0 (line 196)
                      ; - com.seibel.distanthorizons.common.render.openGl.postProcessing.ssao.GlDhSSAOShader_neoforge::onApplyUniforms@27 (line 109)
                      ; - com.seibel.distanthorizons.common.render.openGl.util.GlAbstractShaderRenderer::render@13 (line 81)
                      ; - com.seibel.distanthorizons.common.render.openGl.postProcessing.ssao.GlDhSSAORenderer_neoforge::render@90 (line 130)
                      ; - com.seibel.distanthorizons.core.render.renderer.LodRenderer::renderTerrain@316 (line 225)
  0x0000028194633ca0: dcae 81fd 

  0x0000028194633ca4: ;   {other}
  0x0000028194633ca4: 0f1f 8400 | 942a 0043 | 488b c84c | 8bdd 448b | 2424 4c8b | 5424 08e9 | e5f0 ffff | 4c89 5424 
  0x0000028194633cc4: 4848 897c | 2440 4889 | 4c24 384c | 8964 2430 | 4c89 5c24 | 2848 8974 | 2410 4c89 

  0x0000028194633ce0: ;   {oop(a 'java/lang/Class'{0x000004020cfbb9a0} = 'com/seibel/distanthorizons/api/interfaces/override/rendering/IDhApiShaderProgram')}
  0x0000028194633ce0: 4c24 0848 | baa0 b9fb | 0c02 0400 

  0x0000028194633cec: ;   {optimized virtual_call}
  0x0000028194633cec: 0066 90e8 

  0x0000028194633cf0: ; ImmutableOopMap {[0]=Oop [8]=Oop [16]=Oop [32]=Oop [40]=Oop [48]=Oop [56]=Oop [64]=Oop [72]=Oop }
                      ;*invokevirtual hashCode {reexecute=0 rethrow=0 return_oop=0}
                      ; - java.util.HashMap::hash@9 (line 338)
                      ; - java.util.HashMap::getNode@23 (line 576)
                      ; - java.util.HashMap::get@2 (line 564)
                      ; - com.seibel.distanthorizons.coreapi.DependencyInjection.OverrideInjector::get@5 (line 133)
                      ; - com.seibel.distanthorizons.common.render.openGl.GlDhMetaRenderer_neoforge::runRenderPassSetup@63 (line 103)
                      ; - com.seibel.distanthorizons.core.render.renderer.LodRenderer::renderTerrain@99 (line 159)
  0x0000028194633cf0: 8cae 81fd 

  0x0000028194633cf4: ;   {other}
  0x0000028194633cf4: 0f1f 8400 | e42a 0044 | 488b 1c24 | 4c8b 4c24 | 0848 8b74 | 2410 4c8b | 5c24 284c | 8b64 2430 
  0x0000028194633d14: 488b 4c24 | 3848 8b7c | 2440 4c8b | 5424 48e9 | 07fb ffff | 4889 4c24 | 384c 8964 

  0x0000028194633d30: ;   {oop(a 'java/lang/Class'{0x000004020cfbb598} = 'com/seibel/distanthorizons/api/interfaces/override/rendering/IDhApiFramebuffer')}
  0x0000028194633d30: 2420 48ba | 98b5 fb0c | 0204 0000 

  0x0000028194633d3c: ;   {optimized virtual_call}
  0x0000028194633d3c: 6666 90e8 

  0x0000028194633d40: ; ImmutableOopMap {[0]=Oop [8]=Oop [16]=Oop [32]=Oop [40]=Oop [48]=Oop [56]=Oop [64]=Oop [72]=Oop }
                      ;*invokevirtual hashCode {reexecute=0 rethrow=0 return_oop=0}
                      ; - java.util.HashMap::hash@9 (line 338)
                      ; - java.util.HashMap::getNode@23 (line 576)
                      ; - java.util.HashMap::get@2 (line 564)
                      ; - com.seibel.distanthorizons.coreapi.DependencyInjection.OverrideInjector::get@5 (line 133)
                      ; - com.seibel.distanthorizons.common.render.openGl.GlDhMetaRenderer_neoforge::clearDhDepthAndColorTextures@5 (line 382)
                      ; - com.seibel.distanthorizons.core.render.renderer.LodRenderer::renderTerrain@219 (line 197)
  0x0000028194633d40: 3cae 81fd 

  0x0000028194633d44: ;   {other}
  0x0000028194633d44: 0f1f 8400 | 342b 0045 | 4c8b 4c24 | 084c 8b64 | 2420 488b | 4c24 38e9 | 24e3 ffff | 4c8b 4c24 
  0x0000028194633d64: 084c 8b64 | 2438 e9f8 | dfff ff4c | 8b0c 24e9 | 63e1 ffff | 4889 7424 

  0x0000028194633d7c: ;   {metadata('com/seibel/distanthorizons/common/wrappers/minecraft/ProfilerWrapper$ProfileBlock_neoforge')}
  0x0000028194633d7c: 0848 bad0 | 78b9 8300 

  0x0000028194633d84: ;   {runtime_call _new_instance_Java}
  0x0000028194633d84: 0000 00e8 

  0x0000028194633d88: ; ImmutableOopMap {rbp=Oop [0]=Oop [8]=Oop [16]=Oop [32]=Oop }
                      ;*new {reexecute=0 rethrow=0 return_oop=1}
                      ; - com.seibel.distanthorizons.common.wrappers.minecraft.ProfilerWrapper_neoforge::push@10 (line 36)
                      ; - com.seibel.distanthorizons.core.render.renderer.LodRenderer::renderTerrain@59 (line 146)
  0x0000028194633d88: f442 8efd 

  0x0000028194633d8c: ;   {other}
  0x0000028194633d8c: 0f1f 8400 | 7c2b 0046 | 488b 7424 | 08e9 25f9 

  0x0000028194633d9c: ;   {metadata({type array float})}
  0x0000028194633d9c: ffff 48ba | b805 0480 | 0000 0000 | 41b8 0400 | 0000 488b 

  0x0000028194633db0: ;   {runtime_call _new_array_Java}
  0x0000028194633db0: 6c24 08e8 

  0x0000028194633db4: ; ImmutableOopMap {rbp=Oop [0]=Oop [8]=Oop [16]=Oop [40]=Oop [48]=Oop [56]=Oop [64]=Oop [72]=Oop [80]=Oop }
                      ;*newarray {reexecute=0 rethrow=0 return_oop=1}
                      ; - com.seibel.distanthorizons.common.render.openGl.GlDhMetaRenderer_neoforge::clearDhDepthAndColorTextures@43 (line 392)
                      ; - com.seibel.distanthorizons.core.render.renderer.LodRenderer::renderTerrain@219 (line 197)
  0x0000028194633db4: 481c 8efd 

  0x0000028194633db8: ;   {other}
  0x0000028194633db8: 0f1f 8400 | a82b 0047 | e9df e4ff | ff4c 895c | 2408 4c89 | 5424 2048 | 896c 2410 

  0x0000028194633dd4: ;   {metadata('com/seibel/distanthorizons/common/render/openGl/glObject/GLState')}
  0x0000028194633dd4: 48ba a8e0 | b983 0000 

  0x0000028194633ddc: ;   {runtime_call _new_instance_Java}
  0x0000028194633ddc: 0000 90e8 

  0x0000028194633de0: ; ImmutableOopMap {rbp=Oop [0]=Oop [8]=Oop [16]=Oop [32]=Oop [40]=Oop [48]=Oop [56]=Oop [64]=Oop }
                      ;*new {reexecute=0 rethrow=0 return_oop=1}
                      ; - com.seibel.distanthorizons.common.render.openGl.postProcessing.ssao.GlDhSSAORenderer_neoforge::render@0 (line 114)
                      ; - com.seibel.distanthorizons.core.render.renderer.LodRenderer::renderTerrain@316 (line 225)
  0x0000028194633de0: 9c42 8efd 

  0x0000028194633de4: ;   {other}
  0x0000028194633de4: 0f1f 8400 | d42b 0048 | 4c8b c8e9 | 52e8 ffff | 4c89 6424 | 3848 894c 

  0x0000028194633dfc: ;   {metadata('com/seibel/distanthorizons/core/util/math/Mat4f')}
  0x0000028194633dfc: 2450 48ba | b084 fb82 | 0000 0000 

  0x0000028194633e08: ;   {runtime_call _new_instance_Java}
  0x0000028194633e08: 6666 90e8 

  0x0000028194633e0c: ; ImmutableOopMap {rbp=Oop [0]=Oop [8]=Oop [16]=Oop [32]=Oop [40]=Oop [48]=Oop [56]=Oop [64]=Oop [72]=Oop [80]=Oop }
                      ;*new {reexecute=0 rethrow=0 return_oop=1}
                      ; - com.seibel.distanthorizons.common.render.openGl.postProcessing.ssao.GlDhSSAOShader_neoforge::setProjectionMatrix@1 (line 98)
                      ; - com.seibel.distanthorizons.common.render.openGl.postProcessing.ssao.GlDhSSAORenderer_neoforge::render@83 (line 129)
                      ; - com.seibel.distanthorizons.core.render.renderer.LodRenderer::renderTerrain@316 (line 225)
  0x0000028194633e0c: 7042 8efd 

  0x0000028194633e10: ;   {other}
  0x0000028194633e10: 0f1f 8400 | 002c 0049 | 488b 4c24 | 504c 8b54 | 2408 4c8b | 6424 3848 | 8bd8 e931 | e9ff ff4c 
  0x0000028194633e30: 8964 2408 | 4c89 5424 | 3848 894c 

  0x0000028194633e3c: ;   {metadata('com/seibel/distanthorizons/core/util/math/Mat4f')}
  0x0000028194633e3c: 2450 48ba | b084 fb82 | 0000 0000 

  0x0000028194633e48: ;   {runtime_call _new_instance_Java}
  0x0000028194633e48: 6666 90e8 

  0x0000028194633e4c: ; ImmutableOopMap {rbp=Oop [0]=Oop [8]=Oop [16]=Oop [32]=Oop [40]=Oop [48]=Oop [56]=Oop [64]=Oop [72]=Oop [80]=Oop }
                      ;*new {reexecute=0 rethrow=0 return_oop=1}
                      ; - com.seibel.distanthorizons.common.render.openGl.postProcessing.ssao.GlDhSSAOShader_neoforge::setProjectionMatrix@13 (line 100)
                      ; - com.seibel.distanthorizons.common.render.openGl.postProcessing.ssao.GlDhSSAORenderer_neoforge::render@83 (line 129)
                      ; - com.seibel.distanthorizons.core.render.renderer.LodRenderer::renderTerrain@316 (line 225)
  0x0000028194633e4c: 3042 8efd 

  0x0000028194633e50: ;   {other}
  0x0000028194633e50: 0f1f 8400 | 402c 004a | e929 eaff | ff48 894c | 2468 4c89 | 5424 6044 | 8964 241c | 4c89 5c24 
  0x0000028194633e70: ;   {metadata('java/nio/DirectFloatBufferU')}
  0x0000028194633e70: 5848 ba60 | 902e 8000 

  0x0000028194633e78: ;   {runtime_call _new_instance_Java}
  0x0000028194633e78: 0000 00e8 

  0x0000028194633e7c: ; ImmutableOopMap {[16]=Oop [32]=Oop [40]=Oop [48]=Oop [56]=Oop [64]=Oop [72]=Oop [80]=Oop [88]=Oop [96]=Oop [104]=Oop }
                      ;*invokevirtual allocateInstance {reexecute=0 rethrow=0 return_oop=1}
                      ; - sun.misc.Unsafe::allocateInstance@4 (line 884)
                      ; - org.lwjgl.system.MemoryUtil::wrap@4 (line 3036)
                      ; - org.lwjgl.system.MemoryStack::mallocFloat@12 (line 540)
                      ; - com.seibel.distanthorizons.common.render.openGl.glObject.shader.GlShaderProgram::setUniform@7 (line 198)
                      ; - com.seibel.distanthorizons.common.render.openGl.postProcessing.ssao.GlDhSSAOShader_neoforge::onApplyUniforms@27 (line 109)
                      ; - com.seibel.distanthorizons.common.render.openGl.util.GlAbstractShaderRenderer::render@13 (line 81)
                      ; - com.seibel.distanthorizons.common.render.openGl.postProcessing.ssao.GlDhSSAORenderer_neoforge::render@90 (line 130)
                      ; - com.seibel.distanthorizons.core.render.renderer.LodRenderer::renderTerrain@316 (line 225)
  0x0000028194633e7c: 0042 8efd 

  0x0000028194633e80: ;   {other}
  0x0000028194633e80: 0f1f 8400 | 702c 004b | 4c8b 5c24 | 5844 8b64 | 241c 4c8b | 5424 6048 | 8b4c 2468 | e9c9 efff 
  0x0000028194633ea0: ffba deff | ffff 488b | 2c24 4c8b | 5424 104c | 8914 2444 | 8b44 2418 | 4489 4424 

  0x0000028194633ebc: ;   {runtime_call UncommonTrapBlob}
  0x0000028194633ebc: 1066 90e8 

  0x0000028194633ec0: ; ImmutableOopMap {rbp=Oop [0]=Oop [8]=Oop }
                      ;*invokeinterface push {reexecute=0 rethrow=0 return_oop=0}
                      ; - com.seibel.distanthorizons.core.render.renderer.LodRenderer::renderTerrain@59 (line 146)
  0x0000028194633ec0: 3c34 82fd 

  0x0000028194633ec4: ;   {other}
  0x0000028194633ec4: 0f1f 8400 | b42c 004c | bade ffff | ff4c 8b54 | 2410 4c89 | 5424 0848 | 8974 2420 

  0x0000028194633ee0: ;   {runtime_call UncommonTrapBlob}
  0x0000028194633ee0: 6666 90e8 

  0x0000028194633ee4: ; ImmutableOopMap {rbp=Oop [0]=Oop [8]=Oop [32]=Oop }
                      ;*invokeinterface push {reexecute=0 rethrow=0 return_oop=0}
                      ; - com.seibel.distanthorizons.common.wrappers.minecraft.ProfilerWrapper_neoforge::push@5 (line 35)
                      ; - com.seibel.distanthorizons.core.render.renderer.LodRenderer::renderTerrain@59 (line 146)
  0x0000028194633ee4: 1834 82fd 

  0x0000028194633ee8: ;   {other}
  0x0000028194633ee8: 0f1f 8400 | d82c 004d | bade ffff | ff48 8beb | 4889 7424 | 0844 8b54 | 2418 4489 | 5424 104c 
  0x0000028194633f08: 895c 2418 | 4c89 6424 | 2048 894c | 2428 4889 | 7c24 304c | 894c 2438 

  0x0000028194633f20: ;   {runtime_call UncommonTrapBlob}
  0x0000028194633f20: 6666 90e8 

  0x0000028194633f24: ; ImmutableOopMap {rbp=Oop [8]=Oop [24]=Oop [32]=Oop [40]=Oop [48]=Oop [56]=Oop }
                      ;*invokeinterface runRenderPassSetup {reexecute=0 rethrow=0 return_oop=0}
                      ; - com.seibel.distanthorizons.core.render.renderer.LodRenderer::renderTerrain@99 (line 159)
  0x0000028194633f24: d833 82fd 

  0x0000028194633f28: ;   {other}
  0x0000028194633f28: 0f1f 8400 | 182d 004e | bade ffff | ff48 8beb | 4889 7424 | 0844 8b44 | 2418 4489 | 4424 104c 
  0x0000028194633f48: 895c 2418 | 4c89 6424 | 2048 894c | 2428 4889 | 7c24 304c | 894c 2438 | 4889 4424 

  0x0000028194633f64: ;   {runtime_call UncommonTrapBlob}
  0x0000028194633f64: 4066 90e8 

  0x0000028194633f68: ; ImmutableOopMap {rbp=Oop [8]=Oop [24]=Oop [32]=Oop [40]=Oop [48]=Oop [56]=Oop [64]=Oop }
                      ;*invokevirtual get {reexecute=0 rethrow=0 return_oop=0}
                      ; - com.seibel.distanthorizons.coreapi.DependencyInjection.OverrideInjector::get@5 (line 133)
                      ; - com.seibel.distanthorizons.common.render.openGl.GlDhMetaRenderer_neoforge::runRenderPassSetup@63 (line 103)
                      ; - com.seibel.distanthorizons.core.render.renderer.LodRenderer::renderTerrain@99 (line 159)
  0x0000028194633f68: 9433 82fd 

  0x0000028194633f6c: ;   {other}
  0x0000028194633f6c: 0f1f 8400 | 5c2d 004f | bae4 ffff | ff48 8b6c | 2408 4c8b | 5c24 304c | 895c 2408 | 448b 5c24 
  0x0000028194633f8c: 1844 895c | 2410 4c8b | 5c24 284c | 895c 2418 | 448b 5c24 | 5044 895c | 2430 4489 

  0x0000028194633fa8: ;   {runtime_call UncommonTrapBlob}
  0x0000028194633fa8: 5424 34e8 

  0x0000028194633fac: ; ImmutableOopMap {rbp=Oop [8]=Oop [24]=Oop [56]=Oop [64]=Oop [72]=Oop }
                      ;*aaload {reexecute=0 rethrow=0 return_oop=0}
                      ; - com.mojang.blaze3d.platform.GlStateManager::_bindTexture@10 (line 547)
                      ; - com.seibel.distanthorizons.common.wrappers.minecraft.MinecraftGLWrapper::glBindTexture@8 (line 225)
                      ; - com.seibel.distanthorizons.common.render.openGl.GlDhMetaRenderer_neoforge::bindLightmap@21 (line 455)
                      ; - com.seibel.distanthorizons.common.render.openGl.GlDhMetaRenderer_neoforge::runRenderPassSetup@102 (line 112)
                      ; - com.seibel.distanthorizons.core.render.renderer.LodRenderer::renderTerrain@99 (line 159)
  0x0000028194633fac: 5033 82fd 

  0x0000028194633fb0: ;   {other}
  0x0000028194633fb0: 0f1f 8400 | a02d 0050 | baf6 ffff | ff4c 8b5c | 2410 448b | 5424 1844 | 8954 2410 | 4c8b 5424 
  0x0000028194633fd0: 284c 8954 | 2418 4c89 

  0x0000028194633fd8: ;   {runtime_call UncommonTrapBlob}
  0x0000028194633fd8: 5c24 28e8 

  0x0000028194633fdc: ; ImmutableOopMap {rbp=Oop [24]=Oop [40]=Oop [48]=Oop [64]=Oop [72]=Oop }
                      ;*invokevirtual buildRenderList {reexecute=0 rethrow=0 return_oop=0}
                      ; - com.seibel.distanthorizons.core.render.renderer.LodRenderer::renderTerrain@183 (line 180)
  0x0000028194633fdc: 2033 82fd 

  0x0000028194633fe0: ;   {other}
  0x0000028194633fe0: 0f1f 8400 | d02d 0051 | baf6 ffff | ff48 8b6c | 2410 4c8b | 5c24 204c | 895c 2408 | 448b 4c24 
  0x0000028194634000: 1844 894c | 2410 4c8b | 5c24 284c | 895c 2418 | 4c8b 5c24 | 304c 895c | 2420 4c8b | 5c24 404c 
  0x0000028194634020: 895c 2428 | 4c89 5424 | 3044 8944 

  0x000002819463402c: ;   {runtime_call UncommonTrapBlob}
  0x000002819463402c: 2414 90e8 

  0x0000028194634030: ; ImmutableOopMap {rbp=Oop [8]=Oop [24]=Oop [32]=Oop [40]=Oop [48]=Oop [56]=Oop [72]=Oop }
                      ;*putfield frameBuffer {reexecute=1 rethrow=0 return_oop=0}
                      ; - (reexecute) com.seibel.distanthorizons.common.render.openGl.postProcessing.ssao.GlDhSSAORenderer_neoforge::render@73 (line 128)
                      ; - com.seibel.distanthorizons.core.render.renderer.LodRenderer::renderTerrain@316 (line 225)
  0x0000028194634030: cc32 82fd 

  0x0000028194634034: ;   {other}
  0x0000028194634034: 0f1f 8400 | 242e 0052 | baf6 ffff | ff48 8b6c | 2410 4c8b | 4424 204c | 8944 2408 | 448b 4424 
  0x0000028194634054: 1844 8944 | 2410 4c8b | 4424 284c | 8944 2418 | 4c8b 4424 | 304c 8944 | 2420 4c8b | 4424 404c 
  0x0000028194634074: 8944 2428 | 4c8b 4424 | 384c 8944 | 2430 4c8b | 4424 484c | 8944 2440 | 4489 5424 | 144c 895c 
  0x0000028194634094: ;   {runtime_call UncommonTrapBlob}
  0x0000028194634094: 2448 90e8 

  0x0000028194634098: ; ImmutableOopMap {rbp=Oop [8]=Oop [24]=Oop [32]=Oop [40]=Oop [48]=Oop [64]=Oop [72]=Oop [80]=Oop }
                      ;*invokevirtual setUniform {reexecute=0 rethrow=0 return_oop=0}
                      ; - com.seibel.distanthorizons.common.render.openGl.postProcessing.ssao.GlDhSSAOShader_neoforge::onApplyUniforms@12 (line 107)
                      ; - com.seibel.distanthorizons.common.render.openGl.util.GlAbstractShaderRenderer::render@13 (line 81)
                      ; - com.seibel.distanthorizons.common.render.openGl.postProcessing.ssao.GlDhSSAORenderer_neoforge::render@90 (line 130)
                      ; - com.seibel.distanthorizons.core.render.renderer.LodRenderer::renderTerrain@316 (line 225)
  0x0000028194634098: 6432 82fd 

  0x000002819463409c: ;   {other}
  0x000002819463409c: 0f1f 8400 | 8c2e 0053 | bae4 ffff | ff4c 8b64 | 2410 4c89 | 2424 4c8b | 6424 204c | 8964 2410 
  0x00000281946340bc: 4c8b 6424 | 284c 8964 | 2420 4c8b | 6424 304c | 8964 2428 | 4c8b 6424 | 404c 8964 | 2430 4c8b 
  0x00000281946340dc: 6424 504c | 8964 2440 | 4489 5424 | 1c4c 895c | 2458 4c89 | 4c24 6048 | 897c 2468 | 895c 2470 
  0x00000281946340fc: 4489 4424 

  0x0000028194634100: ;   {runtime_call UncommonTrapBlob}
  0x0000028194634100: 7466 90e8 

  0x0000028194634104: ; ImmutableOopMap {rbp=Oop [0]=Oop [16]=Oop [32]=Oop [40]=Oop [48]=Oop [56]=Oop [64]=Oop [72]=Oop [88]=Oop [96]=Oop [104]=Oop }
                      ;*iastore {reexecute=0 rethrow=0 return_oop=0}
                      ; - org.lwjgl.system.MemoryStack::push@35 (line 138)
                      ; - org.lwjgl.system.MemoryStack::stackPush@3 (line 915)
                      ; - com.seibel.distanthorizons.common.render.openGl.glObject.shader.GlShaderProgram::setUniform@0 (line 196)
                      ; - com.seibel.distanthorizons.common.render.openGl.postProcessing.ssao.GlDhSSAOShader_neoforge::onApplyUniforms@12 (line 107)
                      ; - com.seibel.distanthorizons.common.render.openGl.util.GlAbstractShaderRenderer::render@13 (line 81)
                      ; - com.seibel.distanthorizons.common.render.openGl.postProcessing.ssao.GlDhSSAORenderer_neoforge::render@90 (line 130)
                      ; - com.seibel.distanthorizons.core.render.renderer.LodRenderer::renderTerrain@316 (line 225)
  0x0000028194634104: f831 82fd 

  0x0000028194634108: ;   {other}
  0x0000028194634108: 0f1f 8400 | f82e 0054 | bae4 ffff | ff48 8b6c | 2410 4c8b | 5c24 204c | 895c 2408 | 448b 5c24 
  0x0000028194634128: 1844 895c | 2410 4c8b | 5c24 284c | 895c 2418 | 4c8b 5c24 | 304c 895c | 2420 4c8b | 5c24 404c 
  0x0000028194634148: 895c 2428 | 4c8b 5c24 | 384c 895c | 2430 4c8b | 5c24 504c | 895c 2438 | 4c8b 5c24 | 484c 895c 
  0x0000028194634168: 2440 4c8b | 5c24 584c | 895c 2450 | 4c89 4424 | 604c 894c | 2468 4489 

  0x0000028194634180: ;   {runtime_call UncommonTrapBlob}
  0x0000028194634180: 5424 14e8 

  0x0000028194634184: ; ImmutableOopMap {rbp=Oop [8]=Oop [24]=Oop [32]=Oop [40]=Oop [48]=Oop [56]=Oop [64]=Oop [80]=Oop [96]=Oop [104]=Oop }
                      ;*iaload {reexecute=0 rethrow=0 return_oop=0}
                      ; - org.lwjgl.system.MemoryStack::pop@16 (line 155)
                      ; - org.lwjgl.system.MemoryStack::close@1 (line 168)
                      ; - com.seibel.distanthorizons.common.render.openGl.glObject.shader.GlShaderProgram::setUniform@30 (line 201)
                      ; - com.seibel.distanthorizons.common.render.openGl.postProcessing.ssao.GlDhSSAOShader_neoforge::onApplyUniforms@12 (line 107)
                      ; - com.seibel.distanthorizons.common.render.openGl.util.GlAbstractShaderRenderer::render@13 (line 81)
                      ; - com.seibel.distanthorizons.common.render.openGl.postProcessing.ssao.GlDhSSAORenderer_neoforge::render@90 (line 130)
                      ; - com.seibel.distanthorizons.core.render.renderer.LodRenderer::renderTerrain@316 (line 225)
  0x0000028194634184: 7831 82fd 

  0x0000028194634188: ;   {other}
  0x0000028194634188: 0f1f 8400 | 782f 0055 | baf6 ffff | ff48 8b6c | 2410 4c8b | 5c24 204c | 895c 2408 | 448b 5c24 
  0x00000281946341a8: 1844 895c | 2410 4c8b | 5c24 284c | 895c 2418 | 4c8b 5c24 | 304c 895c | 2420 4c8b | 5c24 404c 
  0x00000281946341c8: 895c 2428 | 4c8b 5c24 | 384c 895c | 2430 4c8b | 5c24 484c | 895c 2440 | 4489 6424 | 144c 8954 
  0x00000281946341e8: ;   {runtime_call UncommonTrapBlob}
  0x00000281946341e8: 2448 90e8 

  0x00000281946341ec: ; ImmutableOopMap {rbp=Oop [8]=Oop [24]=Oop [32]=Oop [40]=Oop [48]=Oop [64]=Oop [72]=Oop [80]=Oop }
                      ;*invokevirtual setUniform {reexecute=0 rethrow=0 return_oop=0}
                      ; - com.seibel.distanthorizons.common.render.openGl.postProcessing.ssao.GlDhSSAOShader_neoforge::onApplyUniforms@27 (line 109)
                      ; - com.seibel.distanthorizons.common.render.openGl.util.GlAbstractShaderRenderer::render@13 (line 81)
                      ; - com.seibel.distanthorizons.common.render.openGl.postProcessing.ssao.GlDhSSAORenderer_neoforge::render@90 (line 130)
                      ; - com.seibel.distanthorizons.core.render.renderer.LodRenderer::renderTerrain@316 (line 225)
  0x00000281946341ec: 1031 82fd 

  0x00000281946341f0: ;   {other}
  0x00000281946341f0: 0f1f 8400 | e02f 0056 | bae4 ffff | ff48 8b6c | 2410 4c8b | 4c24 204c | 894c 2408 | 448b 4c24 
  0x0000028194634210: 1844 894c | 2410 4c8b | 4c24 284c | 894c 2418 | 4c8b 4c24 | 304c 894c | 2420 4c8b | 4c24 404c 
  0x0000028194634230: 894c 2428 | 4c8b 4c24 | 384c 894c | 2430 4c8b | 4c24 504c | 894c 2438 | 4c8b 4c24 | 484c 894c 
  0x0000028194634250: 2440 4c89 | 5c24 5044 | 8964 2414 | 4c89 5424 | 5848 894c | 2460 4889 | 7c24 6889 | 7424 7044 
  0x0000028194634270: 8944 2474 

  0x0000028194634274: ;   {runtime_call UncommonTrapBlob}
  0x0000028194634274: 6666 90e8 

  0x0000028194634278: ; ImmutableOopMap {rbp=Oop [8]=Oop [24]=Oop [32]=Oop [40]=Oop [48]=Oop [56]=Oop [64]=Oop [80]=Oop [88]=Oop [96]=Oop [104]=Oop }
                      ;*iastore {reexecute=0 rethrow=0 return_oop=0}
                      ; - org.lwjgl.system.MemoryStack::push@35 (line 138)
                      ; - org.lwjgl.system.MemoryStack::stackPush@3 (line 915)
                      ; - com.seibel.distanthorizons.common.render.openGl.glObject.shader.GlShaderProgram::setUniform@0 (line 196)
                      ; - com.seibel.distanthorizons.common.render.openGl.postProcessing.ssao.GlDhSSAOShader_neoforge::onApplyUniforms@27 (line 109)
                      ; - com.seibel.distanthorizons.common.render.openGl.util.GlAbstractShaderRenderer::render@13 (line 81)
                      ; - com.seibel.distanthorizons.common.render.openGl.postProcessing.ssao.GlDhSSAORenderer_neoforge::render@90 (line 130)
                      ; - com.seibel.distanthorizons.core.render.renderer.LodRenderer::renderTerrain@316 (line 225)
  0x0000028194634278: 8430 82fd 

  0x000002819463427c: ;   {other}
  0x000002819463427c: 0f1f 8400 | 6c30 0057 | baf6 ffff | ff48 8b6c | 2410 4c8b | 5c24 204c | 895c 2408 | 448b 4424 
  0x000002819463429c: 1844 8944 | 2410 4c8b | 5c24 284c | 895c 2418 | 4c8b 5c24 | 304c 895c | 2420 4c8b | 5c24 404c 
  0x00000281946342bc: 895c 2428 | 4c8b 5c24 | 384c 895c | 2430 4489 

  0x00000281946342cc: ;   {runtime_call UncommonTrapBlob}
  0x00000281946342cc: 5424 14e8 

  0x00000281946342d0: ; ImmutableOopMap {rbp=Oop [8]=Oop [24]=Oop [32]=Oop [40]=Oop [48]=Oop [72]=Oop [80]=Oop }
                      ;*invokevirtual setUniform {reexecute=0 rethrow=0 return_oop=0}
                      ; - com.seibel.distanthorizons.common.render.openGl.postProcessing.ssao.GlDhSSAOShader_neoforge::onApplyUniforms@40 (line 111)
                      ; - com.seibel.distanthorizons.common.render.openGl.util.GlAbstractShaderRenderer::render@13 (line 81)
                      ; - com.seibel.distanthorizons.common.render.openGl.postProcessing.ssao.GlDhSSAORenderer_neoforge::render@90 (line 130)
                      ; - com.seibel.distanthorizons.core.render.renderer.LodRenderer::renderTerrain@316 (line 225)
  0x00000281946342d0: 2c30 82fd 

  0x00000281946342d4: ;   {other}
  0x00000281946342d4: 0f1f 8400 | c430 0058 | baf6 ffff | ff48 8b6c | 2410 4c8b | 5c24 204c | 895c 2408 | 448b 5c24 
  0x00000281946342f4: 1844 895c | 2410 4c8b | 5c24 284c | 895c 2418 | 4c8b 5c24 | 304c 895c | 2420 4c8b | 5c24 404c 
  0x0000028194634314: 895c 2428 | 4c8b 5c24 | 384c 895c | 2430 4489 

  0x0000028194634324: ;   {runtime_call UncommonTrapBlob}
  0x0000028194634324: 5424 14e8 

  0x0000028194634328: ; ImmutableOopMap {rbp=Oop [8]=Oop [24]=Oop [32]=Oop [40]=Oop [48]=Oop [72]=Oop [80]=Oop }
                      ;*invokevirtual setUniform {reexecute=0 rethrow=0 return_oop=0}
                      ; - com.seibel.distanthorizons.common.render.openGl.postProcessing.ssao.GlDhSSAOShader_neoforge::onApplyUniforms@53 (line 112)
                      ; - com.seibel.distanthorizons.common.render.openGl.util.GlAbstractShaderRenderer::render@13 (line 81)
                      ; - com.seibel.distanthorizons.common.render.openGl.postProcessing.ssao.GlDhSSAORenderer_neoforge::render@90 (line 130)
                      ; - com.seibel.distanthorizons.core.render.renderer.LodRenderer::renderTerrain@316 (line 225)
  0x0000028194634328: d42f 82fd 

  0x000002819463432c: ;   {other}
  0x000002819463432c: 0f1f 8400 | 1c31 0059 | baf6 ffff | ff48 8b6c | 2410 4c8b | 5c24 204c | 895c 2408 | 448b 4424 
  0x000002819463434c: 1844 8944 | 2410 4c8b | 5c24 284c | 895c 2418 | 4c8b 5c24 | 304c 895c | 2420 4c8b | 5c24 404c 
  0x000002819463436c: 895c 2428 | 4c8b 5c24 | 384c 895c | 2430 4489 

  0x000002819463437c: ;   {runtime_call UncommonTrapBlob}
  0x000002819463437c: 5424 14e8 

  0x0000028194634380: ; ImmutableOopMap {rbp=Oop [8]=Oop [24]=Oop [32]=Oop [40]=Oop [48]=Oop [72]=Oop [80]=Oop }
                      ;*invokevirtual setUniform {reexecute=0 rethrow=0 return_oop=0}
                      ; - com.seibel.distanthorizons.common.render.openGl.postProcessing.ssao.GlDhSSAOShader_neoforge::onApplyUniforms@66 (line 113)
                      ; - com.seibel.distanthorizons.common.render.openGl.util.GlAbstractShaderRenderer::render@13 (line 81)
                      ; - com.seibel.distanthorizons.common.render.openGl.postProcessing.ssao.GlDhSSAORenderer_neoforge::render@90 (line 130)
                      ; - com.seibel.distanthorizons.core.render.renderer.LodRenderer::renderTerrain@316 (line 225)
  0x0000028194634380: 7c2f 82fd 

  0x0000028194634384: ;   {other}
  0x0000028194634384: 0f1f 8400 | 7431 005a | baf6 ffff | ff48 8b6c | 2410 4c8b | 5c24 204c | 895c 2408 | 448b 5c24 
  0x00000281946343a4: 1844 895c | 2410 4c8b | 5c24 284c | 895c 2418 | 4c8b 5c24 | 304c 895c | 2420 4c8b | 5c24 404c 
  0x00000281946343c4: 895c 2428 | 4c8b 5c24 | 384c 895c | 2430 4489 

  0x00000281946343d4: ;   {runtime_call UncommonTrapBlob}
  0x00000281946343d4: 5424 14e8 

  0x00000281946343d8: ; ImmutableOopMap {rbp=Oop [8]=Oop [24]=Oop [32]=Oop [40]=Oop [48]=Oop [72]=Oop [80]=Oop }
                      ;*invokevirtual setUniform {reexecute=0 rethrow=0 return_oop=0}
                      ; - com.seibel.distanthorizons.common.render.openGl.postProcessing.ssao.GlDhSSAOShader_neoforge::onApplyUniforms@79 (line 114)
                      ; - com.seibel.distanthorizons.common.render.openGl.util.GlAbstractShaderRenderer::render@13 (line 81)
                      ; - com.seibel.distanthorizons.common.render.openGl.postProcessing.ssao.GlDhSSAORenderer_neoforge::render@90 (line 130)
                      ; - com.seibel.distanthorizons.core.render.renderer.LodRenderer::renderTerrain@316 (line 225)
  0x00000281946343d8: 242f 82fd 

  0x00000281946343dc: ;   {other}
  0x00000281946343dc: 0f1f 8400 | cc31 005b | baf6 ffff | ff48 8b6c | 2410 4c8b | 5c24 204c | 895c 2408 | 448b 4424 
  0x00000281946343fc: 1844 8944 | 2410 4c8b | 5c24 284c | 895c 2418 | 4c8b 5c24 | 304c 895c | 2420 4c8b | 5c24 404c 
  0x000002819463441c: 895c 2428 | 4c8b 5c24 | 384c 895c | 2430 4489 

  0x000002819463442c: ;   {runtime_call UncommonTrapBlob}
  0x000002819463442c: 5424 14e8 

  0x0000028194634430: ; ImmutableOopMap {rbp=Oop [8]=Oop [24]=Oop [32]=Oop [40]=Oop [48]=Oop [72]=Oop [80]=Oop }
                      ;*invokevirtual setUniform {reexecute=0 rethrow=0 return_oop=0}
                      ; - com.seibel.distanthorizons.common.render.openGl.postProcessing.ssao.GlDhSSAOShader_neoforge::onApplyUniforms@92 (line 115)
                      ; - com.seibel.distanthorizons.common.render.openGl.util.GlAbstractShaderRenderer::render@13 (line 81)
                      ; - com.seibel.distanthorizons.common.render.openGl.postProcessing.ssao.GlDhSSAORenderer_neoforge::render@90 (line 130)
                      ; - com.seibel.distanthorizons.core.render.renderer.LodRenderer::renderTerrain@316 (line 225)
  0x0000028194634430: cc2e 82fd 

  0x0000028194634434: ;   {other}
  0x0000028194634434: 0f1f 8400 | 2432 005c | baf6 ffff | ff48 8b6c | 2410 4c8b | 5c24 204c | 895c 2408 | 448b 5c24 
  0x0000028194634454: 1844 895c | 2410 4c8b | 5c24 284c | 895c 2418 | 4c8b 5c24 | 304c 895c | 2420 4c8b | 5c24 404c 
  0x0000028194634474: 895c 2428 | 4c8b 5c24 | 384c 895c | 2430 4489 

  0x0000028194634484: ;   {runtime_call UncommonTrapBlob}
  0x0000028194634484: 5424 14e8 

  0x0000028194634488: ; ImmutableOopMap {rbp=Oop [8]=Oop [24]=Oop [32]=Oop [40]=Oop [48]=Oop [72]=Oop [80]=Oop }
                      ;*invokevirtual setUniform {reexecute=0 rethrow=0 return_oop=0}
                      ; - com.seibel.distanthorizons.common.render.openGl.postProcessing.ssao.GlDhSSAOShader_neoforge::onApplyUniforms@105 (line 116)
                      ; - com.seibel.distanthorizons.common.render.openGl.util.GlAbstractShaderRenderer::render@13 (line 81)
                      ; - com.seibel.distanthorizons.common.render.openGl.postProcessing.ssao.GlDhSSAORenderer_neoforge::render@90 (line 130)
                      ; - com.seibel.distanthorizons.core.render.renderer.LodRenderer::renderTerrain@316 (line 225)
  0x0000028194634488: 742e 82fd 

  0x000002819463448c: ;   {other}
  0x000002819463448c: 0f1f 8400 | 7c32 005d | baf6 ffff | ff48 8b6c | 2410 4c8b | 5424 204c | 8954 2408 | 448b 5424 
  0x00000281946344ac: 1844 8954 | 2410 4c8b | 5424 284c | 8954 2418 

  0x00000281946344bc: ;   {runtime_call UncommonTrapBlob}
  0x00000281946344bc: 6666 90e8 

  0x00000281946344c0: ; ImmutableOopMap {rbp=Oop [8]=Oop [24]=Oop [48]=Oop [64]=Oop [80]=Oop }
                      ;*invokevirtual get {reexecute=0 rethrow=0 return_oop=0}
                      ; - com.seibel.distanthorizons.core.render.renderer.LodRenderer::renderTerrain@324 (line 229)
  0x00000281946344c0: 3c2e 82fd 

  0x00000281946344c4: ;   {other}
  0x00000281946344c4: 0f1f 8400 | b432 005e | baf6 ffff | ff48 8b6c 

  0x00000281946344d4: ;   {runtime_call UncommonTrapBlob}
  0x00000281946344d4: 2410 90e8 

  0x00000281946344d8: ; ImmutableOopMap {rbp=Oop [32]=Oop [40]=Oop [48]=Oop [80]=Oop }
                      ;*invokevirtual get {reexecute=0 rethrow=0 return_oop=0}
                      ; - com.seibel.distanthorizons.core.render.renderer.LodRenderer::renderTerrain@362 (line 237)
  0x00000281946344d8: 242e 82fd 

  0x00000281946344dc: ;   {other}
  0x00000281946344dc: 0f1f 8400 | cc32 005f | baf6 ffff | ff48 8b6c 

  0x00000281946344ec: ;   {runtime_call UncommonTrapBlob}
  0x00000281946344ec: 2410 90e8 

  0x00000281946344f0: ; ImmutableOopMap {rbp=Oop [32]=Oop [40]=Oop [80]=Oop }
                      ;*invokevirtual get {reexecute=0 rethrow=0 return_oop=0}
                      ; - com.seibel.distanthorizons.core.render.renderer.LodRenderer::renderTerrain@399 (line 244)
  0x00000281946344f0: 0c2e 82fd 

  0x00000281946344f4: ;   {other}
  0x00000281946344f4: 0f1f 8400 | e432 0060 | baf6 ffff 

  0x0000028194634500: ;   {runtime_call UncommonTrapBlob}
  0x0000028194634500: ff66 90e8 

  0x0000028194634504: ; ImmutableOopMap {rbp=Oop [32]=Oop [40]=Oop [80]=Oop }
                      ;*invokevirtual get {reexecute=0 rethrow=0 return_oop=0}
                      ; - com.seibel.distanthorizons.core.render.renderer.LodRenderer::renderTerrain@439 (line 252)
  0x0000028194634504: f82d 82fd 

  0x0000028194634508: ;   {other}
  0x0000028194634508: 0f1f 8400 | f832 0061 | baf6 ffff 

  0x0000028194634514: ;   {runtime_call UncommonTrapBlob}
  0x0000028194634514: ff66 90e8 

  0x0000028194634518: ; ImmutableOopMap {rbp=Oop [32]=Oop [40]=Oop [80]=Oop }
                      ;*invokevirtual get {reexecute=0 rethrow=0 return_oop=0}
                      ; - com.seibel.distanthorizons.core.render.renderer.LodRenderer::renderTerrain@480 (line 267)
  0x0000028194634518: e42d 82fd 

  0x000002819463451c: ;   {other}
  0x000002819463451c: 0f1f 8400 | 0c33 0062 | ba45 ffff | ff48 ff74 | 2408 488f | 0424 48ff | 7424 3048 | 8f44 2410 
  0x000002819463453c: 4c8b 5424 | 284c 8954 

  0x0000028194634544: ;   {runtime_call UncommonTrapBlob}
  0x0000028194634544: 2420 90e8 

  0x0000028194634548: ; ImmutableOopMap {rbp=Oop [0]=Oop [16]=Oop [32]=Oop [56]=Oop [64]=Oop [72]=Oop }
                      ;*ifne {reexecute=1 rethrow=0 return_oop=0}
                      ; - (reexecute) com.mojang.blaze3d.systems.RenderSystem::assertOnRenderThread@3 (line 118)
                      ; - com.mojang.blaze3d.platform.GlStateManager::_activeTexture@0 (line 489)
                      ; - com.seibel.distanthorizons.common.wrappers.minecraft.MinecraftGLWrapper::glActiveTexture@5 (line 214)
                      ; - com.seibel.distanthorizons.common.render.openGl.GlDhMetaRenderer_neoforge::bindLightmap@11 (line 454)
                      ; - com.seibel.distanthorizons.common.render.openGl.GlDhMetaRenderer_neoforge::runRenderPassSetup@102 (line 112)
                      ; - com.seibel.distanthorizons.core.render.renderer.LodRenderer::renderTerrain@99 (line 159)
  0x0000028194634548: b42d 82fd 

  0x000002819463454c: ;   {other}
  0x000002819463454c: 0f1f 8400 | 3c33 0063 | bade ffff | ff48 ff74 | 2430 488f | 4424 0844 | 8b5c 2418 | 4489 5c24 
  0x000002819463456c: 104c 8b54 | 2428 4c89 | 5424 184c | 8944 2430 

  0x000002819463457c: ;   {runtime_call UncommonTrapBlob}
  0x000002819463457c: 6666 90e8 

  0x0000028194634580: ; ImmutableOopMap {rbp=Oop [8]=Oop [24]=Oop [48]=Oop [56]=Oop [64]=Oop [72]=Oop }
                      ;*invokeinterface popPush {reexecute=0 rethrow=0 return_oop=0}
                      ; - com.seibel.distanthorizons.common.wrappers.minecraft.ProfilerWrapper_neoforge::popPush@5 (line 42)
                      ; - com.seibel.distanthorizons.core.render.renderer.LodRenderer::renderTerrain@175 (line 179)
  0x0000028194634580: 7c2d 82fd 

  0x0000028194634584: ;   {other}
  0x0000028194634584: 0f1f 8400 | 7433 0064 | bade ffff | ff4c 8b54 | 2448 4c89 | 1424 4c8b | 5424 104c | 8954 2408 
  0x00000281946345a4: 448b 5424 | 1844 8954 | 2410 4c8b | 5424 284c | 8954 2418 | 4c8b 5424 | 384c 8954 | 2420 4c89 
  0x00000281946345c4: ;   {runtime_call UncommonTrapBlob}
  0x00000281946345c4: 6424 30e8 

  0x00000281946345c8: ; ImmutableOopMap {rbp=Oop [0]=Oop [8]=Oop [24]=Oop [32]=Oop [48]=Oop [64]=Oop }
                      ;*invokeinterface clearDhDepthAndColorTextures {reexecute=0 rethrow=0 return_oop=0}
                      ; - com.seibel.distanthorizons.core.render.renderer.LodRenderer::renderTerrain@219 (line 197)
  0x00000281946345c8: 342d 82fd 

  0x00000281946345cc: ;   {other}
  0x00000281946345cc: 0f1f 8400 | bc33 0065 | bade ffff | ff4c 8b5c | 2448 4c89 | 1c24 4c8b | 5c24 104c | 895c 2408 
  0x00000281946345ec: 448b 5c24 | 1844 895c | 2410 4c8b | 5c24 284c | 895c 2418 | 4c8b 5c24 | 384c 895c | 2420 4c8b 
  0x000002819463460c: 5c24 404c | 895c 2428 | 4c89 6424 | 304c 8954 

  0x000002819463461c: ;   {runtime_call UncommonTrapBlob}
  0x000002819463461c: 2440 90e8 

  0x0000028194634620: ; ImmutableOopMap {rbp=Oop [0]=Oop [8]=Oop [24]=Oop [32]=Oop [40]=Oop [48]=Oop [64]=Oop }
                      ;*invokevirtual get {reexecute=0 rethrow=0 return_oop=0}
                      ; - com.seibel.distanthorizons.coreapi.DependencyInjection.OverrideInjector::get@5 (line 133)
                      ; - com.seibel.distanthorizons.common.render.openGl.GlDhMetaRenderer_neoforge::clearDhDepthAndColorTextures@5 (line 382)
                      ; - com.seibel.distanthorizons.core.render.renderer.LodRenderer::renderTerrain@219 (line 197)
  0x0000028194634620: dc2c 82fd 

  0x0000028194634624: ;   {other}
  0x0000028194634624: 0f1f 8400 | 1434 0066 | bade ffff | ff48 8b6c | 2408 4c8b | 5c24 384c | 891c 244c | 8b5c 2410 
  0x0000028194634644: 4c89 5c24 | 0844 8b44 | 2418 4489 | 4424 104c | 8b5c 2428 | 4c89 5c24 | 184c 8b5c | 2430 4c89 
  0x0000028194634664: 5c24 204c | 8b5c 2440 | 4c89 5c24 | 284c 8b5c | 2448 4c89 | 5c24 304c | 8b5c 2450 | 4c89 5c24 
  0x0000028194634684: 3848 8944 | 2448 4c89 

  0x000002819463468c: ;   {runtime_call UncommonTrapBlob}
  0x000002819463468c: 5424 50e8 

  0x0000028194634690: ; ImmutableOopMap {rbp=Oop [0]=Oop [8]=Oop [24]=Oop [32]=Oop [40]=Oop [48]=Oop [56]=Oop [72]=Oop [80]=Oop }
                      ;*invokeinterface get {reexecute=0 rethrow=0 return_oop=0}
                      ; - org.lwjgl.opengl.GL::getICD@3 (line 689)
                      ; - org.lwjgl.opengl.GL11C::glGetFloatv@0 (line 2245)
                      ; - org.lwjgl.opengl.GL11::glGetFloatv@2 (line 8342)
                      ; - com.seibel.distanthorizons.common.render.openGl.GlDhMetaRenderer_neoforge::clearDhDepthAndColorTextures@52 (line 393)
                      ; - com.seibel.distanthorizons.core.render.renderer.LodRenderer::renderTerrain@219 (line 197)
  0x0000028194634690: 6c2c 82fd 

  0x0000028194634694: ;   {other}
  0x0000028194634694: 0f1f 8400 | 8434 0067 | bade ffff | ff48 8b6c | 2408 4c89 | 5c24 0844 | 8b54 2418 | 4489 5424 
  0x00000281946346b4: 104c 8b54 | 2428 4c89 | 5424 184c | 8b54 2430 | 4c89 5424 | 204c 8944 

  0x00000281946346cc: ;   {runtime_call UncommonTrapBlob}
  0x00000281946346cc: 2430 90e8 

  0x00000281946346d0: ; ImmutableOopMap {rbp=Oop [8]=Oop [24]=Oop [32]=Oop [48]=Oop [56]=Oop [64]=Oop }
                      ;*invokeinterface popPush {reexecute=0 rethrow=0 return_oop=0}
                      ; - com.seibel.distanthorizons.common.wrappers.minecraft.ProfilerWrapper_neoforge::popPush@5 (line 42)
                      ; - com.seibel.distanthorizons.core.render.renderer.LodRenderer::renderTerrain@227 (line 208)
  0x00000281946346d0: 2c2c 82fd 

  0x00000281946346d4: ;   {other}
  0x00000281946346d4: 0f1f 8400 | c434 0068 | bade ffff | ff44 8b54 | 2418 4489 | 5424 104c | 8b54 2428 | 4c89 5424 
  0x00000281946346f4: 184c 894c | 2420 4c8b | 5424 404c | 8954 2428 | 4c89 4424 | 3048 897c 

  0x000002819463470c: ;   {runtime_call UncommonTrapBlob}
  0x000002819463470c: 2440 90e8 

  0x0000028194634710: ; ImmutableOopMap {rbp=Oop [24]=Oop [32]=Oop [40]=Oop [48]=Oop [56]=Oop [64]=Oop [72]=Oop }
                      ;*invokeinterface render {reexecute=0 rethrow=0 return_oop=0}
                      ; - com.seibel.distanthorizons.core.render.renderer.LodRenderer::renderTerrain@19 (line 345)
                      ; - com.seibel.distanthorizons.core.render.renderer.LodRenderer::renderTerrain@252 (line 212)
  0x0000028194634710: ec2b 82fd 

  0x0000028194634714: ;   {other}
  0x0000028194634714: 0f1f 8400 | 0435 0069 | bade ffff | ff44 8b5c | 2418 4489 | 5c24 104c | 8b54 2428 | 4c89 5424 
  0x0000028194634734: 184c 8b54 | 2430 4c89 | 5424 204c | 8944 2430 

  0x0000028194634744: ;   {runtime_call UncommonTrapBlob}
  0x0000028194634744: 6666 90e8 

  0x0000028194634748: ; ImmutableOopMap {rbp=Oop [24]=Oop [32]=Oop [48]=Oop [56]=Oop [64]=Oop [72]=Oop }
                      ;*invokeinterface popPush {reexecute=0 rethrow=0 return_oop=0}
                      ; - com.seibel.distanthorizons.common.wrappers.minecraft.ProfilerWrapper_neoforge::popPush@5 (line 42)
                      ; - com.seibel.distanthorizons.core.render.renderer.LodRenderer::renderTerrain@273 (line 217)
  0x0000028194634748: b42b 82fd 

  0x000002819463474c: ;   {other}
  0x000002819463474c: 0f1f 8400 | 3c35 006a | bade ffff | ff44 8b4c | 2418 4489 | 4c24 104c | 8b5c 2428 | 4c89 5c24 
  0x000002819463476c: 184c 8b5c | 2430 4c89 | 5c24 2048 | ff74 2440 | 488f 4424 | 304c 8954 

  0x0000028194634784: ;   {runtime_call UncommonTrapBlob}
  0x0000028194634784: 2440 90e8 

  0x0000028194634788: ; ImmutableOopMap {rbp=Oop [24]=Oop [32]=Oop [48]=Oop [56]=Oop [64]=Oop [72]=Oop }
                      ;*invokeinterface render {reexecute=0 rethrow=0 return_oop=0}
                      ; - com.seibel.distanthorizons.core.render.renderer.LodRenderer::renderTerrain@283 (line 218)
  0x0000028194634788: 742b 82fd 

  0x000002819463478c: ;   {other}
  0x000002819463478c: 0f1f 8400 | 7c35 006b | ba45 ffff | ff48 8b6c | 2408 448b | 5424 1844 | 8954 2410 | 4c8b 5424 
  0x00000281946347ac: 284c 8954 

  0x00000281946347b0: ;   {runtime_call UncommonTrapBlob}
  0x00000281946347b0: 2418 90e8 

  0x00000281946347b4: ; ImmutableOopMap {rbp=Oop [24]=Oop [48]=Oop [56]=Oop [64]=Oop [72]=Oop }
                      ;*ifne {reexecute=1 rethrow=0 return_oop=0}
                      ; - (reexecute) com.mojang.blaze3d.systems.RenderSystem::assertOnRenderThreadOrInit@9 (line 112)
                      ; - com.mojang.blaze3d.platform.GlStateManager::_bindTexture@0 (line 546)
                      ; - com.seibel.distanthorizons.common.wrappers.minecraft.MinecraftGLWrapper::glBindTexture@8 (line 225)
                      ; - com.seibel.distanthorizons.common.render.openGl.GlDhMetaRenderer_neoforge::bindLightmap@21 (line 455)
                      ; - com.seibel.distanthorizons.common.render.openGl.GlDhMetaRenderer_neoforge::runRenderPassSetup@102 (line 112)
                      ; - com.seibel.distanthorizons.core.render.renderer.LodRenderer::renderTerrain@99 (line 159)
  0x00000281946347b4: 482b 82fd 

  0x00000281946347b8: ;   {other}
  0x00000281946347b8: 0f1f 8400 | a835 006c | bade ffff | ff44 8b44 | 2418 4489 | 4424 104c | 8b54 2428 | 4c89 5424 
  0x00000281946347d8: 184c 8b54 | 2430 4c89 | 5424 204c | 895c 2430 

  0x00000281946347e8: ;   {runtime_call UncommonTrapBlob}
  0x00000281946347e8: 6666 90e8 

  0x00000281946347ec: ; ImmutableOopMap {rbp=Oop [8]=Oop [24]=Oop [32]=Oop [48]=Oop [56]=Oop [64]=Oop }
                      ;*invokeinterface popPush {reexecute=0 rethrow=0 return_oop=0}
                      ; - com.seibel.distanthorizons.common.wrappers.minecraft.ProfilerWrapper_neoforge::popPush@5 (line 42)
                      ; - com.seibel.distanthorizons.core.render.renderer.LodRenderer::renderTerrain@306 (line 224)
  0x00000281946347ec: 102b 82fd 

  0x00000281946347f0: ;   {other}
  0x00000281946347f0: 0f1f 8400 | e035 006d | bade ffff | ff44 8b44 | 2418 4489 | 4424 104c | 8b54 2428 | 4c89 5424 
  0x0000028194634810: 184c 8b54 | 2430 4c89 | 5424 204c | 895c 2430 

  0x0000028194634820: ;   {runtime_call UncommonTrapBlob}
  0x0000028194634820: 6666 90e8 

  0x0000028194634824: ; ImmutableOopMap {rbp=Oop [8]=Oop [24]=Oop [32]=Oop [48]=Oop [56]=Oop [64]=Oop }
                      ;*invokeinterface render {reexecute=0 rethrow=0 return_oop=0}
                      ; - com.seibel.distanthorizons.core.render.renderer.LodRenderer::renderTerrain@316 (line 225)
  0x0000028194634824: d82a 82fd 

  0x0000028194634828: ;   {other}
  0x0000028194634828: 0f1f 8400 | 1836 006e | bade ffff | ff48 8b6c | 2410 4c8b | 4424 204c | 8944 2408 | 448b 4c24 
  0x0000028194634848: 1844 894c | 2410 4c8b | 4424 284c | 8944 2418 | 4c8b 4424 | 304c 8944 | 2420 4c8b | 4424 404c 
  0x0000028194634868: 8944 2428 | 4c8b 4424 | 384c 8944 | 2430 4c8b | 4424 484c | 8944 2440 | 4c89 5424 | 484c 895c 
  0x0000028194634888: ;   {runtime_call UncommonTrapBlob}
  0x0000028194634888: 2458 90e8 

  0x000002819463488c: ; ImmutableOopMap {rbp=Oop [8]=Oop [24]=Oop [32]=Oop [40]=Oop [48]=Oop [64]=Oop [72]=Oop [80]=Oop [88]=Oop }
                      ;*invokevirtual bind {reexecute=0 rethrow=0 return_oop=0}
                      ; - com.seibel.distanthorizons.common.render.openGl.util.GlAbstractShaderRenderer::render@8 (line 79)
                      ; - com.seibel.distanthorizons.common.render.openGl.postProcessing.ssao.GlDhSSAORenderer_neoforge::render@90 (line 130)
                      ; - com.seibel.distanthorizons.core.render.renderer.LodRenderer::renderTerrain@316 (line 225)
  0x000002819463488c: 702a 82fd 

  0x0000028194634890: ;   {other}
  0x0000028194634890: 0f1f 8400 | 8036 006f | bade ffff | ff48 8b6c | 2410 4c8b | 5424 204c | 8954 2408 | 448b 4424 
  0x00000281946348b0: 1844 8944 | 2410 4c8b | 5424 284c | 8954 2418 | 4c8b 5424 | 304c 8954 | 2420 4c8b | 5424 404c 
  0x00000281946348d0: 8954 2428 | 4c8b 5424 | 384c 8954 | 2430 4c8b | 5424 484c | 8954 2440 | 4c89 5c24 

  0x00000281946348ec: ;   {runtime_call UncommonTrapBlob}
  0x00000281946348ec: 4866 90e8 

  0x00000281946348f0: ; ImmutableOopMap {rbp=Oop [8]=Oop [24]=Oop [32]=Oop [40]=Oop [48]=Oop [64]=Oop [72]=Oop [80]=Oop }
                      ;*invokevirtual unbind {reexecute=0 rethrow=0 return_oop=0}
                      ; - com.seibel.distanthorizons.common.render.openGl.util.GlAbstractShaderRenderer::render@49 (line 89)
                      ; - com.seibel.distanthorizons.common.render.openGl.postProcessing.ssao.GlDhSSAORenderer_neoforge::render@90 (line 130)
                      ; - com.seibel.distanthorizons.core.render.renderer.LodRenderer::renderTerrain@316 (line 225)
  0x00000281946348f0: 0c2a 82fd 

  0x00000281946348f4: ;   {other}
  0x00000281946348f4: 0f1f 8400 | e436 0070 | 4c8b 5424 | 204c 8954 | 2408 4889 | 5424 18ba | deff ffff 

  0x0000028194634910: ;   {runtime_call UncommonTrapBlob}
  0x0000028194634910: 6666 90e8 

  0x0000028194634914: ; ImmutableOopMap {rbp=Oop [8]=Oop [24]=Oop [40]=Oop [80]=Oop }
                      ;*invokeinterface render {reexecute=0 rethrow=0 return_oop=0}
                      ; - com.seibel.distanthorizons.core.render.renderer.LodRenderer::renderTerrain@431 (line 248)
  0x0000028194634914: e829 82fd 

  0x0000028194634918: ;   {other}
  0x0000028194634918: 0f1f 8400 | 0837 0071 | 4c8b 5424 | 204c 8954 | 2408 4889 | 5424 18ba | deff ffff 

  0x0000028194634934: ;   {runtime_call UncommonTrapBlob}
  0x0000028194634934: 6666 90e8 

  0x0000028194634938: ; ImmutableOopMap {rbp=Oop [8]=Oop [24]=Oop [40]=Oop [80]=Oop }
                      ;*invokeinterface render {reexecute=0 rethrow=0 return_oop=0}
                      ; - com.seibel.distanthorizons.core.render.renderer.LodRenderer::renderTerrain@472 (line 258)
  0x0000028194634938: c429 82fd 

  0x000002819463493c: ;   {other}
  0x000002819463493c: 0f1f 8400 | 2c37 0072 | 4c8b 5424 | 204c 8954 | 2408 4889 | 5424 18ba | deff ffff 

  0x0000028194634958: ;   {runtime_call UncommonTrapBlob}
  0x0000028194634958: 6666 90e8 

  0x000002819463495c: ; ImmutableOopMap {rbp=Oop [8]=Oop [24]=Oop [40]=Oop [80]=Oop }
                      ;*invokeinterface applyToMcTexture {reexecute=0 rethrow=0 return_oop=0}
                      ; - com.seibel.distanthorizons.core.render.renderer.LodRenderer::renderTerrain@540 (line 285)
  0x000002819463495c: a029 82fd 

  0x0000028194634960: ;   {other}
  0x0000028194634960: 0f1f 8400 | 5037 0073 | 4889 1424 | bade ffff 

  0x0000028194634970: ;   {runtime_call UncommonTrapBlob}
  0x0000028194634970: ff66 90e8 

  0x0000028194634974: ; ImmutableOopMap {[0]=Oop [40]=Oop [80]=Oop }
                      ;*invokeinterface runRenderPassCleanup {reexecute=0 rethrow=0 return_oop=0}
                      ; - com.seibel.distanthorizons.core.render.renderer.LodRenderer::renderTerrain@661 (line 323)
  0x0000028194634974: 8829 82fd 

  0x0000028194634978: ;   {other}
  0x0000028194634978: 0f1f 8400 | 6837 0074 | bae4 ffff | ff48 ff74 | 2410 488f | 0424 4c8b | 6424 204c | 8964 2410 
  0x0000028194634998: 4c8b 6424 | 284c 8964 | 2420 4c8b | 6424 304c | 8964 2428 | 4c8b 6424 | 404c 8964 | 2430 4c8b 
  0x00000281946349b8: 6424 504c | 8964 2440 | 4489 5424 | 1c4c 895c | 2458 4889 | 4c24 6048 | 895c 2468 | 4c89 4424 
  0x00000281946349d8: 7844 894c 

  0x00000281946349dc: ;   {runtime_call UncommonTrapBlob}
  0x00000281946349dc: 2474 90e8 

  0x00000281946349e0: ; ImmutableOopMap {rbp=Oop [0]=Oop [16]=Oop [32]=Oop [40]=Oop [48]=Oop [56]=Oop [64]=Oop [72]=Oop [88]=Oop [96]=Oop [104]=Oop [120]=Oop }
                      ;*aaload {reexecute=0 rethrow=0 return_oop=0}
                      ; - java.lang.ThreadLocal$ThreadLocalMap::getEntry@18 (line 500)
                      ; - java.lang.ThreadLocal::get@12 (line 187)
                      ; - java.lang.ThreadLocal::get@4 (line 172)
                      ; - org.lwjgl.system.MemoryStack::stackGet@3 (line 906)
                      ; - org.lwjgl.system.MemoryStack::stackPush@0 (line 915)
                      ; - com.seibel.distanthorizons.common.render.openGl.glObject.shader.GlShaderProgram::setUniform@0 (line 196)
                      ; - com.seibel.distanthorizons.common.render.openGl.postProcessing.ssao.GlDhSSAOShader_neoforge::onApplyUniforms@12 (line 107)
                      ; - com.seibel.distanthorizons.common.render.openGl.util.GlAbstractShaderRenderer::render@13 (line 81)
                      ; - com.seibel.distanthorizons.common.render.openGl.postProcessing.ssao.GlDhSSAORenderer_neoforge::render@90 (line 130)
                      ; - com.seibel.distanthorizons.core.render.renderer.LodRenderer::renderTerrain@316 (line 225)
  0x00000281946349e0: 1c29 82fd 

  0x00000281946349e4: ;   {other}
  0x00000281946349e4: 0f1f 8400 | d437 0075 | bae4 ffff | ff48 8b6c | 2410 4c8b | 4424 204c | 8944 2408 | 8b4c 2418 
  0x0000028194634a04: 894c 2410 | 4c8b 4424 | 284c 8944 | 2418 4c8b | 4424 304c | 8944 2420 | 4c8b 4424 | 404c 8944 
  0x0000028194634a24: 2428 4c8b | 4424 384c | 8944 2430 | 4c8b 4424 | 504c 8944 | 2438 4c8b | 4424 484c | 8944 2440 
  0x0000028194634a44: 4c89 5c24 | 5044 8964 | 2414 4c89 | 5424 5848 | 8944 2460 | 4889 7424 | 6848 895c | 2478 4489 
  0x0000028194634a64: ;   {runtime_call UncommonTrapBlob}
  0x0000028194634a64: 4c24 74e8 

  0x0000028194634a68: ; ImmutableOopMap {rbp=Oop [8]=Oop [24]=Oop [32]=Oop [40]=Oop [48]=Oop [56]=Oop [64]=Oop [80]=Oop [88]=Oop [96]=Oop [104]=Oop [120]=Oop }
                      ;*aaload {reexecute=0 rethrow=0 return_oop=0}
                      ; - java.lang.ThreadLocal$ThreadLocalMap::getEntry@18 (line 500)
                      ; - java.lang.ThreadLocal::get@12 (line 187)
                      ; - java.lang.ThreadLocal::get@4 (line 172)
                      ; - org.lwjgl.system.MemoryStack::stackGet@3 (line 906)
                      ; - org.lwjgl.system.MemoryStack::stackPush@0 (line 915)
                      ; - com.seibel.distanthorizons.common.render.openGl.glObject.shader.GlShaderProgram::setUniform@0 (line 196)
                      ; - com.seibel.distanthorizons.common.render.openGl.postProcessing.ssao.GlDhSSAOShader_neoforge::onApplyUniforms@27 (line 109)
                      ; - com.seibel.distanthorizons.common.render.openGl.util.GlAbstractShaderRenderer::render@13 (line 81)
                      ; - com.seibel.distanthorizons.common.render.openGl.postProcessing.ssao.GlDhSSAORenderer_neoforge::render@90 (line 130)
                      ; - com.seibel.distanthorizons.core.render.renderer.LodRenderer::renderTerrain@316 (line 225)
  0x0000028194634a68: 9428 82fd 

  0x0000028194634a6c: ;   {other}
  0x0000028194634a6c: 0f1f 8400 | 5c38 0076 | ba45 ffff | ff48 8b2c | 244c 8904 | 2489 7c24 | 1044 8954 

  0x0000028194634a88: ;   {runtime_call UncommonTrapBlob}
  0x0000028194634a88: 2418 90e8 

  0x0000028194634a8c: ; ImmutableOopMap {rbp=Oop [0]=Oop [8]=Oop }
                      ;*ifne {reexecute=1 rethrow=0 return_oop=0}
                      ; - (reexecute) com.seibel.distanthorizons.core.render.renderer.LodRenderer::renderTerrain@14 (line 123)
  0x0000028194634a8c: 7028 82fd 

  0x0000028194634a90: ;   {other}
  0x0000028194634a90: 0f1f 8400 | 8038 0077 | ba45 ffff | ff48 8beb | 4889 7424 | 0844 8b54 | 2418 4489 | 5424 104c 
  0x0000028194634ab0: 895c 2418 | 4c89 6424 | 2048 894c | 2428 4889 | 7c24 304c | 894c 2438 | 4c89 4424 

  0x0000028194634acc: ;   {runtime_call UncommonTrapBlob}
  0x0000028194634acc: 4066 90e8 

  0x0000028194634ad0: ; ImmutableOopMap {rbp=Oop [8]=Oop [24]=Oop [32]=Oop [40]=Oop [48]=Oop [56]=Oop [64]=Oop }
                      ;*if_acmpne {reexecute=1 rethrow=0 return_oop=0}
                      ; - (reexecute) com.seibel.distanthorizons.common.render.openGl.GlDhMetaRenderer_neoforge::runRenderPassSetup@17 (line 86)
                      ; - com.seibel.distanthorizons.core.render.renderer.LodRenderer::renderTerrain@99 (line 159)
  0x0000028194634ad0: 2c28 82fd 

  0x0000028194634ad4: ;   {other}
  0x0000028194634ad4: 0f1f 8400 | c438 0078 | ba45 ffff | ff41 8be8 

  0x0000028194634ae4: ;   {runtime_call UncommonTrapBlob}
  0x0000028194634ae4: 6666 90e8 

  0x0000028194634ae8: ; ImmutableOopMap {}
                      ;*ifne {reexecute=1 rethrow=0 return_oop=0}
                      ; - (reexecute) com.seibel.distanthorizons.core.render.renderer.LodRenderer::renderTerrain@33 (line 131)
  0x0000028194634ae8: 1428 82fd 

  0x0000028194634aec: ;   {other}
  0x0000028194634aec: 0f1f 8400 | dc38 0079 | ba45 ffff | ff48 8beb | 4c8b 4424 | 104c 8904 | 2448 8974 | 2408 448b 
  0x0000028194634b0c: 4c24 1844 | 894c 2410 | 4c89 5c24 | 1844 8954 

  0x0000028194634b1c: ;   {runtime_call UncommonTrapBlob}
  0x0000028194634b1c: 2414 90e8 

  0x0000028194634b20: ; ImmutableOopMap {rbp=Oop [0]=Oop [8]=Oop [24]=Oop }
                      ;*ifne {reexecute=1 rethrow=0 return_oop=0}
                      ; - (reexecute) com.seibel.distanthorizons.core.render.renderer.LodRenderer::renderTerrain@70 (line 149)
  0x0000028194634b20: dc27 82fd 

  0x0000028194634b24: ;   {other}
  0x0000028194634b24: 0f1f 8400 | 1439 007a | ba45 ffff | ff48 8beb | 4889 7424 | 088b 5c24 | 1889 5c24 | 104c 895c 
  0x0000028194634b44: 2418 4c89 | 6424 2048 | 894c 2428 | 4889 7c24 | 304c 894c | 2438 4c89 

  0x0000028194634b5c: ;   {runtime_call UncommonTrapBlob}
  0x0000028194634b5c: 4424 40e8 

  0x0000028194634b60: ; ImmutableOopMap {rbp=Oop [8]=Oop [24]=Oop [32]=Oop [40]=Oop [48]=Oop [56]=Oop [64]=Oop }
                      ;*if_acmpeq {reexecute=1 rethrow=0 return_oop=0}
                      ; - (reexecute) com.seibel.distanthorizons.common.render.openGl.GlDhMetaRenderer_neoforge::runRenderPassSetup@7 (line 86)
                      ; - com.seibel.distanthorizons.core.render.renderer.LodRenderer::renderTerrain@99 (line 159)
  0x0000028194634b60: 9c27 82fd 

  0x0000028194634b64: ;   {other}
  0x0000028194634b64: 0f1f 8400 | 5439 007b | ba45 ffff | ff48 8beb | 4889 7424 | 0844 8b44 | 2418 4489 | 4424 104c 
  0x0000028194634b84: 895c 2418 | 4c89 6424 | 2048 894c | 2428 4889 | 7c24 304c | 894c 2438 | 4489 5424 

  0x0000028194634ba0: ;   {runtime_call UncommonTrapBlob}
  0x0000028194634ba0: 1466 90e8 

  0x0000028194634ba4: ; ImmutableOopMap {rbp=Oop [8]=Oop [24]=Oop [32]=Oop [40]=Oop [48]=Oop [56]=Oop }
                      ;*ifne {reexecute=1 rethrow=0 return_oop=0}
                      ; - (reexecute) com.seibel.distanthorizons.common.render.openGl.GlDhMetaRenderer_neoforge::runRenderPassSetup@30 (line 90)
                      ; - com.seibel.distanthorizons.core.render.renderer.LodRenderer::renderTerrain@99 (line 159)
  0x0000028194634ba4: 5827 82fd 

  0x0000028194634ba8: ;   {other}
  0x0000028194634ba8: 0f1f 8400 | 9839 007c | ba45 ffff | ff48 8beb | 4889 7424 | 0844 8b44 | 2418 4489 | 4424 104c 
  0x0000028194634bc8: 895c 2418 | 4c89 6424 | 2048 894c | 2428 4c89 | 4c24 3848 | 897c 2440 | 4c89 5424 

  0x0000028194634be4: ;   {runtime_call UncommonTrapBlob}
  0x0000028194634be4: 4866 90e8 

  0x0000028194634be8: ; ImmutableOopMap {rbp=Oop [8]=Oop [24]=Oop [32]=Oop [40]=Oop [56]=Oop [64]=Oop [72]=Oop }
                      ;*ifnonnull {reexecute=1 rethrow=0 return_oop=0}
                      ; - (reexecute) com.seibel.distanthorizons.common.render.openGl.GlDhTerrainRenderer_neoforge::getTerrainShaderProgram@4 (line 36)
                      ; - com.seibel.distanthorizons.common.render.openGl.GlDhMetaRenderer_neoforge::runRenderPassSetup@52 (line 102)
                      ; - com.seibel.distanthorizons.core.render.renderer.LodRenderer::renderTerrain@99 (line 159)
  0x0000028194634be8: 1427 82fd 

  0x0000028194634bec: ;   {other}
  0x0000028194634bec: 0f1f 8400 | dc39 007d | ba45 ffff | ff48 8974 | 2410 4c89 | 5c24 204c | 8964 2428 | 4889 4c24 
  0x0000028194634c0c: 3048 897c | 2438 4c89 

  0x0000028194634c14: ;   {runtime_call UncommonTrapBlob}
  0x0000028194634c14: 4c24 40e8 

  0x0000028194634c18: ; ImmutableOopMap {[0]=Oop [16]=Oop [32]=Oop [40]=Oop [48]=Oop [56]=Oop [64]=Oop }
                      ;*ifle {reexecute=1 rethrow=0 return_oop=0}
                      ; - (reexecute) java.util.HashMap::getNode@14 (line 575)
                      ; - java.util.HashMap::get@2 (line 564)
                      ; - com.seibel.distanthorizons.coreapi.DependencyInjection.OverrideInjector::get@5 (line 133)
                      ; - com.seibel.distanthorizons.common.render.openGl.GlDhMetaRenderer_neoforge::runRenderPassSetup@63 (line 103)
                      ; - com.seibel.distanthorizons.core.render.renderer.LodRenderer::renderTerrain@99 (line 159)
  0x0000028194634c18: e426 82fd 

  0x0000028194634c1c: ;   {other}
  0x0000028194634c1c: 0f1f 8400 | 0c3a 007e | bade ffff | ff48 8b2c | 2444 8b5c | 2418 4489 | 5c24 104c | 8b54 2428 
  0x0000028194634c3c: 4c89 5424 | 184c 8b54 | 2430 4c89 | 5424 2048 | 8944 2430 

  0x0000028194634c50: ;   {runtime_call UncommonTrapBlob}
  0x0000028194634c50: 6666 90e8 

  0x0000028194634c54: ; ImmutableOopMap {rbp=Oop [8]=Oop [24]=Oop [32]=Oop [48]=Oop [56]=Oop [64]=Oop }
                      ;*checkcast {reexecute=0 rethrow=0 return_oop=0}
                      ; - com.seibel.distanthorizons.coreapi.DependencyInjection.OverridePriorityListContainer::getOverrideWithHighestPriority@18 (line 74)
                      ; - com.seibel.distanthorizons.coreapi.DependencyInjection.OverrideInjector::get@17 (line 134)
                      ; - com.seibel.distanthorizons.common.render.openGl.GlDhMetaRenderer_neoforge::runRenderPassSetup@63 (line 103)
                      ; - com.seibel.distanthorizons.core.render.renderer.LodRenderer::renderTerrain@99 (line 159)
  0x0000028194634c54: a826 82fd 

  0x0000028194634c58: ;   {other}
  0x0000028194634c58: 0f1f 8400 | 483a 007f | bade ffff | ff48 8b2c | 2444 8b44 | 2418 4489 | 4424 104c | 8b54 2428 
  0x0000028194634c78: 4c89 5424 | 184c 8b54 | 2430 4c89 | 5424 204c | 895c 2430 

  0x0000028194634c8c: ;   {runtime_call UncommonTrapBlob}
  0x0000028194634c8c: 6666 90e8 

  0x0000028194634c90: ; ImmutableOopMap {rbp=Oop [8]=Oop [24]=Oop [32]=Oop [48]=Oop [56]=Oop [64]=Oop }
                      ;*checkcast {reexecute=0 rethrow=0 return_oop=0}
                      ; - com.seibel.distanthorizons.common.render.openGl.GlDhMetaRenderer_neoforge::runRenderPassSetup@66 (line 103)
                      ; - com.seibel.distanthorizons.core.render.renderer.LodRenderer::renderTerrain@99 (line 159)
  0x0000028194634c90: 6c26 82fd 

  0x0000028194634c94: ;   {other}
  0x0000028194634c94: 0f1f 8400 | 843a 0080 | ba45 ffff | ff4c 8b54 | 2410 4c89 | 5424 0844 | 8b5c 2418 | 4489 5c24 
  0x0000028194634cb4: 104c 8b54 | 2428 4c89 | 5424 1889 

  0x0000028194634cc0: ;   {runtime_call UncommonTrapBlob}
  0x0000028194634cc0: 4424 14e8 

  0x0000028194634cc4: ; ImmutableOopMap {rbp=Oop [8]=Oop [24]=Oop [56]=Oop [64]=Oop [72]=Oop }
                      ;*ifne {reexecute=1 rethrow=0 return_oop=0}
                      ; - (reexecute) com.seibel.distanthorizons.core.render.renderer.LodRenderer::renderTerrain@199 (line 194)
  0x0000028194634cc4: 3826 82fd 

  0x0000028194634cc8: ;   {other}
  0x0000028194634cc8: 0f1f 8400 | b83a 0081 | ba45 ffff | ff49 8be9 | 4c8b 4424 | 104c 8944 | 2408 448b | 4424 1844 
  0x0000028194634ce8: 8944 2410 | 4c8b 4424 | 284c 8944 | 2418 4c8b | 4424 304c | 8944 2420 | 4c8b 4424 | 404c 8944 
  0x0000028194634d08: 2428 4c89 | 6424 304c | 8954 2438 | 4c89 5c24 

  0x0000028194634d18: ;   {runtime_call UncommonTrapBlob}
  0x0000028194634d18: 4066 90e8 

  0x0000028194634d1c: ; ImmutableOopMap {rbp=Oop [8]=Oop [24]=Oop [32]=Oop [40]=Oop [48]=Oop [56]=Oop [64]=Oop [72]=Oop }
                      ;*if_acmpne {reexecute=1 rethrow=0 return_oop=0}
                      ; - (reexecute) com.seibel.distanthorizons.common.render.openGl.GlDhMetaRenderer_neoforge::clearDhDepthAndColorTextures@29 (line 384)
                      ; - com.seibel.distanthorizons.core.render.renderer.LodRenderer::renderTerrain@219 (line 197)
  0x0000028194634d1c: e025 82fd 

  0x0000028194634d20: ;   {other}
  0x0000028194634d20: 0f1f 8400 | 103b 0082 | ba45 ffff | ff48 8b6c | 2410 4c8b | 4c24 204c | 894c 2408 | 8b4c 2418 
  0x0000028194634d40: 894c 2410 | 4c8b 4c24 | 284c 894c | 2418 4c8b | 4c24 304c | 894c 2420 | 4c8b 4c24 | 404c 894c 
  0x0000028194634d60: 2428 4c89 | 5424 304c | 8b54 2448 | 4c89 5424 | 4044 8964 | 2448 4489 | 5c24 4c44 | 8944 2450 
  0x0000028194634d80: ;   {runtime_call UncommonTrapBlob}
  0x0000028194634d80: 6666 90e8 

  0x0000028194634d84: ; ImmutableOopMap {rbp=Oop [8]=Oop [24]=Oop [32]=Oop [40]=Oop [48]=Oop [56]=Oop [64]=Oop }
                      ;*if_icmpne {reexecute=1 rethrow=0 return_oop=0}
                      ; - (reexecute) com.seibel.distanthorizons.common.render.openGl.postProcessing.ssao.GlDhSSAORenderer_neoforge::render@36 (line 121)
                      ; - com.seibel.distanthorizons.core.render.renderer.LodRenderer::renderTerrain@316 (line 225)
  0x0000028194634d84: 7825 82fd 

  0x0000028194634d88: ;   {other}
  0x0000028194634d88: 0f1f 8400 | 783b 0083 | ba45 ffff | ff48 8b6c 

  0x0000028194634d98: ;   {runtime_call UncommonTrapBlob}
  0x0000028194634d98: 2410 90e8 

  0x0000028194634d9c: ; ImmutableOopMap {rbp=Oop [32]=Oop [40]=Oop [80]=Oop }
                      ;*ifne {reexecute=1 rethrow=0 return_oop=0}
                      ; - (reexecute) com.seibel.distanthorizons.core.render.renderer.LodRenderer::renderTerrain@356 (line 236)
  0x0000028194634d9c: 6025 82fd 

  0x0000028194634da0: ;   {other}
  0x0000028194634da0: 0f1f 8400 | 903b 0084 | ba45 ffff | ff89 4424 

  0x0000028194634db0: ;   {runtime_call UncommonTrapBlob}
  0x0000028194634db0: 1866 90e8 

  0x0000028194634db4: ; ImmutableOopMap {rbp=Oop [32]=Oop [40]=Oop [80]=Oop }
                      ;*ifne {reexecute=1 rethrow=0 return_oop=0}
                      ; - (reexecute) com.seibel.distanthorizons.core.render.renderer.LodRenderer::renderTerrain@523 (line 282)
  0x0000028194634db4: 4825 82fd 

  0x0000028194634db8: ;   {other}
  0x0000028194634db8: 0f1f 8400 | a83b 0085 | ba45 ffff | ff44 8b44 | 2418 4489 | 4424 104c | 8b54 2428 | 4c89 5424 
  0x0000028194634dd8: 1844 895c 

  0x0000028194634ddc: ;   {runtime_call UncommonTrapBlob}
  0x0000028194634ddc: 2414 90e8 

  0x0000028194634de0: ; ImmutableOopMap {rbp=Oop [24]=Oop [48]=Oop [56]=Oop [64]=Oop [72]=Oop }
                      ;*ifne {reexecute=1 rethrow=0 return_oop=0}
                      ; - (reexecute) com.seibel.distanthorizons.core.render.renderer.LodRenderer::renderTerrain@108 (line 161)
  0x0000028194634de0: 1c25 82fd 

  0x0000028194634de4: ;   {other}
  0x0000028194634de4: 0f1f 8400 | d43b 0086 | ba45 ffff | ff49 8be9 | 4c8b 4424 | 104c 8944 | 2408 448b | 4c24 1844 
  0x0000028194634e04: 894c 2410 | 4c8b 4424 | 284c 8944 | 2418 4c8b | 4424 304c | 8944 2420 | 4c8b 4424 | 404c 8944 
  0x0000028194634e24: 2428 4c89 | 6424 304c | 8954 2438 | 4c89 5c24 

  0x0000028194634e34: ;   {runtime_call UncommonTrapBlob}
  0x0000028194634e34: 4066 90e8 

  0x0000028194634e38: ; ImmutableOopMap {rbp=Oop [8]=Oop [24]=Oop [32]=Oop [40]=Oop [48]=Oop [56]=Oop [64]=Oop [72]=Oop }
                      ;*if_acmpeq {reexecute=1 rethrow=0 return_oop=0}
                      ; - (reexecute) com.seibel.distanthorizons.common.render.openGl.GlDhMetaRenderer_neoforge::clearDhDepthAndColorTextures@19 (line 384)
                      ; - com.seibel.distanthorizons.core.render.renderer.LodRenderer::renderTerrain@219 (line 197)
  0x0000028194634e38: c424 82fd 

  0x0000028194634e3c: ;   {other}
  0x0000028194634e3c: 0f1f 8400 | 2c3c 0087 | 4533 d24d | 3bca bdff | ffff ff7c | 0840 0f95 | c540 0fb6 | edba 45ff 
  0x0000028194634e5c: ffff 4c8b | 5424 084c | 8914 244c | 8b54 2438 | 4c89 5424 | 084c 8b54 | 2428 4c89 | 5424 204c 
  0x0000028194634e7c: 8b54 2430 | 4c89 5424 | 284c 8b54 | 2440 4c89 | 5424 304c | 8b54 2448 | 4c89 5424 | 384c 8b54 
  0x0000028194634e9c: 2450 4c89 | 5424 4048 | 8944 2450 | 4c89 4c24 

  0x0000028194634eac: ;   {runtime_call UncommonTrapBlob}
  0x0000028194634eac: 5866 90e8 

  0x0000028194634eb0: ; ImmutableOopMap {[0]=Oop [8]=Oop [16]=Oop [32]=Oop [40]=Oop [48]=Oop [56]=Oop [64]=Oop [80]=Oop }
                      ;*ifne {reexecute=1 rethrow=0 return_oop=0}
                      ; - (reexecute) org.lwjgl.system.Checks::check@3 (line 187)
                      ; - org.lwjgl.opengl.GL11C::glGetFloatv@14 (line 2247)
                      ; - org.lwjgl.opengl.GL11::glGetFloatv@2 (line 8342)
                      ; - com.seibel.distanthorizons.common.render.openGl.GlDhMetaRenderer_neoforge::clearDhDepthAndColorTextures@52 (line 393)
                      ; - com.seibel.distanthorizons.core.render.renderer.LodRenderer::renderTerrain@219 (line 197)
  0x0000028194634eb0: 4c24 82fd 

  0x0000028194634eb4: ;   {other}
  0x0000028194634eb4: 0f1f 8400 | a43c 0088 | ba45 ffff | ff48 8b6c | 2408 4c8b | 5424 104c | 8954 2408 | 448b 5424 
  0x0000028194634ed4: 1844 8954 | 2410 4c8b | 5424 284c | 8954 2418 | 4c8b 5424 | 304c 8954 | 2420 4489 

  0x0000028194634ef0: ;   {runtime_call UncommonTrapBlob}
  0x0000028194634ef0: 5c24 14e8 

  0x0000028194634ef4: ; ImmutableOopMap {rbp=Oop [8]=Oop [24]=Oop [32]=Oop [56]=Oop [64]=Oop [80]=Oop }
                      ;*ifeq {reexecute=1 rethrow=0 return_oop=0}
                      ; - (reexecute) com.seibel.distanthorizons.common.render.openGl.GlDhMetaRenderer_neoforge::clearDhDepthAndColorTextures@75 (line 396)
                      ; - com.seibel.distanthorizons.core.render.renderer.LodRenderer::renderTerrain@219 (line 197)
  0x0000028194634ef4: 0824 82fd 

  0x0000028194634ef8: ;   {other}
  0x0000028194634ef8: 0f1f 8400 | e83c 0089 | ba45 ffff | ff48 8b6c | 2408 4c8b | 5424 384c | 8914 2444 | 8b5c 2418 
  0x0000028194634f18: 4489 5c24 | 104c 8b54 | 2428 4c89 | 5424 184c | 894c 2420 | 4889 7c24 

  0x0000028194634f30: ;   {runtime_call UncommonTrapBlob}
  0x0000028194634f30: 3866 90e8 

  0x0000028194634f34: ; ImmutableOopMap {rbp=Oop [0]=Oop [24]=Oop [32]=Oop [56]=Oop [64]=Oop [72]=Oop }
                      ;*ifnull {reexecute=1 rethrow=0 return_oop=0}
                      ; - (reexecute) com.seibel.distanthorizons.core.render.renderer.LodRenderer::renderTerrain@8 (line 343)
                      ; - com.seibel.distanthorizons.core.render.renderer.LodRenderer::renderTerrain@252 (line 212)
  0x0000028194634f34: c823 82fd 

  0x0000028194634f38: ;   {other}
  0x0000028194634f38: 0f1f 8400 | 283d 008a | 448b 5c24 | 1844 895c | 2410 4c8b | 5c24 284c | 895c 2418 | 4c89 4c24 
  0x0000028194634f58: 204c 8b5c | 2440 4c89 | 5c24 284c | 8944 2430 | 4889 7c24 | 4048 8954 | 2450 4489 | 5424 14ba 
  0x0000028194634f78: 45ff ffff 

  0x0000028194634f7c: ;   {runtime_call UncommonTrapBlob}
  0x0000028194634f7c: 6666 90e8 

  0x0000028194634f80: ; ImmutableOopMap {rbp=Oop [24]=Oop [32]=Oop [40]=Oop [48]=Oop [56]=Oop [64]=Oop [72]=Oop [80]=Oop }
                      ;*ifeq {reexecute=1 rethrow=0 return_oop=0}
                      ; - (reexecute) com.seibel.distanthorizons.common.render.openGl.terrain.GlDhTerrainShaderProgram_neoforge::tryInit@4 (line 98)
                      ; - com.seibel.distanthorizons.common.render.openGl.GlDhTerrainRenderer_neoforge::render@9 (line 59)
                      ; - com.seibel.distanthorizons.core.render.renderer.LodRenderer::renderTerrain@19 (line 345)
                      ; - com.seibel.distanthorizons.core.render.renderer.LodRenderer::renderTerrain@252 (line 212)
  0x0000028194634f80: 7c23 82fd 

  0x0000028194634f84: ;   {other}
  0x0000028194634f84: 0f1f 8400 | 743d 008b | ba45 ffff | ff44 8b4c | 2418 4489 | 4c24 104c | 8b44 2428 | 4c89 4424 
  0x0000028194634fa4: 184c 8b44 | 2430 4c89 | 4424 204c | 8954 2430 | 4489 5c24 

  0x0000028194634fb8: ;   {runtime_call UncommonTrapBlob}
  0x0000028194634fb8: 1466 90e8 

  0x0000028194634fbc: ; ImmutableOopMap {rbp=Oop [24]=Oop [32]=Oop [48]=Oop [56]=Oop [64]=Oop [72]=Oop }
                      ;*ifeq {reexecute=1 rethrow=0 return_oop=0}
                      ; - (reexecute) com.seibel.distanthorizons.core.config.types.ConfigEntry::get@4 (line 186)
                      ; - com.seibel.distanthorizons.core.render.renderer.LodRenderer::renderTerrain@258 (line 215)
  0x0000028194634fbc: 4023 82fd 

  0x0000028194634fc0: ;   {other}
  0x0000028194634fc0: 0f1f 8400 | b03d 008c | ba45 ffff | ff4c 8b44 | 2438 4c89 | 0424 448b | 4424 1844 | 8944 2410 
  0x0000028194634fe0: 4c8b 4424 | 284c 8944 | 2418 4c8b | 4424 304c | 8944 2420 | 4c89 5424 | 304c 895c 

  0x0000028194634ffc: ;   {runtime_call UncommonTrapBlob}
  0x0000028194634ffc: 2438 90e8 

  0x0000028194635000: ; ImmutableOopMap {rbp=Oop [0]=Oop [24]=Oop [32]=Oop [48]=Oop [56]=Oop [64]=Oop [72]=Oop }
                      ;*ifnull {reexecute=1 rethrow=0 return_oop=0}
                      ; - (reexecute) com.seibel.distanthorizons.core.config.types.ConfigEntry::get@11 (line 186)
                      ; - com.seibel.distanthorizons.core.render.renderer.LodRenderer::renderTerrain@258 (line 215)
  0x0000028194635000: fc22 82fd 

  0x0000028194635004: ;   {other}
  0x0000028194635004: 0f1f 8400 | f43d 008d | ba45 ffff | ff44 8b44 | 2418 4489 | 4424 104c | 8b54 2428 | 4c89 5424 
  0x0000028194635024: 1844 895c 

  0x0000028194635028: ;   {runtime_call UncommonTrapBlob}
  0x0000028194635028: 2414 90e8 

  0x000002819463502c: ; ImmutableOopMap {rbp=Oop [24]=Oop [48]=Oop [56]=Oop [64]=Oop [72]=Oop }
                      ;*ifeq {reexecute=1 rethrow=0 return_oop=0}
                      ; - (reexecute) com.seibel.distanthorizons.core.render.renderer.LodRenderer::renderTerrain@267 (line 215)
  0x000002819463502c: d022 82fd 

  0x0000028194635030: ;   {other}
  0x0000028194635030: 0f1f 8400 | 203e 008e | ba45 ffff | ff44 8b44 | 2418 4489 | 4424 104c | 8b44 2428 | 4c89 4424 
  0x0000028194635050: 184c 8b44 | 2430 4c89 | 4424 204c | 8954 2430 | 4489 5c24 

  0x0000028194635064: ;   {runtime_call UncommonTrapBlob}
  0x0000028194635064: 1466 90e8 

  0x0000028194635068: ; ImmutableOopMap {rbp=Oop [8]=Oop [24]=Oop [32]=Oop [48]=Oop [56]=Oop [64]=Oop }
                      ;*ifeq {reexecute=1 rethrow=0 return_oop=0}
                      ; - (reexecute) com.seibel.distanthorizons.core.config.types.ConfigEntry::get@4 (line 186)
                      ; - com.seibel.distanthorizons.core.render.renderer.LodRenderer::renderTerrain@291 (line 222)
  0x0000028194635068: 9422 82fd 

  0x000002819463506c: ;   {other}
  0x000002819463506c: 0f1f 8400 | 5c3e 008f | ba45 ffff | ff4c 8b44 | 2438 4c89 | 0424 448b | 4c24 1844 | 894c 2410 
  0x000002819463508c: 4c8b 4424 | 284c 8944 | 2418 4c8b | 4424 304c | 8944 2420 | 4c89 5424 | 304c 895c 

  0x00000281946350a8: ;   {runtime_call UncommonTrapBlob}
  0x00000281946350a8: 2438 90e8 

  0x00000281946350ac: ; ImmutableOopMap {rbp=Oop [0]=Oop [8]=Oop [24]=Oop [32]=Oop [48]=Oop [56]=Oop [64]=Oop }
                      ;*ifnull {reexecute=1 rethrow=0 return_oop=0}
                      ; - (reexecute) com.seibel.distanthorizons.core.config.types.ConfigEntry::get@11 (line 186)
                      ; - com.seibel.distanthorizons.core.render.renderer.LodRenderer::renderTerrain@291 (line 222)
  0x00000281946350ac: 5022 82fd 

  0x00000281946350b0: ;   {other}
  0x00000281946350b0: 0f1f 8400 | a03e 0090 | ba45 ffff | ff44 8b44 | 2418 4489 | 4424 104c | 8b54 2428 | 4c89 5424 
  0x00000281946350d0: 1844 895c 

  0x00000281946350d4: ;   {runtime_call UncommonTrapBlob}
  0x00000281946350d4: 2414 90e8 

  0x00000281946350d8: ; ImmutableOopMap {rbp=Oop [8]=Oop [24]=Oop [48]=Oop [56]=Oop [64]=Oop }
                      ;*ifeq {reexecute=1 rethrow=0 return_oop=0}
                      ; - (reexecute) com.seibel.distanthorizons.core.render.renderer.LodRenderer::renderTerrain@300 (line 222)
  0x00000281946350d8: 2422 82fd 

  0x00000281946350dc: ;   {other}
  0x00000281946350dc: 0f1f 8400 | cc3e 0091 | ba45 ffff | ff48 8b6c | 2410 4c8b | 4424 204c | 8944 2408 | 448b 4424 
  0x00000281946350fc: 1844 8944 | 2410 4c8b | 4424 284c | 8944 2418 | 4c8b 4424 | 304c 8944 | 2420 4c8b | 4424 404c 
  0x000002819463511c: 8944 2428 | 4c8b 4424 | 484c 8944 | 2440 4c89 | 5424 4844 | 895c 2414 

  0x0000028194635134: ;   {runtime_call UncommonTrapBlob}
  0x0000028194635134: 6666 90e8 

  0x0000028194635138: ; ImmutableOopMap {rbp=Oop [8]=Oop [24]=Oop [32]=Oop [40]=Oop [56]=Oop [64]=Oop [72]=Oop }
                      ;*ifeq {reexecute=1 rethrow=0 return_oop=0}
                      ; - (reexecute) com.seibel.distanthorizons.common.render.openGl.postProcessing.ssao.GlDhSSAORenderer_neoforge::init@4 (line 65)
                      ; - com.seibel.distanthorizons.common.render.openGl.postProcessing.ssao.GlDhSSAORenderer_neoforge::render@9 (line 116)
                      ; - com.seibel.distanthorizons.core.render.renderer.LodRenderer::renderTerrain@316 (line 225)
  0x0000028194635138: c421 82fd 

  0x000002819463513c: ;   {other}
  0x000002819463513c: 0f1f 8400 | 2c3f 0092 | ba45 ffff | ff48 8b6c | 2410 4c8b | 4424 204c | 8944 2408 | 448b 6424 
  0x000002819463515c: 1844 8964 | 2410 4c8b | 4424 284c | 8944 2418 | 4c8b 4424 | 304c 8944 | 2420 4c8b | 4424 404c 
  0x000002819463517c: 8944 2428 | 4c89 5424 | 304c 8b54 | 2448 4c89 | 5424 404c | 894c 2448 | 4489 5c24 

  0x0000028194635198: ;   {runtime_call UncommonTrapBlob}
  0x0000028194635198: 1466 90e8 

  0x000002819463519c: ; ImmutableOopMap {rbp=Oop [8]=Oop [24]=Oop [32]=Oop [40]=Oop [48]=Oop [56]=Oop [64]=Oop [72]=Oop }
                      ;*ifeq {reexecute=1 rethrow=0 return_oop=0}
                      ; - (reexecute) io.github.mortuusars.exposure.client.capture.task.BackgroundScreenshotCaptureTask::isCapturing@3 (line 33)
                      ; - net.minecraft.client.Minecraft::modifyReturnValue$bai000$exposure$onGetMainRenderTarget@0 (line 10063)
                      ; - net.minecraft.client.Minecraft::getMainRenderTarget@6 (line 842)
                      ; - com.seibel.distanthorizons.common.wrappers.minecraft.MinecraftRenderWrapper_neoforge::getRenderTarget@3 (line 345)
                      ; - com.seibel.distanthorizons.common.wrappers.minecraft.MinecraftRenderWrapper_neoforge::getTargetFramebufferViewportWidth@1 (line 452)
                      ; - com.seibel.distanthorizons.common.render.openGl.postProcessing.ssao.GlDhSSAORenderer_neoforge::render@15 (line 119)
                      ; - com.seibel.distanthorizons.core.render.renderer.LodRenderer::renderTerrain@316 (line 225)
  0x000002819463519c: 6021 82fd 

  0x00000281946351a0: ;   {other}
  0x00000281946351a0: 0f1f 8400 | 903f 0093 | ba45 ffff | ff48 8b6c | 2410 4c8b | 4c24 204c | 894c 2408 | 448b 4c24 
  0x00000281946351c0: 1844 894c | 2410 4c8b | 4c24 284c | 894c 2418 | 4c8b 4c24 | 304c 894c | 2420 4c8b | 4c24 404c 
  0x00000281946351e0: 894c 2428 | 4c89 5424 | 304c 8b54 | 2448 4c89 | 5424 4044 | 8944 2414 | 4489 5c24 | 4c44 8964 
  0x0000028194635200: ;   {runtime_call UncommonTrapBlob}
  0x0000028194635200: 2450 90e8 

  0x0000028194635204: ; ImmutableOopMap {rbp=Oop [8]=Oop [24]=Oop [32]=Oop [40]=Oop [48]=Oop [56]=Oop [64]=Oop }
                      ;*if_icmpeq {reexecute=1 rethrow=0 return_oop=0}
                      ; - (reexecute) com.seibel.distanthorizons.common.render.openGl.postProcessing.ssao.GlDhSSAORenderer_neoforge::render@45 (line 121)
                      ; - com.seibel.distanthorizons.core.render.renderer.LodRenderer::renderTerrain@316 (line 225)
  0x0000028194635204: f820 82fd 

  0x0000028194635208: ;   {other}
  0x0000028194635208: 0f1f 8400 | f83f 0094 | ba45 ffff | ff48 8b6c | 2410 4c8b | 4424 204c | 8944 2408 | 448b 4424 
  0x0000028194635228: 1844 8944 | 2410 4c8b | 4424 284c | 8944 2418 | 4c8b 4424 | 304c 8944 | 2420 4c8b | 4424 404c 
  0x0000028194635248: 8944 2428 | 4c8b 4424 | 384c 8944 | 2430 4c8b | 4424 484c | 8944 2440 | 4c89 5424 | 5844 895c 
  0x0000028194635268: ;   {runtime_call UncommonTrapBlob}
  0x0000028194635268: 2414 90e8 

  0x000002819463526c: ; ImmutableOopMap {rbp=Oop [8]=Oop [24]=Oop [32]=Oop [40]=Oop [48]=Oop [64]=Oop [80]=Oop [88]=Oop }
                      ;*ifeq {reexecute=1 rethrow=0 return_oop=0}
                      ; - (reexecute) com.seibel.distanthorizons.common.render.openGl.util.GlAbstractShaderRenderer::init@4 (line 46)
                      ; - com.seibel.distanthorizons.common.render.openGl.util.GlAbstractShaderRenderer::render@1 (line 77)
                      ; - com.seibel.distanthorizons.common.render.openGl.postProcessing.ssao.GlDhSSAORenderer_neoforge::render@90 (line 130)
                      ; - com.seibel.distanthorizons.core.render.renderer.LodRenderer::renderTerrain@316 (line 225)
  0x000002819463526c: 9020 82fd 

  0x0000028194635270: ;   {other}
  0x0000028194635270: 0f1f 8400 | 6040 0095 | ba45 ffff | ff4c 8b44 | 2410 4c89 | 0424 4c8b | 4424 204c | 8944 2410 
  0x0000028194635290: 4c8b 4424 | 284c 8944 | 2420 4c8b | 4424 304c | 8944 2428 | 4c8b 4424 | 404c 8944 | 2430 4c8b 
  0x00000281946352b0: 4424 504c | 8944 2440 | 4489 5424 | 1c4c 895c | 2458 4c89 | 4c24 6089 | 5c24 6889 

  0x00000281946352cc: ;   {runtime_call UncommonTrapBlob}
  0x00000281946352cc: 7424 6ce8 

  0x00000281946352d0: ; ImmutableOopMap {rbp=Oop [0]=Oop [16]=Oop [32]=Oop [40]=Oop [48]=Oop [56]=Oop [64]=Oop [72]=Oop [88]=Oop [96]=Oop }
                      ;*if_icmpne {reexecute=1 rethrow=0 return_oop=0}
                      ; - (reexecute) org.lwjgl.system.MemoryStack::push@9 (line 134)
                      ; - org.lwjgl.system.MemoryStack::stackPush@3 (line 915)
                      ; - com.seibel.distanthorizons.common.render.openGl.glObject.shader.GlShaderProgram::setUniform@0 (line 196)
                      ; - com.seibel.distanthorizons.common.render.openGl.postProcessing.ssao.GlDhSSAOShader_neoforge::onApplyUniforms@12 (line 107)
                      ; - com.seibel.distanthorizons.common.render.openGl.util.GlAbstractShaderRenderer::render@13 (line 81)
                      ; - com.seibel.distanthorizons.common.render.openGl.postProcessing.ssao.GlDhSSAORenderer_neoforge::render@90 (line 130)
                      ; - com.seibel.distanthorizons.core.render.renderer.LodRenderer::renderTerrain@316 (line 225)
  0x00000281946352d0: 2c20 82fd 

  0x00000281946352d4: ;   {other}
  0x00000281946352d4: 0f1f 8400 | c440 0096 | ba45 ffff | ff4c 8b64 | 2410 4c89 | 2424 4c8b | 6424 204c | 8964 2410 
  0x00000281946352f4: 4c8b 6424 | 284c 8964 | 2420 4c8b | 6424 304c | 8964 2428 | 4c8b 6424 | 404c 8964 | 2430 4c8b 
  0x0000028194635314: 6424 504c | 8964 2440 | 4489 5424 | 1c4c 895c | 2458 4c89 | 4c24 6044 | 8944 2468 

  0x0000028194635330: ;   {runtime_call UncommonTrapBlob}
  0x0000028194635330: 6666 90e8 

  0x0000028194635334: ; ImmutableOopMap {rbp=Oop [0]=Oop [16]=Oop [32]=Oop [40]=Oop [48]=Oop [56]=Oop [64]=Oop [72]=Oop [88]=Oop [96]=Oop }
                      ;*ifge {reexecute=1 rethrow=0 return_oop=0}
                      ; - (reexecute) org.lwjgl.system.MemoryStack::nmalloc@46 (line 321)
                      ; - org.lwjgl.system.MemoryStack::mallocFloat@8 (line 540)
                      ; - com.seibel.distanthorizons.common.render.openGl.glObject.shader.GlShaderProgram::setUniform@7 (line 198)
                      ; - com.seibel.distanthorizons.common.render.openGl.postProcessing.ssao.GlDhSSAOShader_neoforge::onApplyUniforms@12 (line 107)
                      ; - com.seibel.distanthorizons.common.render.openGl.util.GlAbstractShaderRenderer::render@13 (line 81)
                      ; - com.seibel.distanthorizons.common.render.openGl.postProcessing.ssao.GlDhSSAORenderer_neoforge::render@90 (line 130)
                      ; - com.seibel.distanthorizons.core.render.renderer.LodRenderer::renderTerrain@316 (line 225)
  0x0000028194635334: c81f 82fd 

  0x0000028194635338: ;   {other}
  0x0000028194635338: 0f1f 8400 | 2841 0097 | ba45 ffff | ff48 8b6c | 2410 4c8b | 4424 204c | 8944 2408 | 448b 4424 
  0x0000028194635358: 1844 8944 | 2410 4c8b | 4424 284c | 8944 2418 | 4c8b 4424 | 304c 8944 | 2420 4c8b | 4424 404c 
  0x0000028194635378: 8944 2428 | 4c8b 4424 | 384c 8944 | 2430 4c8b | 4424 504c | 8944 2438 | 4c8b 4424 | 484c 8944 
  0x0000028194635398: 2440 4c89 | 5c24 5044 | 8964 2414 | 4c89 5424 | 5848 894c | 2460 8974 | 2468 4489 

  0x00000281946353b4: ;   {runtime_call UncommonTrapBlob}
  0x00000281946353b4: 4c24 6ce8 

  0x00000281946353b8: ; ImmutableOopMap {rbp=Oop [8]=Oop [24]=Oop [32]=Oop [40]=Oop [48]=Oop [56]=Oop [64]=Oop [80]=Oop [88]=Oop [96]=Oop }
                      ;*if_icmpne {reexecute=1 rethrow=0 return_oop=0}
                      ; - (reexecute) org.lwjgl.system.MemoryStack::push@9 (line 134)
                      ; - org.lwjgl.system.MemoryStack::stackPush@3 (line 915)
                      ; - com.seibel.distanthorizons.common.render.openGl.glObject.shader.GlShaderProgram::setUniform@0 (line 196)
                      ; - com.seibel.distanthorizons.common.render.openGl.postProcessing.ssao.GlDhSSAOShader_neoforge::onApplyUniforms@27 (line 109)
                      ; - com.seibel.distanthorizons.common.render.openGl.util.GlAbstractShaderRenderer::render@13 (line 81)
                      ; - com.seibel.distanthorizons.common.render.openGl.postProcessing.ssao.GlDhSSAORenderer_neoforge::render@90 (line 130)
                      ; - com.seibel.distanthorizons.core.render.renderer.LodRenderer::renderTerrain@316 (line 225)
  0x00000281946353b8: 441f 82fd 

  0x00000281946353bc: ;   {other}
  0x00000281946353bc: 0f1f 8400 | ac41 0098 | ba45 ffff | ff48 8b6c | 2410 4c8b | 4c24 204c | 894c 2408 | 448b 4c24 
  0x00000281946353dc: 1844 894c | 2410 4c8b | 4c24 284c | 894c 2418 | 4c8b 4c24 | 304c 894c | 2420 4c8b | 4c24 404c 
  0x00000281946353fc: 894c 2428 | 4c8b 4c24 | 384c 894c | 2430 4c8b | 4c24 504c | 894c 2438 | 4c8b 4c24 | 484c 894c 
  0x000002819463541c: 2440 4c89 | 5c24 5044 | 8964 2414 | 4c89 5424 | 5848 894c | 2460 4489 

  0x0000028194635434: ;   {runtime_call UncommonTrapBlob}
  0x0000028194635434: 4424 68e8 

  0x0000028194635438: ; ImmutableOopMap {rbp=Oop [8]=Oop [24]=Oop [32]=Oop [40]=Oop [48]=Oop [56]=Oop [64]=Oop [80]=Oop [88]=Oop [96]=Oop }
                      ;*ifge {reexecute=1 rethrow=0 return_oop=0}
                      ; - (reexecute) org.lwjgl.system.MemoryStack::nmalloc@46 (line 321)
                      ; - org.lwjgl.system.MemoryStack::mallocFloat@8 (line 540)
                      ; - com.seibel.distanthorizons.common.render.openGl.glObject.shader.GlShaderProgram::setUniform@7 (line 198)
                      ; - com.seibel.distanthorizons.common.render.openGl.postProcessing.ssao.GlDhSSAOShader_neoforge::onApplyUniforms@27 (line 109)
                      ; - com.seibel.distanthorizons.common.render.openGl.util.GlAbstractShaderRenderer::render@13 (line 81)
                      ; - com.seibel.distanthorizons.common.render.openGl.postProcessing.ssao.GlDhSSAORenderer_neoforge::render@90 (line 130)
                      ; - com.seibel.distanthorizons.core.render.renderer.LodRenderer::renderTerrain@316 (line 225)
  0x0000028194635438: c41e 82fd 

  0x000002819463543c: ;   {other}
  0x000002819463543c: 0f1f 8400 | 2c42 0099 | ba45 ffff | ff48 8b6c | 2410 4c8b | 5424 204c | 8954 2408 | 448b 5424 
  0x000002819463545c: 1844 8954 | 2410 4489 

  0x0000028194635464: ;   {runtime_call UncommonTrapBlob}
  0x0000028194635464: 5c24 14e8 

  0x0000028194635468: ; ImmutableOopMap {rbp=Oop [8]=Oop [40]=Oop [48]=Oop [80]=Oop }
                      ;*ifeq {reexecute=1 rethrow=0 return_oop=0}
                      ; - (reexecute) com.seibel.distanthorizons.core.render.renderer.LodRenderer::renderTerrain@333 (line 229)
  0x0000028194635468: 941e 82fd 

  0x000002819463546c: ;   {other}
  0x000002819463546c: 0f1f 8400 | 5c42 009a | ba45 ffff | ff48 8b6c | 2410 4489 

  0x0000028194635480: ;   {runtime_call UncommonTrapBlob}
  0x0000028194635480: 5c24 18e8 

  0x0000028194635484: ; ImmutableOopMap {rbp=Oop [32]=Oop [40]=Oop [80]=Oop }
                      ;*ifeq {reexecute=1 rethrow=0 return_oop=0}
                      ; - (reexecute) com.seibel.distanthorizons.core.render.renderer.LodRenderer::renderTerrain@371 (line 237)
  0x0000028194635484: 781e 82fd 

  0x0000028194635488: ;   {other}
  0x0000028194635488: 0f1f 8400 | 7842 009b | ba45 ffff | ff48 8b6c | 2410 4489 

  0x000002819463549c: ;   {runtime_call UncommonTrapBlob}
  0x000002819463549c: 4424 18e8 

  0x00000281946354a0: ; ImmutableOopMap {rbp=Oop [32]=Oop [40]=Oop [80]=Oop }
                      ;*ifeq {reexecute=1 rethrow=0 return_oop=0}
                      ; - (reexecute) com.seibel.distanthorizons.core.render.renderer.LodRenderer::renderTerrain@408 (line 244)
  0x00000281946354a0: 5c1e 82fd 

  0x00000281946354a4: ;   {other}
  0x00000281946354a4: 0f1f 8400 | 9442 009c | ba45 ffff | ff44 895c 

  0x00000281946354b4: ;   {runtime_call UncommonTrapBlob}
  0x00000281946354b4: 2418 90e8 

  0x00000281946354b8: ; ImmutableOopMap {rbp=Oop [32]=Oop [40]=Oop [80]=Oop }
                      ;*ifne {reexecute=1 rethrow=0 return_oop=0}
                      ; - (reexecute) com.seibel.distanthorizons.core.render.renderer.LodRenderer::renderTerrain@448 (line 252)
  0x00000281946354b8: 441e 82fd 

  0x00000281946354bc: ;   {other}
  0x00000281946354bc: 0f1f 8400 | ac42 009d | ba45 ffff | ff44 8944 

  0x00000281946354cc: ;   {runtime_call UncommonTrapBlob}
  0x00000281946354cc: 2418 90e8 

  0x00000281946354d0: ; ImmutableOopMap {rbp=Oop [32]=Oop [40]=Oop [80]=Oop }
                      ;*ifeq {reexecute=1 rethrow=0 return_oop=0}
                      ; - (reexecute) com.seibel.distanthorizons.core.render.renderer.LodRenderer::renderTerrain@489 (line 267)
  0x00000281946354d0: 2c1e 82fd 

  0x00000281946354d4: ;   {other}
  0x00000281946354d4: 0f1f 8400 | c442 009e | ba45 ffff | ff48 ff74 | 2408 488f | 0424 4c8b | 5424 484c | 8954 2408 
  0x00000281946354f4: 4c8b 5424 | 284c 8954 | 2420 4c8b | 5424 384c | 8954 2428 | 4c8b 5424 | 404c 8954 | 2430 4c89 
  0x0000028194635514: ;   {runtime_call UncommonTrapBlob}
  0x0000028194635514: 6424 38e8 

  0x0000028194635518: ; ImmutableOopMap {[0]=Oop [8]=Oop [16]=Oop [32]=Oop [40]=Oop [48]=Oop [56]=Oop }
                      ;*ifle {reexecute=1 rethrow=0 return_oop=0}
                      ; - (reexecute) java.util.HashMap::getNode@14 (line 575)
                      ; - java.util.HashMap::get@2 (line 564)
                      ; - com.seibel.distanthorizons.coreapi.DependencyInjection.OverrideInjector::get@5 (line 133)
                      ; - com.seibel.distanthorizons.common.render.openGl.GlDhMetaRenderer_neoforge::clearDhDepthAndColorTextures@5 (line 382)
                      ; - com.seibel.distanthorizons.core.render.renderer.LodRenderer::renderTerrain@219 (line 197)
  0x0000028194635518: e41d 82fd 

  0x000002819463551c: ;   {other}
  0x000002819463551c: 0f1f 8400 | 0c43 009f | bade ffff | ff48 8b6c | 2408 4c8b | 5424 104c | 8954 2408 | 448b 5c24 
  0x000002819463553c: 1844 895c | 2410 4c8b | 5424 284c | 8954 2418 | 4c8b 5424 | 304c 8954 | 2420 4889 

  0x0000028194635558: ;   {runtime_call UncommonTrapBlob}
  0x0000028194635558: 4424 30e8 

  0x000002819463555c: ; ImmutableOopMap {rbp=Oop [8]=Oop [24]=Oop [32]=Oop [48]=Oop [64]=Oop [72]=Oop }
                      ;*checkcast {reexecute=0 rethrow=0 return_oop=0}
                      ; - com.seibel.distanthorizons.coreapi.DependencyInjection.OverridePriorityListContainer::getOverrideWithHighestPriority@18 (line 74)
                      ; - com.seibel.distanthorizons.coreapi.DependencyInjection.OverrideInjector::get@17 (line 134)
                      ; - com.seibel.distanthorizons.common.render.openGl.GlDhMetaRenderer_neoforge::clearDhDepthAndColorTextures@5 (line 382)
                      ; - com.seibel.distanthorizons.core.render.renderer.LodRenderer::renderTerrain@219 (line 197)
  0x000002819463555c: a01d 82fd 

  0x0000028194635560: ;   {other}
  0x0000028194635560: 0f1f 8400 | 5043 00a0 | bade ffff | ff48 ff74 | 2408 488f | 0424 48ff | 7424 1048 | 8f44 2408 
  0x0000028194635580: 48ff 7424 | 3048 8f44 | 2410 4c8b | 5424 284c | 8954 2420 

  0x0000028194635594: ;   {runtime_call UncommonTrapBlob}
  0x0000028194635594: 6666 90e8 

  0x0000028194635598: ; ImmutableOopMap {rbp=Oop [0]=Oop [8]=Oop [16]=Oop [32]=Oop [56]=Oop [64]=Oop }
                      ;*checkcast {reexecute=0 rethrow=0 return_oop=0}
                      ; - com.seibel.distanthorizons.common.render.openGl.GlDhMetaRenderer_neoforge::bindLightmap@1 (line 453)
                      ; - com.seibel.distanthorizons.common.render.openGl.GlDhMetaRenderer_neoforge::runRenderPassSetup@102 (line 112)
                      ; - com.seibel.distanthorizons.core.render.renderer.LodRenderer::renderTerrain@99 (line 159)
  0x0000028194635598: 641d 82fd 

  0x000002819463559c: ;   {other}
  0x000002819463559c: 0f1f 8400 | 8c43 00a1 | bade ffff | ff44 8b44 | 2418 4489 | 4424 104c | 8b54 2428 | 4c89 5424 
  0x00000281946355bc: 184c 8b54 | 2430 4c89 | 5424 204c | 895c 2430 

  0x00000281946355cc: ;   {runtime_call UncommonTrapBlob}
  0x00000281946355cc: 6666 90e8 

  0x00000281946355d0: ; ImmutableOopMap {rbp=Oop [24]=Oop [32]=Oop [48]=Oop [56]=Oop [64]=Oop [72]=Oop }
                      ;*checkcast {reexecute=0 rethrow=0 return_oop=0}
                      ; - com.seibel.distanthorizons.core.render.renderer.LodRenderer::renderTerrain@261 (line 215)
  0x00000281946355d0: 2c1d 82fd 

  0x00000281946355d4: ;   {other}
  0x00000281946355d4: 0f1f 8400 | c443 00a2 | bade ffff | ff44 8b54 | 2418 4489 | 5424 104c | 8b54 2428 | 4c89 5424 
  0x00000281946355f4: 184c 8b54 | 2430 4c89 | 5424 204c | 895c 2430 

  0x0000028194635604: ;   {runtime_call UncommonTrapBlob}
  0x0000028194635604: 6666 90e8 

  0x0000028194635608: ; ImmutableOopMap {rbp=Oop [8]=Oop [24]=Oop [32]=Oop [48]=Oop [56]=Oop [64]=Oop }
                      ;*checkcast {reexecute=0 rethrow=0 return_oop=0}
                      ; - com.seibel.distanthorizons.core.render.renderer.LodRenderer::renderTerrain@294 (line 222)
  0x0000028194635608: f41c 82fd 

  0x000002819463560c: ;   {other}
  0x000002819463560c: 0f1f 8400 | fc43 00a3 | bade ffff | ff4c 8b44 | 2410 4c89 | 0424 4c8b | 4424 204c | 8944 2410 
  0x000002819463562c: 4c8b 4424 | 284c 8944 | 2420 4c8b | 4424 304c | 8944 2428 | 4c8b 4424 | 404c 8944 | 2430 4c8b 
  0x000002819463564c: 4424 504c | 8944 2440 | 4489 5424 | 1c4c 895c | 2458 4c89 

  0x0000028194635660: ;   {runtime_call UncommonTrapBlob}
  0x0000028194635660: 4c24 60e8 

  0x0000028194635664: ; ImmutableOopMap {rbp=Oop [0]=Oop [16]=Oop [32]=Oop [40]=Oop [48]=Oop [56]=Oop [64]=Oop [72]=Oop [88]=Oop [96]=Oop }
                      ;*checkcast {reexecute=0 rethrow=0 return_oop=0}
                      ; - org.lwjgl.system.MemoryStack::stackGet@6 (line 906)
                      ; - org.lwjgl.system.MemoryStack::stackPush@0 (line 915)
                      ; - com.seibel.distanthorizons.common.render.openGl.glObject.shader.GlShaderProgram::setUniform@0 (line 196)
                      ; - com.seibel.distanthorizons.common.render.openGl.postProcessing.ssao.GlDhSSAOShader_neoforge::onApplyUniforms@12 (line 107)
                      ; - com.seibel.distanthorizons.common.render.openGl.util.GlAbstractShaderRenderer::render@13 (line 81)
                      ; - com.seibel.distanthorizons.common.render.openGl.postProcessing.ssao.GlDhSSAORenderer_neoforge::render@90 (line 130)
                      ; - com.seibel.distanthorizons.core.render.renderer.LodRenderer::renderTerrain@316 (line 225)
  0x0000028194635664: 981c 82fd 

  0x0000028194635668: ;   {other}
  0x0000028194635668: 0f1f 8400 | 5844 00a4 | bade ffff | ff48 8b6c | 2410 4c8b | 4424 204c | 8944 2408 | 448b 4c24 
  0x0000028194635688: 1844 894c | 2410 4c8b | 4424 284c | 8944 2418 | 4c8b 4424 | 304c 8944 | 2420 4c8b | 4424 404c 
  0x00000281946356a8: 8944 2428 | 4c8b 4424 | 384c 8944 | 2430 4c8b | 4424 504c | 8944 2438 | 4c8b 4424 | 484c 8944 
  0x00000281946356c8: 2440 4c89 | 5c24 5044 | 8964 2414 | 4c89 5424 | 5848 894c 

  0x00000281946356dc: ;   {runtime_call UncommonTrapBlob}
  0x00000281946356dc: 2460 90e8 

  0x00000281946356e0: ; ImmutableOopMap {rbp=Oop [8]=Oop [24]=Oop [32]=Oop [40]=Oop [48]=Oop [56]=Oop [64]=Oop [80]=Oop [88]=Oop [96]=Oop }
                      ;*checkcast {reexecute=0 rethrow=0 return_oop=0}
                      ; - org.lwjgl.system.MemoryStack::stackGet@6 (line 906)
                      ; - org.lwjgl.system.MemoryStack::stackPush@0 (line 915)
                      ; - com.seibel.distanthorizons.common.render.openGl.glObject.shader.GlShaderProgram::setUniform@0 (line 196)
                      ; - com.seibel.distanthorizons.common.render.openGl.postProcessing.ssao.GlDhSSAOShader_neoforge::onApplyUniforms@27 (line 109)
                      ; - com.seibel.distanthorizons.common.render.openGl.util.GlAbstractShaderRenderer::render@13 (line 81)
                      ; - com.seibel.distanthorizons.common.render.openGl.postProcessing.ssao.GlDhSSAORenderer_neoforge::render@90 (line 130)
                      ; - com.seibel.distanthorizons.core.render.renderer.LodRenderer::renderTerrain@316 (line 225)
  0x00000281946356e0: 1c1c 82fd 

  0x00000281946356e4: ;   {other}
  0x00000281946356e4: 0f1f 8400 | d444 00a5 | bade ffff | ff48 8b6c | 2410 4c8b | 5424 204c | 8954 2408 | 448b 5424 
  0x0000028194635704: 1844 8954 | 2410 4c8b | 5424 284c | 8954 2418 | 4c8b 5424 | 304c 8954 | 2420 4889 

  0x0000028194635720: ;   {runtime_call UncommonTrapBlob}
  0x0000028194635720: 4424 30e8 

  0x0000028194635724: ; ImmutableOopMap {rbp=Oop [8]=Oop [24]=Oop [32]=Oop [48]=Oop [64]=Oop [80]=Oop }
                      ;*checkcast {reexecute=0 rethrow=0 return_oop=0}
                      ; - com.seibel.distanthorizons.core.render.renderer.LodRenderer::renderTerrain@327 (line 229)
  0x0000028194635724: d81b 82fd 

  0x0000028194635728: ;   {other}
  0x0000028194635728: 0f1f 8400 | 1845 00a6 | bade ffff | ff48 8b6c | 2410 4c8b | 5424 204c | 8954 2408 | 4889 4424 
  0x0000028194635748: ;   {runtime_call UncommonTrapBlob}
  0x0000028194635748: 2066 90e8 

  0x000002819463574c: ; ImmutableOopMap {rbp=Oop [8]=Oop [32]=Oop [40]=Oop [48]=Oop [80]=Oop }
                      ;*checkcast {reexecute=0 rethrow=0 return_oop=0}
                      ; - com.seibel.distanthorizons.core.render.renderer.LodRenderer::renderTerrain@365 (line 237)
  0x000002819463574c: b01b 82fd 

  0x0000028194635750: ;   {other}
  0x0000028194635750: 0f1f 8400 | 4045 00a7 | bade ffff | ff48 8b6c | 2410 4889 

  0x0000028194635764: ;   {runtime_call UncommonTrapBlob}
  0x0000028194635764: 4424 18e8 

  0x0000028194635768: ; ImmutableOopMap {rbp=Oop [24]=Oop [32]=Oop [40]=Oop [80]=Oop }
                      ;*checkcast {reexecute=0 rethrow=0 return_oop=0}
                      ; - com.seibel.distanthorizons.core.render.renderer.LodRenderer::renderTerrain@402 (line 244)
  0x0000028194635768: 941b 82fd 

  0x000002819463576c: ;   {other}
  0x000002819463576c: 0f1f 8400 | 5c45 00a8 | bade ffff | ff48 8944 

  0x000002819463577c: ;   {runtime_call UncommonTrapBlob}
  0x000002819463577c: 2418 90e8 

  0x0000028194635780: ; ImmutableOopMap {rbp=Oop [24]=Oop [32]=Oop [40]=Oop [80]=Oop }
                      ;*checkcast {reexecute=0 rethrow=0 return_oop=0}
                      ; - com.seibel.distanthorizons.core.render.renderer.LodRenderer::renderTerrain@442 (line 252)
  0x0000028194635780: 7c1b 82fd 

  0x0000028194635784: ;   {other}
  0x0000028194635784: 0f1f 8400 | 7445 00a9 | bade ffff | ff48 8944 

  0x0000028194635794: ;   {runtime_call UncommonTrapBlob}
  0x0000028194635794: 2418 90e8 

  0x0000028194635798: ; ImmutableOopMap {rbp=Oop [24]=Oop [32]=Oop [40]=Oop [80]=Oop }
                      ;*checkcast {reexecute=0 rethrow=0 return_oop=0}
                      ; - com.seibel.distanthorizons.core.render.renderer.LodRenderer::renderTerrain@483 (line 267)
  0x0000028194635798: 641b 82fd 

  0x000002819463579c: ;   {other}
  0x000002819463579c: 0f1f 8400 | 8c45 00aa | bade ffff | ff48 8beb | 4889 7424 | 0844 8b54 | 2418 4489 | 5424 104c 
  0x00000281946357bc: 895c 2418 | 4c89 6424 | 2048 894c | 2428 4889 | 7c24 304c | 894c 2438 | 4c89 4424 

  0x00000281946357d8: ;   {runtime_call UncommonTrapBlob}
  0x00000281946357d8: 4066 90e8 

  0x00000281946357dc: ; ImmutableOopMap {rbp=Oop [8]=Oop [24]=Oop [32]=Oop [40]=Oop [48]=Oop [56]=Oop [64]=Oop }
                      ;*checkcast {reexecute=0 rethrow=0 return_oop=0}
                      ; - com.seibel.distanthorizons.coreapi.DependencyInjection.OverrideInjector::get@8 (line 133)
                      ; - com.seibel.distanthorizons.common.render.openGl.GlDhMetaRenderer_neoforge::runRenderPassSetup@63 (line 103)
                      ; - com.seibel.distanthorizons.core.render.renderer.LodRenderer::renderTerrain@99 (line 159)
  0x00000281946357dc: 201b 82fd 

  0x00000281946357e0: ;   {other}
  0x00000281946357e0: 0f1f 8400 | d045 00ab | bade ffff | ff49 8be9 | 4c8b 5c24 | 484c 891c | 244c 8b5c | 2410 4c89 
  0x0000028194635800: 5c24 0844 | 8b5c 2418 | 4489 5c24 | 104c 8b5c | 2428 4c89 | 5c24 184c | 8b5c 2430 | 4c89 5c24 
  0x0000028194635820: 204c 8b5c | 2440 4c89 | 5c24 284c | 8964 2430 | 4c89 5424 

  0x0000028194635834: ;   {runtime_call UncommonTrapBlob}
  0x0000028194635834: 4066 90e8 

  0x0000028194635838: ; ImmutableOopMap {rbp=Oop [0]=Oop [8]=Oop [24]=Oop [32]=Oop [40]=Oop [48]=Oop [64]=Oop }
                      ;*checkcast {reexecute=0 rethrow=0 return_oop=0}
                      ; - com.seibel.distanthorizons.coreapi.DependencyInjection.OverrideInjector::get@8 (line 133)
                      ; - com.seibel.distanthorizons.common.render.openGl.GlDhMetaRenderer_neoforge::clearDhDepthAndColorTextures@5 (line 382)
                      ; - com.seibel.distanthorizons.core.render.renderer.LodRenderer::renderTerrain@219 (line 197)
  0x0000028194635838: c41a 82fd 

  0x000002819463583c: ;   {other}
  0x000002819463583c: 0f1f 8400 | 2c46 00ac | baf6 ffff | ff48 8b2c | 244c 890c | 2444 8954 

  0x0000028194635854: ;   {runtime_call UncommonTrapBlob}
  0x0000028194635854: 2408 90e8 

  0x0000028194635858: ; ImmutableOopMap {rbp=Oop [0]=Oop }
                      ;*getfield hasBeenValidated {reexecute=1 rethrow=0 return_oop=0}
                      ; - (reexecute) com.seibel.distanthorizons.core.render.renderer.LodRenderer::renderTerrain@30 (line 131)
  0x0000028194635858: a41a 82fd 

  0x000002819463585c: ;   {other}
  0x000002819463585c: 0f1f 8400 | 4c46 00ad | baf6 ffff | ff48 8b2c 

  0x000002819463586c: ;   {runtime_call UncommonTrapBlob}
  0x000002819463586c: 2466 90e8 

  0x0000028194635870: ; ImmutableOopMap {rbp=Oop [16]=Oop }
                      ;*invokeinterface push {reexecute=0 rethrow=0 return_oop=0}
                      ; - com.seibel.distanthorizons.core.render.renderer.LodRenderer::renderTerrain@59 (line 146)
  0x0000028194635870: 8c1a 82fd 

  0x0000028194635874: ;   {other}
  0x0000028194635874: 0f1f 8400 | 6446 00ae | baf6 ffff | ff48 8b2c | 244c 8b54 | 2410 4c89 | 1424 4889 

  0x0000028194635890: ;   {runtime_call UncommonTrapBlob}
  0x0000028194635890: 7424 08e8 

  0x0000028194635894: ; ImmutableOopMap {rbp=Oop [0]=Oop [8]=Oop }
                      ;*invokeinterface push {reexecute=0 rethrow=0 return_oop=0}
                      ; - com.seibel.distanthorizons.common.wrappers.minecraft.ProfilerWrapper_neoforge::push@5 (line 35)
                      ; - com.seibel.distanthorizons.core.render.renderer.LodRenderer::renderTerrain@59 (line 146)
  0x0000028194635894: 681a 82fd 

  0x0000028194635898: ;   {other}
  0x0000028194635898: 0f1f 8400 | 8846 00af | baf6 ffff | ff48 8beb | 4889 7424 | 0844 8b44 | 2418 4489 | 4424 104c 
  0x00000281946358b8: 895c 2418 | 4c89 6424 | 2048 894c | 2428 4c89 

  0x00000281946358c8: ;   {runtime_call UncommonTrapBlob}
  0x00000281946358c8: 4c24 30e8 

  0x00000281946358cc: ; ImmutableOopMap {rbp=Oop [8]=Oop [24]=Oop [32]=Oop [40]=Oop [48]=Oop }
                      ;*invokeinterface runRenderPassSetup {reexecute=0 rethrow=0 return_oop=0}
                      ; - com.seibel.distanthorizons.core.render.renderer.LodRenderer::renderTerrain@99 (line 159)
  0x00000281946358cc: 301a 82fd 

  0x00000281946358d0: ;   {other}
  0x00000281946358d0: 0f1f 8400 | c046 00b0 | baf6 ffff | ff48 8beb | 4c89 0c24 | 4889 7424 | 0844 8b54 | 2418 4489 
  0x00000281946358f0: 5424 104c | 895c 2418 | 4c89 6424 | 2048 894c 

  0x0000028194635900: ;   {runtime_call UncommonTrapBlob}
  0x0000028194635900: 2428 90e8 

  0x0000028194635904: ; ImmutableOopMap {rbp=Oop [0]=Oop [8]=Oop [24]=Oop [32]=Oop [40]=Oop }
                      ;*invokevirtual get {reexecute=0 rethrow=0 return_oop=0}
                      ; - com.seibel.distanthorizons.coreapi.DependencyInjection.OverrideInjector::get@5 (line 133)
                      ; - com.seibel.distanthorizons.common.render.openGl.GlDhMetaRenderer_neoforge::runRenderPassSetup@63 (line 103)
                      ; - com.seibel.distanthorizons.core.render.renderer.LodRenderer::renderTerrain@99 (line 159)
  0x0000028194635904: f819 82fd 

  0x0000028194635908: ;   {other}
  0x0000028194635908: 0f1f 8400 | f846 00b1 | baf4 ffff | ff48 8b6c | 2408 48ff | 7424 1048 | 8f04 2444 | 8b54 2418 
  0x0000028194635928: 4489 5424 | 104c 8b54 | 2428 4c89 

  0x0000028194635934: ;   {runtime_call UncommonTrapBlob}
  0x0000028194635934: 5424 18e8 

  0x0000028194635938: ; ImmutableOopMap {rbp=Oop [0]=Oop [24]=Oop [48]=Oop [56]=Oop [64]=Oop }
                      ;*checkcast {reexecute=0 rethrow=0 return_oop=0}
                      ; - com.seibel.distanthorizons.common.render.openGl.GlDhMetaRenderer_neoforge::bindLightmap@1 (line 453)
                      ; - com.seibel.distanthorizons.common.render.openGl.GlDhMetaRenderer_neoforge::runRenderPassSetup@102 (line 112)
                      ; - com.seibel.distanthorizons.core.render.renderer.LodRenderer::renderTerrain@99 (line 159)
  0x0000028194635938: c419 82fd 

  0x000002819463593c: ;   {other}
  0x000002819463593c: 0f1f 8400 | 2c47 00b2 | baf6 ffff | ff48 8b6c | 2408 448b | 5c24 1844 | 895c 2410 | 4c8b 5424 
  0x000002819463595c: 284c 8954 

  0x0000028194635960: ;   {runtime_call UncommonTrapBlob}
  0x0000028194635960: 2418 90e8 

  0x0000028194635964: ; ImmutableOopMap {rbp=Oop [24]=Oop [48]=Oop [56]=Oop [64]=Oop [72]=Oop }
                      ;*getfield binding {reexecute=1 rethrow=0 return_oop=0}
                      ; - (reexecute) com.mojang.blaze3d.platform.GlStateManager::_bindTexture@11 (line 547)
                      ; - com.seibel.distanthorizons.common.wrappers.minecraft.MinecraftGLWrapper::glBindTexture@8 (line 225)
                      ; - com.seibel.distanthorizons.common.render.openGl.GlDhMetaRenderer_neoforge::bindLightmap@21 (line 455)
                      ; - com.seibel.distanthorizons.common.render.openGl.GlDhMetaRenderer_neoforge::runRenderPassSetup@102 (line 112)
                      ; - com.seibel.distanthorizons.core.render.renderer.LodRenderer::renderTerrain@99 (line 159)
  0x0000028194635964: 9819 82fd 

  0x0000028194635968: ;   {other}
  0x0000028194635968: 0f1f 8400 | 5847 00b3 | baf6 ffff | ff44 8b54 | 2418 4489 | 5424 104c | 8b54 2428 | 4c89 5424 
  0x0000028194635988: ;   {runtime_call UncommonTrapBlob}
  0x0000028194635988: 1866 90e8 

  0x000002819463598c: ; ImmutableOopMap {rbp=Oop [24]=Oop [48]=Oop [56]=Oop [64]=Oop [72]=Oop }
                      ;*invokeinterface popPush {reexecute=0 rethrow=0 return_oop=0}
                      ; - com.seibel.distanthorizons.common.wrappers.minecraft.ProfilerWrapper_neoforge::popPush@5 (line 42)
                      ; - com.seibel.distanthorizons.core.render.renderer.LodRenderer::renderTerrain@175 (line 179)
  0x000002819463598c: 7019 82fd 

  0x0000028194635990: ;   {other}
  0x0000028194635990: 0f1f 8400 | 8047 00b4 | baf6 ffff | ff4c 8b54 | 2448 4c89 | 1424 4c8b | 5424 104c | 8954 2408 
  0x00000281946359b0: 448b 5424 | 1844 8954 | 2410 4c8b | 5424 284c | 8954 2418 

  0x00000281946359c4: ;   {runtime_call UncommonTrapBlob}
  0x00000281946359c4: 6666 90e8 

  0x00000281946359c8: ; ImmutableOopMap {rbp=Oop [0]=Oop [8]=Oop [24]=Oop [56]=Oop [64]=Oop }
                      ;*invokeinterface clearDhDepthAndColorTextures {reexecute=0 rethrow=0 return_oop=0}
                      ; - com.seibel.distanthorizons.core.render.renderer.LodRenderer::renderTerrain@219 (line 197)
  0x00000281946359c8: 3419 82fd 

  0x00000281946359cc: ;   {other}
  0x00000281946359cc: 0f1f 8400 | bc47 00b5 | baf6 ffff | ff4c 8b54 | 2410 4c89 | 5424 0844 | 8b54 2418 | 4489 5424 
  0x00000281946359ec: 104c 8b54 | 2428 4c89 

  0x00000281946359f4: ;   {runtime_call UncommonTrapBlob}
  0x00000281946359f4: 5424 18e8 

  0x00000281946359f8: ; ImmutableOopMap {rbp=Oop [8]=Oop [24]=Oop [56]=Oop [64]=Oop [72]=Oop }
                      ;*invokevirtual get {reexecute=0 rethrow=0 return_oop=0}
                      ; - com.seibel.distanthorizons.coreapi.DependencyInjection.OverrideInjector::get@5 (line 133)
                      ; - com.seibel.distanthorizons.common.render.openGl.GlDhMetaRenderer_neoforge::clearDhDepthAndColorTextures@5 (line 382)
                      ; - com.seibel.distanthorizons.core.render.renderer.LodRenderer::renderTerrain@219 (line 197)
  0x00000281946359f8: 0419 82fd 

  0x00000281946359fc: ;   {other}
  0x00000281946359fc: 0f1f 8400 | ec47 00b6 | baf6 ffff | ff48 8b6c | 2408 4c8b | 5424 104c | 8954 2408 | 448b 5c24 
  0x0000028194635a1c: 1844 895c | 2410 4c8b | 5424 284c | 8954 2418 

  0x0000028194635a2c: ;   {runtime_call UncommonTrapBlob}
  0x0000028194635a2c: 6666 90e8 

  0x0000028194635a30: ; ImmutableOopMap {rbp=Oop [8]=Oop [24]=Oop [48]=Oop [56]=Oop [64]=Oop }
                      ;*invokeinterface get {reexecute=0 rethrow=0 return_oop=0}
                      ; - org.lwjgl.opengl.GL::getICD@3 (line 689)
                      ; - org.lwjgl.opengl.GL11C::glGetFloatv@0 (line 2245)
                      ; - org.lwjgl.opengl.GL11::glGetFloatv@2 (line 8342)
                      ; - com.seibel.distanthorizons.common.render.openGl.GlDhMetaRenderer_neoforge::clearDhDepthAndColorTextures@52 (line 393)
                      ; - com.seibel.distanthorizons.core.render.renderer.LodRenderer::renderTerrain@219 (line 197)
  0x0000028194635a30: cc18 82fd 

  0x0000028194635a34: ;   {other}
  0x0000028194635a34: 0f1f 8400 | 2448 00b7 | baf6 ffff | ff48 8b6c | 2408 4c89 | 5c24 0844 | 8b5c 2418 | 4489 5c24 
  0x0000028194635a54: 104c 8b54 | 2428 4c89 

  0x0000028194635a5c: ;   {runtime_call UncommonTrapBlob}
  0x0000028194635a5c: 5424 18e8 

  0x0000028194635a60: ; ImmutableOopMap {rbp=Oop [8]=Oop [24]=Oop [48]=Oop [56]=Oop [64]=Oop }
                      ;*invokeinterface popPush {reexecute=0 rethrow=0 return_oop=0}
                      ; - com.seibel.distanthorizons.common.wrappers.minecraft.ProfilerWrapper_neoforge::popPush@5 (line 42)
                      ; - com.seibel.distanthorizons.core.render.renderer.LodRenderer::renderTerrain@227 (line 208)
  0x0000028194635a60: 9c18 82fd 

  0x0000028194635a64: ;   {other}
  0x0000028194635a64: 0f1f 8400 | 5448 00b8 | baf6 ffff | ff4c 8b54 | 2438 4c89 | 1424 4c8b | 5424 104c | 8954 2408 
  0x0000028194635a84: 448b 5c24 | 1844 895c | 2410 4c8b | 5424 284c | 8954 2418 | 4c89 4c24 | 204c 8b54 | 2440 4c89 
  0x0000028194635aa4: 5424 2848 | 897c 2438 

  0x0000028194635aac: ;   {runtime_call UncommonTrapBlob}
  0x0000028194635aac: 6666 90e8 

  0x0000028194635ab0: ; ImmutableOopMap {rbp=Oop [0]=Oop [8]=Oop [24]=Oop [32]=Oop [40]=Oop [56]=Oop }
                      ;*invokeinterface render {reexecute=0 rethrow=0 return_oop=0}
                      ; - com.seibel.distanthorizons.core.render.renderer.LodRenderer::renderTerrain@19 (line 345)
                      ; - com.seibel.distanthorizons.core.render.renderer.LodRenderer::renderTerrain@252 (line 212)
  0x0000028194635ab0: 4c18 82fd 

  0x0000028194635ab4: ;   {other}
  0x0000028194635ab4: 0f1f 8400 | a448 00b9 | baf6 ffff | ff44 8b5c | 2418 4489 | 5c24 104c | 8b54 2428 | 4c89 5424 
  0x0000028194635ad4: ;   {runtime_call UncommonTrapBlob}
  0x0000028194635ad4: 1866 90e8 

  0x0000028194635ad8: ; ImmutableOopMap {rbp=Oop [24]=Oop [48]=Oop [56]=Oop [64]=Oop [72]=Oop }
                      ;*invokevirtual get {reexecute=0 rethrow=0 return_oop=0}
                      ; - com.seibel.distanthorizons.core.render.renderer.LodRenderer::renderTerrain@258 (line 215)
  0x0000028194635ad8: 2418 82fd 

  0x0000028194635adc: ;   {other}
  0x0000028194635adc: 0f1f 8400 | cc48 00ba | baf4 ffff | ff44 8b5c | 2418 4489 | 5c24 104c | 8b54 2428 | 4c89 5424 
  0x0000028194635afc: ;   {runtime_call UncommonTrapBlob}
  0x0000028194635afc: 1866 90e8 

  0x0000028194635b00: ; ImmutableOopMap {rbp=Oop [24]=Oop [48]=Oop [56]=Oop [64]=Oop [72]=Oop }
                      ;*checkcast {reexecute=0 rethrow=0 return_oop=0}
                      ; - com.seibel.distanthorizons.core.render.renderer.LodRenderer::renderTerrain@261 (line 215)
  0x0000028194635b00: fc17 82fd 

  0x0000028194635b04: ;   {other}
  0x0000028194635b04: 0f1f 8400 | f448 00bb | baf6 ffff | ff44 8b54 | 2418 4489 | 5424 104c | 8b54 2428 | 4c89 5424 
  0x0000028194635b24: ;   {runtime_call UncommonTrapBlob}
  0x0000028194635b24: 1866 90e8 

  0x0000028194635b28: ; ImmutableOopMap {rbp=Oop [24]=Oop [48]=Oop [56]=Oop [64]=Oop [72]=Oop }
                      ;*invokeinterface popPush {reexecute=0 rethrow=0 return_oop=0}
                      ; - com.seibel.distanthorizons.common.wrappers.minecraft.ProfilerWrapper_neoforge::popPush@5 (line 42)
                      ; - com.seibel.distanthorizons.core.render.renderer.LodRenderer::renderTerrain@273 (line 217)
  0x0000028194635b28: d417 82fd 

  0x0000028194635b2c: ;   {other}
  0x0000028194635b2c: 0f1f 8400 | 1c49 00bc | baf6 ffff | ff4c 8b5c | 2438 4c89 | 1c24 448b | 5c24 1844 | 895c 2410 
  0x0000028194635b4c: 4c8b 5c24 | 284c 895c | 2418 4c8b | 5c24 304c | 895c 2420 | 4c89 5424 

  0x0000028194635b64: ;   {runtime_call UncommonTrapBlob}
  0x0000028194635b64: 3066 90e8 

  0x0000028194635b68: ; ImmutableOopMap {rbp=Oop [0]=Oop [24]=Oop [32]=Oop [48]=Oop }
                      ;*invokeinterface render {reexecute=0 rethrow=0 return_oop=0}
                      ; - com.seibel.distanthorizons.core.render.renderer.LodRenderer::renderTerrain@283 (line 218)
  0x0000028194635b68: 9417 82fd 

  0x0000028194635b6c: ;   {other}
  0x0000028194635b6c: 0f1f 8400 | 5c49 00bd | baf6 ffff | ff44 8b54 | 2418 4489 | 5424 104c | 8b54 2428 | 4c89 5424 
  0x0000028194635b8c: ;   {runtime_call UncommonTrapBlob}
  0x0000028194635b8c: 1866 90e8 

  0x0000028194635b90: ; ImmutableOopMap {rbp=Oop [8]=Oop [24]=Oop [48]=Oop [56]=Oop [64]=Oop }
                      ;*invokevirtual get {reexecute=0 rethrow=0 return_oop=0}
                      ; - com.seibel.distanthorizons.core.render.renderer.LodRenderer::renderTerrain@291 (line 222)
  0x0000028194635b90: 6c17 82fd 

  0x0000028194635b94: ;   {other}
  0x0000028194635b94: 0f1f 8400 | 8449 00be | baf4 ffff | ff44 8b54 | 2418 4489 | 5424 104c | 8b54 2428 | 4c89 5424 
  0x0000028194635bb4: ;   {runtime_call UncommonTrapBlob}
  0x0000028194635bb4: 1866 90e8 

  0x0000028194635bb8: ; ImmutableOopMap {rbp=Oop [8]=Oop [24]=Oop [48]=Oop [56]=Oop [64]=Oop }
                      ;*checkcast {reexecute=0 rethrow=0 return_oop=0}
                      ; - com.seibel.distanthorizons.core.render.renderer.LodRenderer::renderTerrain@294 (line 222)
  0x0000028194635bb8: 4417 82fd 

  0x0000028194635bbc: ;   {other}
  0x0000028194635bbc: 0f1f 8400 | ac49 00bf | baf6 ffff | ff44 8b54 | 2418 4489 | 5424 104c | 8b54 2428 | 4c89 5424 
  0x0000028194635bdc: ;   {runtime_call UncommonTrapBlob}
  0x0000028194635bdc: 1866 90e8 

  0x0000028194635be0: ; ImmutableOopMap {rbp=Oop [8]=Oop [24]=Oop [48]=Oop [56]=Oop [64]=Oop }
                      ;*invokeinterface popPush {reexecute=0 rethrow=0 return_oop=0}
                      ; - com.seibel.distanthorizons.common.wrappers.minecraft.ProfilerWrapper_neoforge::popPush@5 (line 42)
                      ; - com.seibel.distanthorizons.core.render.renderer.LodRenderer::renderTerrain@306 (line 224)
  0x0000028194635be0: 1c17 82fd 

  0x0000028194635be4: ;   {other}
  0x0000028194635be4: 0f1f 8400 | d449 00c0 | baf6 ffff | ff4c 8b5c | 2438 448b | 5424 1844 | 8954 2410 | 4c8b 5424 
  0x0000028194635c04: 284c 8954 | 2418 4c8b | 5424 304c | 8954 2420 | 4c89 5c24 

  0x0000028194635c18: ;   {runtime_call UncommonTrapBlob}
  0x0000028194635c18: 3066 90e8 

  0x0000028194635c1c: ; ImmutableOopMap {rbp=Oop [8]=Oop [24]=Oop [32]=Oop [48]=Oop [56]=Oop [64]=Oop }
                      ;*invokeinterface render {reexecute=0 rethrow=0 return_oop=0}
                      ; - com.seibel.distanthorizons.core.render.renderer.LodRenderer::renderTerrain@316 (line 225)
  0x0000028194635c1c: e016 82fd 

  0x0000028194635c20: ;   {other}
  0x0000028194635c20: 0f1f 8400 | 104a 00c1 | baf6 ffff | ff48 8b6c | 2410 4c8b | 5c24 204c | 895c 2408 | 448b 5c24 
  0x0000028194635c40: 1844 895c | 2410 4c8b | 5c24 284c | 895c 2418 | 4c8b 5c24 | 304c 895c | 2420 4c8b | 5c24 404c 
  0x0000028194635c60: 895c 2428 | 4c89 5424 

  0x0000028194635c68: ;   {runtime_call UncommonTrapBlob}
  0x0000028194635c68: 3066 90e8 

  0x0000028194635c6c: ; ImmutableOopMap {rbp=Oop [8]=Oop [24]=Oop [32]=Oop [40]=Oop [48]=Oop [56]=Oop [72]=Oop }
                      ;*getfield viewWidth {reexecute=1 rethrow=0 return_oop=0}
                      ; - (reexecute) com.seibel.distanthorizons.common.wrappers.minecraft.MinecraftRenderWrapper_neoforge::getTargetFramebufferViewportWidth@4 (line 452)
                      ; - com.seibel.distanthorizons.common.render.openGl.postProcessing.ssao.GlDhSSAORenderer_neoforge::render@15 (line 119)
                      ; - com.seibel.distanthorizons.core.render.renderer.LodRenderer::renderTerrain@316 (line 225)
  0x0000028194635c6c: 9016 82fd 

  0x0000028194635c70: ;   {other}
  0x0000028194635c70: 0f1f 8400 | 604a 00c2 | baf6 ffff | ff48 8b6c | 2410 4c8b | 5c24 204c | 895c 2408 | 448b 4424 
  0x0000028194635c90: 1844 8944 | 2410 4c8b | 5c24 284c | 895c 2418 | 4c8b 5c24 | 304c 895c | 2420 4c8b | 5c24 404c 
  0x0000028194635cb0: 895c 2428 | 4c89 5424 | 3048 894c 

  0x0000028194635cbc: ;   {runtime_call UncommonTrapBlob}
  0x0000028194635cbc: 2438 90e8 

  0x0000028194635cc0: ; ImmutableOopMap {rbp=Oop [8]=Oop [24]=Oop [32]=Oop [40]=Oop [48]=Oop [56]=Oop [72]=Oop }
                      ;*getfield m00 {reexecute=1 rethrow=0 return_oop=0}
                      ; - (reexecute) com.seibel.distanthorizons.api.objects.math.DhApiMat4f::<init>@6 (line 70)
                      ; - com.seibel.distanthorizons.core.util.math.Mat4f::<init>@2 (line 44)
                      ; - com.seibel.distanthorizons.common.render.openGl.postProcessing.ssao.GlDhSSAOShader_neoforge::setProjectionMatrix@6 (line 98)
                      ; - com.seibel.distanthorizons.common.render.openGl.postProcessing.ssao.GlDhSSAORenderer_neoforge::render@83 (line 129)
                      ; - com.seibel.distanthorizons.core.render.renderer.LodRenderer::renderTerrain@316 (line 225)
  0x0000028194635cc0: 3c16 82fd 

  0x0000028194635cc4: ;   {other}
  0x0000028194635cc4: 0f1f 8400 | b44a 00c3 | baf6 ffff | ff48 8b6c | 2410 4c8b | 5424 204c | 8954 2408 | 448b 5424 
  0x0000028194635ce4: 1844 8954 | 2410 4c8b | 5424 284c | 8954 2418 | 4c8b 5424 | 304c 8954 | 2420 4c8b | 5424 404c 
  0x0000028194635d04: 8954 2428 | 4c8b 5424 | 384c 8954 | 2430 4c8b | 5424 484c | 8954 2440 

  0x0000028194635d1c: ;   {runtime_call UncommonTrapBlob}
  0x0000028194635d1c: 6666 90e8 

  0x0000028194635d20: ; ImmutableOopMap {rbp=Oop [8]=Oop [24]=Oop [32]=Oop [40]=Oop [48]=Oop [64]=Oop [80]=Oop }
                      ;*invokevirtual render {reexecute=0 rethrow=0 return_oop=0}
                      ; - com.seibel.distanthorizons.common.render.openGl.postProcessing.ssao.GlDhSSAORenderer_neoforge::render@90 (line 130)
                      ; - com.seibel.distanthorizons.core.render.renderer.LodRenderer::renderTerrain@316 (line 225)
  0x0000028194635d20: dc15 82fd 

  0x0000028194635d24: ;   {other}
  0x0000028194635d24: 0f1f 8400 | 144b 00c4 | baf6 ffff | ff48 8b6c | 2410 4c8b | 5424 204c | 8954 2408 | 448b 5c24 
  0x0000028194635d44: 1844 895c | 2410 4c8b | 5424 284c | 8954 2418 | 4c8b 5424 | 304c 8954 | 2420 4c8b | 5424 404c 
  0x0000028194635d64: 8954 2428 | 4c8b 5424 | 384c 8954 

  0x0000028194635d70: ;   {runtime_call UncommonTrapBlob}
  0x0000028194635d70: 2430 90e8 

  0x0000028194635d74: ; ImmutableOopMap {rbp=Oop [8]=Oop [24]=Oop [32]=Oop [40]=Oop [48]=Oop [72]=Oop [80]=Oop }
                      ;*invokevirtual bind {reexecute=0 rethrow=0 return_oop=0}
                      ; - com.seibel.distanthorizons.common.render.openGl.util.GlAbstractShaderRenderer::render@8 (line 79)
                      ; - com.seibel.distanthorizons.common.render.openGl.postProcessing.ssao.GlDhSSAORenderer_neoforge::render@90 (line 130)
                      ; - com.seibel.distanthorizons.core.render.renderer.LodRenderer::renderTerrain@316 (line 225)
  0x0000028194635d74: 8815 82fd 

  0x0000028194635d78: ;   {other}
  0x0000028194635d78: 0f1f 8400 | 684b 00c5 | baf4 ffff | ff48 ff74 | 2410 488f | 0424 4c8b | 4424 204c | 8944 2410 
  0x0000028194635d98: 4c8b 4424 | 284c 8944 | 2420 4c8b | 4424 304c | 8944 2428 | 4c8b 4424 | 404c 8944 | 2430 4c8b 
  0x0000028194635db8: 4424 504c | 8944 2440 | 4489 5424 | 1c4c 895c 

  0x0000028194635dc8: ;   {runtime_call UncommonTrapBlob}
  0x0000028194635dc8: 2458 90e8 

  0x0000028194635dcc: ; ImmutableOopMap {rbp=Oop [0]=Oop [16]=Oop [32]=Oop [40]=Oop [48]=Oop [56]=Oop [64]=Oop [72]=Oop [88]=Oop }
                      ;*checkcast {reexecute=0 rethrow=0 return_oop=0}
                      ; - org.lwjgl.system.MemoryStack::stackGet@6 (line 906)
                      ; - org.lwjgl.system.MemoryStack::stackPush@0 (line 915)
                      ; - com.seibel.distanthorizons.common.render.openGl.glObject.shader.GlShaderProgram::setUniform@0 (line 196)
                      ; - com.seibel.distanthorizons.common.render.openGl.postProcessing.ssao.GlDhSSAOShader_neoforge::onApplyUniforms@12 (line 107)
                      ; - com.seibel.distanthorizons.common.render.openGl.util.GlAbstractShaderRenderer::render@13 (line 81)
                      ; - com.seibel.distanthorizons.common.render.openGl.postProcessing.ssao.GlDhSSAORenderer_neoforge::render@90 (line 130)
                      ; - com.seibel.distanthorizons.core.render.renderer.LodRenderer::renderTerrain@316 (line 225)
  0x0000028194635dcc: 3015 82fd 

  0x0000028194635dd0: ;   {other}
  0x0000028194635dd0: 0f1f 8400 | c04b 00c6 | baf6 ffff | ff48 ff74 | 2410 488f | 0424 4c8b | 4424 204c | 8944 2410 
  0x0000028194635df0: 4c8b 4424 | 284c 8944 | 2420 4c8b | 4424 304c | 8944 2428 | 4c8b 4424 | 404c 8944 | 2430 4c8b 
  0x0000028194635e10: 4424 504c | 8944 2440 | 4489 5424 | 1c4c 895c 

  0x0000028194635e20: ;   {runtime_call UncommonTrapBlob}
  0x0000028194635e20: 2458 90e8 

  0x0000028194635e24: ; ImmutableOopMap {rbp=Oop [0]=Oop [16]=Oop [32]=Oop [40]=Oop [48]=Oop [56]=Oop [64]=Oop [72]=Oop [88]=Oop }
                      ;*arraylength {reexecute=0 rethrow=0 return_oop=0}
                      ; - org.lwjgl.system.MemoryStack::push@8 (line 134)
                      ; - org.lwjgl.system.MemoryStack::stackPush@3 (line 915)
                      ; - com.seibel.distanthorizons.common.render.openGl.glObject.shader.GlShaderProgram::setUniform@0 (line 196)
                      ; - com.seibel.distanthorizons.common.render.openGl.postProcessing.ssao.GlDhSSAOShader_neoforge::onApplyUniforms@12 (line 107)
                      ; - com.seibel.distanthorizons.common.render.openGl.util.GlAbstractShaderRenderer::render@13 (line 81)
                      ; - com.seibel.distanthorizons.common.render.openGl.postProcessing.ssao.GlDhSSAORenderer_neoforge::render@90 (line 130)
                      ; - com.seibel.distanthorizons.core.render.renderer.LodRenderer::renderTerrain@316 (line 225)
  0x0000028194635e24: d814 82fd 

  0x0000028194635e28: ;   {other}
  0x0000028194635e28: 0f1f 8400 | 184c 00c7 | baf6 ffff | ff4c 8b5c | 2410 4c89 | 1c24 4c8b | 5c24 204c | 895c 2410 
  0x0000028194635e48: 4c8b 5c24 | 284c 895c | 2420 4c8b | 5c24 304c | 895c 2428 | 4c8b 5c24 | 404c 895c | 2430 4c8b 
  0x0000028194635e68: 5c24 504c | 895c 2440 | 4489 5424 | 1c4c 894c | 2458 4889 

  0x0000028194635e7c: ;   {runtime_call UncommonTrapBlob}
  0x0000028194635e7c: 7c24 60e8 

  0x0000028194635e80: ; ImmutableOopMap {rbp=Oop [0]=Oop [16]=Oop [32]=Oop [40]=Oop [48]=Oop [56]=Oop [64]=Oop [72]=Oop [88]=Oop }
                      ;*invokevirtual store {reexecute=0 rethrow=0 return_oop=0}
                      ; - com.seibel.distanthorizons.common.render.openGl.glObject.shader.GlShaderProgram::setUniform@15 (line 199)
                      ; - com.seibel.distanthorizons.common.render.openGl.postProcessing.ssao.GlDhSSAOShader_neoforge::onApplyUniforms@12 (line 107)
                      ; - com.seibel.distanthorizons.common.render.openGl.util.GlAbstractShaderRenderer::render@13 (line 81)
                      ; - com.seibel.distanthorizons.common.render.openGl.postProcessing.ssao.GlDhSSAORenderer_neoforge::render@90 (line 130)
                      ; - com.seibel.distanthorizons.core.render.renderer.LodRenderer::renderTerrain@316 (line 225)
  0x0000028194635e80: 7c14 82fd 

  0x0000028194635e84: ;   {other}
  0x0000028194635e84: 0f1f 8400 | 744c 00c8 | baf6 ffff | ff48 8b6c | 2410 4c8b | 5c24 204c | 895c 2408 | 448b 4424 
  0x0000028194635ea4: 1844 8944 | 2410 4c8b | 5c24 284c | 895c 2418 | 4c8b 5c24 | 304c 895c | 2420 4c8b | 5c24 404c 
  0x0000028194635ec4: 895c 2428 | 4c8b 5c24 | 384c 895c | 2430 4c8b | 5c24 504c | 895c 2438 | 4c8b 5c24 | 484c 895c 
  0x0000028194635ee4: 2440 4c8b | 5c24 584c | 895c 2450 | 4489 5424 

  0x0000028194635ef4: ;   {runtime_call UncommonTrapBlob}
  0x0000028194635ef4: 1466 90e8 

  0x0000028194635ef8: ; ImmutableOopMap {rbp=Oop [8]=Oop [24]=Oop [32]=Oop [40]=Oop [48]=Oop [56]=Oop [64]=Oop [80]=Oop [88]=Oop }
                      ;*iaload {reexecute=0 rethrow=0 return_oop=0}
                      ; - org.lwjgl.system.MemoryStack::pop@16 (line 155)
                      ; - org.lwjgl.system.MemoryStack::close@1 (line 168)
                      ; - com.seibel.distanthorizons.common.render.openGl.glObject.shader.GlShaderProgram::setUniform@30 (line 201)
                      ; - com.seibel.distanthorizons.common.render.openGl.postProcessing.ssao.GlDhSSAOShader_neoforge::onApplyUniforms@12 (line 107)
                      ; - com.seibel.distanthorizons.common.render.openGl.util.GlAbstractShaderRenderer::render@13 (line 81)
                      ; - com.seibel.distanthorizons.common.render.openGl.postProcessing.ssao.GlDhSSAORenderer_neoforge::render@90 (line 130)
                      ; - com.seibel.distanthorizons.core.render.renderer.LodRenderer::renderTerrain@316 (line 225)
  0x0000028194635ef8: 0414 82fd 

  0x0000028194635efc: ;   {other}
  0x0000028194635efc: 0f1f 8400 | ec4c 00c9 | baf4 ffff | ff48 8b6c | 2410 4c8b | 4424 204c | 8944 2408 | 448b 4c24 
  0x0000028194635f1c: 1844 894c | 2410 4c8b | 4424 284c | 8944 2418 | 4c8b 4424 | 304c 8944 | 2420 4c8b | 4424 404c 
  0x0000028194635f3c: 8944 2428 | 4c8b 4424 | 384c 8944 | 2430 4c8b | 4424 504c | 8944 2438 | 4c8b 4424 | 484c 8944 
  0x0000028194635f5c: 2440 4c89 | 5c24 5044 | 8964 2414 | 4c89 5424 

  0x0000028194635f6c: ;   {runtime_call UncommonTrapBlob}
  0x0000028194635f6c: 5866 90e8 

  0x0000028194635f70: ; ImmutableOopMap {rbp=Oop [8]=Oop [24]=Oop [32]=Oop [40]=Oop [48]=Oop [56]=Oop [64]=Oop [80]=Oop [88]=Oop }
                      ;*checkcast {reexecute=0 rethrow=0 return_oop=0}
                      ; - org.lwjgl.system.MemoryStack::stackGet@6 (line 906)
                      ; - org.lwjgl.system.MemoryStack::stackPush@0 (line 915)
                      ; - com.seibel.distanthorizons.common.render.openGl.glObject.shader.GlShaderProgram::setUniform@0 (line 196)
                      ; - com.seibel.distanthorizons.common.render.openGl.postProcessing.ssao.GlDhSSAOShader_neoforge::onApplyUniforms@27 (line 109)
                      ; - com.seibel.distanthorizons.common.render.openGl.util.GlAbstractShaderRenderer::render@13 (line 81)
                      ; - com.seibel.distanthorizons.common.render.openGl.postProcessing.ssao.GlDhSSAORenderer_neoforge::render@90 (line 130)
                      ; - com.seibel.distanthorizons.core.render.renderer.LodRenderer::renderTerrain@316 (line 225)
  0x0000028194635f70: 8c13 82fd 

  0x0000028194635f74: ;   {other}
  0x0000028194635f74: 0f1f 8400 | 644d 00ca | baf6 ffff | ff48 8b6c | 2410 4c8b | 4424 204c | 8944 2408 | 448b 4424 
  0x0000028194635f94: 1844 8944 | 2410 4c8b | 4424 284c | 8944 2418 | 4c8b 4424 | 304c 8944 | 2420 4c8b | 4424 404c 
  0x0000028194635fb4: 8944 2428 | 4c8b 4424 | 384c 8944 | 2430 4c8b | 4424 504c | 8944 2438 | 4c8b 4424 | 484c 8944 
  0x0000028194635fd4: 2440 4c89 | 5c24 5044 | 8964 2414 | 4c89 5424 

  0x0000028194635fe4: ;   {runtime_call UncommonTrapBlob}
  0x0000028194635fe4: 5866 90e8 

  0x0000028194635fe8: ; ImmutableOopMap {rbp=Oop [8]=Oop [24]=Oop [32]=Oop [40]=Oop [48]=Oop [56]=Oop [64]=Oop [80]=Oop [88]=Oop }
                      ;*arraylength {reexecute=0 rethrow=0 return_oop=0}
                      ; - org.lwjgl.system.MemoryStack::push@8 (line 134)
                      ; - org.lwjgl.system.MemoryStack::stackPush@3 (line 915)
                      ; - com.seibel.distanthorizons.common.render.openGl.glObject.shader.GlShaderProgram::setUniform@0 (line 196)
                      ; - com.seibel.distanthorizons.common.render.openGl.postProcessing.ssao.GlDhSSAOShader_neoforge::onApplyUniforms@27 (line 109)
                      ; - com.seibel.distanthorizons.common.render.openGl.util.GlAbstractShaderRenderer::render@13 (line 81)
                      ; - com.seibel.distanthorizons.common.render.openGl.postProcessing.ssao.GlDhSSAORenderer_neoforge::render@90 (line 130)
                      ; - com.seibel.distanthorizons.core.render.renderer.LodRenderer::renderTerrain@316 (line 225)
  0x0000028194635fe8: 1413 82fd 

  0x0000028194635fec: ;   {other}
  0x0000028194635fec: 0f1f 8400 | dc4d 00cb | baf6 ffff | ff48 8b6c | 2410 4c8b | 5424 204c | 8954 2408 | 448b 4424 
  0x000002819463600c: 1844 8944 | 2410 4c8b | 5424 284c | 8954 2418 | 4c8b 5424 | 304c 8954 | 2420 4c8b | 5424 404c 
  0x000002819463602c: 8954 2428 | 4c8b 5424 | 384c 8954 | 2430 4c8b | 5424 504c | 8954 2438 | 4c8b 5424 | 484c 8954 
  0x000002819463604c: 2440 4c89 | 5c24 5044 | 8964 2414 | 4889 4c24 | 5848 8944 

  0x0000028194636060: ;   {runtime_call UncommonTrapBlob}
  0x0000028194636060: 2468 90e8 

  0x0000028194636064: ; ImmutableOopMap {rbp=Oop [8]=Oop [24]=Oop [32]=Oop [40]=Oop [48]=Oop [56]=Oop [64]=Oop [80]=Oop [88]=Oop [104]=Oop }
                      ;*invokevirtual store {reexecute=0 rethrow=0 return_oop=0}
                      ; - com.seibel.distanthorizons.common.render.openGl.glObject.shader.GlShaderProgram::setUniform@15 (line 199)
                      ; - com.seibel.distanthorizons.common.render.openGl.postProcessing.ssao.GlDhSSAOShader_neoforge::onApplyUniforms@27 (line 109)
                      ; - com.seibel.distanthorizons.common.render.openGl.util.GlAbstractShaderRenderer::render@13 (line 81)
                      ; - com.seibel.distanthorizons.common.render.openGl.postProcessing.ssao.GlDhSSAORenderer_neoforge::render@90 (line 130)
                      ; - com.seibel.distanthorizons.core.render.renderer.LodRenderer::renderTerrain@316 (line 225)
  0x0000028194636064: 9812 82fd 

  0x0000028194636068: ;   {other}
  0x0000028194636068: 0f1f 8400 | 584e 00cc | baf6 ffff | ff48 8b6c | 2410 4c8b | 5424 204c | 8954 2408 | 448b 5c24 
  0x0000028194636088: 1844 895c | 2410 4c8b | 5424 284c | 8954 2418 | 4c8b 5424 | 304c 8954 | 2420 4c8b | 5424 404c 
  0x00000281946360a8: 8954 2428 | 4c8b 5424 | 384c 8954 

  0x00000281946360b4: ;   {runtime_call UncommonTrapBlob}
  0x00000281946360b4: 2430 90e8 

  0x00000281946360b8: ; ImmutableOopMap {rbp=Oop [8]=Oop [24]=Oop [32]=Oop [40]=Oop [48]=Oop [72]=Oop [80]=Oop }
                      ;*invokevirtual unbind {reexecute=0 rethrow=0 return_oop=0}
                      ; - com.seibel.distanthorizons.common.render.openGl.util.GlAbstractShaderRenderer::render@49 (line 89)
                      ; - com.seibel.distanthorizons.common.render.openGl.postProcessing.ssao.GlDhSSAORenderer_neoforge::render@90 (line 130)
                      ; - com.seibel.distanthorizons.core.render.renderer.LodRenderer::renderTerrain@316 (line 225)
  0x00000281946360b8: 4412 82fd 

  0x00000281946360bc: ;   {other}
  0x00000281946360bc: 0f1f 8400 | ac4e 00cd | baf6 ffff | ff48 8b6c | 2410 4c8b | 5424 204c | 8954 2408 | 448b 5424 
  0x00000281946360dc: 1844 8954 | 2410 4c8b | 5424 284c | 8954 2418 | 4c8b 5424 | 304c 8954 | 2420 4489 

  0x00000281946360f8: ;   {runtime_call UncommonTrapBlob}
  0x00000281946360f8: 5c24 14e8 

  0x00000281946360fc: ; ImmutableOopMap {rbp=Oop [8]=Oop [24]=Oop [32]=Oop [64]=Oop [72]=Oop [80]=Oop }
                      ;*putfield ssaoTexture {reexecute=1 rethrow=0 return_oop=0}
                      ; - (reexecute) com.seibel.distanthorizons.common.render.openGl.postProcessing.ssao.GlDhSSAORenderer_neoforge::render@100 (line 132)
                      ; - com.seibel.distanthorizons.core.render.renderer.LodRenderer::renderTerrain@316 (line 225)
  0x00000281946360fc: 0012 82fd 

  0x0000028194636100: ;   {other}
  0x0000028194636100: 0f1f 8400 | f04e 00ce | baf4 ffff | ff48 8b6c | 2410 4c8b | 5424 204c | 8954 2408 | 448b 5424 
  0x0000028194636120: 1844 8954 | 2410 4c8b | 5424 284c | 8954 2418 

  0x0000028194636130: ;   {runtime_call UncommonTrapBlob}
  0x0000028194636130: 6666 90e8 

  0x0000028194636134: ; ImmutableOopMap {rbp=Oop [8]=Oop [24]=Oop [48]=Oop [64]=Oop [80]=Oop }
                      ;*checkcast {reexecute=0 rethrow=0 return_oop=0}
                      ; - com.seibel.distanthorizons.core.render.renderer.LodRenderer::renderTerrain@327 (line 229)
  0x0000028194636134: c811 82fd 

  0x0000028194636138: ;   {other}
  0x0000028194636138: 0f1f 8400 | 284f 00cf | baf4 ffff | ff48 8b6c 

  0x0000028194636148: ;   {runtime_call UncommonTrapBlob}
  0x0000028194636148: 2410 90e8 

  0x000002819463614c: ; ImmutableOopMap {rbp=Oop [32]=Oop [40]=Oop [48]=Oop [80]=Oop }
                      ;*checkcast {reexecute=0 rethrow=0 return_oop=0}
                      ; - com.seibel.distanthorizons.core.render.renderer.LodRenderer::renderTerrain@365 (line 237)
  0x000002819463614c: b011 82fd 

  0x0000028194636150: ;   {other}
  0x0000028194636150: 0f1f 8400 | 404f 00d0 | baf4 ffff | ff48 8b6c 

  0x0000028194636160: ;   {runtime_call UncommonTrapBlob}
  0x0000028194636160: 2410 90e8 

  0x0000028194636164: ; ImmutableOopMap {rbp=Oop [32]=Oop [40]=Oop [80]=Oop }
                      ;*checkcast {reexecute=0 rethrow=0 return_oop=0}
                      ; - com.seibel.distanthorizons.core.render.renderer.LodRenderer::renderTerrain@402 (line 244)
  0x0000028194636164: 9811 82fd 

  0x0000028194636168: ;   {other}
  0x0000028194636168: 0f1f 8400 | 584f 00d1 | baf6 ffff 

  0x0000028194636174: ;   {runtime_call UncommonTrapBlob}
  0x0000028194636174: ff66 90e8 

  0x0000028194636178: ; ImmutableOopMap {rbp=Oop [32]=Oop [40]=Oop [80]=Oop }
                      ;*invokeinterface render {reexecute=0 rethrow=0 return_oop=0}
                      ; - com.seibel.distanthorizons.core.render.renderer.LodRenderer::renderTerrain@431 (line 248)
  0x0000028194636178: 8411 82fd 

  0x000002819463617c: ;   {other}
  0x000002819463617c: 0f1f 8400 | 6c4f 00d2 | baf4 ffff 

  0x0000028194636188: ;   {runtime_call UncommonTrapBlob}
  0x0000028194636188: ff66 90e8 

  0x000002819463618c: ; ImmutableOopMap {rbp=Oop [32]=Oop [40]=Oop [80]=Oop }
                      ;*checkcast {reexecute=0 rethrow=0 return_oop=0}
                      ; - com.seibel.distanthorizons.core.render.renderer.LodRenderer::renderTerrain@442 (line 252)
  0x000002819463618c: 7011 82fd 

  0x0000028194636190: ;   {other}
  0x0000028194636190: 0f1f 8400 | 804f 00d3 | baf6 ffff 

  0x000002819463619c: ;   {runtime_call UncommonTrapBlob}
  0x000002819463619c: ff66 90e8 

  0x00000281946361a0: ; ImmutableOopMap {rbp=Oop [32]=Oop [40]=Oop [80]=Oop }
                      ;*invokeinterface render {reexecute=0 rethrow=0 return_oop=0}
                      ; - com.seibel.distanthorizons.core.render.renderer.LodRenderer::renderTerrain@472 (line 258)
  0x00000281946361a0: 5c11 82fd 

  0x00000281946361a4: ;   {other}
  0x00000281946361a4: 0f1f 8400 | 944f 00d4 | baf4 ffff 

  0x00000281946361b0: ;   {runtime_call UncommonTrapBlob}
  0x00000281946361b0: ff66 90e8 

  0x00000281946361b4: ; ImmutableOopMap {rbp=Oop [32]=Oop [40]=Oop [80]=Oop }
                      ;*checkcast {reexecute=0 rethrow=0 return_oop=0}
                      ; - com.seibel.distanthorizons.core.render.renderer.LodRenderer::renderTerrain@483 (line 267)
  0x00000281946361b4: 4811 82fd 

  0x00000281946361b8: ;   {other}
  0x00000281946361b8: 0f1f 8400 | a84f 00d5 | baf6 ffff 

  0x00000281946361c4: ;   {runtime_call UncommonTrapBlob}
  0x00000281946361c4: ff66 90e8 

  0x00000281946361c8: ; ImmutableOopMap {rbp=Oop [32]=Oop [40]=Oop [80]=Oop }
                      ;*invokeinterface applyToMcTexture {reexecute=0 rethrow=0 return_oop=0}
                      ; - com.seibel.distanthorizons.core.render.renderer.LodRenderer::renderTerrain@540 (line 285)
  0x00000281946361c8: 3411 82fd 

  0x00000281946361cc: ;   {other}
  0x00000281946361cc: 0f1f 8400 | bc4f 00d6 | baf6 ffff 

  0x00000281946361d8: ;   {runtime_call UncommonTrapBlob}
  0x00000281946361d8: ff66 90e8 

  0x00000281946361dc: ; ImmutableOopMap {[40]=Oop [80]=Oop }
                      ;*invokeinterface runRenderPassCleanup {reexecute=0 rethrow=0 return_oop=0}
                      ; - com.seibel.distanthorizons.core.render.renderer.LodRenderer::renderTerrain@661 (line 323)
  0x00000281946361dc: 2011 82fd 

  0x00000281946361e0: ;   {other}
  0x00000281946361e0: 0f1f 8400 | d04f 00d7 | baf6 ffff | ff48 ff74 | 2410 488f | 0424 4c8b | 4424 204c | 8944 2410 
  0x0000028194636200: 4c8b 4424 | 284c 8944 | 2420 4c8b | 4424 304c | 8944 2428 | 4c8b 4424 | 404c 8944 | 2430 4c8b 
  0x0000028194636220: 4424 504c | 8944 2440 | 4489 5424 | 1c4c 895c 

  0x0000028194636230: ;   {runtime_call UncommonTrapBlob}
  0x0000028194636230: 2458 90e8 

  0x0000028194636234: ; ImmutableOopMap {rbp=Oop [0]=Oop [16]=Oop [32]=Oop [40]=Oop [48]=Oop [56]=Oop [64]=Oop [72]=Oop [88]=Oop }
                      ;*arraylength {reexecute=0 rethrow=0 return_oop=0}
                      ; - java.lang.ThreadLocal$ThreadLocalMap::getEntry@8 (line 499)
                      ; - java.lang.ThreadLocal::get@12 (line 187)
                      ; - java.lang.ThreadLocal::get@4 (line 172)
                      ; - org.lwjgl.system.MemoryStack::stackGet@3 (line 906)
                      ; - org.lwjgl.system.MemoryStack::stackPush@0 (line 915)
                      ; - com.seibel.distanthorizons.common.render.openGl.glObject.shader.GlShaderProgram::setUniform@0 (line 196)
                      ; - com.seibel.distanthorizons.common.render.openGl.postProcessing.ssao.GlDhSSAOShader_neoforge::onApplyUniforms@12 (line 107)
                      ; - com.seibel.distanthorizons.common.render.openGl.util.GlAbstractShaderRenderer::render@13 (line 81)
                      ; - com.seibel.distanthorizons.common.render.openGl.postProcessing.ssao.GlDhSSAORenderer_neoforge::render@90 (line 130)
                      ; - com.seibel.distanthorizons.core.render.renderer.LodRenderer::renderTerrain@316 (line 225)
  0x0000028194636234: c810 82fd 

  0x0000028194636238: ;   {other}
  0x0000028194636238: 0f1f 8400 | 2850 00d8 | baf6 ffff | ff48 8b6c | 2410 4c8b | 4424 204c | 8944 2408 | 448b 4424 
  0x0000028194636258: 1844 8944 | 2410 4c8b | 4424 284c | 8944 2418 | 4c8b 4424 | 304c 8944 | 2420 4c8b | 4424 404c 
  0x0000028194636278: 8944 2428 | 4c8b 4424 | 384c 8944 | 2430 4c8b | 4424 504c | 8944 2438 | 4c8b 4424 | 484c 8944 
  0x0000028194636298: 2440 4c89 | 5c24 5044 | 8964 2414 | 4c89 5424 

  0x00000281946362a8: ;   {runtime_call UncommonTrapBlob}
  0x00000281946362a8: 5866 90e8 

  0x00000281946362ac: ; ImmutableOopMap {rbp=Oop [8]=Oop [24]=Oop [32]=Oop [40]=Oop [48]=Oop [56]=Oop [64]=Oop [80]=Oop [88]=Oop }
                      ;*arraylength {reexecute=0 rethrow=0 return_oop=0}
                      ; - java.lang.ThreadLocal$ThreadLocalMap::getEntry@8 (line 499)
                      ; - java.lang.ThreadLocal::get@12 (line 187)
                      ; - java.lang.ThreadLocal::get@4 (line 172)
                      ; - org.lwjgl.system.MemoryStack::stackGet@3 (line 906)
                      ; - org.lwjgl.system.MemoryStack::stackPush@0 (line 915)
                      ; - com.seibel.distanthorizons.common.render.openGl.glObject.shader.GlShaderProgram::setUniform@0 (line 196)
                      ; - com.seibel.distanthorizons.common.render.openGl.postProcessing.ssao.GlDhSSAOShader_neoforge::onApplyUniforms@27 (line 109)
                      ; - com.seibel.distanthorizons.common.render.openGl.util.GlAbstractShaderRenderer::render@13 (line 81)
                      ; - com.seibel.distanthorizons.common.render.openGl.postProcessing.ssao.GlDhSSAORenderer_neoforge::render@90 (line 130)
                      ; - com.seibel.distanthorizons.core.render.renderer.LodRenderer::renderTerrain@316 (line 225)
  0x00000281946362ac: 5010 82fd 

  0x00000281946362b0: ;   {other}
  0x00000281946362b0: 0f1f 8400 | a050 00d9 | baf6 ffff | ff48 8beb | 4c89 0c24 | 4889 7424 | 0844 8b44 | 2418 4489 
  0x00000281946362d0: 4424 104c | 895c 2418 | 4c89 6424 | 2048 894c 

  0x00000281946362e0: ;   {runtime_call UncommonTrapBlob}
  0x00000281946362e0: 2428 90e8 

  0x00000281946362e4: ; ImmutableOopMap {rbp=Oop [0]=Oop [8]=Oop [24]=Oop [32]=Oop [40]=Oop }
                      ;*invokevirtual size {reexecute=0 rethrow=0 return_oop=0}
                      ; - com.seibel.distanthorizons.coreapi.DependencyInjection.OverridePriorityListContainer::getOverrideWithHighestPriority@4 (line 72)
                      ; - com.seibel.distanthorizons.coreapi.DependencyInjection.OverrideInjector::get@17 (line 134)
                      ; - com.seibel.distanthorizons.common.render.openGl.GlDhMetaRenderer_neoforge::runRenderPassSetup@63 (line 103)
                      ; - com.seibel.distanthorizons.core.render.renderer.LodRenderer::renderTerrain@99 (line 159)
  0x00000281946362e4: 1810 82fd 

  0x00000281946362e8: ;   {other}
  0x00000281946362e8: 0f1f 8400 | d850 00da | baf4 ffff | ff48 8b2c | 2444 8b5c | 2418 4489 | 5c24 104c | 8b54 2428 
  0x0000028194636308: 4c89 5424 | 184c 8b54 | 2430 4c89 

  0x0000028194636314: ;   {runtime_call UncommonTrapBlob}
  0x0000028194636314: 5424 20e8 

  0x0000028194636318: ; ImmutableOopMap {rbp=Oop [8]=Oop [24]=Oop [32]=Oop [56]=Oop [64]=Oop [72]=Oop }
                      ;*checkcast {reexecute=0 rethrow=0 return_oop=0}
                      ; - com.seibel.distanthorizons.coreapi.DependencyInjection.OverridePriorityListContainer::getOverrideWithHighestPriority@18 (line 74)
                      ; - com.seibel.distanthorizons.coreapi.DependencyInjection.OverrideInjector::get@17 (line 134)
                      ; - com.seibel.distanthorizons.common.render.openGl.GlDhMetaRenderer_neoforge::runRenderPassSetup@63 (line 103)
                      ; - com.seibel.distanthorizons.core.render.renderer.LodRenderer::renderTerrain@99 (line 159)
  0x0000028194636318: e40f 82fd 

  0x000002819463631c: ;   {other}
  0x000002819463631c: 0f1f 8400 | 0c51 00db | 448b 5c24 | 1844 895c | 2410 4c8b | 5424 284c | 8954 2418 | 4c89 4c24 
  0x000002819463633c: 204c 8b54 | 2440 4c89 | 5424 2848 | 897c 2440 | 4c89 4424 | 5048 8954 | 2458 ba45 

  0x0000028194636358: ;   {runtime_call UncommonTrapBlob}
  0x0000028194636358: ffff ffe8 

  0x000002819463635c: ; ImmutableOopMap {rbp=Oop [24]=Oop [32]=Oop [40]=Oop [56]=Oop [64]=Oop [72]=Oop [80]=Oop [88]=Oop }
                      ;*ifnonnull {reexecute=1 rethrow=0 return_oop=0}
                      ; - (reexecute) com.seibel.distanthorizons.common.render.openGl.GlDhTerrainRenderer_neoforge::getTerrainShaderProgram@4 (line 36)
                      ; - com.seibel.distanthorizons.common.render.openGl.GlDhTerrainRenderer_neoforge::render@1 (line 57)
                      ; - com.seibel.distanthorizons.core.render.renderer.LodRenderer::renderTerrain@19 (line 345)
                      ; - com.seibel.distanthorizons.core.render.renderer.LodRenderer::renderTerrain@252 (line 212)
  0x000002819463635c: a00f 82fd 

  0x0000028194636360: ;   {other}
  0x0000028194636360: 0f1f 8400 | 5051 00dc | baf6 ffff | ff49 8be9 | 4c8b 5424 | 104c 8954 | 2408 448b | 5c24 1844 
  0x0000028194636380: 895c 2410 | 4c8b 5424 | 284c 8954 

  0x000002819463638c: ;   {runtime_call UncommonTrapBlob}
  0x000002819463638c: 2418 90e8 

  0x0000028194636390: ; ImmutableOopMap {rbp=Oop [8]=Oop [24]=Oop [48]=Oop [64]=Oop [72]=Oop }
                      ;*invokevirtual size {reexecute=0 rethrow=0 return_oop=0}
                      ; - com.seibel.distanthorizons.coreapi.DependencyInjection.OverridePriorityListContainer::getOverrideWithHighestPriority@4 (line 72)
                      ; - com.seibel.distanthorizons.coreapi.DependencyInjection.OverrideInjector::get@17 (line 134)
                      ; - com.seibel.distanthorizons.common.render.openGl.GlDhMetaRenderer_neoforge::clearDhDepthAndColorTextures@5 (line 382)
                      ; - com.seibel.distanthorizons.core.render.renderer.LodRenderer::renderTerrain@219 (line 197)
  0x0000028194636390: 6c0f 82fd 

  0x0000028194636394: ;   {other}
  0x0000028194636394: 0f1f 8400 | 8451 00dd | baf4 ffff | ff48 8b6c | 2408 4c8b | 5424 484c | 8914 244c | 8b54 2410 
  0x00000281946363b4: 4c89 5424 | 0844 8b5c | 2418 4489 | 5c24 104c | 8b54 2428 | 4c89 5424 | 184c 8b54 | 2430 4c89 
  0x00000281946363d4: 5424 204c | 8b54 2438 | 4c89 5424 

  0x00000281946363e0: ;   {runtime_call UncommonTrapBlob}
  0x00000281946363e0: 3066 90e8 

  0x00000281946363e4: ; ImmutableOopMap {rbp=Oop [0]=Oop [8]=Oop [24]=Oop [32]=Oop [48]=Oop [64]=Oop }
                      ;*checkcast {reexecute=0 rethrow=0 return_oop=0}
                      ; - com.seibel.distanthorizons.coreapi.DependencyInjection.OverridePriorityListContainer::getOverrideWithHighestPriority@18 (line 74)
                      ; - com.seibel.distanthorizons.coreapi.DependencyInjection.OverrideInjector::get@17 (line 134)
                      ; - com.seibel.distanthorizons.common.render.openGl.GlDhMetaRenderer_neoforge::clearDhDepthAndColorTextures@5 (line 382)
                      ; - com.seibel.distanthorizons.core.render.renderer.LodRenderer::renderTerrain@219 (line 197)
  0x00000281946363e4: 180f 82fd 

  0x00000281946363e8: ;   {other}
  0x00000281946363e8: 0f1f 8400 | d851 00de | baf6 ffff | ff4c 8b5c | 2410 4c89 | 1c24 4c8b | 5c24 204c | 895c 2410 
  0x0000028194636408: 4c8b 5c24 | 284c 895c | 2420 4c8b | 5c24 304c | 895c 2428 | 4c8b 5c24 | 404c 895c | 2430 4c8b 
  0x0000028194636428: 5c24 504c | 895c 2440 | 4889 4424 

  0x0000028194636434: ;   {runtime_call UncommonTrapBlob}
  0x0000028194636434: 6066 90e8 

  0x0000028194636438: ; ImmutableOopMap {[0]=Oop [16]=Oop [32]=Oop [40]=Oop [48]=Oop [56]=Oop [64]=Oop [72]=Oop [88]=Oop [96]=Oop }
                      ;*iaload {reexecute=0 rethrow=0 return_oop=0}
                      ; - org.lwjgl.system.MemoryStack::pop@16 (line 155)
                      ; - org.lwjgl.system.MemoryStack::close@1 (line 168)
                      ; - com.seibel.distanthorizons.common.render.openGl.glObject.shader.GlShaderProgram::setUniform@43 (line 196)
                      ; - com.seibel.distanthorizons.common.render.openGl.postProcessing.ssao.GlDhSSAOShader_neoforge::onApplyUniforms@12 (line 107)
                      ; - com.seibel.distanthorizons.common.render.openGl.util.GlAbstractShaderRenderer::render@13 (line 81)
                      ; - com.seibel.distanthorizons.common.render.openGl.postProcessing.ssao.GlDhSSAORenderer_neoforge::render@90 (line 130)
                      ; - com.seibel.distanthorizons.core.render.renderer.LodRenderer::renderTerrain@316 (line 225)
  0x0000028194636438: c40e 82fd 

  0x000002819463643c: ;   {other}
  0x000002819463643c: 0f1f 8400 | 2c52 00df | 4c8b d0e9 | c502 0000 | e9dc 0200 | 0048 8bd0 | e9ee 0200 | 0048 8b6c 
  0x000002819463645c: 2438 4c8b | 5c24 584c | 895c 2408 | 488b 5424 | 704c 8bc0 

  0x0000028194636470: ;   {optimized virtual_call}
  0x0000028194636470: 6666 90e8 

  0x0000028194636474: ; ImmutableOopMap {rbp=Oop [8]=Oop [16]=Oop [32]=Oop [40]=Oop [48]=Oop [64]=Oop [72]=Oop [80]=Oop [112]=Oop }
                      ;*invokevirtual addSuppressed {reexecute=0 rethrow=0 return_oop=0}
                      ; - com.seibel.distanthorizons.common.render.openGl.glObject.shader.GlShaderProgram::setUniform@55 (line 196)
                      ; - com.seibel.distanthorizons.common.render.openGl.postProcessing.ssao.GlDhSSAOShader_neoforge::onApplyUniforms@27 (line 109)
                      ; - com.seibel.distanthorizons.common.render.openGl.util.GlAbstractShaderRenderer::render@13 (line 81)
                      ; - com.seibel.distanthorizons.common.render.openGl.postProcessing.ssao.GlDhSSAORenderer_neoforge::render@90 (line 130)
                      ; - com.seibel.distanthorizons.core.render.renderer.LodRenderer::renderTerrain@316 (line 225)
  0x0000028194636474: 0887 81fd 

  0x0000028194636478: ;   {other}
  0x0000028194636478: 0f1f 8400 | 6852 00e0 | e987 0200 | 0044 8b58 

  0x0000028194636488: ;   {metadata('java/lang/InstantiationException')}
  0x0000028194636488: 0841 81fb | c069 0a80 | 0f84 1a03 | 0000 4889 | 4424 70e9 | 5702 0000 | e91c 0200 | 00e9 1702 
  0x00000281946364a8: 0000 e97e | 0200 00e9 | 2d02 0000 | 488b d0e9 | 8b02 0000 | 488b 6c24 | 104c 8b5c | 2420 4c89 
  0x00000281946364c8: 5c24 0844 | 8b5c 2418 | 4489 5c24 | 104c 8b5c | 2430 4c89 | 5c24 1848 | 8b54 2458 

  0x00000281946364e4: ;   {optimized virtual_call}
  0x00000281946364e4: 4c8b c0e8 

  0x00000281946364e8: ; ImmutableOopMap {rbp=Oop [8]=Oop [24]=Oop [40]=Oop [64]=Oop [80]=Oop [88]=Oop }
                      ;*invokevirtual addSuppressed {reexecute=0 rethrow=0 return_oop=0}
                      ; - com.seibel.distanthorizons.common.render.openGl.postProcessing.ssao.GlDhSSAORenderer_neoforge::render@130 (line 114)
                      ; - com.seibel.distanthorizons.core.render.renderer.LodRenderer::renderTerrain@316 (line 225)
  0x00000281946364e8: 9486 81fd 

  0x00000281946364ec: ;   {other}
  0x00000281946364ec: 0f1f 8400 | dc52 00e1 | e92f 0200 | 0048 8bd5 

  0x00000281946364fc: ;   {optimized virtual_call}
  0x00000281946364fc: 4c8b c0e8 

  0x0000028194636500: ; ImmutableOopMap {rbp=Oop }
                      ;*invokevirtual addSuppressed {reexecute=0 rethrow=0 return_oop=0}
                      ; - com.seibel.distanthorizons.core.render.renderer.LodRenderer::renderTerrain@704 (line 146)
  0x0000028194636500: 7c86 81fd 

  0x0000028194636504: ;   {other}
  0x0000028194636504: 0f1f 8400 | f452 00e2 | e933 0200 | 00e9 cb01 | 0000 4c8b | d0e9 f301 | 0000 4c8b | d0e9 eb01 
  0x0000028194636524: 0000 e9bb | 0100 004c | 8bd0 e9de | 0100 004c | 8bd0 e9d6 | 0100 00e9 | a101 0000 | e9a1 0100 
  0x0000028194636544: 00e9 9701 | 0000 e997 | 0100 00e9 | 9201 0000 | e98d 0100 | 0048 8bd0 | e9e6 0100 | 0048 8be8 
  0x0000028194636564: e9c7 0100 | 0048 8be8 | e9bf 0100 | 0048 8be8 | e9b7 0100 | 0048 8be8 | e9af 0100 | 0048 8be8 
  0x0000028194636584: e9a7 0100 | 0048 8be8 | e99f 0100 | 0048 8be8 | e997 0100 | 0048 8be8 | e98f 0100 | 0048 8be8 
  0x00000281946365a4: e987 0100 | 0048 8be8 | e97f 0100 | 0048 8be8 | e977 0100 | 0048 8be8 | e96f 0100 | 0048 8be8 
  0x00000281946365c4: e967 0100 | 0048 8be8 | e95f 0100 | 0048 8be8 | e957 0100 | 0048 8be8 | e94f 0100 | 0048 8be8 
  0x00000281946365e4: e947 0100 | 0048 8be8 | e93f 0100 | 0048 8be8 | e937 0100 | 00e9 2f01 | 0000 4889 

  0x0000028194636600: ;   {no_reloc}
  0x0000028194636600: 4424 58e9 | 0e01 0000 | 4c8b d0e9 | 0101 0000 | 4c8b d0e9 | f900 0000 | 4c8b d0e9 | f100 0000 
  0x0000028194636620: 4c8b d0e9 | e900 0000 | 4c8b d0e9 | e100 0000 | 4c8b d0e9 | d900 0000 | 4c8b d0e9 | d100 0000 
  0x0000028194636640: 4c8b d0e9 | c900 0000 | 4c8b d0e9 | c100 0000 | 4c8b d0e9 | b900 0000 | 4c8b d0e9 | b100 0000 
  0x0000028194636660: 4c8b d0e9 | a900 0000 | 4c8b d0e9 | a100 0000 | 4c8b d04c | 8b4c 2408 | 4d8b 6128 

  0x000002819463667c: ;   {other}
  0x000002819463667c: 49c1 ec0d | 0f87 921a | 0000 458b | 591c 418d | 6bff 4189 | 691c 458b | 4424 0c41 | 3be8 0f83 
  0x000002819463669c: b400 0000 | 478b 5c9c | 0c45 8959 | 18eb 664c | 8bd0 eb61 | eb7b 488b | e8eb 7948 | 8be8 eb74 
  0x00000281946366bc: 488b e8eb | 6f48 8944 | 2458 eb4e | 488b e8eb | 6348 8be8 | eb5e eb12 | eb10 488b | d0eb 6ceb 
  0x00000281946366dc: 04eb 02eb | 0048 8be8 | eb4a 488b | e8eb 4548 | 8944 2470 | eb05 4889 | 4424 7048 | 8b54 2468 
  0x00000281946366fc: ;   {optimized virtual_call}
  0x00000281946366fc: 6666 90e8 

  0x0000028194636700: ; ImmutableOopMap {[16]=Oop [32]=Oop [40]=Oop [48]=Oop [56]=Oop [64]=Oop [72]=Oop [80]=Oop [88]=Oop [112]=Oop }
                      ;*invokevirtual pop {reexecute=0 rethrow=0 return_oop=1}
                      ; - org.lwjgl.system.MemoryStack::close@1 (line 168)
                      ; - com.seibel.distanthorizons.common.render.openGl.glObject.shader.GlShaderProgram::setUniform@43 (line 196)
                      ; - com.seibel.distanthorizons.common.render.openGl.postProcessing.ssao.GlDhSSAOShader_neoforge::onApplyUniforms@27 (line 109)
                      ; - com.seibel.distanthorizons.common.render.openGl.util.GlAbstractShaderRenderer::render@13 (line 81)
                      ; - com.seibel.distanthorizons.common.render.openGl.postProcessing.ssao.GlDhSSAORenderer_neoforge::render@90 (line 130)
                      ; - com.seibel.distanthorizons.core.render.renderer.LodRenderer::renderTerrain@316 (line 225)
  0x0000028194636700: 7c84 81fd 

  0x0000028194636704: ;   {other}
  0x0000028194636704: 0f1f 8400 | f454 00e3 | 4c8b 5424 | 704c 8954 | 2458 488b 

  0x0000028194636718: ;   {optimized virtual_call}
  0x0000028194636718: 5424 48e8 

  0x000002819463671c: ; ImmutableOopMap {[16]=Oop [32]=Oop [40]=Oop [48]=Oop [64]=Oop [80]=Oop [88]=Oop }
                      ;*invokevirtual close {reexecute=0 rethrow=0 return_oop=0}
                      ; - com.seibel.distanthorizons.common.render.openGl.postProcessing.ssao.GlDhSSAORenderer_neoforge::render@119 (line 114)
                      ; - com.seibel.distanthorizons.core.render.renderer.LodRenderer::renderTerrain@316 (line 225)
  0x000002819463671c: 6084 81fd 

  0x0000028194636720: ;   {other}
  0x0000028194636720: 0f1f 8400 | 1055 00e4 | 488b 4424 | 5848 8be8 | 488b 5424 

  0x0000028194636734: ;   {optimized virtual_call}
  0x0000028194636734: 2866 90e8 

  0x0000028194636738: ; ImmutableOopMap {rbp=Oop }
                      ;*invokeinterface close {reexecute=0 rethrow=0 return_oop=0}
                      ; - com.seibel.distanthorizons.core.render.renderer.LodRenderer::renderTerrain@690 (line 146)
  0x0000028194636738: 4484 81fd 

  0x000002819463673c: ;   {other}
  0x000002819463673c: 0f1f 8400 | 2c55 00e5 | 488b d548 | 81c4 9000 

  0x000002819463674c: ;   {runtime_call _rethrow_Java}
  0x000002819463674c: 0000 5de9 | ac6e 8efd | bae4 ffff | ff4c 8b5c | 2410 4c89 | 1c24 4c8b | 5c24 204c | 895c 2410 
  0x000002819463676c: 4c8b 5c24 | 284c 895c | 2420 4c8b | 5c24 304c | 895c 2428 | 4c8b 5c24 | 404c 895c | 2430 4c8b 
  0x000002819463678c: 5c24 504c | 895c 2440 | 4c89 4c24 | 684c 8964 | 2470 4889 

  0x00000281946367a0: ;   {runtime_call UncommonTrapBlob}
  0x00000281946367a0: 4424 78e8 

  0x00000281946367a4: ; ImmutableOopMap {[0]=Oop [16]=Oop [32]=Oop [40]=Oop [48]=Oop [56]=Oop [64]=Oop [72]=Oop [88]=Oop [104]=Oop [112]=Oop [120]=Oop }
                      ;*iaload {reexecute=0 rethrow=0 return_oop=0}
                      ; - org.lwjgl.system.MemoryStack::pop@16 (line 155)
                      ; - org.lwjgl.system.MemoryStack::close@1 (line 168)
                      ; - com.seibel.distanthorizons.common.render.openGl.glObject.shader.GlShaderProgram::setUniform@43 (line 196)
                      ; - com.seibel.distanthorizons.common.render.openGl.postProcessing.ssao.GlDhSSAOShader_neoforge::onApplyUniforms@12 (line 107)
                      ; - com.seibel.distanthorizons.common.render.openGl.util.GlAbstractShaderRenderer::render@13 (line 81)
                      ; - com.seibel.distanthorizons.common.render.openGl.postProcessing.ssao.GlDhSSAORenderer_neoforge::render@90 (line 130)
                      ; - com.seibel.distanthorizons.core.render.renderer.LodRenderer::renderTerrain@316 (line 225)
  0x00000281946367a4: 580b 82fd 

  0x00000281946367a8: ;   {other}
  0x00000281946367a8: 0f1f 8400 | 9855 00e6 | 488b e8ba | 8000 0000 | 4c8b 5424 | 104c 8914 | 244c 8b54 | 2420 4c89 
  0x00000281946367c8: 5424 104c | 8b54 2428 | 4c89 5424 | 204c 8b54 | 2430 4c89 | 5424 284c | 8b54 2440 | 4c89 5424 
  0x00000281946367e8: 304c 8b54 | 2450 4c89 

  0x00000281946367f0: ;   {runtime_call UncommonTrapBlob}
  0x00000281946367f0: 5424 40e8 

  0x00000281946367f4: ; ImmutableOopMap {rbp=Oop [0]=Oop [16]=Oop [32]=Oop [40]=Oop [48]=Oop [56]=Oop [64]=Oop [72]=Oop [88]=Oop [96]=Oop [104]=Oop }
                      ;*new {reexecute=0 rethrow=0 return_oop=0}
                      ; - org.lwjgl.system.MemoryUtil::wrap@17 (line 3038)
                      ; - org.lwjgl.system.MemoryStack::mallocFloat@12 (line 540)
                      ; - com.seibel.distanthorizons.common.render.openGl.glObject.shader.GlShaderProgram::setUniform@7 (line 198)
                      ; - com.seibel.distanthorizons.common.render.openGl.postProcessing.ssao.GlDhSSAOShader_neoforge::onApplyUniforms@27 (line 109)
                      ; - com.seibel.distanthorizons.common.render.openGl.util.GlAbstractShaderRenderer::render@13 (line 81)
                      ; - com.seibel.distanthorizons.common.render.openGl.postProcessing.ssao.GlDhSSAORenderer_neoforge::render@90 (line 130)
                      ; - com.seibel.distanthorizons.core.render.renderer.LodRenderer::renderTerrain@316 (line 225)
  0x00000281946367f4: 080b 82fd 

  0x00000281946367f8: ;   {other}
  0x00000281946367f8: 0f1f 8400 | e855 00e7 | 498b 6a70 | 4883 ec30 | 4c89 5424 | 2849 8d52 | 7048 8bcd 

  0x0000028194636814: ;   {runtime_call}
  0x0000028194636814: 48b8 b080 | f52a ff7f | 0000 ffd0 | 488b e84c | 8b54 2428 | c5f8 7748 | 83c4 30e9 | afb5 ffff 
  0x0000028194636834: 4d8b 93d0 | 0000 0048 | 83ec 304c | 895c 2428 | 498d 93d0 | 0000 0049 

  0x000002819463684c: ;   {runtime_call}
  0x000002819463684c: 8bca 48b8 | b080 f52a | ff7f 0000 | ffd0 4c8b | d04c 8b5c | 2428 c5f8 | 7748 83c4 | 30e9 bdb5 
  0x000002819463686c: ffff 4d8b | 93d0 0000 | 0048 83ec | 304c 895c | 2428 498d | 93d0 0000 | 0049 8bca 

  0x0000028194636888: ;   {runtime_call}
  0x0000028194636888: 48b8 b080 | f52a ff7f | 0000 ffd0 | 4c8b d04c | 8b5c 2428 | c5f8 7748 | 83c4 30e9 | 26b6 ffff 
  0x00000281946368a8: 4f8b 44d3 | 1048 83ec | 404c 8954 | 2438 4c89 | 5c24 304c | 894c 2428 | 4b8d 54d3 | 1049 8bc8 
  0x00000281946368c8: ;   {runtime_call}
  0x00000281946368c8: 48b8 b080 | f52a ff7f | 0000 ffd0 | 4c8b c04c | 8b4c 2428 | 4c8b 5c24 | 304c 8b54 | 2438 c5f8 
  0x00000281946368e8: 7748 83c4 | 40e9 1db6 | ffff 4d8b | 4210 4883 | ec30 4c89 | 5424 284c | 894c 2420 | 498d 5210 
  0x0000028194636908: ;   {runtime_call}
  0x0000028194636908: 498b c848 | b8b0 80f5 | 2aff 7f00 | 00ff d04c | 8bc0 4c8b | 4c24 204c | 8b54 2428 | c5f8 7748 
  0x0000028194636928: 83c4 30e9 | 35b6 ffff | 4d8b 6110 | 4883 ec30 | 4c89 4c24 | 2849 8d51 | 1049 8bcc 

  0x0000028194636944: ;   {runtime_call}
  0x0000028194636944: 48b8 b080 | f52a ff7f | 0000 ffd0 | 4c8b e04c | 8b4c 2428 | c5f8 7748 | 83c4 30e9 | 8fb6 ffff 
  0x0000028194636964: 4d8b 5310 | 4883 ec30 | 4c89 5c24 | 284c 894c | 2420 498d | 5310 498b 

  0x000002819463697c: ;   {runtime_call}
  0x000002819463697c: ca48 b8b0 | 80f5 2aff | 7f00 00ff | d04c 8bd0 | 4c8b 4c24 | 204c 8b5c | 2428 c5f8 | 7748 83c4 
  0x000002819463699c: 30e9 7bb6 | ffff 498b | 4a30 4883 | ec30 4c89 | 5424 284c | 894c 2420 | 498d 5230 

  0x00000281946369b8: ;   {runtime_call}
  0x00000281946369b8: 48b8 b080 | f52a ff7f | 0000 ffd0 | 488b c84c | 8b4c 2420 | 4c8b 5424 | 28c5 f877 | 4883 c430 
  0x00000281946369d8: e95f b6ff | ff48 8b54 | e910 4883 | ec40 4c89 | 4424 384c | 894c 2430 | 4889 4c24 | 2848 87ca 
  0x00000281946369f8: 488d 54ea 

  0x00000281946369fc: ;   {runtime_call}
  0x00000281946369fc: 1048 b8b0 | 80f5 2aff | 7f00 00ff | d048 8bd0 | 488b 4c24 | 284c 8b4c | 2430 4c8b | 4424 38c5 
  0x0000028194636a1c: f877 4883 | c440 e979 | b6ff ff4c | 8b52 1048 | 83ec 404c | 8944 2438 | 4c89 4c24 | 3048 8954 
  0x0000028194636a3c: 2428 488d | 5210 498b 

  0x0000028194636a44: ;   {runtime_call}
  0x0000028194636a44: ca48 b8b0 | 80f5 2aff | 7f00 00ff | d04c 8bd0 | 488b 5424 | 284c 8b4c | 2430 4c8b | 4424 38c5 
  0x0000028194636a64: f877 4883 | c440 e951 | b6ff ff4c | 8b52 2048 | 83ec 404c | 8944 2438 | 4c89 4c24 | 3048 8954 
  0x0000028194636a84: 2428 488d | 5220 498b 

  0x0000028194636a8c: ;   {runtime_call}
  0x0000028194636a8c: ca48 b8b0 | 80f5 2aff | 7f00 00ff | d04c 8bd0 | 488b 5424 | 284c 8b4c | 2430 4c8b | 4424 38c5 
  0x0000028194636aac: f877 4883 | c440 e926 | b6ff ff4c | 8b52 1848 | 83ec 304c | 894c 2428 | 4889 5424 | 2048 8d52 
  0x0000028194636acc: 1849 8bca 

  0x0000028194636ad0: ;   {runtime_call}
  0x0000028194636ad0: 48b8 b080 | f52a ff7f | 0000 ffd0 | 4c8b d048 | 8b54 2420 | 4c8b 4c24 | 28c5 f877 | 4883 c430 
  0x0000028194636af0: e945 b6ff | ff49 8b52 | 1048 83ec | 304c 8954 | 2428 4c89 | 4c24 2048 | 8bca 498d 

  0x0000028194636b0c: ;   {runtime_call}
  0x0000028194636b0c: 5210 48b8 | b080 f52a | ff7f 0000 | ffd0 488b | d04c 8b4c | 2420 4c8b | 5424 28c5 | f877 4883 
  0x0000028194636b2c: c430 e92f | b6ff ff4c | 8b50 1048 | 83ec 3048 | 8944 2428 | 488d 5010 

  0x0000028194636b44: ;   {runtime_call}
  0x0000028194636b44: 498b ca48 | b8b0 80f5 | 2aff 7f00 | 00ff d04c | 8bd0 488b | 4424 28c5 | f877 4883 | c430 e948 
  0x0000028194636b64: b6ff ff4d | 8b58 2048 | 83ec 404c | 8954 2438 | 4c89 4424 | 304c 894c | 2428 498d | 5020 498b 
  0x0000028194636b84: ;   {runtime_call}
  0x0000028194636b84: cb48 b8b0 | 80f5 2aff | 7f00 00ff | d04c 8bd8 | 4c8b 4c24 | 284c 8b44 | 2430 4c8b | 5424 38c5 
  0x0000028194636ba4: f877 4883 | c440 e944 | b6ff ff4d | 8b93 d000 | 0000 4883 | ec30 4c89 | 5c24 2848 | 8944 2420 
  0x0000028194636bc4: 498d 93d0 | 0000 0049 

  0x0000028194636bcc: ;   {runtime_call}
  0x0000028194636bcc: 8bca 48b8 | b080 f52a | ff7f 0000 | ffd0 4c8b | d048 8b44 | 2420 4c8b | 5c24 28c5 | f877 4883 
  0x0000028194636bec: c430 e9cc | b6ff ff4d | 8b43 1048 | 83ec 304c | 895c 2428 | 498d 5310 

  0x0000028194636c04: ;   {runtime_call}
  0x0000028194636c04: 498b c848 | b8b0 80f5 | 2aff 7f00 | 00ff d04c | 8bc0 4c8b | 5c24 28c5 | f877 4883 | c430 e93c 
  0x0000028194636c24: b7ff ff49 | 8b79 2848 | 83ec 304c | 894c 2428 | 498d 5128 

  0x0000028194636c38: ;   {runtime_call}
  0x0000028194636c38: 488b cf48 | b8b0 80f5 | 2aff 7f00 | 00ff d048 | 8bf8 4c8b | 4c24 28c5 | f877 4883 | c430 e958 
  0x0000028194636c58: b7ff ff4c | 8b45 1848 | 83ec 304c | 894c 2428 | 4889 7c24 | 2048 8d55 | 1849 8bc8 

  0x0000028194636c74: ;   {runtime_call}
  0x0000028194636c74: 48b8 b080 | f52a ff7f | 0000 ffd0 | 4c8b c048 | 8b7c 2420 | 4c8b 4c24 | 28c5 f877 | 4883 c430 
  0x0000028194636c94: e936 b7ff | ff49 8b50 | 1048 83ec | 404c 8944 | 2438 4c89 | 4c24 3048 | 897c 2428 | 488b ca49 
  0x0000028194636cb4: ;   {runtime_call}
  0x0000028194636cb4: 8d50 1048 | b8b0 80f5 | 2aff 7f00 | 00ff d048 | 8bd0 488b | 7c24 284c | 8b4c 2430 | 4c8b 4424 
  0x0000028194636cd4: 38c5 f877 | 4883 c440 | e90d b7ff | ff4d 8b93 | c000 0000 | 4883 ec30 | 4c89 5c24 | 2849 8d93 
  0x0000028194636cf4: c000 0000 

  0x0000028194636cf8: ;   {runtime_call}
  0x0000028194636cf8: 498b ca48 | b8b0 80f5 | 2aff 7f00 | 00ff d04c | 8bd0 4c8b | 5c24 28c5 | f877 4883 | c430 e91c 
  0x0000028194636d18: b7ff ff4d | 8b5a 6848 | 83ec 304c | 8954 2428 | 498d 5268 

  0x0000028194636d2c: ;   {runtime_call}
  0x0000028194636d2c: 498b cb48 | b8b0 80f5 | 2aff 7f00 | 00ff d04c | 8bd8 4c8b | 5424 28c5 | f877 4883 | c430 e904 
  0x0000028194636d4c: b7ff ff4d | 8b5a 2848 | 83ec 304c | 8954 2428 | 498d 5228 

  0x0000028194636d60: ;   {runtime_call}
  0x0000028194636d60: 498b cb48 | b8b0 80f5 | 2aff 7f00 | 00ff d04c | 8bd8 4c8b | 5424 28c5 | f877 4883 | c430 e9e7 
  0x0000028194636d80: b6ff ff4d | 8b42 1048 | 83ec 304c | 8954 2428 | 498d 5210 

  0x0000028194636d94: ;   {runtime_call}
  0x0000028194636d94: 498b c848 | b8b0 80f5 | 2aff 7f00 | 00ff d04c | 8bc0 4c8b | 5424 28c5 | f877 4883 | c430 e9e5 
  0x0000028194636db4: b6ff ff4d | 8b93 d000 | 0000 4883 | ec30 4c89 | 5c24 2849 | 8d93 d000 | 0000 498b 

  0x0000028194636dd0: ;   {runtime_call}
  0x0000028194636dd0: ca48 b8b0 | 80f5 2aff | 7f00 00ff | d04c 8bd0 | 4c8b 5c24 | 28c5 f877 | 4883 c430 | e916 b7ff 
  0x0000028194636df0: ff4d 8b5a | 6848 83ec | 304c 8954 | 2428 498d | 5268 498b 

  0x0000028194636e04: ;   {runtime_call}
  0x0000028194636e04: cb48 b8b0 | 80f5 2aff | 7f00 00ff | d04c 8bd8 | 4c8b 5424 | 28c5 f877 | 4883 c430 | e9fe b6ff 
  0x0000028194636e24: ff4d 8b5a | 2848 83ec | 304c 8954 | 2428 498d | 5228 498b 

  0x0000028194636e38: ;   {runtime_call}
  0x0000028194636e38: cb48 b8b0 | 80f5 2aff | 7f00 00ff | d04c 8bd8 | 4c8b 5424 | 28c5 f877 | 4883 c430 | e9e1 b6ff 
  0x0000028194636e58: ff4d 8b5a | 1048 83ec | 304c 8954 | 2428 498d | 5210 498b 

  0x0000028194636e6c: ;   {runtime_call}
  0x0000028194636e6c: cb48 b8b0 | 80f5 2aff | 7f00 00ff | d04c 8bd8 | 4c8b 5424 | 28c5 f877 | 4883 c430 | e9df b6ff 
  0x0000028194636e8c: ff4c 8b5d | 2048 83ec | 304c 8954 | 2428 488d | 5520 498b 

  0x0000028194636ea0: ;   {runtime_call}
  0x0000028194636ea0: cb48 b8b0 | 80f5 2aff | 7f00 00ff | d04c 8bd8 | 4c8b 5424 | 28c5 f877 | 4883 c430 | e9ca b6ff 
  0x0000028194636ec0: ff4d 8b88 | a801 0000 | 4883 ec40 | 4c89 5424 | 384c 895c | 2430 4c89 | 4424 2849 | 8d90 a801 
  0x0000028194636ee0: 0000 498b 

  0x0000028194636ee4: ;   {runtime_call}
  0x0000028194636ee4: c948 b8b0 | 80f5 2aff | 7f00 00ff | d04c 8bc8 | 4c8b 4424 | 284c 8b5c | 2430 4c8b | 5424 38c5 
  0x0000028194636f04: f877 4883 | c440 e991 | b7ff ff4d | 8ba3 b800 | 0000 4883 | ec40 4c89 | 5424 384c | 895c 2430 
  0x0000028194636f24: 4c89 4424 | 2849 8d93 | b800 0000 

  0x0000028194636f30: ;   {runtime_call}
  0x0000028194636f30: 498b cc48 | b8b0 80f5 | 2aff 7f00 | 00ff d04c | 8be0 4c8b | 4424 284c | 8b5c 2430 | 4c8b 5424 
  0x0000028194636f50: 38c5 f877 | 4883 c440 | e98d b7ff | ff48 8b69 | 3848 83ec | 404c 8954 | 2438 4c89 | 5c24 3048 
  0x0000028194636f70: 894c 2428 | 488d 5138 

  0x0000028194636f78: ;   {runtime_call}
  0x0000028194636f78: 488b cd48 | b8b0 80f5 | 2aff 7f00 | 00ff d048 | 8be8 488b | 4c24 284c | 8b5c 2430 | 4c8b 5424 
  0x0000028194636f98: 38c5 f877 | 4883 c440 | e974 b7ff | ff4d 8b47 | 6049 83b8 | 3803 0000 | 000f 842e | 0000 0041 
  0x0000028194636fb8: 574d 8bb8 | 3803 0000 | 4983 ef10 | 4d89 b838 | 0300 004f | 8d3c 384d | 8d44 2440 | 4d89 074d 
  0x0000028194636fd8: 8b00 4d89 | 4708 415f | e938 b8ff | ff48 83ec | 504c 8954 | 2448 4c89 | 5c24 404c | 8944 2438 
  0x0000028194636ff8: 4889 4c24 | 3048 8944 | 2428 498d 

  0x0000028194637004: ;   {runtime_call}
  0x0000028194637004: 4c24 4048 | b810 82f5 | 2aff 7f00 | 00ff d048 | 8b44 2428 | 488b 4c24 | 304c 8b44 | 2438 4c8b 
  0x0000028194637024: 5c24 404c | 8b54 2448 | c5f8 7748 | 83c4 50eb | ab4d 8b57 | 6049 83ba | 3803 0000 | 000f 842d 
  0x0000028194637044: 0000 0041 | 574d 8bba | 3803 0000 | 4983 ef10 | 4d89 ba38 | 0300 004f | 8d3c 3a4d | 8d53 484d 
  0x0000028194637064: 8917 4d8b | 124d 8957 | 0841 5fe9 | c5b8 ffff | 4883 ec40 | 4c89 5424 | 384c 895c | 2430 4889 
  0x0000028194637084: 4424 2849 

  0x0000028194637088: ;   {runtime_call}
  0x0000028194637088: 8d4b 4848 | b810 82f5 | 2aff 7f00 | 00ff d048 | 8b44 2428 | 4c8b 5c24 | 304c 8b54 | 2438 c5f8 
  0x00000281946370a8: 7748 83c4 | 40eb c04d | 8b93 b800 | 0000 4883 | ec40 c5f9 | d654 2438 | c5f9 d644 | 2430 4c89 
  0x00000281946370c8: 5c24 2849 | 8d93 b800 | 0000 498b 

  0x00000281946370d4: ;   {runtime_call}
  0x00000281946370d4: ca48 b8b0 | 80f5 2aff | 7f00 00ff | d04c 8bd0 | 4c8b 5c24 | 28c5 f877 | c5fa 7e44 | 2430 c5fa 
  0x00000281946370f4: 7e54 2438 | 4883 c440 | e982 b8ff | ff4d 8b5a | 1048 83ec | 304c 8954 | 2428 498d | 5210 498b 
  0x0000028194637114: ;   {runtime_call}
  0x0000028194637114: cb48 b8b0 | 80f5 2aff | 7f00 00ff | d04c 8bd8 | 4c8b 5424 | 28c5 f877 | 4883 c430 | e93d b9ff 
  0x0000028194637134: ff4c 8b45 | 1048 83ec | 304c 8954 | 2428 488d | 5510 498b 

  0x0000028194637148: ;   {runtime_call}
  0x0000028194637148: c848 b8b0 | 80f5 2aff | 7f00 00ff | d04c 8bc0 | 4c8b 5424 | 28c5 f877 | 4883 c430 | e94a b9ff 
  0x0000028194637168: ff4c 8b5d | 4048 83ec | 304c 8954 | 2428 4c89 | 4424 2048 | 8d55 4049 

  0x0000028194637180: ;   {runtime_call}
  0x0000028194637180: 8bcb 48b8 | b080 f52a | ff7f 0000 | ffd0 4c8b | d84c 8b44 | 2420 4c8b | 5424 28c5 | f877 4883 
  0x00000281946371a0: c430 e91a | b9ff ff48 | 8b59 6048 | 83ec 404c | 8954 2438 | 4c89 5c24 | 3048 894c | 2428 488d 
  0x00000281946371c0: 5160 488b 

  0x00000281946371c4: ;   {runtime_call}
  0x00000281946371c4: cb48 b8b0 | 80f5 2aff | 7f00 00ff | d048 8bd8 | 488b 4c24 | 284c 8b5c | 2430 4c8b | 5424 38c5 
  0x00000281946371e4: f877 4883 | c440 e9ed | b8ff ff4c | 8b43 1848 | 83ec 404c | 8954 2438 | 4c89 5c24 | 3048 894c 
  0x0000028194637204: 2428 488d | 5318 498b 

  0x000002819463720c: ;   {runtime_call}
  0x000002819463720c: c848 b8b0 | 80f5 2aff | 7f00 00ff | d04c 8bc0 | 488b 4c24 | 284c 8b5c | 2430 4c8b | 5424 38c5 
  0x000002819463722c: f877 4883 | c440 e9bc | b8ff ff4b | 8b7c c810 | 4883 ec50 | 4c89 5424 | 484c 895c | 2440 4c89 
  0x000002819463724c: 4424 384c | 894c 2430 | 4889 4c24 | 284b 8d54 | c810 488b 

  0x0000028194637260: ;   {runtime_call}
  0x0000028194637260: cf48 b8b0 | 80f5 2aff | 7f00 00ff | d048 8bf8 | 488b 4c24 | 284c 8b4c | 2430 4c8b | 4424 384c 
  0x0000028194637280: 8b5c 2440 | 4c8b 5424 | 48c5 f877 | 4883 c450 | e986 b8ff | ff4c 8b47 | 1048 83ec | 504c 8954 
  0x00000281946372a0: 2448 4c89 | 5c24 404c | 894c 2438 | 4889 4c24 | 3048 897c | 2428 488d | 5710 498b 

  0x00000281946372bc: ;   {runtime_call}
  0x00000281946372bc: c848 b8a0 | 81f5 2aff | 7f00 00ff | d04c 8bc0 | 488b 7c24 | 2848 8b4c | 2430 4c8b | 4c24 384c 
  0x00000281946372dc: 8b5c 2440 | 4c8b 5424 | 48c5 f877 | 4883 c450 | e948 b8ff | ff4c 8b4f | 3048 83ec | 404c 8954 
  0x00000281946372fc: 2438 4c89 | 5c24 3048 | 894c 2428 | 4889 7c24 | 2048 8d57 | 3049 8bc9 

  0x0000028194637314: ;   {runtime_call}
  0x0000028194637314: 48b8 b080 | f52a ff7f | 0000 ffd0 | 4c8b c848 | 8b7c 2420 | 488b 4c24 | 284c 8b5c | 2430 4c8b 
  0x0000028194637334: 5424 38c5 | f877 4883 | c440 e917 | b8ff ff49 | 8b79 2848 | 83ec 404c | 8954 2438 | 4c89 5c24 
  0x0000028194637354: 304c 894c | 2428 4889 | 4c24 2049 | 8d51 2848 

  0x0000028194637364: ;   {runtime_call}
  0x0000028194637364: 8bcf 48b8 | b080 f52a | ff7f 0000 | ffd0 488b | f848 8b4c | 2420 4c8b | 4c24 284c | 8b5c 2430 
  0x0000028194637384: 4c8b 5424 | 38c5 f877 | 4883 c440 | e9e4 b7ff | ff4d 8b48 | 2848 83ec | 304c 8944 | 2428 498d 
  0x00000281946373a4: 5028 498b 

  0x00000281946373a8: ;   {runtime_call}
  0x00000281946373a8: c948 b8b0 | 80f5 2aff | 7f00 00ff | d04c 8bc8 | 4c8b 4424 | 28c5 f877 | 4883 c430 | e9fe b8ff 
  0x00000281946373c8: ff4c 8b45 | 1048 83ec | 304c 895c | 2428 488d | 5510 498b 

  0x00000281946373dc: ;   {runtime_call}
  0x00000281946373dc: c848 b8b0 | 80f5 2aff | 7f00 00ff | d04c 8bc0 | 4c8b 5c24 | 28c5 f877 | 4883 c430 | e902 b9ff 
  0x00000281946373fc: ff4c 8b55 | 4848 83ec | 304c 895c | 2428 4c89 | 4424 2048 | 8d55 4849 

  0x0000028194637414: ;   {runtime_call}
  0x0000028194637414: 8bca 48b8 | b080 f52a | ff7f 0000 | ffd0 4c8b | d04c 8b44 | 2420 4c8b | 5c24 28c5 | f877 4883 
  0x0000028194637434: c430 e9d2 | b8ff ff48 | 8b70 6048 | 83ec 404c | 8954 2438 | 4c89 5c24 | 3048 8944 | 2428 488d 
  0x0000028194637454: 5060 488b 

  0x0000028194637458: ;   {runtime_call}
  0x0000028194637458: ce48 b8b0 | 80f5 2aff | 7f00 00ff | d048 8bf0 | 488b 4424 | 284c 8b5c | 2430 4c8b | 5424 38c5 
  0x0000028194637478: f877 4883 | c440 e9a5 | b8ff ff48 | 8b5e 1848 | 83ec 404c | 8954 2438 | 4c89 5c24 | 3048 8974 
  0x0000028194637498: 2428 4889 | 4424 2048 | 8d56 1848 

  0x00000281946374a4: ;   {runtime_call}
  0x00000281946374a4: 8bcb 48b8 | b080 f52a | ff7f 0000 | ffd0 488b | d848 8b44 | 2420 488b | 7424 284c | 8b5c 2430 
  0x00000281946374c4: 4c8b 5424 | 38c5 f877 | 4883 c440 | e96a b8ff | ff4a 8b7c | cb10 4883 | ec50 4c89 | 5424 484c 
  0x00000281946374e4: 895c 2440 | 4c89 4c24 | 3848 8974 | 2430 4889 | 4424 284a | 8d54 cb10 

  0x00000281946374fc: ;   {runtime_call}
  0x00000281946374fc: 488b cf48 | b8b0 80f5 | 2aff 7f00 | 00ff d048 | 8bf8 488b | 4424 2848 | 8b74 2430 | 4c8b 4c24 
  0x000002819463751c: 384c 8b5c | 2440 4c8b | 5424 48c5 | f877 4883 | c450 e933 | b8ff ff4c | 8b47 1048 | 83ec 504c 
  0x000002819463753c: 8954 2448 | 4c89 5c24 | 404c 894c | 2438 4889 | 7c24 3048 | 8974 2428 | 4889 4424 | 2048 8d57 
  0x000002819463755c: 1049 8bc8 

  0x0000028194637560: ;   {runtime_call}
  0x0000028194637560: 48b8 a081 | f52a ff7f | 0000 ffd0 | 4c8b c048 | 8b44 2420 | 488b 7424 | 2848 8b7c | 2430 4c8b 
  0x0000028194637580: 4c24 384c | 8b5c 2440 | 4c8b 5424 | 48c5 f877 | 4883 c450 | e9eb b7ff | ff48 8b4f | 3048 83ec 
  0x00000281946375a0: 404c 8954 | 2438 4c89 | 5c24 3048 | 897c 2428 | 488d 5730 

  0x00000281946375b4: ;   {runtime_call}
  0x00000281946375b4: 48b8 b080 | f52a ff7f | 0000 ffd0 | 488b c848 | 8b7c 2428 | 4c8b 5c24 | 304c 8b54 | 2438 c5f8 
  0x00000281946375d4: 7748 83c4 | 40e9 c7b7 | ffff 488b | 7928 4883 | ec40 4c89 | 5424 384c | 895c 2430 | 4889 4c24 
  0x00000281946375f4: 2848 8d51 | 2848 8bcf 

  0x00000281946375fc: ;   {runtime_call}
  0x00000281946375fc: 48b8 b080 | f52a ff7f | 0000 ffd0 | 488b f848 | 8b4c 2428 | 4c8b 5c24 | 304c 8b54 | 2438 c5f8 
  0x000002819463761c: 7748 83c4 | 40e9 9eb7 | ffff 4c8b | 5d10 4883 | ec30 4c89 | 5424 2848 | 8d55 1049 

  0x0000028194637638: ;   {runtime_call}
  0x0000028194637638: 8bcb 48b8 | b080 f52a | ff7f 0000 | ffd0 4c8b | d84c 8b54 | 2428 c5f8 | 7748 83c4 | 30e9 74b9 
  0x0000028194637658: ffff 4c8b | 5d10 4883 | ec30 4c89 | 5424 2848 | 8d55 1049 

  0x000002819463766c: ;   {runtime_call}
  0x000002819463766c: 8bcb 48b8 | b080 f52a | ff7f 0000 | ffd0 4c8b | d84c 8b54 | 2428 c5f8 | 7748 83c4 | 30e9 74b9 
  0x000002819463768c: ffff 4c8b | 5d10 4883 | ec30 4c89 | 5424 2848 | 8d55 1049 

  0x00000281946376a0: ;   {runtime_call}
  0x00000281946376a0: 8bcb 48b8 | b080 f52a | ff7f 0000 | ffd0 4c8b | d84c 8b54 | 2428 c5f8 | 7748 83c4 | 30e9 74b9 
  0x00000281946376c0: ffff 4c8b | 5d10 4883 | ec30 4c89 | 5424 2848 | 8d55 1049 

  0x00000281946376d4: ;   {runtime_call}
  0x00000281946376d4: 8bcb 48b8 | b080 f52a | ff7f 0000 | ffd0 4c8b | d84c 8b54 | 2428 c5f8 | 7748 83c4 | 30e9 74b9 
  0x00000281946376f4: ffff 4c8b | 5d10 4883 | ec30 4c89 | 5424 2848 | 8d55 1049 

  0x0000028194637708: ;   {runtime_call}
  0x0000028194637708: 8bcb 48b8 | b080 f52a | ff7f 0000 | ffd0 4c8b | d84c 8b54 | 2428 c5f8 | 7748 83c4 | 30e9 74b9 
  0x0000028194637728: ffff 4c8b | 5d10 4883 | ec30 4c89 | 5424 2848 | 8d55 1049 

  0x000002819463773c: ;   {runtime_call}
  0x000002819463773c: 8bcb 48b8 | b080 f52a | ff7f 0000 | ffd0 4c8b | d84c 8b54 | 2428 c5f8 | 7748 83c4 | 30e9 74b9 
  0x000002819463775c: ffff 4d8b | 5a10 4883 | ec30 4c89 | 5424 2849 | 8d52 1049 

  0x0000028194637770: ;   {runtime_call}
  0x0000028194637770: 8bcb 48b8 | b080 f52a | ff7f 0000 | ffd0 4c8b | d84c 8b54 | 2428 c5f8 | 7748 83c4 | 30e9 f4b9 
  0x0000028194637790: ffff 498b | 92b8 0000 | 0048 83ec | 304c 8954 | 2428 4c89 | 5c24 2048 | 8bca 498d | 92b8 0000 
  0x00000281946377b0: ;   {runtime_call}
  0x00000281946377b0: 0048 b8b0 | 80f5 2aff | 7f00 00ff | d048 8bd0 | 4c8b 5c24 | 204c 8b54 | 2428 c5f8 | 7748 83c4 
  0x00000281946377d0: 30e9 f6b9 | ffff 498b | 92c0 0000 | 0048 83ec | 304c 8954 | 2428 488b | ca49 8d92 | c000 0000 
  0x00000281946377f0: ;   {runtime_call}
  0x00000281946377f0: 48b8 b080 | f52a ff7f | 0000 ffd0 | 488b d04c | 8b54 2428 | c5f8 7748 | 83c4 30e9 | 03ba ffff 
  0x0000028194637810: 488b 95e0 | 0000 0048 | 83ec 2048 | 8bca 488d | 95e0 0000 

  0x0000028194637824: ;   {runtime_call}
  0x0000028194637824: 0048 b8b0 | 80f5 2aff | 7f00 00ff | d048 8bd0 | c5f8 7748 | 83c4 20e9 | 71ba ffff | 4d8b 4218 
  0x0000028194637844: 4883 ec30 | 4c89 5424 | 2849 8d52 | 1849 8bc8 

  0x0000028194637854: ;   {runtime_call}
  0x0000028194637854: 48b8 b080 | f52a ff7f | 0000 ffd0 | 4c8b c04c | 8b54 2428 | c5f8 7748 | 83c4 30e9 | a3ba ffff 
  0x0000028194637874: 488b 9518 | 0100 0048 | 83ec 2048 | 8bca 488d | 9518 0100 

  0x0000028194637888: ;   {runtime_call}
  0x0000028194637888: 0048 b8b0 | 80f5 2aff | 7f00 00ff | d048 8bd0 | c5f8 7748 | 83c4 20e9 | a9ba ffff | 488b 5530 
  0x00000281946378a8: 4883 ec20 | 488b ca48 

  0x00000281946378b0: ;   {runtime_call}
  0x00000281946378b0: 8d55 3048 | b8b0 80f5 | 2aff 7f00 | 00ff d048 | 8bd0 c5f8 | 7748 83c4 | 20e9 e5ba | ffff 498b 
  0x00000281946378d0: 92d0 0000 | 0048 83ec | 304c 8954 | 2428 488b | ca49 8d92 | d000 0000 

  0x00000281946378e8: ;   {runtime_call}
  0x00000281946378e8: 48b8 b080 | f52a ff7f | 0000 ffd0 | 488b d04c | 8b54 2428 | c5f8 7748 | 83c4 30e9 | ebba ffff 
  0x0000028194637908: 488b 5528 | 4883 ec20 | 488b ca48 

  0x0000028194637914: ;   {runtime_call}
  0x0000028194637914: 8d55 2848 | b8b0 80f5 | 2aff 7f00 | 00ff d048 | 8bd0 c5f8 | 7748 83c4 | 20e9 24bb | ffff 498b 
  0x0000028194637934: 92c0 0000 | 0048 83ec | 304c 8954 | 2428 488b | ca49 8d92 | c000 0000 

  0x000002819463794c: ;   {runtime_call}
  0x000002819463794c: 48b8 b080 | f52a ff7f | 0000 ffd0 | 488b d04c | 8b54 2428 | c5f8 7748 | 83c4 30e9 | 2bbb ffff 
  0x000002819463796c: 488b 5510 | 4883 ec20 | 488b ca48 

  0x0000028194637978: ;   {runtime_call}
  0x0000028194637978: 8d55 1048 | b8b0 80f5 | 2aff 7f00 | 00ff d048 | 8bd0 c5f8 | 7748 83c4 | 20e9 94bb | ffff 488b 
  0x0000028194637998: 5510 4883 | ec20 488b | ca48 8d55 

  0x00000281946379a4: ;   {runtime_call}
  0x00000281946379a4: 1048 b8b0 | 80f5 2aff | 7f00 00ff | d048 8bd0 | c5f8 7748 | 83c4 20e9 | e2bb ffff | 4d8b 1a48 
  0x00000281946379c4: 83ec 304c | 8954 2428 | 4c89 4424 | 2049 8d12 

  0x00000281946379d4: ;   {runtime_call}
  0x00000281946379d4: 498b cb48 | b8b0 80f5 | 2aff 7f00 | 00ff d04c | 8bd8 4c8b | 4424 204c | 8b54 2428 | c5f8 7748 
  0x00000281946379f4: 83c4 30e9 | 2cbc ffff | 488b 6e10 | 4883 ec30 | 4889 7424 | 2848 8d56 | 1048 8bcd 

  0x0000028194637a10: ;   {runtime_call}
  0x0000028194637a10: 48b8 b080 | f52a ff7f | 0000 ffd0 | 488b e848 | 8b74 2428 | c5f8 7748 | 83c4 30e9 | 43bc ffff 
  0x0000028194637a30: 4d8b 6178 | 4883 ec40 | 4c89 5c24 | 384c 894c | 2430 4889 | 7424 2849 | 8d51 7849 

  0x0000028194637a4c: ;   {runtime_call}
  0x0000028194637a4c: 8bcc 48b8 | b080 f52a | ff7f 0000 | ffd0 4c8b | e048 8b74 | 2428 4c8b | 4c24 304c | 8b5c 2438 
  0x0000028194637a6c: c5f8 7748 | 83c4 40e9 | 85bc ffff | 488b 7b10 | 4883 ec40 | 4c89 5c24 | 384c 894c | 2430 4889 
  0x0000028194637a8c: 7424 2848 | 8d53 1048 

  0x0000028194637a94: ;   {runtime_call}
  0x0000028194637a94: 8bcf 48b8 | b080 f52a | ff7f 0000 | ffd0 488b | f848 8b74 | 2428 4c8b | 4c24 304c | 8b5c 2438 
  0x0000028194637ab4: c5f8 7748 | 83c4 40e9 | 4bbc ffff | 498b 8980 | 0000 0048 | 83ec 404c | 895c 2438 | 4c89 4c24 
  0x0000028194637ad4: 3048 897c | 2428 4889 | 7424 2049 | 8d91 8000 

  0x0000028194637ae4: ;   {runtime_call}
  0x0000028194637ae4: 0000 48b8 | b080 f52a | ff7f 0000 | ffd0 488b | c848 8b74 | 2420 488b | 7c24 284c | 8b4c 2430 
  0x0000028194637b04: 4c8b 5c24 | 38c5 f877 | 4883 c440 | e907 bcff | ff4d 8b41 | 2048 83ec | 504c 895c | 2448 4c89 
  0x0000028194637b24: 4c24 4048 | 894c 2438 | 4889 7c24 | 3048 8974 | 2428 498d | 5120 498b 

  0x0000028194637b3c: ;   {runtime_call}
  0x0000028194637b3c: c848 b8b0 | 80f5 2aff | 7f00 00ff | d04c 8bc0 | 488b 7424 | 2848 8b7c | 2430 488b | 4c24 384c 
  0x0000028194637b5c: 8b4c 2440 | 4c8b 5c24 | 48c5 f877 | 4883 c450 | e9ca bbff | ff4d 8b50 | 1048 83ec | 504c 895c 
  0x0000028194637b7c: 2448 4c89 | 4424 404c | 894c 2438 | 4889 4c24 | 3048 897c | 2428 4889 | 7424 2049 | 8d50 1049 
  0x0000028194637b9c: ;   {runtime_call}
  0x0000028194637b9c: 8bca 48b8 | b080 f52a | ff7f 0000 | ffd0 4c8b | d048 8b74 | 2420 488b | 7c24 2848 | 8b4c 2430 
  0x0000028194637bbc: 4c8b 4c24 | 384c 8b44 | 2440 4c8b | 5c24 48c5 | f877 4883 | c450 e9b0 | bbff ff49 | 8b40 1048 
  0x0000028194637bdc: 83ec 604c | 8954 2458 | 4c89 5c24 | 504c 8944 | 2448 4c89 | 4c24 4048 | 894c 2438 | 4889 7c24 
  0x0000028194637bfc: 3048 8974 | 2428 498d | 5010 488b 

  0x0000028194637c08: ;   {runtime_call}
  0x0000028194637c08: c848 b8b0 | 80f5 2aff | 7f00 00ff | d048 8b74 | 2428 488b | 7c24 3048 | 8b4c 2438 | 4c8b 4c24 
  0x0000028194637c28: 404c 8b44 | 2448 4c8b | 5c24 504c | 8b54 2458 | c5f8 7748 | 83c4 60e9 | 64bb ffff | 4d8b 4760 
  0x0000028194637c48: 4983 b838 | 0300 0000 | 0f84 2d00 | 0000 4157 | 4d8b b838 | 0300 0049 | 83ef 104d | 89b8 3803 
  0x0000028194637c68: 0000 4f8d | 3c38 4c8d | 4740 4d89 | 074d 8b00 | 4d89 4708 | 415f e932 | bbff ff48 | 83ec 604c 
  0x0000028194637c88: 8954 2458 | 4c89 5c24 | 504c 8944 | 2448 4c89 | 4c24 4048 | 894c 2438 | 4889 7c24 | 3048 8974 
  0x0000028194637ca8: 2428 4889 | 4424 2048 

  0x0000028194637cb0: ;   {runtime_call}
  0x0000028194637cb0: 8d4f 4048 | b810 82f5 | 2aff 7f00 | 00ff d048 | 8b44 2420 | 488b 7424 | 2848 8b7c | 2430 488b 
  0x0000028194637cd0: 4c24 384c | 8b4c 2440 | 4c8b 4424 | 484c 8b5c | 2450 4c8b | 5424 58c5 | f877 4883 | c460 eb8e 
  0x0000028194637cf0: 4c8b 5030 | 4883 ec50 | 4c89 5c24 | 484c 894c | 2440 4889 | 4c24 3848 | 897c 2430 | 4889 7424 
  0x0000028194637d10: 2848 8944 | 2420 488d | 5030 498b 

  0x0000028194637d1c: ;   {runtime_call}
  0x0000028194637d1c: ca48 b8b0 | 80f5 2aff | 7f00 00ff | d04c 8bd0 | 488b 4424 | 2048 8b74 | 2428 488b | 7c24 3048 
  0x0000028194637d3c: 8b4c 2438 | 4c8b 4c24 | 404c 8b5c | 2448 c5f8 | 7748 83c4 | 50e9 90ba | ffff 498b | 54ea 1048 
  0x0000028194637d5c: 83ec 604c | 8954 2458 | 4c89 5c24 | 504c 8944 | 2448 4c89 | 4c24 4048 | 894c 2438 | 4889 7c24 
  0x0000028194637d7c: 3048 8974 | 2428 488b | ca49 8d54 

  0x0000028194637d88: ;   {runtime_call}
  0x0000028194637d88: ea10 48b8 | b080 f52a | ff7f 0000 | ffd0 488b | d048 8b74 | 2428 488b | 7c24 3048 | 8b4c 2438 
  0x0000028194637da8: 4c8b 4c24 | 404c 8b44 | 2448 4c8b | 5c24 504c | 8b54 2458 | c5f8 7748 | 83c4 60e9 | 83ba ffff 
  0x0000028194637dc8: 4c8b 5210 | 4883 ec60 | 4c89 5c24 | 584c 8944 | 2450 4c89 | 4c24 4848 | 894c 2440 | 4889 7c24 
  0x0000028194637de8: 3848 8954 | 2430 4889 | 7424 2848 | 8d52 1049 

  0x0000028194637df8: ;   {runtime_call}
  0x0000028194637df8: 8bca 48b8 | b080 f52a | ff7f 0000 | ffd0 4c8b | d048 8b74 | 2428 488b | 5424 3048 | 8b7c 2438 
  0x0000028194637e18: 488b 4c24 | 404c 8b4c | 2448 4c8b | 4424 504c | 8b5c 2458 | c5f8 7748 | 83c4 60e9 | 33ba ffff 
  0x0000028194637e38: 4c8b 6a20 | 4883 ec60 | 4c89 5c24 | 584c 8944 | 2450 4c89 | 4c24 4848 | 894c 2440 | 4889 7c24 
  0x0000028194637e58: 3848 8954 | 2430 4889 | 7424 2848 | 8d52 2049 

  0x0000028194637e68: ;   {runtime_call}
  0x0000028194637e68: 8bcd 48b8 | b080 f52a | ff7f 0000 | ffd0 4c8b | e848 8b74 | 2428 488b | 5424 3048 | 8b7c 2438 
  0x0000028194637e88: 488b 4c24 | 404c 8b4c | 2448 4c8b | 4424 504c | 8b5c 2458 | c5f8 7748 | 83c4 60e9 | e4b9 ffff 
  0x0000028194637ea8: 4c8b 4218 | 4883 ec50 | 4c89 5c24 | 484c 894c | 2440 4889 | 4c24 3848 | 897c 2430 | 4889 5424 
  0x0000028194637ec8: 2848 8974 | 2420 488d | 5218 498b 

  0x0000028194637ed4: ;   {runtime_call}
  0x0000028194637ed4: c848 b8b0 | 80f5 2aff | 7f00 00ff | d04c 8bc0 | 488b 7424 | 2048 8b54 | 2428 488b | 7c24 3048 
  0x0000028194637ef4: 8b4c 2438 | 4c8b 4c24 | 404c 8b5c | 2448 c5f8 | 7748 83c4 | 50e9 0cba | ffff 498b | 5010 4883 
  0x0000028194637f14: ec50 4c89 | 5c24 484c | 8944 2440 | 4c89 4c24 | 3848 894c | 2430 4889 | 7c24 2848 | 8974 2420 
  0x0000028194637f34: 488b ca49 

  0x0000028194637f38: ;   {runtime_call}
  0x0000028194637f38: 8d50 1048 | b8b0 80f5 | 2aff 7f00 | 00ff d048 | 8bd0 488b | 7424 2048 | 8b7c 2428 | 488b 4c24 
  0x0000028194637f58: 304c 8b4c | 2438 4c8b | 4424 404c | 8b5c 2448 | c5f8 7748 | 83c4 50e9 | ceb9 ffff | 4c8b 5810 
  0x0000028194637f78: 4883 ec30 | 4889 4424 | 2848 8d50 | 1049 8bcb 

  0x0000028194637f88: ;   {runtime_call}
  0x0000028194637f88: 48b8 b080 | f52a ff7f | 0000 ffd0 | 4c8b d848 | 8b44 2428 | c5f8 7748 | 83c4 30e9 | fbb9 ffff 
  0x0000028194637fa8: 498b 6d20 | 4883 ec60 | 4c89 5c24 | 584c 8944 | 2450 4c89 | 4c24 4848 | 894c 2440 | 4889 7c24 
  0x0000028194637fc8: 3848 8974 | 2430 4889 | 4424 2849 | 8d55 2048 

  0x0000028194637fd8: ;   {runtime_call}
  0x0000028194637fd8: 8bcd 48b8 | b080 f52a | ff7f 0000 | ffd0 488b | e848 8b44 | 2428 488b | 7424 3048 | 8b7c 2438 
  0x0000028194637ff8: 488b 4c24 | 404c 8b4c | 2448 4c8b | 4424 504c | 8b5c 2458 | c5f8 7748 | 83c4 60e9 | 79bb ffff 
  0x0000028194638018: 4d8b 5510 | 4883 ec50 | 4c89 5c24 | 484c 8944 | 2440 4c89 | 4c24 3848 | 894c 2430 | 4889 7c24 
  0x0000028194638038: 2848 8974 | 2420 498d | 5510 498b 

  0x0000028194638044: ;   {runtime_call}
  0x0000028194638044: ca48 b8b0 | 80f5 2aff | 7f00 00ff | d04c 8bd0 | 488b 7424 | 2048 8b7c | 2428 488b | 4c24 304c 
  0x0000028194638064: 8b4c 2438 | 4c8b 4424 | 404c 8b5c | 2448 c5f8 | 7748 83c4 | 50e9 38bb | ffff 498b | 5a20 4883 
  0x0000028194638084: ec40 4c89 | 5424 384c | 8944 2430 | 4c89 4c24 | 2848 894c | 2420 498d | 5220 488b 

  0x00000281946380a0: ;   {runtime_call}
  0x00000281946380a0: cb48 b8b0 | 80f5 2aff | 7f00 00ff | d048 8bd8 | 488b 4c24 | 204c 8b4c | 2428 4c8b | 4424 304c 
  0x00000281946380c0: 8b54 2438 | c5f8 7748 | 83c4 40e9 | 12bb ffff | 4d8b 5a10 | 4883 ec40 | 4c89 5424 | 384c 8944 
  0x00000281946380e0: 2430 4c89 | 4c24 2849 | 8d52 1049 

  0x00000281946380ec: ;   {runtime_call}
  0x00000281946380ec: 8bcb 48b8 | b080 f52a | ff7f 0000 | ffd0 4c8b | d84c 8b4c | 2428 4c8b | 4424 304c | 8b54 2438 
  0x000002819463810c: c5f8 7748 | 83c4 40e9 | efba ffff | 4d8b 6128 | 4883 ec40 | 4c89 5424 | 384c 894c | 2430 4889 
  0x000002819463812c: 4424 2849 | 8d51 2849 

  0x0000028194638134: ;   {runtime_call}
  0x0000028194638134: 8bcc 48b8 | b080 f52a | ff7f 0000 | ffd0 4c8b | e048 8b44 | 2428 4c8b | 4c24 304c | 8b54 2438 
  0x0000028194638154: c5f8 7748 | 83c4 40e9 | 26e5 ffff 

  0x0000028194638160: ;   {internal_word}
  0x0000028194638160: 49ba e435 | 6394 8102 | 0000 4d89 | 9760 0400 

  0x0000028194638170: ;   {runtime_call SafepointBlob}
  0x0000028194638170: 00e9 0ae0 

  0x0000028194638174: ;   {runtime_call StubRoutines (final stubs)}
  0x0000028194638174: 81fd e825 | 7280 fde9 | ae9b ffff 
[Stub Code]
  0x0000028194638180: ;   {no_reloc}
  0x0000028194638180: 48bb 0000 | 0000 0000 

  0x0000028194638188: ;   {runtime_call nmethod}
  0x0000028194638188: 0000 e9fb 

  0x000002819463818c: ;   {static_stub}
  0x000002819463818c: ffff ff48 | bb00 0000 | 0000 0000 

  0x0000028194638198: ;   {runtime_call nmethod}
  0x0000028194638198: 00e9 fbff 

  0x000002819463819c: ;   {static_stub}
  0x000002819463819c: ffff 48bb | 0000 0000 | 0000 0000 

  0x00000281946381a8: ;   {runtime_call nmethod}
  0x00000281946381a8: e9fb ffff 

  0x00000281946381ac: ;   {static_stub}
  0x00000281946381ac: ff48 bb00 | 0000 0000 

  0x00000281946381b4: ;   {runtime_call nmethod}
  0x00000281946381b4: 0000 00e9 | fbff ffff 

  0x00000281946381bc: ;   {static_stub}
  0x00000281946381bc: 48bb 0000 | 0000 0000 

  0x00000281946381c4: ;   {runtime_call nmethod}
  0x00000281946381c4: 0000 e9fb 

  0x00000281946381c8: ;   {static_stub}
  0x00000281946381c8: ffff ff48 | bb00 0000 | 0000 0000 

  0x00000281946381d4: ;   {runtime_call nmethod}
  0x00000281946381d4: 00e9 fbff 

  0x00000281946381d8: ;   {static_stub}
  0x00000281946381d8: ffff 48bb | 0000 0000 | 0000 0000 

  0x00000281946381e4: ;   {runtime_call nmethod}
  0x00000281946381e4: e9fb ffff 

  0x00000281946381e8: ;   {static_stub}
  0x00000281946381e8: ff48 bb00 | 0000 0000 

  0x00000281946381f0: ;   {runtime_call nmethod}
  0x00000281946381f0: 0000 00e9 | fbff ffff 

  0x00000281946381f8: ;   {static_stub}
  0x00000281946381f8: 48bb 0000 | 0000 0000 

  0x0000028194638200: ;   {runtime_call nmethod}
  0x0000028194638200: 0000 e9fb 

  0x0000028194638204: ;   {static_stub}
  0x0000028194638204: ffff ff48 | bb00 0000 | 0000 0000 

  0x0000028194638210: ;   {runtime_call nmethod}
  0x0000028194638210: 00e9 fbff 

  0x0000028194638214: ;   {static_stub}
  0x0000028194638214: ffff 48bb | 0000 0000 | 0000 0000 

  0x0000028194638220: ;   {runtime_call nmethod}
  0x0000028194638220: e9fb ffff 

  0x0000028194638224: ;   {static_stub}
  0x0000028194638224: ff48 bb00 | 0000 0000 

  0x000002819463822c: ;   {runtime_call nmethod}
  0x000002819463822c: 0000 00e9 | fbff ffff 

  0x0000028194638234: ;   {static_stub}
  0x0000028194638234: 48bb 0000 | 0000 0000 

  0x000002819463823c: ;   {runtime_call nmethod}
  0x000002819463823c: 0000 e9fb 

  0x0000028194638240: ;   {static_stub}
  0x0000028194638240: ffff ff48 | bb00 0000 | 0000 0000 

  0x000002819463824c: ;   {runtime_call nmethod}
  0x000002819463824c: 00e9 fbff 

  0x0000028194638250: ;   {static_stub}
  0x0000028194638250: ffff 48bb | 0000 0000 | 0000 0000 

  0x000002819463825c: ;   {runtime_call nmethod}
  0x000002819463825c: e9fb ffff 

  0x0000028194638260: ;   {static_stub}
  0x0000028194638260: ff48 bb00 | 0000 0000 

  0x0000028194638268: ;   {runtime_call nmethod}
  0x0000028194638268: 0000 00e9 | fbff ffff 

  0x0000028194638270: ;   {static_stub}
  0x0000028194638270: 48bb 0000 | 0000 0000 

  0x0000028194638278: ;   {runtime_call nmethod}
  0x0000028194638278: 0000 e9fb 

  0x000002819463827c: ;   {static_stub}
  0x000002819463827c: ffff ff48 | bb00 0000 | 0000 0000 

  0x0000028194638288: ;   {runtime_call nmethod}
  0x0000028194638288: 00e9 fbff 

  0x000002819463828c: ;   {static_stub}
  0x000002819463828c: ffff 48bb | 0000 0000 | 0000 0000 

  0x0000028194638298: ;   {runtime_call nmethod}
  0x0000028194638298: e9fb ffff 

  0x000002819463829c: ;   {static_stub}
  0x000002819463829c: ff48 bb00 | 0000 0000 

  0x00000281946382a4: ;   {runtime_call nmethod}
  0x00000281946382a4: 0000 00e9 | fbff ffff 

  0x00000281946382ac: ;   {static_stub}
  0x00000281946382ac: 48bb 0000 | 0000 0000 

  0x00000281946382b4: ;   {runtime_call nmethod}
  0x00000281946382b4: 0000 e9fb 

  0x00000281946382b8: ;   {static_stub}
  0x00000281946382b8: ffff ff48 | bb00 0000 | 0000 0000 

  0x00000281946382c4: ;   {runtime_call nmethod}
  0x00000281946382c4: 00e9 fbff 

  0x00000281946382c8: ;   {static_stub}
  0x00000281946382c8: ffff 48bb | 0000 0000 | 0000 0000 

  0x00000281946382d4: ;   {runtime_call nmethod}
  0x00000281946382d4: e9fb ffff 

  0x00000281946382d8: ;   {static_stub}
  0x00000281946382d8: ff48 bb00 | 0000 0000 

  0x00000281946382e0: ;   {runtime_call nmethod}
  0x00000281946382e0: 0000 00e9 | fbff ffff 

  0x00000281946382e8: ;   {static_stub}
  0x00000281946382e8: 48bb 0000 | 0000 0000 

  0x00000281946382f0: ;   {runtime_call nmethod}
  0x00000281946382f0: 0000 e9fb 

  0x00000281946382f4: ;   {static_stub}
  0x00000281946382f4: ffff ff48 | bb00 0000 | 0000 0000 

  0x0000028194638300: ;   {runtime_call nmethod}
  0x0000028194638300: 00e9 fbff 

  0x0000028194638304: ;   {static_stub}
  0x0000028194638304: ffff 48bb | 0000 0000 | 0000 0000 

  0x0000028194638310: ;   {runtime_call nmethod}
  0x0000028194638310: e9fb ffff 

  0x0000028194638314: ;   {static_stub}
  0x0000028194638314: ff48 bb00 | 0000 0000 

  0x000002819463831c: ;   {runtime_call nmethod}
  0x000002819463831c: 0000 00e9 | fbff ffff 

  0x0000028194638324: ;   {static_stub}
  0x0000028194638324: 48bb b8bb | 86e7 8502 

  0x000002819463832c: ;   {runtime_call I2C/C2I adapters}
  0x000002819463832c: 0000 e947 

  0x0000028194638330: ;   {static_stub}
  0x0000028194638330: c381 fd48 | bb00 0000 | 0000 0000 

  0x000002819463833c: ;   {runtime_call nmethod}
  0x000002819463833c: 00e9 fbff 

  0x0000028194638340: ;   {static_stub}
  0x0000028194638340: ffff 48bb | 0000 0000 | 0000 0000 

  0x000002819463834c: ;   {runtime_call nmethod}
  0x000002819463834c: e9fb ffff 

  0x0000028194638350: ;   {static_stub}
  0x0000028194638350: ff48 bb00 | 0000 0000 

  0x0000028194638358: ;   {runtime_call nmethod}
  0x0000028194638358: 0000 00e9 | fbff ffff 

  0x0000028194638360: ;   {static_stub}
  0x0000028194638360: 48bb 0000 | 0000 0000 

  0x0000028194638368: ;   {runtime_call nmethod}
  0x0000028194638368: 0000 e9fb 

  0x000002819463836c: ;   {static_stub}
  0x000002819463836c: ffff ff48 | bb00 0000 | 0000 0000 

  0x0000028194638378: ;   {runtime_call nmethod}
  0x0000028194638378: 00e9 fbff 

  0x000002819463837c: ;   {static_stub}
  0x000002819463837c: ffff 48bb | 0000 0000 | 0000 0000 

  0x0000028194638388: ;   {runtime_call nmethod}
  0x0000028194638388: e9fb ffff 

  0x000002819463838c: ;   {static_stub}
  0x000002819463838c: ff48 bb00 | 0000 0000 

  0x0000028194638394: ;   {runtime_call nmethod}
  0x0000028194638394: 0000 00e9 | fbff ffff 

  0x000002819463839c: ;   {static_stub}
  0x000002819463839c: 48bb 0000 | 0000 0000 

  0x00000281946383a4: ;   {runtime_call nmethod}
  0x00000281946383a4: 0000 e9fb 

  0x00000281946383a8: ;   {static_stub}
  0x00000281946383a8: ffff ff48 | bb00 0000 | 0000 0000 

  0x00000281946383b4: ;   {runtime_call nmethod}
  0x00000281946383b4: 00e9 fbff 

  0x00000281946383b8: ;   {static_stub}
  0x00000281946383b8: ffff 48bb | 0000 0000 | 0000 0000 

  0x00000281946383c4: ;   {runtime_call nmethod}
  0x00000281946383c4: e9fb ffff 

  0x00000281946383c8: ;   {static_stub}
  0x00000281946383c8: ff48 bb00 | 0000 0000 

  0x00000281946383d0: ;   {runtime_call nmethod}
  0x00000281946383d0: 0000 00e9 | fbff ffff 

  0x00000281946383d8: ;   {static_stub}
  0x00000281946383d8: 48bb 0000 | 0000 0000 

  0x00000281946383e0: ;   {runtime_call nmethod}
  0x00000281946383e0: 0000 e9fb 

  0x00000281946383e4: ;   {static_stub}
  0x00000281946383e4: ffff ff48 | bb00 0000 | 0000 0000 

  0x00000281946383f0: ;   {runtime_call nmethod}
  0x00000281946383f0: 00e9 fbff 

  0x00000281946383f4: ;   {static_stub}
  0x00000281946383f4: ffff 48bb | 0000 0000 | 0000 0000 

  0x0000028194638400: ;   {runtime_call nmethod}
  0x0000028194638400: e9fb ffff 

  0x0000028194638404: ;   {static_stub}
  0x0000028194638404: ff48 bb00 | 0000 0000 

  0x000002819463840c: ;   {runtime_call nmethod}
  0x000002819463840c: 0000 00e9 | fbff ffff 

  0x0000028194638414: ;   {static_stub}
  0x0000028194638414: 48bb 0000 | 0000 0000 

  0x000002819463841c: ;   {runtime_call nmethod}
  0x000002819463841c: 0000 e9fb 

  0x0000028194638420: ;   {static_stub}
  0x0000028194638420: ffff ff48 | bb00 0000 | 0000 0000 

  0x000002819463842c: ;   {runtime_call nmethod}
  0x000002819463842c: 00e9 fbff 

  0x0000028194638430: ;   {static_stub}
  0x0000028194638430: ffff 48bb | 0000 0000 | 0000 0000 

  0x000002819463843c: ;   {runtime_call nmethod}
  0x000002819463843c: e9fb ffff 

  0x0000028194638440: ;   {static_stub}
  0x0000028194638440: ff48 bb00 | 0000 0000 

  0x0000028194638448: ;   {runtime_call nmethod}
  0x0000028194638448: 0000 00e9 | fbff ffff 

  0x0000028194638450: ;   {static_stub}
  0x0000028194638450: 48bb 0000 | 0000 0000 

  0x0000028194638458: ;   {runtime_call nmethod}
  0x0000028194638458: 0000 e9fb 

  0x000002819463845c: ;   {static_stub}
  0x000002819463845c: ffff ff48 | bb00 0000 | 0000 0000 

  0x0000028194638468: ;   {runtime_call nmethod}
  0x0000028194638468: 00e9 fbff 

  0x000002819463846c: ;   {static_stub}
  0x000002819463846c: ffff 48bb | 0000 0000 | 0000 0000 

  0x0000028194638478: ;   {runtime_call nmethod}
  0x0000028194638478: e9fb ffff 

  0x000002819463847c: ;   {static_stub}
  0x000002819463847c: ff48 bb00 | 0000 0000 

  0x0000028194638484: ;   {runtime_call nmethod}
  0x0000028194638484: 0000 00e9 | fbff ffff 

  0x000002819463848c: ;   {static_stub}
  0x000002819463848c: 48bb 0000 | 0000 0000 

  0x0000028194638494: ;   {runtime_call nmethod}
  0x0000028194638494: 0000 e9fb 

  0x0000028194638498: ;   {static_stub}
  0x0000028194638498: ffff ff48 | bb00 0000 | 0000 0000 

  0x00000281946384a4: ;   {runtime_call nmethod}
  0x00000281946384a4: 00e9 fbff 

  0x00000281946384a8: ;   {static_stub}
  0x00000281946384a8: ffff 48bb | 0000 0000 | 0000 0000 

  0x00000281946384b4: ;   {runtime_call nmethod}
  0x00000281946384b4: e9fb ffff 

  0x00000281946384b8: ;   {static_stub}
  0x00000281946384b8: ff48 bb00 | 0000 0000 

  0x00000281946384c0: ;   {runtime_call nmethod}
  0x00000281946384c0: 0000 00e9 | fbff ffff 

  0x00000281946384c8: ;   {static_stub}
  0x00000281946384c8: 48bb 0000 | 0000 0000 

  0x00000281946384d0: ;   {runtime_call nmethod}
  0x00000281946384d0: 0000 e9fb 

  0x00000281946384d4: ;   {static_stub}
  0x00000281946384d4: ffff ff48 | bb00 0000 | 0000 0000 

  0x00000281946384e0: ;   {runtime_call nmethod}
  0x00000281946384e0: 00e9 fbff 

  0x00000281946384e4: ;   {static_stub}
  0x00000281946384e4: ffff 48bb | 0000 0000 | 0000 0000 

  0x00000281946384f0: ;   {runtime_call nmethod}
  0x00000281946384f0: e9fb ffff 

  0x00000281946384f4: ;   {runtime_call ExceptionBlob}
  0x00000281946384f4: ffe9 86be | 8dfd e800 | 0000 0048 | 832c 2405 

  0x0000028194638504: ;   {runtime_call DeoptimizationBlob}
  0x0000028194638504: e917 f181 | fdf4 f4f4 | f4f4 f4f4 
[/MachCode]


---------------  P R O C E S S  ---------------

Threads class SMR info:
_java_thread_list=0x0000028663066d60, length=258, elements={
0x00000281865d3500, 0x00000281811a6550, 0x00000281811a6bb0, 0x00000281812128a0,
0x000002818124ec70, 0x0000028181201000, 0x000002818124f2d0, 0x00000281811aa360,
0x0000028181253c70, 0x00000281813fd390, 0x00000285a0057dc0, 0x00000285a42b8350,
0x00000285a41b92b0, 0x00000285a41e1f80, 0x00000285a2aeff60, 0x00000285a2c9d6b0,
0x00000285a42d49b0, 0x00000285a4edb0d0, 0x00000285a4eda3b0, 0x00000285a4edb760,
0x00000285a4ed9d20, 0x00000285a4edbdf0, 0x00000285a4edc480, 0x00000285a4edaa40,
0x00000285a4edcb10, 0x00000285a4ed9690, 0x00000285a339fad0, 0x00000285a33a2230,
0x00000285a33a28c0, 0x00000285a33a0160, 0x00000285a33a35e0, 0x00000285a33a2f50,
0x00000285bfbc37d0, 0x00000285bfbc3e60, 0x00000285bfbc58a0, 0x00000285bfbc65c0,
0x00000285bfbc6c50, 0x00000285b9e2f0c0, 0x00000285b9e30470, 0x00000285b9e31190,
0x00000285b9e2ea30, 0x00000285b9e2dd10, 0x00000285b9e31820, 0x00000285b9e31eb0,
0x00000285b9e2f750, 0x00000285b9e34610, 0x00000285b9e33260, 0x00000285b9e338f0,
0x00000285b9e33f80, 0x00000285b9e34ca0, 0x00000285b9e35330, 0x00000285a8b3f5d0,
0x00000285a8b416a0, 0x00000285a8b3e220, 0x00000285a8b402f0, 0x00000285a8b40980,
0x00000285a8b3fc60, 0x00000285a8b3e8b0, 0x00000285a8b3ef40, 0x00000285a8b430e0,
0x00000285a8b43770, 0x00000285a8b451b0, 0x00000285a33a70f0, 0x00000285a33a6a60,
0x00000285bfbc1700, 0x00000285b9e3fe00, 0x00000285b9e3ea50, 0x00000285b9e42bf0,
0x00000285b9e44630, 0x00000285b9e44cc0, 0x00000285bfbc2420, 0x00000285bfbbfcc0,
0x00000285bfbc5f30, 0x00000285a8b423c0, 0x00000285a33a5d40, 0x00000285d16bbea0,
0x00000285d16bb810, 0x00000285d16b90b0, 0x00000285d16bb180, 0x00000285d16bcbc0,
0x00000285d16b9740, 0x00000285d16b9dd0, 0x00000285d16baaf0, 0x00000285d16bd250,
0x00000285d16bd8e0, 0x00000285d16ba460, 0x00000285d16bf9b0, 0x00000285d16bf320,
0x00000285d16c06d0, 0x00000285d16c0040, 0x00000285d16be600, 0x00000285d16bec90,
0x00000285d16bdf70, 0x00000285a37fd5d0, 0x00000285a37fe2f0, 0x00000285a37ff6a0,
0x00000285a38031b0, 0x00000285a3802490, 0x00000285a3803ed0, 0x0000028609ef57c0,
0x0000028609ef7890, 0x0000028609ef85b0, 0x0000028609efba30, 0x0000028609efad10,
0x0000028609efb3a0, 0x0000028609efc750, 0x00000285cd50f230, 0x00000285cd510c70,
0x00000285cd512d40, 0x00000285cd511990, 0x00000285cd5082a0, 0x00000286473477f0,
0x000002864734ac70, 0x000002864734e780, 0x0000028647351570, 0x0000028647351c00,
0x0000028647350ee0, 0x00000286473501c0, 0x0000028647352920, 0x000002864734f4a0,
0x0000028647352fb0, 0x000002864734fb30, 0x0000028647353640, 0x0000028647353cd0,
0x0000028647354360, 0x00000285b9e43910, 0x00000285b9e411b0, 0x00000285b9e40b20,
0x00000285a37ff010, 0x00000285a38003c0, 0x00000285a37fcf40, 0x00000285a8b42a50,
0x00000285a8b43e00, 0x00000285a8b44490, 0x00000285a8b44b20, 0x00000285b9e30b00,
0x0000028609ef8c40, 0x00000281810aa630, 0x00000281810a8bf0, 0x00000281810a9fa0,
0x00000281810ab9e0, 0x00000281810a9280, 0x00000281810ac070, 0x00000281810ac700,
0x00000281810acd90, 0x00000281810a9910, 0x00000281810afb80, 0x00000281810af4f0,
0x00000281810b0210, 0x00000281810b08a0, 0x00000281810ad420, 0x00000281810adab0,
0x00000281810b15c0, 0x00000281810ae140, 0x00000281810b1c50, 0x00000281810ae7d0,
0x00000281810b43b0, 0x00000281810b3000, 0x00000281810b4a40, 0x00000281810b50d0,
0x00000281810b5760, 0x00000281810b2970, 0x00000281810b22e0, 0x00000281810b3d20,
0x000002864d78bc00, 0x000002864d78c290, 0x000002864d78a850, 0x000002864d78b570,
0x000002864d78d640, 0x000002864d78e360, 0x000002864d78cfb0, 0x000002864d78aee0,
0x000002864d791150, 0x000002864d78f080, 0x000002864d791e70, 0x000002864d78e9f0,
0x000002864d793220, 0x000002864d792500, 0x000002864d78fda0, 0x000002864d797a50,
0x000002864d7945d0, 0x000002864d798e00, 0x000002864d7980e0, 0x000002864d798770,
0x000002864d799490, 0x000002864d799b20, 0x00000285bfbc72e0, 0x000002864734d3d0,
0x000002866356c150, 0x000002866356db90, 0x000002866356fc60, 0x000002866356c7e0,
0x000002866356ce70, 0x000002866356ef40, 0x000002866356d500, 0x000002866356f5d0,
0x00000286635716a0, 0x0000028663571010, 0x00000286635702f0, 0x0000028663570980,
0x000002866356e220, 0x0000028663571d30, 0x0000028663575840, 0x0000028663573770,
0x00000286635751b0, 0x0000028663574490, 0x00000286635723c0, 0x0000028663572a50,
0x0000028663573e00, 0x00000286635730e0, 0x0000028663578630, 0x00000286635799e0,
0x000002866357a700, 0x0000028663577fa0, 0x000002866357e210, 0x000002866357db80,
0x000002866357ef30, 0x000002866357bab0, 0x000002866357e8a0, 0x000002866357f5c0,
0x000002866357d4f0, 0x000002866357c140, 0x000002866357ce60, 0x000002866357c7d0,
0x0000028663577280, 0x0000028663582a40, 0x000002866357fc50, 0x0000028663583760,
0x00000286635802e0, 0x0000028663583df0, 0x0000028663580970, 0x0000028663584480,
0x0000028663581000, 0x0000028663584b10, 0x00000286635851a0, 0x0000028663581d20,
0x0000028663585830, 0x0000028663585ec0, 0x0000028663587270, 0x000002866358a6f0,
0x000002866358ad80, 0x000002866358b410, 0x000002864d796d30, 0x000002864d7966a0,
0x000002864d795980, 0x0000028647345720, 0x000002864734ee10, 0x000002864734c6b0,
0x00000281810b5df0, 0x00000285a3802b20, 0x00000285cd50e510, 0x000002864d7917e0,
0x00000285a33a07f0, 0x00000285e0d35da0, 0x00000285e0d3fb20, 0x00000285e0d42fa0,
0x00000285e0d3b980, 0x00000285e0d38500
}

Java Threads: ( => current thread )
=>0x00000281865d3500 JavaThread "Render thread"                     [_thread_in_native, id=34704, stack(0x00000097c3700000,0x00000097c3800000) (1024K)]
  0x00000281811a6550 JavaThread "Reference Handler"          daemon [_thread_blocked, id=32024, stack(0x00000097c5b00000,0x00000097c5c00000) (1024K)]
  0x00000281811a6bb0 JavaThread "Finalizer"                  daemon [_thread_blocked, id=35176, stack(0x00000097c5c00000,0x00000097c5d00000) (1024K)]
  0x00000281812128a0 JavaThread "Signal Dispatcher"          daemon [_thread_blocked, id=33916, stack(0x00000097c5d00000,0x00000097c5e00000) (1024K)]
  0x000002818124ec70 JavaThread "Attach Listener"            daemon [_thread_blocked, id=27256, stack(0x00000097c5e00000,0x00000097c5f00000) (1024K)]
  0x0000028181201000 JavaThread "Service Thread"             daemon [_thread_blocked, id=36828, stack(0x00000097c5f00000,0x00000097c6000000) (1024K)]
  0x000002818124f2d0 JavaThread "Monitor Deflation Thread"   daemon [_thread_blocked, id=32644, stack(0x00000097c6000000,0x00000097c6100000) (1024K)]
  0x00000281811aa360 JavaThread "C2 CompilerThread0"         daemon [_thread_blocked, id=11384, stack(0x00000097c6100000,0x00000097c6200000) (1024K)]
  0x0000028181253c70 JavaThread "C1 CompilerThread0"         daemon [_thread_blocked, id=23160, stack(0x00000097c6200000,0x00000097c6300000) (1024K)]
  0x00000281813fd390 JavaThread "Notification Thread"        daemon [_thread_blocked, id=16568, stack(0x00000097c6500000,0x00000097c6600000) (1024K)]
  0x00000285a0057dc0 JavaThread "Common-Cleaner"             daemon [_thread_blocked, id=7464, stack(0x00000097c6600000,0x00000097c6700000) (1024K)]
  0x00000285a42b8350 JavaThread "ForkJoinPool.commonPool-worker-1" daemon [_thread_blocked, id=26352, stack(0x00000097c6f00000,0x00000097c7000000) (1024K)]
  0x00000285a41b92b0 JavaThread "ForkJoinPool.commonPool-worker-2" daemon [_thread_blocked, id=36968, stack(0x00000097c7000000,0x00000097c7100000) (1024K)]
  0x00000285a41e1f80 JavaThread "ForkJoinPool.commonPool-worker-3" daemon [_thread_blocked, id=36060, stack(0x00000097c7100000,0x00000097c7200000) (1024K)]
  0x00000285a2aeff60 JavaThread "ForkJoinPool.commonPool-worker-4" daemon [_thread_blocked, id=2952, stack(0x00000097c7200000,0x00000097c7300000) (1024K)]
  0x00000285a2c9d6b0 JavaThread "ForkJoinPool.commonPool-worker-5" daemon [_thread_blocked, id=17328, stack(0x00000097c7300000,0x00000097c7400000) (1024K)]
  0x00000285a42d49b0 JavaThread "ForkJoinPool.commonPool-worker-7" daemon [_thread_blocked, id=37168, stack(0x00000097c7500000,0x00000097c7600000) (1024K)]
  0x00000285a4edb0d0 JavaThread "ForkJoinPool.commonPool-worker-8" daemon [_thread_blocked, id=6704, stack(0x00000097c7600000,0x00000097c7700000) (1024K)]
  0x00000285a4eda3b0 JavaThread "ForkJoinPool.commonPool-worker-9" daemon [_thread_blocked, id=1340, stack(0x00000097c7700000,0x00000097c7800000) (1024K)]
  0x00000285a4edb760 JavaThread "ForkJoinPool.commonPool-worker-10" daemon [_thread_blocked, id=228, stack(0x00000097c7800000,0x00000097c7900000) (1024K)]
  0x00000285a4ed9d20 JavaThread "ForkJoinPool.commonPool-worker-11" daemon [_thread_blocked, id=34036, stack(0x00000097c7900000,0x00000097c7a00000) (1024K)]
  0x00000285a4edbdf0 JavaThread "ForkJoinPool.commonPool-worker-21" daemon [_thread_blocked, id=37140, stack(0x00000097c7a00000,0x00000097c7b00000) (1024K)]
  0x00000285a4edc480 JavaThread "ForkJoinPool.commonPool-worker-13" daemon [_thread_blocked, id=36224, stack(0x00000097c7b00000,0x00000097c7c00000) (1024K)]
  0x00000285a4edaa40 JavaThread "ForkJoinPool.commonPool-worker-14" daemon [_thread_blocked, id=28636, stack(0x00000097c7c00000,0x00000097c7d00000) (1024K)]
  0x00000285a4edcb10 JavaThread "ForkJoinPool.commonPool-worker-15" daemon [_thread_blocked, id=620, stack(0x00000097c7d00000,0x00000097c7e00000) (1024K)]
  0x00000285a4ed9690 JavaThread "ForkJoinPool.commonPool-worker-16" daemon [_thread_blocked, id=27572, stack(0x00000097c7e00000,0x00000097c7f00000) (1024K)]
  0x00000285a339fad0 JavaThread "ForkJoinPool.commonPool-worker-17" daemon [_thread_blocked, id=30088, stack(0x00000097c7f00000,0x00000097c8000000) (1024K)]
  0x00000285a33a2230 JavaThread "ForkJoinPool.commonPool-worker-18" daemon [_thread_blocked, id=23388, stack(0x00000097c8000000,0x00000097c8100000) (1024K)]
  0x00000285a33a28c0 JavaThread "ForkJoinPool.commonPool-worker-19" daemon [_thread_blocked, id=12348, stack(0x00000097c8100000,0x00000097c8200000) (1024K)]
  0x00000285a33a0160 JavaThread "ForkJoinPool.commonPool-worker-20" daemon [_thread_blocked, id=35960, stack(0x00000097c8200000,0x00000097c8300000) (1024K)]
  0x00000285a33a35e0 JavaThread "ForkJoinPool.commonPool-worker-12" daemon [_thread_blocked, id=35932, stack(0x00000097c8300000,0x00000097c8400000) (1024K)]
  0x00000285a33a2f50 JavaThread "ForkJoinPool.commonPool-worker-22" daemon [_thread_blocked, id=31532, stack(0x00000097c8400000,0x00000097c8500000) (1024K)]
  0x00000285bfbc37d0 JavaThread "DFU cleaning thread"        daemon [_thread_blocked, id=27512, stack(0x00000097ca600000,0x00000097ca700000) (1024K)]
  0x00000285bfbc3e60 JavaThread "JNA Cleaner"                daemon [_thread_blocked, id=21440, stack(0x00000097ca800000,0x00000097ca900000) (1024K)]
  0x00000285bfbc58a0 JavaThread "DH-Log Ticker Thread[0]"    daemon [_thread_blocked, id=37316, stack(0x00000097c6b00000,0x00000097c6c00000) (1024K)]
  0x00000285bfbc65c0 JavaThread "Timer hack thread"          daemon [_thread_blocked, id=35628, stack(0x00000097c6c00000,0x00000097c6d00000) (1024K)]
  0x00000285bfbc6c50 JavaThread "Yggdrasil Key Fetcher"      daemon [_thread_blocked, id=25912, stack(0x00000097c6d00000,0x00000097c6e00000) (1024K)]
  0x00000285b9e2f0c0 JavaThread "Cleaner-0"                  daemon [_thread_blocked, id=31384, stack(0x00000097caf00000,0x00000097cb000000) (1024K)]
  0x00000285b9e30470 JavaThread "modloading-worker-0"        daemon [_thread_blocked, id=31084, stack(0x00000097c9000000,0x00000097c9100000) (1024K)]
  0x00000285b9e31190 JavaThread "modloading-worker-0"        daemon [_thread_blocked, id=32324, stack(0x00000097c9100000,0x00000097c9200000) (1024K)]
  0x00000285b9e2ea30 JavaThread "modloading-worker-0"        daemon [_thread_blocked, id=7904, stack(0x00000097c9200000,0x00000097c9300000) (1024K)]
  0x00000285b9e2dd10 JavaThread "modloading-worker-0"        daemon [_thread_blocked, id=35748, stack(0x00000097c9300000,0x00000097c9400000) (1024K)]
  0x00000285b9e31820 JavaThread "modloading-worker-0"        daemon [_thread_blocked, id=19688, stack(0x00000097c9400000,0x00000097c9500000) (1024K)]
  0x00000285b9e31eb0 JavaThread "modloading-worker-0"        daemon [_thread_blocked, id=36648, stack(0x00000097c9600000,0x00000097c9700000) (1024K)]
  0x00000285b9e2f750 JavaThread "modloading-worker-0"        daemon [_thread_blocked, id=32604, stack(0x00000097c9800000,0x00000097c9900000) (1024K)]
  0x00000285b9e34610 JavaThread "modloading-worker-0"        daemon [_thread_blocked, id=37796, stack(0x00000097c9900000,0x00000097c9a00000) (1024K)]
  0x00000285b9e33260 JavaThread "modloading-worker-0"        daemon [_thread_blocked, id=32536, stack(0x00000097c9a00000,0x00000097c9b00000) (1024K)]
  0x00000285b9e338f0 JavaThread "modloading-worker-0"        daemon [_thread_blocked, id=36880, stack(0x00000097c9b00000,0x00000097c9c00000) (1024K)]
  0x00000285b9e33f80 JavaThread "modloading-worker-0"        daemon [_thread_blocked, id=34264, stack(0x00000097c9c00000,0x00000097c9d00000) (1024K)]
  0x00000285b9e34ca0 JavaThread "modloading-worker-0"        daemon [_thread_blocked, id=16604, stack(0x00000097c9d00000,0x00000097c9e00000) (1024K)]
  0x00000285b9e35330 JavaThread "modloading-worker-0"        daemon [_thread_blocked, id=11900, stack(0x00000097c9e00000,0x00000097c9f00000) (1024K)]
  0x00000285a8b3f5d0 JavaThread "modloading-worker-0"        daemon [_thread_blocked, id=5184, stack(0x00000097c9f00000,0x00000097ca000000) (1024K)]
  0x00000285a8b416a0 JavaThread "modloading-worker-0"        daemon [_thread_blocked, id=29908, stack(0x00000097ca000000,0x00000097ca100000) (1024K)]
  0x00000285a8b3e220 JavaThread "modloading-worker-0"        daemon [_thread_blocked, id=26640, stack(0x00000097ca100000,0x00000097ca200000) (1024K)]
  0x00000285a8b402f0 JavaThread "modloading-worker-0"        daemon [_thread_blocked, id=26952, stack(0x00000097ca200000,0x00000097ca300000) (1024K)]
  0x00000285a8b40980 JavaThread "modloading-worker-0"        daemon [_thread_blocked, id=16480, stack(0x00000097ca300000,0x00000097ca400000) (1024K)]
  0x00000285a8b3fc60 JavaThread "modloading-worker-0"        daemon [_thread_blocked, id=9832, stack(0x00000097ca400000,0x00000097ca500000) (1024K)]
  0x00000285a8b3e8b0 JavaThread "modloading-worker-0"        daemon [_thread_blocked, id=36316, stack(0x00000097ca500000,0x00000097ca600000) (1024K)]
  0x00000285a8b3ef40 JavaThread "FileSystemWatchService"     daemon [_thread_in_native, id=11036, stack(0x00000097cb100000,0x00000097cb200000) (1024K)]
  0x00000285a8b430e0 JavaThread "Thread-5"                   daemon [_thread_blocked, id=29788, stack(0x00000097cb200000,0x00000097cb300000) (1024K)]
  0x00000285a8b43770 JavaThread "FileSystemWatchService"     daemon [_thread_in_native, id=36708, stack(0x00000097cb300000,0x00000097cb400000) (1024K)]
  0x00000285a8b451b0 JavaThread "Config Lib config file watcher" daemon [_thread_blocked, id=13712, stack(0x00000097cb400000,0x00000097cb500000) (1024K)]
  0x00000285a33a70f0 JavaThread "Java2D Disposer"            daemon [_thread_blocked, id=14824, stack(0x00000097cbb00000,0x00000097cbc00000) (1024K)]
  0x00000285a33a6a60 JavaThread "AWT-Windows"                daemon [_thread_in_native, id=15436, stack(0x00000097cbd00000,0x00000097cbe00000) (1024K)]
  0x00000285bfbc1700 JavaThread "FileSystemWatchService"     daemon [_thread_in_native, id=28916, stack(0x00000097cbe00000,0x00000097cbf00000) (1024K)]
  0x00000285b9e3fe00 JavaThread "JEI Config File Watcher"    daemon [_thread_blocked, id=27716, stack(0x00000097cbf00000,0x00000097cc000000) (1024K)]
  0x00000285b9e3ea50 JavaThread "HttpClient-1-SelectorManager" daemon [_thread_in_native, id=30736, stack(0x00000097cbc00000,0x00000097cbd00000) (1024K)]
  0x00000285b9e42bf0 JavaThread "modloading-sync-worker"     daemon [_thread_blocked, id=33004, stack(0x00000097cba00000,0x00000097cbb00000) (1024K)]
  0x00000285b9e44630 JavaThread "FileSystemWatchService"     daemon [_thread_in_native, id=36372, stack(0x00000097c6a00000,0x00000097c6b00000) (1024K)]
  0x00000285b9e44cc0 JavaThread "config-file-watcher-0-0"    daemon [_thread_blocked, id=34740, stack(0x00000097cac00000,0x00000097cad00000) (1024K)]
  0x00000285bfbc2420 JavaThread "Worker-Main-1"              daemon [_thread_blocked, id=32460, stack(0x00000097cb500000,0x00000097cb600000) (1024K)]
  0x00000285bfbbfcc0 JavaThread "Worker-Main-2"              daemon [_thread_blocked, id=33924, stack(0x00000097cc000000,0x00000097cc100000) (1024K)]
  0x00000285bfbc5f30 JavaThread "Worker-Main-3"              daemon [_thread_blocked, id=26704, stack(0x00000097cc100000,0x00000097cc200000) (1024K)]
  0x00000285a8b423c0 JavaThread "Worker-ResourceReload-0"    daemon [_thread_blocked, id=37348, stack(0x00000097cc400000,0x00000097cc500000) (1024K)]
  0x00000285a33a5d40 JavaThread "Worker-ResourceReload-1"    daemon [_thread_blocked, id=28724, stack(0x00000097cc600000,0x00000097cc700000) (1024K)]
  0x00000285d16bbea0 JavaThread "Thread-11"                         [_thread_blocked, id=32408, stack(0x00000097c6800000,0x00000097c6900000) (1024K)]
  0x00000285d16bb810 JavaThread "Worker-ResourceReload-2"    daemon [_thread_blocked, id=7432, stack(0x00000097cad00000,0x00000097cae00000) (1024K)]
  0x00000285d16b90b0 JavaThread "Worker-ResourceReload-4"    daemon [_thread_blocked, id=30964, stack(0x00000097cca00000,0x00000097ccb00000) (1024K)]
  0x00000285d16bb180 JavaThread "Worker-ResourceReload-5"    daemon [_thread_blocked, id=30056, stack(0x00000097ccb00000,0x00000097ccc00000) (1024K)]
  0x00000285d16bcbc0 JavaThread "Worker-ResourceReload-6"    daemon [_thread_blocked, id=16564, stack(0x00000097ccc00000,0x00000097ccd00000) (1024K)]
  0x00000285d16b9740 JavaThread "Worker-ResourceReload-7"    daemon [_thread_blocked, id=9468, stack(0x00000097ccd00000,0x00000097cce00000) (1024K)]
  0x00000285d16b9dd0 JavaThread "Worker-ResourceReload-8"    daemon [_thread_blocked, id=23124, stack(0x00000097cce00000,0x00000097ccf00000) (1024K)]
  0x00000285d16baaf0 JavaThread "Worker-ResourceReload-12"   daemon [_thread_blocked, id=1856, stack(0x00000097ccf00000,0x00000097cd000000) (1024K)]
  0x00000285d16bd250 JavaThread "Worker-ResourceReload-10"   daemon [_thread_blocked, id=33816, stack(0x00000097cd000000,0x00000097cd100000) (1024K)]
  0x00000285d16bd8e0 JavaThread "Worker-ResourceReload-11"   daemon [_thread_blocked, id=23048, stack(0x00000097cd100000,0x00000097cd200000) (1024K)]
  0x00000285d16ba460 JavaThread "Worker-ResourceReload-9"    daemon [_thread_blocked, id=32996, stack(0x00000097cd200000,0x00000097cd300000) (1024K)]
  0x00000285d16bf9b0 JavaThread "Worker-ResourceReload-16"   daemon [_thread_blocked, id=36876, stack(0x00000097cd300000,0x00000097cd400000) (1024K)]
  0x00000285d16bf320 JavaThread "Worker-ResourceReload-14"   daemon [_thread_blocked, id=30080, stack(0x00000097cd400000,0x00000097cd500000) (1024K)]
  0x00000285d16c06d0 JavaThread "Worker-ResourceReload-15"   daemon [_thread_blocked, id=28732, stack(0x00000097cd500000,0x00000097cd600000) (1024K)]
  0x00000285d16c0040 JavaThread "Worker-ResourceReload-13"   daemon [_thread_blocked, id=11616, stack(0x00000097cd600000,0x00000097cd700000) (1024K)]
  0x00000285d16be600 JavaThread "Worker-ResourceReload-17"   daemon [_thread_blocked, id=37236, stack(0x00000097cd700000,0x00000097cd800000) (1024K)]
  0x00000285d16bec90 JavaThread "Worker-ResourceReload-18"   daemon [_thread_blocked, id=29104, stack(0x00000097cd800000,0x00000097cd900000) (1024K)]
  0x00000285d16bdf70 JavaThread "Worker-ResourceReload-19"   daemon [_thread_blocked, id=35456, stack(0x00000097cd900000,0x00000097cda00000) (1024K)]
  0x00000285a37fd5d0 JavaThread "Worker-ResourceReload-21"   daemon [_thread_blocked, id=36640, stack(0x00000097cdb00000,0x00000097cdc00000) (1024K)]
  0x00000285a37fe2f0 JavaThread "Worker-ResourceReload-22"   daemon [_thread_blocked, id=29956, stack(0x00000097cdc00000,0x00000097cdd00000) (1024K)]
  0x00000285a37ff6a0 JavaThread "ConfigSaver"                daemon [_thread_blocked, id=34236, stack(0x00000097ce400000,0x00000097ce500000) (1024K)]
  0x00000285a38031b0 JavaThread "Cleaner-1"                  daemon [_thread_blocked, id=5812, stack(0x00000097ce900000,0x00000097cea00000) (1024K)]
  0x00000285a3802490 JavaThread "Cleaner-2"                  daemon [_thread_blocked, id=30092, stack(0x00000097cea00000,0x00000097ceb00000) (1024K)]
  0x00000285a3803ed0 JavaThread "Cleaner-3"                  daemon [_thread_blocked, id=27796, stack(0x00000097ceb00000,0x00000097cec00000) (1024K)]
  0x0000028609ef57c0 JavaThread "Cleaner-4"                  daemon [_thread_blocked, id=32704, stack(0x00000097cec00000,0x00000097ced00000) (1024K)]
  0x0000028609ef7890 JavaThread "DH-ApplyConfigPresetTimer"  daemon [_thread_blocked, id=32608, stack(0x00000097ce800000,0x00000097ce900000) (1024K)]
  0x0000028609ef85b0 JavaThread "DH-ApplyConfigPresetTimer"  daemon [_thread_blocked, id=8760, stack(0x00000097ced00000,0x00000097cee00000) (1024K)]
  0x0000028609efba30 JavaThread "Worker-Main-4"              daemon [_thread_blocked, id=14132, stack(0x00000097ce500000,0x00000097ce600000) (1024K)]
  0x0000028609efad10 JavaThread "Worker-Main-5"              daemon [_thread_blocked, id=31928, stack(0x00000097ce600000,0x00000097ce700000) (1024K)]
  0x0000028609efb3a0 JavaThread "Worker-Main-6"              daemon [_thread_blocked, id=15836, stack(0x00000097cee00000,0x00000097cef00000) (1024K)]
  0x0000028609efc750 JavaThread "Worker-Main-7"              daemon [_thread_blocked, id=7844, stack(0x00000097cef00000,0x00000097cf000000) (1024K)]
  0x00000285cd50f230 JavaThread "DH-RenderCacheClearConfigTimer" daemon [_thread_blocked, id=3808, stack(0x00000097cdf00000,0x00000097ce000000) (1024K)]
  0x00000285cd510c70 JavaThread "Cleaner-5"                  daemon [_thread_blocked, id=25488, stack(0x00000097cf400000,0x00000097cf500000) (1024K)]
  0x00000285cd512d40 JavaThread "Thread-24"                         [_thread_blocked, id=37584, stack(0x00000097cf500000,0x00000097cf600000) (1024K)]
  0x00000285cd511990 JavaThread "CullThread"                 daemon [_thread_blocked, id=18004, stack(0x00000097cf600000,0x00000097cf700000) (1024K)]
  0x00000285cd5082a0 JavaThread "pool-34-thread-1"                  [_thread_blocked, id=35672, stack(0x00000097c6e00000,0x00000097c6f00000) (1024K)]
  0x00000286473477f0 JavaThread "Java Sound Sequencer"              [_thread_blocked, id=10316, stack(0x00000097cc800000,0x00000097cc900000) (1024K)]
  0x000002864734ac70 JavaThread "Server thread"                     [_thread_blocked, id=27540, stack(0x00000097c6700000,0x00000097c6800000) (1024K)]
  0x000002864734e780 JavaThread "ComputerCraft-Network-0"    daemon [_thread_blocked, id=9836, stack(0x00000097cb800000,0x00000097cb900000) (1024K)]
  0x0000028647351570 JavaThread "ComputerCraft-Network-1"    daemon [_thread_blocked, id=31800, stack(0x00000097cb900000,0x00000097cba00000) (1024K)]
  0x0000028647351c00 JavaThread "DH-ClientTickTimer"         daemon [_thread_blocked, id=36340, stack(0x00000097cc200000,0x00000097cc300000) (1024K)]
  0x0000028647350ee0 JavaThread "Worker-Main-9"              daemon [_thread_blocked, id=20400, stack(0x00000097cc300000,0x00000097cc400000) (1024K)]
  0x00000286473501c0 JavaThread "Worker-Main-8"              daemon [_thread_blocked, id=23624, stack(0x00000097cc500000,0x00000097cc600000) (1024K)]
  0x0000028647352920 JavaThread "Worker-Main-10"             daemon [_thread_blocked, id=15380, stack(0x00000097cc900000,0x00000097cca00000) (1024K)]
  0x000002864734f4a0 JavaThread "Worker-Main-11"             daemon [_thread_blocked, id=30924, stack(0x00000097cdd00000,0x00000097cde00000) (1024K)]
  0x0000028647352fb0 JavaThread "Worker-Main-12"             daemon [_thread_in_Java, id=28336, stack(0x00000097ce000000,0x00000097ce100000) (1024K)]
  0x000002864734fb30 JavaThread "Worker-Main-13"             daemon [_thread_blocked, id=35952, stack(0x00000097ce100000,0x00000097ce200000) (1024K)]
  0x0000028647353640 JavaThread "Worker-Main-14"             daemon [_thread_blocked, id=31652, stack(0x00000097ce200000,0x00000097ce300000) (1024K)]
  0x0000028647353cd0 JavaThread "Worker-Main-15"             daemon [_thread_blocked, id=29644, stack(0x00000097ce300000,0x00000097ce400000) (1024K)]
  0x0000028647354360 JavaThread "Worker-Main-16"             daemon [_thread_blocked, id=36976, stack(0x00000097cf100000,0x00000097cf200000) (1024K)]
  0x00000285b9e43910 JavaThread "Worker-Main-17"             daemon [_thread_blocked, id=29468, stack(0x00000097cf700000,0x00000097cf800000) (1024K)]
  0x00000285b9e411b0 JavaThread "Worker-Main-19"             daemon [_thread_blocked, id=32040, stack(0x00000097cf900000,0x00000097cfa00000) (1024K)]
  0x00000285b9e40b20 JavaThread "Worker-Main-20"             daemon [_thread_blocked, id=36176, stack(0x00000097cfa00000,0x00000097cfb00000) (1024K)]
  0x00000285a37ff010 JavaThread "Worker-Main-21"             daemon [_thread_blocked, id=23708, stack(0x00000097cfb00000,0x00000097cfc00000) (1024K)]
  0x00000285a38003c0 JavaThread "DH-delayed save cache cleaner Thread[0]" daemon [_thread_blocked, id=36348, stack(0x00000097cfc00000,0x00000097cfd00000) (1024K)]
  0x00000285a37fcf40 JavaThread "DH-Phantom Array Recycler Thread[0]" daemon [_thread_blocked, id=32396, stack(0x00000097cfd00000,0x00000097cfe00000) (1024K)]
  0x00000285a8b42a50 JavaThread "DH-Update Propagate Queue [minecraft:overworld] Thread[0]"        [_thread_blocked, id=31984, stack(0x00000097c6300000,0x00000097c6400000) (1024K)]
  0x00000285a8b43e00 JavaThread "DH-Full Data Migration Thread[0]"        [_thread_blocked, id=5372, stack(0x00000097c6900000,0x00000097c6a00000) (1024K)]
  0x00000285a8b44490 JavaThread "DH-Request Module Ticker [minecraft:overworld] Thread[0]" daemon [_thread_blocked, id=34884, stack(0x00000097c9700000,0x00000097c9800000) (1024K)]
  0x00000285a8b44b20 JavaThread "DH-DataSource Request Ticker [minecraft:overworld] Thread[0]" daemon [_thread_blocked, id=35904, stack(0x00000097cae00000,0x00000097caf00000) (1024K)]
  0x00000285b9e30b00 JavaThread "ComputerCraft-Network-2"    daemon [_thread_blocked, id=15512, stack(0x00000097cb700000,0x00000097cb800000) (1024K)]
  0x0000028609ef8c40 JavaThread "ComputerCraft-Network-3"    daemon [_thread_blocked, id=20628, stack(0x00000097d0600000,0x00000097d0700000) (1024K)]
  0x00000281810aa630 JavaThread "IO-Worker-4"                       [_thread_blocked, id=28376, stack(0x00000097d0700000,0x00000097d0800000) (1024K)]
  0x00000281810a8bf0 JavaThread "DH-LOD Builder Thread[0]"          [_thread_blocked, id=35884, stack(0x00000097d0800000,0x00000097d0900000) (1024K)]
  0x00000281810a9fa0 JavaThread "DH-Update Propagate Queue [the_bumblezone:the_bumblezone] Thread[0]"        [_thread_blocked, id=27584, stack(0x00000097d0900000,0x00000097d0a00000) (1024K)]
  0x00000281810ab9e0 JavaThread "DH-Request Module Ticker [the_bumblezone:the_bumblezone] Thread[0]" daemon [_thread_blocked, id=31988, stack(0x00000097d0a00000,0x00000097d0b00000) (1024K)]
  0x00000281810a9280 JavaThread "DH-DataSource Request Ticker [the_bumblezone:the_bumblezone] Thread[0]" daemon [_thread_blocked, id=37016, stack(0x00000097d0b00000,0x00000097d0c00000) (1024K)]
  0x00000281810ac070 JavaThread "DH-Update Propagate Queue [minecraft:the_end] Thread[0]"        [_thread_blocked, id=37144, stack(0x00000097d0200000,0x00000097d0300000) (1024K)]
  0x00000281810ac700 JavaThread "DH-Request Module Ticker [minecraft:the_end] Thread[0]" daemon [_thread_blocked, id=25824, stack(0x00000097d0400000,0x00000097d0500000) (1024K)]
  0x00000281810acd90 JavaThread "DH-DataSource Request Ticker [minecraft:the_end] Thread[0]" daemon [_thread_blocked, id=37504, stack(0x00000097d0500000,0x00000097d0600000) (1024K)]
  0x00000281810a9910 JavaThread "DH-Update Propagate Queue [minecraft:the_nether] Thread[0]"        [_thread_blocked, id=37752, stack(0x00000097cfe00000,0x00000097cff00000) (1024K)]
  0x00000281810afb80 JavaThread "DH-Request Module Ticker [minecraft:the_nether] Thread[0]" daemon [_thread_blocked, id=35812, stack(0x00000097cff00000,0x00000097d0000000) (1024K)]
  0x00000281810af4f0 JavaThread "DH-DataSource Request Ticker [minecraft:the_nether] Thread[0]" daemon [_thread_blocked, id=28300, stack(0x00000097d0000000,0x00000097d0100000) (1024K)]
  0x00000281810b0210 JavaThread "DH-LOD Builder Thread[1]"          [_thread_blocked, id=24648, stack(0x00000097d0d00000,0x00000097d0e00000) (1024K)]
  0x00000281810b08a0 JavaThread "DH-Update Propagator Thread[0]"        [_thread_blocked, id=36052, stack(0x00000097d1300000,0x00000097d1400000) (1024K)]
  0x00000281810ad420 JavaThread "DH-Update Propagator Thread[1]"        [_thread_blocked, id=36080, stack(0x00000097d1400000,0x00000097d1500000) (1024K)]
  0x00000281810adab0 JavaThread "DH-LOD Builder Thread[2]"          [_thread_blocked, id=34904, stack(0x00000097d1500000,0x00000097d1600000) (1024K)]
  0x00000281810b15c0 JavaThread "DH-LOD Builder Thread[3]"          [_thread_blocked, id=35720, stack(0x00000097d1600000,0x00000097d1700000) (1024K)]
  0x00000281810ae140 JavaThread "DH-LOD Builder Thread[4]"          [_thread_blocked, id=36572, stack(0x00000097d1700000,0x00000097d1800000) (1024K)]
  0x00000281810b1c50 JavaThread "DH-LOD Builder Thread[5]"          [_thread_blocked, id=27604, stack(0x00000097d1800000,0x00000097d1900000) (1024K)]
  0x00000281810ae7d0 JavaThread "DH-LOD Builder Thread[6]"          [_thread_blocked, id=33608, stack(0x00000097d1900000,0x00000097d1a00000) (1024K)]
  0x00000281810b43b0 JavaThread "DH-LOD Builder Thread[7]"          [_thread_blocked, id=15464, stack(0x00000097d1a00000,0x00000097d1b00000) (1024K)]
  0x00000281810b3000 JavaThread "DH-LOD Builder Thread[8]"          [_thread_blocked, id=15508, stack(0x00000097d1b00000,0x00000097d1c00000) (1024K)]
  0x00000281810b4a40 JavaThread "DH-LOD Builder Thread[9]"          [_thread_blocked, id=29636, stack(0x00000097d1c00000,0x00000097d1d00000) (1024K)]
  0x00000281810b50d0 JavaThread "DH-Update Propagator Thread[2]"        [_thread_blocked, id=35688, stack(0x00000097d1d00000,0x00000097d1e00000) (1024K)]
  0x00000281810b5760 JavaThread "DH-Update Propagator Thread[3]"        [_thread_blocked, id=34208, stack(0x00000097d1e00000,0x00000097d1f00000) (1024K)]
  0x00000281810b2970 JavaThread "DH-LOD Builder Thread[10]"         [_thread_blocked, id=37000, stack(0x00000097d1f00000,0x00000097d2000000) (1024K)]
  0x00000281810b22e0 JavaThread "DH-LOD Builder Thread[11]"         [_thread_blocked, id=26928, stack(0x00000097d2000000,0x00000097d2100000) (1024K)]
  0x00000281810b3d20 JavaThread "DH-Update Propagator Thread[4]"        [_thread_blocked, id=17940, stack(0x00000097d2100000,0x00000097d2200000) (1024K)]
  0x000002864d78bc00 JavaThread "ModernFix integrated server watchdog" daemon [_thread_blocked, id=2976, stack(0x00000097d1200000,0x00000097d1300000) (1024K)]
  0x000002864d78c290 JavaThread "VoiceChatPacketProcessingThread" daemon [_thread_blocked, id=9260, stack(0x00000097d2300000,0x00000097d2400000) (1024K)]
  0x000002864d78a850 JavaThread "VoiceChatServerThread"      daemon [_thread_in_native, id=34652, stack(0x00000097d2400000,0x00000097d2500000) (1024K)]
  0x000002864d78b570 JavaThread "Netty Server IO #0"         daemon [_thread_in_native, id=10524, stack(0x00000097d4100000,0x00000097d4200000) (1024K)]
  0x000002864d78d640 JavaThread "Netty Server IO #1"         daemon [_thread_in_native, id=17268, stack(0x00000097d5800000,0x00000097d5900000) (1024K)]
  0x000002864d78e360 JavaThread "Netty Local Client IO #0"   daemon [_thread_blocked, id=11768, stack(0x00000097d5900000,0x00000097d5a00000) (1024K)]
  0x000002864d78cfb0 JavaThread "Netty Server IO #2"         daemon [_thread_in_native, id=35516, stack(0x00000097d5a00000,0x00000097d5b00000) (1024K)]
  0x000002864d78aee0 JavaThread "Netty Local Client IO #1"   daemon [_thread_blocked, id=31948, stack(0x00000097d5b00000,0x00000097d5c00000) (1024K)]
  0x000002864d791150 JavaThread "Netty Server IO #3"         daemon [_thread_in_native, id=29512, stack(0x00000097d5c00000,0x00000097d5d00000) (1024K)]
  0x000002864d78f080 JavaThread "Ingredient reference clearing thread" daemon [_thread_blocked, id=24304, stack(0x00000097d2200000,0x00000097d2300000) (1024K)]
  0x000002864d791e70 JavaThread "Sound engine"               daemon [_thread_blocked, id=26056, stack(0x00000097d5d00000,0x00000097d5e00000) (1024K)]
  0x000002864d78e9f0 JavaThread "DH-ChunkSaveIgnoreTimer"    daemon [_thread_blocked, id=35484, stack(0x00000097c3400000,0x00000097c3500000) (1024K)]
  0x000002864d793220 JavaThread "DH-ChunkSaveIgnoreTimer"    daemon [_thread_blocked, id=18668, stack(0x00000097d5e00000,0x00000097d5f00000) (1024K)]
  0x000002864d792500 JavaThread "DH-World Gen Queue Thread[0]"        [_thread_blocked, id=33396, stack(0x00000097d5f00000,0x00000097d6000000) (1024K)]
  0x000002864d78fda0 JavaThread "DH-World Gen Progress Updater Thread[0]" daemon [_thread_blocked, id=37488, stack(0x00000097d6000000,0x00000097d6100000) (1024K)]
  0x000002864d797a50 JavaThread "Flywheel Task Executor #0"         [_thread_blocked, id=5556, stack(0x00000097d6d00000,0x00000097d6e00000) (1024K)]
  0x000002864d7945d0 JavaThread "Flywheel Task Executor #1"         [_thread_blocked, id=35920, stack(0x00000097d6e00000,0x00000097d6f00000) (1024K)]
  0x000002864d798e00 JavaThread "Flywheel Task Executor #2"         [_thread_blocked, id=32220, stack(0x00000097d6f00000,0x00000097d7000000) (1024K)]
  0x000002864d7980e0 JavaThread "Flywheel Task Executor #3"         [_thread_blocked, id=3428, stack(0x00000097d7000000,0x00000097d7100000) (1024K)]
  0x000002864d798770 JavaThread "Flywheel Task Executor #4"         [_thread_blocked, id=18720, stack(0x00000097d7100000,0x00000097d7200000) (1024K)]
  0x000002864d799490 JavaThread "Flywheel Task Executor #5"         [_thread_blocked, id=36756, stack(0x00000097d7200000,0x00000097d7300000) (1024K)]
  0x000002864d799b20 JavaThread "Flywheel Task Executor #6"         [_thread_blocked, id=19640, stack(0x00000097d7300000,0x00000097d7400000) (1024K)]
  0x00000285bfbc72e0 JavaThread "Flywheel Task Executor #7"         [_thread_blocked, id=32060, stack(0x00000097d7400000,0x00000097d7500000) (1024K)]
  0x000002864734d3d0 JavaThread "Flywheel Task Executor #8"         [_thread_blocked, id=2960, stack(0x00000097d7500000,0x00000097d7600000) (1024K)]
  0x000002866356c150 JavaThread "Flywheel Task Executor #9"         [_thread_blocked, id=36800, stack(0x00000097d7600000,0x00000097d7700000) (1024K)]
  0x000002866356db90 JavaThread "DH-Update Propagator Thread[5]"        [_thread_blocked, id=37180, stack(0x00000097d7700000,0x00000097d7800000) (1024K)]
  0x000002866356fc60 JavaThread "DH-Update Propagator Thread[6]"        [_thread_blocked, id=34624, stack(0x00000097d7800000,0x00000097d7900000) (1024K)]
  0x000002866356c7e0 JavaThread "DH-Render Loader Thread[0]"        [_thread_blocked, id=13628, stack(0x00000097d7900000,0x00000097d7a00000) (1024K)]
  0x000002866356ce70 JavaThread "DH-Render Loader Thread[1]"        [_thread_blocked, id=23700, stack(0x00000097d7a00000,0x00000097d7b00000) (1024K)]
  0x000002866356ef40 JavaThread "DH-Render Loader Thread[2]"        [_thread_blocked, id=36524, stack(0x00000097d7b00000,0x00000097d7c00000) (1024K)]
  0x000002866356d500 JavaThread "DH-Render Loader Thread[3]"        [_thread_blocked, id=32788, stack(0x00000097d7c00000,0x00000097d7d00000) (1024K)]
  0x000002866356f5d0 JavaThread "DH-Render Loader Thread[4]"        [_thread_blocked, id=10584, stack(0x00000097d7d00000,0x00000097d7e00000) (1024K)]
  0x00000286635716a0 JavaThread "DH-Render Loader Thread[5]"        [_thread_blocked, id=34776, stack(0x00000097d7e00000,0x00000097d7f00000) (1024K)]
  0x0000028663571010 JavaThread "DH-Render Loader Thread[6]"        [_thread_blocked, id=29704, stack(0x00000097d7f00000,0x00000097d8000000) (1024K)]
  0x00000286635702f0 JavaThread "DH-Render Loader Thread[7]"        [_thread_blocked, id=35964, stack(0x00000097d8000000,0x00000097d8100000) (1024K)]
  0x0000028663570980 JavaThread "DH-Render Loader Thread[8]"        [_thread_blocked, id=35996, stack(0x00000097d8100000,0x00000097d8200000) (1024K)]
  0x000002866356e220 JavaThread "DH-Render Loader Thread[9]"        [_thread_blocked, id=30992, stack(0x00000097d8200000,0x00000097d8300000) (1024K)]
  0x0000028663571d30 JavaThread "DH-IO Thread[0]"                   [_thread_blocked, id=30788, stack(0x00000097d8300000,0x00000097d8400000) (1024K)]
  0x0000028663575840 JavaThread "JEI Deduplicating Run Executor 0"        [_thread_blocked, id=936, stack(0x00000097d8400000,0x00000097d8500000) (1024K)]
  0x0000028663573770 JavaThread "DH-Render Loader Thread[10]"        [_thread_blocked, id=29452, stack(0x00000097d8500000,0x00000097d8600000) (1024K)]
  0x00000286635751b0 JavaThread "DH-Render Loader Thread[11]"        [_thread_blocked, id=36972, stack(0x00000097d8600000,0x00000097d8700000) (1024K)]
  0x0000028663574490 JavaThread "DH-Update Propagator Thread[7]"        [_thread_blocked, id=34724, stack(0x00000097d8800000,0x00000097d8900000) (1024K)]
  0x00000286635723c0 JavaThread "DH-Update Propagator Thread[8]"        [_thread_blocked, id=33192, stack(0x00000097d8900000,0x00000097d8a00000) (1024K)]
  0x0000028663572a50 JavaThread "DH-Cleanup timer"           daemon [_thread_blocked, id=20988, stack(0x00000097d8a00000,0x00000097d8b00000) (1024K)]
  0x0000028663573e00 JavaThread "DH-Update Propagator Thread[9]"        [_thread_blocked, id=29560, stack(0x00000097d8b00000,0x00000097d8c00000) (1024K)]
  0x00000286635730e0 JavaThread "DH-Update Propagator Thread[10]"        [_thread_blocked, id=33892, stack(0x00000097d8c00000,0x00000097d8d00000) (1024K)]
  0x0000028663578630 JavaThread "DH-LodQuadTree Data Retrieval Queue Thread[0]"        [_thread_blocked, id=8948, stack(0x00000097d8d00000,0x00000097d8e00000) (1024K)]
  0x00000286635799e0 JavaThread "DH-Update Propagator Thread[11]"        [_thread_blocked, id=37156, stack(0x00000097d8e00000,0x00000097d8f00000) (1024K)]
  0x000002866357a700 JavaThread "DH-IO Thread[1]"                   [_thread_blocked, id=32908, stack(0x00000097cde00000,0x00000097cdf00000) (1024K)]
  0x0000028663577fa0 JavaThread "DH-World Gen Thread[0]"            [_thread_in_Java, id=35852, stack(0x00000097d8700000,0x00000097d8800000) (1024K)]
  0x000002866357e210 JavaThread "DH-World Gen Thread[1]"            [_thread_in_Java, id=35860, stack(0x00000097d8f00000,0x00000097d9000000) (1024K)]
  0x000002866357db80 JavaThread "DH-World Gen Thread[2]"            [_thread_in_Java, id=11300, stack(0x00000097d9000000,0x00000097d9100000) (1024K)]
  0x000002866357ef30 JavaThread "DH-World Gen Thread[3]"            [_thread_in_Java, id=34764, stack(0x00000097d9100000,0x00000097d9200000) (1024K)]
  0x000002866357bab0 JavaThread "DH-World Gen Thread[4]"            [_thread_in_Java, id=37036, stack(0x00000097d9200000,0x00000097d9300000) (1024K)]
  0x000002866357e8a0 JavaThread "DH-World Gen Thread[5]"            [_thread_blocked, id=27952, stack(0x00000097d9300000,0x00000097d9400000) (1024K)]
  0x000002866357f5c0 JavaThread "DH-World Gen Thread[6]"            [_thread_in_Java, id=36696, stack(0x00000097d9400000,0x00000097d9500000) (1024K)]
  0x000002866357d4f0 JavaThread "DH-World Gen Thread[7]"            [_thread_in_Java, id=35216, stack(0x00000097d9500000,0x00000097d9600000) (1024K)]
  0x000002866357c140 JavaThread "DH-World Gen Thread[8]"            [_thread_in_Java, id=36448, stack(0x00000097d9600000,0x00000097d9700000) (1024K)]
  0x000002866357ce60 JavaThread "DH-World Gen Thread[9]"            [_thread_blocked, id=16780, stack(0x00000097d9700000,0x00000097d9800000) (1024K)]
  0x000002866357c7d0 JavaThread "DH-World Gen Thread[10]"           [_thread_in_Java, id=29484, stack(0x00000097d9800000,0x00000097d9900000) (1024K)]
  0x0000028663577280 JavaThread "DH-GLBuffer Cleanup Thread[0]" daemon [_thread_blocked, id=23884, stack(0x00000097ca700000,0x00000097ca800000) (1024K)]
  0x0000028663582a40 JavaThread "DH-Beacon Culling Thread[0]"        [_thread_blocked, id=1572, stack(0x00000097d9900000,0x00000097d9a00000) (1024K)]
  0x000002866357fc50 JavaThread "CompletableFutureDelayScheduler" daemon [_thread_blocked, id=32624, stack(0x00000097d9a00000,0x00000097d9b00000) (1024K)]
  0x0000028663583760 JavaThread "Chunk Render Task Executor #0"        [_thread_blocked, id=3188, stack(0x00000097d6100000,0x00000097d6200000) (1024K)]
  0x00000286635802e0 JavaThread "Chunk Render Task Executor #1"        [_thread_blocked, id=37412, stack(0x00000097d6200000,0x00000097d6300000) (1024K)]
  0x0000028663583df0 JavaThread "Chunk Render Task Executor #2"        [_thread_blocked, id=36560, stack(0x00000097d6300000,0x00000097d6400000) (1024K)]
  0x0000028663580970 JavaThread "Chunk Render Task Executor #3"        [_thread_blocked, id=14228, stack(0x00000097d6400000,0x00000097d6500000) (1024K)]
  0x0000028663584480 JavaThread "Chunk Render Task Executor #4"        [_thread_blocked, id=30208, stack(0x00000097d6500000,0x00000097d6600000) (1024K)]
  0x0000028663581000 JavaThread "Chunk Render Task Executor #5"        [_thread_blocked, id=31572, stack(0x00000097d6600000,0x00000097d6700000) (1024K)]
  0x0000028663584b10 JavaThread "Chunk Render Task Executor #6"        [_thread_blocked, id=32032, stack(0x00000097d6700000,0x00000097d6800000) (1024K)]
  0x00000286635851a0 JavaThread "Chunk Render Task Executor #7"        [_thread_blocked, id=36920, stack(0x00000097d6800000,0x00000097d6900000) (1024K)]
  0x0000028663581d20 JavaThread "Chunk Render Task Executor #8"        [_thread_blocked, id=15596, stack(0x00000097d6900000,0x00000097d6a00000) (1024K)]
  0x0000028663585830 JavaThread "Chunk Render Task Executor #9"        [_thread_blocked, id=36196, stack(0x00000097d6a00000,0x00000097d6b00000) (1024K)]
  0x0000028663585ec0 JavaThread "DH-World Gen Thread[11]"           [_thread_in_Java, id=37800, stack(0x00000097d9b00000,0x00000097d9c00000) (1024K)]
  0x0000028663587270 JavaThread "DH-IO Thread[2]"                   [_thread_blocked, id=36884, stack(0x00000097d9c00000,0x00000097d9d00000) (1024K)]
  0x000002866358a6f0 JavaThread "FileWatcher-1-thread-1"     daemon [_thread_blocked, id=34060, stack(0x00000097d9d00000,0x00000097d9e00000) (1024K)]
  0x000002866358ad80 JavaThread "DH-FullDataPayloadSender"   daemon [_thread_blocked, id=32916, stack(0x00000097d9e00000,0x00000097d9f00000) (1024K)]
  0x000002866358b410 JavaThread "VoiceChatConnectionThread"  daemon [_thread_in_native, id=36744, stack(0x00000097da000000,0x00000097da100000) (1024K)]
  0x000002864d796d30 JavaThread "DH-IO Thread[3]"                   [_thread_blocked, id=33872, stack(0x00000097da100000,0x00000097da200000) (1024K)]
  0x000002864d7966a0 JavaThread "MicrophoneThread"           daemon [_thread_blocked, id=32484, stack(0x00000097da300000,0x00000097da400000) (1024K)]
  0x000002864d795980 JavaThread "DH-IO Thread[4]"                   [_thread_blocked, id=33852, stack(0x00000097c8e00000,0x00000097c8f00000) (1024K)]
  0x0000028647345720 JavaThread "DH-IO Thread[5]"                   [_thread_blocked, id=36120, stack(0x00000097da600000,0x00000097da700000) (1024K)]
  0x000002864734ee10 JavaThread "DH-Task Picker Re-queue Schedule Thread[0]" daemon [_thread_blocked, id=2664, stack(0x00000097c3600000,0x00000097c3700000) (1024K)]
  0x000002864734c6b0 JavaThread "DH-IO Thread[6]"                   [_thread_blocked, id=22940, stack(0x00000097d0e00000,0x00000097d0f00000) (1024K)]
  0x00000281810b5df0 JavaThread "DH-IO Thread[7]"                   [_thread_blocked, id=33820, stack(0x00000097da800000,0x00000097da900000) (1024K)]
  0x00000285a3802b20 JavaThread "DH-IO Thread[8]"                   [_thread_blocked, id=31316, stack(0x00000097da900000,0x00000097daa00000) (1024K)]
  0x00000285cd50e510 JavaThread "DH-Positional Lock Cleanup Thread[0]" daemon [_thread_blocked, id=36780, stack(0x00000097daa00000,0x00000097dab00000) (1024K)]
  0x000002864d7917e0 JavaThread "DH-IO Thread[9]"                   [_thread_blocked, id=11656, stack(0x00000097dab00000,0x00000097dac00000) (1024K)]
  0x00000285a33a07f0 JavaThread "DH-IO Thread[10]"                  [_thread_blocked, id=34576, stack(0x00000097da700000,0x00000097da800000) (1024K)]
  0x00000285e0d35da0 JavaThread "DH-IO Thread[11]"                  [_thread_blocked, id=33072, stack(0x00000097d9f00000,0x00000097da000000) (1024K)]
  0x00000285e0d3fb20 JavaThread "IO-Worker-6"                       [_thread_blocked, id=12216, stack(0x00000097da400000,0x00000097da500000) (1024K)]
  0x00000285e0d42fa0 JavaThread "IO-Worker-12"                      [_thread_blocked, id=34280, stack(0x00000097db100000,0x00000097db200000) (1024K)]
  0x00000285e0d3b980 JavaThread "Worker-Main-22"             daemon [_thread_blocked, id=27344, stack(0x00000097c3500000,0x00000097c3600000) (1024K)]
  0x00000285e0d38500 JavaThread "IO-Worker-13"                      [_thread_blocked, id=35020, stack(0x00000097c6400000,0x00000097c6500000) (1024K)]
Total: 258

Other Threads:
  0x000002818671f130 VMThread "VM Thread"                           [id=36024, stack(0x00000097c5a00000,0x00000097c5b00000) (1024K)]
  0x0000028186784830 WatcherThread "VM Periodic Task Thread"        [id=16312, stack(0x00000097c5900000,0x00000097c5a00000) (1024K)]
  0x00000281866e74d0 ConcurrentGCThread "ZDirector"                 [id=31428, stack(0x00000097c4800000,0x00000097c4900000) (1024K)]
  0x00000281866e5db0 ConcurrentGCThread "ZDriverMajor"              [id=37096, stack(0x00000097c4700000,0x00000097c4800000) (1024K)]
  0x00000281866e1690 ConcurrentGCThread "ZDriverMinor"              [id=30668, stack(0x00000097c4600000,0x00000097c4700000) (1024K)]
  0x00000281866f78c0 ConcurrentGCThread "ZStat"                     [id=36556, stack(0x00000097c4900000,0x00000097c4a00000) (1024K)]
  0x00000281848e6740 ConcurrentGCThread "ZUnmapper"                 [id=35640, stack(0x00000097c3800000,0x00000097c3900000) (1024K)]
  0x00000281848e71e0 ConcurrentGCThread "ZUncommitter"              [id=29524, stack(0x00000097c3900000,0x00000097c3a00000) (1024K)]
  0x0000028186650640 WorkerThread "ZWorkerYoung#0"                  [id=31772, stack(0x00000097c4000000,0x00000097c4100000) (1024K)]
  0x00000281866509e0 WorkerThread "ZWorkerYoung#1"                  [id=34484, stack(0x00000097c4100000,0x00000097c4200000) (1024K)]
  0x000002818664fb60 WorkerThread "ZWorkerYoung#2"                  [id=11736, stack(0x00000097c4200000,0x00000097c4300000) (1024K)]
  0x0000028186650d80 WorkerThread "ZWorkerYoung#3"                  [id=37404, stack(0x00000097c4300000,0x00000097c4400000) (1024K)]
  0x000002818664f420 WorkerThread "ZWorkerYoung#4"                  [id=15928, stack(0x00000097c4400000,0x00000097c4500000) (1024K)]
  0x0000028186651120 WorkerThread "ZWorkerYoung#5"                  [id=31556, stack(0x00000097c4500000,0x00000097c4600000) (1024K)]
  0x00000281848b9760 WorkerThread "ZWorkerOld#0"                    [id=35740, stack(0x00000097c3a00000,0x00000097c3b00000) (1024K)]
  0x00000281848b9b00 WorkerThread "ZWorkerOld#1"                    [id=21960, stack(0x00000097c3b00000,0x00000097c3c00000) (1024K)]
  0x00000281848b81a0 WorkerThread "ZWorkerOld#2"                    [id=16980, stack(0x00000097c3c00000,0x00000097c3d00000) (1024K)]
  0x00000281848b8540 WorkerThread "ZWorkerOld#3"                    [id=19656, stack(0x00000097c3d00000,0x00000097c3e00000) (1024K)]
  0x00000281848b88e0 WorkerThread "ZWorkerOld#4"                    [id=19536, stack(0x00000097c3e00000,0x00000097c3f00000) (1024K)]
  0x00000281848b8c80 WorkerThread "ZWorkerOld#5"                    [id=32668, stack(0x00000097c3f00000,0x00000097c4000000) (1024K)]
  0x00000281866502a0 WorkerThread "RuntimeWorker#0"                 [id=28984, stack(0x00000097c4a00000,0x00000097c4b00000) (1024K)]
  0x00000281866514c0 WorkerThread "RuntimeWorker#1"                 [id=34928, stack(0x00000097c4b00000,0x00000097c4c00000) (1024K)]
  0x000002818664ece0 WorkerThread "RuntimeWorker#2"                 [id=32520, stack(0x00000097c4c00000,0x00000097c4d00000) (1024K)]
  0x0000028186651860 WorkerThread "RuntimeWorker#3"                 [id=15468, stack(0x00000097c4d00000,0x00000097c4e00000) (1024K)]
  0x000002818664f7c0 WorkerThread "RuntimeWorker#4"                 [id=34080, stack(0x00000097c4e00000,0x00000097c4f00000) (1024K)]
  0x000002818664f080 WorkerThread "RuntimeWorker#5"                 [id=32956, stack(0x00000097c4f00000,0x00000097c5000000) (1024K)]
  0x0000028186651fa0 WorkerThread "RuntimeWorker#6"                 [id=19860, stack(0x00000097c5000000,0x00000097c5100000) (1024K)]
  0x00000281866526e0 WorkerThread "RuntimeWorker#7"                 [id=37128, stack(0x00000097c5100000,0x00000097c5200000) (1024K)]
  0x0000028186651c00 WorkerThread "RuntimeWorker#8"                 [id=37720, stack(0x00000097c5200000,0x00000097c5300000) (1024K)]
  0x000002818664ff00 WorkerThread "RuntimeWorker#9"                 [id=36016, stack(0x00000097c5300000,0x00000097c5400000) (1024K)]
  0x0000028186652340 WorkerThread "RuntimeWorker#10"                [id=5672, stack(0x00000097c5400000,0x00000097c5500000) (1024K)]
  0x00000281867223f0 WorkerThread "RuntimeWorker#11"                [id=16168, stack(0x00000097c5500000,0x00000097c5600000) (1024K)]
  0x0000028186721cb0 WorkerThread "RuntimeWorker#12"                [id=33544, stack(0x00000097c5600000,0x00000097c5700000) (1024K)]
  0x0000028186722050 WorkerThread "RuntimeWorker#13"                [id=37028, stack(0x00000097c5700000,0x00000097c5800000) (1024K)]
  0x00000281867206f0 WorkerThread "RuntimeWorker#14"                [id=37060, stack(0x00000097c5800000,0x00000097c5900000) (1024K)]
Total: 35

Threads with active compile tasks:
C2 CompilerThread0  272510 78473       4       net.mehvahdjukaar.mysticaloaktree.worldgen.WiseOakFoliagePlacer::shouldSkipLocation (85 bytes)
Total: 1

VM state: not at safepoint (normal execution)

VM Mutex/Monitor currently owned by a thread: None

CDS archive(s) not mapped
Compressed class space mapped at: 0x0000000080000000-0x00000000c0000000, reserved size: 1073741824
Narrow klass base: 0x0000000000000000, Narrow klass shift: 0, Narrow klass range: 0xc0000000

GC Precious Log:
 NUMA Support: Disabled
 CPUs: 24 total, 24 available
 Memory: 31848M
 Large Page Support: Disabled
 Address Space Type: Contiguous/Unrestricted/Complete
 Address Space Size: 262144M
 Min Capacity: 16384M
 Initial Capacity: 16384M
 Max Capacity: 16384M
 Soft Max Capacity: 16384M
 Medium Page Size: 32M
 Pre-touch: Disabled
 Uncommit: Implicitly Disabled (-Xms equals -Xmx)
 GC Workers for Old Generation: 6 (dynamic)
 GC Workers for Young Generation: 6 (dynamic)
 GC Workers Max: 6 (dynamic)
 Runtime Workers: 15

ZGC Globals:
 Young Collection:   Relocate/146
 Old Collection:     Relocate/15
 Offset Max:         4096G (0x0000040000000000)
 Page Size Small:    2M
 Page Size Medium:   32M

ZGC Metadata Bits:
 LoadGood:           0x0000000000002000
 LoadBad:            0x000000000000d000
 MarkGood:           0x0000000000002600
 MarkBad:            0x000000000000d9c0
 StoreGood:          0x0000000000002620
 StoreBad:           0x000000000000d9d0
 ------------------- 
 Remapped:           0x0000000000002000
 RemappedYoung:      0x000000000000a000
 RemappedOld:        0x0000000000003000
 MarkedYoung:        0x0000000000000200
 MarkedOld:          0x0000000000000400
 Remembered:         0x0000000000000020

Heap:
 ZHeap           used 5300M, capacity 16384M, max capacity 16384M
 Metaspace       used 362296K, committed 366400K, reserved 1376256K
  class space    used 60890K, committed 62784K, reserved 1048576K

ZGC Page Table:
 Small   0x0000000000000000 0x0000000000200000 0x0000000000200000 Y/146   Allocating 
 Small   0x0000000000200000 0x00000000003fffa8 0x0000000000400000 O/15    Allocating 
 Small   0x0000000000400000 0x0000000000600000 0x0000000000600000 Y/146   Allocating 
 Small   0x0000000000800000 0x0000000000a00000 0x0000000000a00000 Y/146   Allocating 
 Small   0x0000000000c00000 0x0000000000dfff70 0x0000000000e00000 O/15    Allocating 
 Small   0x0000000003200000 0x00000000033fffd0 0x0000000003400000 O/4     Relocatable
 Small   0x0000000003400000 0x0000000003600000 0x0000000003600000 Y/146   Allocating 
 Small   0x0000000003c00000 0x0000000003dfffe0 0x0000000003e00000 O/9     Relocatable
 Small   0x0000000003e00000 0x0000000003fffff0 0x0000000004000000 O/4     Relocatable
 Large   0x0000000006000000 0x0000000006600000 0x0000000006600000 O/11    Relocatable
 Small   0x0000000007200000 0x0000000007400000 0x0000000007400000 Y/146   Allocating 
 Large   0x0000000008000000 0x0000000008600000 0x0000000008600000 O/10    Relocatable
 Small   0x0000000008e00000 0x0000000009000000 0x0000000009000000 Y/146   Allocating 
 Small   0x0000000009000000 0x0000000009200000 0x0000000009200000 Y/146   Allocating 
 Small   0x0000000009600000 0x0000000009800000 0x0000000009800000 Y/146   Allocating 
 Small   0x0000000009e00000 0x000000000a000000 0x000000000a000000 Y/146   Allocating 
 Small   0x000000000a000000 0x000000000a200000 0x000000000a200000 Y/146   Allocating 
 Large   0x000000000a600000 0x000000000ac00000 0x000000000ac00000 O/10    Relocatable
 Small   0x000000000ac00000 0x000000000ae00000 0x000000000ae00000 Y/146   Allocating 
 Small   0x000000000b200000 0x000000000b400000 0x000000000b400000 Y/146   Allocating 
 Small   0x000000000b400000 0x000000000b5fff18 0x000000000b600000 O/15    Allocating 
 Large   0x000000000be00000 0x000000000c400000 0x000000000c400000 O/10    Relocatable
 Small   0x000000000c600000 0x000000000c800000 0x000000000c800000 Y/146   Allocating 
 Small   0x000000000cc00000 0x000000000cdffff8 0x000000000ce00000 Y/146   Allocating 
 Small   0x000000000d200000 0x000000000d400000 0x000000000d400000 Y/146   Allocating 
 Small   0x000000000d800000 0x000000000da00000 0x000000000da00000 Y/146   Allocating 
 Large   0x000000000e000000 0x000000000e600000 0x000000000e600000 O/4     Relocatable
 Large   0x000000000ec00000 0x000000000f400000 0x000000000f400000 O/11    Relocatable
 Large   0x000000000f800000 0x000000000fe00000 0x000000000fe00000 O/4     Relocatable
 Small   0x0000000010800000 0x00000000109fffd8 0x0000000010a00000 Y/146   Allocating 
 Small   0x0000000010a00000 0x0000000010a08ab8 0x0000000010c00000 Y/146   Allocating 
 Small   0x0000000011200000 0x00000000113ffff0 0x0000000011400000 O/15    Allocating 
 Small   0x0000000011400000 0x0000000011600000 0x0000000011600000 Y/146   Allocating 
 Small   0x0000000011a00000 0x0000000011c00000 0x0000000011c00000 Y/146   Allocating 
 Small   0x0000000011c00000 0x0000000011e00000 0x0000000011e00000 Y/146   Allocating 
 Large   0x0000000011e00000 0x0000000012400000 0x0000000012400000 O/4     Relocatable
 Small   0x0000000012400000 0x0000000012600000 0x0000000012600000 Y/146   Allocating 
 Small   0x0000000013c00000 0x0000000013e00000 0x0000000013e00000 Y/146   Allocating 
 Large   0x0000000014400000 0x0000000014a00000 0x0000000014a00000 O/9     Relocatable
 Small   0x0000000014a00000 0x0000000014bffa80 0x0000000014c00000 O/15    Allocating 
 Small   0x0000000014c00000 0x0000000014e00000 0x0000000014e00000 Y/146   Allocating 
 Small   0x0000000014e00000 0x0000000014fffca8 0x0000000015000000 O/13    Relocatable
 Small   0x0000000015400000 0x00000000155fe1d0 0x0000000015600000 O/6     Relocatable
 Small   0x0000000015600000 0x00000000157fffc0 0x0000000015800000 O/10    Relocatable
 Small   0x0000000015c00000 0x0000000015e00000 0x0000000015e00000 O/9     Relocatable
 Small   0x0000000016200000 0x0000000016400000 0x0000000016400000 Y/146   Allocating 
 Small   0x0000000016400000 0x00000000165fffd0 0x0000000016600000 O/9     Relocatable
 Small   0x0000000016c00000 0x0000000016e00000 0x0000000016e00000 Y/146   Allocating 
 Small   0x0000000016e00000 0x0000000016ffffc8 0x0000000017000000 O/9     Relocatable
 Small   0x0000000017400000 0x0000000017600000 0x0000000017600000 Y/146   Allocating 
 Small   0x0000000017600000 0x00000000177ffe80 0x0000000017800000 O/15    Allocating 
 Small   0x0000000017800000 0x00000000179fffd0 0x0000000017a00000 O/4     Relocatable
 Small   0x0000000017a00000 0x0000000017c00000 0x0000000017c00000 O/4     Relocatable
 Small   0x0000000017c00000 0x0000000017dffff8 0x0000000017e00000 O/4     Relocatable
 Small   0x0000000017e00000 0x0000000018000000 0x0000000018000000 Y/146   Allocating 
 Small   0x0000000018200000 0x00000000183fffe0 0x0000000018400000 O/10    Relocatable
 Small   0x0000000018800000 0x00000000189fffe8 0x0000000018a00000 O/10    Relocatable
 Small   0x0000000018a00000 0x0000000018bfffd0 0x0000000018c00000 O/4     Relocatable
 Small   0x0000000018c00000 0x0000000018dffff0 0x0000000018e00000 O/9     Relocatable
 Small   0x0000000018e00000 0x0000000018ffec28 0x0000000019000000 O/6     Relocatable
 Small   0x0000000019200000 0x00000000193ffff8 0x0000000019400000 O/4     Relocatable
 Small   0x0000000019400000 0x0000000019600000 0x0000000019600000 Y/146   Allocating 
 Small   0x0000000019a00000 0x0000000019c00000 0x0000000019c00000 Y/146   Allocating 
 Small   0x0000000019c00000 0x0000000019dfe9d0 0x0000000019e00000 O/10    Relocatable
 Small   0x0000000019e00000 0x0000000019ffa988 0x000000001a000000 O/4     Relocatable
 Small   0x000000001a200000 0x000000001a3fffb0 0x000000001a400000 O/9     Relocatable
 Small   0x000000001a400000 0x000000001a600000 0x000000001a600000 O/4     Relocatable
 Small   0x000000001a800000 0x000000001a9fffd8 0x000000001aa00000 O/4     Relocatable
 Small   0x000000001ac00000 0x000000001adffff8 0x000000001ae00000 O/9     Relocatable
 Small   0x000000001ae00000 0x000000001b000000 0x000000001b000000 O/10    Relocatable
 Small   0x000000001b000000 0x000000001b1fffe8 0x000000001b200000 O/4     Relocatable
 Small   0x000000001b200000 0x000000001b400000 0x000000001b400000 Y/146   Allocating 
 Small   0x000000001b400000 0x000000001b5fffe8 0x000000001b600000 O/9     Relocatable
 Small   0x000000001b800000 0x000000001b9fff98 0x000000001ba00000 O/13    Relocatable
 Small   0x000000001ba00000 0x000000001bbfffe8 0x000000001bc00000 O/4     Relocatable
 Small   0x000000001be00000 0x000000001bfe41c0 0x000000001c000000 O/4     Relocatable
 Small   0x000000001c000000 0x000000001c200000 0x000000001c200000 O/4     Relocatable
 Small   0x000000001c200000 0x000000001c3ffff8 0x000000001c400000 O/9     Relocatable
 Small   0x000000001c400000 0x000000001c5fffd0 0x000000001c600000 O/4     Relocatable
 Small   0x000000001c600000 0x000000001c800000 0x000000001c800000 Y/146   Allocating 
 Small   0x000000001c800000 0x000000001ca00000 0x000000001ca00000 Y/146   Allocating 
 Small   0x000000001ca00000 0x000000001cc00000 0x000000001cc00000 Y/146   Allocating 
 Small   0x000000001ce00000 0x000000001d000000 0x000000001d000000 Y/146   Allocating 
 Small   0x000000001d000000 0x000000001d1ffe58 0x000000001d200000 O/15    Allocating 
 Small   0x000000001d800000 0x000000001da00000 0x000000001da00000 Y/146   Allocating 
 Small   0x000000001dc00000 0x000000001ddffff0 0x000000001de00000 O/9     Relocatable
 Small   0x000000001e000000 0x000000001e1e4ae0 0x000000001e200000 O/9     Relocatable
 Small   0x000000001e200000 0x000000001e3fffe8 0x000000001e400000 O/4     Relocatable
 Small   0x000000001e600000 0x000000001e800000 0x000000001e800000 Y/146   Allocating 
 Small   0x000000001ee00000 0x000000001effffe8 0x000000001f000000 O/15    Allocating 
 Small   0x000000001f200000 0x000000001f3f5068 0x000000001f400000 O/4     Relocatable
 Small   0x000000001f400000 0x000000001f5ffff8 0x000000001f600000 O/4     Relocatable
 Small   0x000000001f600000 0x000000001f800000 0x000000001f800000 Y/146   Allocating 
 Small   0x000000001f800000 0x000000001f9ffff8 0x000000001fa00000 O/4     Relocatable
 Small   0x0000000020000000 0x0000000020200000 0x0000000020200000 Y/146   Allocating 
 Small   0x0000000020400000 0x00000000205fffd8 0x0000000020600000 O/4     Relocatable
 Small   0x0000000020600000 0x00000000207fffe8 0x0000000020800000 O/9     Relocatable
 Small   0x0000000020800000 0x00000000209fffd0 0x0000000020a00000 O/4     Relocatable
 Small   0x0000000020e00000 0x0000000020ffffc0 0x0000000021000000 O/4     Relocatable
 Small   0x0000000021000000 0x0000000021200000 0x0000000021200000 O/4     Relocatable
 Small   0x0000000021200000 0x00000000213fffe8 0x0000000021400000 O/6     Relocatable
 Small   0x0000000021400000 0x00000000215f7900 0x0000000021600000 O/6     Relocatable
 Small   0x0000000021600000 0x00000000217f5c98 0x0000000021800000 O/9     Relocatable
 Small   0x0000000021c00000 0x0000000021e00000 0x0000000021e00000 Y/146   Allocating 
 Small   0x0000000021e00000 0x0000000021ffffc0 0x0000000022000000 O/10    Relocatable
 Small   0x0000000022000000 0x0000000022200000 0x0000000022200000 Y/146   Allocating 
 Small   0x0000000022200000 0x00000000223ffff0 0x0000000022400000 O/15    Allocating 
 Small   0x0000000022600000 0x0000000022800000 0x0000000022800000 Y/146   Allocating 
 Small   0x0000000022800000 0x00000000229ffff0 0x0000000022a00000 O/9     Relocatable
 Small   0x0000000022e00000 0x0000000023000000 0x0000000023000000 O/14    Relocatable
 Small   0x0000000023000000 0x00000000231f21d8 0x0000000023200000 O/4     Relocatable
 Small   0x0000000023200000 0x0000000023400000 0x0000000023400000 O/4     Relocatable
 Small   0x0000000023400000 0x0000000023600000 0x0000000023600000 Y/146   Allocating 
 Small   0x0000000023600000 0x0000000023800000 0x0000000023800000 O/4     Relocatable
 Small   0x0000000023800000 0x0000000023a00000 0x0000000023a00000 Y/146   Allocating 
 Small   0x0000000023a00000 0x0000000023c00000 0x0000000023c00000 Y/146   Allocating 
 Small   0x0000000023e00000 0x0000000024000000 0x0000000024000000 Y/146   Allocating 
 Small   0x0000000024000000 0x0000000024200000 0x0000000024200000 Y/146   Allocating 
 Small   0x0000000024200000 0x0000000024400000 0x0000000024400000 Y/146   Allocating 
 Small   0x0000000024a00000 0x0000000024c00000 0x0000000024c00000 Y/146   Allocating 
 Medium  0x0000000024e00000 0x0000000026bb9000 0x0000000026e00000 O/4     Relocatable
 Small   0x0000000026e00000 0x0000000027000000 0x0000000027000000 Y/146   Allocating 
 Small   0x0000000027200000 0x00000000272aec40 0x0000000027400000 O/15    Allocating 
 Small   0x0000000027400000 0x00000000275ffd58 0x0000000027600000 O/9     Relocatable
 Small   0x0000000027600000 0x0000000027800000 0x0000000027800000 Y/146   Allocating 
 Small   0x0000000027800000 0x0000000027a00000 0x0000000027a00000 O/15    Allocating 
 Small   0x0000000027a00000 0x0000000027bfd638 0x0000000027c00000 O/14    Relocatable
 Small   0x0000000027c00000 0x0000000027e00000 0x0000000027e00000 Y/146   Allocating 
 Small   0x0000000028600000 0x0000000028800000 0x0000000028800000 Y/146   Allocating 
 Small   0x0000000028800000 0x00000000289fffd8 0x0000000028a00000 O/15    Allocating 
 Small   0x0000000028a00000 0x0000000028c00000 0x0000000028c00000 Y/146   Allocating 
 Small   0x0000000028e00000 0x0000000029000000 0x0000000029000000 Y/146   Allocating 
 Small   0x0000000029000000 0x00000000291fffe8 0x0000000029200000 O/4     Relocatable
 Small   0x0000000029400000 0x00000000295ffff8 0x0000000029600000 O/9     Relocatable
 Small   0x0000000029600000 0x00000000297f8e98 0x0000000029800000 O/10    Relocatable
 Medium  0x0000000029a00000 0x000000002b9e3000 0x000000002ba00000 O/11    Relocatable
 Small   0x000000002ba00000 0x000000002bbfffe8 0x000000002bc00000 O/9     Relocatable
 Small   0x000000002bc00000 0x000000002bdfffe8 0x000000002be00000 O/6     Relocatable
 Small   0x000000002be00000 0x000000002bffff18 0x000000002c000000 O/15    Allocating 
 Small   0x000000002c000000 0x000000002c200000 0x000000002c200000 Y/146   Allocating 
 Small   0x000000002c200000 0x000000002c3fffd0 0x000000002c400000 O/15    Allocating 
 Small   0x000000002c600000 0x000000002c7ffff0 0x000000002c800000 O/13    Relocatable
 Small   0x000000002c800000 0x000000002ca00000 0x000000002ca00000 O/10    Relocatable
 Small   0x000000002cc00000 0x000000002cdffee8 0x000000002ce00000 O/6     Relocatable
 Small   0x000000002ce00000 0x000000002cffef78 0x000000002d000000 O/4     Relocatable
 Small   0x000000002d000000 0x000000002d200000 0x000000002d200000 Y/146   Allocating 
 Small   0x000000002d200000 0x000000002d3fffe0 0x000000002d400000 O/9     Relocatable
 Small   0x000000002d400000 0x000000002d600000 0x000000002d600000 Y/146   Allocating 
 Small   0x000000002d800000 0x000000002da00000 0x000000002da00000 Y/146   Allocating 
 Small   0x000000002da00000 0x000000002dc00000 0x000000002dc00000 Y/146   Allocating 
 Small   0x000000002dc00000 0x000000002ddfffd8 0x000000002de00000 O/13    Relocatable
 Small   0x000000002e200000 0x000000002e3fc4c0 0x000000002e400000 O/6     Relocatable
 Small   0x000000002e600000 0x000000002e7fffe0 0x000000002e800000 O/4     Relocatable
 Small   0x000000002e800000 0x000000002e9ffff0 0x000000002ea00000 O/12    Relocatable
 Small   0x000000002ea00000 0x000000002ebffff8 0x000000002ec00000 O/9     Relocatable
 Small   0x000000002ec00000 0x000000002edfffe8 0x000000002ee00000 O/9     Relocatable
 Small   0x000000002f000000 0x000000002f1fffd8 0x000000002f200000 O/4     Relocatable
 Small   0x000000002f200000 0x000000002f400000 0x000000002f400000 O/10    Relocatable
 Small   0x000000002f400000 0x000000002f5ffef8 0x000000002f600000 O/15    Allocating 
 Small   0x0000000031c00000 0x0000000031e00000 0x0000000031e00000 Y/146   Allocating 
 Small   0x0000000031e00000 0x0000000031fffff0 0x0000000032000000 O/15    Allocating 
 Small   0x0000000032200000 0x0000000032400000 0x0000000032400000 Y/146   Allocating 
 Small   0x0000000032400000 0x00000000325fd4f0 0x0000000032600000 O/4     Relocatable
 Small   0x0000000032600000 0x0000000032800000 0x0000000032800000 Y/146   Allocating 
 Small   0x0000000032c00000 0x0000000032dfffe8 0x0000000032e00000 O/15    Allocating 
 Small   0x0000000032e00000 0x0000000033000000 0x0000000033000000 Y/146   Allocating 
 Small   0x0000000033000000 0x00000000331fffe0 0x0000000033200000 O/4     Relocatable
 Small   0x0000000033200000 0x0000000033400000 0x0000000033400000 Y/146   Allocating 
 Small   0x0000000033600000 0x0000000033800000 0x0000000033800000 Y/146   Allocating 
 Small   0x0000000034400000 0x00000000345f5808 0x0000000034600000 O/13    Relocatable
 Large   0x0000000034600000 0x0000000035600000 0x0000000035600000 O/4     Relocatable
 Small   0x0000000035600000 0x0000000035800000 0x0000000035800000 Y/146   Allocating 
 Small   0x0000000035800000 0x0000000035a00000 0x0000000035a00000 Y/146   Allocating 
 Small   0x0000000035a00000 0x0000000035c00000 0x0000000035c00000 Y/146   Allocating 
 Small   0x0000000035c00000 0x0000000035dfff00 0x0000000035e00000 O/10    Relocatable
 Small   0x0000000035e00000 0x0000000036000000 0x0000000036000000 Y/146   Allocating 
 Small   0x0000000036200000 0x0000000036400000 0x0000000036400000 Y/146   Allocating 
 Small   0x0000000036400000 0x00000000365fffd8 0x0000000036600000 O/4     Relocatable
 Large   0x0000000036600000 0x0000000037600000 0x0000000037600000 O/4     Relocatable
 Small   0x0000000037800000 0x00000000379fffe8 0x0000000037a00000 O/9     Relocatable
 Small   0x0000000037c00000 0x0000000037e00000 0x0000000037e00000 Y/146   Allocating 
 Small   0x0000000038600000 0x0000000038800000 0x0000000038800000 Y/146   Allocating 
 Small   0x0000000038c00000 0x0000000038dfffe0 0x0000000038e00000 Y/146   Allocating 
 Small   0x0000000038e00000 0x0000000039000000 0x0000000039000000 Y/146   Allocating 
 Small   0x0000000039400000 0x0000000039600000 0x0000000039600000 Y/146   Allocating 
 Small   0x0000000039600000 0x0000000039800000 0x0000000039800000 Y/146   Allocating 
 Small   0x0000000039800000 0x0000000039a00000 0x0000000039a00000 Y/146   Allocating 
 Small   0x000000003a000000 0x000000003a200000 0x000000003a200000 Y/146   Allocating 
 Small   0x000000003a600000 0x000000003a7ffff0 0x000000003a800000 O/15    Allocating 
 Small   0x000000003a800000 0x000000003a9fffe8 0x000000003aa00000 O/9     Relocatable
 Small   0x000000003aa00000 0x000000003ac00000 0x000000003ac00000 Y/146   Allocating 
 Small   0x000000003ac00000 0x000000003ae00000 0x000000003ae00000 Y/146   Allocating 
 Small   0x000000003ae00000 0x000000003b000000 0x000000003b000000 Y/146   Allocating 
 Large   0x000000003b400000 0x000000003ce00000 0x000000003ce00000 O/4     Relocatable
 Small   0x000000003ce00000 0x000000003d000000 0x000000003d000000 Y/146   Allocating 
 Small   0x000000003d000000 0x000000003d1ffff0 0x000000003d200000 O/14    Relocatable
 Small   0x000000003d200000 0x000000003d400000 0x000000003d400000 Y/146   Allocating 
 Small   0x000000003d400000 0x000000003d600000 0x000000003d600000 Y/146   Allocating 
 Small   0x000000003d600000 0x000000003d800000 0x000000003d800000 Y/146   Allocating 
 Small   0x000000003d800000 0x000000003da00000 0x000000003da00000 Y/146   Allocating 
 Small   0x000000003de00000 0x000000003dffff20 0x000000003e000000 O/11    Relocatable
 Small   0x000000003e000000 0x000000003e200000 0x000000003e200000 O/9     Relocatable
 Small   0x000000003e600000 0x000000003e800000 0x000000003e800000 Y/146   Allocating 
 Large   0x000000003ea00000 0x0000000040400000 0x0000000040400000 O/4     Relocatable
 Small   0x0000000040400000 0x0000000040600000 0x0000000040600000 Y/146   Allocating 
 Small   0x0000000040800000 0x0000000040a00000 0x0000000040a00000 Y/146   Allocating 
 Small   0x0000000040a00000 0x0000000040bfffe0 0x0000000040c00000 Y/146   Allocating 
 Small   0x0000000040c00000 0x0000000040e00000 0x0000000040e00000 Y/146   Allocating 
 Small   0x0000000041000000 0x00000000411ff808 0x0000000041200000 O/13    Relocatable
 Small   0x0000000041200000 0x0000000041400000 0x0000000041400000 Y/146   Allocating 
 Small   0x0000000041400000 0x0000000041600000 0x0000000041600000 Y/146   Allocating 
 Small   0x0000000041600000 0x00000000417c0b78 0x0000000041800000 O/15    Allocating 
 Small   0x0000000041800000 0x0000000041a00000 0x0000000041a00000 Y/146   Allocating 
 Small   0x0000000041a00000 0x0000000041c00000 0x0000000041c00000 Y/146   Allocating 
 Small   0x0000000041c00000 0x0000000041e00000 0x0000000041e00000 Y/146   Allocating 
 Small   0x0000000041e00000 0x0000000042000000 0x0000000042000000 Y/146   Allocating 
 Small   0x0000000042000000 0x0000000042200000 0x0000000042200000 Y/146   Allocating 
 Small   0x0000000042200000 0x0000000042400000 0x0000000042400000 Y/146   Allocating 
 Small   0x0000000042400000 0x0000000042600000 0x0000000042600000 Y/146   Allocating 
 Small   0x0000000042600000 0x0000000042800000 0x0000000042800000 Y/146   Allocating 
 Small   0x0000000042800000 0x0000000042a00000 0x0000000042a00000 Y/146   Allocating 
 Small   0x0000000042a00000 0x0000000042c00000 0x0000000042c00000 Y/146   Allocating 
 Small   0x0000000042c00000 0x0000000042e00000 0x0000000042e00000 Y/146   Allocating 
 Small   0x0000000043000000 0x00000000431ffff0 0x0000000043200000 O/15    Allocating 
 Small   0x0000000043200000 0x0000000043400000 0x0000000043400000 Y/146   Allocating 
 Small   0x0000000043400000 0x0000000043600000 0x0000000043600000 Y/146   Allocating 
 Small   0x0000000043800000 0x0000000043a00000 0x0000000043a00000 Y/146   Allocating 
 Small   0x0000000043c00000 0x0000000043dffff0 0x0000000043e00000 O/15    Allocating 
 Small   0x0000000043e00000 0x0000000043ffffd8 0x0000000044000000 O/9     Relocatable
 Small   0x0000000044000000 0x00000000441ef368 0x0000000044200000 O/6     Relocatable
 Small   0x0000000044400000 0x0000000044600000 0x0000000044600000 Y/146   Allocating 
 Small   0x0000000044600000 0x00000000447f9f08 0x0000000044800000 O/4     Relocatable
 Small   0x0000000044a00000 0x0000000044c00000 0x0000000044c00000 Y/146   Allocating 
 Small   0x0000000044c00000 0x0000000044e00000 0x0000000044e00000 Y/146   Allocating 
 Small   0x0000000045000000 0x0000000045200000 0x0000000045200000 Y/146   Allocating 
 Small   0x0000000045200000 0x0000000045400000 0x0000000045400000 Y/146   Allocating 
 Small   0x0000000045400000 0x00000000455fab00 0x0000000045600000 O/9     Relocatable
 Small   0x0000000045a00000 0x0000000045c00000 0x0000000045c00000 Y/146   Allocating 
 Small   0x0000000046000000 0x00000000461ffff0 0x0000000046200000 O/15    Allocating 
 Small   0x0000000046200000 0x00000000463ffec8 0x0000000046400000 O/13    Relocatable
 Medium  0x0000000046400000 0x00000000483e2000 0x0000000048400000 O/4     Relocatable
 Small   0x0000000048400000 0x00000000485ff9f8 0x0000000048600000 O/4     Relocatable
 Small   0x0000000048600000 0x00000000487fffc8 0x0000000048800000 O/9     Relocatable
 Small   0x0000000048800000 0x00000000489fffd0 0x0000000048a00000 O/4     Relocatable
 Small   0x0000000048a00000 0x0000000048bfa260 0x0000000048c00000 O/6     Relocatable
 Small   0x0000000048c00000 0x0000000048e00000 0x0000000048e00000 Y/146   Allocating 
 Small   0x0000000048e00000 0x0000000049000000 0x0000000049000000 Y/146   Allocating 
 Small   0x0000000049200000 0x00000000493fff80 0x0000000049400000 O/9     Relocatable
 Small   0x0000000049600000 0x00000000497fffe0 0x0000000049800000 O/10    Relocatable
 Small   0x0000000049800000 0x0000000049a00000 0x0000000049a00000 Y/146   Allocating 
 Small   0x0000000049c00000 0x0000000049e00000 0x0000000049e00000 Y/146   Allocating 
 Small   0x0000000049e00000 0x000000004a000000 0x000000004a000000 Y/146   Allocating 
 Small   0x000000004a400000 0x000000004a600000 0x000000004a600000 Y/146   Allocating 
 Small   0x000000004a600000 0x000000004a800000 0x000000004a800000 Y/146   Allocating 
 Small   0x000000004ae00000 0x000000004b000000 0x000000004b000000 Y/146   Allocating 
 Small   0x000000004b000000 0x000000004b200000 0x000000004b200000 Y/146   Allocating 
 Small   0x000000004b200000 0x000000004b400000 0x000000004b400000 Y/146   Allocating 
 Small   0x000000004b400000 0x000000004b600000 0x000000004b600000 Y/146   Allocating 
 Medium  0x000000004b600000 0x000000004d5e0000 0x000000004d600000 O/11    Relocatable
 Small   0x000000004d600000 0x000000004d800000 0x000000004d800000 Y/146   Allocating 
 Small   0x000000004da00000 0x000000004dbfffd0 0x000000004dc00000 O/13    Relocatable
 Small   0x000000004de00000 0x000000004dfffff8 0x000000004e000000 Y/146   Allocating 
 Small   0x000000004e000000 0x000000004e200000 0x000000004e200000 Y/146   Allocating 
 Small   0x000000004e200000 0x000000004e400000 0x000000004e400000 Y/146   Allocating 
 Small   0x000000004e600000 0x000000004e7fff50 0x000000004e800000 O/9     Relocatable
 Small   0x000000004e800000 0x000000004ea00000 0x000000004ea00000 Y/146   Allocating 
 Small   0x000000004f000000 0x000000004f200000 0x000000004f200000 Y/146   Allocating 
 Small   0x000000004f200000 0x000000004f3ffff8 0x000000004f400000 O/15    Allocating 
 Small   0x000000004f600000 0x000000004f7ffff0 0x000000004f800000 O/9     Relocatable
 Small   0x000000004f800000 0x000000004f980000 0x000000004fa00000 Y/146   Allocating 
 Small   0x000000004fa00000 0x000000004fc00000 0x000000004fc00000 Y/146   Allocating 
 Small   0x000000004fe00000 0x0000000050000000 0x0000000050000000 Y/146   Allocating 
 Small   0x0000000050000000 0x0000000050200000 0x0000000050200000 Y/146   Allocating 
 Small   0x0000000050200000 0x0000000050400000 0x0000000050400000 Y/146   Allocating 
 Small   0x0000000050600000 0x00000000507fffd8 0x0000000050800000 O/10    Relocatable
 Small   0x0000000050800000 0x0000000050a00000 0x0000000050a00000 Y/146   Allocating 
 Small   0x0000000050a00000 0x0000000050bfffe0 0x0000000050c00000 O/10    Relocatable
 Small   0x0000000050e00000 0x0000000051000000 0x0000000051000000 O/15    Allocating 
 Small   0x0000000053000000 0x00000000531fffe0 0x0000000053200000 O/9     Relocatable
 Small   0x0000000053200000 0x0000000053400000 0x0000000053400000 Y/146   Allocating 
 Small   0x0000000053400000 0x0000000053600000 0x0000000053600000 Y/146   Allocating 
 Small   0x0000000053600000 0x0000000053757c90 0x0000000053800000 O/15    Allocating 
 Small   0x0000000053800000 0x0000000053a00000 0x0000000053a00000 Y/146   Allocating 
 Small   0x0000000053a00000 0x0000000053c00000 0x0000000053c00000 Y/146   Allocating 
 Small   0x0000000053c00000 0x0000000053e00000 0x0000000053e00000 Y/146   Allocating 
 Small   0x0000000053e00000 0x0000000054000000 0x0000000054000000 Y/146   Allocating 
 Small   0x0000000054400000 0x00000000545ffff8 0x0000000054600000 O/9     Relocatable
 Small   0x0000000054800000 0x0000000054a00000 0x0000000054a00000 Y/146   Allocating 
 Small   0x0000000054e00000 0x0000000055000000 0x0000000055000000 Y/146   Allocating 
 Small   0x0000000055000000 0x0000000055200000 0x0000000055200000 Y/146   Allocating 
 Small   0x0000000055600000 0x00000000557fff78 0x0000000055800000 O/9     Relocatable
 Small   0x0000000055a00000 0x0000000055c00000 0x0000000055c00000 Y/146   Allocating 
 Small   0x0000000056200000 0x0000000056400000 0x0000000056400000 Y/146   Allocating 
 Small   0x0000000056400000 0x0000000056600000 0x0000000056600000 Y/146   Allocating 
 Small   0x0000000056a00000 0x0000000056c00000 0x0000000056c00000 Y/146   Allocating 
 Large   0x0000000056c00000 0x0000000057c00000 0x0000000057c00000 O/4     Relocatable
 Small   0x0000000058000000 0x0000000058200000 0x0000000058200000 O/12    Relocatable
 Small   0x0000000058200000 0x0000000058400000 0x0000000058400000 Y/146   Allocating 
 Small   0x0000000058400000 0x0000000058600000 0x0000000058600000 O/9     Relocatable
 Small   0x0000000058a00000 0x0000000058c00000 0x0000000058c00000 Y/146   Allocating 
 Small   0x0000000058e00000 0x0000000059000000 0x0000000059000000 Y/146   Allocating 
 Small   0x0000000059200000 0x0000000059400000 0x0000000059400000 Y/146   Allocating 
 Small   0x0000000059400000 0x0000000059600000 0x0000000059600000 Y/146   Allocating 
 Small   0x0000000059600000 0x0000000059800000 0x0000000059800000 Y/146   Allocating 
 Small   0x0000000059800000 0x0000000059a00000 0x0000000059a00000 Y/146   Allocating 
 Small   0x0000000059a00000 0x0000000059c00000 0x0000000059c00000 Y/146   Allocating 
 Small   0x0000000059c00000 0x0000000059dffff8 0x0000000059e00000 O/9     Relocatable
 Small   0x0000000059e00000 0x0000000059fffe60 0x000000005a000000 O/12    Relocatable
 Small   0x000000005a000000 0x000000005a1fffb8 0x000000005a200000 O/4     Relocatable
 Small   0x000000005a200000 0x000000005a400000 0x000000005a400000 Y/146   Allocating 
 Small   0x000000005a800000 0x000000005aa00000 0x000000005aa00000 Y/146   Allocating 
 Small   0x000000005ac00000 0x000000005ae00000 0x000000005ae00000 Y/146   Allocating 
 Small   0x000000005b000000 0x000000005b200000 0x000000005b200000 Y/146   Allocating 
 Small   0x000000005b200000 0x000000005b3fffe8 0x000000005b400000 O/10    Relocatable
 Small   0x000000005b400000 0x000000005b600000 0x000000005b600000 Y/146   Allocating 
 Small   0x000000005b600000 0x000000005b800000 0x000000005b800000 Y/146   Allocating 
 Small   0x000000005b800000 0x000000005ba00000 0x000000005ba00000 Y/146   Allocating 
 Small   0x000000005ba00000 0x000000005bbfff78 0x000000005bc00000 O/15    Allocating 
 Small   0x000000005bc00000 0x000000005bdffff0 0x000000005be00000 O/10    Relocatable
 Large   0x000000005c000000 0x000000005da00000 0x000000005da00000 O/4     Relocatable
 Small   0x000000005da00000 0x000000005dbffff8 0x000000005dc00000 O/10    Relocatable
 Small   0x000000005dc00000 0x000000005de00000 0x000000005de00000 Y/146   Allocating 
 Small   0x000000005de00000 0x000000005e000000 0x000000005e000000 Y/146   Allocating 
 Small   0x000000005e000000 0x000000005e200000 0x000000005e200000 Y/146   Allocating 
 Small   0x000000005e200000 0x000000005e400000 0x000000005e400000 Y/146   Allocating 
 Small   0x000000005e400000 0x000000005e5ffff8 0x000000005e600000 O/9     Relocatable
 Small   0x000000005ea00000 0x000000005ec00000 0x000000005ec00000 Y/146   Allocating 
 Small   0x000000005ee00000 0x000000005effffe0 0x000000005f000000 O/9     Relocatable
 Small   0x000000005f000000 0x000000005f200000 0x000000005f200000 O/9     Relocatable
 Small   0x000000005f400000 0x000000005f600000 0x000000005f600000 Y/146   Allocating 
 Small   0x000000005f600000 0x000000005f60f1f0 0x000000005f800000 Y/146   Allocating 
 Small   0x000000005f800000 0x000000005fa00000 0x000000005fa00000 Y/146   Allocating 
 Small   0x000000005fa00000 0x000000005fc00000 0x000000005fc00000 Y/146   Allocating 
 Small   0x0000000060600000 0x0000000060800000 0x0000000060800000 Y/146   Allocating 
 Small   0x0000000060800000 0x0000000060a00000 0x0000000060a00000 Y/146   Allocating 
 Small   0x0000000060c00000 0x0000000060e00000 0x0000000060e00000 Y/146   Allocating 
 Small   0x0000000060e00000 0x0000000061000000 0x0000000061000000 Y/146   Allocating 
 Small   0x0000000061000000 0x0000000061200000 0x0000000061200000 Y/146   Allocating 
 Small   0x0000000061800000 0x0000000061a00000 0x0000000061a00000 Y/146   Allocating 
 Small   0x0000000061a00000 0x0000000061c00000 0x0000000061c00000 Y/146   Allocating 
 Small   0x0000000062000000 0x0000000062200000 0x0000000062200000 Y/146   Allocating 
 Small   0x0000000062200000 0x0000000062400000 0x0000000062400000 Y/146   Allocating 
 Small   0x0000000062600000 0x00000000627fffd8 0x0000000062800000 O/4     Relocatable
 Small   0x0000000062800000 0x0000000062a00000 0x0000000062a00000 O/4     Relocatable
 Small   0x0000000062c00000 0x0000000062e00000 0x0000000062e00000 Y/146   Allocating 
 Small   0x0000000062e00000 0x0000000063000000 0x0000000063000000 Y/146   Allocating 
 Small   0x0000000063400000 0x00000000635ffff0 0x0000000063600000 O/15    Allocating 
 Small   0x0000000065a00000 0x0000000065c00000 0x0000000065c00000 Y/146   Allocating 
 Small   0x0000000065e00000 0x0000000065fffff0 0x0000000066000000 O/9     Relocatable
 Small   0x0000000066400000 0x0000000066600000 0x0000000066600000 O/9     Relocatable
 Small   0x0000000066600000 0x00000000667d4438 0x0000000066800000 O/9     Relocatable
 Small   0x0000000066800000 0x00000000669f8660 0x0000000066a00000 O/15    Allocating 
 Small   0x0000000066a00000 0x0000000066bffff8 0x0000000066c00000 O/10    Relocatable
 Small   0x0000000066c00000 0x0000000066e00000 0x0000000066e00000 Y/146   Allocating 
 Small   0x0000000066e00000 0x0000000066ffffb8 0x0000000067000000 O/9     Relocatable
 Medium  0x0000000067400000 0x00000000691c1000 0x0000000069400000 O/10    Relocatable
 Medium  0x0000000069400000 0x000000006b323000 0x000000006b400000 O/11    Relocatable
 Small   0x000000006b400000 0x000000006b600000 0x000000006b600000 Y/146   Allocating 
 Small   0x000000006b800000 0x000000006ba00000 0x000000006ba00000 Y/146   Allocating 
 Small   0x000000006ba00000 0x000000006bc00000 0x000000006bc00000 Y/146   Allocating 
 Small   0x000000006bc00000 0x000000006be00000 0x000000006be00000 Y/146   Allocating 
 Small   0x000000006c200000 0x000000006c400000 0x000000006c400000 Y/146   Allocating 
 Small   0x000000006c400000 0x000000006c600000 0x000000006c600000 Y/146   Allocating 
 Small   0x000000006c600000 0x000000006c7fffd8 0x000000006c800000 O/10    Relocatable
 Small   0x000000006c800000 0x000000006ca00000 0x000000006ca00000 Y/146   Allocating 
 Small   0x000000006ca00000 0x000000006cc00000 0x000000006cc00000 Y/146   Allocating 
 Small   0x000000006d000000 0x000000006d1fffc8 0x000000006d200000 O/9     Relocatable
 Small   0x000000006d200000 0x000000006d400000 0x000000006d400000 O/10    Relocatable
 Small   0x000000006d600000 0x000000006d800000 0x000000006d800000 Y/146   Allocating 
 Small   0x000000006d800000 0x000000006da00000 0x000000006da00000 Y/146   Allocating 
 Small   0x000000006dc00000 0x000000006de00000 0x000000006de00000 Y/146   Allocating 
 Small   0x000000006de00000 0x000000006e000000 0x000000006e000000 Y/146   Allocating 
 Small   0x000000006e000000 0x000000006e200000 0x000000006e200000 Y/146   Allocating 
 Small   0x000000006e200000 0x000000006e3a37c0 0x000000006e400000 O/15    Allocating 
 Small   0x000000006e600000 0x000000006e800000 0x000000006e800000 O/15    Allocating 
 Small   0x000000006e800000 0x000000006ea00000 0x000000006ea00000 Y/146   Allocating 
 Small   0x000000006ea00000 0x000000006ec00000 0x000000006ec00000 Y/146   Allocating 
 Small   0x000000006ee00000 0x000000006effffb8 0x000000006f000000 O/9     Relocatable
 Small   0x000000006f200000 0x000000006f400000 0x000000006f400000 Y/146   Allocating 
 Small   0x000000006f600000 0x000000006f800000 0x000000006f800000 Y/146   Allocating 
 Small   0x000000006f800000 0x000000006fa00000 0x000000006fa00000 Y/146   Allocating 
 Small   0x000000006fa00000 0x000000006fc00000 0x000000006fc00000 Y/146   Allocating 
 Small   0x000000006fc00000 0x000000006fdffff8 0x000000006fe00000 O/13    Relocatable
 Small   0x000000006fe00000 0x0000000070000000 0x0000000070000000 Y/146   Allocating 
 Small   0x0000000070200000 0x0000000070400000 0x0000000070400000 Y/146   Allocating 
 Small   0x0000000070400000 0x00000000705fffb8 0x0000000070600000 O/9     Relocatable
 Small   0x0000000070800000 0x0000000070a00000 0x0000000070a00000 Y/146   Allocating 
 Small   0x0000000070a00000 0x0000000070c00000 0x0000000070c00000 Y/146   Allocating 
 Small   0x0000000071200000 0x0000000071400000 0x0000000071400000 Y/146   Allocating 
 Small   0x0000000071a00000 0x0000000071bfffe8 0x0000000071c00000 O/9     Relocatable
 Small   0x0000000071c00000 0x0000000071e00000 0x0000000071e00000 Y/146   Allocating 
 Small   0x0000000072000000 0x0000000072200000 0x0000000072200000 Y/146   Allocating 
 Small   0x0000000072200000 0x00000000723fffe8 0x0000000072400000 O/9     Relocatable
 Small   0x0000000072400000 0x0000000072600000 0x0000000072600000 O/15    Allocating 
 Small   0x0000000072800000 0x00000000729fffd8 0x0000000072a00000 O/9     Relocatable
 Small   0x0000000072a00000 0x0000000072c00000 0x0000000072c00000 Y/146   Allocating 
 Small   0x0000000072c00000 0x0000000072e00000 0x0000000072e00000 Y/146   Allocating 
 Small   0x0000000073000000 0x00000000731fffd8 0x0000000073200000 O/9     Relocatable
 Small   0x0000000073200000 0x0000000073400000 0x0000000073400000 Y/146   Allocating 
 Small   0x0000000073400000 0x0000000073600000 0x0000000073600000 O/9     Relocatable
 Small   0x0000000073800000 0x0000000073900000 0x0000000073a00000 Y/146   Allocating 
 Small   0x0000000073c00000 0x0000000073e00000 0x0000000073e00000 Y/146   Allocating 
 Small   0x0000000074000000 0x0000000074200000 0x0000000074200000 Y/146   Allocating 
 Small   0x0000000074200000 0x0000000074400000 0x0000000074400000 O/15    Allocating 
 Small   0x0000000074600000 0x00000000747fffe0 0x0000000074800000 O/9     Relocatable
 Small   0x0000000074c00000 0x0000000074dfffe0 0x0000000074e00000 O/9     Relocatable
 Small   0x0000000074e00000 0x0000000075000000 0x0000000075000000 Y/146   Allocating 
 Small   0x0000000075000000 0x0000000075200000 0x0000000075200000 Y/146   Allocating 
 Small   0x0000000075200000 0x0000000075400000 0x0000000075400000 Y/146   Allocating 
 Small   0x0000000075400000 0x0000000075600000 0x0000000075600000 Y/146   Allocating 
 Small   0x0000000075a00000 0x0000000075c00000 0x0000000075c00000 Y/146   Allocating 
 Small   0x0000000075c00000 0x0000000075e00000 0x0000000075e00000 Y/146   Allocating 
 Small   0x0000000076200000 0x0000000076400000 0x0000000076400000 Y/146   Allocating 
 Small   0x0000000076400000 0x00000000765ffff8 0x0000000076600000 O/12    Relocatable
 Small   0x0000000076600000 0x0000000076800000 0x0000000076800000 Y/146   Allocating 
 Small   0x0000000076a00000 0x0000000076bfff70 0x0000000076c00000 O/9     Relocatable
 Small   0x0000000077000000 0x0000000077200000 0x0000000077200000 Y/146   Allocating 
 Small   0x0000000077600000 0x00000000777fff28 0x0000000077800000 O/15    Allocating 
 Small   0x0000000077a00000 0x0000000077c00000 0x0000000077c00000 Y/146   Allocating 
 Small   0x0000000077e00000 0x0000000077fff8c8 0x0000000078000000 O/10    Relocatable
 Small   0x0000000078000000 0x0000000078200000 0x0000000078200000 Y/146   Allocating 
 Small   0x0000000078400000 0x00000000785ffff8 0x0000000078600000 O/9     Relocatable
 Small   0x0000000078800000 0x0000000078a00000 0x0000000078a00000 Y/146   Allocating 
 Small   0x0000000078a00000 0x0000000078c00000 0x0000000078c00000 Y/146   Allocating 
 Small   0x0000000079200000 0x00000000793fff78 0x0000000079400000 O/9     Relocatable
 Small   0x0000000079800000 0x0000000079a00000 0x0000000079a00000 Y/146   Allocating 
 Small   0x0000000079c00000 0x0000000079e00000 0x0000000079e00000 Y/146   Allocating 
 Small   0x0000000079e00000 0x000000007a000000 0x000000007a000000 Y/146   Allocating 
 Small   0x000000007a000000 0x000000007a200000 0x000000007a200000 Y/146   Allocating 
 Small   0x000000007a200000 0x000000007a400000 0x000000007a400000 Y/146   Allocating 
 Small   0x000000007a600000 0x000000007a7ffb50 0x000000007a800000 O/13    Relocatable
 Small   0x000000007a800000 0x000000007aa00000 0x000000007aa00000 Y/146   Allocating 
 Small   0x000000007aa00000 0x000000007abfffd8 0x000000007ac00000 O/4     Relocatable
 Small   0x000000007ac00000 0x000000007ae00000 0x000000007ae00000 Y/146   Allocating 
 Small   0x000000007b000000 0x000000007b200000 0x000000007b200000 Y/146   Allocating 
 Small   0x000000007b200000 0x000000007b3fffc0 0x000000007b400000 O/10    Relocatable
 Small   0x000000007b400000 0x000000007b600000 0x000000007b600000 Y/146   Allocating 
 Small   0x000000007b800000 0x000000007b9ffff8 0x000000007ba00000 O/9     Relocatable
 Small   0x000000007bc00000 0x000000007bdffff0 0x000000007be00000 O/9     Relocatable
 Small   0x000000007c000000 0x000000007c1fffd0 0x000000007c200000 O/14    Relocatable
 Small   0x000000007c200000 0x000000007c400000 0x000000007c400000 O/10    Relocatable
 Small   0x000000007c400000 0x000000007c600000 0x000000007c600000 Y/146   Allocating 
 Small   0x000000007c600000 0x000000007c800000 0x000000007c800000 Y/146   Allocating 
 Small   0x000000007c800000 0x000000007c9fffe0 0x000000007ca00000 O/9     Relocatable
 Small   0x000000007d200000 0x000000007d400000 0x000000007d400000 Y/146   Allocating 
 Small   0x000000007d400000 0x000000007d600000 0x000000007d600000 Y/146   Allocating 
 Small   0x000000007d600000 0x000000007d800000 0x000000007d800000 Y/146   Allocating 
 Small   0x000000007d800000 0x000000007d9fffd8 0x000000007da00000 O/9     Relocatable
 Small   0x000000007dc00000 0x000000007de00000 0x000000007de00000 Y/146   Allocating 
 Small   0x000000007e000000 0x000000007e200000 0x000000007e200000 Y/146   Allocating 
 Small   0x000000007e600000 0x000000007e800000 0x000000007e800000 Y/146   Allocating 
 Small   0x000000007e800000 0x000000007e9fffe8 0x000000007ea00000 O/14    Relocatable
 Small   0x000000007ea00000 0x000000007ebfffd8 0x000000007ec00000 O/6     Relocatable
 Small   0x000000007ec00000 0x000000007ee00000 0x000000007ee00000 Y/146   Allocating 
 Small   0x000000007ee00000 0x000000007f000000 0x000000007f000000 Y/146   Allocating 
 Small   0x000000007f400000 0x000000007f5ffff8 0x000000007f600000 O/9     Relocatable
 Small   0x000000007f800000 0x000000007fa00000 0x000000007fa00000 Y/146   Allocating 
 Small   0x000000007fa00000 0x000000007fc00000 0x000000007fc00000 Y/146   Allocating 
 Small   0x000000007fe00000 0x0000000080000000 0x0000000080000000 Y/146   Allocating 
 Small   0x0000000080200000 0x00000000803ffff8 0x0000000080400000 O/9     Relocatable
 Small   0x0000000080400000 0x00000000805ffff0 0x0000000080600000 O/10    Relocatable
 Small   0x0000000080600000 0x0000000080800000 0x0000000080800000 Y/146   Allocating 
 Small   0x0000000080800000 0x0000000080a00000 0x0000000080a00000 Y/146   Allocating 
 Small   0x0000000080c00000 0x0000000080e00000 0x0000000080e00000 Y/146   Allocating 
 Small   0x0000000080e00000 0x0000000081000000 0x0000000081000000 Y/146   Allocating 
 Small   0x0000000081000000 0x0000000081200000 0x0000000081200000 Y/146   Allocating 
 Small   0x0000000081400000 0x00000000815fffb0 0x0000000081600000 O/9     Relocatable
 Small   0x0000000081600000 0x0000000081640000 0x0000000081800000 Y/146   Allocating 
 Small   0x0000000081a00000 0x0000000081c00000 0x0000000081c00000 O/9     Relocatable
 Small   0x0000000081e00000 0x0000000081fffff0 0x0000000082000000 O/10    Relocatable
 Small   0x0000000082000000 0x0000000082200000 0x0000000082200000 O/10    Relocatable
 Small   0x0000000082200000 0x0000000082400000 0x0000000082400000 Y/146   Allocating 
 Small   0x0000000082600000 0x00000000827ffff8 0x0000000082800000 O/13    Relocatable
 Small   0x0000000082800000 0x0000000082a00000 0x0000000082a00000 Y/146   Allocating 
 Small   0x0000000082e00000 0x0000000082ffffe0 0x0000000083000000 O/10    Relocatable
 Small   0x0000000083000000 0x0000000083200000 0x0000000083200000 O/9     Relocatable
 Small   0x0000000083800000 0x00000000839fffa8 0x0000000083a00000 O/9     Relocatable
 Small   0x0000000083a00000 0x0000000083c00000 0x0000000083c00000 Y/146   Allocating 
 Small   0x0000000083c00000 0x0000000083e00000 0x0000000083e00000 Y/146   Allocating 
 Small   0x0000000083e00000 0x0000000084000000 0x0000000084000000 Y/146   Allocating 
 Small   0x0000000084000000 0x0000000084200000 0x0000000084200000 Y/146   Allocating 
 Small   0x0000000084400000 0x0000000084600000 0x0000000084600000 Y/146   Allocating 
 Small   0x0000000084a00000 0x0000000084c00000 0x0000000084c00000 O/15    Allocating 
 Small   0x0000000084c00000 0x0000000084e00000 0x0000000084e00000 Y/146   Allocating 
 Small   0x0000000084e00000 0x0000000085000000 0x0000000085000000 Y/146   Allocating 
 Small   0x0000000085400000 0x0000000085600000 0x0000000085600000 O/9     Relocatable
 Small   0x0000000085600000 0x0000000085800000 0x0000000085800000 Y/146   Allocating 
 Small   0x0000000085800000 0x0000000085a00000 0x0000000085a00000 Y/146   Allocating 
 Small   0x0000000085e00000 0x0000000085fffff8 0x0000000086000000 O/10    Relocatable
 Small   0x0000000086400000 0x0000000086600000 0x0000000086600000 Y/146   Allocating 
 Small   0x0000000086800000 0x0000000086a00000 0x0000000086a00000 Y/146   Allocating 
 Small   0x0000000086a00000 0x0000000086c00000 0x0000000086c00000 Y/146   Allocating 
 Small   0x0000000086c00000 0x0000000086e00000 0x0000000086e00000 Y/146   Allocating 
 Small   0x0000000086e00000 0x0000000087000000 0x0000000087000000 Y/146   Allocating 
 Small   0x0000000087200000 0x0000000087400000 0x0000000087400000 Y/146   Allocating 
 Small   0x0000000087800000 0x0000000087a00000 0x0000000087a00000 O/10    Relocatable
 Small   0x0000000088600000 0x00000000887fffe8 0x0000000088800000 O/9     Relocatable
 Small   0x0000000088800000 0x0000000088a00000 0x0000000088a00000 Y/146   Allocating 
 Small   0x0000000088c00000 0x0000000088e00000 0x0000000088e00000 Y/146   Allocating 
 Small   0x0000000089000000 0x00000000891fffe8 0x0000000089200000 O/9     Relocatable
 Small   0x0000000089200000 0x0000000089400000 0x0000000089400000 Y/146   Allocating 
 Small   0x0000000089600000 0x00000000897fffe0 0x0000000089800000 O/10    Relocatable
 Small   0x0000000089a00000 0x0000000089c00000 0x0000000089c00000 Y/146   Allocating 
 Small   0x0000000089c00000 0x0000000089e00000 0x0000000089e00000 Y/146   Allocating 
 Small   0x000000008a000000 0x000000008a1fff30 0x000000008a200000 O/9     Relocatable
 Small   0x000000008a400000 0x000000008a600000 0x000000008a600000 Y/146   Allocating 
 Small   0x000000008a800000 0x000000008aa00000 0x000000008aa00000 O/10    Relocatable
 Small   0x000000008aa00000 0x000000008abfffc0 0x000000008ac00000 O/12    Relocatable
 Small   0x000000008b600000 0x000000008b800000 0x000000008b800000 Y/146   Allocating 
 Small   0x000000008b800000 0x000000008b9fff10 0x000000008ba00000 O/10    Relocatable
 Small   0x000000008ba00000 0x000000008bb00000 0x000000008bc00000 Y/146   Allocating 
 Small   0x000000008c000000 0x000000008c200000 0x000000008c200000 Y/146   Allocating 
 Small   0x000000008c200000 0x000000008c400000 0x000000008c400000 Y/146   Allocating 
 Small   0x000000008c400000 0x000000008c600000 0x000000008c600000 Y/146   Allocating 
 Small   0x000000008ce00000 0x000000008d000000 0x000000008d000000 Y/146   Allocating 
 Small   0x000000008d200000 0x000000008d400000 0x000000008d400000 Y/146   Allocating 
 Small   0x000000008d400000 0x000000008d600000 0x000000008d600000 Y/146   Allocating 
 Small   0x000000008d800000 0x000000008d9fffd8 0x000000008da00000 O/15    Allocating 
 Small   0x000000008da00000 0x000000008dc00000 0x000000008dc00000 O/15    Allocating 
 Small   0x000000008dc00000 0x000000008dde00a0 0x000000008de00000 O/11    Relocatable
 Small   0x000000008de00000 0x000000008e000000 0x000000008e000000 Y/146   Allocating 
 Small   0x000000008e000000 0x000000008e200000 0x000000008e200000 Y/146   Allocating 
 Small   0x000000008e400000 0x000000008e600000 0x000000008e600000 Y/146   Allocating 
 Small   0x000000008e800000 0x000000008ea00000 0x000000008ea00000 Y/146   Allocating 
 Small   0x000000008ec00000 0x000000008ee00000 0x000000008ee00000 O/9     Relocatable
 Small   0x000000008ee00000 0x000000008f000000 0x000000008f000000 Y/146   Allocating 
 Small   0x000000008f000000 0x000000008f1fffe8 0x000000008f200000 O/13    Relocatable
 Small   0x000000008f200000 0x000000008f400000 0x000000008f400000 O/9     Relocatable
 Small   0x0000000090a00000 0x0000000090c00000 0x0000000090c00000 Y/146   Allocating 
 Small   0x0000000090c00000 0x0000000090e00000 0x0000000090e00000 Y/146   Allocating 
 Small   0x0000000091200000 0x0000000091400000 0x0000000091400000 Y/146   Allocating 
 Small   0x0000000091c00000 0x0000000091e00000 0x0000000091e00000 O/9     Relocatable
 Small   0x0000000092400000 0x0000000092600000 0x0000000092600000 O/11    Relocatable
 Small   0x0000000092800000 0x00000000929fffe8 0x0000000092a00000 O/9     Relocatable
 Small   0x0000000092a00000 0x0000000092c00000 0x0000000092c00000 Y/146   Allocating 
 Small   0x0000000093000000 0x0000000093200000 0x0000000093200000 Y/146   Allocating 
 Small   0x0000000093200000 0x00000000933ffd68 0x0000000093400000 O/10    Relocatable
 Small   0x0000000093400000 0x0000000093600000 0x0000000093600000 Y/146   Allocating 
 Small   0x0000000093800000 0x00000000939ffff8 0x0000000093a00000 O/13    Relocatable
 Small   0x0000000094000000 0x00000000941fffe8 0x0000000094200000 O/15    Allocating 
 Small   0x0000000094200000 0x0000000094400000 0x0000000094400000 Y/146   Allocating 
 Small   0x0000000094c00000 0x0000000094e00000 0x0000000094e00000 Y/146   Allocating 
 Small   0x0000000094e00000 0x0000000094f69a70 0x0000000095000000 O/15    Allocating 
 Small   0x0000000095400000 0x0000000095600000 0x0000000095600000 Y/146   Allocating 
 Small   0x0000000095e00000 0x0000000096000000 0x0000000096000000 Y/146   Allocating 
 Small   0x0000000096200000 0x00000000963fffe8 0x0000000096400000 O/9     Relocatable
 Small   0x0000000096400000 0x0000000096600000 0x0000000096600000 Y/146   Allocating 
 Small   0x0000000096800000 0x0000000096a00000 0x0000000096a00000 Y/146   Allocating 
 Small   0x0000000096a00000 0x0000000096c00000 0x0000000096c00000 Y/146   Allocating 
 Small   0x0000000096c00000 0x0000000096e00000 0x0000000096e00000 O/9     Relocatable
 Small   0x0000000096e00000 0x0000000097000000 0x0000000097000000 Y/146   Allocating 
 Small   0x0000000097000000 0x0000000097200000 0x0000000097200000 Y/146   Allocating 
 Small   0x0000000097200000 0x0000000097380000 0x0000000097400000 Y/146   Allocating 
 Small   0x0000000097400000 0x0000000097600000 0x0000000097600000 Y/146   Allocating 
 Small   0x0000000097600000 0x0000000097800000 0x0000000097800000 Y/146   Allocating 
 Small   0x0000000097800000 0x0000000097a00000 0x0000000097a00000 Y/146   Allocating 
 Small   0x0000000097a00000 0x0000000097c00000 0x0000000097c00000 O/15    Allocating 
 Small   0x0000000097c00000 0x0000000097e00000 0x0000000097e00000 Y/146   Allocating 
 Small   0x0000000097e00000 0x0000000098000000 0x0000000098000000 Y/146   Allocating 
 Small   0x0000000098600000 0x00000000987ffff0 0x0000000098800000 O/15    Allocating 
 Small   0x0000000098800000 0x0000000098a00000 0x0000000098a00000 Y/146   Allocating 
 Small   0x0000000098a00000 0x0000000098c00000 0x0000000098c00000 Y/146   Allocating 
 Small   0x0000000099000000 0x0000000099200000 0x0000000099200000 Y/146   Allocating 
 Small   0x0000000099200000 0x00000000993ffff0 0x0000000099400000 O/9     Relocatable
 Small   0x0000000099400000 0x0000000099600000 0x0000000099600000 Y/146   Allocating 
 Small   0x0000000099600000 0x00000000997ba5e8 0x0000000099800000 O/11    Relocatable
 Small   0x0000000099a00000 0x0000000099c00000 0x0000000099c00000 Y/146   Allocating 
 Small   0x0000000099c00000 0x0000000099e00000 0x0000000099e00000 Y/146   Allocating 
 Small   0x000000009a200000 0x000000009a400000 0x000000009a400000 Y/146   Allocating 
 Small   0x000000009ae00000 0x000000009b000000 0x000000009b000000 Y/146   Allocating 
 Small   0x000000009b600000 0x000000009b7fff30 0x000000009b800000 O/14    Relocatable
 Small   0x000000009bc00000 0x000000009be00000 0x000000009be00000 Y/146   Allocating 
 Small   0x000000009c200000 0x000000009c400000 0x000000009c400000 O/9     Relocatable
 Small   0x000000009ce00000 0x000000009cfffed0 0x000000009d000000 O/15    Allocating 
 Small   0x000000009e400000 0x000000009e600000 0x000000009e600000 Y/146   Allocating 
 Small   0x000000009e600000 0x000000009e800000 0x000000009e800000 Y/146   Allocating 
 Small   0x000000009ec00000 0x000000009edffff0 0x000000009ee00000 O/10    Relocatable
 Small   0x000000009f200000 0x000000009f400000 0x000000009f400000 O/10    Relocatable
 Small   0x000000009f600000 0x000000009f7fffe0 0x000000009f800000 O/9     Relocatable
 Small   0x000000009f800000 0x000000009f9fffd0 0x000000009fa00000 O/9     Relocatable
 Small   0x000000009fa00000 0x000000009fc00000 0x000000009fc00000 Y/146   Allocating 
 Small   0x00000000a0000000 0x00000000a01fffe8 0x00000000a0200000 O/15    Allocating 
 Small   0x00000000a0400000 0x00000000a05fffe8 0x00000000a0600000 O/9     Relocatable
 Small   0x00000000a0600000 0x00000000a07ffff8 0x00000000a0800000 O/15    Allocating 
 Small   0x00000000a0800000 0x00000000a0a00000 0x00000000a0a00000 Y/146   Allocating 
 Small   0x00000000a0c00000 0x00000000a0e00000 0x00000000a0e00000 O/15    Allocating 
 Small   0x00000000a0e00000 0x00000000a0fff338 0x00000000a1000000 O/6     Relocatable
 Small   0x00000000a1000000 0x00000000a1200000 0x00000000a1200000 O/9     Relocatable
 Small   0x00000000a1600000 0x00000000a1800000 0x00000000a1800000 Y/146   Allocating 
 Small   0x00000000a1c00000 0x00000000a1e00000 0x00000000a1e00000 Y/146   Allocating 
 Small   0x00000000a2000000 0x00000000a21fffe0 0x00000000a2200000 O/9     Relocatable
 Small   0x00000000a2400000 0x00000000a25ffff0 0x00000000a2600000 O/10    Relocatable
 Small   0x00000000a3000000 0x00000000a3200000 0x00000000a3200000 Y/146   Allocating 
 Small   0x00000000a3400000 0x00000000a3600000 0x00000000a3600000 Y/146   Allocating 
 Small   0x00000000a4200000 0x00000000a43fff90 0x00000000a4400000 O/9     Relocatable
 Small   0x00000000a4400000 0x00000000a4600000 0x00000000a4600000 O/10    Relocatable
 Small   0x00000000a4600000 0x00000000a4800000 0x00000000a4800000 Y/146   Allocating 
 Small   0x00000000a4800000 0x00000000a4a00000 0x00000000a4a00000 Y/146   Allocating 
 Small   0x00000000a4a00000 0x00000000a4bffff8 0x00000000a4c00000 Y/146   Allocating 
 Small   0x00000000a5000000 0x00000000a51fec78 0x00000000a5200000 O/15    Allocating 
 Small   0x00000000a5200000 0x00000000a5400000 0x00000000a5400000 Y/146   Allocating 
 Small   0x00000000a5600000 0x00000000a5800000 0x00000000a5800000 O/9     Relocatable
 Small   0x00000000a5a00000 0x00000000a5bffff8 0x00000000a5c00000 O/9     Relocatable
 Small   0x00000000a5e00000 0x00000000a5ffffe8 0x00000000a6000000 O/10    Relocatable
 Small   0x00000000a6400000 0x00000000a6600000 0x00000000a6600000 O/9     Relocatable
 Small   0x00000000a6600000 0x00000000a6800000 0x00000000a6800000 Y/146   Allocating 
 Small   0x00000000a6a00000 0x00000000a6bffff8 0x00000000a6c00000 O/15    Allocating 
 Small   0x00000000a7000000 0x00000000a71ffff0 0x00000000a7200000 O/12    Relocatable
 Small   0x00000000a7600000 0x00000000a7800000 0x00000000a7800000 Y/146   Allocating 
 Small   0x00000000a8000000 0x00000000a8200000 0x00000000a8200000 Y/146   Allocating 
 Small   0x00000000a8e00000 0x00000000a8ffff90 0x00000000a9000000 Y/146   Allocating 
 Small   0x00000000a9c00000 0x00000000a9e00000 0x00000000a9e00000 O/15    Allocating 
 Small   0x00000000a9e00000 0x00000000a9ffffc8 0x00000000aa000000 O/9     Relocatable
 Small   0x00000000aa600000 0x00000000aa800000 0x00000000aa800000 Y/146   Allocating 
 Small   0x00000000aa800000 0x00000000aa9ff638 0x00000000aaa00000 O/15    Allocating 
 Small   0x00000000aac00000 0x00000000aae00000 0x00000000aae00000 Y/146   Allocating 
 Small   0x00000000ab000000 0x00000000ab200000 0x00000000ab200000 Y/146   Allocating 
 Small   0x00000000ab200000 0x00000000ab3ff910 0x00000000ab400000 O/13    Relocatable
 Small   0x00000000ab600000 0x00000000ab800000 0x00000000ab800000 Y/146   Allocating 
 Small   0x00000000ac000000 0x00000000ac200000 0x00000000ac200000 Y/146   Allocating 
 Small   0x00000000ac200000 0x00000000ac3ffff0 0x00000000ac400000 O/9     Relocatable
 Small   0x00000000ac400000 0x00000000ac5ffff8 0x00000000ac600000 O/15    Allocating 
 Small   0x00000000ad000000 0x00000000ad1fcf90 0x00000000ad200000 O/13    Relocatable
 Small   0x00000000ad400000 0x00000000ad600000 0x00000000ad600000 Y/146   Allocating 
 Small   0x00000000ad800000 0x00000000ad9fffc0 0x00000000ada00000 O/9     Relocatable
 Small   0x00000000adc00000 0x00000000ade00000 0x00000000ade00000 Y/146   Allocating 
 Small   0x00000000ade00000 0x00000000ae000000 0x00000000ae000000 Y/146   Allocating 
 Small   0x00000000ae000000 0x00000000ae200000 0x00000000ae200000 Y/146   Allocating 
 Small   0x00000000ae800000 0x00000000aea00000 0x00000000aea00000 Y/146   Allocating 
 Small   0x00000000aea00000 0x00000000aec00000 0x00000000aec00000 Y/146   Allocating 
 Small   0x00000000af000000 0x00000000af200000 0x00000000af200000 Y/146   Allocating 
 Small   0x00000000af200000 0x00000000af3ffff8 0x00000000af400000 O/9     Relocatable
 Small   0x00000000af400000 0x00000000af5fff68 0x00000000af600000 O/14    Relocatable
 Small   0x00000000af600000 0x00000000af800000 0x00000000af800000 Y/146   Allocating 
 Small   0x00000000af800000 0x00000000afa00000 0x00000000afa00000 Y/146   Allocating 
 Small   0x00000000afc00000 0x00000000afe00000 0x00000000afe00000 Y/146   Allocating 
 Small   0x00000000b0200000 0x00000000b03ffff8 0x00000000b0400000 O/9     Relocatable
 Small   0x00000000b0800000 0x00000000b09ffff8 0x00000000b0a00000 O/10    Relocatable
 Small   0x00000000b0c00000 0x00000000b0e00000 0x00000000b0e00000 Y/146   Allocating 
 Small   0x00000000b0e00000 0x00000000b0fffff0 0x00000000b1000000 O/15    Allocating 
 Small   0x00000000b1000000 0x00000000b1200000 0x00000000b1200000 Y/146   Allocating 
 Small   0x00000000b1200000 0x00000000b1400000 0x00000000b1400000 Y/146   Allocating 
 Small   0x00000000b1400000 0x00000000b1600000 0x00000000b1600000 Y/146   Allocating 
 Small   0x00000000b1c00000 0x00000000b1dfc298 0x00000000b1e00000 O/13    Relocatable
 Small   0x00000000b2a00000 0x00000000b2c00000 0x00000000b2c00000 Y/146   Allocating 
 Small   0x00000000b2c00000 0x00000000b2dfffe8 0x00000000b2e00000 O/10    Relocatable
 Small   0x00000000b3400000 0x00000000b3600000 0x00000000b3600000 Y/146   Allocating 
 Small   0x00000000b3600000 0x00000000b3800000 0x00000000b3800000 Y/146   Allocating 
 Small   0x00000000b4200000 0x00000000b4400000 0x00000000b4400000 Y/146   Allocating 
 Small   0x00000000b4a00000 0x00000000b4bfffe0 0x00000000b4c00000 O/9     Relocatable
 Small   0x00000000b4c00000 0x00000000b4e00000 0x00000000b4e00000 Y/146   Allocating 
 Small   0x00000000b5000000 0x00000000b5200000 0x00000000b5200000 Y/146   Allocating 
 Small   0x00000000b5200000 0x00000000b5400000 0x00000000b5400000 Y/146   Allocating 
 Small   0x00000000b5600000 0x00000000b5800000 0x00000000b5800000 Y/146   Allocating 
 Small   0x00000000b5a00000 0x00000000b5bff268 0x00000000b5c00000 O/15    Allocating 
 Small   0x00000000b6000000 0x00000000b6200000 0x00000000b6200000 Y/146   Allocating 
 Small   0x00000000b6200000 0x00000000b63fffe0 0x00000000b6400000 O/9     Relocatable
 Small   0x00000000b6400000 0x00000000b65fc658 0x00000000b6600000 O/6     Relocatable
 Small   0x00000000b7000000 0x00000000b7200000 0x00000000b7200000 Y/146   Allocating 
 Small   0x00000000b7400000 0x00000000b7600000 0x00000000b7600000 Y/146   Allocating 
 Small   0x00000000b7800000 0x00000000b7a00000 0x00000000b7a00000 O/9     Relocatable
 Small   0x00000000b8200000 0x00000000b8400000 0x00000000b8400000 O/15    Allocating 
 Small   0x00000000b8600000 0x00000000b8800000 0x00000000b8800000 Y/146   Allocating 
 Small   0x00000000b8a00000 0x00000000b8c00000 0x00000000b8c00000 Y/146   Allocating 
 Small   0x00000000b9000000 0x00000000b91fffe8 0x00000000b9200000 O/9     Relocatable
 Small   0x00000000b9200000 0x00000000b93fdb70 0x00000000b9400000 O/10    Relocatable
 Small   0x00000000ba000000 0x00000000ba200000 0x00000000ba200000 Y/146   Allocating 
 Small   0x00000000ba200000 0x00000000ba3fffc8 0x00000000ba400000 O/9     Relocatable
 Small   0x00000000ba400000 0x00000000ba5ffff0 0x00000000ba600000 O/15    Allocating 
 Small   0x00000000bb000000 0x00000000bb1ffff0 0x00000000bb200000 O/11    Relocatable
 Small   0x00000000bb200000 0x00000000bb3ffaa0 0x00000000bb400000 O/13    Relocatable
 Small   0x00000000bb600000 0x00000000bb7fa0e0 0x00000000bb800000 O/15    Allocating 
 Small   0x00000000bba00000 0x00000000bbc00000 0x00000000bbc00000 Y/146   Allocating 
 Small   0x00000000bc000000 0x00000000bc200000 0x00000000bc200000 Y/146   Allocating 
 Small   0x00000000bc200000 0x00000000bc3e62b0 0x00000000bc400000 O/15    Allocating 
 Small   0x00000000bc800000 0x00000000bc9ffc98 0x00000000bca00000 O/15    Allocating 
 Small   0x00000000bca00000 0x00000000bcc00000 0x00000000bcc00000 Y/146   Allocating 
 Small   0x00000000bcc00000 0x00000000bce00000 0x00000000bce00000 Y/146   Allocating 
 Small   0x00000000bd400000 0x00000000bd5fffc8 0x00000000bd600000 O/10    Relocatable
 Small   0x00000000bd600000 0x00000000bd800000 0x00000000bd800000 O/10    Relocatable
 Small   0x00000000bdc00000 0x00000000bde00000 0x00000000bde00000 O/9     Relocatable
 Small   0x00000000be200000 0x00000000be400000 0x00000000be400000 Y/146   Allocating 
 Small   0x00000000be400000 0x00000000be600000 0x00000000be600000 O/9     Relocatable
 Small   0x00000000be600000 0x00000000be800000 0x00000000be800000 Y/146   Allocating 
 Small   0x00000000bea00000 0x00000000bec00000 0x00000000bec00000 Y/146   Allocating 
 Small   0x00000000bf000000 0x00000000bf1fffd0 0x00000000bf200000 O/9     Relocatable
 Small   0x00000000bf200000 0x00000000bf3fffd0 0x00000000bf400000 O/9     Relocatable
 Small   0x00000000bf400000 0x00000000bf600000 0x00000000bf600000 Y/146   Allocating 
 Small   0x00000000bf800000 0x00000000bf9fe548 0x00000000bfa00000 O/6     Relocatable
 Small   0x00000000bfa00000 0x00000000bfc00000 0x00000000bfc00000 Y/146   Allocating 
 Small   0x00000000bfc00000 0x00000000bfdfffd0 0x00000000bfe00000 O/9     Relocatable
 Small   0x00000000bfe00000 0x00000000c0000000 0x00000000c0000000 Y/146   Allocating 
 Small   0x00000000c0400000 0x00000000c05fffe8 0x00000000c0600000 O/9     Relocatable
 Small   0x00000000c1400000 0x00000000c15fffe0 0x00000000c1600000 O/9     Relocatable
 Small   0x00000000c1800000 0x00000000c1a00000 0x00000000c1a00000 Y/146   Allocating 
 Small   0x00000000c1a00000 0x00000000c1c00000 0x00000000c1c00000 Y/146   Allocating 
 Small   0x00000000c1e00000 0x00000000c1ffffe0 0x00000000c2000000 O/9     Relocatable
 Small   0x00000000c2200000 0x00000000c23fffd0 0x00000000c2400000 O/9     Relocatable
 Small   0x00000000c2400000 0x00000000c25ffff8 0x00000000c2600000 O/6     Relocatable
 Small   0x00000000c2800000 0x00000000c29fffe0 0x00000000c2a00000 O/9     Relocatable
 Small   0x00000000c2e00000 0x00000000c3000000 0x00000000c3000000 Y/146   Allocating 
 Small   0x00000000c3000000 0x00000000c3200000 0x00000000c3200000 Y/146   Allocating 
 Small   0x00000000c3800000 0x00000000c3a00000 0x00000000c3a00000 Y/146   Allocating 
 Small   0x00000000c3e00000 0x00000000c3ffffd8 0x00000000c4000000 O/10    Relocatable
 Small   0x00000000c4200000 0x00000000c43fffe0 0x00000000c4400000 O/9     Relocatable
 Small   0x00000000c4800000 0x00000000c4a00000 0x00000000c4a00000 Y/146   Allocating 
 Small   0x00000000c5200000 0x00000000c5400000 0x00000000c5400000 Y/146   Allocating 
 Small   0x00000000c5600000 0x00000000c5800000 0x00000000c5800000 O/9     Relocatable
 Small   0x00000000c5c00000 0x00000000c5e00000 0x00000000c5e00000 O/15    Allocating 
 Small   0x00000000c5e00000 0x00000000c6000000 0x00000000c6000000 Y/146   Allocating 
 Small   0x00000000c6000000 0x00000000c6200000 0x00000000c6200000 Y/146   Allocating 
 Small   0x00000000c6400000 0x00000000c65ffad8 0x00000000c6600000 O/10    Relocatable
 Small   0x00000000c6800000 0x00000000c6a00000 0x00000000c6a00000 Y/146   Allocating 
 Small   0x00000000c6c00000 0x00000000c6dffff8 0x00000000c6e00000 O/9     Relocatable
 Small   0x00000000c7000000 0x00000000c71fffc0 0x00000000c7200000 O/10    Relocatable
 Small   0x00000000c7600000 0x00000000c77ffff8 0x00000000c7800000 O/9     Relocatable
 Small   0x00000000c7e00000 0x00000000c7ffffe0 0x00000000c8000000 O/15    Allocating 
 Small   0x00000000c8200000 0x00000000c8400000 0x00000000c8400000 Y/146   Allocating 
 Small   0x00000000c8a00000 0x00000000c8c00000 0x00000000c8c00000 Y/146   Allocating 
 Small   0x00000000c9200000 0x00000000c9400000 0x00000000c9400000 Y/146   Allocating 
 Small   0x00000000c9400000 0x00000000c95ffff8 0x00000000c9600000 O/9     Relocatable
 Small   0x00000000c9600000 0x00000000c9800000 0x00000000c9800000 O/9     Relocatable
 Small   0x00000000c9c00000 0x00000000c9dfffe8 0x00000000c9e00000 O/10    Relocatable
 Small   0x00000000c9e00000 0x00000000ca000000 0x00000000ca000000 O/9     Relocatable
 Small   0x00000000ca200000 0x00000000ca400000 0x00000000ca400000 Y/146   Allocating 
 Small   0x00000000ca400000 0x00000000ca600000 0x00000000ca600000 Y/146   Allocating 
 Small   0x00000000ca600000 0x00000000ca7fffb8 0x00000000ca800000 O/15    Allocating 
 Small   0x00000000caa00000 0x00000000cabffff0 0x00000000cac00000 O/9     Relocatable
 Small   0x00000000cac00000 0x00000000cadfffd8 0x00000000cae00000 O/9     Relocatable
 Small   0x00000000cae00000 0x00000000cb000000 0x00000000cb000000 Y/146   Allocating 
 Small   0x00000000cb000000 0x00000000cb1ffff8 0x00000000cb200000 O/10    Relocatable
 Small   0x00000000cb200000 0x00000000cb400000 0x00000000cb400000 Y/146   Allocating 
 Small   0x00000000cb800000 0x00000000cba00000 0x00000000cba00000 Y/146   Allocating 
 Small   0x00000000cc400000 0x00000000cc600000 0x00000000cc600000 Y/146   Allocating 
 Small   0x00000000cca00000 0x00000000ccbffff8 0x00000000ccc00000 O/9     Relocatable
 Small   0x00000000ccc00000 0x00000000ccdfffd0 0x00000000cce00000 O/9     Relocatable
 Small   0x00000000cce00000 0x00000000ccfffff8 0x00000000cd000000 O/9     Relocatable
 Small   0x00000000cd200000 0x00000000cd3ffce0 0x00000000cd400000 O/15    Allocating 
 Small   0x00000000cd600000 0x00000000cd7ffff8 0x00000000cd800000 O/15    Allocating 
 Small   0x00000000cdc00000 0x00000000cddfffc0 0x00000000cde00000 O/9     Relocatable
 Small   0x00000000ce200000 0x00000000ce400000 0x00000000ce400000 Y/146   Allocating 
 Small   0x00000000ce400000 0x00000000ce600000 0x00000000ce600000 Y/146   Allocating 
 Small   0x00000000cea00000 0x00000000cec00000 0x00000000cec00000 Y/146   Allocating 
 Small   0x00000000cec00000 0x00000000cedffff8 0x00000000cee00000 O/10    Relocatable
 Small   0x00000000cf000000 0x00000000cf200000 0x00000000cf200000 Y/146   Allocating 
 Small   0x00000000cf200000 0x00000000cf3ffff0 0x00000000cf400000 O/9     Relocatable
 Small   0x00000000cf800000 0x00000000cf9ffec8 0x00000000cfa00000 O/15    Allocating 
 Small   0x00000000cfa00000 0x00000000cfc00000 0x00000000cfc00000 Y/146   Allocating 
 Small   0x00000000cfc00000 0x00000000cfe00000 0x00000000cfe00000 Y/146   Allocating 
 Small   0x00000000cfe00000 0x00000000cfffdcc8 0x00000000d0000000 O/13    Relocatable
 Small   0x00000000d0600000 0x00000000d0800000 0x00000000d0800000 Y/146   Allocating 
 Small   0x00000000d0800000 0x00000000d09c0000 0x00000000d0a00000 Y/146   Allocating 
 Small   0x00000000d0c00000 0x00000000d0e00000 0x00000000d0e00000 Y/146   Allocating 
 Small   0x00000000d1000000 0x00000000d11fffe8 0x00000000d1200000 O/9     Relocatable
 Small   0x00000000d1600000 0x00000000d1800000 0x00000000d1800000 Y/146   Allocating 
 Small   0x00000000d1800000 0x00000000d19fffe8 0x00000000d1a00000 O/10    Relocatable
 Small   0x00000000d1c00000 0x00000000d1e00000 0x00000000d1e00000 Y/146   Allocating 
 Small   0x00000000d1e00000 0x00000000d2000000 0x00000000d2000000 Y/146   Allocating 
 Small   0x00000000d2a00000 0x00000000d2bfffe0 0x00000000d2c00000 O/9     Relocatable
 Small   0x00000000d3000000 0x00000000d3200000 0x00000000d3200000 O/10    Relocatable
 Small   0x00000000d3600000 0x00000000d3800000 0x00000000d3800000 Y/146   Allocating 
 Small   0x00000000d3c00000 0x00000000d3e00000 0x00000000d3e00000 Y/146   Allocating 
 Small   0x00000000d4200000 0x00000000d43ff8c0 0x00000000d4400000 O/13    Relocatable
 Small   0x00000000d4400000 0x00000000d45ffff8 0x00000000d4600000 O/12    Relocatable
 Small   0x00000000d4e00000 0x00000000d5000000 0x00000000d5000000 Y/146   Allocating 
 Small   0x00000000d5600000 0x00000000d5800000 0x00000000d5800000 Y/146   Allocating 
 Small   0x00000000d5e00000 0x00000000d6000000 0x00000000d6000000 Y/146   Allocating 
 Small   0x00000000d6600000 0x00000000d67fffe8 0x00000000d6800000 O/10    Relocatable
 Small   0x00000000d6800000 0x00000000d6970d38 0x00000000d6a00000 O/15    Allocating 
 Small   0x00000000d7200000 0x00000000d7400000 0x00000000d7400000 Y/146   Allocating 
 Small   0x00000000d7400000 0x00000000d75ffc90 0x00000000d7600000 O/15    Allocating 
 Small   0x00000000d7600000 0x00000000d77fffd8 0x00000000d7800000 O/13    Relocatable
 Small   0x00000000d7800000 0x00000000d7a00000 0x00000000d7a00000 Y/146   Allocating 
 Small   0x00000000d7a00000 0x00000000d7c00000 0x00000000d7c00000 Y/146   Allocating 
 Small   0x00000000d7c00000 0x00000000d7e00000 0x00000000d7e00000 Y/146   Allocating 
 Small   0x00000000d9000000 0x00000000d9200000 0x00000000d9200000 Y/146   Allocating 
 Small   0x00000000d9200000 0x00000000d93f9e30 0x00000000d9400000 O/9     Relocatable
 Small   0x00000000d9800000 0x00000000d9a00000 0x00000000d9a00000 Y/146   Allocating 
 Small   0x00000000d9c00000 0x00000000d9dff090 0x00000000d9e00000 O/15    Allocating 
 Small   0x00000000d9e00000 0x00000000da000000 0x00000000da000000 O/13    Relocatable
 Small   0x00000000da200000 0x00000000da3ffff0 0x00000000da400000 O/12    Relocatable
 Small   0x00000000da400000 0x00000000da5ffff8 0x00000000da600000 O/15    Allocating 
 Small   0x00000000daa00000 0x00000000dabffff8 0x00000000dac00000 O/9     Relocatable
 Small   0x00000000dae00000 0x00000000db000000 0x00000000db000000 Y/146   Allocating 
 Small   0x00000000db600000 0x00000000db7ff988 0x00000000db800000 O/15    Allocating 
 Small   0x00000000dba00000 0x00000000dbbffea0 0x00000000dbc00000 O/15    Allocating 
 Small   0x00000000dce00000 0x00000000dd000000 0x00000000dd000000 Y/146   Allocating 
 Small   0x00000000dd000000 0x00000000dd1fffa0 0x00000000dd200000 O/9     Relocatable
 Small   0x00000000dda00000 0x00000000ddc00000 0x00000000ddc00000 Y/146   Allocating 
 Small   0x00000000de800000 0x00000000de9ffff0 0x00000000dea00000 O/9     Relocatable
 Small   0x00000000dea00000 0x00000000debffff8 0x00000000dec00000 O/9     Relocatable
 Small   0x00000000dee00000 0x00000000dee40000 0x00000000df000000 Y/146   Allocating 
 Small   0x00000000df000000 0x00000000df1ffcd0 0x00000000df200000 O/13    Relocatable
 Small   0x00000000dfc00000 0x00000000dfdffd98 0x00000000dfe00000 O/12    Relocatable
 Small   0x00000000dfe00000 0x00000000e0000000 0x00000000e0000000 Y/146   Allocating 
 Small   0x00000000e0400000 0x00000000e0600000 0x00000000e0600000 Y/146   Allocating 
 Small   0x00000000e0e00000 0x00000000e0fffff8 0x00000000e1000000 O/9     Relocatable
 Small   0x00000000e1200000 0x00000000e1400000 0x00000000e1400000 Y/146   Allocating 
 Small   0x00000000e1600000 0x00000000e162c890 0x00000000e1800000 O/15    Allocating 
 Small   0x00000000e2000000 0x00000000e2200000 0x00000000e2200000 Y/146   Allocating 
 Small   0x00000000e2400000 0x00000000e2600000 0x00000000e2600000 O/15    Allocating 
 Small   0x00000000e2a00000 0x00000000e2bffbd8 0x00000000e2c00000 O/10    Relocatable
 Small   0x00000000e2e00000 0x00000000e2e00c70 0x00000000e3000000 O/15    Allocating 
 Small   0x00000000e3000000 0x00000000e3200000 0x00000000e3200000 Y/146   Allocating 
 Small   0x00000000e3200000 0x00000000e33fffe0 0x00000000e3400000 O/9     Relocatable
 Small   0x00000000e3600000 0x00000000e3800000 0x00000000e3800000 Y/146   Allocating 
 Small   0x00000000e3c00000 0x00000000e3da5920 0x00000000e3e00000 O/15    Allocating 
 Small   0x00000000e4000000 0x00000000e4200000 0x00000000e4200000 Y/146   Allocating 
 Small   0x00000000e4600000 0x00000000e4722848 0x00000000e4800000 O/15    Allocating 
 Small   0x00000000e4c00000 0x00000000e4e00000 0x00000000e4e00000 Y/146   Allocating 
 Small   0x00000000e5400000 0x00000000e55ffff0 0x00000000e5600000 O/9     Relocatable
 Small   0x00000000e5600000 0x00000000e57fffc0 0x00000000e5800000 O/10    Relocatable
 Small   0x00000000e5c00000 0x00000000e5e00000 0x00000000e5e00000 O/13    Relocatable
 Small   0x00000000e6400000 0x00000000e65ffff0 0x00000000e6600000 O/15    Allocating 
 Small   0x00000000e7200000 0x00000000e7400000 0x00000000e7400000 Y/146   Allocating 
 Small   0x00000000e7400000 0x00000000e7600000 0x00000000e7600000 O/13    Relocatable
 Small   0x00000000e7a00000 0x00000000e7bfffd8 0x00000000e7c00000 O/10    Relocatable
 Small   0x00000000e7e00000 0x00000000e8000000 0x00000000e8000000 Y/146   Allocating 
 Small   0x00000000e8400000 0x00000000e8600000 0x00000000e8600000 Y/146   Allocating 
 Small   0x00000000e8a00000 0x00000000e8bff350 0x00000000e8c00000 O/9     Relocatable
 Small   0x00000000e9000000 0x00000000e9200000 0x00000000e9200000 Y/146   Allocating 
 Small   0x00000000e9200000 0x00000000e93feab8 0x00000000e9400000 O/15    Allocating 
 Small   0x00000000e9a00000 0x00000000e9c00000 0x00000000e9c00000 Y/146   Allocating 
 Small   0x00000000eb600000 0x00000000eb7ffff8 0x00000000eb800000 O/9     Relocatable
 Small   0x00000000eba00000 0x00000000ebc00000 0x00000000ebc00000 Y/146   Allocating 
 Small   0x00000000ebe00000 0x00000000ec000000 0x00000000ec000000 Y/146   Allocating 
 Small   0x00000000ed200000 0x00000000ed400000 0x00000000ed400000 O/15    Allocating 
 Small   0x00000000ed600000 0x00000000ed7fffe8 0x00000000ed800000 O/12    Relocatable
 Small   0x00000000ede00000 0x00000000edffffe8 0x00000000ee000000 O/9     Relocatable
 Small   0x00000000ee200000 0x00000000ee400000 0x00000000ee400000 Y/146   Allocating 
 Small   0x00000000ef200000 0x00000000ef400000 0x00000000ef400000 Y/146   Allocating 
 Small   0x00000000ef800000 0x00000000efa00000 0x00000000efa00000 Y/146   Allocating 
 Small   0x00000000efa00000 0x00000000efbfffe8 0x00000000efc00000 O/9     Relocatable
 Small   0x00000000efe00000 0x00000000f0000000 0x00000000f0000000 Y/146   Allocating 
 Small   0x00000000f0000000 0x00000000f0200000 0x00000000f0200000 Y/146   Allocating 
 Small   0x00000000f0600000 0x00000000f0800000 0x00000000f0800000 O/9     Relocatable
 Small   0x00000000f0a00000 0x00000000f0c00000 0x00000000f0c00000 Y/146   Allocating 
 Small   0x00000000f0e00000 0x00000000f0ffffd8 0x00000000f1000000 O/10    Relocatable
 Small   0x00000000f1600000 0x00000000f17fffd0 0x00000000f1800000 O/15    Allocating 
 Small   0x00000000f1a00000 0x00000000f1c00000 0x00000000f1c00000 Y/146   Allocating 
 Small   0x00000000f2600000 0x00000000f27ffff0 0x00000000f2800000 O/12    Relocatable
 Small   0x00000000f2c00000 0x00000000f2e00000 0x00000000f2e00000 Y/146   Allocating 
 Small   0x00000000f2e00000 0x00000000f3000000 0x00000000f3000000 O/13    Relocatable
 Small   0x00000000f3000000 0x00000000f3200000 0x00000000f3200000 Y/146   Allocating 
 Small   0x00000000f3e00000 0x00000000f4000000 0x00000000f4000000 Y/146   Allocating 
 Small   0x00000000f4000000 0x00000000f4200000 0x00000000f4200000 Y/146   Allocating 
 Small   0x00000000f4400000 0x00000000f4600000 0x00000000f4600000 Y/146   Allocating 
 Small   0x00000000f4600000 0x00000000f47ffea0 0x00000000f4800000 O/15    Allocating 
 Small   0x00000000f4e00000 0x00000000f5000000 0x00000000f5000000 Y/146   Allocating 
 Small   0x00000000f5000000 0x00000000f5200000 0x00000000f5200000 O/15    Allocating 
 Small   0x00000000f5200000 0x00000000f53ffee0 0x00000000f5400000 O/15    Allocating 
 Small   0x00000000f5800000 0x00000000f5a00000 0x00000000f5a00000 Y/146   Allocating 
 Small   0x00000000f5e00000 0x00000000f6000000 0x00000000f6000000 Y/146   Allocating 
 Small   0x00000000f6800000 0x00000000f69ffff0 0x00000000f6a00000 O/9     Relocatable
 Small   0x00000000f7a00000 0x00000000f7c00000 0x00000000f7c00000 Y/146   Allocating 
 Small   0x00000000f7c00000 0x00000000f7dfffe0 0x00000000f7e00000 O/9     Relocatable
 Small   0x00000000f7e00000 0x00000000f8000000 0x00000000f8000000 Y/146   Allocating 
 Small   0x00000000f8200000 0x00000000f8225f88 0x00000000f8400000 O/15    Allocating 
 Small   0x00000000f9400000 0x00000000f95fffe8 0x00000000f9600000 O/10    Relocatable
 Small   0x00000000f9600000 0x00000000f97ffff0 0x00000000f9800000 O/9     Relocatable
 Small   0x00000000f9800000 0x00000000f9a00000 0x00000000f9a00000 O/9     Relocatable
 Small   0x00000000fa400000 0x00000000fa600000 0x00000000fa600000 Y/146   Allocating 
 Small   0x00000000fc200000 0x00000000fc400000 0x00000000fc400000 Y/146   Allocating 
 Small   0x00000000fc600000 0x00000000fc7fffa8 0x00000000fc800000 O/10    Relocatable
 Small   0x00000000fc800000 0x00000000fc9ffff8 0x00000000fca00000 O/10    Relocatable
 Small   0x00000000fca00000 0x00000000fcbfd930 0x00000000fcc00000 O/13    Relocatable
 Small   0x00000000fcc00000 0x00000000fcdffff0 0x00000000fce00000 O/10    Relocatable
 Small   0x00000000fce00000 0x00000000fcffffe8 0x00000000fd000000 O/10    Relocatable
 Small   0x00000000fd000000 0x00000000fd1f0628 0x00000000fd200000 O/10    Relocatable
 Small   0x00000000fd200000 0x00000000fd3fffd0 0x00000000fd400000 O/10    Relocatable
 Small   0x00000000fd400000 0x00000000fd600000 0x00000000fd600000 Y/146   Allocating 
 Small   0x00000000fea00000 0x00000000febffff0 0x00000000fec00000 O/9     Relocatable
 Small   0x00000000fee00000 0x00000000ff000000 0x00000000ff000000 Y/146   Allocating 
 Small   0x00000000ff000000 0x00000000ff200000 0x00000000ff200000 Y/146   Allocating 
 Small   0x00000000ffa00000 0x00000000ffc00000 0x00000000ffc00000 Y/146   Allocating 
 Small   0x0000000100200000 0x00000001003ffff0 0x0000000100400000 O/12    Relocatable
 Small   0x0000000100800000 0x0000000100a00000 0x0000000100a00000 O/9     Relocatable
 Small   0x0000000100c00000 0x0000000100dfffd0 0x0000000100e00000 O/9     Relocatable
 Small   0x0000000100e00000 0x0000000101000000 0x0000000101000000 Y/146   Allocating 
 Small   0x0000000101000000 0x0000000101200000 0x0000000101200000 Y/146   Allocating 
 Small   0x0000000101600000 0x00000001017fffe0 0x0000000101800000 O/9     Relocatable
 Small   0x0000000101a00000 0x0000000101bfffe0 0x0000000101c00000 O/10    Relocatable
 Small   0x0000000101c00000 0x0000000101e00000 0x0000000101e00000 Y/146   Allocating 
 Small   0x0000000102000000 0x0000000102200000 0x0000000102200000 O/9     Relocatable
 Small   0x0000000102200000 0x00000001023fffe8 0x0000000102400000 O/12    Relocatable
 Small   0x0000000102400000 0x00000001025ffe58 0x0000000102600000 O/15    Allocating 
 Small   0x0000000102800000 0x00000001029fffe8 0x0000000102a00000 O/10    Relocatable
 Small   0x0000000103000000 0x0000000103200000 0x0000000103200000 Y/146   Allocating 
 Small   0x0000000103400000 0x00000001035fffc8 0x0000000103600000 O/14    Relocatable
 Small   0x0000000103600000 0x0000000103800000 0x0000000103800000 Y/146   Allocating 
 Small   0x0000000103800000 0x00000001039fffe0 0x0000000103a00000 O/10    Relocatable
 Small   0x0000000103c00000 0x0000000103dfffd0 0x0000000103e00000 O/10    Relocatable
 Small   0x0000000103e00000 0x0000000103fffff0 0x0000000104000000 O/13    Relocatable
 Small   0x0000000104a00000 0x0000000104bfffe0 0x0000000104c00000 O/10    Relocatable
 Small   0x0000000104e00000 0x0000000104ffffd8 0x0000000105000000 O/9     Relocatable
 Small   0x0000000105000000 0x00000001051fffd8 0x0000000105200000 O/15    Allocating 
 Small   0x0000000105200000 0x00000001053fffc8 0x0000000105400000 O/9     Relocatable
 Small   0x0000000105a00000 0x0000000105bffff0 0x0000000105c00000 O/9     Relocatable
 Small   0x0000000105c00000 0x0000000105dffff8 0x0000000105e00000 O/9     Relocatable
 Small   0x0000000106400000 0x00000001065fffd0 0x0000000106600000 O/10    Relocatable
 Small   0x0000000106600000 0x00000001067fff60 0x0000000106800000 O/10    Relocatable
 Small   0x0000000106800000 0x00000001069ffff0 0x0000000106a00000 O/10    Relocatable
 Small   0x0000000107c00000 0x0000000107e00000 0x0000000107e00000 Y/146   Allocating 
 Small   0x0000000108200000 0x0000000108400000 0x0000000108400000 Y/146   Allocating 
 Small   0x0000000108800000 0x00000001089fffb8 0x0000000108a00000 O/14    Relocatable
 Small   0x0000000109000000 0x00000001091ffff0 0x0000000109200000 O/10    Relocatable
 Small   0x0000000109a00000 0x0000000109bffac0 0x0000000109c00000 O/13    Relocatable
 Small   0x0000000109e00000 0x000000010a000000 0x000000010a000000 Y/146   Allocating 
 Small   0x000000010a800000 0x000000010a9ffff0 0x000000010aa00000 O/9     Relocatable
 Small   0x000000010ae00000 0x000000010afffff0 0x000000010b000000 O/14    Relocatable
 Small   0x000000010b000000 0x000000010b200000 0x000000010b200000 O/15    Allocating 
 Small   0x000000010b400000 0x000000010b600000 0x000000010b600000 Y/146   Allocating 
 Small   0x000000010b600000 0x000000010b7ffff0 0x000000010b800000 O/10    Relocatable
 Small   0x000000010c400000 0x000000010c600000 0x000000010c600000 O/9     Relocatable
 Small   0x000000010cc00000 0x000000010ce00000 0x000000010ce00000 Y/146   Allocating 
 Small   0x000000010d200000 0x000000010d400000 0x000000010d400000 Y/146   Allocating 
 Small   0x000000010d800000 0x000000010d9fffe8 0x000000010da00000 O/13    Relocatable
 Small   0x000000010e400000 0x000000010e600000 0x000000010e600000 O/10    Relocatable
 Small   0x000000010e800000 0x000000010ea00000 0x000000010ea00000 Y/146   Allocating 
 Small   0x000000010ec00000 0x000000010ee00000 0x000000010ee00000 Y/146   Allocating 
 Small   0x000000010f400000 0x000000010f600000 0x000000010f600000 Y/146   Allocating 
 Small   0x000000010fe00000 0x0000000110000000 0x0000000110000000 Y/146   Allocating 
 Small   0x0000000110200000 0x00000001103fffc0 0x0000000110400000 O/9     Relocatable
 Small   0x0000000110400000 0x00000001105fffe0 0x0000000110600000 Y/146   Allocating 
 Small   0x0000000110800000 0x0000000110a00000 0x0000000110a00000 Y/146   Allocating 
 Small   0x0000000111800000 0x00000001119ffff0 0x0000000111a00000 O/12    Relocatable
 Small   0x0000000112c00000 0x0000000112dfffc8 0x0000000112e00000 O/9     Relocatable
 Small   0x0000000112e00000 0x0000000112ffffe8 0x0000000113000000 O/9     Relocatable
 Small   0x0000000113000000 0x00000001131fff60 0x0000000113200000 O/9     Relocatable
 Small   0x0000000113c00000 0x0000000113e00000 0x0000000113e00000 Y/146   Allocating 
 Small   0x0000000114000000 0x0000000114200000 0x0000000114200000 O/12    Relocatable
 Small   0x0000000114a00000 0x0000000114bfffe8 0x0000000114c00000 Y/146   Allocating 
 Small   0x0000000114c00000 0x0000000114e00000 0x0000000114e00000 Y/146   Allocating 
 Small   0x0000000115a00000 0x0000000115bffff0 0x0000000115c00000 O/9     Relocatable
 Small   0x0000000115c00000 0x0000000115dfff50 0x0000000115e00000 O/15    Allocating 
 Small   0x0000000116c00000 0x0000000116dffa30 0x0000000116e00000 O/13    Relocatable
 Small   0x0000000117000000 0x0000000117200000 0x0000000117200000 O/9     Relocatable
 Small   0x0000000117200000 0x00000001173ff7f8 0x0000000117400000 O/15    Allocating 
 Small   0x0000000117400000 0x0000000117600000 0x0000000117600000 Y/146   Allocating 
 Small   0x0000000118000000 0x0000000118200000 0x0000000118200000 Y/146   Allocating 
 Small   0x0000000118600000 0x0000000118800000 0x0000000118800000 Y/146   Allocating 
 Small   0x0000000118e00000 0x0000000119000000 0x0000000119000000 O/9     Relocatable
 Small   0x0000000119e00000 0x000000011a000000 0x000000011a000000 Y/146   Allocating 
 Small   0x000000011b400000 0x000000011b5fffd0 0x000000011b600000 O/15    Allocating 
 Small   0x000000011ba00000 0x000000011bbffb50 0x000000011bc00000 O/15    Allocating 
 Small   0x000000011bc00000 0x000000011bdfd340 0x000000011be00000 O/15    Allocating 
 Small   0x000000011c000000 0x000000011c200000 0x000000011c200000 Y/146   Allocating 
 Small   0x000000011c600000 0x000000011c800000 0x000000011c800000 Y/146   Allocating 
 Small   0x000000011d200000 0x000000011d400000 0x000000011d400000 Y/146   Allocating 
 Small   0x000000011d400000 0x000000011d600000 0x000000011d600000 Y/146   Allocating 
 Small   0x000000011d800000 0x000000011d9fffe0 0x000000011da00000 O/10    Relocatable
 Small   0x000000011da00000 0x000000011dbfffe0 0x000000011dc00000 O/15    Allocating 
 Small   0x000000011dc00000 0x000000011de00000 0x000000011de00000 Y/146   Allocating 
 Small   0x000000011e000000 0x000000011e1fff80 0x000000011e200000 O/9     Relocatable
 Small   0x000000011e600000 0x000000011e7fff50 0x000000011e800000 O/13    Relocatable
 Small   0x000000011ec00000 0x000000011ee00000 0x000000011ee00000 Y/146   Allocating 
 Small   0x000000011f000000 0x000000011f200000 0x000000011f200000 O/13    Relocatable
 Small   0x000000011f400000 0x000000011f600000 0x000000011f600000 Y/146   Allocating 
 Small   0x0000000120200000 0x0000000120400000 0x0000000120400000 Y/146   Allocating 
 Small   0x0000000120600000 0x00000001207fffd8 0x0000000120800000 O/9     Relocatable
 Small   0x0000000120a00000 0x0000000120c00000 0x0000000120c00000 Y/146   Allocating 
 Small   0x0000000120c00000 0x0000000120e00000 0x0000000120e00000 Y/146   Allocating 
 Small   0x0000000121200000 0x00000001213fffe0 0x0000000121400000 O/9     Relocatable
 Small   0x0000000121600000 0x0000000121800000 0x0000000121800000 Y/146   Allocating 
 Small   0x0000000122200000 0x0000000122400000 0x0000000122400000 Y/146   Allocating 
 Small   0x0000000123000000 0x00000001231fffd8 0x0000000123200000 O/9     Relocatable
 Small   0x0000000123400000 0x00000001235ffff0 0x0000000123600000 O/9     Relocatable
 Small   0x0000000123800000 0x0000000123a00000 0x0000000123a00000 Y/146   Allocating 
 Small   0x0000000124800000 0x0000000124a00000 0x0000000124a00000 O/9     Relocatable
 Small   0x0000000125800000 0x00000001259fffe0 0x0000000125a00000 O/9     Relocatable
 Small   0x0000000125e00000 0x0000000126000000 0x0000000126000000 Y/146   Allocating 
 Small   0x0000000126400000 0x0000000126600000 0x0000000126600000 Y/146   Allocating 
 Small   0x0000000126800000 0x00000001269ffff8 0x0000000126a00000 O/10    Relocatable
 Small   0x0000000126a00000 0x0000000126c00000 0x0000000126c00000 Y/146   Allocating 
 Small   0x0000000126c00000 0x0000000126e00000 0x0000000126e00000 O/9     Relocatable
 Small   0x0000000127200000 0x0000000127400000 0x0000000127400000 Y/146   Allocating 
 Small   0x0000000127400000 0x00000001275fffa0 0x0000000127600000 O/9     Relocatable
 Small   0x0000000127800000 0x00000001279fffe0 0x0000000127a00000 O/10    Relocatable
 Small   0x0000000127a00000 0x0000000127be4d88 0x0000000127c00000 O/14    Relocatable
 Small   0x0000000128000000 0x0000000128200000 0x0000000128200000 Y/146   Allocating 
 Small   0x0000000128a00000 0x0000000128bff7b0 0x0000000128c00000 O/15    Allocating 
 Small   0x0000000128e00000 0x0000000129000000 0x0000000129000000 O/14    Relocatable
 Small   0x0000000129200000 0x0000000129400000 0x0000000129400000 Y/146   Allocating 
 Small   0x0000000129600000 0x0000000129800000 0x0000000129800000 Y/146   Allocating 
 Small   0x0000000129e00000 0x000000012a000000 0x000000012a000000 Y/146   Allocating 
 Small   0x000000012a400000 0x000000012a5fffd8 0x000000012a600000 O/9     Relocatable
 Small   0x000000012a600000 0x000000012a800000 0x000000012a800000 Y/146   Allocating 
 Small   0x000000012a800000 0x000000012a9fff18 0x000000012aa00000 O/15    Allocating 
 Small   0x000000012ac00000 0x000000012adffff0 0x000000012ae00000 O/13    Relocatable
 Small   0x000000012ae00000 0x000000012b000000 0x000000012b000000 Y/146   Allocating 
 Small   0x000000012b200000 0x000000012b400000 0x000000012b400000 Y/146   Allocating 
 Small   0x000000012b600000 0x000000012b7ff868 0x000000012b800000 O/10    Relocatable
 Small   0x000000012bc00000 0x000000012bd9b5d8 0x000000012be00000 O/15    Allocating 
 Small   0x000000012be00000 0x000000012c000000 0x000000012c000000 Y/146   Allocating 
 Small   0x000000012ca00000 0x000000012cbfffa0 0x000000012cc00000 O/9     Relocatable
 Small   0x000000012d000000 0x000000012d200000 0x000000012d200000 Y/146   Allocating 
 Small   0x000000012d200000 0x000000012d400000 0x000000012d400000 Y/146   Allocating 
 Small   0x000000012d400000 0x000000012d5ffff0 0x000000012d600000 O/15    Allocating 
 Small   0x000000012d800000 0x000000012d9fffe8 0x000000012da00000 O/15    Allocating 
 Small   0x000000012dc00000 0x000000012de00000 0x000000012de00000 Y/146   Allocating 
 Small   0x000000012e000000 0x000000012e1fffd8 0x000000012e200000 O/9     Relocatable
 Small   0x000000012e200000 0x000000012e400000 0x000000012e400000 Y/146   Allocating 
 Small   0x000000012ea00000 0x000000012ec00000 0x000000012ec00000 Y/146   Allocating 
 Small   0x000000012f600000 0x000000012f800000 0x000000012f800000 Y/146   Allocating 
 Small   0x000000012f800000 0x000000012fa00000 0x000000012fa00000 O/9     Relocatable
 Small   0x000000012fc00000 0x000000012fde3138 0x000000012fe00000 O/15    Allocating 
 Small   0x000000012fe00000 0x000000012ffffff0 0x0000000130000000 O/9     Relocatable
 Small   0x0000000130200000 0x0000000130400000 0x0000000130400000 Y/146   Allocating 
 Small   0x0000000130400000 0x00000001305fffb8 0x0000000130600000 O/11    Relocatable
 Small   0x0000000130800000 0x0000000130a00000 0x0000000130a00000 Y/146   Allocating 
 Small   0x0000000130e00000 0x0000000131000000 0x0000000131000000 Y/146   Allocating 
 Small   0x0000000131a00000 0x0000000131c00000 0x0000000131c00000 Y/146   Allocating 
 Small   0x0000000131e00000 0x0000000131ffffd0 0x0000000132000000 O/12    Relocatable
 Small   0x0000000132000000 0x0000000132200000 0x0000000132200000 Y/146   Allocating 
 Small   0x0000000132200000 0x0000000132400000 0x0000000132400000 Y/146   Allocating 
 Small   0x0000000132e00000 0x0000000133000000 0x0000000133000000 Y/146   Allocating 
 Small   0x0000000133600000 0x0000000133800000 0x0000000133800000 Y/146   Allocating 
 Small   0x0000000134000000 0x0000000134200000 0x0000000134200000 Y/146   Allocating 
 Small   0x0000000134c00000 0x0000000134e00000 0x0000000134e00000 Y/146   Allocating 
 Small   0x0000000135400000 0x00000001355e6e20 0x0000000135600000 O/12    Relocatable
 Small   0x0000000135800000 0x00000001359fff38 0x0000000135a00000 O/12    Relocatable
 Small   0x0000000135a00000 0x0000000135bfff78 0x0000000135c00000 O/9     Relocatable
 Small   0x0000000135c00000 0x0000000135c00aa8 0x0000000135e00000 O/15    Allocating 
 Small   0x0000000135e00000 0x0000000135fffff0 0x0000000136000000 O/9     Relocatable
 Small   0x0000000136000000 0x00000001361ffff0 0x0000000136200000 O/9     Relocatable
 Small   0x0000000136200000 0x0000000136400000 0x0000000136400000 Y/146   Allocating 
 Small   0x0000000136800000 0x00000001369e0d70 0x0000000136a00000 O/15    Allocating 
 Small   0x0000000136a00000 0x0000000136bfffe8 0x0000000136c00000 O/14    Relocatable
 Small   0x0000000137600000 0x00000001377fffc8 0x0000000137800000 O/9     Relocatable
 Small   0x0000000137800000 0x0000000137a00000 0x0000000137a00000 Y/146   Allocating 
 Small   0x0000000138200000 0x00000001383ffff0 0x0000000138400000 O/9     Relocatable
 Small   0x0000000138400000 0x0000000138600000 0x0000000138600000 Y/146   Allocating 
 Small   0x0000000138800000 0x00000001389ffee8 0x0000000138a00000 O/10    Relocatable
 Small   0x0000000138a00000 0x0000000138c00000 0x0000000138c00000 Y/146   Allocating 
 Small   0x0000000139400000 0x00000001395ffff0 0x0000000139600000 Y/146   Allocating 
 Small   0x0000000139600000 0x0000000139628bf0 0x0000000139800000 O/15    Allocating 
 Small   0x0000000139a00000 0x0000000139bffe70 0x0000000139c00000 O/15    Allocating 
 Small   0x000000013a600000 0x000000013a7ffff0 0x000000013a800000 O/13    Relocatable
 Small   0x000000013aa00000 0x000000013abffff8 0x000000013ac00000 O/9     Relocatable
 Small   0x000000013b600000 0x000000013b800000 0x000000013b800000 Y/146   Allocating 
 Small   0x000000013bc00000 0x000000013be00000 0x000000013be00000 Y/146   Allocating 
 Small   0x000000013be00000 0x000000013bfc0000 0x000000013c000000 Y/146   Allocating 
 Small   0x000000013c000000 0x000000013c1fffe0 0x000000013c200000 O/9     Relocatable
 Small   0x000000013c200000 0x000000013c400000 0x000000013c400000 Y/146   Allocating 
 Small   0x000000013c400000 0x000000013c5ffff8 0x000000013c600000 O/9     Relocatable
 Small   0x000000013cc00000 0x000000013cdfffe8 0x000000013ce00000 O/15    Allocating 
 Small   0x000000013d600000 0x000000013d7fffe0 0x000000013d800000 O/15    Allocating 
 Small   0x000000013e400000 0x000000013e5fffd0 0x000000013e600000 O/9     Relocatable
 Small   0x000000013ea00000 0x000000013ebfc780 0x000000013ec00000 O/15    Allocating 
 Small   0x000000013ee00000 0x000000013effffe8 0x000000013f000000 O/9     Relocatable
 Small   0x000000013f000000 0x000000013f1fffe0 0x000000013f200000 O/9     Relocatable
 Small   0x000000013f200000 0x000000013f400000 0x000000013f400000 O/9     Relocatable
 Small   0x000000013fc00000 0x000000013fdffff8 0x000000013fe00000 O/9     Relocatable
 Small   0x000000013fe00000 0x0000000140000000 0x0000000140000000 Y/146   Allocating 
 Small   0x0000000140400000 0x0000000140600000 0x0000000140600000 Y/146   Allocating 
 Small   0x0000000140800000 0x00000001409fffe8 0x0000000140a00000 O/9     Relocatable
 Small   0x0000000140a00000 0x0000000140bfffe0 0x0000000140c00000 O/15    Allocating 
 Small   0x0000000140c00000 0x0000000140e00000 0x0000000140e00000 Y/146   Allocating 
 Small   0x0000000141200000 0x000000014124cf98 0x0000000141400000 O/15    Allocating 
 Small   0x0000000141400000 0x0000000141600000 0x0000000141600000 Y/146   Allocating 
 Small   0x0000000141a00000 0x0000000141b47020 0x0000000141c00000 O/15    Allocating 
 Small   0x0000000141c00000 0x0000000141dffff8 0x0000000141e00000 O/14    Relocatable
 Small   0x0000000142600000 0x00000001427ffc08 0x0000000142800000 Y/146   Allocating 
 Small   0x0000000142a00000 0x0000000142c00000 0x0000000142c00000 Y/146   Allocating 
 Small   0x0000000143400000 0x00000001435fff10 0x0000000143600000 O/10    Relocatable
 Small   0x0000000144400000 0x00000001445ffff8 0x0000000144600000 O/12    Relocatable
 Small   0x0000000144c00000 0x0000000144dfffd8 0x0000000144e00000 O/9     Relocatable
 Small   0x0000000144e00000 0x0000000145000000 0x0000000145000000 Y/146   Allocating 
 Small   0x0000000145000000 0x00000001451fffd0 0x0000000145200000 O/9     Relocatable
 Small   0x0000000145400000 0x0000000145600000 0x0000000145600000 Y/146   Allocating 
 Small   0x0000000145800000 0x00000001459ffa90 0x0000000145a00000 O/15    Allocating 
 Small   0x0000000145c00000 0x0000000145c945b8 0x0000000145e00000 O/15    Allocating 
 Small   0x0000000146200000 0x00000001463fffc8 0x0000000146400000 O/13    Relocatable
 Small   0x0000000146400000 0x0000000146600000 0x0000000146600000 O/9     Relocatable
 Small   0x0000000146800000 0x0000000146a00000 0x0000000146a00000 O/13    Relocatable
 Small   0x0000000146a00000 0x0000000146c00000 0x0000000146c00000 Y/146   Allocating 
 Small   0x0000000147800000 0x0000000147a00000 0x0000000147a00000 Y/146   Allocating 
 Small   0x0000000148200000 0x0000000148400000 0x0000000148400000 Y/146   Allocating 
 Small   0x0000000148a00000 0x0000000148c00000 0x0000000148c00000 Y/146   Allocating 
 Small   0x0000000149400000 0x00000001495fffe8 0x0000000149600000 O/10    Relocatable
 Small   0x0000000149800000 0x00000001499ffff8 0x0000000149a00000 O/15    Allocating 
 Small   0x0000000149e00000 0x0000000149ffffd8 0x000000014a000000 O/9     Relocatable
 Small   0x000000014a000000 0x000000014a005ae8 0x000000014a200000 O/15    Allocating 
 Small   0x000000014a800000 0x000000014aa00000 0x000000014aa00000 O/11    Relocatable
 Small   0x000000014b400000 0x000000014b600000 0x000000014b600000 O/9     Relocatable
 Small   0x000000014b600000 0x000000014b7ffff0 0x000000014b800000 O/12    Relocatable
 Small   0x000000014c000000 0x000000014c1ffff0 0x000000014c200000 O/12    Relocatable
 Small   0x000000014c600000 0x000000014c800000 0x000000014c800000 Y/146   Allocating 
 Small   0x000000014c800000 0x000000014c9fffe0 0x000000014ca00000 O/9     Relocatable
 Small   0x000000014ce00000 0x000000014d000000 0x000000014d000000 Y/146   Allocating 
 Small   0x000000014d400000 0x000000014d45a8b0 0x000000014d600000 O/15    Allocating 
 Small   0x000000014dc00000 0x000000014dc687a0 0x000000014de00000 O/15    Allocating 
 Small   0x000000014e200000 0x000000014e3fffe8 0x000000014e400000 O/13    Relocatable
 Small   0x000000014e800000 0x000000014e9ffff0 0x000000014ea00000 O/10    Relocatable
 Small   0x000000014ea00000 0x000000014ebfffd8 0x000000014ec00000 O/10    Relocatable
 Small   0x000000014ee00000 0x000000014effffb8 0x000000014f000000 O/9     Relocatable
 Small   0x000000014f000000 0x000000014f1d0e60 0x000000014f200000 O/15    Allocating 
 Small   0x000000014f200000 0x000000014f3fffe0 0x000000014f400000 O/13    Relocatable
 Small   0x000000014f800000 0x000000014f9ffff0 0x000000014fa00000 O/10    Relocatable
 Small   0x000000014fa00000 0x000000014fbffff8 0x000000014fc00000 O/9     Relocatable
 Small   0x0000000150000000 0x0000000150200000 0x0000000150200000 O/9     Relocatable
 Small   0x0000000150600000 0x0000000150800000 0x0000000150800000 O/9     Relocatable
 Small   0x0000000151000000 0x0000000151200000 0x0000000151200000 Y/146   Allocating 
 Small   0x0000000151600000 0x00000001517fffe8 0x0000000151800000 O/10    Relocatable
 Small   0x0000000151a00000 0x0000000151c00000 0x0000000151c00000 Y/146   Allocating 
 Small   0x0000000152000000 0x0000000152200000 0x0000000152200000 Y/146   Allocating 
 Small   0x0000000152600000 0x0000000152800000 0x0000000152800000 Y/146   Allocating 
 Small   0x0000000153600000 0x00000001537ffff0 0x0000000153800000 O/10    Relocatable
 Small   0x0000000154200000 0x0000000154400000 0x0000000154400000 Y/146   Allocating 
 Small   0x0000000154c00000 0x0000000154dffff8 0x0000000154e00000 O/9     Relocatable
 Small   0x0000000155000000 0x0000000155096fb0 0x0000000155200000 O/15    Allocating 
 Small   0x0000000155600000 0x0000000155800000 0x0000000155800000 Y/146   Allocating 
 Small   0x0000000155800000 0x00000001559fffe0 0x0000000155a00000 O/14    Relocatable
 Small   0x0000000156a00000 0x0000000156c00000 0x0000000156c00000 Y/146   Allocating 
 Small   0x0000000157600000 0x0000000157800000 0x0000000157800000 Y/146   Allocating 
 Small   0x0000000157c00000 0x0000000157e00000 0x0000000157e00000 O/9     Relocatable
 Small   0x0000000158400000 0x0000000158600000 0x0000000158600000 Y/146   Allocating 
 Small   0x0000000158600000 0x00000001587fffe0 0x0000000158800000 O/9     Relocatable
 Small   0x0000000158c00000 0x0000000158dfffb0 0x0000000158e00000 O/15    Allocating 
 Small   0x0000000159800000 0x0000000159a00000 0x0000000159a00000 Y/146   Allocating 
 Small   0x0000000159e00000 0x000000015a000000 0x000000015a000000 Y/146   Allocating 
 Small   0x000000015a400000 0x000000015a5fffe0 0x000000015a600000 O/14    Relocatable
 Small   0x000000015a600000 0x000000015a7fffd8 0x000000015a800000 O/9     Relocatable
 Small   0x000000015b000000 0x000000015b200000 0x000000015b200000 O/10    Relocatable
 Small   0x000000015b400000 0x000000015b600000 0x000000015b600000 Y/146   Allocating 
 Small   0x000000015b800000 0x000000015b9ffff8 0x000000015ba00000 O/13    Relocatable
 Small   0x000000015c000000 0x000000015c1fffd8 0x000000015c200000 O/9     Relocatable
 Small   0x000000015c800000 0x000000015c9fffb0 0x000000015ca00000 O/9     Relocatable
 Small   0x000000015da00000 0x000000015dc00000 0x000000015dc00000 Y/146   Allocating 
 Small   0x000000015de00000 0x000000015dfffff8 0x000000015e000000 O/12    Relocatable
 Small   0x000000015e200000 0x000000015e3fffb8 0x000000015e400000 O/12    Relocatable
 Small   0x000000015ec00000 0x000000015ee00000 0x000000015ee00000 Y/146   Allocating 
 Small   0x000000015f200000 0x000000015f400000 0x000000015f400000 Y/146   Allocating 
 Small   0x000000015fa00000 0x000000015fc00000 0x000000015fc00000 Y/146   Allocating 
 Small   0x000000015fc00000 0x000000015fe00000 0x000000015fe00000 Y/146   Allocating 
 Small   0x0000000160000000 0x0000000160200000 0x0000000160200000 Y/146   Allocating 
 Small   0x0000000160c00000 0x0000000160e00000 0x0000000160e00000 Y/146   Allocating 
 Small   0x0000000162000000 0x0000000162200000 0x0000000162200000 O/10    Relocatable
 Small   0x0000000162200000 0x0000000162400000 0x0000000162400000 Y/146   Allocating 
 Small   0x0000000162600000 0x0000000162800000 0x0000000162800000 Y/146   Allocating 
 Small   0x0000000162800000 0x0000000162a00000 0x0000000162a00000 Y/146   Allocating 
 Small   0x0000000162a00000 0x0000000162bfffb0 0x0000000162c00000 O/13    Relocatable
 Small   0x0000000163800000 0x00000001639ffff8 0x0000000163a00000 Y/146   Allocating 
 Small   0x0000000163e00000 0x0000000163fffff8 0x0000000164000000 O/10    Relocatable
 Small   0x0000000164000000 0x0000000164200000 0x0000000164200000 Y/146   Allocating 
 Small   0x0000000164600000 0x00000001647fffd0 0x0000000164800000 O/9     Relocatable
 Small   0x0000000164a00000 0x0000000164bffff8 0x0000000164c00000 O/9     Relocatable
 Small   0x0000000164e00000 0x0000000165000000 0x0000000165000000 Y/146   Allocating 
 Small   0x0000000165000000 0x00000001651fff98 0x0000000165200000 O/9     Relocatable
 Small   0x0000000165600000 0x00000001656022f8 0x0000000165800000 O/15    Allocating 
 Small   0x0000000165800000 0x0000000165a00000 0x0000000165a00000 Y/146   Allocating 
 Small   0x0000000166000000 0x0000000166200000 0x0000000166200000 Y/146   Allocating 
 Small   0x0000000166800000 0x0000000166a00000 0x0000000166a00000 Y/146   Allocating 
 Small   0x0000000166a00000 0x0000000166bfffe8 0x0000000166c00000 O/9     Relocatable
 Small   0x0000000167400000 0x0000000167600000 0x0000000167600000 Y/146   Allocating 
 Small   0x0000000168200000 0x00000001683ffff8 0x0000000168400000 O/9     Relocatable
 Small   0x0000000168a00000 0x0000000168bffff8 0x0000000168c00000 O/14    Relocatable
 Small   0x0000000169200000 0x00000001693ffff0 0x0000000169400000 O/13    Relocatable
 Small   0x0000000169c00000 0x0000000169e00000 0x0000000169e00000 O/12    Relocatable
 Small   0x0000000169e00000 0x0000000169fff108 0x000000016a000000 O/12    Relocatable
 Small   0x000000016a000000 0x000000016a1fff88 0x000000016a200000 O/9     Relocatable
 Small   0x000000016a400000 0x000000016a5fffe0 0x000000016a600000 O/9     Relocatable
 Small   0x000000016a800000 0x000000016a804db0 0x000000016aa00000 O/15    Allocating 
 Small   0x000000016ac00000 0x000000016ae00000 0x000000016ae00000 Y/146   Allocating 
 Small   0x000000016b000000 0x000000016b1fffe0 0x000000016b200000 O/9     Relocatable
 Small   0x000000016b200000 0x000000016b3ffea0 0x000000016b400000 O/9     Relocatable
 Small   0x000000016ba00000 0x000000016bc00000 0x000000016bc00000 Y/146   Allocating 
 Small   0x000000016c000000 0x000000016c1ffff0 0x000000016c200000 O/9     Relocatable
 Small   0x000000016ca00000 0x000000016cc00000 0x000000016cc00000 O/9     Relocatable
 Small   0x000000016ce00000 0x000000016cff7d68 0x000000016d000000 O/15    Allocating 
 Small   0x000000016d200000 0x000000016d20a300 0x000000016d400000 O/15    Allocating 
 Small   0x000000016d600000 0x000000016d800000 0x000000016d800000 Y/146   Allocating 
 Small   0x000000016ea00000 0x000000016eb03710 0x000000016ec00000 Y/146   Allocating 
 Small   0x000000016ec00000 0x000000016ee00000 0x000000016ee00000 Y/146   Allocating 
 Small   0x000000016ee00000 0x000000016f000000 0x000000016f000000 Y/146   Allocating 
 Small   0x000000016f400000 0x000000016f600000 0x000000016f600000 Y/146   Allocating 
 Small   0x000000016f800000 0x000000016fa00000 0x000000016fa00000 Y/146   Allocating 
 Small   0x000000016fc00000 0x000000016fe00000 0x000000016fe00000 O/12    Relocatable
 Small   0x0000000170600000 0x00000001707ffd08 0x0000000170800000 O/13    Relocatable
 Small   0x0000000170a00000 0x0000000170c00000 0x0000000170c00000 Y/146   Allocating 
 Small   0x0000000170e00000 0x0000000170ffffb8 0x0000000171000000 O/9     Relocatable
 Small   0x0000000171000000 0x00000001711ffe40 0x0000000171200000 O/15    Allocating 
 Small   0x0000000171200000 0x00000001713ffff8 0x0000000171400000 O/9     Relocatable
 Small   0x0000000171800000 0x0000000171a00000 0x0000000171a00000 Y/146   Allocating 
 Small   0x0000000171c00000 0x0000000171e00000 0x0000000171e00000 Y/146   Allocating 
 Small   0x0000000172000000 0x0000000172200000 0x0000000172200000 Y/146   Allocating 
 Small   0x0000000173200000 0x00000001733fffe8 0x0000000173400000 O/9     Relocatable
 Small   0x0000000173800000 0x00000001739fffd8 0x0000000173a00000 O/9     Relocatable
 Small   0x0000000174200000 0x0000000174202fd0 0x0000000174400000 O/15    Allocating 
 Small   0x0000000174800000 0x0000000174809fa0 0x0000000174a00000 O/15    Allocating 
 Small   0x0000000176c00000 0x0000000176dfffe0 0x0000000176e00000 O/15    Allocating 
 Small   0x0000000177200000 0x0000000177400000 0x0000000177400000 Y/146   Allocating 
 Small   0x0000000177800000 0x0000000177a00000 0x0000000177a00000 Y/146   Allocating 
 Small   0x0000000178400000 0x0000000178600000 0x0000000178600000 Y/146   Allocating 
 Small   0x0000000178600000 0x0000000178800000 0x0000000178800000 Y/146   Allocating 
 Small   0x0000000178800000 0x0000000178a00000 0x0000000178a00000 Y/146   Allocating 
 Small   0x0000000179000000 0x0000000179200000 0x0000000179200000 Y/146   Allocating 
 Small   0x0000000179a00000 0x0000000179bfffc8 0x0000000179c00000 O/14    Relocatable
 Small   0x0000000179e00000 0x000000017a000000 0x000000017a000000 Y/146   Allocating 
 Small   0x000000017a800000 0x000000017aa00000 0x000000017aa00000 Y/146   Allocating 
 Small   0x000000017aa00000 0x000000017ac00000 0x000000017ac00000 O/15    Allocating 
 Small   0x000000017b400000 0x000000017b5ffff8 0x000000017b600000 O/13    Relocatable
 Small   0x000000017c000000 0x000000017c200000 0x000000017c200000 Y/146   Allocating 
 Small   0x000000017c200000 0x000000017c3fffb8 0x000000017c400000 O/9     Relocatable
 Small   0x000000017cc00000 0x000000017ce00000 0x000000017ce00000 Y/146   Allocating 
 Small   0x000000017d200000 0x000000017d3f4fd8 0x000000017d400000 O/9     Relocatable
 Small   0x000000017e400000 0x000000017e600000 0x000000017e600000 Y/146   Allocating 
 Small   0x000000017ea00000 0x000000017ec00000 0x000000017ec00000 Y/146   Allocating 
 Small   0x000000017ee00000 0x000000017efffff0 0x000000017f000000 O/15    Allocating 
 Small   0x000000017f200000 0x000000017f400000 0x000000017f400000 Y/146   Allocating 
 Small   0x000000017f800000 0x000000017f9fefd0 0x000000017fa00000 O/9     Relocatable
 Small   0x000000017fa00000 0x000000017fbfff78 0x000000017fc00000 O/9     Relocatable
 Small   0x000000017fc00000 0x000000017fdfffe8 0x000000017fe00000 O/9     Relocatable
 Small   0x000000017fe00000 0x0000000180000000 0x0000000180000000 Y/146   Allocating 
 Small   0x0000000180000000 0x0000000180200000 0x0000000180200000 Y/146   Allocating 
 Small   0x0000000180200000 0x0000000180400000 0x0000000180400000 Y/146   Allocating 
 Small   0x0000000180400000 0x00000001805ffff0 0x0000000180600000 O/11    Relocatable
 Small   0x0000000180800000 0x00000001809ffb20 0x0000000180a00000 O/15    Allocating 
 Small   0x0000000181200000 0x00000001813fd100 0x0000000181400000 O/13    Relocatable
 Small   0x0000000181400000 0x0000000181600000 0x0000000181600000 Y/146   Allocating 
 Small   0x0000000181a00000 0x0000000181c00000 0x0000000181c00000 Y/146   Allocating 
 Small   0x0000000182400000 0x0000000182600000 0x0000000182600000 Y/146   Allocating 
 Small   0x0000000182600000 0x00000001827fffd8 0x0000000182800000 O/13    Relocatable
 Small   0x0000000182c00000 0x0000000182e00000 0x0000000182e00000 Y/146   Allocating 
 Small   0x0000000182e00000 0x0000000182ffff20 0x0000000183000000 O/14    Relocatable
 Small   0x0000000183a00000 0x0000000183c00000 0x0000000183c00000 Y/146   Allocating 
 Small   0x0000000184600000 0x0000000184800000 0x0000000184800000 Y/146   Allocating 
 Small   0x0000000184a00000 0x0000000184bfffe8 0x0000000184c00000 O/9     Relocatable
 Small   0x0000000185e00000 0x0000000186000000 0x0000000186000000 Y/146   Allocating 
 Small   0x0000000186000000 0x00000001861fffe0 0x0000000186200000 O/10    Relocatable
 Small   0x0000000186800000 0x0000000186a00000 0x0000000186a00000 Y/146   Allocating 
 Small   0x0000000186c00000 0x0000000186e00000 0x0000000186e00000 Y/146   Allocating 
 Small   0x0000000187000000 0x0000000187200000 0x0000000187200000 Y/146   Allocating 
 Small   0x0000000187200000 0x0000000187400000 0x0000000187400000 O/9     Relocatable
 Small   0x0000000187e00000 0x0000000188000000 0x0000000188000000 Y/146   Allocating 
 Small   0x0000000188200000 0x0000000188400000 0x0000000188400000 Y/146   Allocating 
 Small   0x000000018ac00000 0x000000018adfe1b0 0x000000018ae00000 O/13    Relocatable
 Small   0x000000018b000000 0x000000018b200000 0x000000018b200000 O/15    Allocating 
 Small   0x000000018b800000 0x000000018ba00000 0x000000018ba00000 Y/146   Allocating 
 Small   0x000000018c600000 0x000000018c800000 0x000000018c800000 O/12    Relocatable
 Small   0x000000018d000000 0x000000018d1fffe8 0x000000018d200000 O/9     Relocatable
 Small   0x000000018d200000 0x000000018d3ffff8 0x000000018d400000 O/9     Relocatable
 Small   0x000000018da00000 0x000000018dbfffe0 0x000000018dc00000 O/15    Allocating 
 Small   0x000000018e200000 0x000000018e400000 0x000000018e400000 O/15    Allocating 
 Small   0x000000018e600000 0x000000018e800000 0x000000018e800000 Y/146   Allocating 
 Small   0x000000018f000000 0x000000018f200000 0x000000018f200000 Y/146   Allocating 
 Small   0x000000018f400000 0x000000018f5fffe8 0x000000018f600000 O/9     Relocatable
 Small   0x0000000190400000 0x0000000190600000 0x0000000190600000 Y/146   Allocating 
 Small   0x0000000190800000 0x0000000190a00000 0x0000000190a00000 Y/146   Allocating 
 Small   0x0000000190a00000 0x0000000190bffef0 0x0000000190c00000 O/15    Allocating 
 Small   0x0000000190c00000 0x0000000190e00000 0x0000000190e00000 Y/146   Allocating 
 Small   0x0000000191200000 0x00000001913ffff8 0x0000000191400000 O/9     Relocatable
 Small   0x0000000191600000 0x0000000191800000 0x0000000191800000 Y/146   Allocating 
 Small   0x0000000191a00000 0x0000000191c00000 0x0000000191c00000 Y/146   Allocating 
 Small   0x0000000192400000 0x00000001925ffff8 0x0000000192600000 O/15    Allocating 
 Small   0x0000000192800000 0x0000000192a00000 0x0000000192a00000 O/9     Relocatable
 Small   0x0000000192a00000 0x0000000192bfff68 0x0000000192c00000 O/9     Relocatable
 Small   0x0000000192c00000 0x0000000192dfffa8 0x0000000192e00000 O/9     Relocatable
 Small   0x0000000193200000 0x00000001933fffe0 0x0000000193400000 O/9     Relocatable
 Small   0x0000000193800000 0x0000000193a00000 0x0000000193a00000 Y/146   Allocating 
 Small   0x0000000193a00000 0x0000000193c00000 0x0000000193c00000 Y/146   Allocating 
 Small   0x0000000194400000 0x0000000194600000 0x0000000194600000 O/10    Relocatable
 Small   0x0000000195000000 0x00000001951fffe8 0x0000000195200000 O/12    Relocatable
 Small   0x0000000195c00000 0x0000000195e00000 0x0000000195e00000 Y/146   Allocating 
 Small   0x0000000196400000 0x00000001965fd388 0x0000000196600000 O/15    Allocating 
 Small   0x0000000196800000 0x0000000196a00000 0x0000000196a00000 Y/146   Allocating 
 Small   0x0000000196a00000 0x0000000196c00000 0x0000000196c00000 Y/146   Allocating 
 Small   0x0000000197200000 0x0000000197400000 0x0000000197400000 Y/146   Allocating 
 Small   0x0000000198000000 0x0000000198200000 0x0000000198200000 Y/146   Allocating 
 Small   0x0000000198200000 0x0000000198400000 0x0000000198400000 Y/146   Allocating 
 Small   0x0000000199600000 0x0000000199800000 0x0000000199800000 Y/146   Allocating 
 Small   0x0000000199e00000 0x000000019a000000 0x000000019a000000 Y/146   Allocating 
 Large   0x000000019a400000 0x000000019ac00000 0x000000019ac00000 O/11    Relocatable
 Small   0x000000019ac00000 0x000000019ae00000 0x000000019ae00000 Y/146   Allocating 
 Small   0x000000019b400000 0x000000019b600000 0x000000019b600000 Y/146   Allocating 
 Small   0x000000019b600000 0x000000019b7ffca8 0x000000019b800000 O/13    Relocatable
 Small   0x000000019ba00000 0x000000019bc00000 0x000000019bc00000 Y/146   Allocating 
 Small   0x000000019be00000 0x000000019c000000 0x000000019c000000 Y/146   Allocating 
 Small   0x000000019c400000 0x000000019c600000 0x000000019c600000 Y/146   Allocating 
 Small   0x000000019cc00000 0x000000019ce00000 0x000000019ce00000 Y/146   Allocating 
 Small   0x000000019ce00000 0x000000019d000000 0x000000019d000000 Y/146   Allocating 
 Small   0x000000019d600000 0x000000019d7ffe90 0x000000019d800000 O/15    Allocating 
 Small   0x000000019dc00000 0x000000019de00000 0x000000019de00000 Y/146   Allocating 
 Small   0x000000019f200000 0x000000019f400000 0x000000019f400000 Y/146   Allocating 
 Small   0x000000019f600000 0x000000019f800000 0x000000019f800000 Y/146   Allocating 
 Small   0x000000019f800000 0x000000019fa00000 0x000000019fa00000 Y/146   Allocating 
 Small   0x00000001a0e00000 0x00000001a1000000 0x00000001a1000000 Y/146   Allocating 
 Small   0x00000001a2400000 0x00000001a25fffa0 0x00000001a2600000 O/14    Relocatable
 Small   0x00000001a2a00000 0x00000001a2c00000 0x00000001a2c00000 Y/146   Allocating 
 Small   0x00000001a3800000 0x00000001a39ffff8 0x00000001a3a00000 O/15    Allocating 
 Small   0x00000001a3c00000 0x00000001a3e00000 0x00000001a3e00000 Y/146   Allocating 
 Small   0x00000001a3e00000 0x00000001a4000000 0x00000001a4000000 Y/146   Allocating 
 Small   0x00000001a4c00000 0x00000001a4dfc8a0 0x00000001a4e00000 O/15    Allocating 
 Small   0x00000001a5400000 0x00000001a5600000 0x00000001a5600000 Y/146   Allocating 
 Small   0x00000001a5a00000 0x00000001a5bfffe8 0x00000001a5c00000 O/12    Relocatable
 Small   0x00000001a6600000 0x00000001a6800000 0x00000001a6800000 Y/146   Allocating 
 Small   0x00000001a6800000 0x00000001a6800240 0x00000001a6a00000 O/15    Allocating 
 Small   0x00000001a6c00000 0x00000001a6dffff8 0x00000001a6e00000 O/11    Relocatable
 Small   0x00000001a6e00000 0x00000001a6ffd028 0x00000001a7000000 O/15    Allocating 
 Small   0x00000001a7200000 0x00000001a73fff90 0x00000001a7400000 O/13    Relocatable
 Small   0x00000001a7c00000 0x00000001a7e00000 0x00000001a7e00000 O/14    Relocatable
 Small   0x00000001a7e00000 0x00000001a8000000 0x00000001a8000000 Y/146   Allocating 
 Small   0x00000001a8000000 0x00000001a8200000 0x00000001a8200000 Y/146   Allocating 
 Small   0x00000001a8800000 0x00000001a8a00000 0x00000001a8a00000 Y/146   Allocating 
 Small   0x00000001a9200000 0x00000001a9400000 0x00000001a9400000 Y/146   Allocating 
 Small   0x00000001a9600000 0x00000001a9800000 0x00000001a9800000 Y/146   Allocating 
 Small   0x00000001a9c00000 0x00000001a9e00000 0x00000001a9e00000 Y/146   Allocating 
 Small   0x00000001aa000000 0x00000001aa200000 0x00000001aa200000 Y/146   Allocating 
 Small   0x00000001aaa00000 0x00000001aac00000 0x00000001aac00000 Y/146   Allocating 
 Small   0x00000001ab000000 0x00000001ab200000 0x00000001ab200000 Y/146   Allocating 
 Small   0x00000001ab400000 0x00000001ab600000 0x00000001ab600000 Y/146   Allocating 
 Small   0x00000001ab600000 0x00000001ab800000 0x00000001ab800000 O/15    Allocating 
 Small   0x00000001ab800000 0x00000001aba00000 0x00000001aba00000 O/15    Allocating 
 Small   0x00000001abc00000 0x00000001abdfffe8 0x00000001abe00000 O/13    Relocatable
 Small   0x00000001acc00000 0x00000001ace00000 0x00000001ace00000 Y/146   Allocating 
 Small   0x00000001ad800000 0x00000001ada00000 0x00000001ada00000 Y/146   Allocating 
 Small   0x00000001aee00000 0x00000001af000000 0x00000001af000000 Y/146   Allocating 
 Small   0x00000001afc00000 0x00000001afdffff8 0x00000001afe00000 O/13    Relocatable
 Small   0x00000001b0000000 0x00000001b0200000 0x00000001b0200000 Y/146   Allocating 
 Small   0x00000001b0200000 0x00000001b0400000 0x00000001b0400000 Y/146   Allocating 
 Small   0x00000001b0400000 0x00000001b0600000 0x00000001b0600000 O/9     Relocatable
 Small   0x00000001b1200000 0x00000001b1400000 0x00000001b1400000 O/15    Allocating 
 Small   0x00000001b1400000 0x00000001b15fff80 0x00000001b1600000 O/15    Allocating 
 Small   0x00000001b1600000 0x00000001b1800000 0x00000001b1800000 O/14    Relocatable
 Small   0x00000001b3400000 0x00000001b35ffff8 0x00000001b3600000 O/12    Relocatable
 Small   0x00000001b3c00000 0x00000001b3e00000 0x00000001b3e00000 Y/146   Allocating 
 Small   0x00000001b4000000 0x00000001b41fffd8 0x00000001b4200000 O/13    Relocatable
 Small   0x00000001b4a00000 0x00000001b4bfa650 0x00000001b4c00000 O/14    Relocatable
 Small   0x00000001b4e00000 0x00000001b4ffffd8 0x00000001b5000000 O/13    Relocatable
 Small   0x00000001b5a00000 0x00000001b5c00000 0x00000001b5c00000 Y/146   Allocating 
 Small   0x00000001b6800000 0x00000001b6974090 0x00000001b6a00000 O/15    Allocating 
 Small   0x00000001b6a00000 0x00000001b6bfff70 0x00000001b6c00000 O/13    Relocatable
 Small   0x00000001b6c00000 0x00000001b6dfffe8 0x00000001b6e00000 O/12    Relocatable
 Small   0x00000001b7000000 0x00000001b71fffe8 0x00000001b7200000 O/9     Relocatable
 Small   0x00000001b7800000 0x00000001b79fffb0 0x00000001b7a00000 O/13    Relocatable
 Small   0x00000001b7a00000 0x00000001b7c00000 0x00000001b7c00000 Y/146   Allocating 
 Small   0x00000001b7c00000 0x00000001b7dffff0 0x00000001b7e00000 O/10    Relocatable
 Small   0x00000001b8c00000 0x00000001b8e00000 0x00000001b8e00000 Y/146   Allocating 
 Small   0x00000001bae00000 0x00000001bb000000 0x00000001bb000000 Y/146   Allocating 
 Small   0x00000001bb000000 0x00000001bb1ffff0 0x00000001bb200000 O/13    Relocatable
 Small   0x00000001bca00000 0x00000001bcc00000 0x00000001bcc00000 Y/146   Allocating 
 Small   0x00000001bce00000 0x00000001bcfffff8 0x00000001bd000000 O/13    Relocatable
 Small   0x00000001bde00000 0x00000001bdee66e8 0x00000001be000000 O/15    Allocating 
 Small   0x00000001be400000 0x00000001be600000 0x00000001be600000 Y/146   Allocating 
 Small   0x00000001be800000 0x00000001bea00000 0x00000001bea00000 Y/146   Allocating 
 Small   0x00000001bf200000 0x00000001bf400000 0x00000001bf400000 Y/146   Allocating 
 Small   0x00000001bfe00000 0x00000001bfffffd0 0x00000001c0000000 O/13    Relocatable
 Small   0x00000001c0400000 0x00000001c0600000 0x00000001c0600000 Y/146   Allocating 
 Small   0x00000001c0a00000 0x00000001c0c00000 0x00000001c0c00000 Y/146   Allocating 
 Small   0x00000001c0c00000 0x00000001c0dfffe8 0x00000001c0e00000 O/13    Relocatable
 Small   0x00000001c1800000 0x00000001c19f2c18 0x00000001c1a00000 O/12    Relocatable
 Small   0x00000001c3400000 0x00000001c3600000 0x00000001c3600000 Y/146   Allocating 
 Small   0x00000001c3600000 0x00000001c37ffff0 0x00000001c3800000 O/10    Relocatable
 Small   0x00000001c4200000 0x00000001c43fffd8 0x00000001c4400000 O/11    Relocatable
 Small   0x00000001c5a00000 0x00000001c5c00000 0x00000001c5c00000 Y/146   Allocating 
 Small   0x00000001c5e00000 0x00000001c5ffc980 0x00000001c6000000 O/13    Relocatable
 Small   0x00000001c6000000 0x00000001c6200000 0x00000001c6200000 Y/146   Allocating 
 Small   0x00000001c6400000 0x00000001c6600000 0x00000001c6600000 Y/146   Allocating 
 Small   0x00000001c6600000 0x00000001c67fffe8 0x00000001c6800000 O/14    Relocatable
 Small   0x00000001c6800000 0x00000001c69ffff0 0x00000001c6a00000 O/9     Relocatable
 Small   0x00000001c6c00000 0x00000001c6dffe80 0x00000001c6e00000 O/15    Allocating 
 Small   0x00000001c6e00000 0x00000001c6ffc058 0x00000001c7000000 Y/146   Allocating 
 Small   0x00000001c8200000 0x00000001c8400000 0x00000001c8400000 O/10    Relocatable
 Small   0x00000001c9c00000 0x00000001c9e00000 0x00000001c9e00000 Y/146   Allocating 
 Small   0x00000001ca000000 0x00000001ca200000 0x00000001ca200000 Y/146   Allocating 
 Small   0x00000001cae00000 0x00000001cb000000 0x00000001cb000000 Y/146   Allocating 
 Small   0x00000001cb000000 0x00000001cb1fffc8 0x00000001cb200000 O/12    Relocatable
 Small   0x00000001cc400000 0x00000001cc5fff00 0x00000001cc600000 O/14    Relocatable
 Small   0x00000001cce00000 0x00000001ccfff050 0x00000001cd000000 O/15    Allocating 
 Small   0x00000001ce800000 0x00000001ce9fff80 0x00000001cea00000 O/13    Relocatable
 Small   0x00000001cf800000 0x00000001cf9ffff8 0x00000001cfa00000 O/12    Relocatable
 Small   0x00000001d0c00000 0x00000001d0dfffe8 0x00000001d0e00000 O/9     Relocatable
 Small   0x00000001d2200000 0x00000001d23fffe8 0x00000001d2400000 O/10    Relocatable
 Small   0x00000001d3e00000 0x00000001d3fffff8 0x00000001d4000000 O/12    Relocatable
 Small   0x00000001d4e00000 0x00000001d5000000 0x00000001d5000000 O/15    Allocating 
 Small   0x00000001d5200000 0x00000001d53fffe0 0x00000001d5400000 O/11    Relocatable
 Small   0x00000001d6800000 0x00000001d6a00000 0x00000001d6a00000 O/9     Relocatable
 Small   0x00000001d6a00000 0x00000001d6bfff98 0x00000001d6c00000 O/14    Relocatable
 Small   0x00000001d9000000 0x00000001d91ffff8 0x00000001d9200000 O/14    Relocatable
 Small   0x00000001d9e00000 0x00000001da000000 0x00000001da000000 Y/146   Allocating 
 Small   0x00000001da200000 0x00000001da3ffff0 0x00000001da400000 O/15    Allocating 
 Small   0x00000001da600000 0x00000001da7ffff0 0x00000001da800000 O/15    Allocating 
 Small   0x00000001dae00000 0x00000001db000000 0x00000001db000000 Y/146   Allocating 
 Small   0x00000001db600000 0x00000001db800000 0x00000001db800000 Y/146   Allocating 
 Small   0x00000001dba00000 0x00000001dbc00000 0x00000001dbc00000 Y/146   Allocating 
 Small   0x00000001dbc00000 0x00000001dbdffc20 0x00000001dbe00000 O/13    Relocatable
 Small   0x00000001dca00000 0x00000001dcaacef0 0x00000001dcc00000 Y/146   Allocating 
 Small   0x00000001dd000000 0x00000001dd1e6580 0x00000001dd200000 O/11    Relocatable
 Small   0x00000001dda00000 0x00000001ddbfffe0 0x00000001ddc00000 O/13    Relocatable
 Small   0x00000001de400000 0x00000001de600000 0x00000001de600000 Y/146   Allocating 
 Small   0x00000001df600000 0x00000001df800000 0x00000001df800000 Y/146   Allocating 
 Small   0x00000001dfc00000 0x00000001dfdfffe8 0x00000001dfe00000 O/14    Relocatable
 Small   0x00000001e0c00000 0x00000001e0e00000 0x00000001e0e00000 O/15    Allocating 
 Small   0x00000001e1a00000 0x00000001e1bffff8 0x00000001e1c00000 O/13    Relocatable
 Small   0x00000001e1c00000 0x00000001e1e00000 0x00000001e1e00000 Y/146   Allocating 
 Small   0x00000001e2800000 0x00000001e29ffff8 0x00000001e2a00000 O/11    Relocatable
 Small   0x00000001e2a00000 0x00000001e2c00000 0x00000001e2c00000 Y/146   Allocating 
 Small   0x00000001e2c00000 0x00000001e2dffed0 0x00000001e2e00000 O/13    Relocatable
 Small   0x00000001e6800000 0x00000001e69ffff0 0x00000001e6a00000 O/15    Allocating 
 Small   0x00000001e6c00000 0x00000001e6e00000 0x00000001e6e00000 O/15    Allocating 
 Small   0x00000001e7400000 0x00000001e7600000 0x00000001e7600000 O/15    Allocating 
 Small   0x00000001e8a00000 0x00000001e8bfff28 0x00000001e8c00000 O/14    Relocatable
 Small   0x00000001e9800000 0x00000001e99ffff0 0x00000001e9a00000 O/13    Relocatable
 Small   0x00000001ea000000 0x00000001ea200000 0x00000001ea200000 O/15    Allocating 
 Small   0x00000001ea600000 0x00000001ea800000 0x00000001ea800000 O/10    Relocatable
 Small   0x00000001eae00000 0x00000001eaffffe8 0x00000001eb000000 O/14    Relocatable
 Small   0x00000001eb800000 0x00000001eba00000 0x00000001eba00000 O/13    Relocatable
 Small   0x00000001ece00000 0x00000001ecfffb28 0x00000001ed000000 O/12    Relocatable
 Small   0x00000001ee400000 0x00000001ee5693f0 0x00000001ee600000 O/15    Allocating 
 Small   0x00000001ee600000 0x00000001ee6c0000 0x00000001ee800000 Y/146   Allocating 
 Small   0x00000001ef200000 0x00000001ef3fff00 0x00000001ef400000 O/12    Relocatable
 Small   0x00000001ef800000 0x00000001efa00000 0x00000001efa00000 Y/146   Allocating 
 Small   0x00000001efe00000 0x00000001f0000000 0x00000001f0000000 Y/146   Allocating 
 Small   0x00000001f2000000 0x00000001f2200000 0x00000001f2200000 Y/146   Allocating 
 Small   0x00000001f2800000 0x00000001f2a00000 0x00000001f2a00000 Y/146   Allocating 
 Small   0x00000001f2a00000 0x00000001f2c00000 0x00000001f2c00000 Y/146   Allocating 
 Small   0x00000001f3e00000 0x00000001f3fffff0 0x00000001f4000000 O/14    Relocatable
 Small   0x00000001f4400000 0x00000001f4600000 0x00000001f4600000 Y/146   Allocating 
 Small   0x00000001f5200000 0x00000001f5398680 0x00000001f5400000 Y/146   Allocating 
 Small   0x00000001f5c00000 0x00000001f5e00000 0x00000001f5e00000 Y/146   Allocating 
 Small   0x00000001f5e00000 0x00000001f6000000 0x00000001f6000000 Y/146   Allocating 
 Small   0x00000001f6000000 0x00000001f6200000 0x00000001f6200000 O/9     Relocatable
 Small   0x00000001f6200000 0x00000001f63ffff0 0x00000001f6400000 O/15    Allocating 
 Small   0x00000001f6400000 0x00000001f6600000 0x00000001f6600000 Y/146   Allocating 
 Small   0x00000001f6c00000 0x00000001f6e00000 0x00000001f6e00000 Y/146   Allocating 
 Small   0x00000001f7400000 0x00000001f743e358 0x00000001f7600000 O/15    Allocating 
 Small   0x00000001f8000000 0x00000001f81ffff8 0x00000001f8200000 O/9     Relocatable
 Small   0x00000001f8200000 0x00000001f83ffaa0 0x00000001f8400000 O/12    Relocatable
 Small   0x00000001f8800000 0x00000001f8a00000 0x00000001f8a00000 Y/146   Allocating 
 Small   0x00000001f9a00000 0x00000001f9bffff8 0x00000001f9c00000 O/9     Relocatable
 Small   0x00000001fa400000 0x00000001fa600000 0x00000001fa600000 Y/146   Allocating 
 Small   0x00000001faa00000 0x00000001fac00000 0x00000001fac00000 Y/146   Allocating 
 Small   0x00000001fb200000 0x00000001fb400000 0x00000001fb400000 Y/146   Allocating 
 Small   0x00000001fb800000 0x00000001fba00000 0x00000001fba00000 Y/146   Allocating 
 Small   0x00000001fc400000 0x00000001fc600000 0x00000001fc600000 Y/146   Allocating 
 Small   0x00000001fc800000 0x00000001fca00000 0x00000001fca00000 O/15    Allocating 
 Small   0x00000001fda00000 0x00000001fdbfffe8 0x00000001fdc00000 O/13    Relocatable
 Small   0x00000001fdc00000 0x00000001fde00000 0x00000001fde00000 Y/146   Allocating 
 Small   0x00000001ff000000 0x00000001ff1fffe0 0x00000001ff200000 O/14    Relocatable
 Small   0x00000001ff200000 0x00000001ff3ffff0 0x00000001ff400000 O/13    Relocatable
 Small   0x0000000201a00000 0x0000000201bfff18 0x0000000201c00000 O/15    Allocating 
 Small   0x0000000202200000 0x00000002023e13e8 0x0000000202400000 O/15    Allocating 
 Small   0x0000000202c00000 0x0000000202e00000 0x0000000202e00000 Y/146   Allocating 
 Small   0x0000000204200000 0x0000000204400000 0x0000000204400000 Y/146   Allocating 
 Small   0x0000000205e00000 0x0000000205fffff8 0x0000000206000000 O/10    Relocatable
 Small   0x0000000206a00000 0x0000000206c00000 0x0000000206c00000 Y/146   Allocating 
 Small   0x0000000207a00000 0x0000000207c00000 0x0000000207c00000 O/10    Relocatable
 Small   0x0000000208400000 0x0000000208600000 0x0000000208600000 Y/146   Allocating 
 Small   0x0000000209c00000 0x0000000209dfc930 0x0000000209e00000 O/15    Allocating 
 Small   0x000000020a600000 0x000000020a7ffff0 0x000000020a800000 O/13    Relocatable
 Small   0x000000020ac00000 0x000000020ae00000 0x000000020ae00000 Y/146   Allocating 
 Small   0x000000020ae00000 0x000000020affd170 0x000000020b000000 O/15    Allocating 
 Small   0x000000020b000000 0x000000020b1ffff8 0x000000020b200000 O/9     Relocatable
 Small   0x000000020c200000 0x000000020c400000 0x000000020c400000 O/15    Allocating 
 Small   0x000000020ce00000 0x000000020cffffe0 0x000000020d000000 O/9     Relocatable
 Small   0x000000020d200000 0x000000020d400000 0x000000020d400000 Y/146   Allocating 
 Small   0x000000020fa00000 0x000000020fbffff8 0x000000020fc00000 O/12    Relocatable
 Small   0x0000000210400000 0x0000000210600000 0x0000000210600000 Y/146   Allocating 
 Small   0x0000000210600000 0x00000002107fffb0 0x0000000210800000 O/15    Allocating 
 Small   0x0000000211600000 0x00000002117fff28 0x0000000211800000 O/13    Relocatable
 Small   0x0000000212000000 0x0000000212200000 0x0000000212200000 O/9     Relocatable
 Small   0x0000000212200000 0x00000002123fffe0 0x0000000212400000 O/10    Relocatable
 Small   0x0000000212400000 0x00000002125fffd8 0x0000000212600000 O/15    Allocating 
 Small   0x0000000213c00000 0x0000000213dfffe0 0x0000000213e00000 O/15    Allocating 
 Small   0x0000000215800000 0x00000002159ffb78 0x0000000215a00000 O/12    Relocatable
 Small   0x0000000216800000 0x0000000216a00000 0x0000000216a00000 Y/146   Allocating 
 Small   0x0000000216a00000 0x0000000216c00000 0x0000000216c00000 Y/146   Allocating 
 Small   0x0000000216e00000 0x0000000216ffff58 0x0000000217000000 O/13    Relocatable
 Small   0x0000000217400000 0x00000002175fffe0 0x0000000217600000 O/9     Relocatable
 Small   0x0000000217800000 0x0000000217a00000 0x0000000217a00000 Y/146   Allocating 
 Small   0x0000000217a00000 0x0000000217c00000 0x0000000217c00000 Y/146   Allocating 
 Small   0x0000000219200000 0x0000000219400000 0x0000000219400000 Y/146   Allocating 
 Small   0x0000000219800000 0x0000000219a00000 0x0000000219a00000 Y/146   Allocating 
 Small   0x000000021a200000 0x000000021a400000 0x000000021a400000 Y/146   Allocating 
 Small   0x000000021aa00000 0x000000021abfff20 0x000000021ac00000 O/13    Relocatable
 Small   0x000000021b400000 0x000000021b600000 0x000000021b600000 Y/146   Allocating 
 Small   0x000000021b800000 0x000000021ba00000 0x000000021ba00000 Y/146   Allocating 
 Small   0x000000021d000000 0x000000021d200000 0x000000021d200000 O/10    Relocatable
 Small   0x000000021d400000 0x000000021d5ff8c8 0x000000021d600000 O/12    Relocatable
 Small   0x000000021d600000 0x000000021d7fffc8 0x000000021d800000 O/9     Relocatable
 Small   0x000000021d800000 0x000000021da00000 0x000000021da00000 Y/146   Allocating 
 Small   0x000000021dc00000 0x000000021ddffff8 0x000000021de00000 O/15    Allocating 
 Small   0x000000021e000000 0x000000021e1ffff8 0x000000021e200000 O/9     Relocatable
 Small   0x000000021e200000 0x000000021e3fffe0 0x000000021e400000 O/9     Relocatable
 Small   0x000000021e400000 0x000000021e600000 0x000000021e600000 Y/146   Allocating 
 Small   0x000000021e800000 0x000000021e9ffff8 0x000000021ea00000 O/9     Relocatable
 Small   0x000000021ec00000 0x000000021edfe178 0x000000021ee00000 O/15    Allocating 
 Small   0x000000021fc00000 0x000000021fe00000 0x000000021fe00000 O/9     Relocatable
 Small   0x0000000220000000 0x00000002201ff8f8 0x0000000220200000 O/13    Relocatable
 Small   0x0000000220800000 0x0000000220a00000 0x0000000220a00000 Y/146   Allocating 
 Small   0x0000000221a00000 0x0000000221c00000 0x0000000221c00000 Y/146   Allocating 
 Small   0x0000000222000000 0x00000002221ffff0 0x0000000222200000 O/10    Relocatable
 Small   0x0000000222400000 0x00000002225ffcc8 0x0000000222600000 O/10    Relocatable
 Small   0x0000000222c00000 0x0000000222e00000 0x0000000222e00000 O/15    Allocating 
 Small   0x0000000223600000 0x0000000223800000 0x0000000223800000 Y/146   Allocating 
 Small   0x0000000223c00000 0x0000000223dfffb0 0x0000000223e00000 O/13    Relocatable
 Small   0x0000000226400000 0x0000000226600000 0x0000000226600000 Y/146   Allocating 
 Small   0x0000000226a00000 0x0000000226bfffe8 0x0000000226c00000 O/9     Relocatable
 Small   0x0000000227000000 0x00000002271f7a50 0x0000000227200000 O/10    Relocatable
 Small   0x0000000227800000 0x00000002279ffff8 0x0000000227a00000 O/12    Relocatable
 Small   0x0000000228200000 0x00000002283ffff8 0x0000000228400000 O/9     Relocatable
 Small   0x0000000228600000 0x00000002287ff838 0x0000000228800000 O/10    Relocatable
 Small   0x0000000229600000 0x0000000229800000 0x0000000229800000 O/15    Allocating 
 Small   0x0000000229800000 0x00000002299fffd8 0x0000000229a00000 O/10    Relocatable
 Small   0x000000022a800000 0x000000022aa00000 0x000000022aa00000 O/15    Allocating 
 Small   0x000000022aa00000 0x000000022ac00000 0x000000022ac00000 Y/146   Allocating 
 Small   0x000000022ac00000 0x000000022ae00000 0x000000022ae00000 Y/146   Allocating 
 Small   0x000000022b000000 0x000000022b200000 0x000000022b200000 Y/146   Allocating 
 Small   0x000000022b200000 0x000000022b400000 0x000000022b400000 O/15    Allocating 
 Small   0x000000022c000000 0x000000022c1ff940 0x000000022c200000 O/10    Relocatable
 Small   0x000000022c200000 0x000000022c3ffe78 0x000000022c400000 O/10    Relocatable
 Small   0x000000022c400000 0x000000022c5fffd8 0x000000022c600000 O/10    Relocatable
 Small   0x000000022cc00000 0x000000022ce00000 0x000000022ce00000 Y/146   Allocating 
 Small   0x000000022d000000 0x000000022d1fffc8 0x000000022d200000 O/13    Relocatable
 Small   0x000000022dc00000 0x000000022ddfffb0 0x000000022de00000 O/15    Allocating 
 Small   0x000000022e400000 0x000000022e600000 0x000000022e600000 Y/146   Allocating 
 Small   0x000000022f000000 0x000000022f200000 0x000000022f200000 O/15    Allocating 
 Small   0x000000022f200000 0x000000022f3fffa8 0x000000022f400000 O/9     Relocatable
 Small   0x000000022fa00000 0x000000022fbfffd0 0x000000022fc00000 O/10    Relocatable
 Small   0x0000000230600000 0x0000000230800000 0x0000000230800000 Y/146   Allocating 
 Small   0x0000000230a00000 0x0000000230bfffd0 0x0000000230c00000 O/12    Relocatable
 Small   0x0000000231400000 0x00000002315ff060 0x0000000231600000 O/13    Relocatable
 Small   0x0000000233400000 0x0000000233600000 0x0000000233600000 Y/146   Allocating 
 Small   0x0000000233c00000 0x0000000233dffff8 0x0000000233e00000 O/12    Relocatable
 Small   0x0000000234200000 0x00000002343fffe8 0x0000000234400000 O/9     Relocatable
 Small   0x0000000234600000 0x00000002347fffd8 0x0000000234800000 O/9     Relocatable
 Small   0x0000000234c00000 0x0000000234e00000 0x0000000234e00000 O/14    Relocatable
 Small   0x0000000235800000 0x0000000235a00000 0x0000000235a00000 O/9     Relocatable
 Small   0x0000000235e00000 0x0000000235fffff0 0x0000000236000000 O/13    Relocatable
 Small   0x0000000237c00000 0x0000000237dfffa0 0x0000000237e00000 O/10    Relocatable
 Small   0x0000000238000000 0x0000000238200000 0x0000000238200000 Y/146   Allocating 
 Small   0x0000000238200000 0x0000000238400000 0x0000000238400000 Y/146   Allocating 
 Small   0x0000000238c00000 0x0000000238dfff50 0x0000000238e00000 O/13    Relocatable
 Small   0x0000000239600000 0x0000000239800000 0x0000000239800000 Y/146   Allocating 
 Small   0x0000000239800000 0x00000002399ffeb0 0x0000000239a00000 O/15    Allocating 
 Small   0x000000023a400000 0x000000023a600000 0x000000023a600000 Y/146   Allocating 
 Small   0x000000023ae00000 0x000000023b000000 0x000000023b000000 O/9     Relocatable
 Small   0x000000023b000000 0x000000023b200000 0x000000023b200000 O/9     Relocatable
 Small   0x000000023b200000 0x000000023b400000 0x000000023b400000 O/9     Relocatable
 Small   0x000000023b400000 0x000000023b600000 0x000000023b600000 O/9     Relocatable
 Small   0x000000023b600000 0x000000023b800000 0x000000023b800000 O/9     Relocatable
 Small   0x000000023b800000 0x000000023ba00000 0x000000023ba00000 O/10    Relocatable
 Small   0x000000023be00000 0x000000023c000000 0x000000023c000000 O/9     Relocatable
 Small   0x000000023cc00000 0x000000023ce00000 0x000000023ce00000 Y/146   Allocating 
 Small   0x000000023d800000 0x000000023d96b6c8 0x000000023da00000 O/15    Allocating 
 Small   0x000000023dc00000 0x000000023dc0aa70 0x000000023de00000 Y/146   Allocating 
 Small   0x000000023e200000 0x000000023e3fffe8 0x000000023e400000 O/9     Relocatable
 Small   0x000000023f800000 0x000000023fa00000 0x000000023fa00000 O/10    Relocatable
 Small   0x0000000241000000 0x0000000241200000 0x0000000241200000 Y/146   Allocating 
 Small   0x0000000241200000 0x00000002413fffe0 0x0000000241400000 O/10    Relocatable
 Small   0x0000000241400000 0x00000002415fffe0 0x0000000241600000 O/10    Relocatable
 Small   0x0000000241a00000 0x0000000241bfffe8 0x0000000241c00000 O/10    Relocatable
 Small   0x0000000241c00000 0x0000000241dffff8 0x0000000241e00000 O/10    Relocatable
 Small   0x0000000241e00000 0x0000000241fffff0 0x0000000242000000 O/10    Relocatable
 Small   0x0000000242600000 0x00000002427ff1b0 0x0000000242800000 O/13    Relocatable
 Small   0x0000000243400000 0x00000002435ffff8 0x0000000243600000 O/10    Relocatable
 Small   0x0000000243600000 0x00000002437fffd0 0x0000000243800000 O/10    Relocatable
 Small   0x0000000243a00000 0x0000000243c00000 0x0000000243c00000 Y/146   Allocating 
 Small   0x0000000244200000 0x0000000244400000 0x0000000244400000 Y/146   Allocating 
 Small   0x0000000244400000 0x00000002445fffd0 0x0000000244600000 O/15    Allocating 
 Small   0x0000000244600000 0x0000000244800000 0x0000000244800000 Y/146   Allocating 
 Small   0x0000000244800000 0x00000002449ffff8 0x0000000244a00000 O/10    Relocatable
 Small   0x0000000244c00000 0x0000000244dffba0 0x0000000244e00000 O/10    Relocatable
 Small   0x0000000244e00000 0x0000000244fffff8 0x0000000245000000 O/10    Relocatable
 Small   0x0000000245000000 0x00000002451ffff0 0x0000000245200000 O/10    Relocatable
 Small   0x0000000245200000 0x0000000245400000 0x0000000245400000 Y/146   Allocating 
 Small   0x0000000245e00000 0x0000000246000000 0x0000000246000000 O/15    Allocating 
 Small   0x0000000246200000 0x0000000246400000 0x0000000246400000 O/9     Relocatable
 Small   0x0000000246e00000 0x0000000246ffffe8 0x0000000247000000 O/10    Relocatable
 Small   0x0000000247400000 0x00000002475ffff0 0x0000000247600000 O/9     Relocatable
 Small   0x0000000247800000 0x0000000247a00000 0x0000000247a00000 Y/146   Allocating 
 Small   0x0000000247c00000 0x0000000247dffff0 0x0000000247e00000 O/10    Relocatable
 Small   0x0000000248000000 0x0000000248200000 0x0000000248200000 Y/146   Allocating 
 Small   0x0000000248200000 0x0000000248400000 0x0000000248400000 Y/146   Allocating 
 Small   0x0000000248400000 0x0000000248600000 0x0000000248600000 Y/146   Allocating 
 Small   0x0000000248800000 0x00000002489fffe0 0x0000000248a00000 O/15    Allocating 
 Small   0x0000000248a00000 0x0000000248bffff8 0x0000000248c00000 O/9     Relocatable
 Small   0x0000000249600000 0x0000000249800000 0x0000000249800000 Y/146   Allocating 
 Small   0x0000000249a00000 0x0000000249c00000 0x0000000249c00000 Y/146   Allocating 
 Small   0x000000024a400000 0x000000024a600000 0x000000024a600000 Y/146   Allocating 
 Small   0x000000024a800000 0x000000024aa00000 0x000000024aa00000 Y/146   Allocating 
 Small   0x000000024aa00000 0x000000024abfffe8 0x000000024ac00000 O/13    Relocatable
 Small   0x000000024b000000 0x000000024b1ffff0 0x000000024b200000 O/10    Relocatable
 Small   0x000000024b200000 0x000000024b3ffff8 0x000000024b400000 O/15    Allocating 
 Small   0x000000024b600000 0x000000024b7fffe0 0x000000024b800000 O/15    Allocating 
 Small   0x000000024be00000 0x000000024bfffff0 0x000000024c000000 O/12    Relocatable
 Small   0x000000024c600000 0x000000024c7ffff0 0x000000024c800000 O/15    Allocating 
 Small   0x000000024d800000 0x000000024da00000 0x000000024da00000 Y/146   Allocating 
 Small   0x000000024e000000 0x000000024e200000 0x000000024e200000 Y/146   Allocating 
 Small   0x000000024fa00000 0x000000024fbffff0 0x000000024fc00000 O/15    Allocating 
 Small   0x000000024fe00000 0x0000000250000000 0x0000000250000000 O/14    Relocatable
 Small   0x0000000250400000 0x0000000250600000 0x0000000250600000 Y/146   Allocating 
 Small   0x0000000251200000 0x0000000251400000 0x0000000251400000 O/9     Relocatable
 Small   0x0000000251400000 0x00000002515c0000 0x0000000251600000 Y/146   Allocating 
 Small   0x0000000252000000 0x00000002521fffd0 0x0000000252200000 O/13    Relocatable
 Small   0x0000000252600000 0x00000002526c0000 0x0000000252800000 Y/146   Allocating 
 Small   0x0000000252800000 0x00000002529fff28 0x0000000252a00000 O/15    Allocating 
 Small   0x0000000254200000 0x00000002543ffff8 0x0000000254400000 O/15    Allocating 
 Small   0x0000000254c00000 0x0000000254dfffe8 0x0000000254e00000 O/13    Relocatable
 Small   0x0000000255800000 0x0000000255a00000 0x0000000255a00000 Y/146   Allocating 
 Small   0x0000000255a00000 0x0000000255c00000 0x0000000255c00000 O/15    Allocating 
 Small   0x0000000256200000 0x00000002563fffe0 0x0000000256400000 Y/146   Allocating 
 Small   0x0000000257000000 0x0000000257200000 0x0000000257200000 Y/146   Allocating 
 Small   0x0000000257400000 0x00000002575fe738 0x0000000257600000 O/14    Relocatable
 Small   0x0000000257c00000 0x0000000257e00000 0x0000000257e00000 Y/146   Allocating 
 Small   0x0000000258600000 0x0000000258800000 0x0000000258800000 Y/146   Allocating 
 Small   0x0000000258e00000 0x0000000259000000 0x0000000259000000 Y/146   Allocating 
 Small   0x0000000259800000 0x00000002599fffe8 0x0000000259a00000 O/15    Allocating 
 Small   0x0000000259c00000 0x0000000259dfffc8 0x0000000259e00000 O/9     Relocatable
 Small   0x000000025b000000 0x000000025b1fff18 0x000000025b200000 O/13    Relocatable
 Small   0x000000025b600000 0x000000025b7ffd78 0x000000025b800000 O/13    Relocatable
 Small   0x000000025bc00000 0x000000025bdfffe0 0x000000025be00000 O/9     Relocatable
 Small   0x000000025c400000 0x000000025c5fffd8 0x000000025c600000 O/10    Relocatable
 Small   0x000000025d800000 0x000000025d9fffd0 0x000000025da00000 O/9     Relocatable
 Small   0x000000025da00000 0x000000025dbfffe0 0x000000025dc00000 O/15    Allocating 
 Small   0x000000025e000000 0x000000025e1fffe0 0x000000025e200000 O/15    Allocating 
 Small   0x000000025f200000 0x000000025f204f90 0x000000025f400000 O/15    Allocating 
 Small   0x000000025f400000 0x000000025f600000 0x000000025f600000 Y/146   Allocating 
 Small   0x000000025f800000 0x000000025fa00000 0x000000025fa00000 Y/146   Allocating 
 Small   0x0000000260e00000 0x0000000261000000 0x0000000261000000 Y/146   Allocating 
 Small   0x0000000261400000 0x00000002615fffe8 0x0000000261600000 O/9     Relocatable
 Small   0x0000000261c00000 0x0000000261dfffd8 0x0000000261e00000 O/10    Relocatable
 Small   0x0000000263000000 0x00000002631fffe8 0x0000000263200000 O/13    Relocatable
 Small   0x0000000263400000 0x0000000263600000 0x0000000263600000 Y/146   Allocating 
 Small   0x0000000263600000 0x00000002637fffd8 0x0000000263800000 O/13    Relocatable
 Small   0x0000000264200000 0x00000002643fffe0 0x0000000264400000 O/12    Relocatable
 Small   0x0000000264c00000 0x0000000264dfff58 0x0000000264e00000 O/14    Relocatable
 Small   0x0000000265400000 0x00000002655fffe8 0x0000000265600000 O/15    Allocating 
 Small   0x0000000265e00000 0x0000000265ffffd0 0x0000000266000000 O/15    Allocating 
 Small   0x0000000267a00000 0x0000000267bfffe0 0x0000000267c00000 O/10    Relocatable
 Small   0x0000000267c00000 0x0000000267e00000 0x0000000267e00000 Y/146   Allocating 
 Small   0x0000000267e00000 0x0000000268000000 0x0000000268000000 Y/146   Allocating 
 Small   0x0000000268200000 0x0000000268400000 0x0000000268400000 Y/146   Allocating 
 Small   0x0000000268800000 0x00000002689ffff0 0x0000000268a00000 O/15    Allocating 
 Small   0x0000000268c00000 0x0000000268e00000 0x0000000268e00000 O/10    Relocatable
 Small   0x000000026a000000 0x000000026a200000 0x000000026a200000 Y/146   Allocating 
 Small   0x000000026a200000 0x000000026a3fffe8 0x000000026a400000 O/13    Relocatable
 Small   0x000000026a800000 0x000000026a9ffff0 0x000000026aa00000 O/15    Allocating 
 Small   0x000000026ac00000 0x000000026adffff8 0x000000026ae00000 O/13    Relocatable
 Small   0x000000026b600000 0x000000026b800000 0x000000026b800000 Y/146   Allocating 
 Small   0x000000026ba00000 0x000000026bbffff8 0x000000026bc00000 O/10    Relocatable
 Small   0x000000026bc00000 0x000000026bc16a50 0x000000026be00000 O/15    Allocating 
 Small   0x000000026c000000 0x000000026c1ffff0 0x000000026c200000 O/10    Relocatable
 Small   0x000000026c400000 0x000000026c5ffff8 0x000000026c600000 O/15    Allocating 
 Small   0x000000026c800000 0x000000026c9ffff0 0x000000026ca00000 O/15    Allocating 
 Small   0x000000026ca00000 0x000000026cbfffd8 0x000000026cc00000 O/14    Relocatable
 Small   0x000000026e200000 0x000000026e400000 0x000000026e400000 Y/146   Allocating 
 Small   0x000000026fc00000 0x000000026fe00000 0x000000026fe00000 Y/146   Allocating 
 Small   0x0000000270800000 0x0000000270a00000 0x0000000270a00000 Y/146   Allocating 
 Small   0x0000000271200000 0x0000000271400000 0x0000000271400000 O/10    Relocatable
 Small   0x0000000271400000 0x00000002715c0000 0x0000000271600000 Y/146   Allocating 
 Small   0x0000000271a00000 0x0000000271c00000 0x0000000271c00000 Y/146   Allocating 
 Small   0x0000000271c00000 0x0000000271e00000 0x0000000271e00000 Y/146   Allocating 
 Small   0x0000000272400000 0x0000000272600000 0x0000000272600000 Y/146   Allocating 
 Small   0x0000000273000000 0x0000000273200000 0x0000000273200000 O/13    Relocatable
 Small   0x0000000273800000 0x00000002739ffa98 0x0000000273a00000 O/15    Allocating 
 Small   0x0000000276000000 0x0000000276200000 0x0000000276200000 Y/146   Allocating 
 Small   0x0000000276400000 0x00000002765fff70 0x0000000276600000 O/15    Allocating 
 Small   0x0000000276800000 0x0000000276a00000 0x0000000276a00000 Y/146   Allocating 
 Small   0x0000000276e00000 0x0000000276ffff80 0x0000000277000000 O/15    Allocating 
 Small   0x0000000277c00000 0x0000000277e00000 0x0000000277e00000 Y/146   Allocating 
 Small   0x0000000278400000 0x00000002785ffc40 0x0000000278600000 O/13    Relocatable
 Small   0x0000000279e00000 0x000000027a000000 0x000000027a000000 Y/146   Allocating 
 Small   0x000000027ae00000 0x000000027afffff8 0x000000027b000000 O/13    Relocatable
 Small   0x000000027b800000 0x000000027ba00000 0x000000027ba00000 Y/146   Allocating 
 Small   0x000000027be00000 0x000000027bffffc0 0x000000027c000000 O/9     Relocatable
 Small   0x000000027c200000 0x000000027c400000 0x000000027c400000 Y/146   Allocating 
 Small   0x000000027c600000 0x000000027c800000 0x000000027c800000 Y/146   Allocating 
 Small   0x000000027d000000 0x000000027d200000 0x000000027d200000 Y/146   Allocating 
 Small   0x000000027de00000 0x000000027dffffe0 0x000000027e000000 O/9     Relocatable
 Small   0x000000027e000000 0x000000027e1ffff0 0x000000027e200000 O/9     Relocatable
 Small   0x000000027e200000 0x000000027e400000 0x000000027e400000 O/9     Relocatable
 Small   0x000000027e600000 0x000000027e800000 0x000000027e800000 Y/146   Allocating 
 Small   0x000000027e800000 0x000000027ea00000 0x000000027ea00000 Y/146   Allocating 
 Small   0x000000027f200000 0x000000027f3ffff8 0x000000027f400000 O/15    Allocating 
 Small   0x000000027f400000 0x000000027f600000 0x000000027f600000 O/10    Relocatable
 Small   0x000000027fe00000 0x000000027ffffed8 0x0000000280000000 O/15    Allocating 
 Small   0x0000000280800000 0x00000002809fffc8 0x0000000280a00000 O/10    Relocatable
 Small   0x0000000280c00000 0x0000000280e00000 0x0000000280e00000 Y/146   Allocating 
 Small   0x0000000280e00000 0x0000000280ff2018 0x0000000281000000 O/15    Allocating 
 Small   0x0000000281200000 0x00000002813ffff8 0x0000000281400000 O/9     Relocatable
 Small   0x0000000281800000 0x00000002819ffe80 0x0000000281a00000 O/9     Relocatable
 Small   0x0000000282c00000 0x0000000282e00000 0x0000000282e00000 Y/146   Allocating 
 Small   0x0000000283200000 0x0000000283400000 0x0000000283400000 Y/146   Allocating 
 Small   0x0000000283e00000 0x0000000284000000 0x0000000284000000 O/15    Allocating 
 Small   0x0000000284600000 0x00000002847ffff0 0x0000000284800000 O/10    Relocatable
 Medium  0x0000000284c00000 0x00000002865ff000 0x0000000286c00000 O/15    Allocating 
 Small   0x0000000286e00000 0x0000000286ffff38 0x0000000287000000 O/10    Relocatable
 Small   0x0000000287200000 0x0000000287400000 0x0000000287400000 Y/146   Allocating 
 Small   0x0000000287400000 0x00000002875fffe0 0x0000000287600000 O/15    Allocating 
 Small   0x0000000288600000 0x0000000288800000 0x0000000288800000 Y/146   Allocating 
 Small   0x0000000288a00000 0x0000000288b40000 0x0000000288c00000 Y/146   Allocating 
 Small   0x0000000288c00000 0x0000000288e00000 0x0000000288e00000 Y/146   Allocating 
 Small   0x0000000289200000 0x0000000289400000 0x0000000289400000 O/10    Relocatable
 Small   0x0000000289400000 0x00000002895ffff8 0x0000000289600000 O/10    Relocatable
 Small   0x0000000289800000 0x00000002899ffff0 0x0000000289a00000 O/13    Relocatable
 Small   0x0000000289c00000 0x0000000289e00000 0x0000000289e00000 Y/146   Allocating 
 Small   0x000000028a000000 0x000000028a200000 0x000000028a200000 Y/146   Allocating 
 Small   0x000000028a200000 0x000000028a400000 0x000000028a400000 Y/146   Allocating 
 Small   0x000000028a600000 0x000000028a800000 0x000000028a800000 Y/146   Allocating 
 Small   0x000000028a800000 0x000000028a9ffff8 0x000000028aa00000 O/10    Relocatable
 Small   0x000000028b600000 0x000000028b7fffe8 0x000000028b800000 O/10    Relocatable
 Small   0x000000028bc00000 0x000000028bdffff8 0x000000028be00000 O/10    Relocatable
 Small   0x000000028c200000 0x000000028c3fffe0 0x000000028c400000 O/9     Relocatable
 Small   0x000000028c400000 0x000000028c600000 0x000000028c600000 Y/146   Allocating 
 Small   0x000000028d400000 0x000000028d600000 0x000000028d600000 Y/146   Allocating 
 Small   0x000000028e400000 0x000000028e600000 0x000000028e600000 Y/146   Allocating 
 Small   0x000000028f000000 0x000000028f1fffe0 0x000000028f200000 O/15    Allocating 
 Small   0x000000028f200000 0x000000028f400000 0x000000028f400000 Y/146   Allocating 
 Small   0x0000000290400000 0x0000000290600000 0x0000000290600000 O/10    Relocatable
 Small   0x0000000290a00000 0x0000000290c00000 0x0000000290c00000 Y/146   Allocating 
 Small   0x0000000291000000 0x00000002911ffff8 0x0000000291200000 O/15    Allocating 
 Medium  0x0000000291200000 0x0000000292f80000 0x0000000293200000 O/10    Relocatable
 Small   0x0000000294000000 0x00000002941ff270 0x0000000294200000 O/15    Allocating 
 Small   0x0000000294200000 0x0000000294200ae0 0x0000000294400000 O/15    Allocating 
 Small   0x0000000294400000 0x000000029456ca30 0x0000000294600000 O/15    Allocating 
 Small   0x0000000294600000 0x00000002947ffff8 0x0000000294800000 Y/146   Allocating 
 Small   0x0000000295c00000 0x0000000295e00000 0x0000000295e00000 O/15    Allocating 
 Small   0x0000000296800000 0x00000002969ffee0 0x0000000296a00000 O/15    Allocating 
 Small   0x0000000296c00000 0x0000000296e00000 0x0000000296e00000 Y/146   Allocating 
 Small   0x0000000297600000 0x00000002977f9628 0x0000000297800000 O/12    Relocatable
 Small   0x0000000297c00000 0x0000000297dfffd0 0x0000000297e00000 O/15    Allocating 
 Small   0x0000000297e00000 0x0000000297fffff8 0x0000000298000000 O/13    Relocatable
 Small   0x0000000298600000 0x00000002987ff7f8 0x0000000298800000 O/14    Relocatable
 Small   0x0000000299600000 0x00000002997fffd0 0x0000000299800000 O/12    Relocatable
 Small   0x0000000299a00000 0x0000000299bffff0 0x0000000299c00000 O/15    Allocating 
 Small   0x0000000299c00000 0x0000000299dffff8 0x0000000299e00000 O/14    Relocatable
 Small   0x0000000299e00000 0x000000029a000000 0x000000029a000000 Y/146   Allocating 
 Small   0x000000029b800000 0x000000029b9ffff8 0x000000029ba00000 O/12    Relocatable
 Small   0x000000029ba00000 0x000000029bbffff0 0x000000029bc00000 O/13    Relocatable
 Small   0x000000029c000000 0x000000029c200000 0x000000029c200000 Y/146   Allocating 
 Small   0x000000029c600000 0x000000029c7fffe8 0x000000029c800000 O/14    Relocatable
 Small   0x000000029ce00000 0x000000029d000000 0x000000029d000000 Y/146   Allocating 
 Small   0x000000029d800000 0x000000029d9ffff8 0x000000029da00000 O/13    Relocatable
 Small   0x000000029f800000 0x000000029fa00000 0x000000029fa00000 Y/146   Allocating 
 Small   0x000000029fa00000 0x000000029fbfffb0 0x000000029fc00000 O/13    Relocatable
 Small   0x00000002a1200000 0x00000002a13ffff8 0x00000002a1400000 O/13    Relocatable
 Small   0x00000002a1800000 0x00000002a1a00000 0x00000002a1a00000 Y/146   Allocating 
 Small   0x00000002a1e00000 0x00000002a1fe6238 0x00000002a2000000 O/13    Relocatable
 Small   0x00000002a2200000 0x00000002a2400000 0x00000002a2400000 Y/146   Allocating 
 Small   0x00000002a2400000 0x00000002a25ffff8 0x00000002a2600000 O/15    Allocating 
 Small   0x00000002a2c00000 0x00000002a2c005a0 0x00000002a2e00000 O/15    Allocating 
 Small   0x00000002a3200000 0x00000002a3400000 0x00000002a3400000 Y/146   Allocating 
 Small   0x00000002a3c00000 0x00000002a3e00000 0x00000002a3e00000 Y/146   Allocating 
 Small   0x00000002a4400000 0x00000002a45ffff0 0x00000002a4600000 O/15    Allocating 
 Small   0x00000002a4e00000 0x00000002a4ffffe8 0x00000002a5000000 O/15    Allocating 
 Small   0x00000002a5400000 0x00000002a5600000 0x00000002a5600000 Y/146   Allocating 
 Small   0x00000002a6c00000 0x00000002a6dfff20 0x00000002a6e00000 O/15    Allocating 
 Small   0x00000002a7800000 0x00000002a7a00000 0x00000002a7a00000 O/15    Allocating 
 Small   0x00000002a8c00000 0x00000002a8dfffd8 0x00000002a8e00000 O/15    Allocating 
 Small   0x00000002a9400000 0x00000002a9600000 0x00000002a9600000 Y/146   Allocating 
 Small   0x00000002a9c00000 0x00000002a9e00000 0x00000002a9e00000 Y/146   Allocating 
 Small   0x00000002aa800000 0x00000002aaa00000 0x00000002aaa00000 O/15    Allocating 
 Small   0x00000002aaa00000 0x00000002aabffff8 0x00000002aac00000 O/15    Allocating 
 Small   0x00000002aac00000 0x00000002aae00000 0x00000002aae00000 Y/146   Allocating 
 Small   0x00000002ab200000 0x00000002ab400000 0x00000002ab400000 Y/146   Allocating 
 Small   0x00000002ab400000 0x00000002ab5ffff0 0x00000002ab600000 O/15    Allocating 
 Small   0x00000002ab800000 0x00000002aba00000 0x00000002aba00000 Y/146   Allocating 
 Small   0x00000002ac600000 0x00000002ac800000 0x00000002ac800000 O/15    Allocating 
 Small   0x00000002aca00000 0x00000002acbff900 0x00000002acc00000 O/13    Relocatable
 Small   0x00000002ade00000 0x00000002ae000000 0x00000002ae000000 Y/146   Allocating 
 Small   0x00000002ae200000 0x00000002ae3fffe8 0x00000002ae400000 O/15    Allocating 
 Small   0x00000002ae800000 0x00000002aea00000 0x00000002aea00000 O/15    Allocating 
 Small   0x00000002af000000 0x00000002af200000 0x00000002af200000 Y/146   Allocating 
 Small   0x00000002afe00000 0x00000002b0000000 0x00000002b0000000 Y/146   Allocating 
 Small   0x00000002b0a00000 0x00000002b0bffff0 0x00000002b0c00000 O/15    Allocating 
 Small   0x00000002b1000000 0x00000002b1200000 0x00000002b1200000 Y/146   Allocating 
 Small   0x00000002b1600000 0x00000002b1800000 0x00000002b1800000 Y/146   Allocating 
 Small   0x00000002b1a00000 0x00000002b1bfffd8 0x00000002b1c00000 O/15    Allocating 
 Small   0x00000002b1c00000 0x00000002b1e00000 0x00000002b1e00000 Y/146   Allocating 
 Small   0x00000002b2400000 0x00000002b2600000 0x00000002b2600000 Y/146   Allocating 
 Small   0x00000002b2a00000 0x00000002b2c00000 0x00000002b2c00000 O/13    Relocatable
 Small   0x00000002b6200000 0x00000002b63ffff0 0x00000002b6400000 O/15    Allocating 
 Small   0x00000002b6600000 0x00000002b6800000 0x00000002b6800000 O/15    Allocating 
 Small   0x00000002b6a00000 0x00000002b6c00000 0x00000002b6c00000 Y/146   Allocating 
 Small   0x00000002b6c00000 0x00000002b6dfffe0 0x00000002b6e00000 O/13    Relocatable
 Small   0x00000002b7000000 0x00000002b7200000 0x00000002b7200000 Y/146   Allocating 
 Small   0x00000002b7400000 0x00000002b75fffd0 0x00000002b7600000 O/15    Allocating 
 Small   0x00000002b7e00000 0x00000002b8000000 0x00000002b8000000 Y/146   Allocating 
 Small   0x00000002b8400000 0x00000002b85fff58 0x00000002b8600000 O/13    Relocatable
 Small   0x00000002b8e00000 0x00000002b9000000 0x00000002b9000000 Y/146   Allocating 
 Small   0x00000002baa00000 0x00000002babf1e70 0x00000002bac00000 O/15    Allocating 
 Small   0x00000002bae00000 0x00000002bb000000 0x00000002bb000000 Y/146   Allocating 
 Small   0x00000002bb200000 0x00000002bb3fff08 0x00000002bb400000 O/13    Relocatable
 Small   0x00000002bc400000 0x00000002bc600000 0x00000002bc600000 O/15    Allocating 
 Small   0x00000002bc600000 0x00000002bc607940 0x00000002bc800000 O/15    Allocating 
 Small   0x00000002bd800000 0x00000002bda00000 0x00000002bda00000 Y/146   Allocating 
 Small   0x00000002be000000 0x00000002be200000 0x00000002be200000 O/15    Allocating 
 Small   0x00000002be800000 0x00000002be940000 0x00000002bea00000 Y/146   Allocating 
 Small   0x00000002bf000000 0x00000002bf200000 0x00000002bf200000 Y/146   Allocating 
 Small   0x00000002bfa00000 0x00000002bfc00000 0x00000002bfc00000 O/15    Allocating 
 Small   0x00000002bfc00000 0x00000002bfe00000 0x00000002bfe00000 Y/146   Allocating 
 Small   0x00000002c0000000 0x00000002c0200000 0x00000002c0200000 O/12    Relocatable
 Small   0x00000002c0200000 0x00000002c0400000 0x00000002c0400000 Y/146   Allocating 
 Small   0x00000002c0a00000 0x00000002c0c00000 0x00000002c0c00000 Y/146   Allocating 
 Small   0x00000002c1400000 0x00000002c15fc560 0x00000002c1600000 O/13    Relocatable
 Small   0x00000002c1800000 0x00000002c1a00000 0x00000002c1a00000 O/15    Allocating 
 Small   0x00000002c1a00000 0x00000002c1bfffe8 0x00000002c1c00000 O/12    Relocatable
 Small   0x00000002c2000000 0x00000002c2200000 0x00000002c2200000 Y/146   Allocating 
 Small   0x00000002c2800000 0x00000002c29fff50 0x00000002c2a00000 O/14    Relocatable
 Small   0x00000002c2e00000 0x00000002c2fffff0 0x00000002c3000000 O/15    Allocating 
 Small   0x00000002c3000000 0x00000002c3200000 0x00000002c3200000 Y/146   Allocating 
 Small   0x00000002c3400000 0x00000002c3600000 0x00000002c3600000 Y/146   Allocating 
 Small   0x00000002c3a00000 0x00000002c3c00000 0x00000002c3c00000 Y/146   Allocating 
 Small   0x00000002c4400000 0x00000002c45ffff8 0x00000002c4600000 O/10    Relocatable
 Small   0x00000002c4600000 0x00000002c4800000 0x00000002c4800000 Y/146   Allocating 
 Small   0x00000002c5000000 0x00000002c51ffff8 0x00000002c5200000 O/15    Allocating 
 Small   0x00000002c5600000 0x00000002c57fffd8 0x00000002c5800000 O/13    Relocatable
 Small   0x00000002c5a00000 0x00000002c5bffec0 0x00000002c5c00000 O/15    Allocating 
 Small   0x00000002c5c00000 0x00000002c5dffff8 0x00000002c5e00000 O/10    Relocatable
 Small   0x00000002c5e00000 0x00000002c5ffffe8 0x00000002c6000000 O/10    Relocatable
 Small   0x00000002c6200000 0x00000002c63fffe8 0x00000002c6400000 O/12    Relocatable
 Small   0x00000002c6600000 0x00000002c6800000 0x00000002c6800000 Y/146   Allocating 
 Small   0x00000002c6800000 0x00000002c6a00000 0x00000002c6a00000 O/15    Allocating 
 Small   0x00000002c6a00000 0x00000002c6bfffe0 0x00000002c6c00000 O/10    Relocatable
 Small   0x00000002c6c00000 0x00000002c6dfffe8 0x00000002c6e00000 O/10    Relocatable
 Small   0x00000002c6e00000 0x00000002c6ffffe8 0x00000002c7000000 O/10    Relocatable
 Small   0x00000002c7000000 0x00000002c71ffff8 0x00000002c7200000 O/10    Relocatable
 Small   0x00000002c7800000 0x00000002c7a00000 0x00000002c7a00000 O/10    Relocatable
 Small   0x00000002c7c00000 0x00000002c7dfffe8 0x00000002c7e00000 O/10    Relocatable
 Small   0x00000002c8600000 0x00000002c8800000 0x00000002c8800000 O/10    Relocatable
 Small   0x00000002c8800000 0x00000002c89ffec0 0x00000002c8a00000 O/15    Allocating 
 Small   0x00000002c9200000 0x00000002c93ffff8 0x00000002c9400000 O/10    Relocatable
 Small   0x00000002c9600000 0x00000002c97fffe8 0x00000002c9800000 O/15    Allocating 
 Small   0x00000002c9800000 0x00000002c99ffff0 0x00000002c9a00000 O/10    Relocatable
 Small   0x00000002c9c00000 0x00000002c9dfd518 0x00000002c9e00000 O/15    Allocating 
 Small   0x00000002ca200000 0x00000002ca3fffd8 0x00000002ca400000 O/10    Relocatable
 Small   0x00000002ca600000 0x00000002ca7ffff0 0x00000002ca800000 O/10    Relocatable
 Small   0x00000002ca800000 0x00000002ca9fffe8 0x00000002caa00000 O/10    Relocatable
 Small   0x00000002caa00000 0x00000002cabffff0 0x00000002cac00000 O/13    Relocatable
 Small   0x00000002cbc00000 0x00000002cbe00000 0x00000002cbe00000 Y/146   Allocating 
 Small   0x00000002cbe00000 0x00000002cbfffff0 0x00000002cc000000 O/10    Relocatable
 Small   0x00000002cc200000 0x00000002cc400000 0x00000002cc400000 Y/146   Allocating 
 Small   0x00000002cca00000 0x00000002ccbffff0 0x00000002ccc00000 O/10    Relocatable
 Small   0x00000002ccc00000 0x00000002cce00000 0x00000002cce00000 Y/146   Allocating 
 Small   0x00000002cce00000 0x00000002ccfffff0 0x00000002cd000000 O/10    Relocatable
 Small   0x00000002cd000000 0x00000002cd1ffff0 0x00000002cd200000 O/15    Allocating 
 Small   0x00000002cd200000 0x00000002cd3ffff8 0x00000002cd400000 O/10    Relocatable
 Small   0x00000002cd600000 0x00000002cd7fffe8 0x00000002cd800000 O/10    Relocatable
 Small   0x00000002cda00000 0x00000002cdc00000 0x00000002cdc00000 O/15    Allocating 
 Small   0x00000002cdc00000 0x00000002cddffd20 0x00000002cde00000 O/15    Allocating 
 Small   0x00000002ce200000 0x00000002ce3ffff0 0x00000002ce400000 O/15    Allocating 
 Small   0x00000002ce400000 0x00000002ce579358 0x00000002ce600000 O/15    Allocating 
 Small   0x00000002cec00000 0x00000002cedfffd8 0x00000002cee00000 O/14    Relocatable
 Small   0x00000002cf000000 0x00000002cf1fff68 0x00000002cf200000 O/10    Relocatable
 Small   0x00000002cf200000 0x00000002cf400000 0x00000002cf400000 O/10    Relocatable
 Small   0x00000002cf800000 0x00000002cfa00000 0x00000002cfa00000 Y/146   Allocating 
 Small   0x00000002cfa00000 0x00000002cfbffff0 0x00000002cfc00000 O/13    Relocatable
 Small   0x00000002cfc00000 0x00000002cfdffb18 0x00000002cfe00000 O/12    Relocatable
 Small   0x00000002cfe00000 0x00000002d0000000 0x00000002d0000000 O/10    Relocatable
 Small   0x00000002d0600000 0x00000002d07ffff0 0x00000002d0800000 O/10    Relocatable
 Small   0x00000002d0a00000 0x00000002d0c00000 0x00000002d0c00000 O/12    Relocatable
 Small   0x00000002d0c00000 0x00000002d0e00000 0x00000002d0e00000 O/15    Allocating 
 Small   0x00000002d1000000 0x00000002d11fffd8 0x00000002d1200000 O/12    Relocatable
 Small   0x00000002d1200000 0x00000002d13ffff8 0x00000002d1400000 O/10    Relocatable
 Small   0x00000002d1a00000 0x00000002d1bfffe0 0x00000002d1c00000 O/14    Relocatable
 Small   0x00000002d2200000 0x00000002d2400000 0x00000002d2400000 O/15    Allocating 
 Small   0x00000002d2800000 0x00000002d285f570 0x00000002d2a00000 O/15    Allocating 
 Small   0x00000002d2a00000 0x00000002d2bffff8 0x00000002d2c00000 O/14    Relocatable
 Small   0x00000002d2c00000 0x00000002d2e00000 0x00000002d2e00000 Y/146   Allocating 
 Small   0x00000002d2e00000 0x00000002d2fffe08 0x00000002d3000000 O/15    Allocating 
 Small   0x00000002d3200000 0x00000002d3400000 0x00000002d3400000 Y/146   Allocating 
 Small   0x00000002d4000000 0x00000002d41fffe0 0x00000002d4200000 O/14    Relocatable
 Small   0x00000002d4200000 0x00000002d43fffe0 0x00000002d4400000 O/15    Allocating 
 Small   0x00000002d4400000 0x00000002d4600000 0x00000002d4600000 Y/146   Allocating 
 Small   0x00000002d4a00000 0x00000002d4c00000 0x00000002d4c00000 Y/146   Allocating 
 Small   0x00000002d5200000 0x00000002d5400000 0x00000002d5400000 Y/146   Allocating 
 Small   0x00000002d5a00000 0x00000002d5c00000 0x00000002d5c00000 Y/146   Allocating 
 Small   0x00000002d5e00000 0x00000002d5fffff0 0x00000002d6000000 O/15    Allocating 
 Small   0x00000002d6000000 0x00000002d6200000 0x00000002d6200000 O/15    Allocating 
 Small   0x00000002d6200000 0x00000002d63ffe78 0x00000002d6400000 O/12    Relocatable
 Small   0x00000002d6400000 0x00000002d6600000 0x00000002d6600000 Y/146   Allocating 
 Small   0x00000002d6600000 0x00000002d67fffd8 0x00000002d6800000 O/15    Allocating 
 Small   0x00000002d6a00000 0x00000002d6c00000 0x00000002d6c00000 Y/146   Allocating 
 Small   0x00000002d6c00000 0x00000002d6e00000 0x00000002d6e00000 Y/146   Allocating 
 Small   0x00000002d7400000 0x00000002d75ffff0 0x00000002d7600000 O/15    Allocating 
 Small   0x00000002d8000000 0x00000002d8200000 0x00000002d8200000 O/13    Relocatable
 Small   0x00000002d8400000 0x00000002d8600000 0x00000002d8600000 Y/146   Allocating 
 Small   0x00000002d8800000 0x00000002d8a00000 0x00000002d8a00000 Y/146   Allocating 
 Small   0x00000002d8c00000 0x00000002d8dffff8 0x00000002d8e00000 O/15    Allocating 
 Small   0x00000002d9600000 0x00000002d97fffe8 0x00000002d9800000 O/13    Relocatable
 Small   0x00000002d9800000 0x00000002d9a00000 0x00000002d9a00000 Y/146   Allocating 
 Small   0x00000002da000000 0x00000002da200000 0x00000002da200000 Y/146   Allocating 
 Small   0x00000002da800000 0x00000002da9fff88 0x00000002daa00000 O/15    Allocating 
 Small   0x00000002dac00000 0x00000002dadfff68 0x00000002dae00000 O/13    Relocatable
 Small   0x00000002db000000 0x00000002db200000 0x00000002db200000 Y/146   Allocating 
 Small   0x00000002db400000 0x00000002db600000 0x00000002db600000 Y/146   Allocating 
 Small   0x00000002db600000 0x00000002db800000 0x00000002db800000 O/14    Relocatable
 Small   0x00000002db800000 0x00000002dba00000 0x00000002dba00000 Y/146   Allocating 
 Small   0x00000002dc000000 0x00000002dc1fffe8 0x00000002dc200000 O/14    Relocatable
 Small   0x00000002dcc00000 0x00000002dce00000 0x00000002dce00000 Y/146   Allocating 
 Small   0x00000002dd200000 0x00000002dd3f8a58 0x00000002dd400000 O/12    Relocatable
 Small   0x00000002dd400000 0x00000002dd5ffff0 0x00000002dd600000 O/15    Allocating 
 Small   0x00000002ddc00000 0x00000002dddfffd0 0x00000002dde00000 O/15    Allocating 
 Small   0x00000002de800000 0x00000002dea00000 0x00000002dea00000 Y/146   Allocating 
 Small   0x00000002df000000 0x00000002df1ffc48 0x00000002df200000 O/13    Relocatable
 Small   0x00000002df600000 0x00000002df7fffe0 0x00000002df800000 O/12    Relocatable
 Small   0x00000002e0a00000 0x00000002e0bffff0 0x00000002e0c00000 O/14    Relocatable
 Small   0x00000002e0e00000 0x00000002e1000000 0x00000002e1000000 Y/146   Allocating 
 Small   0x00000002e1600000 0x00000002e1800000 0x00000002e1800000 Y/146   Allocating 
 Small   0x00000002e1800000 0x00000002e1a00000 0x00000002e1a00000 Y/146   Allocating 
 Small   0x00000002e1c00000 0x00000002e1df0350 0x00000002e1e00000 O/12    Relocatable
 Small   0x00000002e2800000 0x00000002e2a00000 0x00000002e2a00000 Y/146   Allocating 
 Small   0x00000002e2c00000 0x00000002e2e00000 0x00000002e2e00000 Y/146   Allocating 
 Small   0x00000002e5800000 0x00000002e5a00000 0x00000002e5a00000 Y/146   Allocating 
 Small   0x00000002e5c00000 0x00000002e5e00000 0x00000002e5e00000 Y/146   Allocating 
 Small   0x00000002e6000000 0x00000002e6200000 0x00000002e6200000 Y/146   Allocating 
 Small   0x00000002e6400000 0x00000002e65fffe0 0x00000002e6600000 O/12    Relocatable
 Small   0x00000002e6600000 0x00000002e6800000 0x00000002e6800000 Y/146   Allocating 
 Small   0x00000002e6a00000 0x00000002e6bfff68 0x00000002e6c00000 O/15    Allocating 
 Small   0x00000002e6c00000 0x00000002e6dffff0 0x00000002e6e00000 O/14    Relocatable
 Small   0x00000002e6e00000 0x00000002e6ffff20 0x00000002e7000000 O/15    Allocating 
 Small   0x00000002e7000000 0x00000002e7200000 0x00000002e7200000 Y/146   Allocating 
 Small   0x00000002e8800000 0x00000002e8a00000 0x00000002e8a00000 O/15    Allocating 
 Small   0x00000002e8e00000 0x00000002e8ffff78 0x00000002e9000000 O/14    Relocatable
 Small   0x00000002e9000000 0x00000002e91fff40 0x00000002e9200000 O/15    Allocating 
 Small   0x00000002e9a00000 0x00000002e9bffe78 0x00000002e9c00000 O/13    Relocatable
 Small   0x00000002ea000000 0x00000002ea200000 0x00000002ea200000 Y/146   Allocating 
 Small   0x00000002eac00000 0x00000002eadfeb58 0x00000002eae00000 O/15    Allocating 
 Small   0x00000002eb400000 0x00000002eb600000 0x00000002eb600000 Y/146   Allocating 
 Small   0x00000002eb600000 0x00000002eb7fff98 0x00000002eb800000 O/13    Relocatable
 Small   0x00000002ec200000 0x00000002ec400000 0x00000002ec400000 Y/146   Allocating 
 Small   0x00000002ecc00000 0x00000002ecdfff10 0x00000002ece00000 O/15    Allocating 
 Small   0x00000002ece00000 0x00000002ed000000 0x00000002ed000000 Y/146   Allocating 
 Small   0x00000002eda00000 0x00000002edc00000 0x00000002edc00000 Y/146   Allocating 
 Small   0x00000002ede00000 0x00000002edfffff8 0x00000002ee000000 O/13    Relocatable
 Small   0x00000002ee800000 0x00000002eea00000 0x00000002eea00000 Y/146   Allocating 
 Small   0x00000002eea00000 0x00000002eebffee8 0x00000002eec00000 O/13    Relocatable
 Small   0x00000002efc00000 0x00000002efdffff8 0x00000002efe00000 O/13    Relocatable
 Small   0x00000002f1000000 0x00000002f1200000 0x00000002f1200000 Y/146   Allocating 
 Small   0x00000002f1600000 0x00000002f17fffe8 0x00000002f1800000 O/12    Relocatable
 Small   0x00000002f1800000 0x00000002f1a00000 0x00000002f1a00000 Y/146   Allocating 
 Small   0x00000002f1e00000 0x00000002f2000000 0x00000002f2000000 Y/146   Allocating 
 Small   0x00000002f2200000 0x00000002f23ffff8 0x00000002f2400000 O/13    Relocatable
 Small   0x00000002f3800000 0x00000002f3a00000 0x00000002f3a00000 Y/146   Allocating 
 Small   0x00000002f3e00000 0x00000002f3fffff0 0x00000002f4000000 O/13    Relocatable
 Small   0x00000002f5000000 0x00000002f51fde40 0x00000002f5200000 O/15    Allocating 
 Small   0x00000002f5400000 0x00000002f55fdc20 0x00000002f5600000 O/14    Relocatable
 Small   0x00000002f5800000 0x00000002f59fff68 0x00000002f5a00000 Y/146   Allocating 
 Small   0x00000002f5c00000 0x00000002f5e00000 0x00000002f5e00000 Y/146   Allocating 
 Small   0x00000002f5e00000 0x00000002f6000000 0x00000002f6000000 Y/146   Allocating 
 Small   0x00000002f6200000 0x00000002f63fffd8 0x00000002f6400000 O/14    Relocatable
 Small   0x00000002f7000000 0x00000002f71fffe0 0x00000002f7200000 O/15    Allocating 
 Small   0x00000002f7400000 0x00000002f75ffff0 0x00000002f7600000 O/13    Relocatable
 Small   0x00000002f7600000 0x00000002f7800000 0x00000002f7800000 Y/146   Allocating 
 Small   0x00000002f8200000 0x00000002f8400000 0x00000002f8400000 Y/146   Allocating 
 Small   0x00000002f8a00000 0x00000002f8c00000 0x00000002f8c00000 Y/146   Allocating 
 Small   0x00000002f9600000 0x00000002f97fffe0 0x00000002f9800000 Y/146   Allocating 
 Small   0x00000002fa000000 0x00000002fa200000 0x00000002fa200000 Y/146   Allocating 
 Small   0x00000002fae00000 0x00000002faffff08 0x00000002fb000000 O/14    Relocatable
 Small   0x00000002fb600000 0x00000002fb800000 0x00000002fb800000 Y/146   Allocating 
 Small   0x00000002fb800000 0x00000002fb9ffff8 0x00000002fba00000 O/14    Relocatable
 Small   0x00000002fc000000 0x00000002fc1fff78 0x00000002fc200000 O/14    Relocatable
 Small   0x00000002fd400000 0x00000002fd600000 0x00000002fd600000 Y/146   Allocating 
 Small   0x00000002fe400000 0x00000002fe600000 0x00000002fe600000 Y/146   Allocating 
 Small   0x00000002fe600000 0x00000002fe7ff8a8 0x00000002fe800000 O/13    Relocatable
 Small   0x00000002fec00000 0x00000002fee00000 0x00000002fee00000 Y/146   Allocating 
 Small   0x00000002ff200000 0x00000002ff3fffd8 0x00000002ff400000 O/13    Relocatable
 Small   0x00000002ff400000 0x00000002ff600000 0x00000002ff600000 Y/146   Allocating 
 Small   0x0000000300c00000 0x0000000300d40000 0x0000000300e00000 Y/146   Allocating 
 Small   0x0000000301200000 0x0000000301400000 0x0000000301400000 O/15    Allocating 
 Small   0x0000000301a00000 0x0000000301c00000 0x0000000301c00000 Y/146   Allocating 
 Small   0x0000000301e00000 0x0000000302000000 0x0000000302000000 Y/146   Allocating 
 Small   0x0000000302400000 0x00000003025ffff0 0x0000000302600000 O/13    Relocatable
 Small   0x0000000302c00000 0x0000000302e00000 0x0000000302e00000 Y/146   Allocating 
 Small   0x0000000303000000 0x00000003031fe860 0x0000000303200000 O/15    Allocating 
 Small   0x0000000303600000 0x0000000303800000 0x0000000303800000 Y/146   Allocating 
 Small   0x0000000303800000 0x0000000303a00000 0x0000000303a00000 Y/146   Allocating 
 Small   0x0000000304000000 0x00000003041fffe8 0x0000000304200000 O/13    Relocatable
 Small   0x0000000304e00000 0x0000000304fe09a0 0x0000000305000000 O/10    Relocatable
 Small   0x0000000306000000 0x00000003061ffff0 0x0000000306200000 O/13    Relocatable
 Small   0x0000000306800000 0x00000003069fffc8 0x0000000306a00000 Y/146   Allocating 
 Small   0x0000000307000000 0x00000003071ce208 0x0000000307200000 O/10    Relocatable
 Small   0x0000000307400000 0x0000000307600000 0x0000000307600000 Y/146   Allocating 
 Small   0x0000000308600000 0x0000000308800000 0x0000000308800000 Y/146   Allocating 
 Small   0x0000000309400000 0x00000003095ffff0 0x0000000309600000 O/12    Relocatable
 Small   0x000000030a600000 0x000000030a7ffff8 0x000000030a800000 O/10    Relocatable
 Small   0x000000030a800000 0x000000030aa00000 0x000000030aa00000 Y/146   Allocating 
 Small   0x000000030aa00000 0x000000030abffff8 0x000000030ac00000 O/13    Relocatable
 Small   0x000000030b000000 0x000000030b1fffe0 0x000000030b200000 O/13    Relocatable
 Small   0x000000030b200000 0x000000030b400000 0x000000030b400000 O/15    Allocating 
 Small   0x000000030b600000 0x000000030b800000 0x000000030b800000 O/15    Allocating 
 Small   0x000000030b800000 0x000000030b9ffff0 0x000000030ba00000 O/13    Relocatable
 Small   0x000000030bc00000 0x000000030be00000 0x000000030be00000 O/15    Allocating 
 Small   0x000000030be00000 0x000000030c000000 0x000000030c000000 Y/146   Allocating 
 Small   0x000000030c400000 0x000000030c5fff60 0x000000030c600000 O/15    Allocating 
 Small   0x000000030c600000 0x000000030c800000 0x000000030c800000 Y/146   Allocating 
 Small   0x000000030ca00000 0x000000030cc00000 0x000000030cc00000 Y/146   Allocating 
 Small   0x000000030d000000 0x000000030d200000 0x000000030d200000 Y/146   Allocating 
 Small   0x000000030d600000 0x000000030d800000 0x000000030d800000 Y/146   Allocating 
 Small   0x000000030da00000 0x000000030dc00000 0x000000030dc00000 Y/146   Allocating 
 Small   0x000000030e400000 0x000000030e5fffa0 0x000000030e600000 O/15    Allocating 
 Small   0x000000030ea00000 0x000000030ec00000 0x000000030ec00000 Y/146   Allocating 
 Small   0x000000030ee00000 0x000000030efff7d0 0x000000030f000000 O/13    Relocatable
 Small   0x000000030f400000 0x000000030f5ffff0 0x000000030f600000 O/12    Relocatable
 Small   0x0000000310400000 0x0000000310600000 0x0000000310600000 Y/146   Allocating 
 Small   0x0000000311000000 0x00000003111ff830 0x0000000311200000 Y/146   Allocating 
 Small   0x0000000311200000 0x00000003113ffef0 0x0000000311400000 O/12    Relocatable
 Small   0x0000000311c00000 0x0000000311d523f0 0x0000000311e00000 O/15    Allocating 
 Small   0x0000000312c00000 0x0000000312e00000 0x0000000312e00000 Y/146   Allocating 
 Small   0x0000000312e00000 0x0000000313000000 0x0000000313000000 Y/146   Allocating 
 Small   0x0000000313000000 0x00000003131fff28 0x0000000313200000 O/14    Relocatable
 Small   0x0000000314000000 0x0000000314200000 0x0000000314200000 Y/146   Allocating 
 Small   0x0000000314400000 0x0000000314600000 0x0000000314600000 Y/146   Allocating 
 Small   0x0000000314800000 0x00000003149ff9a8 0x0000000314a00000 O/15    Allocating 
 Small   0x0000000314a00000 0x0000000314c00000 0x0000000314c00000 Y/146   Allocating 
 Small   0x0000000314c00000 0x0000000314dffff0 0x0000000314e00000 O/13    Relocatable
 Small   0x0000000315800000 0x00000003159fff48 0x0000000315a00000 O/13    Relocatable
 Small   0x0000000315a00000 0x0000000315c00000 0x0000000315c00000 Y/146   Allocating 
 Small   0x0000000316200000 0x0000000316400000 0x0000000316400000 Y/146   Allocating 
 Small   0x0000000316400000 0x00000003165ffff0 0x0000000316600000 O/13    Relocatable
 Small   0x0000000316800000 0x0000000316a00000 0x0000000316a00000 Y/146   Allocating 
 Small   0x0000000316e00000 0x0000000316ffffa8 0x0000000317000000 O/12    Relocatable
 Small   0x0000000317400000 0x00000003175ff810 0x0000000317600000 O/15    Allocating 
 Small   0x0000000318600000 0x00000003187ffed0 0x0000000318800000 O/12    Relocatable
 Small   0x0000000318c00000 0x0000000318e00000 0x0000000318e00000 Y/146   Allocating 
 Small   0x0000000319000000 0x00000003191fff30 0x0000000319200000 O/15    Allocating 
 Small   0x0000000319400000 0x00000003195ffff8 0x0000000319600000 O/13    Relocatable
 Small   0x0000000319600000 0x0000000319800000 0x0000000319800000 O/14    Relocatable
 Small   0x000000031aa00000 0x000000031abffff0 0x000000031ac00000 O/14    Relocatable
 Small   0x000000031ac00000 0x000000031ae00000 0x000000031ae00000 Y/146   Allocating 
 Small   0x000000031b000000 0x000000031b200000 0x000000031b200000 Y/146   Allocating 
 Small   0x000000031b200000 0x000000031b3ff600 0x000000031b400000 O/15    Allocating 
 Small   0x000000031b400000 0x000000031b5ffff8 0x000000031b600000 O/12    Relocatable
 Small   0x000000031b800000 0x000000031ba00000 0x000000031ba00000 Y/146   Allocating 
 Small   0x000000031c400000 0x000000031c600000 0x000000031c600000 Y/146   Allocating 
 Small   0x000000031c600000 0x000000031c800000 0x000000031c800000 Y/146   Allocating 
 Small   0x000000031ca00000 0x000000031cc00000 0x000000031cc00000 Y/146   Allocating 
 Small   0x000000031ce00000 0x000000031cffffe8 0x000000031d000000 O/12    Relocatable
 Small   0x000000031d000000 0x000000031d200000 0x000000031d200000 Y/146   Allocating 
 Small   0x000000031d400000 0x000000031d600000 0x000000031d600000 Y/146   Allocating 
 Small   0x000000031d600000 0x000000031d800000 0x000000031d800000 Y/146   Allocating 
 Small   0x000000031dc00000 0x000000031de00000 0x000000031de00000 Y/146   Allocating 
 Small   0x000000031e200000 0x000000031e400000 0x000000031e400000 Y/146   Allocating 
 Small   0x000000031fc00000 0x000000031fe00000 0x000000031fe00000 Y/146   Allocating 
 Small   0x0000000321a00000 0x0000000321bfffe0 0x0000000321c00000 O/13    Relocatable
 Small   0x0000000322a00000 0x0000000322c00000 0x0000000322c00000 Y/146   Allocating 
 Small   0x0000000323000000 0x00000003231fff78 0x0000000323200000 O/13    Relocatable
 Small   0x0000000323800000 0x00000003239ffff0 0x0000000323a00000 O/12    Relocatable
 Small   0x0000000323a00000 0x0000000323bffde0 0x0000000323c00000 O/13    Relocatable
 Small   0x0000000323e00000 0x0000000324000000 0x0000000324000000 Y/146   Allocating 
 Small   0x0000000324e00000 0x0000000325000000 0x0000000325000000 Y/146   Allocating 
 Small   0x0000000325400000 0x00000003255fff30 0x0000000325600000 O/14    Relocatable
 Small   0x0000000325600000 0x0000000325800000 0x0000000325800000 Y/146   Allocating 
 Small   0x0000000325800000 0x0000000325a00000 0x0000000325a00000 Y/146   Allocating 
 Small   0x0000000325e00000 0x0000000326000000 0x0000000326000000 Y/146   Allocating 
 Small   0x0000000328200000 0x0000000328400000 0x0000000328400000 Y/146   Allocating 
 Small   0x0000000329800000 0x0000000329a00000 0x0000000329a00000 Y/146   Allocating 
 Small   0x0000000329c00000 0x0000000329e00000 0x0000000329e00000 Y/146   Allocating 
 Small   0x000000032a600000 0x000000032a7ffff8 0x000000032a800000 O/15    Allocating 
 Small   0x000000032ae00000 0x000000032afffed0 0x000000032b000000 O/13    Relocatable
 Small   0x000000032b400000 0x000000032b5fe4e0 0x000000032b600000 O/13    Relocatable
 Small   0x000000032ba00000 0x000000032bbffff8 0x000000032bc00000 O/12    Relocatable
 Small   0x000000032be00000 0x000000032bffff38 0x000000032c000000 O/14    Relocatable
 Small   0x000000032c400000 0x000000032c600000 0x000000032c600000 Y/146   Allocating 
 Small   0x000000032ca00000 0x000000032cbfff80 0x000000032cc00000 O/13    Relocatable
 Small   0x000000032ee00000 0x000000032effffe8 0x000000032f000000 O/14    Relocatable
 Small   0x000000032fa00000 0x000000032fbfffd0 0x000000032fc00000 O/12    Relocatable
 Small   0x0000000330a00000 0x0000000330c00000 0x0000000330c00000 O/15    Allocating 
 Small   0x0000000330c00000 0x0000000330e00000 0x0000000330e00000 O/12    Relocatable
 Small   0x0000000331200000 0x00000003313fffe0 0x0000000331400000 O/13    Relocatable
 Small   0x0000000331a00000 0x0000000331bfff68 0x0000000331c00000 O/14    Relocatable
 Small   0x0000000332000000 0x0000000332200000 0x0000000332200000 Y/146   Allocating 
 Small   0x0000000332200000 0x00000003323ffff8 0x0000000332400000 O/15    Allocating 
 Small   0x0000000333200000 0x00000003333fffd0 0x0000000333400000 O/15    Allocating 
 Small   0x0000000333e00000 0x0000000334000000 0x0000000334000000 Y/146   Allocating 
 Small   0x0000000334800000 0x00000003349fcbc8 0x0000000334a00000 O/14    Relocatable
 Small   0x0000000334a00000 0x0000000334c00000 0x0000000334c00000 Y/146   Allocating 
 Small   0x0000000334e00000 0x0000000335000000 0x0000000335000000 Y/146   Allocating 
 Small   0x0000000335200000 0x0000000335400000 0x0000000335400000 Y/146   Allocating 
 Small   0x0000000336200000 0x0000000336400000 0x0000000336400000 Y/146   Allocating 
 Small   0x0000000337200000 0x0000000337400000 0x0000000337400000 Y/146   Allocating 
 Small   0x0000000337600000 0x0000000337800000 0x0000000337800000 Y/146   Allocating 
 Small   0x0000000338800000 0x0000000338a00000 0x0000000338a00000 Y/146   Allocating 
 Small   0x000000033aa00000 0x000000033ac00000 0x000000033ac00000 O/14    Relocatable
 Small   0x000000033ca00000 0x000000033cc00000 0x000000033cc00000 Y/146   Allocating 
 Small   0x000000033cc00000 0x000000033ce00000 0x000000033ce00000 O/13    Relocatable
 Small   0x000000033e000000 0x000000033e200000 0x000000033e200000 Y/146   Allocating 
 Small   0x000000033e200000 0x000000033e3fff80 0x000000033e400000 O/14    Relocatable
 Small   0x0000000340200000 0x00000003403ffff8 0x0000000340400000 O/15    Allocating 
 Small   0x0000000341200000 0x0000000341400000 0x0000000341400000 Y/146   Allocating 
 Small   0x0000000341400000 0x00000003415fffc8 0x0000000341600000 O/15    Allocating 
 Large   0x0000000346200000 0x0000000346a00000 0x0000000346a00000 O/11    Relocatable
 Small   0x0000000346c00000 0x0000000346dffde8 0x0000000346e00000 O/14    Relocatable
 Small   0x0000000347600000 0x00000003477ffff0 0x0000000347800000 O/15    Allocating 
 Small   0x0000000348600000 0x0000000348800000 0x0000000348800000 Y/146   Allocating 
 Small   0x0000000348800000 0x0000000348a00000 0x0000000348a00000 Y/146   Allocating 
 Small   0x0000000349200000 0x00000003493ffff0 0x0000000349400000 O/14    Relocatable
 Small   0x0000000349600000 0x00000003497fff50 0x0000000349800000 O/12    Relocatable
 Small   0x0000000349a00000 0x0000000349bff2f0 0x0000000349c00000 O/14    Relocatable
 Small   0x000000034aa00000 0x000000034ac00000 0x000000034ac00000 Y/146   Allocating 
 Small   0x000000034ae00000 0x000000034b000000 0x000000034b000000 Y/146   Allocating 
 Small   0x000000034b000000 0x000000034b1ffa08 0x000000034b200000 O/13    Relocatable
 Small   0x000000034b800000 0x000000034b9ff3a0 0x000000034ba00000 O/14    Relocatable
 Small   0x000000034bc00000 0x000000034bdfffe8 0x000000034be00000 O/13    Relocatable
 Small   0x000000034ca00000 0x000000034cc00000 0x000000034cc00000 Y/146   Allocating 
 Small   0x000000034dc00000 0x000000034ddffff0 0x000000034de00000 O/12    Relocatable
 Small   0x000000034e200000 0x000000034e3ffe60 0x000000034e400000 O/14    Relocatable
 Small   0x000000034ea00000 0x000000034ebfffd0 0x000000034ec00000 O/12    Relocatable
 Small   0x0000000350600000 0x00000003507fffb8 0x0000000350800000 O/14    Relocatable
 Small   0x0000000350c00000 0x0000000350e00000 0x0000000350e00000 Y/146   Allocating 
 Small   0x0000000351000000 0x00000003511fff30 0x0000000351200000 O/15    Allocating 
 Small   0x0000000351c00000 0x0000000351e00000 0x0000000351e00000 Y/146   Allocating 
 Small   0x0000000351e00000 0x0000000351ffffe0 0x0000000352000000 O/12    Relocatable
 Small   0x0000000352200000 0x00000003523fff78 0x0000000352400000 O/15    Allocating 
 Small   0x0000000352e00000 0x0000000353000000 0x0000000353000000 Y/146   Allocating 
 Small   0x0000000354000000 0x00000003541ffff0 0x0000000354200000 O/12    Relocatable
 Small   0x0000000354800000 0x00000003549fffe0 0x0000000354a00000 O/15    Allocating 
 Small   0x0000000354a00000 0x0000000354c00000 0x0000000354c00000 Y/146   Allocating 
 Small   0x0000000355000000 0x0000000355200000 0x0000000355200000 Y/146   Allocating 
 Small   0x0000000357400000 0x00000003575ffd30 0x0000000357600000 O/14    Relocatable
 Small   0x0000000357c00000 0x0000000357e00000 0x0000000357e00000 Y/146   Allocating 
 Small   0x0000000358c00000 0x0000000358e00000 0x0000000358e00000 Y/146   Allocating 
 Small   0x0000000359400000 0x00000003595fffc8 0x0000000359600000 O/15    Allocating 
 Small   0x000000035a200000 0x000000035a400000 0x000000035a400000 O/12    Relocatable
 Small   0x000000035aa00000 0x000000035abffff8 0x000000035ac00000 O/15    Allocating 
 Small   0x000000035ac00000 0x000000035adfff48 0x000000035ae00000 O/13    Relocatable
 Small   0x000000035ae00000 0x000000035b000000 0x000000035b000000 Y/146   Allocating 
 Small   0x000000035b800000 0x000000035b9f0148 0x000000035ba00000 O/12    Relocatable
 Small   0x000000035bc00000 0x000000035bdffff8 0x000000035be00000 O/13    Relocatable
 Small   0x000000035c000000 0x000000035c200000 0x000000035c200000 Y/146   Allocating 
 Small   0x000000035c400000 0x000000035c600000 0x000000035c600000 Y/146   Allocating 
 Small   0x000000035c800000 0x000000035c980000 0x000000035ca00000 Y/146   Allocating 
 Small   0x000000035ce00000 0x000000035cfffe90 0x000000035d000000 O/14    Relocatable
 Small   0x000000035d600000 0x000000035d7fe430 0x000000035d800000 O/14    Relocatable
 Small   0x000000035f000000 0x000000035f1fdbd0 0x000000035f200000 O/15    Allocating 
 Small   0x000000035f200000 0x000000035f400000 0x000000035f400000 Y/146   Allocating 
 Small   0x000000035fc00000 0x000000035fe00000 0x000000035fe00000 Y/146   Allocating 
 Small   0x000000035fe00000 0x000000035fffffe8 0x0000000360000000 O/12    Relocatable
 Small   0x0000000360000000 0x0000000360200000 0x0000000360200000 O/12    Relocatable
 Small   0x0000000360400000 0x0000000360600000 0x0000000360600000 Y/146   Allocating 
 Small   0x0000000360a00000 0x0000000360c00000 0x0000000360c00000 Y/146   Allocating 
 Small   0x0000000360c00000 0x0000000360dfff48 0x0000000360e00000 O/15    Allocating 
 Small   0x0000000361400000 0x00000003615fffe8 0x0000000361600000 O/13    Relocatable
 Small   0x0000000361800000 0x00000003619df450 0x0000000361a00000 O/12    Relocatable
 Small   0x0000000361e00000 0x0000000361fffff0 0x0000000362000000 O/12    Relocatable
 Small   0x0000000362000000 0x00000003621fffc8 0x0000000362200000 O/14    Relocatable
 Small   0x0000000362c00000 0x0000000362dffff8 0x0000000362e00000 O/13    Relocatable
 Small   0x0000000364600000 0x0000000364800000 0x0000000364800000 Y/146   Allocating 
 Small   0x0000000364c00000 0x0000000364e00000 0x0000000364e00000 O/15    Allocating 
 Small   0x0000000365200000 0x00000003653ffec0 0x0000000365400000 O/15    Allocating 
 Medium  0x0000000368a00000 0x000000036a806000 0x000000036aa00000 O/13    Relocatable
 Medium  0x000000036aa00000 0x000000036ae02000 0x000000036ca00000 Y/146   Allocating 
 Medium  0x000000036ca00000 0x000000036cab0000 0x000000036ea00000 O/15    Allocating 
 Small   0x0000000370e00000 0x0000000370fffff0 0x0000000371000000 O/13    Relocatable
 Small   0x0000000371a00000 0x0000000371bfc818 0x0000000371c00000 O/15    Allocating 
 Small   0x0000000372600000 0x00000003727fffe8 0x0000000372800000 O/13    Relocatable
 Small   0x0000000372c00000 0x0000000372e00000 0x0000000372e00000 Y/146   Allocating 
 Small   0x0000000373a00000 0x0000000373bffee0 0x0000000373c00000 Y/146   Allocating 
 Small   0x0000000375c00000 0x0000000375e00000 0x0000000375e00000 Y/146   Allocating 
 Small   0x0000000375e00000 0x0000000376000000 0x0000000376000000 Y/146   Allocating 
 Small   0x0000000376a00000 0x0000000376c00000 0x0000000376c00000 Y/146   Allocating 
 Small   0x0000000376e00000 0x0000000376fffcf0 0x0000000377000000 O/13    Relocatable
 Small   0x0000000377000000 0x00000003771fff68 0x0000000377200000 O/15    Allocating 
 Small   0x0000000377800000 0x0000000377a00000 0x0000000377a00000 Y/146   Allocating 
 Small   0x0000000378800000 0x00000003789fffe0 0x0000000378a00000 Y/146   Allocating 
 Small   0x0000000379800000 0x00000003799ffff0 0x0000000379a00000 O/15    Allocating 
 Small   0x000000037a400000 0x000000037a600000 0x000000037a600000 Y/146   Allocating 
 Small   0x000000037b200000 0x000000037b400000 0x000000037b400000 Y/146   Allocating 
 Small   0x000000037d800000 0x000000037da00000 0x000000037da00000 Y/146   Allocating 
 Small   0x000000037da00000 0x000000037dbffac8 0x000000037dc00000 O/15    Allocating 
 Small   0x000000037dc00000 0x000000037ddfff10 0x000000037de00000 O/15    Allocating 
 Small   0x000000037de00000 0x000000037dffffe8 0x000000037e000000 O/15    Allocating 
 Small   0x000000037e600000 0x000000037e800000 0x000000037e800000 Y/146   Allocating 
 Small   0x000000037f200000 0x000000037f400000 0x000000037f400000 Y/146   Allocating 
 Small   0x000000037f400000 0x000000037f5fffc8 0x000000037f600000 O/14    Relocatable
 Small   0x000000037f800000 0x000000037fa00000 0x000000037fa00000 Y/146   Allocating 
 Small   0x000000037fa00000 0x000000037fc00000 0x000000037fc00000 O/15    Allocating 
 Small   0x0000000380600000 0x0000000380800000 0x0000000380800000 Y/146   Allocating 
 Small   0x0000000380a00000 0x0000000380bffff8 0x0000000380c00000 O/15    Allocating 
 Small   0x0000000380c00000 0x0000000380dfdab8 0x0000000380e00000 O/13    Relocatable
 Small   0x0000000383600000 0x00000003837ffde0 0x0000000383800000 O/13    Relocatable
 Small   0x0000000384600000 0x00000003847ffff0 0x0000000384800000 O/15    Allocating 
 Small   0x0000000384e00000 0x0000000385000000 0x0000000385000000 Y/146   Allocating 
 Small   0x0000000385600000 0x00000003857ffe90 0x0000000385800000 O/15    Allocating 
 Small   0x0000000385e00000 0x0000000385ffc9b0 0x0000000386000000 O/15    Allocating 
 Small   0x0000000386400000 0x0000000386600000 0x0000000386600000 Y/146   Allocating 
 Small   0x0000000386e00000 0x0000000387000000 0x0000000387000000 Y/146   Allocating 
 Small   0x0000000387800000 0x0000000387a00000 0x0000000387a00000 Y/146   Allocating 
 Small   0x0000000387e00000 0x0000000388000000 0x0000000388000000 Y/146   Allocating 
 Small   0x0000000388400000 0x0000000388600000 0x0000000388600000 Y/146   Allocating 
 Small   0x0000000388800000 0x0000000388a00000 0x0000000388a00000 Y/146   Allocating 
 Small   0x0000000389e00000 0x000000038a000000 0x000000038a000000 Y/146   Allocating 
 Small   0x000000038a600000 0x000000038a800000 0x000000038a800000 Y/146   Allocating 
 Small   0x000000038bc00000 0x000000038bdffe60 0x000000038be00000 O/15    Allocating 
 Small   0x000000038c000000 0x000000038c200000 0x000000038c200000 Y/146   Allocating 
 Small   0x000000038dc00000 0x000000038de00000 0x000000038de00000 Y/146   Allocating 
 Small   0x000000038e400000 0x000000038e600000 0x000000038e600000 Y/146   Allocating 
 Small   0x000000038e800000 0x000000038ea00000 0x000000038ea00000 Y/146   Allocating 
 Small   0x000000038ea00000 0x000000038ec00000 0x000000038ec00000 Y/146   Allocating 
 Small   0x000000038f400000 0x000000038f600000 0x000000038f600000 Y/146   Allocating 
 Small   0x0000000390600000 0x0000000390800000 0x0000000390800000 Y/146   Allocating 
 Small   0x0000000391200000 0x00000003913ffad0 0x0000000391400000 O/14    Relocatable
 Small   0x0000000391400000 0x0000000391600000 0x0000000391600000 Y/146   Allocating 
 Small   0x0000000394a00000 0x0000000394c00000 0x0000000394c00000 Y/146   Allocating 
 Small   0x0000000395400000 0x0000000395600000 0x0000000395600000 Y/146   Allocating 
 Small   0x0000000395c00000 0x0000000395e00000 0x0000000395e00000 Y/146   Allocating 
 Small   0x0000000396000000 0x0000000396200000 0x0000000396200000 Y/146   Allocating 
 Small   0x0000000396200000 0x0000000396400000 0x0000000396400000 Y/146   Allocating 
 Small   0x0000000396400000 0x0000000396600000 0x0000000396600000 Y/146   Allocating 
 Small   0x0000000397600000 0x0000000397800000 0x0000000397800000 Y/146   Allocating 
 Small   0x0000000397800000 0x0000000397a00000 0x0000000397a00000 Y/146   Allocating 
 Small   0x0000000397e00000 0x0000000397fffff8 0x0000000398000000 O/15    Allocating 
 Small   0x0000000398000000 0x0000000398200000 0x0000000398200000 Y/146   Allocating 
 Small   0x0000000398200000 0x00000003983ffff8 0x0000000398400000 O/15    Allocating 
 Small   0x0000000399400000 0x0000000399600000 0x0000000399600000 Y/146   Allocating 
 Small   0x0000000399e00000 0x0000000399ffffd8 0x000000039a000000 Y/146   Allocating 
 Small   0x000000039a800000 0x000000039aa00000 0x000000039aa00000 Y/146   Allocating 
 Small   0x000000039b400000 0x000000039b5fffe0 0x000000039b600000 O/15    Allocating 
 Small   0x000000039b600000 0x000000039b800000 0x000000039b800000 Y/146   Allocating 
 Small   0x000000039be00000 0x000000039c000000 0x000000039c000000 O/15    Allocating 
 Small   0x000000039c600000 0x000000039c800000 0x000000039c800000 Y/146   Allocating 
 Small   0x000000039d000000 0x000000039d200000 0x000000039d200000 Y/146   Allocating 
 Small   0x000000039d800000 0x000000039d9ffff8 0x000000039da00000 Y/146   Allocating 
 Small   0x000000039da00000 0x000000039dbac9a8 0x000000039dc00000 O/15    Allocating 
 Small   0x000000039de00000 0x000000039e000000 0x000000039e000000 Y/146   Allocating 
 Small   0x000000039ea00000 0x000000039ec00000 0x000000039ec00000 Y/146   Allocating 
 Small   0x000000039ee00000 0x000000039f000000 0x000000039f000000 Y/146   Allocating 
 Small   0x000000039f400000 0x000000039f600000 0x000000039f600000 Y/146   Allocating 
 Small   0x000000039f600000 0x000000039f6aa6d8 0x000000039f800000 Y/146   Allocating 
 Small   0x000000039fc00000 0x000000039fe00000 0x000000039fe00000 Y/146   Allocating 
 Small   0x00000003a0200000 0x00000003a0400000 0x00000003a0400000 Y/146   Allocating 
 Small   0x00000003a0800000 0x00000003a09ffff0 0x00000003a0a00000 O/15    Allocating 
 Small   0x00000003a0a00000 0x00000003a0c00000 0x00000003a0c00000 Y/146   Allocating 
 Small   0x00000003a1400000 0x00000003a15fffd8 0x00000003a1600000 Y/146   Allocating 
 Small   0x00000003a1600000 0x00000003a1800000 0x00000003a1800000 Y/146   Allocating 
 Small   0x00000003a2800000 0x00000003a28aa3f8 0x00000003a2a00000 Y/146   Allocating 
 Small   0x00000003a3200000 0x00000003a3400000 0x00000003a3400000 Y/146   Allocating 
 Small   0x00000003a3800000 0x00000003a39ffff0 0x00000003a3a00000 O/15    Allocating 
 Small   0x00000003a3e00000 0x00000003a4000000 0x00000003a4000000 Y/146   Allocating 
 Small   0x00000003a4000000 0x00000003a4200000 0x00000003a4200000 Y/146   Allocating 
 Small   0x00000003a4200000 0x00000003a4400000 0x00000003a4400000 Y/146   Allocating 
 Small   0x00000003a4400000 0x00000003a4414e80 0x00000003a4600000 O/15    Allocating 
 Small   0x00000003a4c00000 0x00000003a4dfffd0 0x00000003a4e00000 Y/146   Allocating 
 Small   0x00000003a5200000 0x00000003a5400000 0x00000003a5400000 Y/146   Allocating 
 Small   0x00000003a5400000 0x00000003a5600000 0x00000003a5600000 Y/146   Allocating 
 Small   0x00000003a5600000 0x00000003a5800000 0x00000003a5800000 Y/146   Allocating 
 Small   0x00000003a5800000 0x00000003a5a00000 0x00000003a5a00000 Y/146   Allocating 
 Small   0x00000003a5c00000 0x00000003a5e00000 0x00000003a5e00000 Y/146   Allocating 
 Small   0x00000003a6000000 0x00000003a6200000 0x00000003a6200000 Y/146   Allocating 
 Small   0x00000003a6600000 0x00000003a6800000 0x00000003a6800000 Y/146   Allocating 
 Small   0x00000003a6a00000 0x00000003a6bfffe0 0x00000003a6c00000 O/15    Allocating 
 Small   0x00000003a7200000 0x00000003a7400000 0x00000003a7400000 Y/146   Allocating 
 Small   0x00000003a8600000 0x00000003a87fffa0 0x00000003a8800000 O/15    Allocating 
 Small   0x00000003a8c00000 0x00000003a8e00000 0x00000003a8e00000 Y/146   Allocating 
 Small   0x00000003a9000000 0x00000003a91fffd0 0x00000003a9200000 O/15    Allocating 
 Small   0x00000003ab000000 0x00000003ab1ffff8 0x00000003ab200000 Y/146   Allocating 
 Small   0x00000003ac800000 0x00000003aca00000 0x00000003aca00000 Y/146   Allocating 
 Small   0x00000003ad400000 0x00000003ad600000 0x00000003ad600000 Y/146   Allocating 
 Small   0x00000003af400000 0x00000003af600000 0x00000003af600000 Y/146   Allocating 
 Small   0x00000003afe00000 0x00000003b0000000 0x00000003b0000000 Y/146   Allocating 
 Small   0x00000003b0200000 0x00000003b0400000 0x00000003b0400000 Y/146   Allocating 
 Small   0x00000003b1600000 0x00000003b1800000 0x00000003b1800000 Y/146   Allocating 
 Small   0x00000003b1c00000 0x00000003b1dffff8 0x00000003b1e00000 O/15    Allocating 
 Small   0x00000003b2600000 0x00000003b2800000 0x00000003b2800000 Y/146   Allocating 
 Small   0x00000003b2c00000 0x00000003b2dfff78 0x00000003b2e00000 O/15    Allocating 
 Small   0x00000003b3000000 0x00000003b3200000 0x00000003b3200000 Y/146   Allocating 
 Small   0x00000003b3400000 0x00000003b3600000 0x00000003b3600000 Y/146   Allocating 
 Small   0x00000003b3e00000 0x00000003b4000000 0x00000003b4000000 Y/146   Allocating 
 Small   0x00000003b5200000 0x00000003b5400000 0x00000003b5400000 Y/146   Allocating 
 Small   0x00000003b6000000 0x00000003b6200000 0x00000003b6200000 O/15    Allocating 
 Small   0x00000003b6200000 0x00000003b6210e18 0x00000003b6400000 O/15    Allocating 
 Small   0x00000003b6400000 0x00000003b6540000 0x00000003b6600000 Y/146   Allocating 
 Small   0x00000003b8200000 0x00000003b8400000 0x00000003b8400000 Y/146   Allocating 
 Small   0x00000003b8600000 0x00000003b87fffe8 0x00000003b8800000 O/15    Allocating 
 Small   0x00000003b8800000 0x00000003b89fffd8 0x00000003b8a00000 O/15    Allocating 
 Small   0x00000003bae00000 0x00000003bb000000 0x00000003bb000000 O/15    Allocating 
 Small   0x00000003bcc00000 0x00000003bce00000 0x00000003bce00000 Y/146   Allocating 
 Small   0x00000003bda00000 0x00000003bdc00000 0x00000003bdc00000 Y/146   Allocating 
 Small   0x00000003be800000 0x00000003be9ffff0 0x00000003bea00000 O/15    Allocating 
 Small   0x00000003c0e00000 0x00000003c0fffff0 0x00000003c1000000 O/15    Allocating 
 Small   0x00000003c1e00000 0x00000003c2000000 0x00000003c2000000 Y/146   Allocating 
 Small   0x00000003c2200000 0x00000003c2400000 0x00000003c2400000 Y/146   Allocating 
 Small   0x00000003c2c00000 0x00000003c2e00000 0x00000003c2e00000 O/15    Allocating 
 Small   0x00000003c2e00000 0x00000003c3000000 0x00000003c3000000 Y/146   Allocating 
 Small   0x00000003c4200000 0x00000003c4400000 0x00000003c4400000 Y/146   Allocating 
 Small   0x00000003c5400000 0x00000003c5600000 0x00000003c5600000 Y/146   Allocating 
 Small   0x00000003c5e00000 0x00000003c5ffffd8 0x00000003c6000000 O/15    Allocating 
 Small   0x00000003c6000000 0x00000003c61fffd8 0x00000003c6200000 O/15    Allocating 
 Small   0x00000003c6400000 0x00000003c6600000 0x00000003c6600000 Y/146   Allocating 
 Small   0x00000003c6800000 0x00000003c6a00000 0x00000003c6a00000 O/15    Allocating 
 Small   0x00000003c7e00000 0x00000003c8000000 0x00000003c8000000 Y/146   Allocating 
 Small   0x00000003c8000000 0x00000003c8200000 0x00000003c8200000 Y/146   Allocating 
 Small   0x00000003c8400000 0x00000003c8600000 0x00000003c8600000 Y/146   Allocating 
 Small   0x00000003c9600000 0x00000003c97fe2d8 0x00000003c9800000 O/15    Allocating 
 Small   0x00000003c9800000 0x00000003c9a00000 0x00000003c9a00000 Y/146   Allocating 
 Small   0x00000003c9c00000 0x00000003c9e00000 0x00000003c9e00000 Y/146   Allocating 
 Small   0x00000003ca400000 0x00000003ca402278 0x00000003ca600000 O/15    Allocating 
 Small   0x00000003ca600000 0x00000003ca800000 0x00000003ca800000 O/15    Allocating 
 Small   0x00000003cc000000 0x00000003cc200000 0x00000003cc200000 Y/146   Allocating 
 Small   0x00000003ccc00000 0x00000003ccdfff98 0x00000003cce00000 O/15    Allocating 
 Small   0x00000003cda00000 0x00000003cdbfefb8 0x00000003cdc00000 O/15    Allocating 
 Small   0x00000003cdc00000 0x00000003cddffe70 0x00000003cde00000 O/15    Allocating 
 Small   0x00000003cde00000 0x00000003cdfffc30 0x00000003ce000000 O/15    Allocating 
 Small   0x00000003cf200000 0x00000003cf400000 0x00000003cf400000 Y/146   Allocating 
 Small   0x00000003cf400000 0x00000003cf600000 0x00000003cf600000 Y/146   Allocating 
 Small   0x00000003d2400000 0x00000003d2600000 0x00000003d2600000 O/15    Allocating 
 Small   0x00000003d2600000 0x00000003d2800000 0x00000003d2800000 Y/146   Allocating 
 Small   0x00000003d3400000 0x00000003d3600000 0x00000003d3600000 Y/146   Allocating 
 Small   0x00000003d4600000 0x00000003d4800000 0x00000003d4800000 Y/146   Allocating 
 Small   0x00000003d4a00000 0x00000003d4c00000 0x00000003d4c00000 Y/146   Allocating 
 Small   0x00000003d5e00000 0x00000003d5fffff0 0x00000003d6000000 O/15    Allocating 
 Small   0x00000003d6000000 0x00000003d61c0000 0x00000003d6200000 Y/146   Allocating 
 Small   0x00000003d7000000 0x00000003d71fffe8 0x00000003d7200000 O/15    Allocating 
 Small   0x00000003d7200000 0x00000003d73ffff8 0x00000003d7400000 O/15    Allocating 
 Small   0x00000003d7600000 0x00000003d77fff18 0x00000003d7800000 O/15    Allocating 
 Small   0x00000003d7800000 0x00000003d79ffee8 0x00000003d7a00000 O/15    Allocating 
 Small   0x00000003d7e00000 0x00000003d8000000 0x00000003d8000000 Y/146   Allocating 
 Small   0x00000003d8400000 0x00000003d8600000 0x00000003d8600000 Y/146   Allocating 
 Small   0x00000003d8800000 0x00000003d8a00000 0x00000003d8a00000 Y/146   Allocating 
 Small   0x00000003d9600000 0x00000003d9600028 0x00000003d9800000 Y/146   Allocating 
 Small   0x00000003d9800000 0x00000003d9a00000 0x00000003d9a00000 Y/146   Allocating 
 Small   0x00000003d9a00000 0x00000003d9c00000 0x00000003d9c00000 O/15    Allocating 
 Small   0x00000003da200000 0x00000003da400000 0x00000003da400000 Y/146   Allocating 
 Small   0x00000003da800000 0x00000003daa00000 0x00000003daa00000 Y/146   Allocating 
 Small   0x00000003dae00000 0x00000003dafc0000 0x00000003db000000 Y/146   Allocating 
 Small   0x00000003db000000 0x00000003db153910 0x00000003db200000 O/15    Allocating 
 Small   0x00000003dc400000 0x00000003dc600000 0x00000003dc600000 O/15    Allocating 
 Small   0x00000003dc600000 0x00000003dc800000 0x00000003dc800000 Y/146   Allocating 
 Small   0x00000003dcc00000 0x00000003dcdffff0 0x00000003dce00000 O/15    Allocating 
 Small   0x00000003dd200000 0x00000003dd400000 0x00000003dd400000 Y/146   Allocating 
 Small   0x00000003dde00000 0x00000003ddfffd60 0x00000003de000000 O/15    Allocating 
 Small   0x00000003de400000 0x00000003de57d200 0x00000003de600000 O/15    Allocating 
 Small   0x00000003df200000 0x00000003df400000 0x00000003df400000 O/15    Allocating 
 Small   0x00000003df800000 0x00000003dfa00000 0x00000003dfa00000 Y/146   Allocating 
 Small   0x00000003e0000000 0x00000003e01fffb0 0x00000003e0200000 O/15    Allocating 
 Small   0x00000003e0c00000 0x00000003e0dffff8 0x00000003e0e00000 O/15    Allocating 
 Small   0x00000003e1000000 0x00000003e11fffe0 0x00000003e1200000 O/15    Allocating 
 Small   0x00000003e3c00000 0x00000003e3e00000 0x00000003e3e00000 Y/146   Allocating 
 Small   0x00000003e6400000 0x00000003e65fffd8 0x00000003e6600000 O/15    Allocating 
 Small   0x00000003e6600000 0x00000003e67fffd8 0x00000003e6800000 O/15    Allocating 
 Small   0x00000003e6e00000 0x00000003e7000000 0x00000003e7000000 O/15    Allocating 
 Small   0x00000003e7e00000 0x00000003e7ffff48 0x00000003e8000000 O/15    Allocating 
 Small   0x00000003ea600000 0x00000003ea7ffff8 0x00000003ea800000 O/15    Allocating 
 Small   0x00000003eae00000 0x00000003eaffffd0 0x00000003eb000000 O/15    Allocating 
 Small   0x00000003ec400000 0x00000003ec5ffe98 0x00000003ec600000 O/15    Allocating 
 Small   0x00000003ecc00000 0x00000003ecdfffb0 0x00000003ece00000 O/15    Allocating 
 Small   0x00000003ece00000 0x00000003ed000000 0x00000003ed000000 O/15    Allocating 
 Small   0x00000003ed400000 0x00000003ed560b88 0x00000003ed600000 O/15    Allocating 
 Small   0x00000003eda00000 0x00000003edbff720 0x00000003edc00000 O/15    Allocating 
 Small   0x00000003ee200000 0x00000003ee3fffe8 0x00000003ee400000 O/15    Allocating 
 Small   0x00000003ee400000 0x00000003ee5ffe58 0x00000003ee600000 O/15    Allocating 
 Small   0x00000003ee600000 0x00000003ee7fffe8 0x00000003ee800000 O/15    Allocating 
 Small   0x00000003eec00000 0x00000003eedfff20 0x00000003eee00000 O/15    Allocating 
 Small   0x00000003f0200000 0x00000003f0400000 0x00000003f0400000 O/15    Allocating 
 Small   0x00000003f0600000 0x00000003f0800000 0x00000003f0800000 O/15    Allocating 
 Small   0x00000003f0a00000 0x00000003f0bffff8 0x00000003f0c00000 O/15    Allocating 
 Small   0x00000003f0e00000 0x00000003f0ffff98 0x00000003f1000000 O/15    Allocating 
 Small   0x00000003f2200000 0x00000003f2400000 0x00000003f2400000 O/15    Allocating 
 Small   0x00000003f2a00000 0x00000003f2a5fa48 0x00000003f2c00000 O/15    Allocating 
 Small   0x00000003f3600000 0x00000003f37ff968 0x00000003f3800000 O/15    Allocating 
 Small   0x00000003f3800000 0x00000003f3a00000 0x00000003f3a00000 O/15    Allocating 
 Small   0x00000003f3c00000 0x00000003f3dffef8 0x00000003f3e00000 O/15    Allocating 
 Small   0x00000003f5600000 0x00000003f57ee730 0x00000003f5800000 O/15    Allocating 
 Small   0x00000003f8a00000 0x00000003f8bffff0 0x00000003f8c00000 O/15    Allocating 
 Small   0x00000003f9000000 0x00000003f91fffb8 0x00000003f9200000 O/15    Allocating 
 Small   0x00000003f9600000 0x00000003f97ff810 0x00000003f9800000 O/15    Allocating 
 Small   0x00000003f9800000 0x00000003f99ffae0 0x00000003f9a00000 Y/146   Allocating 
 Small   0x00000003f9a00000 0x00000003f9bfffd0 0x00000003f9c00000 Y/146   Allocating 
 Small   0x00000003f9c00000 0x00000003f9dff9f0 0x00000003f9e00000 Y/146   Allocating 
 Small   0x00000003f9e00000 0x00000003f9e15890 0x00000003fa000000 Y/146   Allocating 
 Small   0x00000003fa000000 0x00000003fa015db0 0x00000003fa200000 Y/146   Allocating 
 Small   0x00000003fa200000 0x00000003fa3fffe8 0x00000003fa400000 O/15    Allocating 
 Small   0x00000003fa400000 0x00000003fa417750 0x00000003fa600000 Y/146   Allocating 
 Small   0x00000003fa600000 0x00000003fa618018 0x00000003fa800000 Y/146   Allocating 
 Small   0x00000003fa800000 0x00000003fa810600 0x00000003faa00000 Y/146   Allocating 
 Small   0x00000003faa00000 0x00000003faa0f5b0 0x00000003fac00000 Y/146   Allocating 
 Small   0x00000003fac00000 0x00000003fac0faa8 0x00000003fae00000 Y/146   Allocating 
 Small   0x00000003fae00000 0x00000003fae01198 0x00000003fb000000 Y/146   Allocating 
 Small   0x00000003fb000000 0x00000003fb006400 0x00000003fb200000 Y/146   Allocating 
 Small   0x00000003fb200000 0x00000003fb200a58 0x00000003fb400000 Y/146   Allocating 
 Small   0x00000003fb400000 0x00000003fb40c300 0x00000003fb600000 Y/146   Allocating 
 Small   0x00000003fb600000 0x00000003fb800000 0x00000003fb800000 Y/146   Allocating 
 Small   0x00000003fb800000 0x00000003fba00000 0x00000003fba00000 Y/146   Allocating 
 Small   0x00000003fba00000 0x00000003fbc00000 0x00000003fbc00000 Y/146   Allocating 
 Small   0x00000003fbc00000 0x00000003fbe00000 0x00000003fbe00000 Y/146   Allocating 
 Small   0x00000003fbe00000 0x00000003fc000000 0x00000003fc000000 Y/146   Allocating 
 Small   0x00000003fc000000 0x00000003fc200000 0x00000003fc200000 Y/146   Allocating 
 Small   0x00000003fc200000 0x00000003fc400000 0x00000003fc400000 Y/146   Allocating 
 Small   0x00000003fc400000 0x00000003fc600000 0x00000003fc600000 Y/146   Allocating 
 Small   0x00000003fc600000 0x00000003fc800000 0x00000003fc800000 Y/146   Allocating 
 Small   0x00000003fc800000 0x00000003fca00000 0x00000003fca00000 Y/146   Allocating 
 Small   0x00000003fca00000 0x00000003fcc00000 0x00000003fcc00000 Y/146   Allocating 
 Small   0x00000003fcc00000 0x00000003fce00000 0x00000003fce00000 Y/146   Allocating 
 Small   0x00000003fce00000 0x00000003fcffffe8 0x00000003fd000000 O/15    Allocating 
 Small   0x00000003fd000000 0x00000003fd200000 0x00000003fd200000 Y/146   Allocating 
 Small   0x00000003fd200000 0x00000003fd400000 0x00000003fd400000 Y/146   Allocating 
 Small   0x00000003fd400000 0x00000003fd600000 0x00000003fd600000 Y/146   Allocating 
 Small   0x00000003fd600000 0x00000003fd800000 0x00000003fd800000 Y/146   Allocating 
 Small   0x00000003fd800000 0x00000003fda00000 0x00000003fda00000 Y/146   Allocating 
 Small   0x00000003fda00000 0x00000003fdc00000 0x00000003fdc00000 Y/146   Allocating 
 Small   0x00000003fdc00000 0x00000003fddfff28 0x00000003fde00000 O/15    Allocating 
 Small   0x00000003fde00000 0x00000003fe000000 0x00000003fe000000 Y/146   Allocating 
 Large   0x00000003fe600000 0x00000003fee00000 0x00000003fee00000 O/15    Allocating 
 Medium  0x0000003ffe000000 0x0000003fffbd3000 0x0000004000000000 O/15    Allocating 

ZBarrierSet

Polling page: 0x0000028184cc0000

Metaspace:

Usage:
  Non-class:    294.34 MB used.
      Class:     59.46 MB used.
       Both:    353.81 MB used.

Virtual space:
  Non-class space:      320.00 MB reserved,     296.50 MB ( 93%) committed,  5 nodes.
      Class space:        1.00 GB reserved,      61.31 MB (  6%) committed,  1 nodes.
             Both:        1.31 GB reserved,     357.81 MB ( 27%) committed. 

Chunk freelists:
   Non-Class:  7.34 MB
       Class:  2.67 MB
        Both:  10.02 MB

MaxMetaspaceSize: unlimited
CompressedClassSpaceSize: 1.00 GB
Initial GC threshold: 21.00 MB
Current GC threshold: 595.94 MB
CDS: off
 - commit_granule_bytes: 65536.
 - commit_granule_words: 8192.
 - virtual_space_node_default_size: 8388608.
 - enlarge_chunks_in_place: 1.
 - use_allocation_guard: 0.


Internal statistics:

num_allocs_failed_limit: 117.
num_arena_births: 7906.
num_arena_deaths: 994.
num_vsnodes_births: 6.
num_vsnodes_deaths: 0.
num_space_committed: 5718.
num_space_uncommitted: 0.
num_chunks_returned_to_freelist: 1513.
num_chunks_taken_from_freelist: 27563.
num_chunk_merges: 736.
num_chunk_splits: 15528.
num_chunks_enlarged: 8633.
num_inconsistent_stats: 0.

CodeHeap 'non-profiled nmethods': size=119168Kb used=65627Kb max_used=66477Kb free=53541Kb
 bounds [0x0000028192550000, 0x0000028196720000, 0x00000281999b0000]
CodeHeap 'profiled nmethods': size=119104Kb used=59879Kb max_used=83715Kb free=59224Kb
 bounds [0x000002818a9b0000, 0x000002818fb80000, 0x0000028191e00000]
CodeHeap 'non-nmethods': size=7488Kb used=4604Kb max_used=6530Kb free=2883Kb
 bounds [0x0000028191e00000, 0x0000028192490000, 0x0000028192550000]
 total_blobs=40321 nmethods=36717 adapters=3501
 compilation: enabled
              stopped_count=0, restarted_count=0
 full_count=0

Compilation events (250 events):
Event: 265.599 Thread 0x0000028181253c70 78348       3       net.minecraft.world.level.block.BushBlock::mayPlaceOn (26 bytes)
Event: 265.600 Thread 0x0000028181253c70 nmethod 78348 0x000002818b96f690 code [0x000002818b96f880, 0x000002818b970100]
Event: 265.615 Thread 0x0000028181253c70 78349       3       net.minecraft.world.level.levelgen.structure.pools.LegacySinglePoolElement::getSettings (32 bytes)
Event: 265.616 Thread 0x0000028181253c70 nmethod 78349 0x000002818c4ed490 code [0x000002818c4ed680, 0x000002818c4edaa8]
Event: 265.616 Thread 0x0000028181253c70 78350       3       net.minecraft.world.level.levelgen.structure.templatesystem.StructurePlaceSettings::popProcessor (13 bytes)
Event: 265.616 Thread 0x0000028181253c70 nmethod 78350 0x000002818d33a010 code [0x000002818d33a1c0, 0x000002818d33a3c8]
Event: 265.616 Thread 0x0000028181253c70 78351       3       net.minecraft.world.entity.ai.sensing.SensorType$$Lambda/0x0000000080d75c90::get (8 bytes)
Event: 265.617 Thread 0x0000028181253c70 nmethod 78351 0x000002818bef4b90 code [0x000002818bef4d60, 0x000002818bef5118]
Event: 265.617 Thread 0x0000028181253c70 78353       3       it.unimi.dsi.fastutil.objects.Reference2ReferenceLinkedOpenHashMap$KeyIterator::next (13 bytes)
Event: 265.617 Thread 0x0000028181253c70 nmethod 78353 0x000002818b594a90 code [0x000002818b594c40, 0x000002818b594ed0]
Event: 265.617 Thread 0x0000028181253c70 78352       3       net.minecraft.world.entity.ai.sensing.PlayerSensor::<init> (5 bytes)
Event: 265.617 Thread 0x0000028181253c70 nmethod 78352 0x000002818c6cbe10 code [0x000002818c6cbfe0, 0x000002818c6cc2e0]
Event: 265.617 Thread 0x0000028181253c70 78354       3       net.minecraft.world.entity.ai.sensing.PlayerSensor::requires (13 bytes)
Event: 265.617 Thread 0x0000028181253c70 nmethod 78354 0x000002818bf7e310 code [0x000002818bf7e4c0, 0x000002818bf7e618]
Event: 265.982 Thread 0x00000281811aa360 78355       4       com.corosus.watut.PlayerStatusManagerClient::setupRotationsHook (1793 bytes)
Event: 265.992 Thread 0x00000281811aa360 nmethod 78355 0x0000028196373410 code [0x0000028196373640, 0x0000028196374370]
Event: 265.993 Thread 0x00000281811aa360 78356       4       net.minecraft.client.gui.Gui$$Lambda/0x0000000083bdd428::call (9 bytes)
Event: 265.993 Thread 0x00000285e08d8890 78357       4       net.minecraft.client.gui.Gui::mixinextras$bridge$renderCrosshair$mixinextras$wrapped$140$141 (36 bytes)
Event: 265.993 Thread 0x00000285e08d8f60 78358       4       net.minecraft.client.gui.Gui::renderCrosshair$mixinextras$wrapped$140 (557 bytes)
Event: 265.994 Thread 0x00000281811aa360 nmethod 78356 0x0000028195ea4990 code [0x0000028195ea4b60, 0x0000028195ea4e08]
Event: 265.994 Thread 0x00000285e08d8890 nmethod 78357 0x00000281959a1c10 code [0x00000281959a1dc0, 0x00000281959a2020]
Event: 265.994 Thread 0x00000281811aa360 78359       4       net.minecraft.client.gui.Gui::handler$zpp000$exposure$renderCrosshair (76 bytes)
Event: 265.994 Thread 0x00000285e08d8890 78360       4       net.minecraft.client.gui.Gui::handler$emk000$bridgingmod$renderPlacementAssistMarker (234 bytes)
Event: 265.995 Thread 0x00000285e08d8890 nmethod 78360 0x00000281938f9610 code [0x00000281938f97a0, 0x00000281938f98a8]
Event: 265.995 Thread 0x00000285e08d8890 78361       4       net.minecraft.client.gui.Gui$$Lambda/0x0000000082b6ca80::render (10 bytes)
Event: 265.996 Thread 0x00000285e08d8890 nmethod 78361 0x00000281959a1610 code [0x00000281959a17c0, 0x00000281959a1aa8]
Event: 265.998 Thread 0x00000281811aa360 nmethod 78359 0x000002819616ad90 code [0x000002819616b000, 0x000002819616b800]
Event: 266.031 Thread 0x00000285e08d8f60 nmethod 78358 0x0000028196226990 code [0x0000028196227000, 0x000002819622a978]
Event: 266.032 Thread 0x00000281811aa360 78362       4       net.minecraft.world.level.levelgen.structure.StructureStart::placeInChunk (164 bytes)
Event: 266.032 Thread 0x00000285e08d8890 78363       4       kotlin.ranges.RangesKt___RangesKt::coerceIn (71 bytes)
Event: 266.033 Thread 0x00000285e08d8890 nmethod 78363 0x0000028196226510 code [0x00000281962266a0, 0x0000028196226790]
Event: 266.042 Thread 0x00000281811aa360 nmethod 78362 0x0000028196169090 code [0x0000028196169340, 0x000002819616a4e0]
Event: 266.065 Thread 0x0000028181253c70 78364       3       net.minecraft.world.level.levelgen.structure.PoolElementStructurePiece::move (22 bytes)
Event: 266.066 Thread 0x0000028181253c70 nmethod 78364 0x000002818c0e7f10 code [0x000002818c0e80e0, 0x000002818c0e8478]
Event: 266.066 Thread 0x0000028181253c70 78365       3       net.minecraft.world.level.levelgen.structure.StructurePiece::move (12 bytes)
Event: 266.066 Thread 0x0000028181253c70 nmethod 78365 0x000002818c041d90 code [0x000002818c041f40, 0x000002818c0420d0]
Event: 266.346 Thread 0x00000285e08d8f60 78366       4       com.seibel.distanthorizons.core.file.fullDatafile.V2.FullDataUpdatePropagatorV2$$Lambda/0x00000000837760e0::apply (16 bytes)
Event: 266.348 Thread 0x00000285e08d8f60 nmethod 78366 0x0000028196168990 code [0x0000028196168b60, 0x0000028196168e80]
Event: 266.377 Thread 0x00000285e08d8f60 78367       4       net.minecraft.world.level.block.BushBlock::mayPlaceOn (26 bytes)
Event: 266.379 Thread 0x00000285e08d8f60 nmethod 78367 0x0000028196168310 code [0x00000281961684e0, 0x0000028196168768]
Event: 266.491 Thread 0x0000028181253c70 78368       3       com.mojang.datafixers.Typed$$Lambda/0x00000000836da000::apply (21 bytes)
Event: 266.491 Thread 0x0000028181253c70 nmethod 78368 0x000002818d9ac810 code [0x000002818d9ac9c0, 0x000002818d9acbe8]
Event: 266.491 Thread 0x0000028181253c70 78369       3       com.mojang.datafixers.Typed::lambda$updateTyped$6 (48 bytes)
Event: 266.492 Thread 0x0000028181253c70 nmethod 78369 0x000002818befb490 code [0x000002818befb7c0, 0x000002818befcc40]
Event: 266.492 Thread 0x0000028181253c70 78370       3       com.mojang.datafixers.types.Type::ifSame (13 bytes)
Event: 266.492 Thread 0x0000028181253c70 nmethod 78370 0x000002818b2c4a10 code [0x000002818b2c4c20, 0x000002818b2c5370]
Event: 266.492 Thread 0x0000028181253c70 78371       3       com.mojang.datafixers.types.Type::ifSame (19 bytes)
Event: 266.492 Thread 0x0000028181253c70 nmethod 78371 0x000002818b2b1590 code [0x000002818b2b17a0, 0x000002818b2b1d60]
Event: 266.595 Thread 0x0000028181253c70 78372       3       net.minecraft.util.datafix.fixes.BlockEntityRenameFix$$Lambda/0x000000008074fcc0::apply (12 bytes)
Event: 266.596 Thread 0x0000028181253c70 nmethod 78372 0x000002818b5f3090 code [0x000002818b5f32a0, 0x000002818b5f39d0]
Event: 266.596 Thread 0x0000028181253c70 78373       3       net.minecraft.util.datafix.fixes.BlockEntityRenameFix::lambda$makeRule$1 (7 bytes)
Event: 266.596 Thread 0x0000028181253c70 nmethod 78373 0x000002818b11f490 code [0x000002818b11f680, 0x000002818b11fbd0]
Event: 266.596 Thread 0x0000028181253c70 78374       3       net.minecraft.util.datafix.fixes.BlockEntityRenameFix$$Lambda/0x00000000836fae20::<init> (10 bytes)
Event: 266.596 Thread 0x0000028181253c70 nmethod 78374 0x000002818da87110 code [0x000002818da872c0, 0x000002818da874a0]
Event: 266.596 Thread 0x0000028181253c70 78375       3       com.mojang.datafixers.DataFix$$Lambda/0x000000008073bad0::apply (8 bytes)
Event: 266.596 Thread 0x0000028181253c70 nmethod 78375 0x000002818c2f7410 code [0x000002818c2f75e0, 0x000002818c2f79e0]
Event: 266.840 Thread 0x00000281811aa360 78376       4       com.mojang.datafixers.functions.PointFree::<init> (5 bytes)
Event: 266.841 Thread 0x0000028181253c70 78377       3       com.mojang.datafixers.functions.PointFreeRule$AppNest::compose (42 bytes)
Event: 266.841 Thread 0x00000281811aa360 nmethod 78376 0x0000028195aa8010 code [0x0000028195aa81a0, 0x0000028195aa8218]
Event: 266.841 Thread 0x0000028181253c70 nmethod 78377 0x000002818b499110 code [0x000002818b499340, 0x000002818b499bc8]
Event: 266.841 Thread 0x0000028181253c70 78378       3       com.mojang.datafixers.functions.PointFreeRule$AppNest::cap (17 bytes)
Event: 266.841 Thread 0x0000028181253c70 nmethod 78378 0x000002818c58ee90 code [0x000002818c58f080, 0x000002818c58f478]
Event: 266.841 Thread 0x00000281811aa360 78379       4       com.mojang.datafixers.types.templates.TaggedChoice::lambda$apply$0 (117 bytes)
Event: 266.841 Thread 0x0000028181253c70 78380       3       it.unimi.dsi.fastutil.objects.Object2ObjectOpenHashMap::<init> (8 bytes)
Event: 266.842 Thread 0x0000028181253c70 nmethod 78380 0x000002818c26de10 code [0x000002818c26dfe0, 0x000002818c26e120]
Event: 266.844 Thread 0x0000028181253c70 78384       3       com.mojang.datafixers.types.templates.CompoundList::size (22 bytes)
Event: 266.844 Thread 0x0000028181253c70 nmethod 78384 0x000002818c110710 code [0x000002818c1108e0, 0x000002818c110c80]
Event: 266.856 Thread 0x00000281811aa360 nmethod 78379 0x0000028195411e90 code [0x0000028195412220, 0x00000281954140c0]
Event: 266.857 Thread 0x00000281811aa360 78382       4       com.mojang.datafixers.types.Type::<init> (5 bytes)
Event: 266.857 Thread 0x00000281811aa360 nmethod 78382 0x00000281959a1310 code [0x00000281959a14a0, 0x00000281959a1518]
Event: 266.857 Thread 0x00000281811aa360 78383       4       com.mojang.datafixers.functions.Apply::<init> (20 bytes)
Event: 266.857 Thread 0x00000285e08d8890 78381       4       com.mojang.datafixers.functions.Apply::<init> (17 bytes)
Event: 266.857 Thread 0x00000281811aa360 nmethod 78383 0x0000028196167e90 code [0x0000028196168020, 0x0000028196168280]
Event: 266.857 Thread 0x00000281811aa360 78385       4       com.mojang.datafixers.types.templates.TaggedChoice::apply (8 bytes)
Event: 266.858 Thread 0x00000285e08d8890 nmethod 78381 0x0000028196167810 code [0x00000281961679e0, 0x0000028196167d58]
Event: 266.858 Thread 0x00000281811aa360 nmethod 78385 0x0000028196167490 code [0x0000028196167620, 0x0000028196167728]
Event: 266.872 Thread 0x00000281811aa360 78386       4       com.mojang.datafixers.functions.PointFreeRule$AppNest::compose (42 bytes)
Event: 266.873 Thread 0x00000285e08d8890 78387       4       com.mojang.datafixers.types.templates.RecursivePoint::equals (8 bytes)
Event: 266.874 Thread 0x00000281811aa360 nmethod 78386 0x0000028196166e90 code [0x0000028196167060, 0x00000281961672d8]
Event: 266.875 Thread 0x00000285e08d8890 nmethod 78387 0x0000028196166a10 code [0x0000028196166bc0, 0x0000028196166ce0]
Event: 266.880 Thread 0x00000285e08d8890 78388       4       com.mojang.datafixers.types.templates.Check$CheckType::all (33 bytes)
Event: 266.882 Thread 0x0000028181253c70 78389       3       it.unimi.dsi.fastutil.objects.Object2ObjectMaps::fastIterable (27 bytes)
Event: 266.883 Thread 0x0000028181253c70 nmethod 78389 0x000002818bdbba10 code [0x000002818bdbbbe0, 0x000002818bdbc068]
Event: 266.883 Thread 0x0000028181253c70 78390       3       it.unimi.dsi.fastutil.objects.Object2ObjectMaps$1::<init> (10 bytes)
Event: 266.883 Thread 0x0000028181253c70 nmethod 78390 0x000002818db13190 code [0x000002818db13340, 0x000002818db13520]
Event: 266.883 Thread 0x00000285e08d8890 nmethod 78388 0x0000028196165890 code [0x0000028196165ae0, 0x0000028196166460]
Event: 266.884 Thread 0x0000028181253c70 78391       3       com.mojang.datafixers.types.templates.TaggedChoice$$Lambda/0x00000000806d4f08::apply (12 bytes)
Event: 266.884 Thread 0x0000028181253c70 nmethod 78391 0x000002818e158d90 code [0x000002818e158f40, 0x000002818e159198]
Event: 266.889 Thread 0x00000281811aa360 78392       4       com.mojang.datafixers.types.families.RecursiveTypeFamily::buildMuType (111 bytes)
Event: 266.891 Thread 0x00000285e08d8890 78393       4       com.mojang.datafixers.TypeRewriteRule::nop (4 bytes)
Event: 266.891 Thread 0x0000028181253c70 78394       3       com.mojang.datafixers.types.templates.Named$NamedType::equals (60 bytes)
Event: 266.891 Thread 0x00000285e08d8890 nmethod 78393 0x00000281959a1010 code [0x00000281959a11a0, 0x00000281959a1210]
Event: 266.891 Thread 0x0000028181253c70 nmethod 78394 0x000002818ae98b10 code [0x000002818ae98d20, 0x000002818ae99438]
Event: 266.891 Thread 0x0000028181253c70 78402       3       com.google.common.collect.Lists::equalsImpl (114 bytes)
Event: 266.891 Thread 0x00000285e08d8890 78400       4       com.mojang.datafixers.TypeRewriteRule::seq (9 bytes)
Event: 266.891 Thread 0x00000285e08d8f60 78401       4       com.mojang.datafixers.TypeRewriteRule$Seq::<init> (26 bytes)
Event: 266.891 Thread 0x0000028181253c70 nmethod 78402 0x000002818babd890 code [0x000002818babdb60, 0x000002818babead0]
Event: 266.891 Thread 0x0000028181253c70 78403       3       com.mojang.datafixers.types.Type::everywhere (36 bytes)
Event: 266.892 Thread 0x0000028181253c70 nmethod 78403 0x000002818b462990 code [0x000002818b462ca0, 0x000002818b463e78]
Event: 266.892 Thread 0x0000028181253c70 78408       3       com.google.common.collect.ImmutableList::equals (6 bytes)
Event: 266.892 Thread 0x0000028181253c70 nmethod 78408 0x000002818c6acd90 code [0x000002818c6acf40, 0x000002818c6ad078]
Event: 266.892 Thread 0x0000028181253c70 78407       3       com.mojang.datafixers.types.Type$RewriteCacheKey::equals (8 bytes)
Event: 266.893 Thread 0x0000028181253c70 nmethod 78407 0x000002818af95e90 code [0x000002818af96280, 0x000002818af97b10]
Event: 266.894 Thread 0x0000028181253c70 78395       3       com.mojang.datafixers.TypeRewriteRule$OrElse::equals (55 bytes)
Event: 266.894 Thread 0x0000028181253c70 nmethod 78395 0x000002818bbbfc10 code [0x000002818bbbfe40, 0x000002818bbc06c8]
Event: 266.894 Thread 0x0000028181253c70 78405       2       com.mojang.datafixers.TypeRewriteRule::everywhere (12 bytes)
Event: 266.894 Thread 0x0000028181253c70 nmethod 78405 0x000002818cd3e090 code [0x000002818cd3e240, 0x000002818cd3e3b8]
Event: 266.894 Thread 0x0000028181253c70 78406       2       com.mojang.datafixers.TypeRewriteRule$Everywhere::<init> (60 bytes)
Event: 266.895 Thread 0x0000028181253c70 nmethod 78406 0x000002818b545f90 code [0x000002818b546180, 0x000002818b546790]
Event: 266.895 Thread 0x0000028181253c70 78409       3       com.google.common.collect.ImmutableList::subList (52 bytes)
Event: 266.896 Thread 0x0000028181253c70 nmethod 78409 0x000002818cda5c90 code [0x000002818cda5f00, 0x000002818cda6978]
Event: 266.896 Thread 0x0000028181253c70 78410       3       com.google.common.collect.ImmutableList::subListUnchecked (13 bytes)
Event: 266.896 Thread 0x00000285e08d8f60 nmethod 78401 0x0000028195411390 code [0x00000281954115a0, 0x0000028195411b40]
Event: 266.896 Thread 0x0000028181253c70 nmethod 78410 0x000002818c43d890 code [0x000002818c43da60, 0x000002818c43de20]
Event: 266.896 Thread 0x00000285e08d8f60 78396       4       com.mojang.datafixers.TypeRewriteRule::seq (33 bytes)
Event: 266.896 Thread 0x0000028181253c70 78411       3       com.google.common.collect.ImmutableList$SubList::<init> (20 bytes)
Event: 266.896 Thread 0x0000028181253c70 nmethod 78411 0x000002818c8a7310 code [0x000002818c8a74e0, 0x000002818c8a77e0]
Event: 266.897 Thread 0x00000285e08d8890 nmethod 78400 0x0000028195410790 code [0x00000281954109a0, 0x0000028195410fa8]
Event: 266.897 Thread 0x00000285e08d8890 78404       4       com.mojang.datafixers.TypeRewriteRule::orElse (10 bytes)
Event: 266.897 Thread 0x0000028181253c70 78412       3       com.mojang.datafixers.DSL$$Lambda/0x00000000806d6530::apply (8 bytes)
Event: 266.897 Thread 0x0000028181253c70 nmethod 78412 0x000002818e2d4890 code [0x000002818e2d4a40, 0x000002818e2d4c60]
Event: 266.897 Thread 0x0000028181253c70 78413       3       com.mojang.datafixers.DSL$Instances$TaggedChoiceCacheKey::build (27 bytes)
Event: 266.897 Thread 0x0000028181253c70 nmethod 78413 0x000002818bc21b10 code [0x000002818bc21d40, 0x000002818bc222c0]
Event: 266.897 Thread 0x0000028181253c70 78414       3       com.mojang.datafixers.types.templates.TaggedChoice$TaggedChoiceType::<init> (43 bytes)
Event: 266.898 Thread 0x0000028181253c70 nmethod 78414 0x000002818bbd8e10 code [0x000002818bbd9020, 0x000002818bbd98b8]
Event: 266.900 Thread 0x00000285e08d8890 nmethod 78404 0x0000028195410190 code [0x0000028195410340, 0x0000028195410608]
Event: 266.900 Thread 0x00000285e08d8890 78397       4       com.mojang.datafixers.TypeRewriteRule$OrElse::<init> (34 bytes)
Event: 266.901 Thread 0x00000285e08d8f60 nmethod 78396 0x000002819540f710 code [0x000002819540f900, 0x000002819540fdc8]
Event: 266.901 Thread 0x00000285e08d8f60 78398       4       com.mojang.datafixers.TypeRewriteRule::all (11 bytes)
Event: 266.902 Thread 0x00000285e08d8890 nmethod 78397 0x000002819540f090 code [0x000002819540f240, 0x000002819540f5e0]
Event: 266.902 Thread 0x00000285e08d8890 78399       4       com.mojang.datafixers.TypeRewriteRule$All::<init> (49 bytes)
Event: 266.905 Thread 0x00000285e08d8f60 nmethod 78398 0x000002819581c890 code [0x000002819581ca40, 0x000002819581cd60]
Event: 266.906 Thread 0x00000285e08d8890 nmethod 78399 0x000002819581c290 code [0x000002819581c440, 0x000002819581c790]
Event: 266.908 Thread 0x0000028181253c70 78415       3       com.mojang.datafixers.types.templates.CompoundList::hmap (9 bytes)
Event: 266.908 Thread 0x0000028181253c70 nmethod 78415 0x000002818bd29590 code [0x000002818bd297a0, 0x000002818bd29e20]
Event: 266.908 Thread 0x0000028181253c70 78416       3       com.mojang.datafixers.types.templates.CompoundList$$Lambda/0x00000000836cb2b0::<init> (20 bytes)
Event: 266.908 Thread 0x0000028181253c70 nmethod 78416 0x000002818d001e90 code [0x000002818d002040, 0x000002818d002308]
Event: 266.908 Thread 0x0000028181253c70 78417       3       com.mojang.datafixers.types.templates.CompoundList$$Lambda/0x00000000836cb2b0::apply (17 bytes)
Event: 266.908 Thread 0x0000028181253c70 nmethod 78417 0x000002818db40290 code [0x000002818db40440, 0x000002818db40630]
Event: 266.908 Thread 0x0000028181253c70 78418       3       com.mojang.datafixers.types.templates.CompoundList::lambda$hmap$3 (64 bytes)
Event: 266.908 Thread 0x0000028181253c70 nmethod 78418 0x000002818bd86990 code [0x000002818bd86c40, 0x000002818bd87a78]
Event: 266.908 Thread 0x0000028181253c70 78419       3       com.mojang.datafixers.types.templates.CompoundList::cap (10 bytes)
Event: 266.909 Thread 0x0000028181253c70 nmethod 78419 0x000002818e3e6c10 code [0x000002818e3e6dc0, 0x000002818e3e6fe8]
Event: 266.909 Thread 0x00000281811aa360 nmethod 78392 0x0000028195818990 code [0x0000028195818dc0, 0x000002819581b0f8]
Event: 266.912 Thread 0x00000281811aa360 78420       4       com.mojang.datafixers.DSL$$Lambda/0x00000000806d6530::apply (8 bytes)
Event: 266.914 Thread 0x00000281811aa360 nmethod 78420 0x0000028195817e10 code [0x0000028195818000, 0x0000028195818730]
Event: 266.935 Thread 0x00000281811aa360 78421 %     4       com.mojang.datafixers.types.templates.TaggedChoice::lambda$hmap$2 @ 35 (121 bytes)
Event: 266.944 Thread 0x00000281811aa360 nmethod 78421% 0x00000281927d5990 code [0x00000281927d5d40, 0x00000281927d77d0]
Event: 266.949 Thread 0x0000028181253c70 78422       3       com.mojang.datafixers.functions.Fold$$Lambda/0x00000000836ca1d8::apply (8 bytes)
Event: 266.949 Thread 0x0000028181253c70 nmethod 78422 0x000002818b73ef10 code [0x000002818b73f100, 0x000002818b73f778]
Event: 266.949 Thread 0x0000028181253c70 78423       3       com.mojang.datafixers.functions.Fold::lambda$eval$1 (26 bytes)
Event: 266.949 Thread 0x0000028181253c70 nmethod 78423 0x000002818bdb0910 code [0x000002818bdb0b00, 0x000002818bdb1030]
Event: 266.971 Thread 0x00000281811aa360 78424       4       com.mojang.datafixers.types.templates.TaggedChoice::lambda$hmap$2 (121 bytes)
Event: 266.987 Thread 0x00000281811aa360 nmethod 78424 0x00000281927d0f90 code [0x00000281927d1420, 0x00000281927d3de8]
Event: 266.990 Thread 0x0000028181253c70 78425       3       com.mojang.datafixers.types.templates.Hook::hmap (9 bytes)
Event: 266.990 Thread 0x0000028181253c70 nmethod 78425 0x000002818bd43910 code [0x000002818bd43b20, 0x000002818bd441d8]
Event: 266.990 Thread 0x0000028181253c70 78426       3       com.mojang.datafixers.types.templates.Hook$$Lambda/0x00000000836df190::<init> (20 bytes)
Event: 266.990 Thread 0x0000028181253c70 nmethod 78426 0x000002818d06ab10 code [0x000002818d06acc0, 0x000002818d06af88]
Event: 266.990 Thread 0x0000028181253c70 78427       3       com.mojang.datafixers.types.templates.Hook$$Lambda/0x00000000836df190::apply (17 bytes)
Event: 266.990 Thread 0x0000028181253c70 nmethod 78427 0x000002818dbe6890 code [0x000002818dbe6a40, 0x000002818dbe6c30]
Event: 266.990 Thread 0x0000028181253c70 78428       3       com.mojang.datafixers.types.templates.Hook::lambda$hmap$2 (31 bytes)
Event: 266.991 Thread 0x0000028181253c70 nmethod 78428 0x000002818bcde410 code [0x000002818bcde680, 0x000002818bcdf1d8]
Event: 267.369 Thread 0x0000028181253c70 78429       3       net.minecraft.util.datafix.fixes.BlockEntityRenameFix$$Lambda/0x00000000836fae20::apply (12 bytes)
Event: 267.370 Thread 0x0000028181253c70 nmethod 78429 0x000002818be83990 code [0x000002818be83ba0, 0x000002818be84268]
Event: 267.370 Thread 0x0000028181253c70 78430       3       net.minecraft.util.datafix.fixes.BlockEntityRenameFix::lambda$makeRule$0 (9 bytes)
Event: 267.370 Thread 0x0000028181253c70 nmethod 78430 0x000002818b381510 code [0x000002818b381700, 0x000002818b381c38]
Event: 267.529 Thread 0x0000028181253c70 78431       3       cpw.mods.cl.ModuleClassLoader::getResources (9 bytes)
Event: 267.529 Thread 0x0000028181253c70 nmethod 78431 0x000002818c59a790 code [0x000002818c59a980, 0x000002818c59ade0]
Event: 268.594 Thread 0x00000281811aa360 78432       4       dev.worldgen.lithostitched.worldgen.structure.AlternateJigsawGenerator$StructurePoolGenerator::getTemplatePoolHolder (105 bytes)
Event: 268.599 Thread 0x00000281811aa360 nmethod 78432 0x00000281927cff90 code [0x00000281927d01e0, 0x00000281927d0a78]
Event: 268.655 Thread 0x00000281811aa360 78433       4       java.util.concurrent.ConcurrentHashMap$KeyIterator::<init> (12 bytes)
Event: 268.657 Thread 0x00000281811aa360 nmethod 78433 0x0000028195817390 code [0x0000028195817560, 0x0000028195817c50]
Event: 269.799 Thread 0x0000028181253c70 78434       3       io.netty.buffer.UnpooledHeapByteBuf::<init> (76 bytes)
Event: 269.800 Thread 0x0000028181253c70 nmethod 78434 0x000002818bbe3c90 code [0x000002818bbe4080, 0x000002818bbe5c70]
Event: 269.915 Thread 0x00000281811aa360 78435       4       io.netty.channel.local.LocalChannel$5::run (12 bytes)
Event: 269.919 Thread 0x00000281811aa360 nmethod 78435 0x00000281958a1010 code [0x00000281958a12c0, 0x00000281958a2198]
Event: 270.062 Thread 0x00000281811aa360 78436       4       com.seibel.distanthorizons.common.wrappers.minecraft.MinecraftGLWrapper::glDeleteBuffers (5 bytes)
Event: 270.065 Thread 0x0000028181253c70 78437       3       com.seibel.distanthorizons.common.render.openGl.glObject.buffer.GLBuffer::destroyBufferIdNow (126 bytes)
Event: 270.066 Thread 0x00000281811aa360 nmethod 78436 0x0000028195816910 code [0x0000028195816b00, 0x0000028195816f80]
Event: 270.066 Thread 0x0000028181253c70 nmethod 78437 0x000002818b1aff90 code [0x000002818b1b0340, 0x000002818b1b1918]
Event: 270.073 Thread 0x0000028181253c70 78438   !   3       com.seibel.distanthorizons.core.dataObjects.render.bufferBuilding.LodBufferContainer::lambda$uploadBuffersAsync$0 (111 bytes)
Event: 270.074 Thread 0x0000028181253c70 nmethod 78438 0x000002818abfc590 code [0x000002818abfc920, 0x000002818abfddf8]
Event: 270.085 Thread 0x0000028181253c70 78439       3       com.seibel.distanthorizons.common.render.openGl.glObject.buffer.GLBuffer::destroyOldAndCreate (99 bytes)
Event: 270.086 Thread 0x0000028181253c70 nmethod 78439 0x000002818af4a810 code [0x000002818af4aba0, 0x000002818af4bf70]
Event: 270.100 Thread 0x0000028181253c70 78440       3       com.seibel.distanthorizons.core.util.objects.GLMessages.GLMessageOutputStream::write (19 bytes)
Event: 270.100 Thread 0x0000028181253c70 nmethod 78440 0x000002818d187e10 code [0x000002818d187fe0, 0x000002818d188260]
Event: 270.935 Thread 0x00000281811aa360 78441       4       net.minecraft.world.level.block.StairBlock::rotate (25 bytes)
Event: 270.938 Thread 0x00000281811aa360 nmethod 78441 0x0000028195816190 code [0x0000028195816380, 0x0000028195816670]
Event: 270.985 Thread 0x00000281811aa360 78442       4       com.seibel.distanthorizons.core.dataObjects.BlockBiomeWrapperPair$$Lambda/0x00000000837573c8::apply (16 bytes)
Event: 270.986 Thread 0x00000281811aa360 nmethod 78442 0x0000028195815c10 code [0x0000028195815dc0, 0x0000028195815fc8]
Event: 271.118 Thread 0x00000281811aa360 78443       4       com.jesz.createdieselgenerators.content.diesel_engine.modular.ModularDieselEngineBlock$PlacementHelper$$Lambda/0x0000000083bc5468::test (12 bytes)
Event: 271.121 Thread 0x00000281811aa360 nmethod 78443 0x00000281958a0890 code [0x00000281958a0a60, 0x00000281958a0da0]
Event: 271.121 Thread 0x00000281811aa360 78444       4       com.jesz.createdieselgenerators.content.diesel_engine.huge.HugeDieselEngineBlock$PlacementHelper::getItemPredicate (14 bytes)
Event: 271.121 Thread 0x00000285e08d8890 78449  s    4       java.io.ByteArrayOutputStream::reset (6 bytes)
Event: 271.123 Thread 0x00000281811aa360 nmethod 78444 0x00000281927cf990 code [0x00000281927cfb20, 0x00000281927cfc18]
Event: 271.123 Thread 0x00000285e08d8890 nmethod 78449 0x00000281958a0490 code [0x00000281958a0620, 0x00000281958a07e0]
Event: 271.123 Thread 0x00000281811aa360 78445       4       com.jesz.createdieselgenerators.content.diesel_engine.huge.HugeDieselEngineBlock$PlacementHelper$$Lambda/0x0000000083bc56b0::test (12 bytes)
Event: 271.123 Thread 0x00000285e08d8890 78446       4       com.jesz.createdieselgenerators.content.pumpjack.PumpjackCrankBlock$PlacementHelper::getItemPredicate (14 bytes)
Event: 271.124 Thread 0x00000285e08d8890 nmethod 78446 0x00000281958a0110 code [0x00000281958a02a0, 0x00000281958a0398]
Event: 271.124 Thread 0x00000285e08d8890 78447       4       com.jesz.createdieselgenerators.content.pumpjack.PumpjackCrankBlock$PlacementHelper$$Lambda/0x0000000083bc58f8::test (12 bytes)
Event: 271.124 Thread 0x00000281811aa360 nmethod 78445 0x000002819589f990 code [0x000002819589fb60, 0x000002819589fea0]
Event: 271.125 Thread 0x00000281811aa360 78448       4       com.ninni.spawn.server.network.ChargedJumpPacket$$Lambda/0x000000008317b7b0::encode (12 bytes)
Event: 271.125 Thread 0x00000281811aa360 nmethod 78448 0x000002819589f510 code [0x000002819589f6c0, 0x000002819589f820]
Event: 271.126 Thread 0x00000285e08d8890 nmethod 78447 0x000002819589ed90 code [0x000002819589ef60, 0x000002819589f2a0]
Event: 271.323 Thread 0x00000285e08d8890 78450       4       net.minecraft.world.level.levelgen.feature.UnderwaterMagmaFeature::place (187 bytes)
Event: 271.327 Thread 0x00000281811aa360 78451       4       net.minecraft.world.level.levelgen.feature.UnderwaterMagmaFeature::handler$zja000$yungsapi$noMagmaInStructures (47 bytes)
Event: 271.329 Thread 0x00000281811aa360 nmethod 78451 0x000002819589e810 code [0x000002819589e9c0, 0x000002819589ebb8]
Event: 271.333 Thread 0x00000285e08d8890 nmethod 78450 0x000002819589c790 code [0x000002819589cb20, 0x000002819589da30]
Event: 271.373 Thread 0x00000281811aa360 78452       4       net.minecraft.world.level.levelgen.feature.UnderwaterMagmaFeature$$Lambda/0x000000008373e630::test (8 bytes)
Event: 271.374 Thread 0x00000281811aa360 nmethod 78452 0x000002819589c390 code [0x000002819589c520, 0x000002819589c668]
Event: 271.385 Thread 0x00000281811aa360 78453       4       dev.hybridlabs.aquatic.world.gen.feature.VentPatchFeature::generateTubeWormPatch (266 bytes)
Event: 271.397 Thread 0x00000285e08d8890 78454       4       net.minecraft.world.entity.ai.navigation.PathNavigation::<init> (64 bytes)
Event: 271.409 Thread 0x00000285e08d8890 nmethod 78454 0x0000028195899e10 code [0x000002819589a180, 0x000002819589baf0]
Event: 271.462 Thread 0x00000281811aa360 nmethod 78453 0x0000028196585190 code [0x0000028196585c80, 0x000002819658ed38]
Event: 271.652 Thread 0x0000028181253c70 78455       3       org.apache.logging.log4j.core.util.datetime.FormatCache$MultipartKey::equals (15 bytes)
Event: 271.653 Thread 0x0000028181253c70 nmethod 78455 0x000002818e416e90 code [0x000002818e417040, 0x000002818e4172c8]
Event: 271.654 Thread 0x0000028181253c70 78456       1       net.minecraft.nbt.DoubleTag$1::isValue (2 bytes)
Event: 271.654 Thread 0x0000028181253c70 nmethod 78456 0x0000028195899910 code [0x0000028195899aa0, 0x0000028195899b68]
Event: 271.663 Thread 0x0000028181253c70 78457       3       com.yungnickyoung.minecraft.bettermineshafts.world.generator.pieces.BigTunnel::determineBoxPosition (14 bytes)
Event: 271.664 Thread 0x0000028181253c70 nmethod 78457 0x000002818c7d4810 code [0x000002818c7d49c0, 0x000002818c7d4af0]
Event: 271.664 Thread 0x0000028181253c70 78458       3       com.yungnickyoung.minecraft.bettermineshafts.world.generator.pieces.BigTunnel::<init> (59 bytes)
Event: 271.664 Thread 0x0000028181253c70 nmethod 78458 0x000002818b7d6a10 code [0x000002818b7d6d60, 0x000002818b7d8448]
Event: 271.664 Thread 0x0000028181253c70 78459       3       com.yungnickyoung.minecraft.bettermineshafts.world.generator.pieces.BigTunnel::addChildren (288 bytes)
Event: 271.664 Thread 0x0000028181253c70 nmethod 78459 0x000002818ba11e10 code [0x000002818ba120e0, 0x000002818ba12ce0]
Event: 271.664 Thread 0x0000028181253c70 78460       3       com.yungnickyoung.minecraft.bettermineshafts.world.generator.pieces.LayeredIntersection5::<init> (17 bytes)
Event: 271.665 Thread 0x0000028181253c70 nmethod 78460 0x000002818c8b2f90 code [0x000002818c8b3180, 0x000002818c8b3688]
Event: 271.665 Thread 0x0000028181253c70 78461       3       com.yungnickyoung.minecraft.bettermineshafts.world.generator.pieces.LayeredIntersection5::addChildren (360 bytes)
Event: 271.665 Thread 0x0000028181253c70 nmethod 78461 0x000002818d147d90 code [0x000002818d148020, 0x000002818d148a80]
Event: 271.665 Thread 0x0000028181253c70 78462       3       com.yungnickyoung.minecraft.bettermineshafts.world.generator.pieces.LayeredIntersection4::determineBoxPosition (225 bytes)
Event: 271.665 Thread 0x0000028181253c70 nmethod 78462 0x000002818baa7b90 code [0x000002818baa7da0, 0x000002818baa8380]
Event: 271.708 Thread 0x0000028181253c70 78463       3       net.minecraft.world.entity.ai.behavior.SetWalkTargetAwayFrom$$Lambda/0x00000000804aa580::apply (28 bytes)
Event: 271.709 Thread 0x0000028181253c70 nmethod 78463 0x000002818e4dd290 code [0x000002818e4dd440, 0x000002818e4dd6d8]
Event: 271.709 Thread 0x0000028181253c70 78464       3       net.minecraft.world.entity.ai.behavior.SetWalkTargetAwayFrom::lambda$create$2 (37 bytes)
Event: 271.709 Thread 0x0000028181253c70 nmethod 78464 0x000002818ba9de90 code [0x000002818ba9e1a0, 0x000002818ba9f250]
Event: 271.709 Thread 0x0000028181253c70 78465       3       net.minecraft.world.entity.ai.behavior.SetWalkTargetAwayFrom$$Lambda/0x00000000804aa7b8::<init> (32 bytes)
Event: 271.709 Thread 0x0000028181253c70 nmethod 78465 0x000002818e4ff410 code [0x000002818e4ff5c0, 0x000002818e4ff820]
Event: 271.739 Thread 0x0000028181253c70 78466       3       net.minecraft.world.entity.ai.Brain::eraseMemoriesForOtherActivitesThan (98 bytes)
Event: 271.739 Thread 0x0000028181253c70 nmethod 78466 0x000002818cf4e910 code [0x000002818cf4ebc0, 0x000002818cf4fa00]
Event: 271.739 Thread 0x0000028181253c70 78467       3       net.minecraft.world.entity.Mob::handler$bok000$lithium$trackBodyArmor (49 bytes)
Event: 271.740 Thread 0x0000028181253c70 nmethod 78467 0x000002818bafd290 code [0x000002818bafd4a0, 0x000002818bafda68]
Event: 271.744 Thread 0x00000281811aa360 78468       4       java.util.concurrent.ForkJoinPool::runWorker (60 bytes)
Event: 271.750 Thread 0x00000281811aa360 nmethod 78468 0x00000281953d2e90 code [0x00000281953d30c0, 0x00000281953d3ac0]
Event: 271.884 Thread 0x0000028181253c70 78469   !   3       java.util.Collections$SynchronizedCollection::removeIf (25 bytes)
Event: 271.885 Thread 0x0000028181253c70 nmethod 78469 0x000002818c948f10 code [0x000002818c9490c0, 0x000002818c9493f0]
Event: 271.891 Thread 0x00000281811aa360 78470       4       com.mojang.serialization.DynamicOps$$Lambda/0x00000000811547e8::apply (8 bytes)
Event: 271.893 Thread 0x00000281811aa360 nmethod 78470 0x0000028196584c90 code [0x0000028196584e40, 0x0000028196585000]
Event: 271.899 Thread 0x00000281811aa360 78471       4       com.yungnickyoung.minecraft.bettermineshafts.world.generator.pieces.BetterMineshaftPiece::fill (108 bytes)
Event: 271.906 Thread 0x00000281811aa360 nmethod 78471 0x00000281953d1e90 code [0x00000281953d2080, 0x00000281953d2888]
Event: 271.907 Thread 0x00000281811aa360 78472       4       com.yungnickyoung.minecraft.bettermineshafts.world.generator.pieces.BetterMineshaftPiece::fill (108 bytes)
Event: 271.913 Thread 0x00000281811aa360 nmethod 78472 0x00000281953d1010 code [0x00000281953d1200, 0x00000281953d18a0]

GC Heap History (250 events):
Event: 125.599 GC heap after
{Heap after GC invocations=24 (full 10):
 ZHeap           used 3644M, capacity 16384M, max capacity 16384M
 Metaspace       used 356307K, committed 360320K, reserved 1376256K
  class space    used 60463K, committed 62272K, reserved 1048576K
}
Event: 126.269 GC heap before
{Heap before GC invocations=24 (full 10):
 ZHeap           used 6176M, capacity 16384M, max capacity 16384M
 Metaspace       used 356630K, committed 360640K, reserved 1376256K
  class space    used 60476K, committed 62336K, reserved 1048576K
}
Event: 126.489 GC heap after
{Heap after GC invocations=25 (full 10):
 ZHeap           used 2912M, capacity 16384M, max capacity 16384M
 Metaspace       used 356743K, committed 360768K, reserved 1376256K
  class space    used 60478K, committed 62336K, reserved 1048576K
}
Event: 127.141 GC heap before
{Heap before GC invocations=25 (full 10):
 ZHeap           used 7136M, capacity 16384M, max capacity 16384M
 Metaspace       used 356957K, committed 361024K, reserved 1376256K
  class space    used 60487K, committed 62336K, reserved 1048576K
}
Event: 127.565 GC heap after
{Heap after GC invocations=26 (full 10):
 ZHeap           used 3918M, capacity 16384M, max capacity 16384M
 Metaspace       used 357008K, committed 361088K, reserved 1376256K
  class space    used 60490K, committed 62336K, reserved 1048576K
}
Event: 128.365 GC heap before
{Heap before GC invocations=26 (full 10):
 ZHeap           used 8786M, capacity 16384M, max capacity 16384M
 Metaspace       used 357176K, committed 361280K, reserved 1376256K
  class space    used 60496K, committed 62336K, reserved 1048576K
}
Event: 128.624 GC heap after
{Heap after GC invocations=27 (full 10):
 ZHeap           used 3380M, capacity 16384M, max capacity 16384M
 Metaspace       used 357218K, committed 361280K, reserved 1376256K
  class space    used 60497K, committed 62336K, reserved 1048576K
}
Event: 129.727 GC heap before
{Heap before GC invocations=27 (full 10):
 ZHeap           used 9552M, capacity 16384M, max capacity 16384M
 Metaspace       used 357458K, committed 361472K, reserved 1376256K
  class space    used 60515K, committed 62336K, reserved 1048576K
}
Event: 130.061 GC heap after
{Heap after GC invocations=28 (full 10):
 ZHeap           used 5456M, capacity 16384M, max capacity 16384M
 Metaspace       used 357527K, committed 361536K, reserved 1376256K
  class space    used 60518K, committed 62336K, reserved 1048576K
}
Event: 130.780 GC heap before
{Heap before GC invocations=28 (full 10):
 ZHeap           used 9268M, capacity 16384M, max capacity 16384M
 Metaspace       used 357598K, committed 361664K, reserved 1376256K
  class space    used 60525K, committed 62400K, reserved 1048576K
}
Event: 131.171 GC heap after
{Heap after GC invocations=29 (full 10):
 ZHeap           used 5160M, capacity 16384M, max capacity 16384M
 Metaspace       used 357654K, committed 361728K, reserved 1376256K
  class space    used 60534K, committed 62400K, reserved 1048576K
}
Event: 131.617 GC heap before
{Heap before GC invocations=29 (full 10):
 ZHeap           used 8242M, capacity 16384M, max capacity 16384M
 Metaspace       used 357691K, committed 361728K, reserved 1376256K
  class space    used 60537K, committed 62400K, reserved 1048576K
}
Event: 131.843 GC heap after
{Heap after GC invocations=30 (full 10):
 ZHeap           used 3918M, capacity 16384M, max capacity 16384M
 Metaspace       used 357705K, committed 361792K, reserved 1376256K
  class space    used 60538K, committed 62400K, reserved 1048576K
}
Event: 132.904 GC heap before
{Heap before GC invocations=30 (full 10):
 ZHeap           used 8062M, capacity 16384M, max capacity 16384M
 Metaspace       used 357758K, committed 361792K, reserved 1376256K
  class space    used 60544K, committed 62400K, reserved 1048576K
}
Event: 133.163 GC heap after
{Heap after GC invocations=31 (full 10):
 ZHeap           used 3768M, capacity 16384M, max capacity 16384M
 Metaspace       used 357771K, committed 361856K, reserved 1376256K
  class space    used 60544K, committed 62400K, reserved 1048576K
}
Event: 134.593 GC heap before
{Heap before GC invocations=31 (full 10):
 ZHeap           used 10506M, capacity 16384M, max capacity 16384M
 Metaspace       used 358015K, committed 362112K, reserved 1376256K
  class space    used 60586K, committed 62464K, reserved 1048576K
}
Event: 134.941 GC heap after
{Heap after GC invocations=32 (full 10):
 ZHeap           used 3886M, capacity 16384M, max capacity 16384M
 Metaspace       used 358340K, committed 362368K, reserved 1376256K
  class space    used 60633K, committed 62464K, reserved 1048576K
}
Event: 136.033 GC heap before
{Heap before GC invocations=32 (full 10):
 ZHeap           used 10558M, capacity 16384M, max capacity 16384M
 Metaspace       used 358492K, committed 362560K, reserved 1376256K
  class space    used 60639K, committed 62464K, reserved 1048576K
}
Event: 136.671 GC heap after
{Heap after GC invocations=33 (full 10):
 ZHeap           used 7064M, capacity 16384M, max capacity 16384M
 Metaspace       used 358614K, committed 362688K, reserved 1376256K
  class space    used 60646K, committed 62464K, reserved 1048576K
}
Event: 136.796 GC heap before
{Heap before GC invocations=33 (full 10):
 ZHeap           used 7838M, capacity 16384M, max capacity 16384M
 Metaspace       used 358767K, committed 362816K, reserved 1376256K
  class space    used 60647K, committed 62464K, reserved 1048576K
}
Event: 137.416 GC heap after
{Heap after GC invocations=34 (full 11):
 ZHeap           used 6438M, capacity 16384M, max capacity 16384M
 Metaspace       used 358827K, committed 362944K, reserved 1376256K
  class space    used 60653K, committed 62528K, reserved 1048576K
}
Event: 137.416 GC heap before
{Heap before GC invocations=34 (full 11):
 ZHeap           used 6438M, capacity 16384M, max capacity 16384M
 Metaspace       used 358827K, committed 362944K, reserved 1376256K
  class space    used 60653K, committed 62528K, reserved 1048576K
}
Event: 137.758 GC heap before
{Heap before GC invocations=34 (full 11):
 ZHeap           used 7940M, capacity 16384M, max capacity 16384M
 Metaspace       used 358847K, committed 362944K, reserved 1376256K
  class space    used 60653K, committed 62528K, reserved 1048576K
}
Event: 137.866 GC heap after
{Heap after GC invocations=35 (full 11):
 ZHeap           used 3328M, capacity 16384M, max capacity 16384M
 Metaspace       used 358853K, committed 362944K, reserved 1376256K
  class space    used 60653K, committed 62528K, reserved 1048576K
}
Event: 138.987 GC heap before
{Heap before GC invocations=35 (full 11):
 ZHeap           used 8232M, capacity 16384M, max capacity 16384M
 Metaspace       used 359040K, committed 363136K, reserved 1376256K
  class space    used 60660K, committed 62528K, reserved 1048576K
}
Event: 139.120 GC heap after
{Heap after GC invocations=36 (full 11):
 ZHeap           used 3942M, capacity 16384M, max capacity 16384M
 Metaspace       used 359065K, committed 363136K, reserved 1376256K
  class space    used 60663K, committed 62528K, reserved 1048576K
}
Event: 139.961 GC heap before
{Heap before GC invocations=36 (full 11):
 ZHeap           used 9216M, capacity 16384M, max capacity 16384M
 Metaspace       used 359071K, committed 363136K, reserved 1376256K
  class space    used 60663K, committed 62528K, reserved 1048576K
}
Event: 140.266 GC heap after
{Heap after GC invocations=37 (full 11):
 ZHeap           used 5128M, capacity 16384M, max capacity 16384M
 Metaspace       used 359077K, committed 363136K, reserved 1376256K
  class space    used 60664K, committed 62528K, reserved 1048576K
}
Event: 140.866 GC heap before
{Heap before GC invocations=37 (full 11):
 ZHeap           used 8508M, capacity 16384M, max capacity 16384M
 Metaspace       used 359109K, committed 363200K, reserved 1376256K
  class space    used 60666K, committed 62528K, reserved 1048576K
}
Event: 141.223 GC heap after
{Heap after GC invocations=38 (full 11):
 ZHeap           used 5230M, capacity 16384M, max capacity 16384M
 Metaspace       used 359156K, committed 363264K, reserved 1376256K
  class space    used 60667K, committed 62528K, reserved 1048576K
}
Event: 141.223 GC heap after
{Heap after GC invocations=38 (full 11):
 ZHeap           used 5230M, capacity 16384M, max capacity 16384M
 Metaspace       used 359156K, committed 363264K, reserved 1376256K
  class space    used 60667K, committed 62528K, reserved 1048576K
}
Event: 141.840 GC heap before
{Heap before GC invocations=38 (full 11):
 ZHeap           used 8002M, capacity 16384M, max capacity 16384M
 Metaspace       used 359300K, committed 363392K, reserved 1376256K
  class space    used 60678K, committed 62528K, reserved 1048576K
}
Event: 142.006 GC heap after
{Heap after GC invocations=39 (full 11):
 ZHeap           used 2990M, capacity 16384M, max capacity 16384M
 Metaspace       used 359343K, committed 363392K, reserved 1376256K
  class space    used 60688K, committed 62528K, reserved 1048576K
}
Event: 142.648 GC heap before
{Heap before GC invocations=39 (full 11):
 ZHeap           used 8948M, capacity 16384M, max capacity 16384M
 Metaspace       used 359429K, committed 363520K, reserved 1376256K
  class space    used 60691K, committed 62528K, reserved 1048576K
}
Event: 142.943 GC heap after
{Heap after GC invocations=40 (full 11):
 ZHeap           used 3282M, capacity 16384M, max capacity 16384M
 Metaspace       used 359509K, committed 363584K, reserved 1376256K
  class space    used 60691K, committed 62528K, reserved 1048576K
}
Event: 144.604 GC heap before
{Heap before GC invocations=40 (full 11):
 ZHeap           used 9272M, capacity 16384M, max capacity 16384M
 Metaspace       used 360145K, committed 364288K, reserved 1376256K
  class space    used 60712K, committed 62592K, reserved 1048576K
}
Event: 144.980 GC heap after
{Heap after GC invocations=41 (full 11):
 ZHeap           used 3506M, capacity 16384M, max capacity 16384M
 Metaspace       used 360329K, committed 364416K, reserved 1376256K
  class space    used 60716K, committed 62592K, reserved 1048576K
}
Event: 145.705 GC heap before
{Heap before GC invocations=41 (full 11):
 ZHeap           used 8788M, capacity 16384M, max capacity 16384M
 Metaspace       used 360394K, committed 364480K, reserved 1376256K
  class space    used 60720K, committed 62592K, reserved 1048576K
}
Event: 146.246 GC heap after
{Heap after GC invocations=42 (full 11):
 ZHeap           used 5454M, capacity 16384M, max capacity 16384M
 Metaspace       used 360398K, committed 364480K, reserved 1376256K
  class space    used 60720K, committed 62592K, reserved 1048576K
}
Event: 146.437 GC heap before
{Heap before GC invocations=42 (full 11):
 ZHeap           used 6732M, capacity 16384M, max capacity 16384M
 Metaspace       used 360401K, committed 364480K, reserved 1376256K
  class space    used 60720K, committed 62592K, reserved 1048576K
}
Event: 146.770 GC heap after
{Heap after GC invocations=43 (full 11):
 ZHeap           used 4472M, capacity 16384M, max capacity 16384M
 Metaspace       used 360428K, committed 364544K, reserved 1376256K
  class space    used 60721K, committed 62592K, reserved 1048576K
}
Event: 147.248 GC heap before
{Heap before GC invocations=43 (full 11):
 ZHeap           used 6758M, capacity 16384M, max capacity 16384M
 Metaspace       used 360607K, committed 364736K, reserved 1376256K
  class space    used 60732K, committed 62592K, reserved 1048576K
}
Event: 147.461 GC heap after
{Heap after GC invocations=44 (full 11):
 ZHeap           used 3356M, capacity 16384M, max capacity 16384M
 Metaspace       used 360697K, committed 364800K, reserved 1376256K
  class space    used 60733K, committed 62592K, reserved 1048576K
}
Event: 150.363 GC heap before
{Heap before GC invocations=44 (full 11):
 ZHeap           used 8128M, capacity 16384M, max capacity 16384M
 Metaspace       used 360931K, committed 364992K, reserved 1376256K
  class space    used 60742K, committed 62592K, reserved 1048576K
}
Event: 150.616 GC heap after
{Heap after GC invocations=45 (full 11):
 ZHeap           used 3332M, capacity 16384M, max capacity 16384M
 Metaspace       used 360934K, committed 364992K, reserved 1376256K
  class space    used 60742K, committed 62592K, reserved 1048576K
}
Event: 152.626 GC heap before
{Heap before GC invocations=45 (full 11):
 ZHeap           used 12678M, capacity 16384M, max capacity 16384M
 Metaspace       used 361038K, committed 365056K, reserved 1376256K
  class space    used 60752K, committed 62592K, reserved 1048576K
}
Event: 152.962 GC heap after
{Heap after GC invocations=46 (full 11):
 ZHeap           used 4480M, capacity 16384M, max capacity 16384M
 Metaspace       used 361073K, committed 365120K, reserved 1376256K
  class space    used 60755K, committed 62592K, reserved 1048576K
}
Event: 154.935 GC heap before
{Heap before GC invocations=46 (full 11):
 ZHeap           used 7732M, capacity 16384M, max capacity 16384M
 Metaspace       used 361162K, committed 365184K, reserved 1376256K
  class space    used 60756K, committed 62592K, reserved 1048576K
}
Event: 155.556 GC heap after
{Heap after GC invocations=47 (full 11):
 ZHeap           used 6330M, capacity 16384M, max capacity 16384M
 Metaspace       used 361177K, committed 365248K, reserved 1376256K
  class space    used 60756K, committed 62592K, reserved 1048576K
}
Event: 156.039 GC heap before
{Heap before GC invocations=47 (full 11):
 ZHeap           used 9310M, capacity 16384M, max capacity 16384M
 Metaspace       used 361198K, committed 365248K, reserved 1376256K
  class space    used 60756K, committed 62592K, reserved 1048576K
}
Event: 156.685 GC heap after
{Heap after GC invocations=48 (full 11):
 ZHeap           used 5618M, capacity 16384M, max capacity 16384M
 Metaspace       used 361226K, committed 365248K, reserved 1376256K
  class space    used 60758K, committed 62592K, reserved 1048576K
}
Event: 157.600 GC heap before
{Heap before GC invocations=48 (full 11):
 ZHeap           used 8922M, capacity 16384M, max capacity 16384M
 Metaspace       used 361250K, committed 365312K, reserved 1376256K
  class space    used 60758K, committed 62592K, reserved 1048576K
}
Event: 157.940 GC heap after
{Heap after GC invocations=49 (full 11):
 ZHeap           used 4834M, capacity 16384M, max capacity 16384M
 Metaspace       used 361252K, committed 365312K, reserved 1376256K
  class space    used 60758K, committed 62592K, reserved 1048576K
}
Event: 158.137 GC heap before
{Heap before GC invocations=49 (full 11):
 ZHeap           used 5286M, capacity 16384M, max capacity 16384M
 Metaspace       used 361253K, committed 365312K, reserved 1376256K
  class space    used 60758K, committed 62592K, reserved 1048576K
}
Event: 158.576 GC heap after
{Heap after GC invocations=50 (full 11):
 ZHeap           used 5628M, capacity 16384M, max capacity 16384M
 Metaspace       used 361272K, committed 365312K, reserved 1376256K
  class space    used 60760K, committed 62592K, reserved 1048576K
}
Event: 158.868 GC heap before
{Heap before GC invocations=50 (full 11):
 ZHeap           used 7196M, capacity 16384M, max capacity 16384M
 Metaspace       used 361273K, committed 365312K, reserved 1376256K
  class space    used 60760K, committed 62592K, reserved 1048576K
}
Event: 159.015 GC heap after
{Heap after GC invocations=51 (full 11):
 ZHeap           used 4236M, capacity 16384M, max capacity 16384M
 Metaspace       used 361276K, committed 365312K, reserved 1376256K
  class space    used 60760K, committed 62592K, reserved 1048576K
}
Event: 159.946 GC heap before
{Heap before GC invocations=51 (full 11):
 ZHeap           used 8322M, capacity 16384M, max capacity 16384M
 Metaspace       used 361332K, committed 365440K, reserved 1376256K
  class space    used 60771K, committed 62656K, reserved 1048576K
}
Event: 160.297 GC heap after
{Heap after GC invocations=52 (full 11):
 ZHeap           used 5324M, capacity 16384M, max capacity 16384M
 Metaspace       used 361355K, committed 365440K, reserved 1376256K
  class space    used 60776K, committed 62656K, reserved 1048576K
}
Event: 160.926 GC heap before
{Heap before GC invocations=52 (full 11):
 ZHeap           used 8018M, capacity 16384M, max capacity 16384M
 Metaspace       used 361684K, committed 365760K, reserved 1376256K
  class space    used 60833K, committed 62720K, reserved 1048576K
}
Event: 161.408 GC heap after
{Heap after GC invocations=53 (full 11):
 ZHeap           used 5816M, capacity 16384M, max capacity 16384M
 Metaspace       used 361687K, committed 365760K, reserved 1376256K
  class space    used 60833K, committed 62720K, reserved 1048576K
}
Event: 161.537 GC heap before
{Heap before GC invocations=53 (full 11):
 ZHeap           used 6730M, capacity 16384M, max capacity 16384M
 Metaspace       used 361690K, committed 365824K, reserved 1376256K
  class space    used 60834K, committed 62720K, reserved 1048576K
}
Event: 161.786 GC heap after
{Heap after GC invocations=54 (full 11):
 ZHeap           used 4256M, capacity 16384M, max capacity 16384M
 Metaspace       used 361691K, committed 365824K, reserved 1376256K
  class space    used 60834K, committed 62720K, reserved 1048576K
}
Event: 163.406 GC heap before
{Heap before GC invocations=54 (full 11):
 ZHeap           used 8156M, capacity 16384M, max capacity 16384M
 Metaspace       used 361691K, committed 365824K, reserved 1376256K
  class space    used 60834K, committed 62720K, reserved 1048576K
}
Event: 163.809 GC heap after
{Heap after GC invocations=55 (full 11):
 ZHeap           used 4784M, capacity 16384M, max capacity 16384M
 Metaspace       used 361691K, committed 365824K, reserved 1376256K
  class space    used 60834K, committed 62720K, reserved 1048576K
}
Event: 164.650 GC heap before
{Heap before GC invocations=55 (full 11):
 ZHeap           used 8908M, capacity 16384M, max capacity 16384M
 Metaspace       used 361692K, committed 365824K, reserved 1376256K
  class space    used 60834K, committed 62720K, reserved 1048576K
}
Event: 165.014 GC heap after
{Heap after GC invocations=56 (full 11):
 ZHeap           used 4336M, capacity 16384M, max capacity 16384M
 Metaspace       used 361693K, committed 365824K, reserved 1376256K
  class space    used 60834K, committed 62720K, reserved 1048576K
}
Event: 166.350 GC heap before
{Heap before GC invocations=56 (full 11):
 ZHeap           used 10492M, capacity 16384M, max capacity 16384M
 Metaspace       used 361693K, committed 365824K, reserved 1376256K
  class space    used 60834K, committed 62720K, reserved 1048576K
}
Event: 166.864 GC heap after
{Heap after GC invocations=57 (full 11):
 ZHeap           used 5922M, capacity 16384M, max capacity 16384M
 Metaspace       used 361693K, committed 365824K, reserved 1376256K
  class space    used 60834K, committed 62720K, reserved 1048576K
}
Event: 167.069 GC heap before
{Heap before GC invocations=57 (full 11):
 ZHeap           used 6998M, capacity 16384M, max capacity 16384M
 Metaspace       used 361693K, committed 365824K, reserved 1376256K
  class space    used 60834K, committed 62720K, reserved 1048576K
}
Event: 167.647 GC heap after
{Heap after GC invocations=58 (full 11):
 ZHeap           used 6446M, capacity 16384M, max capacity 16384M
 Metaspace       used 361693K, committed 365824K, reserved 1376256K
  class space    used 60834K, committed 62720K, reserved 1048576K
}
Event: 167.647 GC heap before
{Heap before GC invocations=58 (full 11):
 ZHeap           used 6446M, capacity 16384M, max capacity 16384M
 Metaspace       used 361693K, committed 365824K, reserved 1376256K
  class space    used 60834K, committed 62720K, reserved 1048576K
}
Event: 168.132 GC heap after
{Heap after GC invocations=59 (full 11):
 ZHeap           used 5576M, capacity 16384M, max capacity 16384M
 Metaspace       used 361694K, committed 365824K, reserved 1376256K
  class space    used 60834K, committed 62720K, reserved 1048576K
}
Event: 169.065 GC heap before
{Heap before GC invocations=59 (full 11):
 ZHeap           used 9270M, capacity 16384M, max capacity 16384M
 Metaspace       used 361708K, committed 365824K, reserved 1376256K
  class space    used 60835K, committed 62720K, reserved 1048576K
}
Event: 169.494 GC heap after
{Heap after GC invocations=60 (full 12):
 ZHeap           used 6364M, capacity 16384M, max capacity 16384M
 Metaspace       used 361717K, committed 365824K, reserved 1376256K
  class space    used 60837K, committed 62720K, reserved 1048576K
}
Event: 169.494 GC heap before
{Heap before GC invocations=60 (full 12):
 ZHeap           used 6364M, capacity 16384M, max capacity 16384M
 Metaspace       used 361717K, committed 365824K, reserved 1376256K
  class space    used 60837K, committed 62720K, reserved 1048576K
}
Event: 170.492 GC heap before
{Heap before GC invocations=60 (full 12):
 ZHeap           used 10058M, capacity 16384M, max capacity 16384M
 Metaspace       used 361728K, committed 365888K, reserved 1376256K
  class space    used 60837K, committed 62720K, reserved 1048576K
}
Event: 170.765 GC heap after
{Heap after GC invocations=61 (full 12):
 ZHeap           used 4344M, capacity 16384M, max capacity 16384M
 Metaspace       used 361728K, committed 365888K, reserved 1376256K
  class space    used 60837K, committed 62720K, reserved 1048576K
}
Event: 172.437 GC heap after
{Heap after GC invocations=61 (full 12):
 ZHeap           used 9230M, capacity 16384M, max capacity 16384M
 Metaspace       used 361732K, committed 365888K, reserved 1376256K
  class space    used 60837K, committed 62720K, reserved 1048576K
}
Event: 172.439 GC heap before
{Heap before GC invocations=61 (full 12):
 ZHeap           used 9240M, capacity 16384M, max capacity 16384M
 Metaspace       used 361732K, committed 365888K, reserved 1376256K
  class space    used 60837K, committed 62720K, reserved 1048576K
}
Event: 172.768 GC heap after
{Heap after GC invocations=62 (full 12):
 ZHeap           used 4982M, capacity 16384M, max capacity 16384M
 Metaspace       used 361733K, committed 365888K, reserved 1376256K
  class space    used 60837K, committed 62720K, reserved 1048576K
}
Event: 173.718 GC heap before
{Heap before GC invocations=62 (full 12):
 ZHeap           used 10382M, capacity 16384M, max capacity 16384M
 Metaspace       used 361735K, committed 365888K, reserved 1376256K
  class space    used 60837K, committed 62720K, reserved 1048576K
}
Event: 174.116 GC heap after
{Heap after GC invocations=63 (full 12):
 ZHeap           used 5670M, capacity 16384M, max capacity 16384M
 Metaspace       used 361735K, committed 365888K, reserved 1376256K
  class space    used 60837K, committed 62720K, reserved 1048576K
}
Event: 174.176 GC heap before
{Heap before GC invocations=63 (full 12):
 ZHeap           used 6018M, capacity 16384M, max capacity 16384M
 Metaspace       used 361735K, committed 365888K, reserved 1376256K
  class space    used 60837K, committed 62720K, reserved 1048576K
}
Event: 174.593 GC heap after
{Heap after GC invocations=64 (full 12):
 ZHeap           used 4860M, capacity 16384M, max capacity 16384M
 Metaspace       used 361736K, committed 365888K, reserved 1376256K
  class space    used 60837K, committed 62720K, reserved 1048576K
}
Event: 174.669 GC heap before
{Heap before GC invocations=64 (full 12):
 ZHeap           used 5278M, capacity 16384M, max capacity 16384M
 Metaspace       used 361736K, committed 365888K, reserved 1376256K
  class space    used 60837K, committed 62720K, reserved 1048576K
}
Event: 175.208 GC heap after
{Heap after GC invocations=65 (full 12):
 ZHeap           used 6596M, capacity 16384M, max capacity 16384M
 Metaspace       used 361736K, committed 365888K, reserved 1376256K
  class space    used 60837K, committed 62720K, reserved 1048576K
}
Event: 175.895 GC heap before
{Heap before GC invocations=65 (full 12):
 ZHeap           used 10540M, capacity 16384M, max capacity 16384M
 Metaspace       used 361741K, committed 365888K, reserved 1376256K
  class space    used 60837K, committed 62720K, reserved 1048576K
}
Event: 176.089 GC heap after
{Heap after GC invocations=66 (full 12):
 ZHeap           used 4108M, capacity 16384M, max capacity 16384M
 Metaspace       used 361741K, committed 365888K, reserved 1376256K
  class space    used 60837K, committed 62720K, reserved 1048576K
}
Event: 177.334 GC heap before
{Heap before GC invocations=66 (full 12):
 ZHeap           used 11558M, capacity 16384M, max capacity 16384M
 Metaspace       used 361767K, committed 365888K, reserved 1376256K
  class space    used 60837K, committed 62720K, reserved 1048576K
}
Event: 177.548 GC heap after
{Heap after GC invocations=67 (full 12):
 ZHeap           used 3454M, capacity 16384M, max capacity 16384M
 Metaspace       used 361767K, committed 365888K, reserved 1376256K
  class space    used 60837K, committed 62720K, reserved 1048576K
}
Event: 178.402 GC heap before
{Heap before GC invocations=67 (full 12):
 ZHeap           used 8348M, capacity 16384M, max capacity 16384M
 Metaspace       used 361773K, committed 365888K, reserved 1376256K
  class space    used 60837K, committed 62720K, reserved 1048576K
}
Event: 178.766 GC heap after
{Heap after GC invocations=68 (full 12):
 ZHeap           used 4858M, capacity 16384M, max capacity 16384M
 Metaspace       used 361777K, committed 365888K, reserved 1376256K
  class space    used 60837K, committed 62720K, reserved 1048576K
}
Event: 179.647 GC heap before
{Heap before GC invocations=68 (full 12):
 ZHeap           used 10244M, capacity 16384M, max capacity 16384M
 Metaspace       used 361782K, committed 365952K, reserved 1376256K
  class space    used 60838K, committed 62720K, reserved 1048576K
}
Event: 180.034 GC heap after
{Heap after GC invocations=69 (full 12):
 ZHeap           used 4490M, capacity 16384M, max capacity 16384M
 Metaspace       used 361783K, committed 365952K, reserved 1376256K
  class space    used 60838K, committed 62720K, reserved 1048576K
}
Event: 180.999 GC heap before
{Heap before GC invocations=69 (full 12):
 ZHeap           used 10330M, capacity 16384M, max capacity 16384M
 Metaspace       used 361825K, committed 365952K, reserved 1376256K
  class space    used 60843K, committed 62720K, reserved 1048576K
}
Event: 181.544 GC heap after
{Heap after GC invocations=70 (full 12):
 ZHeap           used 6022M, capacity 16384M, max capacity 16384M
 Metaspace       used 361827K, committed 365952K, reserved 1376256K
  class space    used 60843K, committed 62720K, reserved 1048576K
}
Event: 181.601 GC heap before
{Heap before GC invocations=70 (full 12):
 ZHeap           used 6576M, capacity 16384M, max capacity 16384M
 Metaspace       used 361827K, committed 365952K, reserved 1376256K
  class space    used 60843K, committed 62720K, reserved 1048576K
}
Event: 181.977 GC heap after
{Heap after GC invocations=71 (full 12):
 ZHeap           used 5526M, capacity 16384M, max capacity 16384M
 Metaspace       used 361828K, committed 365952K, reserved 1376256K
  class space    used 60843K, committed 62720K, reserved 1048576K
}
Event: 182.239 GC heap before
{Heap before GC invocations=71 (full 12):
 ZHeap           used 7322M, capacity 16384M, max capacity 16384M
 Metaspace       used 361828K, committed 365952K, reserved 1376256K
  class space    used 60843K, committed 62720K, reserved 1048576K
}
Event: 182.798 GC heap after
{Heap after GC invocations=72 (full 12):
 ZHeap           used 6572M, capacity 16384M, max capacity 16384M
 Metaspace       used 361837K, committed 365952K, reserved 1376256K
  class space    used 60843K, committed 62720K, reserved 1048576K
}
Event: 183.609 GC heap before
{Heap before GC invocations=72 (full 12):
 ZHeap           used 10548M, capacity 16384M, max capacity 16384M
 Metaspace       used 361844K, committed 365952K, reserved 1376256K
  class space    used 60843K, committed 62720K, reserved 1048576K
}
Event: 183.803 GC heap after
{Heap after GC invocations=73 (full 12):
 ZHeap           used 3852M, capacity 16384M, max capacity 16384M
 Metaspace       used 361844K, committed 365952K, reserved 1376256K
  class space    used 60843K, committed 62720K, reserved 1048576K
}
Event: 185.166 GC heap before
{Heap before GC invocations=73 (full 12):
 ZHeap           used 11286M, capacity 16384M, max capacity 16384M
 Metaspace       used 361844K, committed 365952K, reserved 1376256K
  class space    used 60843K, committed 62720K, reserved 1048576K
}
Event: 185.416 GC heap after
{Heap after GC invocations=74 (full 12):
 ZHeap           used 4466M, capacity 16384M, max capacity 16384M
 Metaspace       used 361844K, committed 365952K, reserved 1376256K
  class space    used 60843K, committed 62720K, reserved 1048576K
}
Event: 186.911 GC heap before
{Heap before GC invocations=74 (full 12):
 ZHeap           used 12336M, capacity 16384M, max capacity 16384M
 Metaspace       used 361849K, committed 365952K, reserved 1376256K
  class space    used 60843K, committed 62720K, reserved 1048576K
}
Event: 187.187 GC heap after
{Heap after GC invocations=75 (full 12):
 ZHeap           used 4532M, capacity 16384M, max capacity 16384M
 Metaspace       used 361850K, committed 365952K, reserved 1376256K
  class space    used 60843K, committed 62720K, reserved 1048576K
}
Event: 188.394 GC heap before
{Heap before GC invocations=75 (full 12):
 ZHeap           used 11716M, capacity 16384M, max capacity 16384M
 Metaspace       used 361861K, committed 365952K, reserved 1376256K
  class space    used 60844K, committed 62720K, reserved 1048576K
}
Event: 188.690 GC heap after
{Heap after GC invocations=76 (full 12):
 ZHeap           used 4698M, capacity 16384M, max capacity 16384M
 Metaspace       used 361864K, committed 365952K, reserved 1376256K
  class space    used 60844K, committed 62720K, reserved 1048576K
}
Event: 189.944 GC heap before
{Heap before GC invocations=76 (full 12):
 ZHeap           used 11664M, capacity 16384M, max capacity 16384M
 Metaspace       used 361883K, committed 366016K, reserved 1376256K
  class space    used 60846K, committed 62720K, reserved 1048576K
}
Event: 190.296 GC heap after
{Heap after GC invocations=77 (full 12):
 ZHeap           used 4982M, capacity 16384M, max capacity 16384M
 Metaspace       used 361883K, committed 366016K, reserved 1376256K
  class space    used 60846K, committed 62720K, reserved 1048576K
}
Event: 191.329 GC heap before
{Heap before GC invocations=77 (full 12):
 ZHeap           used 10488M, capacity 16384M, max capacity 16384M
 Metaspace       used 361890K, committed 366016K, reserved 1376256K
  class space    used 60848K, committed 62720K, reserved 1048576K
}
Event: 191.604 GC heap after
{Heap after GC invocations=78 (full 12):
 ZHeap           used 4744M, capacity 16384M, max capacity 16384M
 Metaspace       used 361890K, committed 366016K, reserved 1376256K
  class space    used 60848K, committed 62720K, reserved 1048576K
}
Event: 192.661 GC heap before
{Heap before GC invocations=78 (full 12):
 ZHeap           used 11100M, capacity 16384M, max capacity 16384M
 Metaspace       used 361905K, committed 366016K, reserved 1376256K
  class space    used 60850K, committed 62720K, reserved 1048576K
}
Event: 192.929 GC heap after
{Heap after GC invocations=79 (full 12):
 ZHeap           used 4684M, capacity 16384M, max capacity 16384M
 Metaspace       used 361905K, committed 366016K, reserved 1376256K
  class space    used 60850K, committed 62720K, reserved 1048576K
}
Event: 194.213 GC heap before
{Heap before GC invocations=79 (full 12):
 ZHeap           used 11940M, capacity 16384M, max capacity 16384M
 Metaspace       used 361948K, committed 366016K, reserved 1376256K
  class space    used 60859K, committed 62720K, reserved 1048576K
}
Event: 194.523 GC heap after
{Heap after GC invocations=80 (full 12):
 ZHeap           used 4518M, capacity 16384M, max capacity 16384M
 Metaspace       used 361948K, committed 366016K, reserved 1376256K
  class space    used 60859K, committed 62720K, reserved 1048576K
}
Event: 195.592 GC heap before
{Heap before GC invocations=80 (full 12):
 ZHeap           used 11366M, capacity 16384M, max capacity 16384M
 Metaspace       used 361948K, committed 366016K, reserved 1376256K
  class space    used 60859K, committed 62720K, reserved 1048576K
}
Event: 195.863 GC heap after
{Heap after GC invocations=81 (full 12):
 ZHeap           used 4134M, capacity 16384M, max capacity 16384M
 Metaspace       used 361948K, committed 366016K, reserved 1376256K
  class space    used 60859K, committed 62720K, reserved 1048576K
}
Event: 197.063 GC heap before
{Heap before GC invocations=81 (full 12):
 ZHeap           used 11660M, capacity 16384M, max capacity 16384M
 Metaspace       used 361949K, committed 366016K, reserved 1376256K
  class space    used 60859K, committed 62720K, reserved 1048576K
}
Event: 197.360 GC heap after
{Heap after GC invocations=82 (full 12):
 ZHeap           used 4398M, capacity 16384M, max capacity 16384M
 Metaspace       used 361949K, committed 366016K, reserved 1376256K
  class space    used 60859K, committed 62720K, reserved 1048576K
}
Event: 198.812 GC heap before
{Heap before GC invocations=82 (full 12):
 ZHeap           used 11946M, capacity 16384M, max capacity 16384M
 Metaspace       used 362011K, committed 366080K, reserved 1376256K
  class space    used 60859K, committed 62720K, reserved 1048576K
}
Event: 199.134 GC heap after
{Heap after GC invocations=83 (full 12):
 ZHeap           used 5394M, capacity 16384M, max capacity 16384M
 Metaspace       used 362011K, committed 366080K, reserved 1376256K
  class space    used 60859K, committed 62720K, reserved 1048576K
}
Event: 200.458 GC heap before
{Heap before GC invocations=83 (full 12):
 ZHeap           used 11356M, capacity 16384M, max capacity 16384M
 Metaspace       used 362014K, committed 366080K, reserved 1376256K
  class space    used 60859K, committed 62720K, reserved 1048576K
}
Event: 200.761 GC heap after
{Heap after GC invocations=84 (full 12):
 ZHeap           used 4810M, capacity 16384M, max capacity 16384M
 Metaspace       used 362014K, committed 366080K, reserved 1376256K
  class space    used 60859K, committed 62720K, reserved 1048576K
}
Event: 202.182 GC heap before
{Heap before GC invocations=84 (full 12):
 ZHeap           used 12298M, capacity 16384M, max capacity 16384M
 Metaspace       used 362018K, committed 366080K, reserved 1376256K
  class space    used 60859K, committed 62720K, reserved 1048576K
}
Event: 202.550 GC heap after
{Heap after GC invocations=85 (full 12):
 ZHeap           used 5390M, capacity 16384M, max capacity 16384M
 Metaspace       used 362018K, committed 366080K, reserved 1376256K
  class space    used 60859K, committed 62720K, reserved 1048576K
}
Event: 203.333 GC heap before
{Heap before GC invocations=85 (full 12):
 ZHeap           used 10356M, capacity 16384M, max capacity 16384M
 Metaspace       used 362026K, committed 366144K, reserved 1376256K
  class space    used 60859K, committed 62720K, reserved 1048576K
}
Event: 203.606 GC heap after
{Heap after GC invocations=86 (full 12):
 ZHeap           used 4712M, capacity 16384M, max capacity 16384M
 Metaspace       used 362027K, committed 366144K, reserved 1376256K
  class space    used 60859K, committed 62720K, reserved 1048576K
}
Event: 204.325 GC heap before
{Heap before GC invocations=86 (full 12):
 ZHeap           used 9586M, capacity 16384M, max capacity 16384M
 Metaspace       used 362027K, committed 366144K, reserved 1376256K
  class space    used 60859K, committed 62720K, reserved 1048576K
}
Event: 204.615 GC heap after
{Heap after GC invocations=87 (full 12):
 ZHeap           used 4966M, capacity 16384M, max capacity 16384M
 Metaspace       used 362029K, committed 366144K, reserved 1376256K
  class space    used 60859K, committed 62720K, reserved 1048576K
}
Event: 205.484 GC heap before
{Heap before GC invocations=87 (full 12):
 ZHeap           used 10768M, capacity 16384M, max capacity 16384M
 Metaspace       used 362032K, committed 366144K, reserved 1376256K
  class space    used 60859K, committed 62720K, reserved 1048576K
}
Event: 205.760 GC heap after
{Heap after GC invocations=88 (full 12):
 ZHeap           used 4932M, capacity 16384M, max capacity 16384M
 Metaspace       used 362032K, committed 366144K, reserved 1376256K
  class space    used 60859K, committed 62720K, reserved 1048576K
}
Event: 206.717 GC heap before
{Heap before GC invocations=88 (full 12):
 ZHeap           used 11344M, capacity 16384M, max capacity 16384M
 Metaspace       used 362033K, committed 366144K, reserved 1376256K
  class space    used 60859K, committed 62720K, reserved 1048576K
}
Event: 207.003 GC heap after
{Heap after GC invocations=89 (full 12):
 ZHeap           used 4910M, capacity 16384M, max capacity 16384M
 Metaspace       used 362033K, committed 366144K, reserved 1376256K
  class space    used 60859K, committed 62720K, reserved 1048576K
}
Event: 208.165 GC heap before
{Heap before GC invocations=89 (full 12):
 ZHeap           used 11604M, capacity 16384M, max capacity 16384M
 Metaspace       used 362034K, committed 366144K, reserved 1376256K
  class space    used 60859K, committed 62720K, reserved 1048576K
}
Event: 208.472 GC heap after
{Heap after GC invocations=90 (full 12):
 ZHeap           used 5414M, capacity 16384M, max capacity 16384M
 Metaspace       used 362034K, committed 366144K, reserved 1376256K
  class space    used 60859K, committed 62720K, reserved 1048576K
}
Event: 209.525 GC heap before
{Heap before GC invocations=90 (full 12):
 ZHeap           used 11688M, capacity 16384M, max capacity 16384M
 Metaspace       used 362042K, committed 366144K, reserved 1376256K
  class space    used 60859K, committed 62720K, reserved 1048576K
}
Event: 209.833 GC heap after
{Heap after GC invocations=91 (full 12):
 ZHeap           used 4978M, capacity 16384M, max capacity 16384M
 Metaspace       used 362044K, committed 366144K, reserved 1376256K
  class space    used 60859K, committed 62720K, reserved 1048576K
}
Event: 210.947 GC heap before
{Heap before GC invocations=91 (full 12):
 ZHeap           used 11852M, capacity 16384M, max capacity 16384M
 Metaspace       used 362045K, committed 366144K, reserved 1376256K
  class space    used 60859K, committed 62720K, reserved 1048576K
}
Event: 211.283 GC heap after
{Heap after GC invocations=92 (full 12):
 ZHeap           used 5264M, capacity 16384M, max capacity 16384M
 Metaspace       used 362045K, committed 366144K, reserved 1376256K
  class space    used 60859K, committed 62720K, reserved 1048576K
}
Event: 212.291 GC heap before
{Heap before GC invocations=92 (full 12):
 ZHeap           used 10988M, capacity 16384M, max capacity 16384M
 Metaspace       used 362045K, committed 366144K, reserved 1376256K
  class space    used 60859K, committed 62720K, reserved 1048576K
}
Event: 212.548 GC heap after
{Heap after GC invocations=93 (full 12):
 ZHeap           used 4592M, capacity 16384M, max capacity 16384M
 Metaspace       used 362045K, committed 366144K, reserved 1376256K
  class space    used 60859K, committed 62720K, reserved 1048576K
}
Event: 213.507 GC heap before
{Heap before GC invocations=93 (full 12):
 ZHeap           used 11076M, capacity 16384M, max capacity 16384M
 Metaspace       used 362045K, committed 366144K, reserved 1376256K
  class space    used 60859K, committed 62720K, reserved 1048576K
}
Event: 213.806 GC heap after
{Heap after GC invocations=94 (full 12):
 ZHeap           used 4896M, capacity 16384M, max capacity 16384M
 Metaspace       used 362045K, committed 366144K, reserved 1376256K
  class space    used 60859K, committed 62720K, reserved 1048576K
}
Event: 214.600 GC heap before
{Heap before GC invocations=94 (full 12):
 ZHeap           used 10684M, capacity 16384M, max capacity 16384M
 Metaspace       used 362052K, committed 366144K, reserved 1376256K
  class space    used 60859K, committed 62720K, reserved 1048576K
}
Event: 214.889 GC heap after
{Heap after GC invocations=95 (full 12):
 ZHeap           used 5376M, capacity 16384M, max capacity 16384M
 Metaspace       used 362052K, committed 366144K, reserved 1376256K
  class space    used 60859K, committed 62720K, reserved 1048576K
}
Event: 215.662 GC heap before
{Heap before GC invocations=95 (full 12):
 ZHeap           used 10550M, capacity 16384M, max capacity 16384M
 Metaspace       used 362052K, committed 366144K, reserved 1376256K
  class space    used 60859K, committed 62720K, reserved 1048576K
}
Event: 215.972 GC heap after
{Heap after GC invocations=96 (full 12):
 ZHeap           used 5554M, capacity 16384M, max capacity 16384M
 Metaspace       used 362060K, committed 366144K, reserved 1376256K
  class space    used 60861K, committed 62720K, reserved 1048576K
}
Event: 216.807 GC heap before
{Heap before GC invocations=96 (full 12):
 ZHeap           used 10970M, capacity 16384M, max capacity 16384M
 Metaspace       used 362060K, committed 366144K, reserved 1376256K
  class space    used 60861K, committed 62720K, reserved 1048576K
}
Event: 217.088 GC heap after
{Heap after GC invocations=97 (full 12):
 ZHeap           used 5040M, capacity 16384M, max capacity 16384M
 Metaspace       used 362060K, committed 366144K, reserved 1376256K
  class space    used 60861K, committed 62720K, reserved 1048576K
}
Event: 218.106 GC heap before
{Heap before GC invocations=97 (full 12):
 ZHeap           used 11238M, capacity 16384M, max capacity 16384M
 Metaspace       used 362061K, committed 366144K, reserved 1376256K
  class space    used 60861K, committed 62720K, reserved 1048576K
}
Event: 218.418 GC heap after
{Heap after GC invocations=98 (full 12):
 ZHeap           used 5170M, capacity 16384M, max capacity 16384M
 Metaspace       used 362061K, committed 366144K, reserved 1376256K
  class space    used 60861K, committed 62720K, reserved 1048576K
}
Event: 219.424 GC heap before
{Heap before GC invocations=98 (full 12):
 ZHeap           used 11338M, capacity 16384M, max capacity 16384M
 Metaspace       used 362061K, committed 366144K, reserved 1376256K
  class space    used 60861K, committed 62720K, reserved 1048576K
}
Event: 219.704 GC heap after
{Heap after GC invocations=99 (full 12):
 ZHeap           used 4948M, capacity 16384M, max capacity 16384M
 Metaspace       used 362061K, committed 366144K, reserved 1376256K
  class space    used 60861K, committed 62720K, reserved 1048576K
}
Event: 220.841 GC heap before
{Heap before GC invocations=99 (full 12):
 ZHeap           used 12024M, capacity 16384M, max capacity 16384M
 Metaspace       used 362063K, committed 366144K, reserved 1376256K
  class space    used 60861K, committed 62720K, reserved 1048576K
}
Event: 221.101 GC heap after
{Heap after GC invocations=100 (full 12):
 ZHeap           used 4634M, capacity 16384M, max capacity 16384M
 Metaspace       used 362063K, committed 366144K, reserved 1376256K
  class space    used 60861K, committed 62720K, reserved 1048576K
}
Event: 222.248 GC heap before
{Heap before GC invocations=100 (full 12):
 ZHeap           used 7090M, capacity 16384M, max capacity 16384M
 Metaspace       used 362063K, committed 366144K, reserved 1376256K
  class space    used 60861K, committed 62720K, reserved 1048576K
}
Event: 222.583 GC heap after
{Heap after GC invocations=101 (full 12):
 ZHeap           used 3970M, capacity 16384M, max capacity 16384M
 Metaspace       used 362063K, committed 366144K, reserved 1376256K
  class space    used 60861K, committed 62720K, reserved 1048576K
}
Event: 223.256 GC heap before
{Heap before GC invocations=101 (full 12):
 ZHeap           used 5130M, capacity 16384M, max capacity 16384M
 Metaspace       used 362063K, committed 366144K, reserved 1376256K
  class space    used 60861K, committed 62720K, reserved 1048576K
}
Event: 223.523 GC heap after
{Heap after GC invocations=102 (full 13):
 ZHeap           used 3832M, capacity 16384M, max capacity 16384M
 Metaspace       used 362063K, committed 366144K, reserved 1376256K
  class space    used 60861K, committed 62720K, reserved 1048576K
}
Event: 223.523 GC heap before
{Heap before GC invocations=102 (full 13):
 ZHeap           used 3832M, capacity 16384M, max capacity 16384M
 Metaspace       used 362063K, committed 366144K, reserved 1376256K
  class space    used 60861K, committed 62720K, reserved 1048576K
}
Event: 224.877 GC heap before
{Heap before GC invocations=102 (full 13):
 ZHeap           used 6156M, capacity 16384M, max capacity 16384M
 Metaspace       used 362064K, committed 366144K, reserved 1376256K
  class space    used 60862K, committed 62720K, reserved 1048576K
}
Event: 224.921 GC heap after
{Heap after GC invocations=103 (full 13):
 ZHeap           used 3430M, capacity 16384M, max capacity 16384M
 Metaspace       used 362064K, committed 366144K, reserved 1376256K
  class space    used 60862K, committed 62720K, reserved 1048576K
}
Event: 226.075 GC heap after
{Heap after GC invocations=103 (full 13):
 ZHeap           used 4490M, capacity 16384M, max capacity 16384M
 Metaspace       used 362064K, committed 366144K, reserved 1376256K
  class space    used 60862K, committed 62720K, reserved 1048576K
}
Event: 227.800 GC heap before
{Heap before GC invocations=103 (full 13):
 ZHeap           used 7492M, capacity 16384M, max capacity 16384M
 Metaspace       used 362065K, committed 366144K, reserved 1376256K
  class space    used 60862K, committed 62720K, reserved 1048576K
}
Event: 227.850 GC heap after
{Heap after GC invocations=104 (full 13):
 ZHeap           used 2536M, capacity 16384M, max capacity 16384M
 Metaspace       used 362065K, committed 366144K, reserved 1376256K
  class space    used 60862K, committed 62720K, reserved 1048576K
}
Event: 229.936 GC heap before
{Heap before GC invocations=104 (full 13):
 ZHeap           used 12940M, capacity 16384M, max capacity 16384M
 Metaspace       used 362090K, committed 366144K, reserved 1376256K
  class space    used 60868K, committed 62720K, reserved 1048576K
}
Event: 230.261 GC heap after
{Heap after GC invocations=105 (full 13):
 ZHeap           used 4484M, capacity 16384M, max capacity 16384M
 Metaspace       used 362090K, committed 366144K, reserved 1376256K
  class space    used 60868K, committed 62720K, reserved 1048576K
}
Event: 230.392 GC heap before
{Heap before GC invocations=105 (full 13):
 ZHeap           used 5212M, capacity 16384M, max capacity 16384M
 Metaspace       used 362090K, committed 366144K, reserved 1376256K
  class space    used 60868K, committed 62720K, reserved 1048576K
}
Event: 230.717 GC heap after
{Heap after GC invocations=106 (full 13):
 ZHeap           used 4788M, capacity 16384M, max capacity 16384M
 Metaspace       used 362090K, committed 366144K, reserved 1376256K
  class space    used 60868K, committed 62720K, reserved 1048576K
}
Event: 230.717 GC heap before
{Heap before GC invocations=106 (full 13):
 ZHeap           used 4788M, capacity 16384M, max capacity 16384M
 Metaspace       used 362090K, committed 366144K, reserved 1376256K
  class space    used 60868K, committed 62720K, reserved 1048576K
}
Event: 231.024 GC heap after
{Heap after GC invocations=107 (full 13):
 ZHeap           used 5200M, capacity 16384M, max capacity 16384M
 Metaspace       used 362090K, committed 366144K, reserved 1376256K
  class space    used 60868K, committed 62720K, reserved 1048576K
}
Event: 231.138 GC heap before
{Heap before GC invocations=107 (full 13):
 ZHeap           used 5708M, capacity 16384M, max capacity 16384M
 Metaspace       used 362090K, committed 366144K, reserved 1376256K
  class space    used 60868K, committed 62720K, reserved 1048576K
}
Event: 231.376 GC heap after
{Heap after GC invocations=108 (full 13):
 ZHeap           used 3764M, capacity 16384M, max capacity 16384M
 Metaspace       used 362090K, committed 366144K, reserved 1376256K
  class space    used 60868K, committed 62720K, reserved 1048576K
}
Event: 232.159 GC heap before
{Heap before GC invocations=108 (full 13):
 ZHeap           used 9550M, capacity 16384M, max capacity 16384M
 Metaspace       used 362090K, committed 366144K, reserved 1376256K
  class space    used 60868K, committed 62720K, reserved 1048576K
}
Event: 232.425 GC heap after
{Heap after GC invocations=109 (full 13):
 ZHeap           used 4726M, capacity 16384M, max capacity 16384M
 Metaspace       used 362090K, committed 366144K, reserved 1376256K
  class space    used 60868K, committed 62720K, reserved 1048576K
}
Event: 233.375 GC heap before
{Heap before GC invocations=109 (full 13):
 ZHeap           used 10876M, capacity 16384M, max capacity 16384M
 Metaspace       used 362092K, committed 366144K, reserved 1376256K
  class space    used 60868K, committed 62720K, reserved 1048576K
}
Event: 233.738 GC heap after
{Heap after GC invocations=110 (full 13):
 ZHeap           used 5536M, capacity 16384M, max capacity 16384M
 Metaspace       used 362102K, committed 366144K, reserved 1376256K
  class space    used 60868K, committed 62720K, reserved 1048576K
}
Event: 234.060 GC heap before
{Heap before GC invocations=110 (full 13):
 ZHeap           used 8322M, capacity 16384M, max capacity 16384M
 Metaspace       used 362102K, committed 366144K, reserved 1376256K
  class space    used 60868K, committed 62720K, reserved 1048576K
}
Event: 234.403 GC heap after
{Heap after GC invocations=111 (full 13):
 ZHeap           used 4508M, capacity 16384M, max capacity 16384M
 Metaspace       used 362102K, committed 366144K, reserved 1376256K
  class space    used 60868K, committed 62720K, reserved 1048576K
}
Event: 235.066 GC heap before
{Heap before GC invocations=111 (full 13):
 ZHeap           used 9274M, capacity 16384M, max capacity 16384M
 Metaspace       used 362103K, committed 366144K, reserved 1376256K
  class space    used 60868K, committed 62720K, reserved 1048576K
}
Event: 235.453 GC heap after
{Heap after GC invocations=112 (full 13):
 ZHeap           used 5340M, capacity 16384M, max capacity 16384M
 Metaspace       used 362103K, committed 366144K, reserved 1376256K
  class space    used 60868K, committed 62720K, reserved 1048576K
}
Event: 236.020 GC heap before
{Heap before GC invocations=112 (full 13):
 ZHeap           used 8806M, capacity 16384M, max capacity 16384M
 Metaspace       used 362103K, committed 366144K, reserved 1376256K
  class space    used 60868K, committed 62720K, reserved 1048576K
}
Event: 236.432 GC heap after
{Heap after GC invocations=113 (full 13):
 ZHeap           used 5464M, capacity 16384M, max capacity 16384M
 Metaspace       used 362103K, committed 366144K, reserved 1376256K
  class space    used 60868K, committed 62720K, reserved 1048576K
}
Event: 236.899 GC heap before
{Heap before GC invocations=113 (full 13):
 ZHeap           used 8756M, capacity 16384M, max capacity 16384M
 Metaspace       used 362105K, committed 366144K, reserved 1376256K
  class space    used 60868K, committed 62720K, reserved 1048576K
}
Event: 237.226 GC heap after
{Heap after GC invocations=114 (full 13):
 ZHeap           used 4734M, capacity 16384M, max capacity 16384M
 Metaspace       used 362105K, committed 366144K, reserved 1376256K
  class space    used 60868K, committed 62720K, reserved 1048576K
}
Event: 238.052 GC heap before
{Heap before GC invocations=114 (full 13):
 ZHeap           used 9486M, capacity 16384M, max capacity 16384M
 Metaspace       used 362111K, committed 366208K, reserved 1376256K
  class space    used 60868K, committed 62720K, reserved 1048576K
}
Event: 238.467 GC heap after
{Heap after GC invocations=115 (full 13):
 ZHeap           used 5910M, capacity 16384M, max capacity 16384M
 Metaspace       used 362111K, committed 366208K, reserved 1376256K
  class space    used 60868K, committed 62720K, reserved 1048576K
}
Event: 238.937 GC heap before
{Heap before GC invocations=115 (full 13):
 ZHeap           used 9006M, capacity 16384M, max capacity 16384M
 Metaspace       used 362111K, committed 366208K, reserved 1376256K
  class space    used 60868K, committed 62720K, reserved 1048576K
}
Event: 239.346 GC heap after
{Heap after GC invocations=116 (full 13):
 ZHeap           used 5084M, capacity 16384M, max capacity 16384M
 Metaspace       used 362111K, committed 366208K, reserved 1376256K
  class space    used 60868K, committed 62720K, reserved 1048576K
}
Event: 239.989 GC heap before
{Heap before GC invocations=116 (full 13):
 ZHeap           used 9506M, capacity 16384M, max capacity 16384M
 Metaspace       used 362111K, committed 366208K, reserved 1376256K
  class space    used 60868K, committed 62720K, reserved 1048576K
}
Event: 240.409 GC heap after
{Heap after GC invocations=117 (full 13):
 ZHeap           used 5418M, capacity 16384M, max capacity 16384M
 Metaspace       used 362111K, committed 366208K, reserved 1376256K
  class space    used 60868K, committed 62720K, reserved 1048576K
}
Event: 241.128 GC heap before
{Heap before GC invocations=117 (full 13):
 ZHeap           used 9652M, capacity 16384M, max capacity 16384M
 Metaspace       used 362114K, committed 366208K, reserved 1376256K
  class space    used 60868K, committed 62720K, reserved 1048576K
}
Event: 241.569 GC heap after
{Heap after GC invocations=118 (full 13):
 ZHeap           used 5872M, capacity 16384M, max capacity 16384M
 Metaspace       used 362114K, committed 366208K, reserved 1376256K
  class space    used 60868K, committed 62720K, reserved 1048576K
}
Event: 242.265 GC heap before
{Heap before GC invocations=118 (full 13):
 ZHeap           used 9740M, capacity 16384M, max capacity 16384M
 Metaspace       used 362150K, committed 366208K, reserved 1376256K
  class space    used 60869K, committed 62720K, reserved 1048576K
}
Event: 242.647 GC heap after
{Heap after GC invocations=119 (full 13):
 ZHeap           used 5160M, capacity 16384M, max capacity 16384M
 Metaspace       used 362150K, committed 366208K, reserved 1376256K
  class space    used 60869K, committed 62720K, reserved 1048576K
}
Event: 243.372 GC heap before
{Heap before GC invocations=119 (full 13):
 ZHeap           used 9730M, capacity 16384M, max capacity 16384M
 Metaspace       used 362152K, committed 366208K, reserved 1376256K
  class space    used 60869K, committed 62720K, reserved 1048576K
}
Event: 243.891 GC heap after
{Heap after GC invocations=120 (full 13):
 ZHeap           used 6164M, capacity 16384M, max capacity 16384M
 Metaspace       used 362153K, committed 366208K, reserved 1376256K
  class space    used 60869K, committed 62720K, reserved 1048576K
}
Event: 244.058 GC heap before
{Heap before GC invocations=120 (full 13):
 ZHeap           used 7600M, capacity 16384M, max capacity 16384M
 Metaspace       used 362153K, committed 366208K, reserved 1376256K
  class space    used 60869K, committed 62720K, reserved 1048576K
}
Event: 244.484 GC heap after
{Heap after GC invocations=121 (full 13):
 ZHeap           used 5606M, capacity 16384M, max capacity 16384M
 Metaspace       used 362153K, committed 366208K, reserved 1376256K
  class space    used 60869K, committed 62720K, reserved 1048576K
}
Event: 244.850 GC heap before
{Heap before GC invocations=121 (full 13):
 ZHeap           used 7834M, capacity 16384M, max capacity 16384M
 Metaspace       used 362153K, committed 366208K, reserved 1376256K
  class space    used 60869K, committed 62720K, reserved 1048576K
}
Event: 245.295 GC heap after
{Heap after GC invocations=122 (full 13):
 ZHeap           used 5826M, capacity 16384M, max capacity 16384M
 Metaspace       used 362153K, committed 366208K, reserved 1376256K
  class space    used 60869K, committed 62720K, reserved 1048576K
}
Event: 245.695 GC heap before
{Heap before GC invocations=122 (full 13):
 ZHeap           used 8556M, capacity 16384M, max capacity 16384M
 Metaspace       used 362153K, committed 366208K, reserved 1376256K
  class space    used 60869K, committed 62720K, reserved 1048576K
}
Event: 246.124 GC heap after
{Heap after GC invocations=123 (full 13):
 ZHeap           used 6248M, capacity 16384M, max capacity 16384M
 Metaspace       used 362153K, committed 366208K, reserved 1376256K
  class space    used 60869K, committed 62720K, reserved 1048576K
}
Event: 246.690 GC heap before
{Heap before GC invocations=123 (full 13):
 ZHeap           used 9522M, capacity 16384M, max capacity 16384M
 Metaspace       used 362153K, committed 366208K, reserved 1376256K
  class space    used 60869K, committed 62720K, reserved 1048576K
}
Event: 247.098 GC heap after
{Heap after GC invocations=124 (full 13):
 ZHeap           used 5420M, capacity 16384M, max capacity 16384M
 Metaspace       used 362153K, committed 366208K, reserved 1376256K
  class space    used 60869K, committed 62720K, reserved 1048576K
}
Event: 247.714 GC heap before
{Heap before GC invocations=124 (full 13):
 ZHeap           used 9778M, capacity 16384M, max capacity 16384M
 Metaspace       used 362156K, committed 366208K, reserved 1376256K
  class space    used 60869K, committed 62720K, reserved 1048576K
}
Event: 248.052 GC heap after
{Heap after GC invocations=125 (full 13):
 ZHeap           used 4388M, capacity 16384M, max capacity 16384M
 Metaspace       used 362157K, committed 366208K, reserved 1376256K
  class space    used 60869K, committed 62720K, reserved 1048576K
}
Event: 249.932 GC heap before
{Heap before GC invocations=125 (full 13):
 ZHeap           used 7846M, capacity 16384M, max capacity 16384M
 Metaspace       used 362161K, committed 366208K, reserved 1376256K
  class space    used 60870K, committed 62720K, reserved 1048576K
}
Event: 250.193 GC heap after
{Heap after GC invocations=126 (full 13):
 ZHeap           used 3568M, capacity 16384M, max capacity 16384M
 Metaspace       used 362161K, committed 366208K, reserved 1376256K
  class space    used 60870K, committed 62720K, reserved 1048576K
}
Event: 252.198 GC heap before
{Heap before GC invocations=126 (full 13):
 ZHeap           used 6944M, capacity 16384M, max capacity 16384M
 Metaspace       used 362162K, committed 366208K, reserved 1376256K
  class space    used 60870K, committed 62720K, reserved 1048576K
}
Event: 252.496 GC heap after
{Heap after GC invocations=127 (full 13):
 ZHeap           used 3578M, capacity 16384M, max capacity 16384M
 Metaspace       used 362162K, committed 366208K, reserved 1376256K
  class space    used 60870K, committed 62720K, reserved 1048576K
}
Event: 254.287 GC heap before
{Heap before GC invocations=127 (full 13):
 ZHeap           used 13302M, capacity 16384M, max capacity 16384M
 Metaspace       used 362163K, committed 366208K, reserved 1376256K
  class space    used 60870K, committed 62720K, reserved 1048576K
}
Event: 255.034 GC heap after
{Heap after GC invocations=128 (full 13):
 ZHeap           used 7214M, capacity 16384M, max capacity 16384M
 Metaspace       used 362163K, committed 366208K, reserved 1376256K
  class space    used 60870K, committed 62720K, reserved 1048576K
}
Event: 255.096 GC heap before
{Heap before GC invocations=128 (full 13):
 ZHeap           used 7628M, capacity 16384M, max capacity 16384M
 Metaspace       used 362163K, committed 366208K, reserved 1376256K
  class space    used 60870K, committed 62720K, reserved 1048576K
}
Event: 255.562 GC heap after
{Heap after GC invocations=129 (full 14):
 ZHeap           used 6218M, capacity 16384M, max capacity 16384M
 Metaspace       used 362164K, committed 366208K, reserved 1376256K
  class space    used 60870K, committed 62720K, reserved 1048576K
}
Event: 255.562 GC heap before
{Heap before GC invocations=129 (full 14):
 ZHeap           used 6218M, capacity 16384M, max capacity 16384M
 Metaspace       used 362164K, committed 366208K, reserved 1376256K
  class space    used 60870K, committed 62720K, reserved 1048576K
}
Event: 255.571 GC heap before
{Heap before GC invocations=129 (full 14):
 ZHeap           used 6282M, capacity 16384M, max capacity 16384M
 Metaspace       used 362164K, committed 366208K, reserved 1376256K
  class space    used 60870K, committed 62720K, reserved 1048576K
}
Event: 255.688 GC heap after
{Heap after GC invocations=130 (full 14):
 ZHeap           used 4026M, capacity 16384M, max capacity 16384M
 Metaspace       used 362164K, committed 366208K, reserved 1376256K
  class space    used 60870K, committed 62720K, reserved 1048576K
}
Event: 255.688 GC heap before
{Heap before GC invocations=130 (full 14):
 ZHeap           used 4028M, capacity 16384M, max capacity 16384M
 Metaspace       used 362164K, committed 366208K, reserved 1376256K
  class space    used 60870K, committed 62720K, reserved 1048576K
}
Event: 255.838 GC heap after
{Heap after GC invocations=131 (full 14):
 ZHeap           used 4170M, capacity 16384M, max capacity 16384M
 Metaspace       used 362170K, committed 366208K, reserved 1376256K
  class space    used 60870K, committed 62720K, reserved 1048576K
}
Event: 255.838 GC heap before
{Heap before GC invocations=131 (full 14):
 ZHeap           used 4170M, capacity 16384M, max capacity 16384M
 Metaspace       used 362170K, committed 366208K, reserved 1376256K
  class space    used 60870K, committed 62720K, reserved 1048576K
}
Event: 255.893 GC heap after
{Heap after GC invocations=132 (full 14):
 ZHeap           used 3590M, capacity 16384M, max capacity 16384M
 Metaspace       used 362170K, committed 366208K, reserved 1376256K
  class space    used 60870K, committed 62720K, reserved 1048576K
}
Event: 257.117 GC heap before
{Heap before GC invocations=132 (full 14):
 ZHeap           used 10030M, capacity 16384M, max capacity 16384M
 Metaspace       used 362170K, committed 366208K, reserved 1376256K
  class space    used 60870K, committed 62720K, reserved 1048576K
}
Event: 257.262 GC heap after
{Heap after GC invocations=133 (full 14):
 ZHeap           used 4110M, capacity 16384M, max capacity 16384M
 Metaspace       used 362170K, committed 366208K, reserved 1376256K
  class space    used 60870K, committed 62720K, reserved 1048576K
}
Event: 258.294 GC heap before
{Heap before GC invocations=133 (full 14):
 ZHeap           used 10170M, capacity 16384M, max capacity 16384M
 Metaspace       used 362177K, committed 366272K, reserved 1376256K
  class space    used 60873K, committed 62720K, reserved 1048576K
}
Event: 258.512 GC heap after
{Heap after GC invocations=134 (full 14):
 ZHeap           used 4454M, capacity 16384M, max capacity 16384M
 Metaspace       used 362177K, committed 366272K, reserved 1376256K
  class space    used 60873K, committed 62720K, reserved 1048576K
}
Event: 259.127 GC heap after
{Heap after GC invocations=134 (full 14):
 ZHeap           used 7662M, capacity 16384M, max capacity 16384M
 Metaspace       used 362183K, committed 366272K, reserved 1376256K
  class space    used 60873K, committed 62720K, reserved 1048576K
}
Event: 259.618 GC heap before
{Heap before GC invocations=134 (full 14):
 ZHeap           used 10872M, capacity 16384M, max capacity 16384M
 Metaspace       used 362184K, committed 366272K, reserved 1376256K
  class space    used 60873K, committed 62720K, reserved 1048576K
}
Event: 259.850 GC heap after
{Heap after GC invocations=135 (full 14):
 ZHeap           used 3966M, capacity 16384M, max capacity 16384M
 Metaspace       used 362184K, committed 366272K, reserved 1376256K
  class space    used 60873K, committed 62720K, reserved 1048576K
}
Event: 261.091 GC heap before
{Heap before GC invocations=135 (full 14):
 ZHeap           used 11632M, capacity 16384M, max capacity 16384M
 Metaspace       used 362188K, committed 366272K, reserved 1376256K
  class space    used 60874K, committed 62720K, reserved 1048576K
}
Event: 261.355 GC heap after
{Heap after GC invocations=136 (full 14):
 ZHeap           used 4088M, capacity 16384M, max capacity 16384M
 Metaspace       used 362188K, committed 366272K, reserved 1376256K
  class space    used 60874K, committed 62720K, reserved 1048576K
}
Event: 262.601 GC heap before
{Heap before GC invocations=136 (full 14):
 ZHeap           used 11862M, capacity 16384M, max capacity 16384M
 Metaspace       used 362188K, committed 366272K, reserved 1376256K
  class space    used 60874K, committed 62720K, reserved 1048576K
}
Event: 262.877 GC heap after
{Heap after GC invocations=137 (full 14):
 ZHeap           used 4646M, capacity 16384M, max capacity 16384M
 Metaspace       used 362188K, committed 366272K, reserved 1376256K
  class space    used 60874K, committed 62720K, reserved 1048576K
}
Event: 263.719 GC heap before
{Heap before GC invocations=137 (full 14):
 ZHeap           used 11094M, capacity 16384M, max capacity 16384M
 Metaspace       used 362189K, committed 366272K, reserved 1376256K
  class space    used 60874K, committed 62720K, reserved 1048576K
}
Event: 264.077 GC heap after
{Heap after GC invocations=138 (full 14):
 ZHeap           used 4986M, capacity 16384M, max capacity 16384M
 Metaspace       used 362189K, committed 366272K, reserved 1376256K
  class space    used 60874K, committed 62720K, reserved 1048576K
}
Event: 264.461 GC heap before
{Heap before GC invocations=138 (full 14):
 ZHeap           used 8054M, capacity 16384M, max capacity 16384M
 Metaspace       used 362214K, committed 366336K, reserved 1376256K
  class space    used 60875K, committed 62784K, reserved 1048576K
}
Event: 264.807 GC heap after
{Heap after GC invocations=139 (full 14):
 ZHeap           used 5662M, capacity 16384M, max capacity 16384M
 Metaspace       used 362219K, committed 366336K, reserved 1376256K
  class space    used 60875K, committed 62784K, reserved 1048576K
}
Event: 265.044 GC heap before
{Heap before GC invocations=139 (full 14):
 ZHeap           used 8050M, capacity 16384M, max capacity 16384M
 Metaspace       used 362226K, committed 366336K, reserved 1376256K
  class space    used 60877K, committed 62784K, reserved 1048576K
}
Event: 265.268 GC heap after
{Heap after GC invocations=140 (full 14):
 ZHeap           used 4114M, capacity 16384M, max capacity 16384M
 Metaspace       used 362226K, committed 366336K, reserved 1376256K
  class space    used 60877K, committed 62784K, reserved 1048576K
}
Event: 265.674 GC heap before
{Heap before GC invocations=140 (full 14):
 ZHeap           used 7664M, capacity 16384M, max capacity 16384M
 Metaspace       used 362229K, committed 366336K, reserved 1376256K
  class space    used 60877K, committed 62784K, reserved 1048576K
}
Event: 265.918 GC heap after
{Heap after GC invocations=141 (full 14):
 ZHeap           used 4666M, capacity 16384M, max capacity 16384M
 Metaspace       used 362229K, committed 366336K, reserved 1376256K
  class space    used 60877K, committed 62784K, reserved 1048576K
}
Event: 267.152 GC heap before
{Heap before GC invocations=141 (full 14):
 ZHeap           used 9152M, capacity 16384M, max capacity 16384M
 Metaspace       used 362259K, committed 366336K, reserved 1376256K
  class space    used 60884K, committed 62784K, reserved 1048576K
}
Event: 267.459 GC heap after
{Heap after GC invocations=142 (full 14):
 ZHeap           used 3578M, capacity 16384M, max capacity 16384M
 Metaspace       used 362259K, committed 366336K, reserved 1376256K
  class space    used 60884K, committed 62784K, reserved 1048576K
}
Event: 269.060 GC heap before
{Heap before GC invocations=142 (full 14):
 ZHeap           used 6394M, capacity 16384M, max capacity 16384M
 Metaspace       used 362260K, committed 366336K, reserved 1376256K
  class space    used 60884K, committed 62784K, reserved 1048576K
}
Event: 269.405 GC heap after
{Heap after GC invocations=143 (full 14):
 ZHeap           used 3560M, capacity 16384M, max capacity 16384M
 Metaspace       used 362260K, committed 366336K, reserved 1376256K
  class space    used 60884K, committed 62784K, reserved 1048576K
}
Event: 270.106 GC heap before
{Heap before GC invocations=143 (full 14):
 ZHeap           used 4770M, capacity 16384M, max capacity 16384M
 Metaspace       used 362279K, committed 366400K, reserved 1376256K
  class space    used 60888K, committed 62784K, reserved 1048576K
}
Event: 270.138 GC heap after
{Heap after GC invocations=144 (full 14):
 ZHeap           used 3056M, capacity 16384M, max capacity 16384M
 Metaspace       used 362279K, committed 366400K, reserved 1376256K
  class space    used 60888K, committed 62784K, reserved 1048576K
}
Event: 272.073 GC heap before
{Heap before GC invocations=144 (full 14):
 ZHeap           used 12514M, capacity 16384M, max capacity 16384M
 Metaspace       used 362296K, committed 366400K, reserved 1376256K
  class space    used 60890K, committed 62784K, reserved 1048576K
}

Dll operation events (27 events):
Event: 0.004 Loaded shared library C:\Users\justi\AppData\Roaming\PrismLauncher\java\java-runtime-delta\bin\java.dll
Event: 0.005 Loaded shared library KernelBase
Event: 0.351 Loaded shared library C:\Users\justi\AppData\Roaming\PrismLauncher\java\java-runtime-delta\bin\zip.dll
Event: 0.377 Loaded shared library C:\Users\justi\AppData\Roaming\PrismLauncher\java\java-runtime-delta\bin\jsvml.dll
Event: 0.426 Loaded shared library C:\Users\justi\AppData\Roaming\PrismLauncher\java\java-runtime-delta\bin\net.dll
Event: 0.428 Loaded shared library C:\Users\justi\AppData\Roaming\PrismLauncher\java\java-runtime-delta\bin\nio.dll
Event: 0.431 Loaded shared library C:\Users\justi\AppData\Roaming\PrismLauncher\java\java-runtime-delta\bin\zip.dll
Event: 0.481 Loaded shared library C:\Users\justi\AppData\Roaming\PrismLauncher\java\java-runtime-delta\bin\jimage.dll
Event: 1.000 Loaded shared library C:\Users\justi\AppData\Roaming\PrismLauncher\java\java-runtime-delta\bin\verify.dll
Event: 1.990 Loaded shared library C:\Users\justi\AppData\Roaming\PrismLauncher\java\java-runtime-delta\bin\management.dll
Event: 1.992 Loaded shared library C:\Users\justi\AppData\Roaming\PrismLauncher\java\java-runtime-delta\bin\management_ext.dll
Event: 3.033 Loaded shared library C:\Users\justi\AppData\Local\Temp\lwjgl_justi\3.3.3+5\x64\lwjgl.dll
Event: 3.260 Loaded shared library C:\Users\justi\AppData\Local\Temp\lwjgl_justi\3.3.3+5\x64\lwjgl_stb.dll
Event: 3.318 Loaded shared library C:\Users\justi\AppData\Local\Temp\lwjgl_justi\3.3.3+5\x64\lwjgl_opengl.dll
Event: 10.912 Loaded shared library C:\Users\justi\AppData\Local\Temp\jna-101492989\jna8295428321798032619.dll
Event: 15.881 Loaded shared library C:\Users\justi\AppData\Roaming\PrismLauncher\java\java-runtime-delta\bin\sunmscapi.dll
Event: 16.005 Loaded shared library C:\Users\justi\AppData\Roaming\PrismLauncher\java\java-runtime-delta\bin\extnet.dll
Event: 17.138 Loaded shared library C:\Users\justi\AppData\Roaming\PrismLauncher\java\java-runtime-delta\bin\awt.dll
Event: 22.929 Loaded shared library C:\Users\justi\AppData\Local\Temp\imgui-java-natives\1.88.0\imgui-java64.dll
Event: 25.172 Loaded shared library C:\Users\justi\AppData\Local\Temp\libopus4j-9783d0e001158567d1e08f6bb3b2c5b5\libopus4j.dll
Event: 25.211 Loaded shared library C:\Users\justi\AppData\Local\Temp\libzstd-jni_dh-1.5.7-613566575834737654066.dll
Event: 25.212 Loaded shared library C:\Users\justi\AppData\Local\Temp\librnnoise4j-40cc1fdd40ca1100a850ddee14466799\librnnoise4j.dll
Event: 25.243 Loaded shared library C:\Users\justi\AppData\Local\Temp\libspeex4j-e39751f08962f3611e66c90baf107894\libspeex4j.dll
Event: 25.262 Loaded shared library C:\Users\justi\AppData\Local\Temp\liblame4j-290c3436fe9f7c2b8e165ddcb5ad66ce\liblame4j.dll
Event: 25.358 Loaded shared library C:\Users\justi\AppData\Local\Temp\sqlite-3.47.2.0-9edb9b20-5f51-426b-a374-901606a452bc-sqlitejdbc.dll
Event: 37.269 Loaded shared library C:\Users\justi\AppData\Roaming\PrismLauncher\java\java-runtime-delta\bin\jsound.dll
Event: 97.977 Loaded shared library C:\Users\justi\AppData\Local\Temp\sable_rapier_natives11820294281814598225.tmp

Deoptimization events (250 events):
Event: 233.193 Thread 0x000002866357bab0 DEOPT PACKING pc=0x000002818c793bee sp=0x00000097d92fe750
Event: 233.193 Thread 0x000002866357bab0 DEOPT UNPACKING pc=0x0000028191e57ee2 sp=0x00000097d92fdc60 mode 0
Event: 233.399 Thread 0x000002866357ef30 Uncommon trap: trap_request=0xffffffbe fr.pc=0x000002819334035c relative=0x000000000000067c
Event: 233.399 Thread 0x000002866357ef30 Uncommon trap: reason=profile_predicate action=maybe_recompile pc=0x000002819334035c method=java.util.stream.SpinedBuffer$1Splitr.forEachRemaining(Ljava/util/function/Consumer;)V @ 71 c2
Event: 233.399 Thread 0x000002866357ef30 DEOPT PACKING pc=0x000002819334035c sp=0x00000097d91fe6f0
Event: 233.399 Thread 0x000002866357ef30 DEOPT UNPACKING pc=0x0000028191e573a2 sp=0x00000097d91fe6a0 mode 2
Event: 233.475 Thread 0x000002866357ce60 Uncommon trap: trap_request=0xffffffbe fr.pc=0x000002819334035c relative=0x000000000000067c
Event: 233.475 Thread 0x000002866357ce60 Uncommon trap: reason=profile_predicate action=maybe_recompile pc=0x000002819334035c method=java.util.stream.SpinedBuffer$1Splitr.forEachRemaining(Ljava/util/function/Consumer;)V @ 71 c2
Event: 233.475 Thread 0x000002866357ce60 DEOPT PACKING pc=0x000002819334035c sp=0x00000097d97fe880
Event: 233.475 Thread 0x000002866357ce60 DEOPT UNPACKING pc=0x0000028191e573a2 sp=0x00000097d97fe830 mode 2
Event: 233.576 Thread 0x0000028663585ec0 Uncommon trap: trap_request=0xffffffbe fr.pc=0x000002819334035c relative=0x000000000000067c
Event: 233.576 Thread 0x0000028663585ec0 Uncommon trap: reason=profile_predicate action=maybe_recompile pc=0x000002819334035c method=java.util.stream.SpinedBuffer$1Splitr.forEachRemaining(Ljava/util/function/Consumer;)V @ 71 c2
Event: 233.576 Thread 0x0000028663585ec0 DEOPT PACKING pc=0x000002819334035c sp=0x00000097d9bfe720
Event: 233.576 Thread 0x0000028663585ec0 DEOPT UNPACKING pc=0x0000028191e573a2 sp=0x00000097d9bfe6d0 mode 2
Event: 234.177 Thread 0x00000285a37ff010 DEOPT PACKING pc=0x000002818edc4513 sp=0x00000097cfbfe250
Event: 234.177 Thread 0x00000285a37ff010 DEOPT UNPACKING pc=0x0000028191e57ee2 sp=0x00000097cfbfd7f0 mode 0
Event: 234.492 Thread 0x000002866357db80 DEOPT PACKING pc=0x000002818c793bee sp=0x00000097d90fe3e0
Event: 234.492 Thread 0x000002866357db80 DEOPT UNPACKING pc=0x0000028191e57ee2 sp=0x00000097d90fd8f0 mode 0
Event: 234.520 Thread 0x000002866357db80 DEOPT PACKING pc=0x000002818c793bee sp=0x00000097d90fe3e0
Event: 234.520 Thread 0x000002866357db80 DEOPT UNPACKING pc=0x0000028191e57ee2 sp=0x00000097d90fd8f0 mode 0
Event: 235.157 Thread 0x00000285a37ff010 DEOPT PACKING pc=0x000002818edc4513 sp=0x00000097cfbfe250
Event: 235.157 Thread 0x00000285a37ff010 DEOPT UNPACKING pc=0x0000028191e57ee2 sp=0x00000097cfbfd7f0 mode 0
Event: 236.415 Thread 0x0000028663585ec0 Uncommon trap: trap_request=0xffffffde fr.pc=0x00000281944e54f4 relative=0x00000000000000d4
Event: 236.415 Thread 0x0000028663585ec0 Uncommon trap: reason=class_check action=maybe_recompile pc=0x00000281944e54f4 method=net.minecraft.world.level.levelgen.BitRandomSource.nextInt()I @ 3 c2
Event: 236.415 Thread 0x0000028663585ec0 DEOPT PACKING pc=0x00000281944e54f4 sp=0x00000097d9bfe8a0
Event: 236.416 Thread 0x0000028663585ec0 DEOPT UNPACKING pc=0x0000028191e573a2 sp=0x00000097d9bfe838 mode 2
Event: 236.432 Thread 0x00000285a37ff010 DEOPT PACKING pc=0x000002818edc4534 sp=0x00000097cfbfe250
Event: 236.432 Thread 0x00000285a37ff010 DEOPT UNPACKING pc=0x0000028191e57ee2 sp=0x00000097cfbfd7f0 mode 0
Event: 237.818 Thread 0x0000028663577fa0 DEOPT PACKING pc=0x000002818c793bee sp=0x00000097d87fe540
Event: 237.818 Thread 0x0000028663577fa0 DEOPT UNPACKING pc=0x0000028191e57ee2 sp=0x00000097d87fda50 mode 0
Event: 238.194 Thread 0x000002866357ef30 DEOPT PACKING pc=0x000002818c793bee sp=0x00000097d91fe330
Event: 238.194 Thread 0x000002866357ef30 DEOPT UNPACKING pc=0x0000028191e57ee2 sp=0x00000097d91fd840 mode 0
Event: 239.389 Thread 0x000002866357ef30 Uncommon trap: trap_request=0xffffffbe fr.pc=0x00000281966963c0 relative=0x00000000000141c0
Event: 239.389 Thread 0x000002866357ef30 Uncommon trap: reason=profile_predicate action=maybe_recompile pc=0x00000281966963c0 method=net.minecraft.world.level.levelgen.feature.MonsterRoomFeature.place(Lnet/minecraft/world/level/levelgen/feature/FeaturePlaceContext;)Z @ 290 c2
Event: 239.389 Thread 0x000002866357ef30 DEOPT PACKING pc=0x00000281966963c0 sp=0x00000097d91fe2b0
Event: 239.389 Thread 0x000002866357ef30 DEOPT UNPACKING pc=0x0000028191e573a2 sp=0x00000097d91fe260 mode 2
Event: 241.795 Thread 0x000002866357c7d0 Uncommon trap: trap_request=0xffffff76 fr.pc=0x00000281940a1d90 relative=0x00000000000012b0
Event: 241.795 Thread 0x000002866357c7d0 Uncommon trap: reason=predicate action=maybe_recompile pc=0x00000281940a1d90 method=net.minecraft.world.level.StructureManager.startsForStructure(Lnet/minecraft/world/level/ChunkPos;Ljava/util/function/Predicate;)Ljava/util/List; @ 49 c2
Event: 241.795 Thread 0x000002866357c7d0 DEOPT PACKING pc=0x00000281940a1d90 sp=0x00000097d98fdea0
Event: 241.795 Thread 0x000002866357c7d0 DEOPT UNPACKING pc=0x0000028191e573a2 sp=0x00000097d98fde40 mode 2
Event: 241.835 Thread 0x000002866357c7d0 Uncommon trap: trap_request=0xffffff45 fr.pc=0x000002819544eea4 relative=0x0000000000005a64
Event: 241.835 Thread 0x000002866357c7d0 Uncommon trap: reason=unstable_if action=reinterpret pc=0x000002819544eea4 method=net.minecraft.world.level.levelgen.structure.templatesystem.StructureTemplate.placeInWorld(Lnet/minecraft/world/level/ServerLevelAccessor;Lnet/minecraft/core/BlockPos;Lnet/m
Event: 241.835 Thread 0x000002866357c7d0 DEOPT PACKING pc=0x000002819544eea4 sp=0x00000097d98fe370
Event: 241.835 Thread 0x000002866357c7d0 DEOPT UNPACKING pc=0x0000028191e573a2 sp=0x00000097d98fe350 mode 2
Event: 241.874 Thread 0x000002864734ac70 Uncommon trap: trap_request=0xffffffc6 fr.pc=0x00000281931398c0 relative=0x0000000000000940
Event: 241.874 Thread 0x000002864734ac70 Uncommon trap: reason=bimorphic_or_optimized_type_check action=maybe_recompile pc=0x00000281931398c0 method=net.minecraft.util.thread.BlockableEventLoop.managedBlock(Ljava/util/function/BooleanSupplier;)V @ 20 c2
Event: 241.874 Thread 0x000002864734ac70 DEOPT PACKING pc=0x00000281931398c0 sp=0x00000097c67fefe0
Event: 241.874 Thread 0x000002864734ac70 DEOPT UNPACKING pc=0x0000028191e573a2 sp=0x00000097c67fef98 mode 2
Event: 241.902 Thread 0x0000028609efc750 Uncommon trap: trap_request=0xffffffde fr.pc=0x00000281944e54f4 relative=0x00000000000000d4
Event: 241.902 Thread 0x0000028609efc750 Uncommon trap: reason=class_check action=maybe_recompile pc=0x00000281944e54f4 method=net.minecraft.world.level.levelgen.BitRandomSource.nextInt()I @ 3 c2
Event: 241.902 Thread 0x0000028609efc750 DEOPT PACKING pc=0x00000281944e54f4 sp=0x00000097ceffea40
Event: 241.902 Thread 0x0000028609efc750 DEOPT UNPACKING pc=0x0000028191e573a2 sp=0x00000097ceffe9d8 mode 2
Event: 242.274 Thread 0x000002866357c7d0 DEOPT PACKING pc=0x000002818e74f908 sp=0x00000097d98fe280
Event: 242.274 Thread 0x000002866357c7d0 DEOPT UNPACKING pc=0x0000028191e57ee2 sp=0x00000097d98fd848 mode 0
Event: 243.697 Thread 0x000002866357f5c0 DEOPT PACKING pc=0x000002818b1b17c1 sp=0x00000097d94fe710
Event: 243.697 Thread 0x000002866357f5c0 DEOPT UNPACKING pc=0x0000028191e57ee2 sp=0x00000097d94fdbe0 mode 0
Event: 244.213 Thread 0x000002866357f5c0 Uncommon trap: trap_request=0xffffff45 fr.pc=0x000002819485010c relative=0x000000000000058c
Event: 244.213 Thread 0x000002866357f5c0 Uncommon trap: reason=unstable_if action=reinterpret pc=0x000002819485010c method=net.minecraft.world.level.levelgen.BitRandomSource.nextInt(I)I @ 59 c2
Event: 244.213 Thread 0x000002866357f5c0 DEOPT PACKING pc=0x000002819485010c sp=0x00000097d94fe940
Event: 244.213 Thread 0x000002866357f5c0 DEOPT UNPACKING pc=0x0000028191e573a2 sp=0x00000097d94fe7c0 mode 2
Event: 249.695 Thread 0x000002864d78c290 DEOPT PACKING pc=0x000002818ed72914 sp=0x00000097d23fea40
Event: 249.695 Thread 0x000002864d78c290 DEOPT UNPACKING pc=0x0000028191e57ee2 sp=0x00000097d23fdf18 mode 0
Event: 256.475 Thread 0x000002866357db80 Uncommon trap: trap_request=0xffffff6e fr.pc=0x0000028195e9f894 relative=0x00000000000009f4
Event: 256.475 Thread 0x000002866357db80 Uncommon trap: reason=loop_limit_check action=maybe_recompile pc=0x0000028195e9f894 method=com.yungnickyoung.minecraft.bettermineshafts.world.generator.pieces.BetterMineshaftPiece.chanceReplaceNonAir(Lnet/minecraft/world/level/WorldGenLevel;Lnet/minecraft
Event: 256.475 Thread 0x000002866357db80 DEOPT PACKING pc=0x0000028195e9f894 sp=0x00000097d90fe630
Event: 256.475 Thread 0x000002866357db80 DEOPT UNPACKING pc=0x0000028191e573a2 sp=0x00000097d90fe608 mode 2
Event: 256.879 Thread 0x000002864734ac70 DEOPT PACKING pc=0x000002818ba7eba5 sp=0x00000097c67ff000
Event: 256.879 Thread 0x000002864734ac70 DEOPT UNPACKING pc=0x0000028191e57ee2 sp=0x00000097c67fe4a0 mode 0
Event: 258.679 Thread 0x000002866357d4f0 DEOPT PACKING pc=0x000002818e74f908 sp=0x00000097d95fe6c0
Event: 258.679 Thread 0x000002866357d4f0 DEOPT UNPACKING pc=0x0000028191e57ee2 sp=0x00000097d95fdc88 mode 0
Event: 258.679 Thread 0x000002866357d4f0 Uncommon trap: trap_request=0xffffffde fr.pc=0x0000028195521d1c relative=0x0000000000004abc
Event: 258.679 Thread 0x000002866357d4f0 Uncommon trap: reason=class_check action=maybe_recompile pc=0x0000028195521d1c method=net.minecraft.world.level.levelgen.structure.templatesystem.StructureTemplate.placeInWorld(Lnet/minecraft/world/level/ServerLevelAccessor;Lnet/minecraft/core/BlockPos;Ln
Event: 258.679 Thread 0x000002866357d4f0 DEOPT PACKING pc=0x0000028195521d1c sp=0x00000097d95fe7d0
Event: 258.679 Thread 0x000002866357d4f0 DEOPT UNPACKING pc=0x0000028191e573a2 sp=0x00000097d95fe790 mode 2
Event: 258.680 Thread 0x000002866357d4f0 Uncommon trap: trap_request=0xffffff76 fr.pc=0x0000028193902174 relative=0x0000000000001af4
Event: 258.680 Thread 0x000002866357d4f0 Uncommon trap: reason=predicate action=maybe_recompile pc=0x0000028193902174 method=net.minecraft.world.level.levelgen.structure.templatesystem.StructureTemplate.placeInWorld(Lnet/minecraft/world/level/ServerLevelAccessor;Lnet/minecraft/core/BlockPos;Lnet
Event: 258.680 Thread 0x000002866357d4f0 DEOPT PACKING pc=0x0000028193902174 sp=0x00000097d95fe800
Event: 258.680 Thread 0x000002866357d4f0 DEOPT UNPACKING pc=0x0000028191e573a2 sp=0x00000097d95fe798 mode 2
Event: 258.681 Thread 0x000002866357d4f0 Uncommon trap: trap_request=0xffffff45 fr.pc=0x00000281957fee84 relative=0x0000000000000464
Event: 258.681 Thread 0x000002866357d4f0 Uncommon trap: reason=unstable_if action=reinterpret pc=0x00000281957fee84 method=net.minecraft.world.level.levelgen.structure.templatesystem.BlockRotProcessor.processBlock(Lnet/minecraft/world/level/LevelReader;Lnet/minecraft/core/BlockPos;Lnet/minecraft
Event: 258.681 Thread 0x000002866357d4f0 DEOPT PACKING pc=0x00000281957fee84 sp=0x00000097d95fe570
Event: 258.681 Thread 0x000002866357d4f0 DEOPT UNPACKING pc=0x0000028191e573a2 sp=0x00000097d95fe500 mode 2
Event: 258.699 Thread 0x000002866357d4f0 DEOPT PACKING pc=0x000002818e74f908 sp=0x00000097d95fe6c0
Event: 258.699 Thread 0x000002866357d4f0 DEOPT UNPACKING pc=0x0000028191e57ee2 sp=0x00000097d95fdc88 mode 0
Event: 258.700 Thread 0x000002866357d4f0 Uncommon trap: trap_request=0xffffffde fr.pc=0x0000028195521d1c relative=0x0000000000004abc
Event: 258.700 Thread 0x000002866357d4f0 Uncommon trap: reason=class_check action=maybe_recompile pc=0x0000028195521d1c method=net.minecraft.world.level.levelgen.structure.templatesystem.StructureTemplate.placeInWorld(Lnet/minecraft/world/level/ServerLevelAccessor;Lnet/minecraft/core/BlockPos;Ln
Event: 258.700 Thread 0x000002866357d4f0 DEOPT PACKING pc=0x0000028195521d1c sp=0x00000097d95fe7d0
Event: 258.700 Thread 0x000002866357d4f0 DEOPT UNPACKING pc=0x0000028191e573a2 sp=0x00000097d95fe790 mode 2
Event: 258.762 Thread 0x000002866357d4f0 DEOPT PACKING pc=0x000002818e74f908 sp=0x00000097d95fe6c0
Event: 258.762 Thread 0x000002866357d4f0 DEOPT UNPACKING pc=0x0000028191e57ee2 sp=0x00000097d95fdc88 mode 0
Event: 258.762 Thread 0x000002866357d4f0 Uncommon trap: trap_request=0xffffff76 fr.pc=0x0000028195520fdc relative=0x0000000000003d7c
Event: 258.762 Thread 0x000002866357d4f0 Uncommon trap: reason=predicate action=maybe_recompile pc=0x0000028195520fdc method=net.minecraft.world.level.levelgen.structure.templatesystem.StructureTemplate.placeInWorld(Lnet/minecraft/world/level/ServerLevelAccessor;Lnet/minecraft/core/BlockPos;Lnet
Event: 258.762 Thread 0x000002866357d4f0 DEOPT PACKING pc=0x0000028195520fdc sp=0x00000097d95fe7d0
Event: 258.762 Thread 0x000002866357d4f0 DEOPT UNPACKING pc=0x0000028191e573a2 sp=0x00000097d95fe790 mode 2
Event: 258.866 Thread 0x000002866357d4f0 Uncommon trap: trap_request=0xffffff45 fr.pc=0x000002819433b2b8 relative=0x0000000000002258
Event: 258.866 Thread 0x000002866357d4f0 Uncommon trap: reason=unstable_if action=reinterpret pc=0x000002819433b2b8 method=com.seibel.distanthorizons.common.wrappers.block.BlockStateWrapper_neoforge.calculateEDhApiBlockMaterialId(Lnet/minecraft/world/level/block/state/BlockState;Ljava/lang/Strin
Event: 258.866 Thread 0x000002866357d4f0 DEOPT PACKING pc=0x000002819433b2b8 sp=0x00000097d95fec40
Event: 258.866 Thread 0x000002866357d4f0 DEOPT UNPACKING pc=0x0000028191e573a2 sp=0x00000097d95febd0 mode 2
Event: 261.071 Thread 0x00000285e0d3fb20 DEOPT PACKING pc=0x000002818e86401d sp=0x00000097da4ff5f0
Event: 261.071 Thread 0x00000285e0d3fb20 DEOPT UNPACKING pc=0x0000028191e57ee2 sp=0x00000097da4feb28 mode 0
Event: 261.559 Thread 0x0000028609efba30 Uncommon trap: trap_request=0xffffffcd fr.pc=0x000002819429e80c relative=0x000000000000006c
Event: 261.559 Thread 0x0000028609efba30 Uncommon trap: reason=intrinsic_or_type_checked_inlining action=reinterpret pc=0x000002819429e80c method=java.lang.invoke.LambdaForm$MH/0x000000008035e000.guard(Ljava/lang/Object;Ljava/lang/Object;Ljava/lang/Object;)I @ 48 c2
Event: 261.559 Thread 0x0000028609efba30 DEOPT PACKING pc=0x000002819429e80c sp=0x00000097ce5fd260
Event: 261.559 Thread 0x0000028609efba30 DEOPT UNPACKING pc=0x0000028191e573a2 sp=0x00000097ce5fcfb0 mode 2
Event: 261.688 Thread 0x0000028663577fa0 Uncommon trap: trap_request=0xffffff45 fr.pc=0x0000028193ac96d8 relative=0x0000000000001db8
Event: 261.688 Thread 0x0000028663577fa0 Uncommon trap: reason=unstable_if action=reinterpret pc=0x0000028193ac96d8 method=java.util.concurrent.ConcurrentHashMap.compute(Ljava/lang/Object;Ljava/util/function/BiFunction;)Ljava/lang/Object; @ 287 c2
Event: 261.688 Thread 0x0000028663577fa0 DEOPT PACKING pc=0x0000028193ac96d8 sp=0x00000097d87fe780
Event: 261.688 Thread 0x0000028663577fa0 DEOPT UNPACKING pc=0x0000028191e573a2 sp=0x00000097d87fe720 mode 2
Event: 264.224 Thread 0x000002866357e210 Uncommon trap: trap_request=0xffffff45 fr.pc=0x0000028193138e9c relative=0x00000000000000dc
Event: 264.224 Thread 0x000002866357e210 Uncommon trap: reason=unstable_if action=reinterpret pc=0x0000028193138e9c method=com.yungnickyoung.minecraft.betteroceanmonuments.world.processor.RandomPrismarineSlabDecorationProcessor.processBlock(Lnet/minecraft/world/level/LevelReader;Lnet/minecraft/c
Event: 264.224 Thread 0x000002866357e210 DEOPT PACKING pc=0x0000028193138e9c sp=0x00000097d8ffe620
Event: 264.224 Thread 0x000002866357e210 DEOPT UNPACKING pc=0x0000028191e573a2 sp=0x00000097d8ffe570 mode 2
Event: 264.230 Thread 0x000002866357e210 Uncommon trap: trap_request=0xffffff45 fr.pc=0x0000028193f8f39c relative=0x00000000000000dc
Event: 264.230 Thread 0x000002866357e210 Uncommon trap: reason=unstable_if action=reinterpret pc=0x0000028193f8f39c method=com.yungnickyoung.minecraft.betteroceanmonuments.world.processor.RandomDarkPrismarineSlabDecorationProcessor.processBlock(Lnet/minecraft/world/level/LevelReader;Lnet/minecra
Event: 264.230 Thread 0x000002866357e210 DEOPT PACKING pc=0x0000028193f8f39c sp=0x00000097d8ffe620
Event: 264.230 Thread 0x000002866357e210 DEOPT UNPACKING pc=0x0000028191e573a2 sp=0x00000097d8ffe570 mode 2
Event: 264.233 Thread 0x000002866357e210 Uncommon trap: trap_request=0xffffff45 fr.pc=0x00000281939e4a4c relative=0x000000000000052c
Event: 264.233 Thread 0x000002866357e210 Uncommon trap: reason=unstable_if action=reinterpret pc=0x00000281939e4a4c method=com.yungnickyoung.minecraft.betteroceanmonuments.world.processor.RandomOxidizationProcessor.processBlock(Lnet/minecraft/world/level/LevelReader;Lnet/minecraft/core/BlockPos;
Event: 264.234 Thread 0x000002866357e210 DEOPT PACKING pc=0x00000281939e4a4c sp=0x00000097d8ffe610
Event: 264.234 Thread 0x000002866357e210 DEOPT UNPACKING pc=0x0000028191e573a2 sp=0x00000097d8ffe570 mode 2
Event: 264.234 Thread 0x000002866357e210 Uncommon trap: trap_request=0xffffff45 fr.pc=0x000002819484fb94 relative=0x00000000000000d4
Event: 264.234 Thread 0x000002866357e210 Uncommon trap: reason=unstable_if action=reinterpret pc=0x000002819484fb94 method=com.yungnickyoung.minecraft.betteroceanmonuments.world.processor.RandomSpongeProcessor.processBlock(Lnet/minecraft/world/level/LevelReader;Lnet/minecraft/core/BlockPos;Lnet/
Event: 264.234 Thread 0x000002866357e210 DEOPT PACKING pc=0x000002819484fb94 sp=0x00000097d8ffe620
Event: 264.234 Thread 0x000002866357e210 DEOPT UNPACKING pc=0x0000028191e573a2 sp=0x00000097d8ffe588 mode 2
Event: 264.247 Thread 0x000002866357e210 Uncommon trap: trap_request=0xffffff45 fr.pc=0x00000281948502c0 relative=0x0000000000000100
Event: 264.247 Thread 0x000002866357e210 Uncommon trap: reason=unstable_if action=reinterpret pc=0x00000281948502c0 method=com.yungnickyoung.minecraft.betteroceanmonuments.world.processor.SeagrassProcessor.processBlock(Lnet/minecraft/world/level/LevelReader;Lnet/minecraft/core/BlockPos;Lnet/mine
Event: 264.247 Thread 0x000002866357e210 DEOPT PACKING pc=0x00000281948502c0 sp=0x00000097d8ffe630
Event: 264.247 Thread 0x000002866357e210 DEOPT UNPACKING pc=0x0000028191e573a2 sp=0x00000097d8ffe588 mode 2
Event: 264.264 Thread 0x000002866357e210 Uncommon trap: trap_request=0xffffff45 fr.pc=0x000002819518eb60 relative=0x0000000000000680
Event: 264.264 Thread 0x000002866357e210 Uncommon trap: reason=unstable_if action=reinterpret pc=0x000002819518eb60 method=com.yungnickyoung.minecraft.betteroceanmonuments.world.processor.RandomOxidizationProcessor.processBlock(Lnet/minecraft/world/level/LevelReader;Lnet/minecraft/core/BlockPos;
Event: 264.264 Thread 0x000002866357e210 DEOPT PACKING pc=0x000002819518eb60 sp=0x00000097d8ffe610
Event: 264.264 Thread 0x000002866357e210 DEOPT UNPACKING pc=0x0000028191e573a2 sp=0x00000097d8ffe570 mode 2
Event: 264.267 Thread 0x000002866357e210 Uncommon trap: trap_request=0xffffff45 fr.pc=0x00000281935cf9bc relative=0x000000000000031c
Event: 264.267 Thread 0x000002866357e210 Uncommon trap: reason=unstable_if action=reinterpret pc=0x00000281935cf9bc method=com.yungnickyoung.minecraft.betteroceanmonuments.world.processor.SeagrassProcessor.processBlock(Lnet/minecraft/world/level/LevelReader;Lnet/minecraft/core/BlockPos;Lnet/mine
Event: 264.267 Thread 0x000002866357e210 DEOPT PACKING pc=0x00000281935cf9bc sp=0x00000097d8ffe620
Event: 264.267 Thread 0x000002866357e210 DEOPT UNPACKING pc=0x0000028191e573a2 sp=0x00000097d8ffe588 mode 2
Event: 264.350 Thread 0x000002866357e210 Uncommon trap: trap_request=0xffffff45 fr.pc=0x00000281947e20a0 relative=0x0000000000001aa0
Event: 264.350 Thread 0x000002866357e210 Uncommon trap: reason=unstable_if action=reinterpret pc=0x00000281947e20a0 method=com.yungnickyoung.minecraft.yungsapi.util.MixinUtils.isPositionInTaggedStructure(Lnet/minecraft/server/level/WorldGenRegion;Lnet/minecraft/core/BlockPos;Lnet/minecraft/tags/
Event: 264.350 Thread 0x000002866357e210 DEOPT PACKING pc=0x00000281947e20a0 sp=0x00000097d8ffe550
Event: 264.351 Thread 0x000002866357e210 DEOPT UNPACKING pc=0x0000028191e573a2 sp=0x00000097d8ffe4d8 mode 2
Event: 264.440 Thread 0x000002866357e210 Uncommon trap: trap_request=0xffffff45 fr.pc=0x000002819516688c relative=0x000000000000080c
Event: 264.440 Thread 0x000002866357e210 Uncommon trap: reason=unstable_if action=reinterpret pc=0x000002819516688c method=net.minecraft.world.level.levelgen.feature.UnderwaterMagmaFeature.handler$zja000$yungsapi$noMagmaInStructures(Lnet/minecraft/world/level/levelgen/feature/FeaturePlaceContext
Event: 264.440 Thread 0x000002866357e210 DEOPT PACKING pc=0x000002819516688c sp=0x00000097d8ffe5d0
Event: 264.440 Thread 0x000002866357e210 DEOPT UNPACKING pc=0x0000028191e573a2 sp=0x00000097d8ffe4e8 mode 2
Event: 264.440 Thread 0x000002866357e210 Uncommon trap: trap_request=0xffffff45 fr.pc=0x0000028195162118 relative=0x00000000000000d8
Event: 264.440 Thread 0x000002866357e210 Uncommon trap: reason=unstable_if action=reinterpret pc=0x0000028195162118 method=net.minecraft.world.level.levelgen.feature.UnderwaterMagmaFeature.handler$zja000$yungsapi$noMagmaInStructures(Lnet/minecraft/world/level/levelgen/feature/FeaturePlaceContext
Event: 264.440 Thread 0x000002866357e210 DEOPT PACKING pc=0x0000028195162118 sp=0x00000097d8ffe550
Event: 264.440 Thread 0x000002866357e210 DEOPT UNPACKING pc=0x0000028191e573a2 sp=0x00000097d8ffe4e0 mode 2
Event: 264.634 Thread 0x000002866357e210 Uncommon trap: trap_request=0xffffff45 fr.pc=0x0000028193f8e750 relative=0x0000000000000110
Event: 264.635 Thread 0x000002866357e210 Uncommon trap: reason=unstable_if action=reinterpret pc=0x0000028193f8e750 method=com.yungnickyoung.minecraft.betteroceanmonuments.world.processor.StructureVoidProcessor.processBlock(Lnet/minecraft/world/level/LevelReader;Lnet/minecraft/core/BlockPos;Lnet
Event: 264.635 Thread 0x000002866357e210 DEOPT PACKING pc=0x0000028193f8e750 sp=0x00000097d8ffe620
Event: 264.635 Thread 0x000002866357e210 DEOPT UNPACKING pc=0x0000028191e573a2 sp=0x00000097d8ffe588 mode 2
Event: 264.915 Thread 0x000002866357ce60 Uncommon trap: trap_request=0xffffff45 fr.pc=0x0000028194130d00 relative=0x0000000000000660
Event: 264.915 Thread 0x000002866357ce60 Uncommon trap: reason=unstable_if action=reinterpret pc=0x0000028194130d00 method=com.yungnickyoung.minecraft.betterdungeons.world.processor.small_dungeon.SmallDungeonCeilingProcessor.processBlock(Lnet/minecraft/world/level/LevelReader;Lnet/minecraft/core
Event: 264.915 Thread 0x000002866357ce60 DEOPT PACKING pc=0x0000028194130d00 sp=0x00000097d97fe450
Event: 264.915 Thread 0x000002866357ce60 DEOPT UNPACKING pc=0x0000028191e573a2 sp=0x00000097d97fe3c8 mode 2
Event: 265.241 Thread 0x00000286635702f0 DEOPT PACKING pc=0x000002818bd818c3 sp=0x00000097d80feb80
Event: 265.241 Thread 0x00000286635702f0 DEOPT UNPACKING pc=0x0000028191e57ee2 sp=0x00000097d80fe038 mode 0
Event: 265.599 Thread 0x000002866357e8a0 Uncommon trap: trap_request=0xffffff45 fr.pc=0x00000281947c9734 relative=0x0000000000000154
Event: 265.599 Thread 0x000002866357e8a0 Uncommon trap: reason=unstable_if action=reinterpret pc=0x00000281947c9734 method=net.minecraft.world.level.block.BushBlock.mayPlaceOn(Lnet/minecraft/world/level/block/state/BlockState;Lnet/minecraft/world/level/BlockGetter;Lnet/minecraft/core/BlockPos;)Z
Event: 265.599 Thread 0x000002866357e8a0 DEOPT PACKING pc=0x00000281947c9734 sp=0x00000097d93fdc10
Event: 265.599 Thread 0x000002866357e8a0 DEOPT UNPACKING pc=0x0000028191e573a2 sp=0x00000097d93fdb90 mode 2
Event: 265.827 Thread 0x000002866357e8a0 Uncommon trap: trap_request=0xffffffde fr.pc=0x0000028194fbbcec relative=0x000000000000286c
Event: 265.827 Thread 0x000002866357e8a0 Uncommon trap: reason=class_check action=maybe_recompile pc=0x0000028194fbbcec method=com.seibel.distanthorizons.common.wrappers.block.BlockStateWrapper_neoforge.<init>(Lnet/minecraft/world/level/block/state/BlockState;Lcom/seibel/distanthorizons/core/wra
Event: 265.827 Thread 0x000002866357e8a0 DEOPT PACKING pc=0x0000028194fbbcec sp=0x00000097d93fe910
Event: 265.827 Thread 0x000002866357e8a0 DEOPT UNPACKING pc=0x0000028191e573a2 sp=0x00000097d93fe8e8 mode 2
Event: 266.032 Thread 0x000002866357e210 DEOPT PACKING pc=0x000002818ac9d69d sp=0x00000097d8ffea90
Event: 266.032 Thread 0x000002866357e210 DEOPT UNPACKING pc=0x0000028191e57ee2 sp=0x00000097d8ffdfe0 mode 0
Event: 266.182 Thread 0x000002866356fc60 Uncommon trap: trap_request=0xffffffde fr.pc=0x0000028194fbbcec relative=0x000000000000286c
Event: 266.182 Thread 0x000002866356fc60 Uncommon trap: reason=class_check action=maybe_recompile pc=0x0000028194fbbcec method=com.seibel.distanthorizons.common.wrappers.block.BlockStateWrapper_neoforge.<init>(Lnet/minecraft/world/level/block/state/BlockState;Lcom/seibel/distanthorizons/core/wra
Event: 266.182 Thread 0x000002866356fc60 DEOPT PACKING pc=0x0000028194fbbcec sp=0x00000097d78feb80
Event: 266.182 Thread 0x000002866356fc60 DEOPT UNPACKING pc=0x0000028191e573a2 sp=0x00000097d78feb58 mode 2
Event: 266.873 Thread 0x000002866357ce60 Uncommon trap: trap_request=0xffffff66 fr.pc=0x0000028193189a54 relative=0x00000000000000b4
Event: 266.873 Thread 0x000002866357ce60 Uncommon trap: reason=speculate_class_check action=maybe_recompile pc=0x0000028193189a54 method=java.lang.invoke.LambdaForm$DMH/0x00000000800d8000.invokeSpecial(Ljava/lang/Object;Ljava/lang/Object;Ljava/lang/Object;)I @ 11 c2
Event: 266.873 Thread 0x000002866357ce60 DEOPT PACKING pc=0x0000028193189a54 sp=0x00000097d97fc150
Event: 266.873 Thread 0x000002866357ce60 DEOPT UNPACKING pc=0x0000028191e573a2 sp=0x00000097d97fbdb0 mode 2
Event: 266.890 Thread 0x000002866357ce60 Uncommon trap: trap_request=0xffffff45 fr.pc=0x00000281932098d0 relative=0x0000000000000210
Event: 266.890 Thread 0x000002866357ce60 Uncommon trap: reason=unstable_if action=reinterpret pc=0x00000281932098d0 method=com.mojang.datafixers.types.templates.Named$NamedType.equals(Ljava/lang/Object;ZZ)Z @ 51 c2
Event: 266.890 Thread 0x000002866357ce60 DEOPT PACKING pc=0x00000281932098d0 sp=0x00000097d97fb8d0
Event: 266.890 Thread 0x000002866357ce60 DEOPT UNPACKING pc=0x0000028191e573a2 sp=0x00000097d97fb858 mode 2
Event: 266.890 Thread 0x000002866357ce60 Uncommon trap: trap_request=0xffffff45 fr.pc=0x0000028194099348 relative=0x0000000000000108
Event: 266.890 Thread 0x000002866357ce60 Uncommon trap: reason=unstable_if action=reinterpret pc=0x0000028194099348 method=com.mojang.datafixers.TypeRewriteRule$OrElse.equals(Ljava/lang/Object;)Z @ 32 c2
Event: 266.890 Thread 0x000002866357ce60 DEOPT PACKING pc=0x0000028194099348 sp=0x00000097d97fb9f0
Event: 266.890 Thread 0x000002866357ce60 DEOPT UNPACKING pc=0x0000028191e573a2 sp=0x00000097d97fb988 mode 2
Event: 266.890 Thread 0x000002866357ce60 Uncommon trap: trap_request=0xffffff45 fr.pc=0x00000281941afc50 relative=0x0000000000000750
Event: 266.890 Thread 0x000002866357ce60 Uncommon trap: reason=unstable_if action=reinterpret pc=0x00000281941afc50 method=com.google.common.base.Objects.equal(Ljava/lang/Object;Ljava/lang/Object;)Z @ 14 c2
Event: 266.890 Thread 0x000002866357ce60 DEOPT PACKING pc=0x00000281941afc50 sp=0x00000097d97fba30
Event: 266.890 Thread 0x000002866357ce60 DEOPT UNPACKING pc=0x0000028191e573a2 sp=0x00000097d97fb918 mode 2
Event: 266.890 Thread 0x000002866357ce60 Uncommon trap: trap_request=0xffffffcd fr.pc=0x00000281940af91c relative=0x00000000000018fc
Event: 266.890 Thread 0x000002866357ce60 Uncommon trap: reason=intrinsic_or_type_checked_inlining action=reinterpret pc=0x00000281940af91c method=java.lang.invoke.LambdaForm$MH/0x000000008035e000.guard(Ljava/lang/Object;Ljava/lang/Object;Ljava/lang/Object;)I @ 48 c2
Event: 266.890 Thread 0x000002866357ce60 DEOPT PACKING pc=0x00000281940af91c sp=0x00000097d97fbae0
Event: 266.890 Thread 0x000002866357ce60 DEOPT UNPACKING pc=0x0000028191e573a2 sp=0x00000097d97fb480 mode 2
Event: 266.891 Thread 0x000002866357ce60 Uncommon trap: trap_request=0xffffff45 fr.pc=0x00000281941a275c relative=0x00000000000006dc
Event: 266.891 Thread 0x000002866357ce60 Uncommon trap: reason=unstable_if action=reinterpret pc=0x00000281941a275c method=com.google.common.collect.Lists.equalsImpl(Ljava/util/List;Ljava/lang/Object;)Z @ 85 c2
Event: 266.891 Thread 0x000002866357ce60 DEOPT PACKING pc=0x00000281941a275c sp=0x00000097d97fb7e0
Event: 266.891 Thread 0x000002866357ce60 DEOPT UNPACKING pc=0x0000028191e573a2 sp=0x00000097d97fb7a8 mode 2
Event: 266.891 Thread 0x000002866357ce60 Uncommon trap: trap_request=0xffffffcd fr.pc=0x00000281931fa4c4 relative=0x0000000000000384
Event: 266.891 Thread 0x000002866357ce60 Uncommon trap: reason=intrinsic_or_type_checked_inlining action=reinterpret pc=0x00000281931fa4c4 method=java.lang.invoke.LambdaForm$MH/0x000000008035e000.guard(Ljava/lang/Object;Ljava/lang/Object;Ljava/lang/Object;)I @ 48 c2
Event: 266.891 Thread 0x000002866357ce60 DEOPT PACKING pc=0x00000281931fa4c4 sp=0x00000097d97fb910
Event: 266.891 Thread 0x000002866357ce60 DEOPT UNPACKING pc=0x0000028191e573a2 sp=0x00000097d97fb430 mode 2
Event: 266.897 Thread 0x000002866357ce60 Uncommon trap: trap_request=0xffffffde fr.pc=0x0000028195b5e178 relative=0x0000000000000f38
Event: 266.897 Thread 0x000002866357ce60 Uncommon trap: reason=class_check action=maybe_recompile pc=0x0000028195b5e178 method=net.minecraft.util.datafix.fixes.BlockRenameFix$1.renameBlock(Ljava/lang/String;)Ljava/lang/String; @ 5 c2
Event: 266.897 Thread 0x000002866357ce60 DEOPT PACKING pc=0x0000028195b5e178 sp=0x00000097d97fcb80
Event: 266.897 Thread 0x000002866357ce60 DEOPT UNPACKING pc=0x0000028191e573a2 sp=0x00000097d97fca48 mode 2
Event: 266.897 Thread 0x000002866357ce60 Uncommon trap: trap_request=0xffffffc6 fr.pc=0x00000281930da93c relative=0x000000000000103c
Event: 266.897 Thread 0x000002866357ce60 Uncommon trap: reason=bimorphic_or_optimized_type_check action=maybe_recompile pc=0x00000281930da93c method=net.minecraft.util.datafix.DataFixers.lambda$createRenamer$9(Ljava/util/Map;Ljava/lang/String;)Ljava/lang/String; @ 6 c2
Event: 266.897 Thread 0x000002866357ce60 DEOPT PACKING pc=0x00000281930da93c sp=0x00000097d97fcaf0
Event: 266.897 Thread 0x000002866357ce60 DEOPT UNPACKING pc=0x0000028191e573a2 sp=0x00000097d97fca68 mode 2
Event: 266.897 Thread 0x000002866357ce60 Uncommon trap: trap_request=0xffffffde fr.pc=0x0000028195b5e178 relative=0x0000000000000f38
Event: 266.897 Thread 0x000002866357ce60 Uncommon trap: reason=class_check action=maybe_recompile pc=0x0000028195b5e178 method=net.minecraft.util.datafix.fixes.BlockRenameFix$1.renameBlock(Ljava/lang/String;)Ljava/lang/String; @ 5 c2
Event: 266.897 Thread 0x000002866357ce60 DEOPT PACKING pc=0x0000028195b5e178 sp=0x00000097d97fcb80
Event: 266.897 Thread 0x000002866357ce60 DEOPT UNPACKING pc=0x0000028191e573a2 sp=0x00000097d97fca48 mode 2
Event: 266.897 Thread 0x000002866357ce60 Uncommon trap: trap_request=0xffffffc6 fr.pc=0x00000281930da93c relative=0x000000000000103c
Event: 266.897 Thread 0x000002866357ce60 Uncommon trap: reason=bimorphic_or_optimized_type_check action=maybe_recompile pc=0x00000281930da93c method=net.minecraft.util.datafix.DataFixers.lambda$createRenamer$9(Ljava/util/Map;Ljava/lang/String;)Ljava/lang/String; @ 6 c2
Event: 266.897 Thread 0x000002866357ce60 DEOPT PACKING pc=0x00000281930da93c sp=0x00000097d97fcaf0
Event: 266.897 Thread 0x000002866357ce60 DEOPT UNPACKING pc=0x0000028191e573a2 sp=0x00000097d97fca68 mode 2
Event: 266.912 Thread 0x000002866357ce60 Uncommon trap: trap_request=0xffffffc6 fr.pc=0x00000281930da93c relative=0x000000000000103c
Event: 266.912 Thread 0x000002866357ce60 Uncommon trap: reason=bimorphic_or_optimized_type_check action=maybe_recompile pc=0x00000281930da93c method=net.minecraft.util.datafix.DataFixers.lambda$createRenamer$9(Ljava/util/Map;Ljava/lang/String;)Ljava/lang/String; @ 6 c2
Event: 266.912 Thread 0x000002866357ce60 DEOPT PACKING pc=0x00000281930da93c sp=0x00000097d97fbdf0
Event: 266.912 Thread 0x000002866357ce60 DEOPT UNPACKING pc=0x0000028191e573a2 sp=0x00000097d97fbd68 mode 2
Event: 266.971 Thread 0x000002866357ce60 DEOPT PACKING pc=0x000002818afe046f sp=0x00000097d97fb2a0
Event: 266.971 Thread 0x000002866357ce60 DEOPT UNPACKING pc=0x0000028191e57ee2 sp=0x00000097d97fa7d8 mode 0
Event: 270.048 Thread 0x00000281865d3500 Uncommon trap: trap_request=0xffffff45 fr.pc=0x0000028194fb4bc4 relative=0x0000000000001004
Event: 270.048 Thread 0x00000281865d3500 Uncommon trap: reason=unstable_if action=reinterpret pc=0x0000028194fb4bc4 method=com.seibel.distanthorizons.common.render.openGl.glObject.buffer.GLBuffer.uploadBuffer(Ljava/nio/ByteBuffer;Lcom/seibel/distanthorizons/api/enums/config/EDhApiGpuUploadMethod
Event: 270.048 Thread 0x00000281865d3500 DEOPT PACKING pc=0x0000028194fb4bc4 sp=0x00000097c37fde80
Event: 270.048 Thread 0x00000281865d3500 DEOPT UNPACKING pc=0x0000028191e573a2 sp=0x00000097c37fdc88 mode 2
Event: 270.060 Thread 0x00000281865d3500 Uncommon trap: trap_request=0xffffff45 fr.pc=0x00000281963176bc relative=0x00000000000008fc
Event: 270.060 Thread 0x00000281865d3500 Uncommon trap: reason=unstable_if action=reinterpret pc=0x00000281963176bc method=com.seibel.distanthorizons.common.render.openGl.glObject.buffer.GLBuffer.destroyBufferIdNow(I)V @ 78 c2
Event: 270.060 Thread 0x00000281865d3500 DEOPT PACKING pc=0x00000281963176bc sp=0x00000097c37fde10
Event: 270.060 Thread 0x00000281865d3500 DEOPT UNPACKING pc=0x0000028191e573a2 sp=0x00000097c37fddc8 mode 2
Event: 270.063 Thread 0x00000281865d3500 Uncommon trap: trap_request=0xffffff45 fr.pc=0x00000281962a67ec relative=0x00000000000010ac
Event: 270.064 Thread 0x00000281865d3500 Uncommon trap: reason=unstable_if action=reinterpret pc=0x00000281962a67ec method=com.seibel.distanthorizons.common.render.openGl.glObject.buffer.GLBuffer.destroyBufferIdNow(I)V @ 27 c2
Event: 270.064 Thread 0x00000281865d3500 DEOPT PACKING pc=0x00000281962a67ec sp=0x00000097c37fdb60
Event: 270.064 Thread 0x00000281865d3500 DEOPT UNPACKING pc=0x0000028191e573a2 sp=0x00000097c37fdaa0 mode 2
Event: 271.529 Thread 0x00000286635702f0 DEOPT PACKING pc=0x000002818bd818c3 sp=0x00000097d80feb80
Event: 271.529 Thread 0x00000286635702f0 DEOPT UNPACKING pc=0x0000028191e57ee2 sp=0x00000097d80fe038 mode 0
Event: 271.587 Thread 0x000002866356c7e0 DEOPT PACKING pc=0x000002818bd818c3 sp=0x00000097d79feaa0
Event: 271.587 Thread 0x000002866356c7e0 DEOPT UNPACKING pc=0x0000028191e57ee2 sp=0x00000097d79fdf58 mode 0
Event: 271.653 Thread 0x000002866357ce60 Uncommon trap: trap_request=0xffffff45 fr.pc=0x00000281931d3be4 relative=0x00000000000000c4
Event: 271.653 Thread 0x000002866357ce60 Uncommon trap: reason=unstable_if action=reinterpret pc=0x00000281931d3be4 method=java.util.UUID.equals(Ljava/lang/Object;)Z @ 2 c2
Event: 271.653 Thread 0x000002866357ce60 DEOPT PACKING pc=0x00000281931d3be4 sp=0x00000097d97fe220
Event: 271.653 Thread 0x000002866357ce60 DEOPT UNPACKING pc=0x0000028191e573a2 sp=0x00000097d97fe1a0 mode 2
Event: 271.744 Thread 0x000002864734fb30 DEOPT PACKING pc=0x000002818d3ea3f1 sp=0x00000097ce1ff5c0
Event: 271.744 Thread 0x000002864734fb30 DEOPT UNPACKING pc=0x0000028191e57ee2 sp=0x00000097ce1feaa0 mode 0
Event: 271.899 Thread 0x000002866357db80 DEOPT PACKING pc=0x000002818a9e71e7 sp=0x00000097d90fe660
Event: 271.899 Thread 0x000002866357db80 DEOPT UNPACKING pc=0x0000028191e57ee2 sp=0x00000097d90fdb70 mode 0
Event: 271.907 Thread 0x000002866357db80 Uncommon trap: trap_request=0xffffff6e fr.pc=0x00000281953d2678 relative=0x00000000000005f8
Event: 271.907 Thread 0x000002866357db80 Uncommon trap: reason=loop_limit_check action=maybe_recompile pc=0x00000281953d2678 method=com.yungnickyoung.minecraft.bettermineshafts.world.generator.pieces.BetterMineshaftPiece.fill(Lnet/minecraft/world/level/WorldGenLevel;Lnet/minecraft/world/level/le
Event: 271.907 Thread 0x000002866357db80 DEOPT PACKING pc=0x00000281953d2678 sp=0x00000097d90fe690
Event: 271.907 Thread 0x000002866357db80 DEOPT UNPACKING pc=0x0000028191e573a2 sp=0x00000097d90fe670 mode 2

Classes loaded (250 events):
Event: 51.938 Loading class java/util/stream/ReduceOps$4ReducingSink
Event: 51.938 Loading class java/util/stream/ReduceOps$4ReducingSink done
Event: 52.160 Loading class java/util/IdentityHashMap$EntrySpliterator
Event: 52.160 Loading class java/util/IdentityHashMap$IdentityHashMapSpliterator
Event: 52.160 Loading class java/util/IdentityHashMap$IdentityHashMapSpliterator done
Event: 52.160 Loading class java/util/IdentityHashMap$EntrySpliterator done
Event: 59.592 Loading class java/util/concurrent/ConcurrentHashMap$EntrySpliterator
Event: 59.592 Loading class java/util/concurrent/ConcurrentHashMap$EntrySpliterator done
Event: 68.396 Loading class java/lang/invoke/BoundMethodHandle$Species_IL
Event: 68.396 Loading class java/lang/invoke/BoundMethodHandle$Species_IL done
Event: 97.553 Loading class java/util/PriorityQueue$PriorityQueueSpliterator
Event: 97.553 Loading class java/util/PriorityQueue$PriorityQueueSpliterator done
Event: 97.571 Loading class java/text/CalendarBuilder
Event: 97.571 Loading class java/text/CalendarBuilder done
Event: 97.617 Loading class sun/security/rsa/RSAKeyPairGenerator$Legacy
Event: 97.617 Loading class sun/security/rsa/RSAKeyPairGenerator
Event: 97.618 Loading class sun/security/rsa/RSAKeyPairGenerator done
Event: 97.618 Loading class sun/security/rsa/RSAKeyPairGenerator$Legacy done
Event: 97.619 Loading class java/security/spec/RSAKeyGenParameterSpec
Event: 97.619 Loading class java/security/spec/RSAKeyGenParameterSpec done
Event: 97.619 Loading class java/math/BitSieve
Event: 97.620 Loading class java/math/BitSieve done
Event: 97.665 Loading class java/math/SignedMutableBigInteger
Event: 97.665 Loading class java/math/SignedMutableBigInteger done
Event: 97.758 Loading class java/util/concurrent/CountDownLatch
Event: 97.758 Loading class java/util/concurrent/CountDownLatch done
Event: 97.772 Loading class java/util/concurrent/CountDownLatch$Sync
Event: 97.772 Loading class java/util/concurrent/CountDownLatch$Sync done
Event: 98.231 Loading class java/util/concurrent/ForkJoinTask$RunnableExecuteAction
Event: 98.232 Loading class java/util/concurrent/ForkJoinTask$RunnableExecuteAction done
Event: 98.489 Loading class sun/util/locale/LocaleExtensions
Event: 98.489 Loading class sun/util/locale/LocaleExtensions done
Event: 98.489 Loading class sun/util/locale/UnicodeLocaleExtension
Event: 98.489 Loading class sun/util/locale/Extension
Event: 98.489 Loading class sun/util/locale/Extension done
Event: 98.489 Loading class sun/util/locale/UnicodeLocaleExtension done
Event: 99.159 Loading class java/nio/DirectIntBufferS
Event: 99.159 Loading class java/nio/DirectIntBufferS done
Event: 99.540 Loading class java/util/concurrent/ConcurrentHashMap$TreeNode
Event: 99.540 Loading class java/util/concurrent/ConcurrentHashMap$TreeNode done
Event: 99.540 Loading class java/util/concurrent/ConcurrentHashMap$TreeBin
Event: 99.541 Loading class java/util/concurrent/ConcurrentHashMap$TreeBin done
Event: 99.609 Loading class java/util/ArrayList$SubList$2
Event: 99.609 Loading class java/util/ArrayList$SubList$2 done
Event: 99.681 Loading class java/lang/Class$EnclosingMethodInfo
Event: 99.682 Loading class java/lang/Class$EnclosingMethodInfo done
Event: 100.811 Loading class java/util/Spliterators$IntArraySpliterator
Event: 100.811 Loading class java/util/Spliterators$IntArraySpliterator done
Event: 103.450 Loading class java/util/concurrent/ConcurrentLinkedQueue$Itr
Event: 103.451 Loading class java/util/concurrent/ConcurrentLinkedQueue$Itr done
Event: 104.214 Loading class java/lang/FdLibm$Cbrt
Event: 104.215 Loading class java/lang/FdLibm$Cbrt done
Event: 104.841 Loading class java/util/stream/LongPipeline$Head
Event: 104.841 Loading class java/util/stream/LongPipeline$Head done
Event: 104.851 Loading class java/util/stream/LongPipeline$1
Event: 104.851 Loading class java/util/stream/LongPipeline$1 done
Event: 104.851 Loading class java/util/stream/LongPipeline$1$1
Event: 104.852 Loading class java/util/stream/Sink$ChainedLong
Event: 104.852 Loading class java/util/stream/Sink$ChainedLong done
Event: 104.852 Loading class java/util/stream/LongPipeline$1$1 done
Event: 105.496 Loading class sun/reflect/generics/tree/IntSignature
Event: 105.496 Loading class sun/reflect/generics/tree/IntSignature done
Event: 105.505 Loading class javax/management/InstanceAlreadyExistsException
Event: 105.505 Loading class javax/management/InstanceAlreadyExistsException done
Event: 105.505 Loading class javax/management/NotCompliantMBeanException
Event: 105.505 Loading class javax/management/NotCompliantMBeanException done
Event: 105.505 Loading class javax/management/MalformedObjectNameException
Event: 105.505 Loading class javax/management/MalformedObjectNameException done
Event: 105.505 Loading class javax/management/AttributeNotFoundException
Event: 105.505 Loading class javax/management/AttributeNotFoundException done
Event: 105.505 Loading class javax/management/InvalidAttributeValueException
Event: 105.505 Loading class javax/management/InvalidAttributeValueException done
Event: 105.542 Loading class java/util/ReverseOrderListView$DescendingIterator
Event: 105.542 Loading class java/util/ReverseOrderListView$DescendingIterator done
Event: 105.748 Loading class java/net/BindException
Event: 105.748 Loading class java/net/BindException done
Event: 105.763 Loading class java/net/DatagramSocket
Event: 105.764 Loading class java/net/DatagramSocket done
Event: 105.764 Loading class java/net/DatagramSocket$1
Event: 105.764 Loading class java/net/DatagramSocket$1 done
Event: 105.764 Loading class java/net/MulticastSocket
Event: 105.765 Loading class java/net/MulticastSocket done
Event: 105.765 Loading class sun/nio/ch/DatagramChannelImpl
Event: 105.767 Loading class java/nio/channels/DatagramChannel
Event: 105.767 Loading class java/nio/channels/MulticastChannel
Event: 105.767 Loading class java/nio/channels/MulticastChannel done
Event: 105.767 Loading class java/nio/channels/DatagramChannel done
Event: 105.767 Loading class sun/nio/ch/DatagramChannelImpl done
Event: 105.767 Loading class sun/nio/ch/DatagramDispatcher
Event: 105.768 Loading class sun/nio/ch/DatagramDispatcher done
Event: 105.768 Loading class sun/net/ResourceManager
Event: 105.768 Loading class sun/net/ResourceManager done
Event: 105.768 Loading class sun/nio/ch/NativeSocketAddress
Event: 105.769 Loading class sun/nio/ch/NativeSocketAddress done
Event: 105.770 Loading class sun/nio/ch/DatagramSocketAdaptor
Event: 105.771 Loading class sun/nio/ch/DatagramSocketAdaptor done
Event: 105.771 Loading class sun/nio/ch/DatagramSocketAdaptor$DatagramSockets
Event: 105.771 Loading class sun/nio/ch/DatagramSocketAdaptor$DatagramSockets done
Event: 105.772 Loading class sun/nio/ch/DatagramChannelImpl$DefaultOptionsHolder
Event: 105.772 Loading class sun/nio/ch/DatagramChannelImpl$DefaultOptionsHolder done
Event: 105.772 Loading class java/net/DatagramPacket
Event: 105.773 Loading class java/net/DatagramPacket done
Event: 105.773 Loading class sun/nio/ch/DatagramChannelImpl$DatagramPackets
Event: 105.773 Loading class sun/nio/ch/DatagramChannelImpl$DatagramPackets done
Event: 105.817 Loading class java/util/WeakHashMap$EntrySet
Event: 105.817 Loading class java/util/WeakHashMap$EntrySet done
Event: 105.817 Loading class java/util/WeakHashMap$EntryIterator
Event: 105.817 Loading class java/util/WeakHashMap$EntryIterator done
Event: 105.830 Loading class java/util/PriorityQueue$Itr
Event: 105.830 Loading class java/util/PriorityQueue$Itr done
Event: 105.878 Loading class java/util/Spliterators$LongIteratorSpliterator
Event: 105.878 Loading class java/util/Spliterators$LongIteratorSpliterator done
Event: 105.984 Loading class java/lang/ProcessHandle
Event: 105.984 Loading class java/lang/ProcessHandle done
Event: 105.984 Loading class java/lang/ProcessHandle$Info
Event: 105.984 Loading class java/lang/ProcessHandle$Info done
Event: 105.985 Loading class java/lang/ProcessHandleImpl
Event: 105.986 Loading class java/lang/ProcessHandleImpl done
Event: 106.008 Loading class java/net/NoRouteToHostException
Event: 106.008 Loading class java/net/NoRouteToHostException done
Event: 106.008 Loading class java/nio/channels/NotYetConnectedException
Event: 106.008 Loading class java/nio/channels/NotYetConnectedException done
Event: 106.016 Loading class java/util/concurrent/atomic/AtomicLongFieldUpdater
Event: 106.016 Loading class java/util/concurrent/atomic/AtomicLongFieldUpdater done
Event: 106.017 Loading class java/util/concurrent/atomic/AtomicLongFieldUpdater$CASUpdater
Event: 106.017 Loading class java/util/concurrent/atomic/AtomicLongFieldUpdater$CASUpdater done
Event: 106.017 Loading class java/util/concurrent/atomic/AtomicLongFieldUpdater$CASUpdater$1
Event: 106.017 Loading class java/util/concurrent/atomic/AtomicLongFieldUpdater$CASUpdater$1 done
Event: 106.164 Loading class java/nio/channels/AlreadyConnectedException
Event: 106.164 Loading class java/nio/channels/AlreadyConnectedException done
Event: 106.164 Loading class java/nio/channels/ConnectionPendingException
Event: 106.164 Loading class java/nio/channels/ConnectionPendingException done
Event: 106.172 Loading class java/util/Spliterators$LongArraySpliterator
Event: 106.173 Loading class java/util/Spliterators$LongArraySpliterator done
Event: 106.173 Loading class java/util/stream/Nodes$LongFixedNodeBuilder
Event: 106.174 Loading class java/util/stream/Node$Builder$OfLong
Event: 106.174 Loading class java/util/stream/Node$Builder$OfLong done
Event: 106.174 Loading class java/util/stream/Nodes$LongArrayNode
Event: 106.174 Loading class java/util/stream/Nodes$LongArrayNode done
Event: 106.174 Loading class java/util/stream/Nodes$LongFixedNodeBuilder done
Event: 106.190 Loading class java/nio/channels/UnsupportedAddressTypeException
Event: 106.190 Loading class java/nio/channels/UnsupportedAddressTypeException done
Event: 106.598 Loading class java/util/IdentityHashMap$ValueSpliterator
Event: 106.598 Loading class java/util/IdentityHashMap$ValueSpliterator done
Event: 107.210 Loading class java/util/stream/StreamSpliterators$InfiniteSupplyingSpliterator$OfRef
Event: 107.211 Loading class java/util/stream/StreamSpliterators$InfiniteSupplyingSpliterator
Event: 107.211 Loading class java/util/stream/StreamSpliterators$InfiniteSupplyingSpliterator done
Event: 107.211 Loading class java/util/stream/StreamSpliterators$InfiniteSupplyingSpliterator$OfRef done
Event: 107.321 Loading class java/nio/channels/ClosedByInterruptException
Event: 107.321 Loading class java/nio/channels/AsynchronousCloseException
Event: 107.322 Loading class java/nio/channels/AsynchronousCloseException done
Event: 107.322 Loading class java/nio/channels/ClosedByInterruptException done
Event: 109.990 Loading class java/util/concurrent/ConcurrentHashMap$MapReduceEntriesTask
Event: 109.991 Loading class java/util/concurrent/ConcurrentHashMap$BulkTask
Event: 109.991 Loading class java/util/concurrent/ConcurrentHashMap$BulkTask done
Event: 109.991 Loading class java/util/concurrent/ConcurrentHashMap$MapReduceEntriesTask done
Event: 110.290 Loading class java/text/BreakIterator
Event: 110.290 Loading class java/text/BreakIterator done
Event: 110.291 Loading class sun/util/locale/provider/BreakIteratorProviderImpl
Event: 110.291 Loading class sun/util/locale/provider/BreakIteratorProviderImpl done
Event: 110.292 Loading class sun/text/resources/BreakIteratorInfo
Event: 110.293 Loading class sun/text/resources/BreakIteratorInfo done
Event: 110.293 Loading class sun/text/resources/BreakIteratorResources
Event: 110.294 Loading class sun/util/resources/BreakIteratorResourceBundle
Event: 110.294 Loading class sun/util/resources/BreakIteratorResourceBundle done
Event: 110.294 Loading class sun/text/resources/BreakIteratorResources done
Event: 110.294 Loading class sun/text/resources/BreakIteratorResources_en
Event: 110.294 Loading class sun/text/resources/BreakIteratorResources_en done
Event: 110.294 Loading class sun/text/resources/BreakIteratorResources_en_US
Event: 110.294 Loading class sun/text/resources/BreakIteratorResources_en_US done
Event: 110.295 Loading class sun/text/RuleBasedBreakIterator
Event: 110.296 Loading class sun/text/RuleBasedBreakIterator done
Event: 110.296 Loading class sun/text/CompactByteArray
Event: 110.296 Loading class sun/text/CompactByteArray done
Event: 110.297 Loading class sun/text/SupplementaryCharacterData
Event: 110.297 Loading class sun/text/SupplementaryCharacterData done
Event: 110.297 Loading class java/text/BreakIterator$BreakIteratorCache
Event: 110.297 Loading class java/text/BreakIterator$BreakIteratorCache done
Event: 110.297 Loading class java/text/StringCharacterIterator
Event: 110.298 Loading class java/text/StringCharacterIterator done
Event: 110.627 Loading class java/util/stream/Nodes$CollectorTask$OfRef
Event: 110.627 Loading class java/util/stream/Nodes$CollectorTask
Event: 110.627 Loading class java/util/stream/Nodes$CollectorTask done
Event: 110.627 Loading class java/util/stream/Nodes$CollectorTask$OfRef done
Event: 110.627 Loading class java/util/stream/Nodes$ConcNode
Event: 110.627 Loading class java/util/stream/Nodes$AbstractConcNode
Event: 110.627 Loading class java/util/stream/Nodes$AbstractConcNode done
Event: 110.627 Loading class java/util/stream/Nodes$ConcNode done
Event: 110.629 Loading class java/util/stream/Nodes$ToArrayTask$OfRef
Event: 110.629 Loading class java/util/stream/Nodes$ToArrayTask
Event: 110.629 Loading class java/util/stream/Nodes$ToArrayTask done
Event: 110.629 Loading class java/util/stream/Nodes$ToArrayTask$OfRef done
Event: 110.631 Loading class java/util/stream/Nodes$SizedCollectorTask$OfRef
Event: 110.631 Loading class java/util/stream/Nodes$SizedCollectorTask
Event: 110.631 Loading class java/util/stream/Nodes$SizedCollectorTask done
Event: 110.631 Loading class java/util/stream/Nodes$SizedCollectorTask$OfRef done
Event: 110.874 Loading class java/nio/HeapFloatBuffer
Event: 110.874 Loading class java/nio/HeapFloatBuffer done
Event: 110.944 Loading class java/util/Collections$EmptyListIterator
Event: 110.944 Loading class java/util/Collections$EmptyListIterator done
Event: 111.014 Loading class sun/security/rsa/RSASignature$SHA1withRSA
Event: 111.014 Loading class sun/security/rsa/RSASignature$SHA1withRSA done
Event: 111.235 Loading class java/util/concurrent/CompletableFuture$Canceller
Event: 111.236 Loading class java/util/concurrent/CompletableFuture$Canceller done
Event: 111.236 Loading class java/util/concurrent/CompletableFuture$DelayedCompleter
Event: 111.236 Loading class java/util/concurrent/CompletableFuture$DelayedCompleter done
Event: 111.236 Loading class java/util/concurrent/CompletableFuture$Delayer
Event: 111.237 Loading class java/util/concurrent/CompletableFuture$Delayer done
Event: 111.237 Loading class java/util/concurrent/CompletableFuture$Delayer$DaemonThreadFactory
Event: 111.237 Loading class java/util/concurrent/CompletableFuture$Delayer$DaemonThreadFactory done
Event: 113.580 Loading class java/util/stream/ForEachOps$ForEachTask
Event: 113.581 Loading class java/util/stream/ForEachOps$ForEachTask done
Event: 113.676 Loading class java/util/concurrent/ConcurrentHashMap$KeySpliterator
Event: 113.676 Loading class java/util/concurrent/ConcurrentHashMap$KeySpliterator done
Event: 113.697 Loading class java/util/concurrent/atomic/Striped64$Cell
Event: 113.697 Loading class java/util/concurrent/atomic/Striped64$Cell done
Event: 115.819 Loading class java/util/DualPivotQuicksort$Sorter
Event: 115.820 Loading class java/util/DualPivotQuicksort$Sorter done
Event: 118.748 Loading class java/util/IdentityHashMap$KeySpliterator
Event: 118.748 Loading class java/util/IdentityHashMap$KeySpliterator done
Event: 118.812 Loading class java/lang/FdLibm$Acos
Event: 118.812 Loading class java/lang/FdLibm$Acos done
Event: 121.630 Loading class java/util/BitSet$1BitSetSpliterator
Event: 121.630 Loading class java/util/BitSet$1BitSetSpliterator done
Event: 134.726 Loading class java/util/stream/ReferencePipeline$6
Event: 134.726 Loading class java/util/stream/DoublePipeline$StatelessOp
Event: 134.726 Loading class java/util/stream/DoublePipeline
Event: 134.727 Loading class java/util/stream/DoubleStream
Event: 134.727 Loading class java/util/stream/DoubleStream done
Event: 134.732 Loading class java/util/stream/DoublePipeline done
Event: 134.732 Loading class java/util/stream/DoublePipeline$StatelessOp done
Event: 134.732 Loading class java/util/stream/ReferencePipeline$6 done
Event: 134.733 Loading class java/util/stream/Nodes$DoubleFixedNodeBuilder
Event: 134.733 Loading class java/util/stream/Node$Builder$OfDouble
Event: 134.733 Loading class java/util/stream/Sink$OfDouble
Event: 134.733 Loading class java/util/stream/Sink$OfDouble done
Event: 134.733 Loading class java/util/stream/Node$Builder$OfDouble done
Event: 134.733 Loading class java/util/stream/Nodes$DoubleArrayNode
Event: 134.733 Loading class java/util/stream/Nodes$DoubleArrayNode done
Event: 134.733 Loading class java/util/stream/Nodes$DoubleFixedNodeBuilder done
Event: 134.734 Loading class java/util/stream/ReferencePipeline$6$1
Event: 134.734 Loading class java/util/stream/ReferencePipeline$6$1 done
Event: 134.755 Loading class java/nio/StringCharBuffer
Event: 134.755 Loading class java/nio/StringCharBuffer done
Event: 159.996 Loading class java/util/WeakHashMap$KeySpliterator
Event: 159.996 Loading class java/util/WeakHashMap$WeakHashMapSpliterator
Event: 159.996 Loading class java/util/WeakHashMap$WeakHashMapSpliterator done
Event: 159.996 Loading class java/util/WeakHashMap$KeySpliterator done
Event: 160.511 Loading class java/lang/FdLibm$Log1p
Event: 160.511 Loading class java/lang/FdLibm$Log1p done

Classes unloaded (250 events):
Event: 108.414 Thread 0x00000281866e5db0 Unloading class 0x00000000804ce000 'java/lang/invoke/LambdaForm$MH+0x00000000804ce000'
Event: 108.414 Thread 0x00000281866e5db0 Unloading class 0x00000000804cdc00 'java/lang/invoke/LambdaForm$MH+0x00000000804cdc00'
Event: 108.414 Thread 0x00000281866e5db0 Unloading class 0x00000000804cd400 'java/lang/invoke/LambdaForm$MH+0x00000000804cd400'
Event: 108.414 Thread 0x00000281866e5db0 Unloading class 0x00000000804cd800 'java/lang/invoke/LambdaForm$MH+0x00000000804cd800'
Event: 108.414 Thread 0x00000281866e5db0 Unloading class 0x00000000804cd000 'java/lang/invoke/LambdaForm$MH+0x00000000804cd000'
Event: 108.414 Thread 0x00000281866e5db0 Unloading class 0x00000000804ccc00 'java/lang/invoke/LambdaForm$MH+0x00000000804ccc00'
Event: 108.414 Thread 0x00000281866e5db0 Unloading class 0x00000000804cc400 'java/lang/invoke/LambdaForm$MH+0x00000000804cc400'
Event: 108.414 Thread 0x00000281866e5db0 Unloading class 0x00000000804cc800 'java/lang/invoke/LambdaForm$MH+0x00000000804cc800'
Event: 108.414 Thread 0x00000281866e5db0 Unloading class 0x00000000804cbc00 'java/lang/invoke/LambdaForm$MH+0x00000000804cbc00'
Event: 108.414 Thread 0x00000281866e5db0 Unloading class 0x00000000804cb400 'java/lang/invoke/LambdaForm$MH+0x00000000804cb400'
Event: 108.414 Thread 0x00000281866e5db0 Unloading class 0x00000000804cb800 'java/lang/invoke/LambdaForm$MH+0x00000000804cb800'
Event: 108.414 Thread 0x00000281866e5db0 Unloading class 0x00000000804cac00 'java/lang/invoke/LambdaForm$MH+0x00000000804cac00'
Event: 108.414 Thread 0x00000281866e5db0 Unloading class 0x00000000804cb000 'java/lang/invoke/LambdaForm$MH+0x00000000804cb000'
Event: 108.414 Thread 0x00000281866e5db0 Unloading class 0x00000000804ca400 'java/lang/invoke/LambdaForm$MH+0x00000000804ca400'
Event: 108.414 Thread 0x00000281866e5db0 Unloading class 0x00000000804ca000 'java/lang/invoke/LambdaForm$MH+0x00000000804ca000'
Event: 108.414 Thread 0x00000281866e5db0 Unloading class 0x00000000804c9c00 'java/lang/invoke/LambdaForm$MH+0x00000000804c9c00'
Event: 108.414 Thread 0x00000281866e5db0 Unloading class 0x00000000804c9800 'java/lang/invoke/LambdaForm$MH+0x00000000804c9800'
Event: 108.414 Thread 0x00000281866e5db0 Unloading class 0x00000000804c9400 'java/lang/invoke/LambdaForm$MH+0x00000000804c9400'
Event: 108.414 Thread 0x00000281866e5db0 Unloading class 0x00000000804c9000 'java/lang/invoke/LambdaForm$MH+0x00000000804c9000'
Event: 108.414 Thread 0x00000281866e5db0 Unloading class 0x00000000804c8400 'java/lang/invoke/LambdaForm$MH+0x00000000804c8400'
Event: 108.414 Thread 0x00000281866e5db0 Unloading class 0x00000000804c8800 'java/lang/invoke/LambdaForm$MH+0x00000000804c8800'
Event: 108.414 Thread 0x00000281866e5db0 Unloading class 0x00000000804c8c00 'java/lang/invoke/LambdaForm$MH+0x00000000804c8c00'
Event: 108.414 Thread 0x00000281866e5db0 Unloading class 0x00000000804c3c00 'java/lang/invoke/LambdaForm$MH+0x00000000804c3c00'
Event: 108.414 Thread 0x00000281866e5db0 Unloading class 0x00000000804c8000 'java/lang/invoke/LambdaForm$MH+0x00000000804c8000'
Event: 108.414 Thread 0x00000281866e5db0 Unloading class 0x00000000804c3800 'java/lang/invoke/LambdaForm$MH+0x00000000804c3800'
Event: 108.414 Thread 0x00000281866e5db0 Unloading class 0x00000000804c3400 'java/lang/invoke/LambdaForm$MH+0x00000000804c3400'
Event: 108.414 Thread 0x00000281866e5db0 Unloading class 0x00000000804c3000 'java/lang/invoke/LambdaForm$MH+0x00000000804c3000'
Event: 108.414 Thread 0x00000281866e5db0 Unloading class 0x00000000804c2c00 'java/lang/invoke/LambdaForm$MH+0x00000000804c2c00'
Event: 108.414 Thread 0x00000281866e5db0 Unloading class 0x00000000804c2800 'java/lang/invoke/LambdaForm$MH+0x00000000804c2800'
Event: 108.414 Thread 0x00000281866e5db0 Unloading class 0x00000000804c2400 'java/lang/invoke/LambdaForm$MH+0x00000000804c2400'
Event: 108.414 Thread 0x00000281866e5db0 Unloading class 0x00000000804c2000 'java/lang/invoke/LambdaForm$MH+0x00000000804c2000'
Event: 108.414 Thread 0x00000281866e5db0 Unloading class 0x00000000804c1c00 'java/lang/invoke/LambdaForm$MH+0x00000000804c1c00'
Event: 108.414 Thread 0x00000281866e5db0 Unloading class 0x00000000804c1800 'java/lang/invoke/LambdaForm$MH+0x00000000804c1800'
Event: 108.414 Thread 0x00000281866e5db0 Unloading class 0x00000000804c1400 'java/lang/invoke/LambdaForm$MH+0x00000000804c1400'
Event: 108.414 Thread 0x00000281866e5db0 Unloading class 0x00000000804c0c00 'java/lang/invoke/LambdaForm$MH+0x00000000804c0c00'
Event: 108.414 Thread 0x00000281866e5db0 Unloading class 0x00000000804c0400 'java/lang/invoke/LambdaForm$MH+0x00000000804c0400'
Event: 108.414 Thread 0x00000281866e5db0 Unloading class 0x00000000804c0800 'java/lang/invoke/LambdaForm$MH+0x00000000804c0800'
Event: 108.414 Thread 0x00000281866e5db0 Unloading class 0x00000000804c0000 'java/lang/invoke/LambdaForm$MH+0x00000000804c0000'
Event: 108.414 Thread 0x00000281866e5db0 Unloading class 0x00000000804bfc00 'java/lang/invoke/LambdaForm$MH+0x00000000804bfc00'
Event: 108.414 Thread 0x00000281866e5db0 Unloading class 0x00000000804bf800 'java/lang/invoke/LambdaForm$MH+0x00000000804bf800'
Event: 108.414 Thread 0x00000281866e5db0 Unloading class 0x00000000804bf400 'java/lang/invoke/LambdaForm$MH+0x00000000804bf400'
Event: 108.414 Thread 0x00000281866e5db0 Unloading class 0x00000000804bf000 'java/lang/invoke/LambdaForm$MH+0x00000000804bf000'
Event: 108.414 Thread 0x00000281866e5db0 Unloading class 0x00000000804bec00 'java/lang/invoke/LambdaForm$MH+0x00000000804bec00'
Event: 108.414 Thread 0x00000281866e5db0 Unloading class 0x00000000804be800 'java/lang/invoke/LambdaForm$MH+0x00000000804be800'
Event: 108.414 Thread 0x00000281866e5db0 Unloading class 0x00000000804be400 'java/lang/invoke/LambdaForm$MH+0x00000000804be400'
Event: 108.414 Thread 0x00000281866e5db0 Unloading class 0x00000000804be000 'java/lang/invoke/LambdaForm$MH+0x00000000804be000'
Event: 108.414 Thread 0x00000281866e5db0 Unloading class 0x00000000804bdc00 'java/lang/invoke/LambdaForm$MH+0x00000000804bdc00'
Event: 108.414 Thread 0x00000281866e5db0 Unloading class 0x00000000804bd400 'java/lang/invoke/LambdaForm$MH+0x00000000804bd400'
Event: 108.414 Thread 0x00000281866e5db0 Unloading class 0x00000000804bd800 'java/lang/invoke/LambdaForm$MH+0x00000000804bd800'
Event: 108.414 Thread 0x00000281866e5db0 Unloading class 0x00000000804bcc00 'java/lang/invoke/LambdaForm$MH+0x00000000804bcc00'
Event: 108.414 Thread 0x00000281866e5db0 Unloading class 0x00000000804bd000 'java/lang/invoke/LambdaForm$MH+0x00000000804bd000'
Event: 108.414 Thread 0x00000281866e5db0 Unloading class 0x00000000804bc800 'java/lang/invoke/LambdaForm$MH+0x00000000804bc800'
Event: 108.414 Thread 0x00000281866e5db0 Unloading class 0x00000000804bc400 'java/lang/invoke/LambdaForm$MH+0x00000000804bc400'
Event: 108.414 Thread 0x00000281866e5db0 Unloading class 0x00000000804bc000 'java/lang/invoke/LambdaForm$MH+0x00000000804bc000'
Event: 108.414 Thread 0x00000281866e5db0 Unloading class 0x00000000804bb800 'java/lang/invoke/LambdaForm$MH+0x00000000804bb800'
Event: 108.414 Thread 0x00000281866e5db0 Unloading class 0x00000000804bb400 'java/lang/invoke/LambdaForm$MH+0x00000000804bb400'
Event: 108.414 Thread 0x00000281866e5db0 Unloading class 0x00000000804bb000 'java/lang/invoke/LambdaForm$MH+0x00000000804bb000'
Event: 108.414 Thread 0x00000281866e5db0 Unloading class 0x00000000804bac00 'java/lang/invoke/LambdaForm$MH+0x00000000804bac00'
Event: 108.414 Thread 0x00000281866e5db0 Unloading class 0x00000000804ba800 'java/lang/invoke/LambdaForm$MH+0x00000000804ba800'
Event: 108.414 Thread 0x00000281866e5db0 Unloading class 0x00000000804ba400 'java/lang/invoke/LambdaForm$MH+0x00000000804ba400'
Event: 108.414 Thread 0x00000281866e5db0 Unloading class 0x00000000804ba000 'java/lang/invoke/LambdaForm$MH+0x00000000804ba000'
Event: 108.414 Thread 0x00000281866e5db0 Unloading class 0x00000000804b9c00 'java/lang/invoke/LambdaForm$MH+0x00000000804b9c00'
Event: 108.414 Thread 0x00000281866e5db0 Unloading class 0x00000000804b9800 'java/lang/invoke/LambdaForm$MH+0x00000000804b9800'
Event: 108.414 Thread 0x00000281866e5db0 Unloading class 0x00000000804b9400 'java/lang/invoke/LambdaForm$MH+0x00000000804b9400'
Event: 108.414 Thread 0x00000281866e5db0 Unloading class 0x00000000804b9000 'java/lang/invoke/LambdaForm$MH+0x00000000804b9000'
Event: 108.414 Thread 0x00000281866e5db0 Unloading class 0x00000000804b8c00 'java/lang/invoke/LambdaForm$MH+0x00000000804b8c00'
Event: 108.414 Thread 0x00000281866e5db0 Unloading class 0x00000000804b8400 'java/lang/invoke/LambdaForm$MH+0x00000000804b8400'
Event: 108.414 Thread 0x00000281866e5db0 Unloading class 0x00000000804b8000 'java/lang/invoke/LambdaForm$MH+0x00000000804b8000'
Event: 108.414 Thread 0x00000281866e5db0 Unloading class 0x00000000804b8800 'java/lang/invoke/LambdaForm$MH+0x00000000804b8800'
Event: 108.414 Thread 0x00000281866e5db0 Unloading class 0x00000000804b7c00 'java/lang/invoke/LambdaForm$MH+0x00000000804b7c00'
Event: 108.414 Thread 0x00000281866e5db0 Unloading class 0x00000000804b7400 'java/lang/invoke/LambdaForm$MH+0x00000000804b7400'
Event: 108.414 Thread 0x00000281866e5db0 Unloading class 0x00000000804b7800 'java/lang/invoke/LambdaForm$MH+0x00000000804b7800'
Event: 108.414 Thread 0x00000281866e5db0 Unloading class 0x00000000804b6c00 'java/lang/invoke/LambdaForm$MH+0x00000000804b6c00'
Event: 108.414 Thread 0x00000281866e5db0 Unloading class 0x00000000804b6800 'java/lang/invoke/LambdaForm$MH+0x00000000804b6800'
Event: 108.414 Thread 0x00000281866e5db0 Unloading class 0x00000000804b6400 'java/lang/invoke/LambdaForm$MH+0x00000000804b6400'
Event: 108.414 Thread 0x00000281866e5db0 Unloading class 0x00000000804b6000 'java/lang/invoke/LambdaForm$MH+0x00000000804b6000'
Event: 108.414 Thread 0x00000281866e5db0 Unloading class 0x00000000804b5800 'java/lang/invoke/LambdaForm$MH+0x00000000804b5800'
Event: 108.414 Thread 0x00000281866e5db0 Unloading class 0x00000000804b5c00 'java/lang/invoke/LambdaForm$MH+0x00000000804b5c00'
Event: 108.414 Thread 0x00000281866e5db0 Unloading class 0x00000000804b5400 'java/lang/invoke/LambdaForm$MH+0x00000000804b5400'
Event: 108.414 Thread 0x00000281866e5db0 Unloading class 0x00000000804b5000 'java/lang/invoke/LambdaForm$MH+0x00000000804b5000'
Event: 108.414 Thread 0x00000281866e5db0 Unloading class 0x00000000804b4c00 'java/lang/invoke/LambdaForm$MH+0x00000000804b4c00'
Event: 108.414 Thread 0x00000281866e5db0 Unloading class 0x00000000804b4800 'java/lang/invoke/LambdaForm$MH+0x00000000804b4800'
Event: 108.414 Thread 0x00000281866e5db0 Unloading class 0x00000000804b4000 'java/lang/invoke/LambdaForm$MH+0x00000000804b4000'
Event: 108.414 Thread 0x00000281866e5db0 Unloading class 0x00000000804b4400 'java/lang/invoke/LambdaForm$MH+0x00000000804b4400'
Event: 108.414 Thread 0x00000281866e5db0 Unloading class 0x00000000804b3c00 'java/lang/invoke/LambdaForm$MH+0x00000000804b3c00'
Event: 108.414 Thread 0x00000281866e5db0 Unloading class 0x00000000804b3800 'java/lang/invoke/LambdaForm$MH+0x00000000804b3800'
Event: 108.414 Thread 0x00000281866e5db0 Unloading class 0x00000000804b3400 'java/lang/invoke/LambdaForm$MH+0x00000000804b3400'
Event: 108.414 Thread 0x00000281866e5db0 Unloading class 0x00000000804b3000 'java/lang/invoke/LambdaForm$MH+0x00000000804b3000'
Event: 108.414 Thread 0x00000281866e5db0 Unloading class 0x00000000804b2c00 'java/lang/invoke/LambdaForm$MH+0x00000000804b2c00'
Event: 108.414 Thread 0x00000281866e5db0 Unloading class 0x00000000804b2800 'java/lang/invoke/LambdaForm$MH+0x00000000804b2800'
Event: 108.414 Thread 0x00000281866e5db0 Unloading class 0x00000000804b2400 'java/lang/invoke/LambdaForm$MH+0x00000000804b2400'
Event: 108.414 Thread 0x00000281866e5db0 Unloading class 0x00000000804b1c00 'java/lang/invoke/LambdaForm$MH+0x00000000804b1c00'
Event: 108.414 Thread 0x00000281866e5db0 Unloading class 0x00000000804b1400 'java/lang/invoke/LambdaForm$MH+0x00000000804b1400'
Event: 108.414 Thread 0x00000281866e5db0 Unloading class 0x00000000804b1800 'java/lang/invoke/LambdaForm$MH+0x00000000804b1800'
Event: 108.414 Thread 0x00000281866e5db0 Unloading class 0x00000000804b1000 'java/lang/invoke/LambdaForm$MH+0x00000000804b1000'
Event: 108.414 Thread 0x00000281866e5db0 Unloading class 0x00000000804b0c00 'java/lang/invoke/LambdaForm$MH+0x00000000804b0c00'
Event: 108.414 Thread 0x00000281866e5db0 Unloading class 0x00000000804b0800 'java/lang/invoke/LambdaForm$MH+0x00000000804b0800'
Event: 108.414 Thread 0x00000281866e5db0 Unloading class 0x00000000804b0400 'java/lang/invoke/LambdaForm$MH+0x00000000804b0400'
Event: 108.414 Thread 0x00000281866e5db0 Unloading class 0x00000000804b0000 'java/lang/invoke/LambdaForm$MH+0x00000000804b0000'
Event: 108.414 Thread 0x00000281866e5db0 Unloading class 0x00000000804afc00 'java/lang/invoke/LambdaForm$MH+0x00000000804afc00'
Event: 108.414 Thread 0x00000281866e5db0 Unloading class 0x00000000804af800 'java/lang/invoke/LambdaForm$MH+0x00000000804af800'
Event: 108.414 Thread 0x00000281866e5db0 Unloading class 0x00000000804af400 'java/lang/invoke/LambdaForm$MH+0x00000000804af400'
Event: 108.414 Thread 0x00000281866e5db0 Unloading class 0x00000000804af000 'java/lang/invoke/LambdaForm$MH+0x00000000804af000'
Event: 108.414 Thread 0x00000281866e5db0 Unloading class 0x00000000804aec00 'java/lang/invoke/LambdaForm$MH+0x00000000804aec00'
Event: 108.414 Thread 0x00000281866e5db0 Unloading class 0x00000000804ae800 'java/lang/invoke/LambdaForm$MH+0x00000000804ae800'
Event: 108.414 Thread 0x00000281866e5db0 Unloading class 0x00000000804ae000 'java/lang/invoke/LambdaForm$MH+0x00000000804ae000'
Event: 108.414 Thread 0x00000281866e5db0 Unloading class 0x00000000804ae400 'java/lang/invoke/LambdaForm$MH+0x00000000804ae400'
Event: 108.414 Thread 0x00000281866e5db0 Unloading class 0x00000000804adc00 'java/lang/invoke/LambdaForm$MH+0x00000000804adc00'
Event: 108.414 Thread 0x00000281866e5db0 Unloading class 0x00000000804ad800 'java/lang/invoke/LambdaForm$MH+0x00000000804ad800'
Event: 108.414 Thread 0x00000281866e5db0 Unloading class 0x00000000804ad400 'java/lang/invoke/LambdaForm$MH+0x00000000804ad400'
Event: 108.414 Thread 0x00000281866e5db0 Unloading class 0x00000000804ac800 'java/lang/invoke/LambdaForm$MH+0x00000000804ac800'
Event: 108.414 Thread 0x00000281866e5db0 Unloading class 0x00000000804acc00 'java/lang/invoke/LambdaForm$MH+0x00000000804acc00'
Event: 108.414 Thread 0x00000281866e5db0 Unloading class 0x00000000804ac400 'java/lang/invoke/LambdaForm$MH+0x00000000804ac400'
Event: 108.414 Thread 0x00000281866e5db0 Unloading class 0x00000000804ac000 'java/lang/invoke/LambdaForm$MH+0x00000000804ac000'
Event: 108.414 Thread 0x00000281866e5db0 Unloading class 0x00000000804abc00 'java/lang/invoke/LambdaForm$MH+0x00000000804abc00'
Event: 108.414 Thread 0x00000281866e5db0 Unloading class 0x00000000804ab400 'java/lang/invoke/LambdaForm$MH+0x00000000804ab400'
Event: 108.414 Thread 0x00000281866e5db0 Unloading class 0x00000000804ab800 'java/lang/invoke/LambdaForm$MH+0x00000000804ab800'
Event: 108.414 Thread 0x00000281866e5db0 Unloading class 0x00000000804ab000 'java/lang/invoke/LambdaForm$MH+0x00000000804ab000'
Event: 108.414 Thread 0x00000281866e5db0 Unloading class 0x00000000804aac00 'java/lang/invoke/LambdaForm$MH+0x00000000804aac00'
Event: 108.414 Thread 0x00000281866e5db0 Unloading class 0x00000000804aa800 'java/lang/invoke/LambdaForm$MH+0x00000000804aa800'
Event: 108.414 Thread 0x00000281866e5db0 Unloading class 0x00000000804aa400 'java/lang/invoke/LambdaForm$MH+0x00000000804aa400'
Event: 108.414 Thread 0x00000281866e5db0 Unloading class 0x00000000804aa000 'java/lang/invoke/LambdaForm$MH+0x00000000804aa000'
Event: 108.414 Thread 0x00000281866e5db0 Unloading class 0x00000000804a9c00 'java/lang/invoke/LambdaForm$MH+0x00000000804a9c00'
Event: 108.414 Thread 0x00000281866e5db0 Unloading class 0x00000000804a9800 'java/lang/invoke/LambdaForm$MH+0x00000000804a9800'
Event: 108.414 Thread 0x00000281866e5db0 Unloading class 0x00000000804a9400 'java/lang/invoke/LambdaForm$MH+0x00000000804a9400'
Event: 108.414 Thread 0x00000281866e5db0 Unloading class 0x00000000804a9000 'java/lang/invoke/LambdaForm$MH+0x00000000804a9000'
Event: 108.414 Thread 0x00000281866e5db0 Unloading class 0x00000000804a8c00 'java/lang/invoke/LambdaForm$MH+0x00000000804a8c00'
Event: 108.414 Thread 0x00000281866e5db0 Unloading class 0x00000000804a8800 'java/lang/invoke/LambdaForm$MH+0x00000000804a8800'
Event: 108.414 Thread 0x00000281866e5db0 Unloading class 0x00000000804a8400 'java/lang/invoke/LambdaForm$MH+0x00000000804a8400'
Event: 108.414 Thread 0x00000281866e5db0 Unloading class 0x00000000804a8000 'java/lang/invoke/LambdaForm$MH+0x00000000804a8000'
Event: 108.414 Thread 0x00000281866e5db0 Unloading class 0x00000000804a7c00 'java/lang/invoke/LambdaForm$MH+0x00000000804a7c00'
Event: 108.414 Thread 0x00000281866e5db0 Unloading class 0x00000000804a7400 'java/lang/invoke/LambdaForm$MH+0x00000000804a7400'
Event: 108.414 Thread 0x00000281866e5db0 Unloading class 0x00000000804a7800 'java/lang/invoke/LambdaForm$MH+0x00000000804a7800'
Event: 108.414 Thread 0x00000281866e5db0 Unloading class 0x00000000804a7000 'java/lang/invoke/LambdaForm$MH+0x00000000804a7000'
Event: 108.414 Thread 0x00000281866e5db0 Unloading class 0x00000000804a6c00 'java/lang/invoke/LambdaForm$MH+0x00000000804a6c00'
Event: 108.414 Thread 0x00000281866e5db0 Unloading class 0x00000000804a6800 'java/lang/invoke/LambdaForm$MH+0x00000000804a6800'
Event: 108.414 Thread 0x00000281866e5db0 Unloading class 0x00000000804a6000 'java/lang/invoke/LambdaForm$MH+0x00000000804a6000'
Event: 108.414 Thread 0x00000281866e5db0 Unloading class 0x00000000804a6400 'java/lang/invoke/LambdaForm$MH+0x00000000804a6400'
Event: 108.414 Thread 0x00000281866e5db0 Unloading class 0x00000000804a5c00 'java/lang/invoke/LambdaForm$MH+0x00000000804a5c00'
Event: 108.414 Thread 0x00000281866e5db0 Unloading class 0x00000000804a5800 'java/lang/invoke/LambdaForm$MH+0x00000000804a5800'
Event: 108.414 Thread 0x00000281866e5db0 Unloading class 0x00000000804a5400 'java/lang/invoke/LambdaForm$MH+0x00000000804a5400'
Event: 108.414 Thread 0x00000281866e5db0 Unloading class 0x00000000804a5000 'java/lang/invoke/LambdaForm$MH+0x00000000804a5000'
Event: 108.414 Thread 0x00000281866e5db0 Unloading class 0x00000000804a4c00 'java/lang/invoke/LambdaForm$MH+0x00000000804a4c00'
Event: 108.414 Thread 0x00000281866e5db0 Unloading class 0x00000000804a4800 'java/lang/invoke/LambdaForm$MH+0x00000000804a4800'
Event: 108.414 Thread 0x00000281866e5db0 Unloading class 0x00000000804a4400 'java/lang/invoke/LambdaForm$MH+0x00000000804a4400'
Event: 122.010 Thread 0x00000281866e5db0 Unloading class 0x0000000083b26c00 'java/lang/invoke/LambdaForm$MH+0x0000000083b26c00'
Event: 122.010 Thread 0x00000281866e5db0 Unloading class 0x0000000083b26800 'java/lang/invoke/LambdaForm$MH+0x0000000083b26800'
Event: 122.010 Thread 0x00000281866e5db0 Unloading class 0x0000000083b26400 'java/lang/invoke/LambdaForm$MH+0x0000000083b26400'
Event: 122.010 Thread 0x00000281866e5db0 Unloading class 0x0000000083b26000 'java/lang/invoke/LambdaForm$MH+0x0000000083b26000'
Event: 122.010 Thread 0x00000281866e5db0 Unloading class 0x0000000083b25c00 'java/lang/invoke/LambdaForm$MH+0x0000000083b25c00'
Event: 122.010 Thread 0x00000281866e5db0 Unloading class 0x0000000083b25800 'java/lang/invoke/LambdaForm$MH+0x0000000083b25800'
Event: 122.010 Thread 0x00000281866e5db0 Unloading class 0x0000000083b25400 'java/lang/invoke/LambdaForm$MH+0x0000000083b25400'
Event: 122.010 Thread 0x00000281866e5db0 Unloading class 0x0000000083b25000 'java/lang/invoke/LambdaForm$MH+0x0000000083b25000'
Event: 122.010 Thread 0x00000281866e5db0 Unloading class 0x0000000083b24400 'java/lang/invoke/LambdaForm$MH+0x0000000083b24400'
Event: 122.010 Thread 0x00000281866e5db0 Unloading class 0x0000000083b24800 'java/lang/invoke/LambdaForm$MH+0x0000000083b24800'
Event: 122.010 Thread 0x00000281866e5db0 Unloading class 0x0000000083b24000 'java/lang/invoke/LambdaForm$DMH+0x0000000083b24000'
Event: 122.010 Thread 0x00000281866e5db0 Unloading class 0x0000000083b23800 'java/lang/invoke/LambdaForm$DMH+0x0000000083b23800'
Event: 122.010 Thread 0x00000281866e5db0 Unloading class 0x0000000083b23c00 'java/lang/invoke/LambdaForm$DMH+0x0000000083b23c00'
Event: 122.010 Thread 0x00000281866e5db0 Unloading class 0x0000000083b23400 'java/lang/invoke/LambdaForm$DMH+0x0000000083b23400'
Event: 122.010 Thread 0x00000281866e5db0 Unloading class 0x0000000083b22c00 'java/lang/invoke/LambdaForm$DMH+0x0000000083b22c00'
Event: 122.010 Thread 0x00000281866e5db0 Unloading class 0x0000000083b23000 'java/lang/invoke/LambdaForm$DMH+0x0000000083b23000'
Event: 122.010 Thread 0x00000281866e5db0 Unloading class 0x0000000083b22800 'java/lang/invoke/LambdaForm$DMH+0x0000000083b22800'
Event: 122.010 Thread 0x00000281866e5db0 Unloading class 0x0000000083b22000 'java/lang/invoke/LambdaForm$DMH+0x0000000083b22000'
Event: 122.010 Thread 0x00000281866e5db0 Unloading class 0x0000000083b22400 'java/lang/invoke/LambdaForm$DMH+0x0000000083b22400'
Event: 122.010 Thread 0x00000281866e5db0 Unloading class 0x0000000083b21c00 'java/lang/invoke/LambdaForm$DMH+0x0000000083b21c00'
Event: 122.010 Thread 0x00000281866e5db0 Unloading class 0x0000000083b21400 'java/lang/invoke/LambdaForm$DMH+0x0000000083b21400'
Event: 122.010 Thread 0x00000281866e5db0 Unloading class 0x0000000083b21000 'java/lang/invoke/LambdaForm$DMH+0x0000000083b21000'
Event: 122.010 Thread 0x00000281866e5db0 Unloading class 0x0000000083b20c00 'java/lang/invoke/LambdaForm$DMH+0x0000000083b20c00'
Event: 122.010 Thread 0x00000281866e5db0 Unloading class 0x0000000083b20800 'java/lang/invoke/LambdaForm$DMH+0x0000000083b20800'
Event: 122.010 Thread 0x00000281866e5db0 Unloading class 0x0000000083b20000 'java/lang/invoke/LambdaForm$DMH+0x0000000083b20000'
Event: 122.010 Thread 0x00000281866e5db0 Unloading class 0x0000000083b1f800 'java/lang/invoke/LambdaForm$DMH+0x0000000083b1f800'
Event: 122.010 Thread 0x00000281866e5db0 Unloading class 0x0000000083b1fc00 'java/lang/invoke/LambdaForm$DMH+0x0000000083b1fc00'
Event: 122.010 Thread 0x00000281866e5db0 Unloading class 0x0000000083b20400 'java/lang/invoke/LambdaForm$DMH+0x0000000083b20400'
Event: 122.010 Thread 0x00000281866e5db0 Unloading class 0x0000000083b1f400 'java/lang/invoke/LambdaForm$DMH+0x0000000083b1f400'
Event: 122.010 Thread 0x00000281866e5db0 Unloading class 0x0000000083b1f000 'java/lang/invoke/LambdaForm$DMH+0x0000000083b1f000'
Event: 122.010 Thread 0x00000281866e5db0 Unloading class 0x0000000083b1d400 'java/lang/invoke/LambdaForm$DMH+0x0000000083b1d400'
Event: 122.010 Thread 0x00000281866e5db0 Unloading class 0x0000000083b1c400 'java/lang/invoke/LambdaForm$DMH+0x0000000083b1c400'
Event: 122.010 Thread 0x00000281866e5db0 Unloading class 0x0000000083b1d800 'java/lang/invoke/LambdaForm$DMH+0x0000000083b1d800'
Event: 122.010 Thread 0x00000281866e5db0 Unloading class 0x0000000083b1d000 'java/lang/invoke/LambdaForm$DMH+0x0000000083b1d000'
Event: 122.010 Thread 0x00000281866e5db0 Unloading class 0x0000000083b1e000 'java/lang/invoke/LambdaForm$DMH+0x0000000083b1e000'
Event: 122.010 Thread 0x00000281866e5db0 Unloading class 0x0000000083b1cc00 'java/lang/invoke/LambdaForm$DMH+0x0000000083b1cc00'
Event: 122.010 Thread 0x00000281866e5db0 Unloading class 0x0000000083b1dc00 'java/lang/invoke/LambdaForm$DMH+0x0000000083b1dc00'
Event: 122.010 Thread 0x00000281866e5db0 Unloading class 0x0000000083b1e800 'java/lang/invoke/LambdaForm$DMH+0x0000000083b1e800'
Event: 122.010 Thread 0x00000281866e5db0 Unloading class 0x0000000083b1c800 'java/lang/invoke/LambdaForm$DMH+0x0000000083b1c800'
Event: 122.010 Thread 0x00000281866e5db0 Unloading class 0x0000000083b1e400 'java/lang/invoke/LambdaForm$DMH+0x0000000083b1e400'
Event: 122.010 Thread 0x00000281866e5db0 Unloading class 0x0000000083b10000 'java/lang/invoke/LambdaForm$MH+0x0000000083b10000'
Event: 122.010 Thread 0x00000281866e5db0 Unloading class 0x0000000083b0fc00 'java/lang/invoke/LambdaForm$MH+0x0000000083b0fc00'
Event: 122.010 Thread 0x00000281866e5db0 Unloading class 0x0000000083b0f800 'java/lang/invoke/LambdaForm$MH+0x0000000083b0f800'
Event: 122.010 Thread 0x00000281866e5db0 Unloading class 0x0000000083b0f400 'java/lang/invoke/LambdaForm$MH+0x0000000083b0f400'
Event: 122.010 Thread 0x00000281866e5db0 Unloading class 0x0000000083b0f000 'java/lang/invoke/LambdaForm$MH+0x0000000083b0f000'
Event: 122.010 Thread 0x00000281866e5db0 Unloading class 0x0000000083b0e800 'java/lang/invoke/LambdaForm$MH+0x0000000083b0e800'
Event: 122.010 Thread 0x00000281866e5db0 Unloading class 0x0000000083b0ec00 'java/lang/invoke/LambdaForm$MH+0x0000000083b0ec00'
Event: 122.010 Thread 0x00000281866e5db0 Unloading class 0x0000000083b0e400 'java/lang/invoke/LambdaForm$MH+0x0000000083b0e400'
Event: 122.010 Thread 0x00000281866e5db0 Unloading class 0x0000000083b0e000 'java/lang/invoke/LambdaForm$MH+0x0000000083b0e000'
Event: 122.010 Thread 0x00000281866e5db0 Unloading class 0x0000000083b0dc00 'java/lang/invoke/LambdaForm$MH+0x0000000083b0dc00'
Event: 122.010 Thread 0x00000281866e5db0 Unloading class 0x0000000083b0d400 'java/lang/invoke/LambdaForm$DMH+0x0000000083b0d400'
Event: 122.010 Thread 0x00000281866e5db0 Unloading class 0x0000000083b0d000 'java/lang/invoke/LambdaForm$DMH+0x0000000083b0d000'
Event: 122.010 Thread 0x00000281866e5db0 Unloading class 0x0000000083b0cc00 'java/lang/invoke/LambdaForm$DMH+0x0000000083b0cc00'
Event: 122.010 Thread 0x00000281866e5db0 Unloading class 0x0000000083b0c000 'java/lang/invoke/LambdaForm$DMH+0x0000000083b0c000'
Event: 122.010 Thread 0x00000281866e5db0 Unloading class 0x0000000083b0b800 'java/lang/invoke/LambdaForm$DMH+0x0000000083b0b800'
Event: 122.010 Thread 0x00000281866e5db0 Unloading class 0x0000000083b0bc00 'java/lang/invoke/LambdaForm$DMH+0x0000000083b0bc00'
Event: 122.010 Thread 0x00000281866e5db0 Unloading class 0x0000000083b0c800 'java/lang/invoke/LambdaForm$DMH+0x0000000083b0c800'
Event: 122.010 Thread 0x00000281866e5db0 Unloading class 0x0000000083b0c400 'java/lang/invoke/LambdaForm$DMH+0x0000000083b0c400'
Event: 122.010 Thread 0x00000281866e5db0 Unloading class 0x0000000083b0b400 'java/lang/invoke/LambdaForm$DMH+0x0000000083b0b400'
Event: 122.010 Thread 0x00000281866e5db0 Unloading class 0x0000000083b0b000 'java/lang/invoke/LambdaForm$DMH+0x0000000083b0b000'
Event: 122.010 Thread 0x00000281866e5db0 Unloading class 0x0000000083b0a800 'java/lang/invoke/LambdaForm$DMH+0x0000000083b0a800'
Event: 122.010 Thread 0x00000281866e5db0 Unloading class 0x0000000083b08800 'java/lang/invoke/LambdaForm$DMH+0x0000000083b08800'
Event: 122.010 Thread 0x00000281866e5db0 Unloading class 0x0000000083b08c00 'java/lang/invoke/LambdaForm$DMH+0x0000000083b08c00'
Event: 122.010 Thread 0x00000281866e5db0 Unloading class 0x0000000083b09400 'java/lang/invoke/LambdaForm$DMH+0x0000000083b09400'
Event: 122.010 Thread 0x00000281866e5db0 Unloading class 0x0000000083b0a400 'java/lang/invoke/LambdaForm$DMH+0x0000000083b0a400'
Event: 122.010 Thread 0x00000281866e5db0 Unloading class 0x0000000083b09c00 'java/lang/invoke/LambdaForm$DMH+0x0000000083b09c00'
Event: 122.010 Thread 0x00000281866e5db0 Unloading class 0x0000000083b0a000 'java/lang/invoke/LambdaForm$DMH+0x0000000083b0a000'
Event: 122.010 Thread 0x00000281866e5db0 Unloading class 0x0000000083b08400 'java/lang/invoke/LambdaForm$DMH+0x0000000083b08400'
Event: 122.010 Thread 0x00000281866e5db0 Unloading class 0x0000000083b09000 'java/lang/invoke/LambdaForm$DMH+0x0000000083b09000'
Event: 122.010 Thread 0x00000281866e5db0 Unloading class 0x0000000083b09800 'java/lang/invoke/LambdaForm$DMH+0x0000000083b09800'
Event: 122.010 Thread 0x00000281866e5db0 Unloading class 0x0000000083710c00 'java/lang/invoke/LambdaForm$DMH+0x0000000083710c00'
Event: 122.010 Thread 0x00000281866e5db0 Unloading class 0x0000000083710800 'java/lang/invoke/LambdaForm$DMH+0x0000000083710800'
Event: 122.010 Thread 0x00000281866e5db0 Unloading class 0x0000000083710400 'java/lang/invoke/LambdaForm$DMH+0x0000000083710400'
Event: 122.010 Thread 0x00000281866e5db0 Unloading class 0x0000000083710000 'java/lang/invoke/LambdaForm$DMH+0x0000000083710000'
Event: 122.010 Thread 0x00000281866e5db0 Unloading class 0x000000008370fc00 'java/lang/invoke/LambdaForm$DMH+0x000000008370fc00'
Event: 122.010 Thread 0x00000281866e5db0 Unloading class 0x000000008370f800 'java/lang/invoke/LambdaForm$DMH+0x000000008370f800'
Event: 122.010 Thread 0x00000281866e5db0 Unloading class 0x000000008370f000 'java/lang/invoke/LambdaForm$DMH+0x000000008370f000'
Event: 122.010 Thread 0x00000281866e5db0 Unloading class 0x000000008370f400 'java/lang/invoke/LambdaForm$DMH+0x000000008370f400'
Event: 122.010 Thread 0x00000281866e5db0 Unloading class 0x000000008370ec00 'java/lang/invoke/LambdaForm$DMH+0x000000008370ec00'
Event: 122.010 Thread 0x00000281866e5db0 Unloading class 0x000000008370e800 'java/lang/invoke/LambdaForm$DMH+0x000000008370e800'
Event: 122.010 Thread 0x00000281866e5db0 Unloading class 0x000000008370e400 'java/lang/invoke/LambdaForm$DMH+0x000000008370e400'
Event: 122.010 Thread 0x00000281866e5db0 Unloading class 0x000000008370d800 'java/lang/invoke/LambdaForm$DMH+0x000000008370d800'
Event: 122.010 Thread 0x00000281866e5db0 Unloading class 0x000000008370d000 'java/lang/invoke/LambdaForm$DMH+0x000000008370d000'
Event: 122.010 Thread 0x00000281866e5db0 Unloading class 0x000000008370dc00 'java/lang/invoke/LambdaForm$DMH+0x000000008370dc00'
Event: 122.010 Thread 0x00000281866e5db0 Unloading class 0x000000008370d400 'java/lang/invoke/LambdaForm$DMH+0x000000008370d400'
Event: 122.010 Thread 0x00000281866e5db0 Unloading class 0x000000008370e000 'java/lang/invoke/LambdaForm$DMH+0x000000008370e000'
Event: 122.010 Thread 0x00000281866e5db0 Unloading class 0x000000008370c000 'java/lang/invoke/LambdaForm$DMH+0x000000008370c000'
Event: 122.010 Thread 0x00000281866e5db0 Unloading class 0x000000008370cc00 'java/lang/invoke/LambdaForm$DMH+0x000000008370cc00'
Event: 122.010 Thread 0x00000281866e5db0 Unloading class 0x000000008370c800 'java/lang/invoke/LambdaForm$DMH+0x000000008370c800'
Event: 122.010 Thread 0x00000281866e5db0 Unloading class 0x0000000083680800 'java/lang/invoke/LambdaForm$DMH+0x0000000083680800'
Event: 122.010 Thread 0x00000281866e5db0 Unloading class 0x0000000083680400 'java/lang/invoke/LambdaForm$DMH+0x0000000083680400'
Event: 122.010 Thread 0x00000281866e5db0 Unloading class 0x0000000083680000 'java/lang/invoke/LambdaForm$DMH+0x0000000083680000'
Event: 122.010 Thread 0x00000281866e5db0 Unloading class 0x000000008367bc00 'java/lang/invoke/LambdaForm$DMH+0x000000008367bc00'
Event: 122.010 Thread 0x00000281866e5db0 Unloading class 0x000000008367b800 'java/lang/invoke/LambdaForm$DMH+0x000000008367b800'
Event: 122.010 Thread 0x00000281866e5db0 Unloading class 0x000000008367b400 'java/lang/invoke/LambdaForm$DMH+0x000000008367b400'
Event: 122.010 Thread 0x00000281866e5db0 Unloading class 0x0000000083680c00 'java/lang/invoke/LambdaForm$DMH+0x0000000083680c00'
Event: 122.010 Thread 0x00000281866e5db0 Unloading class 0x0000000083679c00 'java/lang/invoke/LambdaForm$DMH+0x0000000083679c00'
Event: 122.010 Thread 0x00000281866e5db0 Unloading class 0x000000008367a000 'java/lang/invoke/LambdaForm$DMH+0x000000008367a000'
Event: 122.010 Thread 0x00000281866e5db0 Unloading class 0x0000000083679800 'java/lang/invoke/LambdaForm$DMH+0x0000000083679800'
Event: 122.010 Thread 0x00000281866e5db0 Unloading class 0x000000008367ac00 'java/lang/invoke/LambdaForm$DMH+0x000000008367ac00'
Event: 122.010 Thread 0x00000281866e5db0 Unloading class 0x000000008367a400 'java/lang/invoke/LambdaForm$DMH+0x000000008367a400'
Event: 122.010 Thread 0x00000281866e5db0 Unloading class 0x000000008367b000 'java/lang/invoke/LambdaForm$DMH+0x000000008367b000'
Event: 122.010 Thread 0x00000281866e5db0 Unloading class 0x000000008367a800 'java/lang/invoke/LambdaForm$DMH+0x000000008367a800'
Event: 122.010 Thread 0x00000281866e5db0 Unloading class 0x0000000083679400 'java/lang/invoke/LambdaForm$DMH+0x0000000083679400'
Event: 122.010 Thread 0x00000281866e5db0 Unloading class 0x0000000083679000 'java/lang/invoke/LambdaForm$DMH+0x0000000083679000'

Classes redefined (0 events):
No events

Internal exceptions (250 events):
Event: 220.875 Thread 0x000002866357c7d0 Exception <a 'sun/nio/fs/WindowsException'{0x00000400e4d26c98}> (0x00000400e4d26c98) 
thrown [s\src\hotspot\share\prims\jni.cpp, line 520]
Event: 220.877 Thread 0x000002866357c7d0 Exception <a 'sun/nio/fs/WindowsException'{0x00000400e1bc0000}> (0x00000400e1bc0000) 
thrown [s\src\hotspot\share\prims\jni.cpp, line 520]
Event: 220.877 Thread 0x000002866357c7d0 Exception <a 'sun/nio/fs/WindowsException'{0x00000400da955be8}> (0x00000400da955be8) 
thrown [s\src\hotspot\share\prims\jni.cpp, line 520]
Event: 220.878 Thread 0x000002866357c7d0 Exception <a 'sun/nio/fs/WindowsException'{0x00000400d4c07398}> (0x00000400d4c07398) 
thrown [s\src\hotspot\share\prims\jni.cpp, line 520]
Event: 220.878 Thread 0x000002866357c7d0 Exception <a 'sun/nio/fs/WindowsException'{0x00000400d4d89540}> (0x00000400d4d89540) 
thrown [s\src\hotspot\share\prims\jni.cpp, line 520]
Event: 220.879 Thread 0x000002866357c7d0 Exception <a 'sun/nio/fs/WindowsException'{0x00000400d27cd450}> (0x00000400d27cd450) 
thrown [s\src\hotspot\share\prims\jni.cpp, line 520]
Event: 220.880 Thread 0x000002866357c7d0 Exception <a 'sun/nio/fs/WindowsException'{0x00000400cba4e098}> (0x00000400cba4e098) 
thrown [s\src\hotspot\share\prims\jni.cpp, line 520]
Event: 220.881 Thread 0x000002866357c7d0 Exception <a 'sun/nio/fs/WindowsException'{0x00000400c5cb9d80}> (0x00000400c5cb9d80) 
thrown [s\src\hotspot\share\prims\jni.cpp, line 520]
Event: 220.882 Thread 0x000002866357c7d0 Exception <a 'sun/nio/fs/WindowsException'{0x00000400c312c6f0}> (0x00000400c312c6f0) 
thrown [s\src\hotspot\share\prims\jni.cpp, line 520]
Event: 220.882 Thread 0x000002866357c7d0 Exception <a 'sun/nio/fs/WindowsException'{0x00000400beb50120}> (0x00000400beb50120) 
thrown [s\src\hotspot\share\prims\jni.cpp, line 520]
Event: 220.883 Thread 0x000002866357c7d0 Exception <a 'sun/nio/fs/WindowsException'{0x00000400b8c0ad70}> (0x00000400b8c0ad70) 
thrown [s\src\hotspot\share\prims\jni.cpp, line 520]
Event: 220.884 Thread 0x000002866357c7d0 Exception <a 'sun/nio/fs/WindowsException'{0x00000400b4f57228}> (0x00000400b4f57228) 
thrown [s\src\hotspot\share\prims\jni.cpp, line 520]
Event: 220.885 Thread 0x000002866357c7d0 Exception <a 'sun/nio/fs/WindowsException'{0x00000400b100fa28}> (0x00000400b100fa28) 
thrown [s\src\hotspot\share\prims\jni.cpp, line 520]
Event: 220.886 Thread 0x000002866357c7d0 Exception <a 'sun/nio/fs/WindowsException'{0x00000400aa85c760}> (0x00000400aa85c760) 
thrown [s\src\hotspot\share\prims\jni.cpp, line 520]
Event: 220.887 Thread 0x000002866357c7d0 Exception <a 'sun/nio/fs/WindowsException'{0x00000400a50067b8}> (0x00000400a50067b8) 
thrown [s\src\hotspot\share\prims\jni.cpp, line 520]
Event: 220.888 Thread 0x000002866357c7d0 Exception <a 'sun/nio/fs/WindowsException'{0x00000400a35e93b8}> (0x00000400a35e93b8) 
thrown [s\src\hotspot\share\prims\jni.cpp, line 520]
Event: 220.889 Thread 0x000002866357c7d0 Exception <a 'sun/nio/fs/WindowsException'{0x000004009a50e6d0}> (0x000004009a50e6d0) 
thrown [s\src\hotspot\share\prims\jni.cpp, line 520]
Event: 220.890 Thread 0x000002866357c7d0 Exception <a 'sun/nio/fs/WindowsException'{0x0000040098da0430}> (0x0000040098da0430) 
thrown [s\src\hotspot\share\prims\jni.cpp, line 520]
Event: 220.891 Thread 0x000002866357c7d0 Exception <a 'sun/nio/fs/WindowsException'{0x0000040095d0f228}> (0x0000040095d0f228) 
thrown [s\src\hotspot\share\prims\jni.cpp, line 520]
Event: 220.891 Thread 0x000002866357c7d0 Exception <a 'sun/nio/fs/WindowsException'{0x0000040095438de0}> (0x0000040095438de0) 
thrown [s\src\hotspot\share\prims\jni.cpp, line 520]
Event: 220.891 Thread 0x000002866357c7d0 Exception <a 'sun/nio/fs/WindowsException'{0x00000400955ef8c8}> (0x00000400955ef8c8) 
thrown [s\src\hotspot\share\prims\jni.cpp, line 520]
Event: 220.892 Thread 0x000002866357c7d0 Exception <a 'sun/nio/fs/WindowsException'{0x0000040093d50940}> (0x0000040093d50940) 
thrown [s\src\hotspot\share\prims\jni.cpp, line 520]
Event: 220.915 Thread 0x000002866357c7d0 Exception <a 'sun/nio/fs/WindowsException'{0x000004021b5e0fe0}> (0x000004021b5e0fe0) 
thrown [s\src\hotspot\share\prims\jni.cpp, line 520]
Event: 220.916 Thread 0x000002866357c7d0 Exception <a 'sun/nio/fs/WindowsException'{0x0000040211090c58}> (0x0000040211090c58) 
thrown [s\src\hotspot\share\prims\jni.cpp, line 520]
Event: 220.957 Thread 0x000002866357c7d0 Exception <a 'sun/nio/fs/WindowsException'{0x00000401ae157d98}> (0x00000401ae157d98) 
thrown [s\src\hotspot\share\prims\jni.cpp, line 520]
Event: 220.995 Thread 0x000002866357c7d0 Exception <a 'sun/nio/fs/WindowsException'{0x000004017781ff58}> (0x000004017781ff58) 
thrown [s\src\hotspot\share\prims\jni.cpp, line 520]
Event: 220.996 Thread 0x000002866357c7d0 Exception <a 'sun/nio/fs/WindowsException'{0x00000401778ca160}> (0x00000401778ca160) 
thrown [s\src\hotspot\share\prims\jni.cpp, line 520]
Event: 220.997 Thread 0x000002866357c7d0 Exception <a 'sun/nio/fs/WindowsException'{0x0000040177974598}> (0x0000040177974598) 
thrown [s\src\hotspot\share\prims\jni.cpp, line 520]
Event: 220.998 Thread 0x000002866357c7d0 Exception <a 'sun/nio/fs/WindowsException'{0x0000040175a1e298}> (0x0000040175a1e298) 
thrown [s\src\hotspot\share\prims\jni.cpp, line 520]
Event: 220.998 Thread 0x000002866357c7d0 Exception <a 'sun/nio/fs/WindowsException'{0x0000040175ac80b0}> (0x0000040175ac80b0) 
thrown [s\src\hotspot\share\prims\jni.cpp, line 520]
Event: 220.999 Thread 0x000002866357c7d0 Exception <a 'sun/nio/fs/WindowsException'{0x0000040175b74058}> (0x0000040175b74058) 
thrown [s\src\hotspot\share\prims\jni.cpp, line 520]
Event: 220.999 Thread 0x000002866357c7d0 Exception <a 'sun/nio/fs/WindowsException'{0x0000040171a1dd28}> (0x0000040171a1dd28) 
thrown [s\src\hotspot\share\prims\jni.cpp, line 520]
Event: 221.000 Thread 0x000002866357c7d0 Exception <a 'sun/nio/fs/WindowsException'{0x0000040171ac7f48}> (0x0000040171ac7f48) 
thrown [s\src\hotspot\share\prims\jni.cpp, line 520]
Event: 221.000 Thread 0x000002866357c7d0 Exception <a 'sun/nio/fs/WindowsException'{0x0000040171b745b0}> (0x0000040171b745b0) 
thrown [s\src\hotspot\share\prims\jni.cpp, line 520]
Event: 221.040 Thread 0x000002866357c7d0 Exception <a 'sun/nio/fs/WindowsException'{0x000004038307ba30}> (0x000004038307ba30) 
thrown [s\src\hotspot\share\prims\jni.cpp, line 520]
Event: 221.041 Thread 0x000002866357c7d0 Exception <a 'sun/nio/fs/WindowsException'{0x0000040383128028}> (0x0000040383128028) 
thrown [s\src\hotspot\share\prims\jni.cpp, line 520]
Event: 221.081 Thread 0x000002866357c7d0 Exception <a 'sun/nio/fs/WindowsException'{0x00000402ff9e9a48}> (0x00000402ff9e9a48) 
thrown [s\src\hotspot\share\prims\jni.cpp, line 520]
Event: 221.082 Thread 0x000002866357c7d0 Exception <a 'sun/nio/fs/WindowsException'{0x00000401e12e3e08}> (0x00000401e12e3e08) 
thrown [s\src\hotspot\share\prims\jni.cpp, line 520]
Event: 221.083 Thread 0x000002866357c7d0 Exception <a 'sun/nio/fs/WindowsException'{0x00000401e13de520}> (0x00000401e13de520) 
thrown [s\src\hotspot\share\prims\jni.cpp, line 520]
Event: 221.084 Thread 0x000002866357c7d0 Exception <a 'sun/nio/fs/WindowsException'{0x000004032c8900a8}> (0x000004032c8900a8) 
thrown [s\src\hotspot\share\prims\jni.cpp, line 520]
Event: 221.084 Thread 0x000002866357c7d0 Exception <a 'sun/nio/fs/WindowsException'{0x000004032c98e500}> (0x000004032c98e500) 
thrown [s\src\hotspot\share\prims\jni.cpp, line 520]
Event: 221.085 Thread 0x000002866357c7d0 Exception <a 'sun/nio/fs/WindowsException'{0x00000402fe28c938}> (0x00000402fe28c938) 
thrown [s\src\hotspot\share\prims\jni.cpp, line 520]
Event: 221.085 Thread 0x000002866357c7d0 Exception <a 'sun/nio/fs/WindowsException'{0x00000402fe338578}> (0x00000402fe338578) 
thrown [s\src\hotspot\share\prims\jni.cpp, line 520]
Event: 221.085 Thread 0x000002866357c7d0 Exception <a 'sun/nio/fs/WindowsException'{0x00000402fe3e4450}> (0x00000402fe3e4450) 
thrown [s\src\hotspot\share\prims\jni.cpp, line 520]
Event: 221.086 Thread 0x000002866357c7d0 Exception <a 'sun/nio/fs/WindowsException'{0x000004035c6e3030}> (0x000004035c6e3030) 
thrown [s\src\hotspot\share\prims\jni.cpp, line 520]
Event: 221.246 Thread 0x00000285e0d3ee00 Implicit null exception at 0x00000281943f7f87 to 0x00000281943f8270
Event: 226.621 Thread 0x00000285a38003c0 Implicit null exception at 0x00000281961662dd to 0x0000028196167b3c
Event: 227.622 Thread 0x00000285a38003c0 Implicit null exception at 0x00000281961662dd to 0x0000028196167b3c
Event: 228.622 Thread 0x00000285a38003c0 Implicit null exception at 0x00000281961662dd to 0x0000028196167b3c
Event: 229.209 Thread 0x000002864734ac70 Implicit null exception at 0x00000281939e1cb0 to 0x00000281939e23e4
Event: 229.624 Thread 0x00000285a38003c0 Implicit null exception at 0x00000281961662dd to 0x0000028196167b3c
Event: 232.498 Thread 0x0000028663585ec0 Exception <a 'sun/nio/fs/WindowsException'{0x0000040121451390}> (0x0000040121451390) 
thrown [s\src\hotspot\share\prims\jni.cpp, line 520]
Event: 233.658 Thread 0x000002866357e210 Exception <a 'sun/nio/fs/WindowsException'{0x00000401a0f64068}> (0x00000401a0f64068) 
thrown [s\src\hotspot\share\prims\jni.cpp, line 520]
Event: 237.690 Thread 0x000002866357d4f0 Exception <a 'sun/nio/fs/WindowsException'{0x000004038d377bd0}> (0x000004038d377bd0) 
thrown [s\src\hotspot\share\prims\jni.cpp, line 520]
Event: 241.866 Thread 0x000002866357c7d0 Exception <a 'java/lang/IncompatibleClassChangeError'{0x00000402985b5028}: Found class java.lang.Object, but interface was expected> (0x00000402985b5028) 
thrown [s\src\hotspot\share\interpreter\linkResolver.cpp, line 840]
Event: 241.875 Thread 0x0000028609efc750 Exception <a 'sun/nio/fs/WindowsException'{0x00000400196d29a0}> (0x00000400196d29a0) 
thrown [s\src\hotspot\share\prims\jni.cpp, line 520]
Event: 243.165 Thread 0x000002866357ce60 Exception <a 'sun/nio/fs/WindowsException'{0x00000401c1e450e8}> (0x00000401c1e450e8) 
thrown [s\src\hotspot\share\prims\jni.cpp, line 520]
Event: 245.870 Thread 0x000002866357db80 Exception <a 'sun/nio/fs/WindowsException'{0x0000040179464c18}> (0x0000040179464c18) 
thrown [s\src\hotspot\share\prims\jni.cpp, line 520]
Event: 247.453 Thread 0x000002866357e8a0 Exception <a 'sun/nio/fs/WindowsException'{0x000004033ed0ec10}> (0x000004033ed0ec10) 
thrown [s\src\hotspot\share\prims\jni.cpp, line 520]
Event: 247.499 Thread 0x000002866357e8a0 Exception <a 'sun/nio/fs/WindowsException'{0x00000401a0547000}> (0x00000401a0547000) 
thrown [s\src\hotspot\share\prims\jni.cpp, line 520]
Event: 247.534 Thread 0x000002866357e8a0 Exception <a 'sun/nio/fs/WindowsException'{0x000004032ad23ea8}> (0x000004032ad23ea8) 
thrown [s\src\hotspot\share\prims\jni.cpp, line 520]
Event: 247.566 Thread 0x000002866357e8a0 Exception <a 'sun/nio/fs/WindowsException'{0x0000040263deff88}> (0x0000040263deff88) 
thrown [s\src\hotspot\share\prims\jni.cpp, line 520]
Event: 247.604 Thread 0x000002866357e8a0 Exception <a 'sun/nio/fs/WindowsException'{0x00000401552d7738}> (0x00000401552d7738) 
thrown [s\src\hotspot\share\prims\jni.cpp, line 520]
Event: 247.643 Thread 0x000002866357e8a0 Exception <a 'sun/nio/fs/WindowsException'{0x000004035f0c0ff0}> (0x000004035f0c0ff0) 
thrown [s\src\hotspot\share\prims\jni.cpp, line 520]
Event: 247.694 Thread 0x000002866357e8a0 Exception <a 'sun/nio/fs/WindowsException'{0x000004030cfd45e0}> (0x000004030cfd45e0) 
thrown [s\src\hotspot\share\prims\jni.cpp, line 520]
Event: 247.740 Thread 0x000002866357e8a0 Exception <a 'sun/nio/fs/WindowsException'{0x00000402c13a3ba8}> (0x00000402c13a3ba8) 
thrown [s\src\hotspot\share\prims\jni.cpp, line 520]
Event: 247.767 Thread 0x000002866357e8a0 Exception <a 'sun/nio/fs/WindowsException'{0x00000402a96cc830}> (0x00000402a96cc830) 
thrown [s\src\hotspot\share\prims\jni.cpp, line 520]
Event: 247.792 Thread 0x000002866357e8a0 Exception <a 'sun/nio/fs/WindowsException'{0x0000040290a48c60}> (0x0000040290a48c60) 
thrown [s\src\hotspot\share\prims\jni.cpp, line 520]
Event: 247.840 Thread 0x000002866357e8a0 Exception <a 'sun/nio/fs/WindowsException'{0x0000040236c688f0}> (0x0000040236c688f0) 
thrown [s\src\hotspot\share\prims\jni.cpp, line 520]
Event: 247.886 Thread 0x000002866357e8a0 Exception <a 'sun/nio/fs/WindowsException'{0x00000401e2eb1ca0}> (0x00000401e2eb1ca0) 
thrown [s\src\hotspot\share\prims\jni.cpp, line 520]
Event: 247.922 Thread 0x000002866357e8a0 Exception <a 'sun/nio/fs/WindowsException'{0x00000401b7f572a0}> (0x00000401b7f572a0) 
thrown [s\src\hotspot\share\prims\jni.cpp, line 520]
Event: 247.966 Thread 0x000002866357e8a0 Exception <a 'sun/nio/fs/WindowsException'{0x00000401988371d0}> (0x00000401988371d0) 
thrown [s\src\hotspot\share\prims\jni.cpp, line 520]
Event: 247.997 Thread 0x000002866357e8a0 Exception <a 'sun/nio/fs/WindowsException'{0x00000400197d64f8}> (0x00000400197d64f8) 
thrown [s\src\hotspot\share\prims\jni.cpp, line 520]
Event: 248.024 Thread 0x000002866357e8a0 Exception <a 'sun/nio/fs/WindowsException'{0x00000402e33cbd00}> (0x00000402e33cbd00) 
thrown [s\src\hotspot\share\prims\jni.cpp, line 520]
Event: 248.030 Thread 0x000002866357e8a0 Exception <a 'sun/nio/fs/WindowsException'{0x00000402b5ac2500}> (0x00000402b5ac2500) 
thrown [s\src\hotspot\share\prims\jni.cpp, line 520]
Event: 248.048 Thread 0x000002866357e8a0 Exception <a 'sun/nio/fs/WindowsException'{0x0000040218750150}> (0x0000040218750150) 
thrown [s\src\hotspot\share\prims\jni.cpp, line 520]
Event: 248.053 Thread 0x000002866357e8a0 Exception <a 'sun/nio/fs/WindowsException'{0x00000400a78fa200}> (0x00000400a78fa200) 
thrown [s\src\hotspot\share\prims\jni.cpp, line 520]
Event: 248.057 Thread 0x000002866357e8a0 Exception <a 'sun/nio/fs/WindowsException'{0x00000401a7d2f310}> (0x00000401a7d2f310) 
thrown [s\src\hotspot\share\prims\jni.cpp, line 520]
Event: 248.061 Thread 0x000002866357e8a0 Exception <a 'sun/nio/fs/WindowsException'{0x0000040265f30b98}> (0x0000040265f30b98) 
thrown [s\src\hotspot\share\prims\jni.cpp, line 520]
Event: 248.067 Thread 0x000002866357e8a0 Exception <a 'sun/nio/fs/WindowsException'{0x00000402ac431af8}> (0x00000402ac431af8) 
thrown [s\src\hotspot\share\prims\jni.cpp, line 520]
Event: 248.072 Thread 0x000002866357e8a0 Exception <a 'sun/nio/fs/WindowsException'{0x0000040375c0cc28}> (0x0000040375c0cc28) 
thrown [s\src\hotspot\share\prims\jni.cpp, line 520]
Event: 248.077 Thread 0x000002866357e8a0 Exception <a 'sun/nio/fs/WindowsException'{0x000004031eca7120}> (0x000004031eca7120) 
thrown [s\src\hotspot\share\prims\jni.cpp, line 520]
Event: 248.080 Thread 0x000002866357e8a0 Exception <a 'sun/nio/fs/WindowsException'{0x00000402fe5714f8}> (0x00000402fe5714f8) 
thrown [s\src\hotspot\share\prims\jni.cpp, line 520]
Event: 248.084 Thread 0x000002866357e8a0 Exception <a 'sun/nio/fs/WindowsException'{0x000004029f09af10}> (0x000004029f09af10) 
thrown [s\src\hotspot\share\prims\jni.cpp, line 520]
Event: 248.085 Thread 0x000002866357e8a0 Exception <a 'sun/nio/fs/WindowsException'{0x000004026b370660}> (0x000004026b370660) 
thrown [s\src\hotspot\share\prims\jni.cpp, line 520]
Event: 248.087 Thread 0x000002866357e8a0 Exception <a 'sun/nio/fs/WindowsException'{0x000004025a662478}> (0x000004025a662478) 
thrown [s\src\hotspot\share\prims\jni.cpp, line 520]
Event: 248.097 Thread 0x000002866357e8a0 Exception <a 'sun/nio/fs/WindowsException'{0x00000401681dad40}> (0x00000401681dad40) 
thrown [s\src\hotspot\share\prims\jni.cpp, line 520]
Event: 248.099 Thread 0x000002866357e8a0 Exception <a 'sun/nio/fs/WindowsException'{0x00000400f22a3978}> (0x00000400f22a3978) 
thrown [s\src\hotspot\share\prims\jni.cpp, line 520]
Event: 248.103 Thread 0x000002866357e8a0 Exception <a 'sun/nio/fs/WindowsException'{0x000004003d008288}> (0x000004003d008288) 
thrown [s\src\hotspot\share\prims\jni.cpp, line 520]
Event: 248.106 Thread 0x000002866357e8a0 Exception <a 'sun/nio/fs/WindowsException'{0x00000401d8367810}> (0x00000401d8367810) 
thrown [s\src\hotspot\share\prims\jni.cpp, line 520]
Event: 248.109 Thread 0x000002866357e8a0 Exception <a 'sun/nio/fs/WindowsException'{0x00000401b9d90ae8}> (0x00000401b9d90ae8) 
thrown [s\src\hotspot\share\prims\jni.cpp, line 520]
Event: 248.112 Thread 0x000002866357e8a0 Exception <a 'sun/nio/fs/WindowsException'{0x00000403611a4cd8}> (0x00000403611a4cd8) 
thrown [s\src\hotspot\share\prims\jni.cpp, line 520]
Event: 248.119 Thread 0x000002866357e8a0 Exception <a 'sun/nio/fs/WindowsException'{0x000004032dd04690}> (0x000004032dd04690) 
thrown [s\src\hotspot\share\prims\jni.cpp, line 520]
Event: 248.122 Thread 0x000002866357e8a0 Exception <a 'sun/nio/fs/WindowsException'{0x000004022b10c168}> (0x000004022b10c168) 
thrown [s\src\hotspot\share\prims\jni.cpp, line 520]
Event: 248.122 Thread 0x000002866357e8a0 Exception <a 'sun/nio/fs/WindowsException'{0x00000401b1c2ed00}> (0x00000401b1c2ed00) 
thrown [s\src\hotspot\share\prims\jni.cpp, line 520]
Event: 248.123 Thread 0x000002866357e8a0 Exception <a 'sun/nio/fs/WindowsException'{0x00000401b1d3e710}> (0x00000401b1d3e710) 
thrown [s\src\hotspot\share\prims\jni.cpp, line 520]
Event: 248.123 Thread 0x000002866357e8a0 Exception <a 'sun/nio/fs/WindowsException'{0x00000400b066ca70}> (0x00000400b066ca70) 
thrown [s\src\hotspot\share\prims\jni.cpp, line 520]
Event: 248.140 Thread 0x000002866357e8a0 Exception <a 'sun/nio/fs/WindowsException'{0x00000403250bba70}> (0x00000403250bba70) 
thrown [s\src\hotspot\share\prims\jni.cpp, line 520]
Event: 248.159 Thread 0x000002866357e8a0 Exception <a 'sun/nio/fs/WindowsException'{0x000004027183fc50}> (0x000004027183fc50) 
thrown [s\src\hotspot\share\prims\jni.cpp, line 520]
Event: 248.160 Thread 0x000002866357e8a0 Exception <a 'sun/nio/fs/WindowsException'{0x00000402718f0a48}> (0x00000402718f0a48) 
thrown [s\src\hotspot\share\prims\jni.cpp, line 520]
Event: 248.177 Thread 0x000002866357e8a0 Exception <a 'sun/nio/fs/WindowsException'{0x00000401ef81e090}> (0x00000401ef81e090) 
thrown [s\src\hotspot\share\prims\jni.cpp, line 520]
Event: 248.196 Thread 0x000002866357e8a0 Exception <a 'sun/nio/fs/WindowsException'{0x00000401253f3b30}> (0x00000401253f3b30) 
thrown [s\src\hotspot\share\prims\jni.cpp, line 520]
Event: 248.201 Thread 0x000002866357e8a0 Exception <a 'sun/nio/fs/WindowsException'{0x0000040079063698}> (0x0000040079063698) 
thrown [s\src\hotspot\share\prims\jni.cpp, line 520]
Event: 248.203 Thread 0x000002866357e8a0 Exception <a 'sun/nio/fs/WindowsException'{0x0000040075c4d338}> (0x0000040075c4d338) 
thrown [s\src\hotspot\share\prims\jni.cpp, line 520]
Event: 248.204 Thread 0x000002866357e8a0 Exception <a 'sun/nio/fs/WindowsException'{0x000004005662a258}> (0x000004005662a258) 
thrown [s\src\hotspot\share\prims\jni.cpp, line 520]
Event: 248.240 Thread 0x000002866357e8a0 Exception <a 'sun/nio/fs/WindowsException'{0x0000040332b06b90}> (0x0000040332b06b90) 
thrown [s\src\hotspot\share\prims\jni.cpp, line 520]
Event: 248.244 Thread 0x000002866357e8a0 Exception <a 'sun/nio/fs/WindowsException'{0x00000402a17eca98}> (0x00000402a17eca98) 
thrown [s\src\hotspot\share\prims\jni.cpp, line 520]
Event: 248.249 Thread 0x000002866357e8a0 Exception <a 'sun/nio/fs/WindowsException'{0x000004037e61adc8}> (0x000004037e61adc8) 
thrown [s\src\hotspot\share\prims\jni.cpp, line 520]
Event: 248.250 Thread 0x000002866357e8a0 Exception <a 'sun/nio/fs/WindowsException'{0x000004033bd65640}> (0x000004033bd65640) 
thrown [s\src\hotspot\share\prims\jni.cpp, line 520]
Event: 248.252 Thread 0x000002866357e8a0 Exception <a 'sun/nio/fs/WindowsException'{0x000004031a3bc3d8}> (0x000004031a3bc3d8) 
thrown [s\src\hotspot\share\prims\jni.cpp, line 520]
Event: 248.253 Thread 0x000002866357e8a0 Exception <a 'sun/nio/fs/WindowsException'{0x00000402582816f0}> (0x00000402582816f0) 
thrown [s\src\hotspot\share\prims\jni.cpp, line 520]
Event: 248.255 Thread 0x000002866357e8a0 Exception <a 'sun/nio/fs/WindowsException'{0x00000401f65a91f8}> (0x00000401f65a91f8) 
thrown [s\src\hotspot\share\prims\jni.cpp, line 520]
Event: 248.258 Thread 0x000002866357e8a0 Exception <a 'sun/nio/fs/WindowsException'{0x0000040306a4fca8}> (0x0000040306a4fca8) 
thrown [s\src\hotspot\share\prims\jni.cpp, line 520]
Event: 248.260 Thread 0x000002866357e8a0 Exception <a 'sun/nio/fs/WindowsException'{0x00000402d44a69c8}> (0x00000402d44a69c8) 
thrown [s\src\hotspot\share\prims\jni.cpp, line 520]
Event: 248.263 Thread 0x000002866357e8a0 Exception <a 'sun/nio/fs/WindowsException'{0x000004023293e490}> (0x000004023293e490) 
thrown [s\src\hotspot\share\prims\jni.cpp, line 520]
Event: 248.263 Thread 0x000002866357e8a0 Exception <a 'sun/nio/fs/WindowsException'{0x0000040200b815a0}> (0x0000040200b815a0) 
thrown [s\src\hotspot\share\prims\jni.cpp, line 520]
Event: 248.282 Thread 0x000002866357e8a0 Exception <a 'sun/nio/fs/WindowsException'{0x0000040202e42478}> (0x0000040202e42478) 
thrown [s\src\hotspot\share\prims\jni.cpp, line 520]
Event: 248.283 Thread 0x000002866357e8a0 Exception <a 'sun/nio/fs/WindowsException'{0x0000040202eefca0}> (0x0000040202eefca0) 
thrown [s\src\hotspot\share\prims\jni.cpp, line 520]
Event: 253.452 Thread 0x000002866357ef30 Exception <a 'sun/nio/fs/WindowsException'{0x000004014a6fab78}> (0x000004014a6fab78) 
thrown [s\src\hotspot\share\prims\jni.cpp, line 520]
Event: 254.099 Thread 0x0000028609efba30 Exception <a 'sun/nio/fs/WindowsException'{0x00000400b37ae5f0}> (0x00000400b37ae5f0) 
thrown [s\src\hotspot\share\prims\jni.cpp, line 520]
Event: 257.775 Thread 0x000002866357d4f0 Exception <a 'sun/nio/fs/WindowsException'{0x0000040234bd8370}> (0x0000040234bd8370) 
thrown [s\src\hotspot\share\prims\jni.cpp, line 520]
Event: 257.779 Thread 0x000002866357d4f0 Exception <a 'sun/nio/fs/WindowsException'{0x00000401c40fc6b8}> (0x00000401c40fc6b8) 
thrown [s\src\hotspot\share\prims\jni.cpp, line 520]
Event: 257.782 Thread 0x000002866357d4f0 Exception <a 'sun/nio/fs/WindowsException'{0x0000040178618be8}> (0x0000040178618be8) 
thrown [s\src\hotspot\share\prims\jni.cpp, line 520]
Event: 257.784 Thread 0x000002866357d4f0 Exception <a 'sun/nio/fs/WindowsException'{0x000004014c30ac58}> (0x000004014c30ac58) 
thrown [s\src\hotspot\share\prims\jni.cpp, line 520]
Event: 257.786 Thread 0x000002866357d4f0 Exception <a 'sun/nio/fs/WindowsException'{0x000004011d3d2b08}> (0x000004011d3d2b08) 
thrown [s\src\hotspot\share\prims\jni.cpp, line 520]
Event: 257.792 Thread 0x000002866357d4f0 Exception <a 'sun/nio/fs/WindowsException'{0x00000400fecbeaa8}> (0x00000400fecbeaa8) 
thrown [s\src\hotspot\share\prims\jni.cpp, line 520]
Event: 257.797 Thread 0x000002866357d4f0 Exception <a 'sun/nio/fs/WindowsException'{0x000004009ee17ac0}> (0x000004009ee17ac0) 
thrown [s\src\hotspot\share\prims\jni.cpp, line 520]
Event: 257.801 Thread 0x000002866357d4f0 Exception <a 'sun/nio/fs/WindowsException'{0x000004008e8a17b0}> (0x000004008e8a17b0) 
thrown [s\src\hotspot\share\prims\jni.cpp, line 520]
Event: 257.804 Thread 0x000002866357d4f0 Exception <a 'sun/nio/fs/WindowsException'{0x0000040082bbd360}> (0x0000040082bbd360) 
thrown [s\src\hotspot\share\prims\jni.cpp, line 520]
Event: 257.806 Thread 0x000002866357d4f0 Exception <a 'sun/nio/fs/WindowsException'{0x000004006b5d3488}> (0x000004006b5d3488) 
thrown [s\src\hotspot\share\prims\jni.cpp, line 520]
Event: 257.810 Thread 0x000002866357d4f0 Exception <a 'sun/nio/fs/WindowsException'{0x00000400422fb2f0}> (0x00000400422fb2f0) 
thrown [s\src\hotspot\share\prims\jni.cpp, line 520]
Event: 257.812 Thread 0x000002866357d4f0 Exception <a 'sun/nio/fs/WindowsException'{0x0000040009cfe648}> (0x0000040009cfe648) 
thrown [s\src\hotspot\share\prims\jni.cpp, line 520]
Event: 257.817 Thread 0x000002866357d4f0 Exception <a 'sun/nio/fs/WindowsException'{0x00000403f52cf320}> (0x00000403f52cf320) 
thrown [s\src\hotspot\share\prims\jni.cpp, line 520]
Event: 257.823 Thread 0x000002866357d4f0 Exception <a 'sun/nio/fs/WindowsException'{0x00000403de04c100}> (0x00000403de04c100) 
thrown [s\src\hotspot\share\prims\jni.cpp, line 520]
Event: 257.829 Thread 0x000002866357d4f0 Exception <a 'sun/nio/fs/WindowsException'{0x00000403c9736d98}> (0x00000403c9736d98) 
thrown [s\src\hotspot\share\prims\jni.cpp, line 520]
Event: 257.834 Thread 0x000002866357d4f0 Exception <a 'sun/nio/fs/WindowsException'{0x00000403bb96dec0}> (0x00000403bb96dec0) 
thrown [s\src\hotspot\share\prims\jni.cpp, line 520]
Event: 257.844 Thread 0x000002866357d4f0 Exception <a 'sun/nio/fs/WindowsException'{0x00000403a6f60678}> (0x00000403a6f60678) 
thrown [s\src\hotspot\share\prims\jni.cpp, line 520]
Event: 257.851 Thread 0x000002866357d4f0 Exception <a 'sun/nio/fs/WindowsException'{0x0000040394b31e50}> (0x0000040394b31e50) 
thrown [s\src\hotspot\share\prims\jni.cpp, line 520]
Event: 257.854 Thread 0x000002866357d4f0 Exception <a 'sun/nio/fs/WindowsException'{0x00000403713c0280}> (0x00000403713c0280) 
thrown [s\src\hotspot\share\prims\jni.cpp, line 520]
Event: 257.856 Thread 0x000002866357d4f0 Exception <a 'sun/nio/fs/WindowsException'{0x0000040337094630}> (0x0000040337094630) 
thrown [s\src\hotspot\share\prims\jni.cpp, line 520]
Event: 257.858 Thread 0x000002866357d4f0 Exception <a 'sun/nio/fs/WindowsException'{0x0000040325d5af38}> (0x0000040325d5af38) 
thrown [s\src\hotspot\share\prims\jni.cpp, line 520]
Event: 257.860 Thread 0x000002866357d4f0 Exception <a 'sun/nio/fs/WindowsException'{0x000004031f4cd1c0}> (0x000004031f4cd1c0) 
thrown [s\src\hotspot\share\prims\jni.cpp, line 520]
Event: 257.860 Thread 0x000002866357d4f0 Exception <a 'sun/nio/fs/WindowsException'{0x000004031f538da0}> (0x000004031f538da0) 
thrown [s\src\hotspot\share\prims\jni.cpp, line 520]
Event: 257.861 Thread 0x000002866357d4f0 Exception <a 'sun/nio/fs/WindowsException'{0x00000403117fef70}> (0x00000403117fef70) 
thrown [s\src\hotspot\share\prims\jni.cpp, line 520]
Event: 257.863 Thread 0x000002866357d4f0 Exception <a 'sun/nio/fs/WindowsException'{0x00000402fb4cb960}> (0x00000402fb4cb960) 
thrown [s\src\hotspot\share\prims\jni.cpp, line 520]
Event: 257.864 Thread 0x000002866357d4f0 Exception <a 'sun/nio/fs/WindowsException'{0x00000402ed5b9e90}> (0x00000402ed5b9e90) 
thrown [s\src\hotspot\share\prims\jni.cpp, line 520]
Event: 257.865 Thread 0x000002866357d4f0 Exception <a 'sun/nio/fs/WindowsException'{0x00000402ed16c430}> (0x00000402ed16c430) 
thrown [s\src\hotspot\share\prims\jni.cpp, line 520]
Event: 257.868 Thread 0x000002866357d4f0 Exception <a 'sun/nio/fs/WindowsException'{0x00000402d2898030}> (0x00000402d2898030) 
thrown [s\src\hotspot\share\prims\jni.cpp, line 520]
Event: 257.868 Thread 0x000002866357d4f0 Exception <a 'sun/nio/fs/WindowsException'{0x00000402cea55fc8}> (0x00000402cea55fc8) 
thrown [s\src\hotspot\share\prims\jni.cpp, line 520]
Event: 257.870 Thread 0x000002866357d4f0 Exception <a 'sun/nio/fs/WindowsException'{0x00000402bf6c9778}> (0x00000402bf6c9778) 
thrown [s\src\hotspot\share\prims\jni.cpp, line 520]
Event: 257.871 Thread 0x000002866357d4f0 Exception <a 'sun/nio/fs/WindowsException'{0x00000402bc4e5080}> (0x00000402bc4e5080) 
thrown [s\src\hotspot\share\prims\jni.cpp, line 520]
Event: 257.872 Thread 0x000002866357d4f0 Exception <a 'sun/nio/fs/WindowsException'{0x00000402b62923e0}> (0x00000402b62923e0) 
thrown [s\src\hotspot\share\prims\jni.cpp, line 520]
Event: 257.874 Thread 0x000002866357d4f0 Exception <a 'sun/nio/fs/WindowsException'{0x00000402b0579e48}> (0x00000402b0579e48) 
thrown [s\src\hotspot\share\prims\jni.cpp, line 520]
Event: 257.875 Thread 0x000002866357d4f0 Exception <a 'sun/nio/fs/WindowsException'{0x00000402a7473fc0}> (0x00000402a7473fc0) 
thrown [s\src\hotspot\share\prims\jni.cpp, line 520]
Event: 257.877 Thread 0x000002866357d4f0 Exception <a 'sun/nio/fs/WindowsException'{0x0000040295ac17c8}> (0x0000040295ac17c8) 
thrown [s\src\hotspot\share\prims\jni.cpp, line 520]
Event: 257.878 Thread 0x000002866357d4f0 Exception <a 'sun/nio/fs/WindowsException'{0x00000402896abda8}> (0x00000402896abda8) 
thrown [s\src\hotspot\share\prims\jni.cpp, line 520]
Event: 257.882 Thread 0x000002866357d4f0 Exception <a 'sun/nio/fs/WindowsException'{0x0000040266e0fca0}> (0x0000040266e0fca0) 
thrown [s\src\hotspot\share\prims\jni.cpp, line 520]
Event: 257.883 Thread 0x000002866357d4f0 Exception <a 'sun/nio/fs/WindowsException'{0x0000040260c08740}> (0x0000040260c08740) 
thrown [s\src\hotspot\share\prims\jni.cpp, line 520]
Event: 257.886 Thread 0x000002866357d4f0 Exception <a 'sun/nio/fs/WindowsException'{0x000004024c0c2d30}> (0x000004024c0c2d30) 
thrown [s\src\hotspot\share\prims\jni.cpp, line 520]
Event: 257.887 Thread 0x000002866357d4f0 Exception <a 'sun/nio/fs/WindowsException'{0x000004023dc1a2b8}> (0x000004023dc1a2b8) 
thrown [s\src\hotspot\share\prims\jni.cpp, line 520]
Event: 257.887 Thread 0x000002866357d4f0 Exception <a 'sun/nio/fs/WindowsException'{0x000004023dd610c8}> (0x000004023dd610c8) 
thrown [s\src\hotspot\share\prims\jni.cpp, line 520]
Event: 257.888 Thread 0x000002866357d4f0 Exception <a 'sun/nio/fs/WindowsException'{0x000004023ddca990}> (0x000004023ddca990) 
thrown [s\src\hotspot\share\prims\jni.cpp, line 520]
Event: 257.889 Thread 0x000002866357d4f0 Exception <a 'sun/nio/fs/WindowsException'{0x0000040236696710}> (0x0000040236696710) 
thrown [s\src\hotspot\share\prims\jni.cpp, line 520]
Event: 257.890 Thread 0x000002866357d4f0 Exception <a 'sun/nio/fs/WindowsException'{0x0000040236767898}> (0x0000040236767898) 
thrown [s\src\hotspot\share\prims\jni.cpp, line 520]
Event: 257.892 Thread 0x000002866357d4f0 Exception <a 'sun/nio/fs/WindowsException'{0x00000402230cc850}> (0x00000402230cc850) 
thrown [s\src\hotspot\share\prims\jni.cpp, line 520]
Event: 257.893 Thread 0x000002866357d4f0 Exception <a 'sun/nio/fs/WindowsException'{0x000004020ac2b0e8}> (0x000004020ac2b0e8) 
thrown [s\src\hotspot\share\prims\jni.cpp, line 520]
Event: 257.894 Thread 0x000002866357d4f0 Exception <a 'sun/nio/fs/WindowsException'{0x000004020ad41320}> (0x000004020ad41320) 
thrown [s\src\hotspot\share\prims\jni.cpp, line 520]
Event: 257.895 Thread 0x000002866357d4f0 Exception <a 'sun/nio/fs/WindowsException'{0x000004020adbde90}> (0x000004020adbde90) 
thrown [s\src\hotspot\share\prims\jni.cpp, line 520]
Event: 257.896 Thread 0x000002866357d4f0 Exception <a 'sun/nio/fs/WindowsException'{0x0000040200984520}> (0x0000040200984520) 
thrown [s\src\hotspot\share\prims\jni.cpp, line 520]
Event: 257.898 Thread 0x000002866357d4f0 Exception <a 'sun/nio/fs/WindowsException'{0x00000401ec21c5c8}> (0x00000401ec21c5c8) 
thrown [s\src\hotspot\share\prims\jni.cpp, line 520]
Event: 257.899 Thread 0x000002866357d4f0 Exception <a 'sun/nio/fs/WindowsException'{0x00000401e2b6e7d8}> (0x00000401e2b6e7d8) 
thrown [s\src\hotspot\share\prims\jni.cpp, line 520]
Event: 257.899 Thread 0x000002866357d4f0 Exception <a 'sun/nio/fs/WindowsException'{0x00000401d02325b8}> (0x00000401d02325b8) 
thrown [s\src\hotspot\share\prims\jni.cpp, line 520]
Event: 257.900 Thread 0x000002866357d4f0 Exception <a 'sun/nio/fs/WindowsException'{0x00000401d03d6020}> (0x00000401d03d6020) 
thrown [s\src\hotspot\share\prims\jni.cpp, line 520]
Event: 257.901 Thread 0x000002866357d4f0 Exception <a 'sun/nio/fs/WindowsException'{0x00000401cd601568}> (0x00000401cd601568) 
thrown [s\src\hotspot\share\prims\jni.cpp, line 520]
Event: 259.794 Thread 0x00000285e0d42fa0 Exception <a 'sun/nio/fs/WindowsException'{0x0000040332ec21f0}> (0x0000040332ec21f0) 
thrown [s\src\hotspot\share\prims\jni.cpp, line 520]
Event: 260.285 Thread 0x00000285e0d3fb20 Exception <a 'sun/nio/fs/WindowsException'{0x000004000e615898}> (0x000004000e615898) 
thrown [s\src\hotspot\share\prims\jni.cpp, line 520]
Event: 260.298 Thread 0x00000281810aa630 Exception <a 'sun/nio/fs/WindowsException'{0x00000400829b3658}> (0x00000400829b3658) 
thrown [s\src\hotspot\share\prims\jni.cpp, line 520]
Event: 261.058 Thread 0x00000281810aa630 Exception <a 'sun/nio/fs/WindowsException'{0x00000400829d1f90}> (0x00000400829d1f90) 
thrown [s\src\hotspot\share\prims\jni.cpp, line 520]
Event: 263.348 Thread 0x000002866357c140 Exception <a 'sun/nio/fs/WindowsException'{0x00000400174ec750}> (0x00000400174ec750) 
thrown [s\src\hotspot\share\prims\jni.cpp, line 520]
Event: 263.409 Thread 0x000002866357e210 Exception <a 'sun/nio/fs/WindowsException'{0x0000040380e84a48}> (0x0000040380e84a48) 
thrown [s\src\hotspot\share\prims\jni.cpp, line 520]
Event: 263.410 Thread 0x000002866357e210 Exception <a 'sun/nio/fs/WindowsException'{0x0000040380ea8138}> (0x0000040380ea8138) 
thrown [s\src\hotspot\share\prims\jni.cpp, line 520]
Event: 263.411 Thread 0x000002866357e210 Exception <a 'sun/nio/fs/WindowsException'{0x0000040380ed7990}> (0x0000040380ed7990) 
thrown [s\src\hotspot\share\prims\jni.cpp, line 520]
Event: 263.411 Thread 0x000002866357e210 Exception <a 'sun/nio/fs/WindowsException'{0x0000040380f05310}> (0x0000040380f05310) 
thrown [s\src\hotspot\share\prims\jni.cpp, line 520]
Event: 263.411 Thread 0x000002866357e210 Exception <a 'sun/nio/fs/WindowsException'{0x0000040380f2a528}> (0x0000040380f2a528) 
thrown [s\src\hotspot\share\prims\jni.cpp, line 520]
Event: 263.412 Thread 0x000002866357e210 Exception <a 'sun/nio/fs/WindowsException'{0x00000403335d9518}> (0x00000403335d9518) 
thrown [s\src\hotspot\share\prims\jni.cpp, line 520]
Event: 263.413 Thread 0x000002866357e210 Exception <a 'sun/nio/fs/WindowsException'{0x000004031a600ca0}> (0x000004031a600ca0) 
thrown [s\src\hotspot\share\prims\jni.cpp, line 520]
Event: 263.413 Thread 0x000002866357e210 Exception <a 'sun/nio/fs/WindowsException'{0x000004031a6291d8}> (0x000004031a6291d8) 
thrown [s\src\hotspot\share\prims\jni.cpp, line 520]
Event: 263.413 Thread 0x000002866357e210 Exception <a 'sun/nio/fs/WindowsException'{0x000004031a655058}> (0x000004031a655058) 
thrown [s\src\hotspot\share\prims\jni.cpp, line 520]
Event: 263.413 Thread 0x000002866357e210 Exception <a 'sun/nio/fs/WindowsException'{0x000004031a68a518}> (0x000004031a68a518) 
thrown [s\src\hotspot\share\prims\jni.cpp, line 520]
Event: 263.414 Thread 0x000002866357e210 Exception <a 'sun/nio/fs/WindowsException'{0x000004031a6bae58}> (0x000004031a6bae58) 
thrown [s\src\hotspot\share\prims\jni.cpp, line 520]
Event: 263.414 Thread 0x000002866357e210 Exception <a 'sun/nio/fs/WindowsException'{0x000004031a6e91c0}> (0x000004031a6e91c0) 
thrown [s\src\hotspot\share\prims\jni.cpp, line 520]
Event: 263.414 Thread 0x000002866357e210 Exception <a 'sun/nio/fs/WindowsException'{0x000004031a71e790}> (0x000004031a71e790) 
thrown [s\src\hotspot\share\prims\jni.cpp, line 520]
Event: 263.447 Thread 0x000002866357e210 Exception <a 'sun/nio/fs/WindowsException'{0x00000401636bc910}> (0x00000401636bc910) 
thrown [s\src\hotspot\share\prims\jni.cpp, line 520]
Event: 263.449 Thread 0x000002866357e210 Exception <a 'sun/nio/fs/WindowsException'{0x000004014c60fd70}> (0x000004014c60fd70) 
thrown [s\src\hotspot\share\prims\jni.cpp, line 520]
Event: 263.474 Thread 0x000002866357e210 Exception <a 'sun/nio/fs/WindowsException'{0x00000403dc27c0a0}> (0x00000403dc27c0a0) 
thrown [s\src\hotspot\share\prims\jni.cpp, line 520]
Event: 263.503 Thread 0x000002866357e210 Exception <a 'sun/nio/fs/WindowsException'{0x00000402f6b39988}> (0x00000402f6b39988) 
thrown [s\src\hotspot\share\prims\jni.cpp, line 520]
Event: 263.533 Thread 0x000002866357e210 Exception <a 'sun/nio/fs/WindowsException'{0x000004022e947c28}> (0x000004022e947c28) 
thrown [s\src\hotspot\share\prims\jni.cpp, line 520]
Event: 263.557 Thread 0x000002866357e210 Exception <a 'sun/nio/fs/WindowsException'{0x0000040170b032d0}> (0x0000040170b032d0) 
thrown [s\src\hotspot\share\prims\jni.cpp, line 520]
Event: 263.578 Thread 0x000002866357e210 Exception <a 'sun/nio/fs/WindowsException'{0x00000400cda3e490}> (0x00000400cda3e490) 
thrown [s\src\hotspot\share\prims\jni.cpp, line 520]
Event: 263.579 Thread 0x000002866357e210 Exception <a 'sun/nio/fs/WindowsException'{0x00000400cdab7ee0}> (0x00000400cdab7ee0) 
thrown [s\src\hotspot\share\prims\jni.cpp, line 520]
Event: 263.580 Thread 0x000002866357e210 Exception <a 'sun/nio/fs/WindowsException'{0x00000400cdb59078}> (0x00000400cdb59078) 
thrown [s\src\hotspot\share\prims\jni.cpp, line 520]
Event: 263.580 Thread 0x000002866357e210 Exception <a 'sun/nio/fs/WindowsException'{0x00000400bbe02050}> (0x00000400bbe02050) 
thrown [s\src\hotspot\share\prims\jni.cpp, line 520]
Event: 263.582 Thread 0x000002866357e210 Exception <a 'sun/nio/fs/WindowsException'{0x00000400bbff63e0}> (0x00000400bbff63e0) 
thrown [s\src\hotspot\share\prims\jni.cpp, line 520]
Event: 263.585 Thread 0x000002866357e210 Exception <a 'sun/nio/fs/WindowsException'{0x00000400a6100a58}> (0x00000400a6100a58) 
thrown [s\src\hotspot\share\prims\jni.cpp, line 520]
Event: 266.243 Thread 0x000002866357ce60 Exception <a 'sun/nio/fs/WindowsException'{0x00000401a51ac420}> (0x00000401a51ac420) 
thrown [s\src\hotspot\share\prims\jni.cpp, line 520]
Event: 266.328 Thread 0x000002866357ce60 Exception <a 'sun/nio/fs/WindowsException'{0x00000403cad28180}> (0x00000403cad28180) 
thrown [s\src\hotspot\share\prims\jni.cpp, line 520]
Event: 266.365 Thread 0x000002866357ce60 Exception <a 'sun/nio/fs/WindowsException'{0x00000403b92a3678}> (0x00000403b92a3678) 
thrown [s\src\hotspot\share\prims\jni.cpp, line 520]
Event: 266.421 Thread 0x000002866357ce60 Exception <a 'sun/nio/fs/WindowsException'{0x000004037cc26918}> (0x000004037cc26918) 
thrown [s\src\hotspot\share\prims\jni.cpp, line 520]
Event: 266.449 Thread 0x000002866357ce60 Exception <a 'sun/nio/fs/WindowsException'{0x0000040328637218}> (0x0000040328637218) 
thrown [s\src\hotspot\share\prims\jni.cpp, line 520]
Event: 266.450 Thread 0x000002866357ce60 Exception <a 'sun/nio/fs/WindowsException'{0x00000403287d3248}> (0x00000403287d3248) 
thrown [s\src\hotspot\share\prims\jni.cpp, line 520]
Event: 266.453 Thread 0x000002866357ce60 Exception <a 'sun/nio/fs/WindowsException'{0x000004031cbed738}> (0x000004031cbed738) 
thrown [s\src\hotspot\share\prims\jni.cpp, line 520]
Event: 266.457 Thread 0x000002866357ce60 Exception <a 'sun/nio/fs/WindowsException'{0x0000040313d487e0}> (0x0000040313d487e0) 
thrown [s\src\hotspot\share\prims\jni.cpp, line 520]
Event: 266.460 Thread 0x000002866357ce60 Exception <a 'sun/nio/fs/WindowsException'{0x000004030c63db38}> (0x000004030c63db38) 
thrown [s\src\hotspot\share\prims\jni.cpp, line 520]
Event: 266.470 Thread 0x000002866357ce60 Exception <a 'sun/nio/fs/WindowsException'{0x00000402f6b20348}> (0x00000402f6b20348) 
thrown [s\src\hotspot\share\prims\jni.cpp, line 520]
Event: 266.476 Thread 0x000002866357ce60 Exception <a 'sun/nio/fs/WindowsException'{0x00000402ef5fea28}> (0x00000402ef5fea28) 
thrown [s\src\hotspot\share\prims\jni.cpp, line 520]
Event: 266.481 Thread 0x000002866357ce60 Exception <a 'sun/nio/fs/WindowsException'{0x00000402e2391e80}> (0x00000402e2391e80) 
thrown [s\src\hotspot\share\prims\jni.cpp, line 520]
Event: 266.486 Thread 0x000002866357ce60 Exception <a 'sun/nio/fs/WindowsException'{0x00000402d7b4a908}> (0x00000402d7b4a908) 
thrown [s\src\hotspot\share\prims\jni.cpp, line 520]
Event: 266.494 Thread 0x000002866357ce60 Exception <a 'sun/nio/fs/WindowsException'{0x00000402c8de3b58}> (0x00000402c8de3b58) 
thrown [s\src\hotspot\share\prims\jni.cpp, line 520]
Event: 266.499 Thread 0x000002866357ce60 Exception <a 'sun/nio/fs/WindowsException'{0x00000402bd33d320}> (0x00000402bd33d320) 
thrown [s\src\hotspot\share\prims\jni.cpp, line 520]
Event: 266.513 Thread 0x000002866357ce60 Exception <a 'sun/nio/fs/WindowsException'{0x00000402ae888420}> (0x00000402ae888420) 
thrown [s\src\hotspot\share\prims\jni.cpp, line 520]
Event: 266.518 Thread 0x000002866357ce60 Exception <a 'sun/nio/fs/WindowsException'{0x00000402a83f9958}> (0x00000402a83f9958) 
thrown [s\src\hotspot\share\prims\jni.cpp, line 520]
Event: 266.523 Thread 0x000002866357ce60 Exception <a 'sun/nio/fs/WindowsException'{0x000004029b06a8a8}> (0x000004029b06a8a8) 
thrown [s\src\hotspot\share\prims\jni.cpp, line 520]
Event: 266.529 Thread 0x000002866357ce60 Exception <a 'sun/nio/fs/WindowsException'{0x000004028e876b48}> (0x000004028e876b48) 
thrown [s\src\hotspot\share\prims\jni.cpp, line 520]
Event: 266.532 Thread 0x000002866357ce60 Exception <a 'sun/nio/fs/WindowsException'{0x000004028bb4aaf8}> (0x000004028bb4aaf8) 
thrown [s\src\hotspot\share\prims\jni.cpp, line 520]
Event: 266.535 Thread 0x000002866357ce60 Exception <a 'sun/nio/fs/WindowsException'{0x0000040288442f38}> (0x0000040288442f38) 
thrown [s\src\hotspot\share\prims\jni.cpp, line 520]
Event: 266.540 Thread 0x000002866357ce60 Exception <a 'sun/nio/fs/WindowsException'{0x00000402802c53f8}> (0x00000402802c53f8) 
thrown [s\src\hotspot\share\prims\jni.cpp, line 520]
Event: 266.561 Thread 0x000002866357ce60 Exception <a 'sun/nio/fs/WindowsException'{0x000004026ae47cb0}> (0x000004026ae47cb0) 
thrown [s\src\hotspot\share\prims\jni.cpp, line 520]
Event: 266.584 Thread 0x000002866357ce60 Exception <a 'sun/nio/fs/WindowsException'{0x0000040251a0d160}> (0x0000040251a0d160) 
thrown [s\src\hotspot\share\prims\jni.cpp, line 520]
Event: 266.600 Thread 0x000002866357ce60 Exception <a 'sun/nio/fs/WindowsException'{0x000004022c827258}> (0x000004022c827258) 
thrown [s\src\hotspot\share\prims\jni.cpp, line 520]
Event: 266.602 Thread 0x000002866357ce60 Exception <a 'sun/nio/fs/WindowsException'{0x000004022c8d6690}> (0x000004022c8d6690) 
thrown [s\src\hotspot\share\prims\jni.cpp, line 520]
Event: 266.627 Thread 0x000002866357ce60 Exception <a 'sun/nio/fs/WindowsException'{0x00000401f2b7a728}> (0x00000401f2b7a728) 
thrown [s\src\hotspot\share\prims\jni.cpp, line 520]
Event: 266.628 Thread 0x000002866357ce60 Exception <a 'sun/nio/fs/WindowsException'{0x00000401f242b3e8}> (0x00000401f242b3e8) 
thrown [s\src\hotspot\share\prims\jni.cpp, line 520]
Event: 266.653 Thread 0x000002866357ce60 Exception <a 'sun/nio/fs/WindowsException'{0x00000401a0763410}> (0x00000401a0763410) 
thrown [s\src\hotspot\share\prims\jni.cpp, line 520]
Event: 266.657 Thread 0x000002866357ce60 Exception <a 'sun/nio/fs/WindowsException'{0x000004019ca7f748}> (0x000004019ca7f748) 
thrown [s\src\hotspot\share\prims\jni.cpp, line 520]
Event: 266.839 Thread 0x000002866357ce60 Exception <a 'sun/nio/fs/WindowsException'{0x00000400af6353f0}> (0x00000400af6353f0) 
thrown [s\src\hotspot\share\prims\jni.cpp, line 520]
Event: 267.137 Thread 0x000002866357ce60 Exception <a 'sun/nio/fs/WindowsException'{0x00000401e49c1268}> (0x00000401e49c1268) 
thrown [s\src\hotspot\share\prims\jni.cpp, line 520]
Event: 267.320 Thread 0x000002866357ce60 Exception <a 'sun/nio/fs/WindowsException'{0x000004014045d440}> (0x000004014045d440) 
thrown [s\src\hotspot\share\prims\jni.cpp, line 520]
Event: 267.344 Thread 0x000002866357ce60 Exception <a 'sun/nio/fs/WindowsException'{0x00000401297e1b20}> (0x00000401297e1b20) 
thrown [s\src\hotspot\share\prims\jni.cpp, line 520]
Event: 267.357 Thread 0x000002866357ce60 Exception <a 'sun/nio/fs/WindowsException'{0x00000403fce4c378}> (0x00000403fce4c378) 
thrown [s\src\hotspot\share\prims\jni.cpp, line 520]
Event: 267.359 Thread 0x000002866357ce60 Exception <a 'sun/nio/fs/WindowsException'{0x00000403fc0edee8}> (0x00000403fc0edee8) 
thrown [s\src\hotspot\share\prims\jni.cpp, line 520]
Event: 267.364 Thread 0x000002866357ce60 Exception <a 'sun/nio/fs/WindowsException'{0x00000403fa46b6b8}> (0x00000403fa46b6b8) 
thrown [s\src\hotspot\share\prims\jni.cpp, line 520]
Event: 267.379 Thread 0x000002866357ce60 Exception <a 'sun/nio/fs/WindowsException'{0x00000403e87a21e8}> (0x00000403e87a21e8) 
thrown [s\src\hotspot\share\prims\jni.cpp, line 520]
Event: 267.397 Thread 0x000002866357ce60 Exception <a 'sun/nio/fs/WindowsException'{0x0000040293e6a130}> (0x0000040293e6a130) 
thrown [s\src\hotspot\share\prims\jni.cpp, line 520]
Event: 267.399 Thread 0x000002866357ce60 Exception <a 'sun/nio/fs/WindowsException'{0x0000040257e0f370}> (0x0000040257e0f370) 
thrown [s\src\hotspot\share\prims\jni.cpp, line 520]
Event: 270.063 Thread 0x00000281865d3500 Implicit null exception at 0x00000281962a5847 to 0x00000281962a67cc
Event: 271.653 Thread 0x000002866357ce60 Implicit null exception at 0x00000281931d3b4a to 0x00000281931d3bd4
Event: 271.813 Thread 0x00000281810aa630 Exception <a 'sun/nio/fs/WindowsException'{0x00000400825cf9a8}> (0x00000400825cf9a8) 
thrown [s\src\hotspot\share\prims\jni.cpp, line 520]
Event: 271.828 Thread 0x00000285e0d42fa0 Exception <a 'sun/nio/fs/WindowsException'{0x000004008c254200}> (0x000004008c254200) 
thrown [s\src\hotspot\share\prims\jni.cpp, line 520]
Event: 271.841 Thread 0x00000285e0d3fb20 Exception <a 'sun/nio/fs/WindowsException'{0x00000401a75ee050}> (0x00000401a75ee050) 
thrown [s\src\hotspot\share\prims\jni.cpp, line 520]
Event: 271.854 Thread 0x00000285e0d3fb20 Exception <a 'sun/nio/fs/WindowsException'{0x00000403aa68fa28}> (0x00000403aa68fa28) 
thrown [s\src\hotspot\share\prims\jni.cpp, line 520]

ZGC Phase Switch (250 events):
Event: 174.176 Young Mark Start        65
Event: 174.486 Young Mark End          65
Event: 174.497 Young Relocate Start    65
Event: 174.669 Young Mark Start        66
Event: 175.018 Young Mark End          66
Event: 175.086 Young Relocate Start    66
Event: 175.896 Young Mark Start        67
Event: 176.013 Young Mark End          67
Event: 176.024 Young Relocate Start    67
Event: 177.334 Young Mark Start        68
Event: 177.481 Young Mark End          68
Event: 177.486 Young Relocate Start    68
Event: 178.402 Young Mark Start        69
Event: 178.673 Young Mark End          69
Event: 178.679 Young Relocate Start    69
Event: 179.647 Young Mark Start        70
Event: 179.937 Young Mark End          70
Event: 179.949 Young Relocate Start    70
Event: 180.999 Young Mark Start        71
Event: 181.376 Young Mark End          71
Event: 181.412 Young Relocate Start    71
Event: 181.601 Young Mark Start        72
Event: 181.909 Young Mark End          72
Event: 181.914 Young Relocate Start    72
Event: 182.239 Young Mark Start        73
Event: 182.609 Young Mark End          73
Event: 182.659 Young Relocate Start    73
Event: 183.609 Young Mark Start        74
Event: 183.749 Young Mark End          74
Event: 183.758 Young Relocate Start    74
Event: 185.166 Young Mark Start        75
Event: 185.333 Young Mark End          75
Event: 185.346 Young Relocate Start    75
Event: 186.911 Young Mark Start        76
Event: 187.115 Young Mark End          76
Event: 187.121 Young Relocate Start    76
Event: 188.394 Young Mark Start        77
Event: 188.601 Young Mark End          77
Event: 188.614 Young Relocate Start    77
Event: 189.944 Young Mark Start        78
Event: 190.179 Young Mark End          78
Event: 190.199 Young Relocate Start    78
Event: 191.329 Young Mark Start        79
Event: 191.541 Young Mark End          79
Event: 191.548 Young Relocate Start    79
Event: 192.661 Young Mark Start        80
Event: 192.856 Young Mark End          80
Event: 192.868 Young Relocate Start    80
Event: 194.213 Young Mark Start        81
Event: 194.436 Young Mark End          81
Event: 194.449 Young Relocate Start    81
Event: 195.592 Young Mark Start        82
Event: 195.793 Young Mark End          82
Event: 195.797 Young Relocate Start    82
Event: 197.063 Young Mark Start        83
Event: 197.276 Young Mark End          83
Event: 197.290 Young Relocate Start    83
Event: 198.812 Young Mark Start        84
Event: 199.047 Young Mark End          84
Event: 199.057 Young Relocate Start    84
Event: 200.458 Young Mark Start        85
Event: 200.689 Young Mark End          85
Event: 200.695 Young Relocate Start    85
Event: 202.182 Young Mark Start        86
Event: 202.398 Young Mark End          86
Event: 202.443 Young Relocate Start    86
Event: 203.333 Young Mark Start        87
Event: 203.536 Young Mark End          87
Event: 203.543 Young Relocate Start    87
Event: 204.325 Young Mark Start        88
Event: 204.541 Young Mark End          88
Event: 204.552 Young Relocate Start    88
Event: 205.485 Young Mark Start        89
Event: 205.696 Young Mark End          89
Event: 205.708 Young Relocate Start    89
Event: 206.717 Young Mark Start        90
Event: 206.929 Young Mark End          90
Event: 206.942 Young Relocate Start    90
Event: 208.165 Young Mark Start        91
Event: 208.385 Young Mark End          91
Event: 208.401 Young Relocate Start    91
Event: 209.525 Young Mark Start        92
Event: 209.741 Young Mark End          92
Event: 209.754 Young Relocate Start    92
Event: 210.947 Young Mark Start        93
Event: 211.189 Young Mark End          93
Event: 211.199 Young Relocate Start    93
Event: 212.291 Young Mark Start        94
Event: 212.481 Young Mark End          94
Event: 212.488 Young Relocate Start    94
Event: 213.507 Young Mark Start        95
Event: 213.720 Young Mark End          95
Event: 213.738 Young Relocate Start    95
Event: 214.600 Young Mark Start        96
Event: 214.819 Young Mark End          96
Event: 214.825 Young Relocate Start    96
Event: 215.662 Young Mark Start        97
Event: 215.882 Young Mark End          97
Event: 215.900 Young Relocate Start    97
Event: 216.807 Young Mark Start        98
Event: 217.026 Young Mark End          98
Event: 217.033 Young Relocate Start    98
Event: 218.106 Young Mark Start        99
Event: 218.327 Young Mark End          99
Event: 218.344 Young Relocate Start    99
Event: 219.424 Young Mark Start       100
Event: 219.647 Young Mark End         100
Event: 219.652 Young Relocate Start   100
Event: 220.841 Young Mark Start       101
Event: 221.033 Young Mark End         101
Event: 221.046 Young Relocate Start   101
Event: 222.248 Young Mark Start       102
Event: 222.524 Young Mark End         102
Event: 222.542 Young Relocate Start   102
Event: 223.256 Young Mark Start       103
Event: 223.256 Old Mark Start          14
Event: 223.427 Young Mark End         103
Event: 223.466 Young Relocate Start   103
Event: 224.878 Young Mark Start       104
Event: 224.917 Young Mark End         104
Event: 224.921 Young Relocate Start   104
Event: 225.839 Old Mark End            14
Event: 225.964 Old Relocate Start      14
Event: 227.800 Young Mark Start       105
Event: 227.846 Young Mark End         105
Event: 227.850 Young Relocate Start   105
Event: 229.936 Young Mark Start       106
Event: 230.142 Young Mark End         106
Event: 230.151 Young Relocate Start   106
Event: 230.392 Young Mark Start       107
Event: 230.682 Young Mark End         107
Event: 230.687 Young Relocate Start   107
Event: 230.717 Young Mark Start       108
Event: 230.923 Young Mark End         108
Event: 230.946 Young Relocate Start   108
Event: 231.138 Young Mark Start       109
Event: 231.332 Young Mark End         109
Event: 231.336 Young Relocate Start   109
Event: 232.159 Young Mark Start       110
Event: 232.358 Young Mark End         110
Event: 232.366 Young Relocate Start   110
Event: 233.375 Young Mark Start       111
Event: 233.676 Young Mark End         111
Event: 233.684 Young Relocate Start   111
Event: 234.061 Young Mark Start       112
Event: 234.325 Young Mark End         112
Event: 234.333 Young Relocate Start   112
Event: 235.066 Young Mark Start       113
Event: 235.354 Young Mark End         113
Event: 235.370 Young Relocate Start   113
Event: 236.020 Young Mark Start       114
Event: 236.313 Young Mark End         114
Event: 236.339 Young Relocate Start   114
Event: 236.899 Young Mark Start       115
Event: 237.144 Young Mark End         115
Event: 237.150 Young Relocate Start   115
Event: 238.052 Young Mark Start       116
Event: 238.349 Young Mark End         116
Event: 238.368 Young Relocate Start   116
Event: 238.937 Young Mark Start       117
Event: 239.242 Young Mark End         117
Event: 239.254 Young Relocate Start   117
Event: 239.989 Young Mark Start       118
Event: 240.304 Young Mark End         118
Event: 240.317 Young Relocate Start   118
Event: 241.128 Young Mark Start       119
Event: 241.436 Young Mark End         119
Event: 241.462 Young Relocate Start   119
Event: 242.265 Young Mark Start       120
Event: 242.549 Young Mark End         120
Event: 242.560 Young Relocate Start   120
Event: 243.372 Young Mark Start       121
Event: 243.736 Young Mark End         121
Event: 243.763 Young Relocate Start   121
Event: 244.058 Young Mark Start       122
Event: 244.407 Young Mark End         122
Event: 244.423 Young Relocate Start   122
Event: 244.850 Young Mark Start       123
Event: 245.169 Young Mark End         123
Event: 245.190 Young Relocate Start   123
Event: 245.695 Young Mark Start       124
Event: 246.028 Young Mark End         124
Event: 246.059 Young Relocate Start   124
Event: 246.690 Young Mark Start       125
Event: 246.978 Young Mark End         125
Event: 246.988 Young Relocate Start   125
Event: 247.714 Young Mark Start       126
Event: 247.966 Young Mark End         126
Event: 247.972 Young Relocate Start   126
Event: 249.932 Young Mark Start       127
Event: 250.163 Young Mark End         127
Event: 250.168 Young Relocate Start   127
Event: 252.199 Young Mark Start       128
Event: 252.369 Young Mark End         128
Event: 252.408 Young Relocate Start   128
Event: 254.287 Young Mark Start       129
Event: 254.916 Young Mark End         129
Event: 254.947 Young Relocate Start   129
Event: 255.096 Young Mark Start       130
Event: 255.096 Old Mark Start          15
Event: 255.424 Young Mark End         130
Event: 255.461 Young Relocate Start   130
Event: 255.571 Young Mark Start       131
Event: 255.658 Young Mark End         131
Event: 255.672 Young Relocate Start   131
Event: 255.688 Young Mark Start       132
Event: 255.781 Young Mark End         132
Event: 255.807 Young Relocate Start   132
Event: 255.839 Young Mark Start       133
Event: 255.875 Young Mark End         133
Event: 255.881 Young Relocate Start   133
Event: 257.117 Young Mark Start       134
Event: 257.216 Young Mark End         134
Event: 257.228 Young Relocate Start   134
Event: 258.294 Young Mark Start       135
Event: 258.436 Young Mark End         135
Event: 258.454 Young Relocate Start   135
Event: 258.826 Old Mark End            15
Event: 258.975 Old Relocate Start      15
Event: 259.618 Young Mark Start       136
Event: 259.794 Young Mark End         136
Event: 259.798 Young Relocate Start   136
Event: 261.091 Young Mark Start       137
Event: 261.279 Young Mark End         137
Event: 261.297 Young Relocate Start   137
Event: 262.601 Young Mark Start       138
Event: 262.799 Young Mark End         138
Event: 262.813 Young Relocate Start   138
Event: 263.719 Young Mark Start       139
Event: 263.965 Young Mark End         139
Event: 263.989 Young Relocate Start   139
Event: 264.461 Young Mark Start       140
Event: 264.707 Young Mark End         140
Event: 264.727 Young Relocate Start   140
Event: 265.044 Young Mark Start       141
Event: 265.202 Young Mark End         141
Event: 265.217 Young Relocate Start   141
Event: 265.674 Young Mark Start       142
Event: 265.840 Young Mark End         142
Event: 265.862 Young Relocate Start   142
Event: 267.152 Young Mark Start       143
Event: 267.353 Young Mark End         143
Event: 267.373 Young Relocate Start   143
Event: 269.060 Young Mark Start       144
Event: 269.300 Young Mark End         144
Event: 269.345 Young Relocate Start   144
Event: 270.106 Young Mark Start       145
Event: 270.133 Young Mark End         145
Event: 270.138 Young Relocate Start   145
Event: 272.073 Young Mark Start       146

VM Operations (250 events):
Event: 259.794 Executing VM operation: HandshakeAllThreads (ZMarkFlushAndFreeStacks)
Event: 259.794 Executing VM operation: HandshakeAllThreads (ZMarkFlushAndFreeStacks) done
Event: 259.794 Executing VM operation: ZMarkFlushOperation
Event: 259.794 Executing VM operation: ZMarkFlushOperation done
Event: 259.794 Executing VM operation: ZMarkEndYoung (Allocation Rate)
Event: 259.794 Executing VM operation: ZMarkEndYoung (Allocation Rate) done
Event: 259.798 Executing VM operation: ZRelocateStartYoung (Allocation Rate)
Event: 259.798 Executing VM operation: ZRelocateStartYoung (Allocation Rate) done
Event: 260.798 Executing VM operation: Cleanup
Event: 260.799 Executing VM operation: Cleanup done
Event: 261.091 Executing VM operation: ZMarkStartYoung (Allocation Rate)
Event: 261.091 Executing VM operation: ZMarkStartYoung (Allocation Rate) done
Event: 261.272 Executing VM operation: HandshakeAllThreads (ZMarkFlushAndFreeStacks)
Event: 261.272 Executing VM operation: HandshakeAllThreads (ZMarkFlushAndFreeStacks) done
Event: 261.272 Executing VM operation: ZMarkFlushOperation
Event: 261.272 Executing VM operation: ZMarkFlushOperation done
Event: 261.278 Executing VM operation: HandshakeAllThreads (ZMarkFlushAndFreeStacks)
Event: 261.278 Executing VM operation: HandshakeAllThreads (ZMarkFlushAndFreeStacks) done
Event: 261.278 Executing VM operation: ZMarkFlushOperation
Event: 261.278 Executing VM operation: ZMarkFlushOperation done
Event: 261.278 Executing VM operation: HandshakeAllThreads (ZMarkFlushAndFreeStacks)
Event: 261.278 Executing VM operation: HandshakeAllThreads (ZMarkFlushAndFreeStacks) done
Event: 261.278 Executing VM operation: ZMarkFlushOperation
Event: 261.278 Executing VM operation: ZMarkFlushOperation done
Event: 261.279 Executing VM operation: ZMarkEndYoung (Allocation Rate)
Event: 261.279 Executing VM operation: ZMarkEndYoung (Allocation Rate) done
Event: 261.296 Executing VM operation: ZRelocateStartYoung (Allocation Rate)
Event: 261.297 Executing VM operation: ZRelocateStartYoung (Allocation Rate) done
Event: 262.601 Executing VM operation: ZMarkStartYoung (Allocation Rate)
Event: 262.601 Executing VM operation: ZMarkStartYoung (Allocation Rate) done
Event: 262.784 Executing VM operation: HandshakeAllThreads (ZMarkFlushAndFreeStacks)
Event: 262.784 Executing VM operation: HandshakeAllThreads (ZMarkFlushAndFreeStacks) done
Event: 262.784 Executing VM operation: ZMarkFlushOperation
Event: 262.784 Executing VM operation: ZMarkFlushOperation done
Event: 262.799 Executing VM operation: HandshakeAllThreads (ZMarkFlushAndFreeStacks)
Event: 262.799 Executing VM operation: HandshakeAllThreads (ZMarkFlushAndFreeStacks) done
Event: 262.799 Executing VM operation: ZMarkFlushOperation
Event: 262.799 Executing VM operation: ZMarkFlushOperation done
Event: 262.799 Executing VM operation: HandshakeAllThreads (ZMarkFlushAndFreeStacks)
Event: 262.799 Executing VM operation: HandshakeAllThreads (ZMarkFlushAndFreeStacks) done
Event: 262.799 Executing VM operation: ZMarkFlushOperation
Event: 262.799 Executing VM operation: ZMarkFlushOperation done
Event: 262.799 Executing VM operation: HandshakeAllThreads (ZMarkFlushAndFreeStacks)
Event: 262.799 Executing VM operation: HandshakeAllThreads (ZMarkFlushAndFreeStacks) done
Event: 262.799 Executing VM operation: ZMarkFlushOperation
Event: 262.799 Executing VM operation: ZMarkFlushOperation done
Event: 262.799 Executing VM operation: ZMarkEndYoung (Allocation Rate)
Event: 262.799 Executing VM operation: ZMarkEndYoung (Allocation Rate) done
Event: 262.813 Executing VM operation: ZRelocateStartYoung (Allocation Rate)
Event: 262.813 Executing VM operation: ZRelocateStartYoung (Allocation Rate) done
Event: 263.719 Executing VM operation: ZMarkStartYoung (Allocation Rate)
Event: 263.719 Executing VM operation: ZMarkStartYoung (Allocation Rate) done
Event: 263.950 Executing VM operation: HandshakeAllThreads (ZMarkFlushAndFreeStacks)
Event: 263.950 Executing VM operation: HandshakeAllThreads (ZMarkFlushAndFreeStacks) done
Event: 263.950 Executing VM operation: ZMarkFlushOperation
Event: 263.950 Executing VM operation: ZMarkFlushOperation done
Event: 263.965 Executing VM operation: HandshakeAllThreads (ZMarkFlushAndFreeStacks)
Event: 263.965 Executing VM operation: HandshakeAllThreads (ZMarkFlushAndFreeStacks) done
Event: 263.965 Executing VM operation: ZMarkFlushOperation
Event: 263.965 Executing VM operation: ZMarkFlushOperation done
Event: 263.965 Executing VM operation: HandshakeAllThreads (ZMarkFlushAndFreeStacks)
Event: 263.965 Executing VM operation: HandshakeAllThreads (ZMarkFlushAndFreeStacks) done
Event: 263.965 Executing VM operation: ZMarkFlushOperation
Event: 263.965 Executing VM operation: ZMarkFlushOperation done
Event: 263.965 Executing VM operation: HandshakeAllThreads (ZMarkFlushAndFreeStacks)
Event: 263.965 Executing VM operation: HandshakeAllThreads (ZMarkFlushAndFreeStacks) done
Event: 263.965 Executing VM operation: ZMarkFlushOperation
Event: 263.965 Executing VM operation: ZMarkFlushOperation done
Event: 263.965 Executing VM operation: ZMarkEndYoung (Allocation Rate)
Event: 263.965 Executing VM operation: ZMarkEndYoung (Allocation Rate) done
Event: 263.989 Executing VM operation: ZRelocateStartYoung (Allocation Rate)
Event: 263.989 Executing VM operation: ZRelocateStartYoung (Allocation Rate) done
Event: 264.461 Executing VM operation: ZMarkStartYoung (Allocation Rate)
Event: 264.461 Executing VM operation: ZMarkStartYoung (Allocation Rate) done
Event: 264.675 Executing VM operation: HandshakeAllThreads (ZMarkFlushAndFreeStacks)
Event: 264.675 Executing VM operation: HandshakeAllThreads (ZMarkFlushAndFreeStacks) done
Event: 264.675 Executing VM operation: ZMarkFlushOperation
Event: 264.675 Executing VM operation: ZMarkFlushOperation done
Event: 264.704 Executing VM operation: HandshakeAllThreads (ZMarkFlushAndFreeStacks)
Event: 264.704 Executing VM operation: HandshakeAllThreads (ZMarkFlushAndFreeStacks) done
Event: 264.704 Executing VM operation: ZMarkFlushOperation
Event: 264.704 Executing VM operation: ZMarkFlushOperation done
Event: 264.704 Executing VM operation: HandshakeAllThreads (ZMarkFlushAndFreeStacks)
Event: 264.704 Executing VM operation: HandshakeAllThreads (ZMarkFlushAndFreeStacks) done
Event: 264.704 Executing VM operation: ZMarkFlushOperation
Event: 264.704 Executing VM operation: ZMarkFlushOperation done
Event: 264.704 Executing VM operation: HandshakeAllThreads (ZMarkFlushAndFreeStacks)
Event: 264.704 Executing VM operation: HandshakeAllThreads (ZMarkFlushAndFreeStacks) done
Event: 264.704 Executing VM operation: ZMarkFlushOperation
Event: 264.704 Executing VM operation: ZMarkFlushOperation done
Event: 264.704 Executing VM operation: HandshakeAllThreads (ZMarkFlushAndFreeStacks)
Event: 264.704 Executing VM operation: HandshakeAllThreads (ZMarkFlushAndFreeStacks) done
Event: 264.704 Executing VM operation: ZMarkFlushOperation
Event: 264.704 Executing VM operation: ZMarkFlushOperation done
Event: 264.704 Executing VM operation: HandshakeAllThreads (ZMarkFlushAndFreeStacks)
Event: 264.705 Executing VM operation: HandshakeAllThreads (ZMarkFlushAndFreeStacks) done
Event: 264.705 Executing VM operation: ZMarkFlushOperation
Event: 264.705 Executing VM operation: ZMarkFlushOperation done
Event: 264.705 Executing VM operation: HandshakeAllThreads (ZMarkFlushAndFreeStacks)
Event: 264.705 Executing VM operation: HandshakeAllThreads (ZMarkFlushAndFreeStacks) done
Event: 264.705 Executing VM operation: ZMarkFlushOperation
Event: 264.705 Executing VM operation: ZMarkFlushOperation done
Event: 264.705 Executing VM operation: HandshakeAllThreads (ZMarkFlushAndFreeStacks)
Event: 264.705 Executing VM operation: HandshakeAllThreads (ZMarkFlushAndFreeStacks) done
Event: 264.705 Executing VM operation: ZMarkFlushOperation
Event: 264.705 Executing VM operation: ZMarkFlushOperation done
Event: 264.705 Executing VM operation: HandshakeAllThreads (ZMarkFlushAndFreeStacks)
Event: 264.705 Executing VM operation: HandshakeAllThreads (ZMarkFlushAndFreeStacks) done
Event: 264.705 Executing VM operation: ZMarkFlushOperation
Event: 264.705 Executing VM operation: ZMarkFlushOperation done
Event: 264.705 Executing VM operation: HandshakeAllThreads (ZMarkFlushAndFreeStacks)
Event: 264.705 Executing VM operation: HandshakeAllThreads (ZMarkFlushAndFreeStacks) done
Event: 264.705 Executing VM operation: ZMarkFlushOperation
Event: 264.705 Executing VM operation: ZMarkFlushOperation done
Event: 264.707 Executing VM operation: HandshakeAllThreads (ZMarkFlushAndFreeStacks)
Event: 264.707 Executing VM operation: HandshakeAllThreads (ZMarkFlushAndFreeStacks) done
Event: 264.707 Executing VM operation: ZMarkFlushOperation
Event: 264.707 Executing VM operation: ZMarkFlushOperation done
Event: 264.707 Executing VM operation: ZMarkEndYoung (Allocation Rate)
Event: 264.707 Executing VM operation: ZMarkEndYoung (Allocation Rate) done
Event: 264.727 Executing VM operation: ZRelocateStartYoung (Allocation Rate)
Event: 264.727 Executing VM operation: ZRelocateStartYoung (Allocation Rate) done
Event: 265.044 Executing VM operation: ZMarkStartYoung (Allocation Rate)
Event: 265.044 Executing VM operation: ZMarkStartYoung (Allocation Rate) done
Event: 265.188 Executing VM operation: HandshakeAllThreads (ZMarkFlushAndFreeStacks)
Event: 265.189 Executing VM operation: HandshakeAllThreads (ZMarkFlushAndFreeStacks) done
Event: 265.189 Executing VM operation: ZMarkFlushOperation
Event: 265.189 Executing VM operation: ZMarkFlushOperation done
Event: 265.201 Executing VM operation: HandshakeAllThreads (ZMarkFlushAndFreeStacks)
Event: 265.201 Executing VM operation: HandshakeAllThreads (ZMarkFlushAndFreeStacks) done
Event: 265.201 Executing VM operation: ZMarkFlushOperation
Event: 265.201 Executing VM operation: ZMarkFlushOperation done
Event: 265.201 Executing VM operation: HandshakeAllThreads (ZMarkFlushAndFreeStacks)
Event: 265.201 Executing VM operation: HandshakeAllThreads (ZMarkFlushAndFreeStacks) done
Event: 265.201 Executing VM operation: ZMarkFlushOperation
Event: 265.201 Executing VM operation: ZMarkFlushOperation done
Event: 265.202 Executing VM operation: ZMarkEndYoung (Allocation Rate)
Event: 265.202 Executing VM operation: ZMarkEndYoung (Allocation Rate) done
Event: 265.217 Executing VM operation: ZRelocateStartYoung (Allocation Rate)
Event: 265.217 Executing VM operation: ZRelocateStartYoung (Allocation Rate) done
Event: 265.674 Executing VM operation: ZMarkStartYoung (Allocation Rate)
Event: 265.674 Executing VM operation: ZMarkStartYoung (Allocation Rate) done
Event: 265.829 Executing VM operation: HandshakeAllThreads (ZMarkFlushAndFreeStacks)
Event: 265.829 Executing VM operation: HandshakeAllThreads (ZMarkFlushAndFreeStacks) done
Event: 265.829 Executing VM operation: ZMarkFlushOperation
Event: 265.829 Executing VM operation: ZMarkFlushOperation done
Event: 265.840 Executing VM operation: HandshakeAllThreads (ZMarkFlushAndFreeStacks)
Event: 265.840 Executing VM operation: HandshakeAllThreads (ZMarkFlushAndFreeStacks) done
Event: 265.840 Executing VM operation: ZMarkFlushOperation
Event: 265.840 Executing VM operation: ZMarkFlushOperation done
Event: 265.840 Executing VM operation: HandshakeAllThreads (ZMarkFlushAndFreeStacks)
Event: 265.840 Executing VM operation: HandshakeAllThreads (ZMarkFlushAndFreeStacks) done
Event: 265.840 Executing VM operation: ZMarkFlushOperation
Event: 265.840 Executing VM operation: ZMarkFlushOperation done
Event: 265.840 Executing VM operation: ZMarkEndYoung (Allocation Rate)
Event: 265.840 Executing VM operation: ZMarkEndYoung (Allocation Rate) done
Event: 265.862 Executing VM operation: ZRelocateStartYoung (Allocation Rate)
Event: 265.862 Executing VM operation: ZRelocateStartYoung (Allocation Rate) done
Event: 266.862 Executing VM operation: Cleanup
Event: 266.862 Executing VM operation: Cleanup done
Event: 267.152 Executing VM operation: ZMarkStartYoung (Allocation Rate)
Event: 267.152 Executing VM operation: ZMarkStartYoung (Allocation Rate) done
Event: 267.352 Executing VM operation: HandshakeAllThreads (ZMarkFlushAndFreeStacks)
Event: 267.353 Executing VM operation: HandshakeAllThreads (ZMarkFlushAndFreeStacks) done
Event: 267.353 Executing VM operation: ZMarkFlushOperation
Event: 267.353 Executing VM operation: ZMarkFlushOperation done
Event: 267.353 Executing VM operation: HandshakeAllThreads (ZMarkFlushAndFreeStacks)
Event: 267.353 Executing VM operation: HandshakeAllThreads (ZMarkFlushAndFreeStacks) done
Event: 267.353 Executing VM operation: ZMarkFlushOperation
Event: 267.353 Executing VM operation: ZMarkFlushOperation done
Event: 267.353 Executing VM operation: HandshakeAllThreads (ZMarkFlushAndFreeStacks)
Event: 267.353 Executing VM operation: HandshakeAllThreads (ZMarkFlushAndFreeStacks) done
Event: 267.353 Executing VM operation: ZMarkFlushOperation
Event: 267.353 Executing VM operation: ZMarkFlushOperation done
Event: 267.353 Executing VM operation: ZMarkEndYoung (Allocation Rate)
Event: 267.353 Executing VM operation: ZMarkEndYoung (Allocation Rate) done
Event: 267.373 Executing VM operation: ZRelocateStartYoung (Allocation Rate)
Event: 267.373 Executing VM operation: ZRelocateStartYoung (Allocation Rate) done
Event: 269.060 Executing VM operation: ZMarkStartYoung (Allocation Rate)
Event: 269.060 Executing VM operation: ZMarkStartYoung (Allocation Rate) done
Event: 269.298 Executing VM operation: HandshakeAllThreads (ZMarkFlushAndFreeStacks)
Event: 269.298 Executing VM operation: HandshakeAllThreads (ZMarkFlushAndFreeStacks) done
Event: 269.298 Executing VM operation: ZMarkFlushOperation
Event: 269.298 Executing VM operation: ZMarkFlushOperation done
Event: 269.299 Executing VM operation: HandshakeAllThreads (ZMarkFlushAndFreeStacks)
Event: 269.299 Executing VM operation: HandshakeAllThreads (ZMarkFlushAndFreeStacks) done
Event: 269.299 Executing VM operation: ZMarkFlushOperation
Event: 269.299 Executing VM operation: ZMarkFlushOperation done
Event: 269.299 Executing VM operation: HandshakeAllThreads (ZMarkFlushAndFreeStacks)
Event: 269.299 Executing VM operation: HandshakeAllThreads (ZMarkFlushAndFreeStacks) done
Event: 269.299 Executing VM operation: ZMarkFlushOperation
Event: 269.299 Executing VM operation: ZMarkFlushOperation done
Event: 269.299 Executing VM operation: HandshakeAllThreads (ZMarkFlushAndFreeStacks)
Event: 269.300 Executing VM operation: HandshakeAllThreads (ZMarkFlushAndFreeStacks) done
Event: 269.300 Executing VM operation: ZMarkFlushOperation
Event: 269.300 Executing VM operation: ZMarkFlushOperation done
Event: 269.300 Executing VM operation: HandshakeAllThreads (ZMarkFlushAndFreeStacks)
Event: 269.300 Executing VM operation: HandshakeAllThreads (ZMarkFlushAndFreeStacks) done
Event: 269.300 Executing VM operation: ZMarkFlushOperation
Event: 269.300 Executing VM operation: ZMarkFlushOperation done
Event: 269.300 Executing VM operation: HandshakeAllThreads (ZMarkFlushAndFreeStacks)
Event: 269.300 Executing VM operation: HandshakeAllThreads (ZMarkFlushAndFreeStacks) done
Event: 269.300 Executing VM operation: ZMarkFlushOperation
Event: 269.300 Executing VM operation: ZMarkFlushOperation done
Event: 269.300 Executing VM operation: HandshakeAllThreads (ZMarkFlushAndFreeStacks)
Event: 269.300 Executing VM operation: HandshakeAllThreads (ZMarkFlushAndFreeStacks) done
Event: 269.300 Executing VM operation: ZMarkFlushOperation
Event: 269.300 Executing VM operation: ZMarkFlushOperation done
Event: 269.300 Executing VM operation: HandshakeAllThreads (ZMarkFlushAndFreeStacks)
Event: 269.300 Executing VM operation: HandshakeAllThreads (ZMarkFlushAndFreeStacks) done
Event: 269.300 Executing VM operation: ZMarkFlushOperation
Event: 269.300 Executing VM operation: ZMarkFlushOperation done
Event: 269.300 Executing VM operation: HandshakeAllThreads (ZMarkFlushAndFreeStacks)
Event: 269.300 Executing VM operation: HandshakeAllThreads (ZMarkFlushAndFreeStacks) done
Event: 269.300 Executing VM operation: ZMarkFlushOperation
Event: 269.300 Executing VM operation: ZMarkFlushOperation done
Event: 269.300 Executing VM operation: HandshakeAllThreads (ZMarkFlushAndFreeStacks)
Event: 269.300 Executing VM operation: HandshakeAllThreads (ZMarkFlushAndFreeStacks) done
Event: 269.300 Executing VM operation: ZMarkFlushOperation
Event: 269.300 Executing VM operation: ZMarkFlushOperation done
Event: 269.300 Executing VM operation: HandshakeAllThreads (ZMarkFlushAndFreeStacks)
Event: 269.300 Executing VM operation: HandshakeAllThreads (ZMarkFlushAndFreeStacks) done
Event: 269.300 Executing VM operation: ZMarkFlushOperation
Event: 269.300 Executing VM operation: ZMarkFlushOperation done
Event: 269.300 Executing VM operation: ZMarkEndYoung (Allocation Rate)
Event: 269.300 Executing VM operation: ZMarkEndYoung (Allocation Rate) done
Event: 269.345 Executing VM operation: ZRelocateStartYoung (Allocation Rate)
Event: 269.345 Executing VM operation: ZRelocateStartYoung (Allocation Rate) done
Event: 270.106 Executing VM operation: ZMarkStartYoung (Allocation Rate)
Event: 270.106 Executing VM operation: ZMarkStartYoung (Allocation Rate) done
Event: 270.132 Executing VM operation: HandshakeAllThreads (ZMarkFlushAndFreeStacks)
Event: 270.132 Executing VM operation: HandshakeAllThreads (ZMarkFlushAndFreeStacks) done
Event: 270.132 Executing VM operation: ZMarkFlushOperation
Event: 270.132 Executing VM operation: ZMarkFlushOperation done
Event: 270.132 Executing VM operation: HandshakeAllThreads (ZMarkFlushAndFreeStacks)
Event: 270.132 Executing VM operation: HandshakeAllThreads (ZMarkFlushAndFreeStacks) done
Event: 270.132 Executing VM operation: ZMarkFlushOperation
Event: 270.132 Executing VM operation: ZMarkFlushOperation done
Event: 270.133 Executing VM operation: HandshakeAllThreads (ZMarkFlushAndFreeStacks)
Event: 270.133 Executing VM operation: HandshakeAllThreads (ZMarkFlushAndFreeStacks) done
Event: 270.133 Executing VM operation: ZMarkFlushOperation
Event: 270.133 Executing VM operation: ZMarkFlushOperation done
Event: 270.133 Executing VM operation: ZMarkEndYoung (Allocation Rate)
Event: 270.133 Executing VM operation: ZMarkEndYoung (Allocation Rate) done
Event: 270.137 Executing VM operation: ZRelocateStartYoung (Allocation Rate)
Event: 270.138 Executing VM operation: ZRelocateStartYoung (Allocation Rate) done
Event: 271.138 Executing VM operation: Cleanup
Event: 271.138 Executing VM operation: Cleanup done
Event: 272.073 Executing VM operation: ZMarkStartYoung (Allocation Rate)
Event: 272.073 Executing VM operation: ZMarkStartYoung (Allocation Rate) done

Memory protections (0 events):
No events

Nmethod flushes (250 events):
Event: 225.918 Thread 0x00000281866e5db0 flushing  nmethod 0x000002818b69a810
Event: 225.918 Thread 0x00000281866e5db0 flushing  nmethod 0x000002818cdd1190
Event: 225.918 Thread 0x00000281866e5db0 flushing osr nmethod 0x000002818ac1a710
Event: 225.918 Thread 0x00000281866e5db0 flushing  nmethod 0x000002818c48b610
Event: 225.918 Thread 0x00000281866e5db0 flushing  nmethod 0x000002818bf50110
Event: 225.918 Thread 0x00000281866e5db0 flushing  nmethod 0x000002818ae2f690
Event: 225.918 Thread 0x00000281866e5db0 flushing  nmethod 0x000002818b977310
Event: 225.918 Thread 0x00000281866e5db0 flushing  nmethod 0x000002818dd99e10
Event: 225.918 Thread 0x00000281866e5db0 flushing  nmethod 0x000002818ea7ae10
Event: 225.918 Thread 0x00000281866e5db0 flushing  nmethod 0x000002818d787f10
Event: 225.918 Thread 0x00000281866e5db0 flushing  nmethod 0x000002818ae98b10
Event: 225.918 Thread 0x00000281866e5db0 flushing  nmethod 0x000002819540f090
Event: 225.918 Thread 0x00000281866e5db0 flushing  nmethod 0x0000028195a93e10
Event: 225.918 Thread 0x00000281866e5db0 flushing  nmethod 0x000002818af4ca90
Event: 225.918 Thread 0x00000281866e5db0 flushing  nmethod 0x000002818bcc2390
Event: 225.918 Thread 0x00000281866e5db0 flushing  nmethod 0x000002818f423090
Event: 225.918 Thread 0x00000281866e5db0 flushing  nmethod 0x0000028195728d10
Event: 225.918 Thread 0x00000281866e5db0 flushing  nmethod 0x000002818ad7ea10
Event: 225.918 Thread 0x00000281866e5db0 flushing  nmethod 0x000002818b4b8d10
Event: 225.918 Thread 0x00000281866e5db0 flushing  nmethod 0x000002818bc0a690
Event: 225.918 Thread 0x00000281866e5db0 flushing  nmethod 0x000002818d571e10
Event: 225.918 Thread 0x00000281866e5db0 flushing  nmethod 0x000002818acaa190
Event: 225.918 Thread 0x00000281866e5db0 flushing  nmethod 0x000002818dd77b90
Event: 225.918 Thread 0x00000281866e5db0 flushing  nmethod 0x000002818eec1690
Event: 225.918 Thread 0x00000281866e5db0 flushing  nmethod 0x0000028195c6c410
Event: 225.918 Thread 0x00000281866e5db0 flushing  nmethod 0x00000281944f6090
Event: 225.918 Thread 0x00000281866e5db0 flushing  nmethod 0x000002818ddc9890
Event: 225.918 Thread 0x00000281866e5db0 flushing  nmethod 0x000002818d47e710
Event: 225.918 Thread 0x00000281866e5db0 flushing  nmethod 0x000002818ccd7e10
Event: 225.918 Thread 0x00000281866e5db0 flushing  nmethod 0x000002818f97ef90
Event: 225.918 Thread 0x00000281866e5db0 flushing  nmethod 0x000002818edc5310
Event: 225.918 Thread 0x00000281866e5db0 flushing  nmethod 0x000002818b2c4a10
Event: 225.918 Thread 0x00000281866e5db0 flushing  nmethod 0x000002818e8ca790
Event: 225.918 Thread 0x00000281866e5db0 flushing  nmethod 0x000002818ea73510
Event: 225.918 Thread 0x00000281866e5db0 flushing  nmethod 0x00000281957a5890
Event: 225.918 Thread 0x00000281866e5db0 flushing  nmethod 0x000002818ec26490
Event: 225.918 Thread 0x00000281866e5db0 flushing  nmethod 0x000002818cb51f10
Event: 225.918 Thread 0x00000281866e5db0 flushing  nmethod 0x000002818bae9890
Event: 225.918 Thread 0x00000281866e5db0 flushing  nmethod 0x000002818cca4210
Event: 225.918 Thread 0x00000281866e5db0 flushing  nmethod 0x000002818e2cb990
Event: 225.918 Thread 0x00000281866e5db0 flushing  nmethod 0x000002818deace10
Event: 225.918 Thread 0x00000281866e5db0 flushing  nmethod 0x000002819631a210
Event: 225.918 Thread 0x00000281866e5db0 flushing  nmethod 0x000002818b9d3610
Event: 225.918 Thread 0x00000281866e5db0 flushing  nmethod 0x000002818e2e7c10
Event: 225.918 Thread 0x00000281866e5db0 flushing  nmethod 0x000002818c8db010
Event: 225.918 Thread 0x00000281866e5db0 flushing  nmethod 0x000002818edddc90
Event: 225.918 Thread 0x00000281866e5db0 flushing  nmethod 0x0000028194342710
Event: 225.918 Thread 0x00000281866e5db0 flushing  nmethod 0x000002818b4a1490
Event: 225.918 Thread 0x00000281866e5db0 flushing  nmethod 0x000002818b979810
Event: 225.918 Thread 0x00000281866e5db0 flushing  nmethod 0x00000281959a1010
Event: 225.918 Thread 0x00000281866e5db0 flushing  nmethod 0x000002818d1eba10
Event: 225.918 Thread 0x00000281866e5db0 flushing  nmethod 0x000002818ab6ed90
Event: 225.918 Thread 0x00000281866e5db0 flushing  nmethod 0x000002818ae88910
Event: 225.918 Thread 0x00000281866e5db0 flushing  nmethod 0x000002818dc1c590
Event: 225.918 Thread 0x00000281866e5db0 flushing  nmethod 0x000002818edccf90
Event: 225.918 Thread 0x00000281866e5db0 flushing  nmethod 0x000002818a9e0310
Event: 225.918 Thread 0x00000281866e5db0 flushing  nmethod 0x000002818b499110
Event: 225.918 Thread 0x00000281866e5db0 flushing  nmethod 0x0000028196549590
Event: 225.918 Thread 0x00000281866e5db0 flushing  nmethod 0x000002819543b810
Event: 225.918 Thread 0x00000281866e5db0 flushing  nmethod 0x0000028192fed810
Event: 225.918 Thread 0x00000281866e5db0 flushing  nmethod 0x000002818dc3cd10
Event: 225.918 Thread 0x00000281866e5db0 flushing  nmethod 0x000002818e890210
Event: 225.918 Thread 0x00000281866e5db0 flushing  nmethod 0x000002818bf25190
Event: 225.918 Thread 0x00000281866e5db0 flushing  nmethod 0x000002818dda8b10
Event: 225.918 Thread 0x00000281866e5db0 flushing  nmethod 0x000002818ad82810
Event: 225.918 Thread 0x00000281866e5db0 flushing  nmethod 0x000002818c14a490
Event: 225.918 Thread 0x00000281866e5db0 flushing  nmethod 0x000002818cdd1f10
Event: 225.918 Thread 0x00000281866e5db0 flushing  nmethod 0x000002818e1b8690
Event: 225.918 Thread 0x00000281866e5db0 flushing  nmethod 0x000002818f03bc90
Event: 225.918 Thread 0x00000281866e5db0 flushing  nmethod 0x000002818d45bf10
Event: 225.918 Thread 0x00000281866e5db0 flushing  nmethod 0x000002818cdf5110
Event: 225.918 Thread 0x00000281866e5db0 flushing  nmethod 0x00000281947fed90
Event: 225.918 Thread 0x00000281866e5db0 flushing  nmethod 0x000002818df4f610
Event: 225.918 Thread 0x00000281866e5db0 flushing  nmethod 0x000002818cc6e210
Event: 225.918 Thread 0x00000281866e5db0 flushing  nmethod 0x000002818e117290
Event: 225.918 Thread 0x00000281866e5db0 flushing  nmethod 0x000002818dd80c10
Event: 225.918 Thread 0x00000281866e5db0 flushing  nmethod 0x000002818f6e2d90
Event: 225.918 Thread 0x00000281866e5db0 flushing  nmethod 0x000002818be35690
Event: 225.918 Thread 0x00000281866e5db0 flushing  nmethod 0x000002818ec1e590
Event: 225.918 Thread 0x00000281866e5db0 flushing  nmethod 0x000002818d192a90
Event: 225.918 Thread 0x00000281866e5db0 flushing  nmethod 0x000002818c907c10
Event: 225.918 Thread 0x00000281866e5db0 flushing  nmethod 0x000002818e078a10
Event: 225.918 Thread 0x00000281866e5db0 flushing  nmethod 0x0000028193916b10
Event: 225.918 Thread 0x00000281866e5db0 flushing  nmethod 0x000002818eb90910
Event: 225.918 Thread 0x00000281866e5db0 flushing  nmethod 0x000002818f0c0c90
Event: 225.918 Thread 0x00000281866e5db0 flushing  nmethod 0x0000028193c44810
Event: 225.918 Thread 0x00000281866e5db0 flushing  nmethod 0x000002818df26890
Event: 225.918 Thread 0x00000281866e5db0 flushing  nmethod 0x000002818be9e590
Event: 225.918 Thread 0x00000281866e5db0 flushing  nmethod 0x000002818bcafd90
Event: 225.918 Thread 0x00000281866e5db0 flushing  nmethod 0x00000281937dd090
Event: 225.918 Thread 0x00000281866e5db0 flushing  nmethod 0x000002818aa71490
Event: 225.918 Thread 0x00000281866e5db0 flushing  nmethod 0x00000281934a7d90
Event: 225.918 Thread 0x00000281866e5db0 flushing  nmethod 0x000002818af6f910
Event: 225.918 Thread 0x00000281866e5db0 flushing  nmethod 0x000002818ec23110
Event: 225.918 Thread 0x00000281866e5db0 flushing  nmethod 0x000002818c162610
Event: 225.918 Thread 0x00000281866e5db0 flushing  nmethod 0x000002818da38210
Event: 225.918 Thread 0x00000281866e5db0 flushing  nmethod 0x000002818bb1ba10
Event: 225.918 Thread 0x00000281866e5db0 flushing  nmethod 0x000002818abfc590
Event: 225.918 Thread 0x00000281866e5db0 flushing  nmethod 0x000002818e883390
Event: 225.918 Thread 0x00000281866e5db0 flushing  nmethod 0x000002818d4ad710
Event: 225.918 Thread 0x00000281866e5db0 flushing  nmethod 0x000002818eb71510
Event: 225.918 Thread 0x00000281866e5db0 flushing  nmethod 0x000002818efe8a10
Event: 225.918 Thread 0x00000281866e5db0 flushing  nmethod 0x000002818e268490
Event: 225.918 Thread 0x00000281866e5db0 flushing  nmethod 0x000002818bc07210
Event: 225.918 Thread 0x00000281866e5db0 flushing  nmethod 0x000002818b462990
Event: 225.918 Thread 0x00000281866e5db0 flushing  nmethod 0x000002818b133210
Event: 225.918 Thread 0x00000281866e5db0 flushing  nmethod 0x000002818d63cd90
Event: 225.918 Thread 0x00000281866e5db0 flushing  nmethod 0x000002818efb2410
Event: 225.918 Thread 0x00000281866e5db0 flushing  nmethod 0x000002818ddac210
Event: 225.918 Thread 0x00000281866e5db0 flushing  nmethod 0x0000028195a1a910
Event: 225.918 Thread 0x00000281866e5db0 flushing  nmethod 0x000002818b579b90
Event: 225.918 Thread 0x00000281866e5db0 flushing  nmethod 0x000002818ac30290
Event: 225.918 Thread 0x00000281866e5db0 flushing  nmethod 0x000002818ef43390
Event: 225.918 Thread 0x00000281866e5db0 flushing  nmethod 0x0000028195b74c90
Event: 225.918 Thread 0x00000281866e5db0 flushing  nmethod 0x0000028194491390
Event: 225.918 Thread 0x00000281866e5db0 flushing  nmethod 0x000002818f041710
Event: 225.918 Thread 0x00000281866e5db0 flushing  nmethod 0x000002818d0ba110
Event: 225.918 Thread 0x00000281866e5db0 flushing  nmethod 0x000002818ed69790
Event: 225.918 Thread 0x00000281866e5db0 flushing  nmethod 0x00000281963fc210
Event: 225.918 Thread 0x00000281866e5db0 flushing  nmethod 0x000002818dd95210
Event: 225.918 Thread 0x00000281866e5db0 flushing  nmethod 0x000002818bc03590
Event: 225.918 Thread 0x00000281866e5db0 flushing osr nmethod 0x000002818a9b5090
Event: 225.918 Thread 0x00000281866e5db0 flushing  nmethod 0x000002818edc7a10
Event: 225.918 Thread 0x00000281866e5db0 flushing  nmethod 0x000002818dd7ff10
Event: 225.918 Thread 0x00000281866e5db0 flushing  nmethod 0x000002818aac5510
Event: 225.918 Thread 0x00000281866e5db0 flushing  nmethod 0x0000028196384810
Event: 225.918 Thread 0x00000281866e5db0 flushing  nmethod 0x000002818db69990
Event: 225.918 Thread 0x00000281866e5db0 flushing  nmethod 0x000002818aa70390
Event: 225.918 Thread 0x00000281866e5db0 flushing  nmethod 0x000002818eb90d90
Event: 225.918 Thread 0x00000281866e5db0 flushing  nmethod 0x000002818f425410
Event: 225.918 Thread 0x00000281866e5db0 flushing  nmethod 0x000002818c370390
Event: 225.918 Thread 0x00000281866e5db0 flushing  nmethod 0x00000281953d6010
Event: 225.918 Thread 0x00000281866e5db0 flushing  nmethod 0x000002818bc0e310
Event: 225.918 Thread 0x00000281866e5db0 flushing  nmethod 0x000002818f23ac10
Event: 225.918 Thread 0x00000281866e5db0 flushing  nmethod 0x00000281965cbb10
Event: 225.918 Thread 0x00000281866e5db0 flushing  nmethod 0x000002818e26a190
Event: 225.918 Thread 0x00000281866e5db0 flushing  nmethod 0x00000281945ebc10
Event: 225.918 Thread 0x00000281866e5db0 flushing  nmethod 0x000002818c36f310
Event: 225.918 Thread 0x00000281866e5db0 flushing  nmethod 0x000002818ab0ba10
Event: 225.918 Thread 0x00000281866e5db0 flushing  nmethod 0x000002818d63ff10
Event: 225.918 Thread 0x00000281866e5db0 flushing  nmethod 0x000002818cd73d90
Event: 225.918 Thread 0x00000281866e5db0 flushing  nmethod 0x000002819584c810
Event: 225.918 Thread 0x00000281866e5db0 flushing  nmethod 0x000002818da78c90
Event: 225.918 Thread 0x00000281866e5db0 flushing  nmethod 0x000002818e1b8f10
Event: 225.918 Thread 0x00000281866e5db0 flushing  nmethod 0x000002818dd7d490
Event: 225.918 Thread 0x00000281866e5db0 flushing  nmethod 0x000002818db9a310
Event: 258.930 Thread 0x00000281866e5db0 flushing  nmethod 0x000002818edbcc90
Event: 258.930 Thread 0x00000281866e5db0 flushing  nmethod 0x000002818e1d1a10
Event: 258.930 Thread 0x00000281866e5db0 flushing  nmethod 0x0000028196165890
Event: 258.930 Thread 0x00000281866e5db0 flushing  nmethod 0x000002818d65f110
Event: 258.930 Thread 0x00000281866e5db0 flushing  nmethod 0x000002818be83990
Event: 258.930 Thread 0x00000281866e5db0 flushing  nmethod 0x000002818c26de10
Event: 258.930 Thread 0x00000281866e5db0 flushing  nmethod 0x000002818f0bbc90
Event: 258.930 Thread 0x00000281866e5db0 flushing  nmethod 0x00000281940a0690
Event: 258.930 Thread 0x00000281866e5db0 flushing  nmethod 0x000002819333f810
Event: 258.930 Thread 0x00000281866e5db0 flushing  nmethod 0x000002818ee64610
Event: 258.930 Thread 0x00000281866e5db0 flushing  nmethod 0x000002818ed70a90
Event: 258.930 Thread 0x00000281866e5db0 flushing  nmethod 0x0000028195815c10
Event: 258.930 Thread 0x00000281866e5db0 flushing  nmethod 0x000002818b594a90
Event: 258.930 Thread 0x00000281866e5db0 flushing  nmethod 0x000002818f2feb90
Event: 258.930 Thread 0x00000281866e5db0 flushing  nmethod 0x000002818e769d90
Event: 258.930 Thread 0x00000281866e5db0 flushing  nmethod 0x000002819572e910
Event: 258.930 Thread 0x00000281866e5db0 flushing  nmethod 0x0000028193138c10
Event: 258.930 Thread 0x00000281866e5db0 flushing  nmethod 0x000002818ddc2890
Event: 258.930 Thread 0x00000281866e5db0 flushing  nmethod 0x000002818df80a10
Event: 258.930 Thread 0x00000281866e5db0 flushing  nmethod 0x000002818c041d90
Event: 258.930 Thread 0x00000281866e5db0 flushing  nmethod 0x0000028193f8e190
Event: 258.930 Thread 0x00000281866e5db0 flushing  nmethod 0x000002819314cf90
Event: 258.930 Thread 0x00000281866e5db0 flushing  nmethod 0x000002818dd42410
Event: 258.930 Thread 0x00000281866e5db0 flushing  nmethod 0x000002818d1f7e10
Event: 258.930 Thread 0x00000281866e5db0 flushing  nmethod 0x000002818ed79490
Event: 258.930 Thread 0x00000281866e5db0 flushing  nmethod 0x000002818b6df890
Event: 258.930 Thread 0x00000281866e5db0 flushing  nmethod 0x000002818f121810
Event: 258.930 Thread 0x00000281866e5db0 flushing  nmethod 0x000002818d209110
Event: 258.930 Thread 0x00000281866e5db0 flushing  nmethod 0x000002818dfe0390
Event: 258.930 Thread 0x00000281866e5db0 flushing  nmethod 0x000002818d0df910
Event: 258.930 Thread 0x00000281866e5db0 flushing  nmethod 0x000002818c6b7c90
Event: 258.930 Thread 0x00000281866e5db0 flushing  nmethod 0x000002818ba48a10
Event: 258.930 Thread 0x00000281866e5db0 flushing  nmethod 0x000002818ed99590
Event: 258.930 Thread 0x00000281866e5db0 flushing  nmethod 0x000002818cfaf490
Event: 258.930 Thread 0x00000281866e5db0 flushing  nmethod 0x000002819667e810
Event: 258.930 Thread 0x00000281866e5db0 flushing  nmethod 0x000002818ab9a410
Event: 258.930 Thread 0x00000281866e5db0 flushing  nmethod 0x000002818bef5590
Event: 258.930 Thread 0x00000281866e5db0 flushing  nmethod 0x000002818f3a1490
Event: 258.930 Thread 0x00000281866e5db0 flushing  nmethod 0x000002818d635990
Event: 258.930 Thread 0x00000281866e5db0 flushing  nmethod 0x000002818b8e9910
Event: 258.930 Thread 0x00000281866e5db0 flushing  nmethod 0x000002818ee65a10
Event: 258.930 Thread 0x00000281866e5db0 flushing  nmethod 0x00000281939e1310
Event: 258.930 Thread 0x00000281866e5db0 flushing  nmethod 0x000002818d33a010
Event: 258.930 Thread 0x00000281866e5db0 flushing  nmethod 0x000002818bc04510
Event: 258.930 Thread 0x00000281866e5db0 flushing  nmethod 0x000002818b1aff90
Event: 258.930 Thread 0x00000281866e5db0 flushing  nmethod 0x000002818dd95d90
Event: 258.930 Thread 0x00000281866e5db0 flushing  nmethod 0x000002818bf7e310
Event: 258.930 Thread 0x00000281866e5db0 flushing  nmethod 0x000002818cb97310
Event: 258.930 Thread 0x00000281866e5db0 flushing  nmethod 0x000002818cc6b390
Event: 258.930 Thread 0x00000281866e5db0 flushing  nmethod 0x000002818f3b1310
Event: 258.930 Thread 0x00000281866e5db0 flushing osr nmethod 0x000002818abd1390
Event: 258.930 Thread 0x00000281866e5db0 flushing  nmethod 0x000002818ed22690
Event: 258.930 Thread 0x00000281866e5db0 flushing  nmethod 0x000002818e253e10
Event: 258.930 Thread 0x00000281866e5db0 flushing  nmethod 0x000002818e72de10
Event: 258.930 Thread 0x00000281866e5db0 flushing  nmethod 0x000002818bd73f10
Event: 258.930 Thread 0x00000281866e5db0 flushing  nmethod 0x000002818adf6310
Event: 258.930 Thread 0x00000281866e5db0 flushing  nmethod 0x000002818d7f4190
Event: 258.930 Thread 0x00000281866e5db0 flushing  nmethod 0x000002819484f910
Event: 258.930 Thread 0x00000281866e5db0 flushing  nmethod 0x000002818aff4010
Event: 258.930 Thread 0x00000281866e5db0 flushing  nmethod 0x000002818eefc910
Event: 258.930 Thread 0x00000281866e5db0 flushing  nmethod 0x000002818ce2e510
Event: 258.930 Thread 0x00000281866e5db0 flushing  nmethod 0x000002818dda2890
Event: 258.930 Thread 0x00000281866e5db0 flushing  nmethod 0x000002818b805c90
Event: 258.930 Thread 0x00000281866e5db0 flushing  nmethod 0x000002818eecf790
Event: 258.930 Thread 0x00000281866e5db0 flushing  nmethod 0x000002818d819090
Event: 258.930 Thread 0x00000281866e5db0 flushing  nmethod 0x000002818f3d4790
Event: 258.930 Thread 0x00000281866e5db0 flushing  nmethod 0x000002818ed9f690
Event: 258.930 Thread 0x00000281866e5db0 flushing  nmethod 0x000002818ee72d10
Event: 258.930 Thread 0x00000281866e5db0 flushing  nmethod 0x000002818ee67f90
Event: 258.930 Thread 0x00000281866e5db0 flushing  nmethod 0x000002818d7a2d90
Event: 258.930 Thread 0x00000281866e5db0 flushing  nmethod 0x000002818b3b4810
Event: 258.930 Thread 0x00000281866e5db0 flushing  nmethod 0x000002818ca16c90
Event: 258.930 Thread 0x00000281866e5db0 flushing  nmethod 0x000002818c745290
Event: 258.930 Thread 0x00000281866e5db0 flushing  nmethod 0x000002818eef9f10
Event: 258.930 Thread 0x00000281866e5db0 flushing  nmethod 0x000002818b53d510
Event: 258.930 Thread 0x00000281866e5db0 flushing  nmethod 0x000002818d88b890
Event: 258.930 Thread 0x00000281866e5db0 flushing  nmethod 0x000002818eea2590
Event: 258.930 Thread 0x00000281866e5db0 flushing  nmethod 0x000002818ba11e10
Event: 258.930 Thread 0x00000281866e5db0 flushing  nmethod 0x000002818ad15490
Event: 258.930 Thread 0x00000281866e5db0 flushing  nmethod 0x0000028195cfc010
Event: 258.930 Thread 0x00000281866e5db0 flushing  nmethod 0x000002818ee9b490
Event: 258.930 Thread 0x00000281866e5db0 flushing  nmethod 0x000002818dda4f90
Event: 258.930 Thread 0x00000281866e5db0 flushing  nmethod 0x000002818d0a2f10
Event: 258.930 Thread 0x00000281866e5db0 flushing  nmethod 0x000002818ee62990
Event: 258.930 Thread 0x00000281866e5db0 flushing  nmethod 0x000002818b381510
Event: 258.930 Thread 0x00000281866e5db0 flushing  nmethod 0x000002818d37ba10
Event: 258.930 Thread 0x00000281866e5db0 flushing  nmethod 0x000002818b2fbc90
Event: 258.930 Thread 0x00000281866e5db0 flushing  nmethod 0x000002818c78d210
Event: 258.930 Thread 0x00000281866e5db0 flushing  nmethod 0x000002818b499110
Event: 258.930 Thread 0x00000281866e5db0 flushing  nmethod 0x000002818adf9110
Event: 258.930 Thread 0x00000281866e5db0 flushing  nmethod 0x000002818bab6e10
Event: 258.930 Thread 0x00000281866e5db0 flushing  nmethod 0x000002818faa6390
Event: 258.930 Thread 0x00000281866e5db0 flushing  nmethod 0x000002818b2ce290
Event: 258.930 Thread 0x00000281866e5db0 flushing  nmethod 0x000002818aa43290
Event: 258.930 Thread 0x00000281866e5db0 flushing  nmethod 0x000002818ddc1790
Event: 258.930 Thread 0x00000281866e5db0 flushing  nmethod 0x000002818ce4ac90
Event: 258.930 Thread 0x00000281866e5db0 flushing  nmethod 0x000002818ed20b10
Event: 258.930 Thread 0x00000281866e5db0 flushing  nmethod 0x00000281944e5290
Event: 258.930 Thread 0x00000281866e5db0 flushing  nmethod 0x000002818e0e2490
Event: 258.930 Thread 0x00000281866e5db0 flushing  nmethod 0x000002818f3ccf90
Event: 258.930 Thread 0x00000281866e5db0 flushing  nmethod 0x000002818c42e490
Event: 258.930 Thread 0x00000281866e5db0 flushing  nmethod 0x000002818eea2f90
Event: 258.930 Thread 0x00000281866e5db0 flushing  nmethod 0x0000028195448310
Event: 258.930 Thread 0x00000281866e5db0 flushing  nmethod 0x000002818b11f490

Events (250 events):
Event: 143.089 Thread 0x00000285e0d3b2f0 Thread exited: 0x00000285e0d3b2f0
Event: 143.089 Thread 0x00000281865d3500 Thread added: 0x00000285e0d3b2f0
Event: 143.090 Thread 0x00000281865d3500 Thread added: 0x00000285e0d39f40
Event: 143.090 Thread 0x00000285e0d3b2f0 Thread exited: 0x00000285e0d3b2f0
Event: 143.091 Thread 0x00000285e0d39f40 Thread exited: 0x00000285e0d39f40
Event: 143.092 Thread 0x00000281865d3500 Thread added: 0x00000285e0d39f40
Event: 143.092 Thread 0x00000285e0d39f40 Thread exited: 0x00000285e0d39f40
Event: 143.092 Thread 0x00000281865d3500 Thread added: 0x00000285e0d3ac60
Event: 143.326 Thread 0x00000285e0d3ac60 Thread exited: 0x00000285e0d3ac60
Event: 143.329 Thread 0x00000281865d3500 Thread added: 0x00000285e0d3ac60
Event: 143.329 Thread 0x00000285e0d3ac60 Thread exited: 0x00000285e0d3ac60
Event: 143.329 Thread 0x00000281865d3500 Thread added: 0x00000285e0d3b980
Event: 143.330 Thread 0x00000285e0d3b980 Thread exited: 0x00000285e0d3b980
Event: 143.330 Thread 0x00000281865d3500 Thread added: 0x00000285e0d3c010
Event: 143.510 Thread 0x00000285e0d3c010 Thread exited: 0x00000285e0d3c010
Event: 143.511 Thread 0x00000281865d3500 Thread added: 0x00000285e0d3c010
Event: 143.513 Thread 0x00000285e0d3c010 Thread exited: 0x00000285e0d3c010
Event: 143.768 Thread 0x000002864c4aaca0 Thread exited: 0x000002864c4aaca0
Event: 143.876 Thread 0x0000028624da5fe0 Thread exited: 0x0000028624da5fe0
Event: 143.989 Thread 0x0000028624da1bc0 Thread exited: 0x0000028624da1bc0
Event: 144.522 Thread 0x0000028624da14f0 Thread exited: 0x0000028624da14f0
Event: 144.774 Thread 0x0000028624da2290 Thread exited: 0x0000028624da2290
Event: 144.869 Thread 0x0000028624da4b70 Thread exited: 0x0000028624da4b70
Event: 144.880 Thread 0x00000285a4603a40 Thread exited: 0x00000285a4603a40
Event: 145.304 Thread 0x00000281811aa360 Thread added: 0x000002864c4a7cf0
Event: 145.538 Thread 0x00000285b9e3fe00 Thread added: 0x00000285e0d3d3c0
Event: 145.538 Thread 0x00000285e0d3d3c0 Thread exited: 0x00000285e0d3d3c0
Event: 145.590 Thread 0x00000285e08dbf10 Thread added: 0x000002864c4aaca0
Event: 145.869 Thread 0x000002864c4aaca0 Thread exited: 0x000002864c4aaca0
Event: 145.920 Thread 0x000002864c4a7cf0 Thread exited: 0x000002864c4a7cf0
Event: 146.185 Thread 0x00000285c1bd45d0 Thread added: 0x000002864c4a9160
Event: 146.440 Thread 0x000002864c4a9160 Thread added: 0x000002864c4a7cf0
Event: 146.860 Thread 0x000002864c4a7cf0 Thread exited: 0x000002864c4a7cf0
Event: 146.910 Thread 0x000002864c4a9160 Thread added: 0x000002864c4ab370
Event: 146.910 Thread 0x000002864c4a9160 Thread added: 0x000002864c4aaca0
Event: 146.910 Thread 0x000002864c4a9160 Thread added: 0x000002864c4a7cf0
Event: 147.331 Thread 0x00000281865d3500 Thread added: 0x00000285e0d3c010
Event: 147.331 Thread 0x00000285e0d3c010 Thread exited: 0x00000285e0d3c010
Event: 147.332 Thread 0x00000281865d3500 Thread added: 0x00000285e0d3cd30
Event: 147.332 Thread 0x00000285e0d3cd30 Thread exited: 0x00000285e0d3cd30
Event: 147.332 Thread 0x00000281865d3500 Thread added: 0x00000285e0d3c010
Event: 147.333 Thread 0x00000285e0d3c010 Thread exited: 0x00000285e0d3c010
Event: 147.333 Thread 0x00000281865d3500 Thread added: 0x00000285e0d3cd30
Event: 147.336 Thread 0x00000281811aa360 Thread added: 0x000002864c4ac110
Event: 147.342 Thread 0x00000285e0d3cd30 Thread exited: 0x00000285e0d3cd30
Event: 147.342 Thread 0x00000281865d3500 Thread added: 0x00000285e0d3d3c0
Event: 147.343 Thread 0x00000285e0d3d3c0 Thread exited: 0x00000285e0d3d3c0
Event: 147.343 Thread 0x00000281865d3500 Thread added: 0x00000285e0d3c010
Event: 147.344 Thread 0x00000285e0d3c010 Thread exited: 0x00000285e0d3c010
Event: 147.345 Thread 0x00000281865d3500 Thread added: 0x00000285e0d3c010
Event: 147.345 Thread 0x00000285e0d3c010 Thread exited: 0x00000285e0d3c010
Event: 147.345 Thread 0x00000281865d3500 Thread added: 0x00000285e0d3c010
Event: 147.346 Thread 0x00000285a8b41010 Thread exited: 0x00000285a8b41010
Event: 147.371 Thread 0x00000285e0d3c010 Thread exited: 0x00000285e0d3c010
Event: 147.372 Thread 0x00000281865d3500 Thread added: 0x00000285e0d3c010
Event: 147.372 Thread 0x00000285e0d3c010 Thread exited: 0x00000285e0d3c010
Event: 147.372 Thread 0x00000281865d3500 Thread added: 0x00000285e0d39f40
Event: 147.373 Thread 0x00000285e0d39f40 Thread exited: 0x00000285e0d39f40
Event: 147.374 Thread 0x00000281865d3500 Thread added: 0x00000285e0d3cd30
Event: 147.374 Thread 0x00000285e0d3cd30 Thread exited: 0x00000285e0d3cd30
Event: 147.374 Thread 0x00000281865d3500 Thread added: 0x00000285e0d39f40
Event: 147.414 Thread 0x000002864c4a9160 Thread added: 0x000002864c4a9830
Event: 147.557 Thread 0x00000285e0d39f40 Thread exited: 0x00000285e0d39f40
Event: 147.559 Thread 0x00000281865d3500 Thread added: 0x00000285e0d3d3c0
Event: 147.560 Thread 0x00000285e0d3d3c0 Thread exited: 0x00000285e0d3d3c0
Event: 147.560 Thread 0x00000281865d3500 Thread added: 0x00000285e0d3c010
Event: 147.560 Thread 0x00000285e0d3c010 Thread exited: 0x00000285e0d3c010
Event: 147.560 Thread 0x00000281865d3500 Thread added: 0x00000285e0d39f40
Event: 147.693 Thread 0x00000285e0d39f40 Thread exited: 0x00000285e0d39f40
Event: 147.693 Thread 0x00000281865d3500 Thread added: 0x00000285e0d3c010
Event: 147.695 Thread 0x00000285e0d3c010 Thread exited: 0x00000285e0d3c010
Event: 148.016 Thread 0x000002864c4a9830 Thread exited: 0x000002864c4a9830
Event: 148.016 Thread 0x000002864c4ac110 Thread exited: 0x000002864c4ac110
Event: 148.076 Thread 0x000002864c4a7cf0 Thread exited: 0x000002864c4a7cf0
Event: 148.267 Thread 0x000002864c4aaca0 Thread exited: 0x000002864c4aaca0
Event: 148.568 Thread 0x000002864c4ab370 Thread exited: 0x000002864c4ab370
Event: 148.568 Thread 0x000002864c4a9160 Thread exited: 0x000002864c4a9160
Event: 148.874 Thread 0x0000028181253c70 Thread added: 0x00000285e08d8890
Event: 148.874 Thread 0x0000028181253c70 Thread added: 0x00000285e08d58e0
Event: 148.874 Thread 0x0000028181253c70 Thread added: 0x00000285e08d6680
Event: 148.874 Thread 0x0000028181253c70 Thread added: 0x00000285e08d6d50
Event: 149.842 Thread 0x00000285b9e3fe00 Thread added: 0x00000285e0d3d3c0
Event: 149.842 Thread 0x00000285e0d3d3c0 Thread exited: 0x00000285e0d3d3c0
Event: 150.185 Thread 0x00000285e08d6d50 Thread exited: 0x00000285e08d6d50
Event: 150.671 Thread 0x00000285e08d6680 Thread exited: 0x00000285e08d6680
Event: 150.726 Thread 0x00000285e08d58e0 Thread exited: 0x00000285e08d58e0
Event: 150.727 Thread 0x00000285e08d8890 Thread exited: 0x00000285e08d8890
Event: 151.652 Thread 0x00000281811aa360 Thread added: 0x0000028624da1bc0
Event: 151.864 Thread 0x0000028624da1bc0 Thread exited: 0x0000028624da1bc0
Event: 152.571 Thread 0x0000028181253c70 Thread added: 0x0000028624da1bc0
Event: 153.020 Thread 0x0000028624da1bc0 Thread exited: 0x0000028624da1bc0
Event: 155.420 Thread 0x0000028181253c70 Thread added: 0x0000028624da2290
Event: 155.420 Thread 0x0000028624da2290 Thread added: 0x0000028624da81f0
Event: 155.420 Thread 0x0000028624da2290 Thread added: 0x0000028624da5fe0
Event: 155.873 Thread 0x0000028624da5fe0 Thread exited: 0x0000028624da5fe0
Event: 155.873 Thread 0x0000028624da2290 Thread exited: 0x0000028624da2290
Event: 155.873 Thread 0x0000028624da81f0 Thread exited: 0x0000028624da81f0
Event: 156.341 Thread 0x00000281811aa360 Thread added: 0x0000028624da2290
Event: 156.636 Thread 0x00000281811aa360 Thread added: 0x00000285e08d8890
Event: 157.276 Thread 0x00000285c1bd45d0 Thread exited: 0x00000285c1bd45d0
Event: 157.276 Thread 0x00000285c1bd3f00 Thread exited: 0x00000285c1bd3f00
Event: 158.974 Thread 0x00000285e08d8890 Thread exited: 0x00000285e08d8890
Event: 159.171 Thread 0x0000028624da2290 Thread exited: 0x0000028624da2290
Event: 159.533 Thread 0x0000028181253c70 Thread added: 0x00000285e08d8890
Event: 159.534 Thread 0x0000028181253c70 Thread added: 0x00000285e08d58e0
Event: 159.535 Thread 0x00000285e08dbf10 Thread added: 0x00000285e08d6680
Event: 160.040 Thread 0x00000285e08d6680 Thread exited: 0x00000285e08d6680
Event: 160.040 Thread 0x00000285e08d58e0 Thread exited: 0x00000285e08d58e0
Event: 160.522 Thread 0x00000285e08dbf10 Thread added: 0x00000285e08d58e0
Event: 160.524 Thread 0x00000285e08dbf10 Thread added: 0x00000285e08d6680
Event: 160.525 Thread 0x0000028181253c70 Thread added: 0x00000285e08d6d50
Event: 160.631 Thread 0x0000028181253c70 Thread added: 0x00000285c1bd3f00
Event: 160.631 Thread 0x0000028181253c70 Thread added: 0x00000285c1bd6110
Event: 160.631 Thread 0x0000028181253c70 Thread added: 0x00000285c1bd45d0
Event: 160.778 Thread 0x00000285c1bd45d0 Thread added: 0x0000028624da2290
Event: 160.805 Thread 0x0000028609ef7f20 Thread added: 0x00000285e0d3ee00
Event: 160.809 Thread 0x000002864734ac70 Thread added: 0x00000285e0d3fb20
Event: 160.809 Thread 0x000002864734ac70 Thread added: 0x00000285e0d3da50
Event: 160.813 Thread 0x000002864734ac70 Thread added: 0x00000285e0d41560
Event: 160.814 Thread 0x000002864734ac70 Thread added: 0x00000285e0d3e0e0
Event: 160.814 Thread 0x000002864734ac70 Thread added: 0x00000285e0d41bf0
Event: 160.814 Thread 0x000002864734ac70 Thread added: 0x00000285e0d3e770
Event: 160.817 Thread 0x00000285a3801e00 Thread added: 0x00000285e0d42fa0
Event: 161.237 Thread 0x00000285c1bd45d0 Thread exited: 0x00000285c1bd45d0
Event: 161.237 Thread 0x00000285c1bd6110 Thread exited: 0x00000285c1bd6110
Event: 161.264 Thread 0x00000285c1bd3f00 Thread exited: 0x00000285c1bd3f00
Event: 161.434 Thread 0x00000285e08d6d50 Thread exited: 0x00000285e08d6d50
Event: 162.229 Thread 0x00000285e08d6680 Thread exited: 0x00000285e08d6680
Event: 162.229 Thread 0x0000028624da2290 Thread exited: 0x0000028624da2290
Event: 162.229 Thread 0x00000285e08dbf10 Thread exited: 0x00000285e08dbf10
Event: 162.373 Thread 0x00000285e08d58e0 Thread exited: 0x00000285e08d58e0
Event: 162.373 Thread 0x00000285e08d8890 Thread exited: 0x00000285e08d8890
Event: 162.373 Thread 0x0000028181253c70 Thread added: 0x0000028624da2290
Event: 162.373 Thread 0x0000028181253c70 Thread added: 0x0000028624da5fe0
Event: 162.373 Thread 0x0000028181253c70 Thread added: 0x00000285e08d6680
Event: 163.060 Thread 0x00000285e08d6680 Thread exited: 0x00000285e08d6680
Event: 163.067 Thread 0x0000028624da5fe0 Thread exited: 0x0000028624da5fe0
Event: 163.165 Thread 0x0000028624da2290 Thread exited: 0x0000028624da2290
Event: 164.032 Thread 0x0000028181253c70 Thread added: 0x00000285e08d6680
Event: 164.032 Thread 0x0000028181253c70 Thread added: 0x00000285e08d6d50
Event: 164.591 Thread 0x00000285e08d6d50 Thread exited: 0x00000285e08d6d50
Event: 164.908 Thread 0x00000285e08d6680 Thread exited: 0x00000285e08d6680
Event: 168.321 Thread 0x0000028181253c70 Thread added: 0x00000285e08d58e0
Event: 168.333 Thread 0x0000028181253c70 Thread added: 0x00000285e08d8890
Event: 168.336 Thread 0x0000028181253c70 Thread added: 0x00000285e08d6680
Event: 168.639 Thread 0x00000285e08d6680 Thread exited: 0x00000285e08d6680
Event: 168.711 Thread 0x00000285e08d8890 Thread exited: 0x00000285e08d8890
Event: 169.914 Thread 0x00000285e08d58e0 Thread exited: 0x00000285e08d58e0
Event: 170.382 Thread 0x00000281811aa360 Thread added: 0x00000285e08d6d50
Event: 170.869 Thread 0x00000285e08d6d50 Thread exited: 0x00000285e08d6d50
Event: 171.216 Thread 0x00000281811aa360 Thread added: 0x00000285e08d6d50
Event: 172.500 Thread 0x00000285e08d6d50 Thread exited: 0x00000285e08d6d50
Event: 178.881 Thread 0x0000028647348510 Thread exited: 0x0000028647348510
Event: 178.987 Thread 0x00000281811aa360 Thread added: 0x00000285e08d8f60
Event: 179.160 Thread 0x00000285e08d8f60 Thread exited: 0x00000285e08d8f60
Event: 188.197 Thread 0x0000028181253c70 Thread added: 0x00000285e08d58e0
Event: 188.533 Thread 0x00000285e08d58e0 Thread exited: 0x00000285e08d58e0
Event: 190.978 Thread 0x0000028181253c70 Thread added: 0x00000285e08d6d50
Event: 190.978 Thread 0x0000028181253c70 Thread added: 0x00000285e08da3d0
Event: 190.978 Thread 0x0000028181253c70 Thread added: 0x00000285e08dbf10
Event: 190.978 Thread 0x0000028181253c70 Thread added: 0x00000285e08d8890
Event: 190.978 Thread 0x0000028181253c70 Thread added: 0x00000285e08d8f60
Event: 190.979 Thread 0x0000028181253c70 Thread added: 0x0000028624da2290
Event: 190.979 Thread 0x0000028181253c70 Thread added: 0x0000028624da66b0
Event: 190.979 Thread 0x0000028181253c70 Thread added: 0x0000028624da7450
Event: 191.244 Thread 0x0000028624da66b0 Thread exited: 0x0000028624da66b0
Event: 191.248 Thread 0x0000028624da2290 Thread exited: 0x0000028624da2290
Event: 191.248 Thread 0x00000285e08d8f60 Thread exited: 0x00000285e08d8f60
Event: 191.398 Thread 0x00000285e08d8890 Thread exited: 0x00000285e08d8890
Event: 191.398 Thread 0x00000285e08dbf10 Thread exited: 0x00000285e08dbf10
Event: 191.541 Thread 0x00000285e08da3d0 Thread exited: 0x00000285e08da3d0
Event: 191.650 Thread 0x00000285e08d6d50 Thread exited: 0x00000285e08d6d50
Event: 191.815 Thread 0x0000028624da7450 Thread exited: 0x0000028624da7450
Event: 192.895 Thread 0x00000281811aa360 Thread added: 0x0000028624da2290
Event: 192.895 Thread 0x00000281811aa360 Thread added: 0x0000028624da7450
Event: 193.258 Thread 0x0000028624da7450 Thread exited: 0x0000028624da7450
Event: 193.258 Thread 0x0000028624da2290 Thread exited: 0x0000028624da2290
Event: 193.576 Thread 0x00000281811aa360 Thread added: 0x0000028624da5fe0
Event: 193.961 Thread 0x0000028624da5fe0 Thread exited: 0x0000028624da5fe0
Event: 195.841 Thread 0x00000281811aa360 Thread added: 0x0000028624da2290
Event: 195.841 Thread 0x00000281811aa360 Thread added: 0x0000028624da5fe0
Event: 196.100 Thread 0x0000028624da5fe0 Thread exited: 0x0000028624da5fe0
Event: 196.151 Thread 0x00000281811aa360 Thread added: 0x0000028624da66b0
Event: 196.374 Thread 0x0000028624da66b0 Thread exited: 0x0000028624da66b0
Event: 196.390 Thread 0x0000028624da2290 Thread exited: 0x0000028624da2290
Event: 196.863 Thread 0x00000281811aa360 Thread added: 0x0000028624da3dd0
Event: 197.084 Thread 0x00000281811aa360 Thread added: 0x0000028624da2290
Event: 197.274 Thread 0x0000028624da2290 Thread exited: 0x0000028624da2290
Event: 197.400 Thread 0x0000028624da3dd0 Thread exited: 0x0000028624da3dd0
Event: 197.437 Thread 0x00000281811aa360 Thread added: 0x0000028624da2290
Event: 197.597 Thread 0x0000028624da2290 Thread exited: 0x0000028624da2290
Event: 198.689 Thread 0x0000028181253c70 Thread added: 0x0000028624da3dd0
Event: 198.695 Thread 0x0000028181253c70 Thread added: 0x0000028624da2290
Event: 198.695 Thread 0x0000028181253c70 Thread added: 0x0000028624da5fe0
Event: 199.078 Thread 0x0000028624da3dd0 Thread exited: 0x0000028624da3dd0
Event: 200.558 Thread 0x0000028624da5fe0 Thread exited: 0x0000028624da5fe0
Event: 200.741 Thread 0x0000028624da2290 Thread exited: 0x0000028624da2290
Event: 201.239 Thread 0x0000028181253c70 Thread added: 0x0000028624da3dd0
Event: 202.221 Thread 0x0000028624da3dd0 Thread exited: 0x0000028624da3dd0
Event: 206.997 Thread 0x00000285d16bc530 Thread exited: 0x00000285d16bc530
Event: 207.346 Thread 0x00000285b9e32540 Thread exited: 0x00000285b9e32540
Event: 207.692 Thread 0x00000285a33a3c70 Thread exited: 0x00000285a33a3c70
Event: 209.119 Thread 0x000002864d793f40 Thread exited: 0x000002864d793f40
Event: 209.466 Thread 0x0000028181253c70 Thread added: 0x0000028624da3dd0
Event: 210.700 Thread 0x0000028624da3dd0 Thread exited: 0x0000028624da3dd0
Event: 220.644 Thread 0x00000285b9e40490 Thread exited: 0x00000285b9e40490
Event: 220.840 Thread 0x00000285a3801e00 Thread exited: 0x00000285a3801e00
Event: 220.844 Thread 0x0000028609ef7f20 Thread exited: 0x0000028609ef7f20
Event: 220.845 Thread 0x00000285e0d3e0e0 Thread exited: 0x00000285e0d3e0e0
Event: 220.849 Thread 0x00000285e0d41560 Thread exited: 0x00000285e0d41560
Event: 220.849 Thread 0x00000285e0d41bf0 Thread exited: 0x00000285e0d41bf0
Event: 220.849 Thread 0x00000285e0d3da50 Thread exited: 0x00000285e0d3da50
Event: 220.850 Thread 0x00000285b9e2e3a0 Thread exited: 0x00000285b9e2e3a0
Event: 220.858 Thread 0x00000285e0d3e770 Thread exited: 0x00000285e0d3e770
Event: 221.246 Thread 0x00000285e0d3ee00 Thread exited: 0x00000285e0d3ee00
Event: 236.783 Thread 0x00000281811aa360 Thread added: 0x0000028624da7450
Event: 237.314 Thread 0x0000028624da7450 Thread exited: 0x0000028624da7450
Event: 241.939 Thread 0x0000028181253c70 Thread added: 0x0000028624da5fe0
Event: 241.939 Thread 0x0000028181253c70 Thread added: 0x0000028624da3dd0
Event: 241.939 Thread 0x0000028181253c70 Thread added: 0x0000028624da7450
Event: 243.152 Thread 0x0000028624da7450 Thread exited: 0x0000028624da7450
Event: 244.583 Thread 0x0000028624da3dd0 Thread exited: 0x0000028624da3dd0
Event: 244.810 Thread 0x0000028624da5fe0 Thread exited: 0x0000028624da5fe0
Event: 264.218 Thread 0x0000028181253c70 Thread added: 0x0000028624da3dd0
Event: 264.222 Thread 0x0000028624da3dd0 Thread added: 0x0000028624da66b0
Event: 264.222 Thread 0x0000028624da3dd0 Thread added: 0x00000285e08d8890
Event: 264.223 Thread 0x0000028181253c70 Thread added: 0x00000285e08d8f60
Event: 264.452 Thread 0x00000285e08d8890 Thread exited: 0x00000285e08d8890
Event: 264.452 Thread 0x00000285e08d8f60 Thread exited: 0x00000285e08d8f60
Event: 264.764 Thread 0x0000028624da66b0 Thread exited: 0x0000028624da66b0
Event: 264.973 Thread 0x00000281811aa360 Thread added: 0x00000285e08d58e0
Event: 264.973 Thread 0x00000281811aa360 Thread added: 0x00000285e08d8890
Event: 265.204 Thread 0x0000028624da3dd0 Thread exited: 0x0000028624da3dd0
Event: 265.204 Thread 0x00000285e08d8890 Thread exited: 0x00000285e08d8890
Event: 265.213 Thread 0x00000285e08d58e0 Thread exited: 0x00000285e08d58e0
Event: 265.992 Thread 0x00000281811aa360 Thread added: 0x00000285e08d8890
Event: 265.992 Thread 0x00000281811aa360 Thread added: 0x00000285e08d8f60
Event: 266.491 Thread 0x00000285e08d8f60 Thread exited: 0x00000285e08d8f60
Event: 266.491 Thread 0x00000285e08d8890 Thread exited: 0x00000285e08d8890
Event: 266.857 Thread 0x00000281811aa360 Thread added: 0x00000285e08d8890
Event: 266.891 Thread 0x00000285e08d8890 Thread added: 0x00000285e08d8f60
Event: 266.998 Thread 0x00000285a37fc8b0 Thread exited: 0x00000285a37fc8b0
Event: 267.347 Thread 0x00000285b9e2fde0 Thread exited: 0x00000285b9e2fde0
Event: 267.369 Thread 0x00000285e08d8f60 Thread exited: 0x00000285e08d8f60
Event: 267.369 Thread 0x00000285e08d8890 Thread exited: 0x00000285e08d8890
Event: 267.692 Thread 0x00000285a3568e20 Thread exited: 0x00000285a3568e20
Event: 271.121 Thread 0x00000281811aa360 Thread added: 0x00000285e08d8890
Event: 271.652 Thread 0x00000285e08d8890 Thread exited: 0x00000285e08d8890
Event: 271.741 Thread 0x00000285bfbbfcc0 Thread added: 0x00000285e0d3b980
Event: 271.872 Thread 0x00000285e0d3fb20 Thread added: 0x00000285e0d38500


Dynamic libraries:
0x00007ff68e650000 - 0x00007ff68e65e000 	C:\Users\justi\AppData\Roaming\PrismLauncher\java\java-runtime-delta\bin\javaw.exe
0x00007ff859da0000 - 0x00007ff85a007000 	C:\WINDOWS\SYSTEM32\ntdll.dll
0x00007ff858730000 - 0x00007ff8587f9000 	C:\WINDOWS\System32\KERNEL32.DLL
0x00007ff856880000 - 0x00007ff856c74000 	C:\WINDOWS\System32\KERNELBASE.dll
0x00007ff856670000 - 0x00007ff8567bb000 	C:\WINDOWS\System32\ucrtbase.dll
0x00007ff83a1b0000 - 0x00007ff83a1c8000 	C:\Users\justi\AppData\Roaming\PrismLauncher\java\java-runtime-delta\bin\jli.dll
0x00007ff83a190000 - 0x00007ff83a1ad000 	C:\Users\justi\AppData\Roaming\PrismLauncher\java\java-runtime-delta\bin\VCRUNTIME140.dll
0x00007ff8588d0000 - 0x00007ff858a95000 	C:\WINDOWS\System32\USER32.dll
0x00007ff857150000 - 0x00007ff857177000 	C:\WINDOWS\System32\win32u.dll
0x00007ff858020000 - 0x00007ff85804b000 	C:\WINDOWS\System32\GDI32.dll
0x00007ff83e100000 - 0x00007ff83e393000 	C:\WINDOWS\WinSxS\amd64_microsoft.windows.common-controls_6595b64144ccf1df_6.0.26100.8115_none_3e075c82e3354f9c\COMCTL32.dll
0x00007ff856df0000 - 0x00007ff856f1b000 	C:\WINDOWS\System32\gdi32full.dll
0x00007ff857db0000 - 0x00007ff857e59000 	C:\WINDOWS\System32\msvcrt.dll
0x00007ff8570a0000 - 0x00007ff857143000 	C:\WINDOWS\System32\msvcp_win.dll
0x00007ff858aa0000 - 0x00007ff858ad2000 	C:\WINDOWS\System32\IMM32.DLL
0x00007ff83c5f0000 - 0x00007ff83c5fc000 	C:\Users\justi\AppData\Roaming\PrismLauncher\java\java-runtime-delta\bin\vcruntime140_1.dll
0x00007ff8084e0000 - 0x00007ff80856d000 	C:\Users\justi\AppData\Roaming\PrismLauncher\java\java-runtime-delta\bin\msvcp140.dll
0x00007fff2a640000 - 0x00007fff2b3d8000 	C:\Users\justi\AppData\Roaming\PrismLauncher\java\java-runtime-delta\bin\server\jvm.dll
0x00007ff859180000 - 0x00007ff859236000 	C:\WINDOWS\System32\ADVAPI32.dll
0x00007ff857f70000 - 0x00007ff858017000 	C:\WINDOWS\System32\sechost.dll
0x00007ff858de0000 - 0x00007ff858ef8000 	C:\WINDOWS\System32\RPCRT4.dll
0x00007ff858050000 - 0x00007ff8580d0000 	C:\WINDOWS\System32\WS2_32.dll
0x00007ff855e80000 - 0x00007ff855ede000 	C:\WINDOWS\SYSTEM32\POWRPROF.dll
0x00007ff850520000 - 0x00007ff85052b000 	C:\WINDOWS\SYSTEM32\VERSION.dll
0x00007ff8495a0000 - 0x00007ff8495d6000 	C:\WINDOWS\SYSTEM32\WINMM.dll
0x00007ff855e30000 - 0x00007ff855e44000 	C:\WINDOWS\SYSTEM32\UMPDC.dll
0x00007ff8553e0000 - 0x00007ff8553fb000 	C:\WINDOWS\SYSTEM32\kernel.appcore.dll
0x00007ff83c2e0000 - 0x00007ff83c2ea000 	C:\Users\justi\AppData\Roaming\PrismLauncher\java\java-runtime-delta\bin\jimage.dll
0x00007ff853d20000 - 0x00007ff853f62000 	C:\WINDOWS\SYSTEM32\DBGHELP.DLL
0x00007ff859260000 - 0x00007ff8595e2000 	C:\WINDOWS\System32\combase.dll
0x00007ff858ae0000 - 0x00007ff858bb8000 	C:\WINDOWS\System32\OLEAUT32.dll
0x00007ff839350000 - 0x00007ff83938b000 	C:\WINDOWS\SYSTEM32\dbgcore.DLL
0x00007ff857a80000 - 0x00007ff857b25000 	C:\WINDOWS\System32\bcryptPrimitives.dll
0x00007ff83a0b0000 - 0x00007ff83a0d0000 	C:\Users\justi\AppData\Roaming\PrismLauncher\java\java-runtime-delta\bin\java.dll
0x00007ff83a090000 - 0x00007ff83a0a8000 	C:\Users\justi\AppData\Roaming\PrismLauncher\java\java-runtime-delta\bin\zip.dll
0x00007ff8595f0000 - 0x00007ff859d57000 	C:\WINDOWS\System32\SHELL32.dll
0x00007ff856c80000 - 0x00007ff856dea000 	C:\WINDOWS\System32\wintypes.dll
0x00007ff857180000 - 0x00007ff8579e8000 	C:\WINDOWS\System32\windows.storage.dll
0x00007ff858c60000 - 0x00007ff858d58000 	C:\WINDOWS\System32\SHCORE.dll
0x00007ff857b30000 - 0x00007ff857b96000 	C:\WINDOWS\System32\shlwapi.dll
0x00007ff856590000 - 0x00007ff8565b9000 	C:\WINDOWS\SYSTEM32\profapi.dll
0x00007ff801e30000 - 0x00007ff801f06000 	C:\Users\justi\AppData\Roaming\PrismLauncher\java\java-runtime-delta\bin\jsvml.dll
0x00007ff83a8e0000 - 0x00007ff83a8f0000 	C:\Users\justi\AppData\Roaming\PrismLauncher\java\java-runtime-delta\bin\net.dll
0x00007ff84aca0000 - 0x00007ff84adcd000 	C:\WINDOWS\SYSTEM32\WINHTTP.dll
0x00007ff855970000 - 0x00007ff8559dc000 	C:\WINDOWS\system32\mswsock.dll
0x00007ff839fa0000 - 0x00007ff839fb6000 	C:\Users\justi\AppData\Roaming\PrismLauncher\java\java-runtime-delta\bin\nio.dll
0x00007ff855cc0000 - 0x00007ff855cdb000 	C:\WINDOWS\SYSTEM32\CRYPTSP.dll
0x00007ff855340000 - 0x00007ff855379000 	C:\WINDOWS\system32\rsaenh.dll
0x00007ff855a20000 - 0x00007ff855a53000 	C:\WINDOWS\SYSTEM32\USERENV.dll
0x00007ff856560000 - 0x00007ff85658a000 	C:\WINDOWS\SYSTEM32\bcrypt.dll
0x00007ff855ce0000 - 0x00007ff855cec000 	C:\WINDOWS\SYSTEM32\CRYPTBASE.dll
0x00007ff854db0000 - 0x00007ff854de2000 	C:\WINDOWS\SYSTEM32\IPHLPAPI.DLL
0x00007ff858f00000 - 0x00007ff858f0a000 	C:\WINDOWS\System32\NSI.dll
0x00007ff83a7a0000 - 0x00007ff83a7b0000 	C:\Users\justi\AppData\Roaming\PrismLauncher\java\java-runtime-delta\bin\verify.dll
0x00007ff83a430000 - 0x00007ff83a43a000 	C:\Users\justi\AppData\Roaming\PrismLauncher\java\java-runtime-delta\bin\management.dll
0x00007ff83a180000 - 0x00007ff83a18b000 	C:\Users\justi\AppData\Roaming\PrismLauncher\java\java-runtime-delta\bin\management_ext.dll
0x00007ff858f10000 - 0x00007ff858f18000 	C:\WINDOWS\System32\PSAPI.DLL
0x00007ff83b580000 - 0x00007ff83b598000 	C:\WINDOWS\system32\napinsp.dll
0x00007ff854e40000 - 0x00007ff854f72000 	C:\WINDOWS\SYSTEM32\DNSAPI.dll
0x00007ff83b560000 - 0x00007ff83b573000 	C:\WINDOWS\System32\winrnr.dll
0x00007ff83b530000 - 0x00007ff83b552000 	C:\WINDOWS\system32\nlansp_c.dll
0x00007ff83b510000 - 0x00007ff83b526000 	C:\WINDOWS\system32\wshbth.dll
0x00007ff84a950000 - 0x00007ff84a9d6000 	C:\WINDOWS\System32\fwpuclnt.dll
0x00007ff849590000 - 0x00007ff84959b000 	C:\Windows\System32\rasadhlp.dll
0x00007ff81d3e0000 - 0x00007ff81d45b000 	C:\Users\justi\AppData\Local\Temp\lwjgl_justi\3.3.3+5\x64\lwjgl.dll
0x00007fffe4700000 - 0x00007fffe4782000 	C:\Users\justi\AppData\Local\Temp\lwjgl_justi\3.3.3+5\x64\glfw.dll
0x00007ff82c280000 - 0x00007ff82c2cb000 	C:\WINDOWS\SYSTEM32\dinput8.dll
0x00007ff83b310000 - 0x00007ff83b32e000 	C:\WINDOWS\SYSTEM32\xinput1_4.dll
0x00007ff8562d0000 - 0x00007ff8562fd000 	C:\WINDOWS\SYSTEM32\DEVOBJ.dll
0x00007ff856320000 - 0x00007ff856371000 	C:\WINDOWS\SYSTEM32\cfgmgr32.dll
0x00007ff8543e0000 - 0x00007ff85440f000 	C:\WINDOWS\SYSTEM32\dwmapi.dll
0x00007ff836730000 - 0x00007ff836913000 	C:\WINDOWS\SYSTEM32\inputhost.dll
0x00007ff853750000 - 0x00007ff853877000 	C:\WINDOWS\SYSTEM32\CoreMessaging.dll
0x00007ff854140000 - 0x00007ff8541e9000 	C:\WINDOWS\system32\uxtheme.dll
0x00007ff8580e0000 - 0x00007ff85823c000 	C:\WINDOWS\System32\MSCTF.dll
0x00007fffc08a0000 - 0x00007fffc09af000 	C:\WINDOWS\SYSTEM32\opengl32.dll
0x00007fffc07d0000 - 0x00007fffc07fd000 	C:\WINDOWS\SYSTEM32\GLU32.dll
0x00007ff854220000 - 0x00007ff854263000 	C:\WINDOWS\SYSTEM32\dxcore.dll
0x00007ff83b090000 - 0x00007ff83b0ad000 	C:\WINDOWS\SYSTEM32\windows.staterepositorycore.dll
0x00007fff50220000 - 0x00007fff52b45000 	C:\WINDOWS\System32\DriverStore\FileRepository\nv_dispig.inf_amd64_f4c7a2fd13e0f763\nvoglv64.dll
0x00007ff8582a0000 - 0x00007ff858727000 	C:\WINDOWS\System32\SETUPAPI.dll
0x00007ff858f20000 - 0x00007ff8590b7000 	C:\WINDOWS\System32\ole32.dll
0x00007ff853bf0000 - 0x00007ff853c19000 	C:\WINDOWS\SYSTEM32\WTSAPI32.dll
0x00007ff856f20000 - 0x00007ff857097000 	C:\WINDOWS\System32\CRYPT32.dll
0x00007ff8556a0000 - 0x00007ff8556e9000 	C:\WINDOWS\SYSTEM32\SspiCli.dll
0x00007ff855d30000 - 0x00007ff855d43000 	C:\WINDOWS\SYSTEM32\msasn1.dll
0x00007ff8502e0000 - 0x00007ff85031b000 	C:\WINDOWS\SYSTEM32\cryptnet.dll
0x00007ff855dc0000 - 0x00007ff855e28000 	C:\WINDOWS\SYSTEM32\wldp.dll
0x00007ff850060000 - 0x00007ff8501d8000 	C:\WINDOWS\SYSTEM32\drvstore.dll
0x00007ff8579f0000 - 0x00007ff857a72000 	C:\WINDOWS\System32\WINTRUST.dll
0x00007ff855520000 - 0x00007ff855556000 	C:\WINDOWS\SYSTEM32\ntmarta.dll
0x00007ff857ba0000 - 0x00007ff857bc0000 	C:\WINDOWS\System32\imagehlp.dll
0x00007ff84add0000 - 0x00007ff84facf000 	C:\WINDOWS\System32\DriverStore\FileRepository\nv_dispig.inf_amd64_f4c7a2fd13e0f763\nvgpucomp64.dll
0x00007ff855ab0000 - 0x00007ff855b12000 	C:\WINDOWS\SYSTEM32\WINSTA.dll
0x00007fff353c0000 - 0x00007fff35630000 	C:\Users\justi\AppData\Local\Temp\lwjgl_justi\3.3.3+5\x64\jemalloc.dll
0x00007fffd3710000 - 0x00007fffd3792000 	C:\Users\justi\AppData\Local\Temp\lwjgl_justi\3.3.3+5\x64\lwjgl_stb.dll
0x00007ff83fa50000 - 0x00007ff83fb0f000 	C:\WINDOWS\SYSTEM32\mscms.dll
0x00007ff814ce0000 - 0x00007ff814d29000 	C:\WINDOWS\SYSTEM32\icm32.dll
0x00007ff834e70000 - 0x00007ff834fb8000 	C:\WINDOWS\SYSTEM32\textinputframework.dll
0x00007ff8590c0000 - 0x00007ff85916e000 	C:\WINDOWS\System32\clbcatq.dll
0x00007ff80ab90000 - 0x00007ff80abee000 	C:\Users\justi\AppData\Local\Temp\lwjgl_justi\3.3.3+5\x64\lwjgl_opengl.dll
0x00007ff842d20000 - 0x00007ff842d76000 	C:\WINDOWS\SYSTEM32\pdh.dll
0x00007ff83aa60000 - 0x00007ff83aa72000 	C:\WINDOWS\System32\perfproc.dll
0x00007ff83aa40000 - 0x00007ff83aa51000 	C:\WINDOWS\System32\perfos.dll
0x00007ff851b10000 - 0x00007ff851b22000 	C:\WINDOWS\SYSTEM32\pfclient.dll
0x00007fffe76b0000 - 0x00007fffe76f5000 	C:\Users\justi\AppData\Local\Temp\jna-101492989\jna8295428321798032619.dll
0x00007ff8327c0000 - 0x00007ff8327dd000 	C:\WINDOWS\SYSTEM32\amsi.dll
0x00007ff8321a0000 - 0x00007ff832242000 	C:\ProgramData\Microsoft\Windows Defender\Platform\4.18.26030.3011-0\MpOav.dll
0x00007ff83a130000 - 0x00007ff83a13e000 	C:\Users\justi\AppData\Roaming\PrismLauncher\java\java-runtime-delta\bin\sunmscapi.dll
0x00007ff855f90000 - 0x00007ff855fc0000 	C:\WINDOWS\SYSTEM32\ncrypt.dll
0x00007ff855f40000 - 0x00007ff855f7f000 	C:\WINDOWS\SYSTEM32\NTASN1.dll
0x00007ff830240000 - 0x00007ff830249000 	C:\Users\justi\AppData\Roaming\PrismLauncher\java\java-runtime-delta\bin\extnet.dll
0x00007fff2a350000 - 0x00007fff2a4de000 	C:\Users\justi\AppData\Roaming\PrismLauncher\java\java-runtime-delta\bin\awt.dll
0x00007ff853b30000 - 0x00007ff853bcf000 	C:\WINDOWS\SYSTEM32\apphelp.dll
0x00007fffe4d70000 - 0x00007fffe4d78000 	C:\WINDOWS\system32\wshunix.dll
0x00007fff2a180000 - 0x00007fff2a347000 	C:\Users\justi\AppData\Local\Temp\lwjgl_justi\3.3.3+5\x64\OpenAL.dll
0x00007ff843260000 - 0x00007ff8432f7000 	C:\WINDOWS\System32\MMDevApi.dll
0x00007fff29250000 - 0x00007fff2a177000 	C:\Users\justi\AppData\Local\Temp\imgui-java-natives\1.88.0\imgui-java64.dll
0x00007ff82e1f0000 - 0x00007ff82e363000 	C:\WINDOWS\System32\Speech\Common\sapi.dll
0x00007fff291d0000 - 0x00007fff29247000 	C:\Users\justi\AppData\Local\Temp\libopus4j-9783d0e001158567d1e08f6bb3b2c5b5\libopus4j.dll
0x00007fff290a0000 - 0x00007fff291c1000 	C:\Users\justi\AppData\Local\Temp\libzstd-jni_dh-1.5.7-613566575834737654066.dll
0x00007ff82eaf0000 - 0x00007ff82eb0c000 	C:\Users\justi\AppData\Local\Temp\librnnoise4j-40cc1fdd40ca1100a850ddee14466799\librnnoise4j.dll
0x00007ff82e4b0000 - 0x00007ff82e4cf000 	C:\Users\justi\AppData\Local\Temp\libspeex4j-e39751f08962f3611e66c90baf107894\libspeex4j.dll
0x00007fff481d0000 - 0x00007fff48223000 	C:\Users\justi\AppData\Local\Temp\liblame4j-290c3436fe9f7c2b8e165ddcb5ad66ce\liblame4j.dll
0x00007fff28fa0000 - 0x00007fff29099000 	C:\Users\justi\AppData\Local\Temp\sqlite-3.47.2.0-9edb9b20-5f51-426b-a374-901606a452bc-sqlitejdbc.dll
0x00007ff841620000 - 0x00007ff8417d2000 	C:\WINDOWS\SYSTEM32\AUDIOSES.DLL
0x00007ff854720000 - 0x00007ff854734000 	C:\WINDOWS\SYSTEM32\resourcepolicyclient.dll
0x00007ff82cce0000 - 0x00007ff82ccf2000 	C:\Users\justi\AppData\Roaming\PrismLauncher\java\java-runtime-delta\bin\jsound.dll

dbghelp: loaded successfully - version: 4.0.5 - missing functions: none
symbol engine: initialized successfully - sym options: 0x614 - pdb path: .;C:\Users\justi\AppData\Roaming\PrismLauncher\java\java-runtime-delta\bin;C:\WINDOWS\SYSTEM32;C:\WINDOWS\WinSxS\amd64_microsoft.windows.common-controls_6595b64144ccf1df_6.0.26100.8115_none_3e075c82e3354f9c;C:\Users\justi\AppData\Roaming\PrismLauncher\java\java-runtime-delta\bin\server;C:\Users\justi\AppData\Local\Temp\lwjgl_justi\3.3.3+5\x64;C:\WINDOWS\System32\DriverStore\FileRepository\nv_dispig.inf_amd64_f4c7a2fd13e0f763;C:\Users\justi\AppData\Local\Temp\jna-101492989;C:\ProgramData\Microsoft\Windows Defender\Platform\4.18.26030.3011-0;C:\Users\justi\AppData\Local\Temp\imgui-java-natives\1.88.0;C:\WINDOWS\System32\Speech\Common;C:\Users\justi\AppData\Local\Temp\libopus4j-9783d0e001158567d1e08f6bb3b2c5b5;C:\Users\justi\AppData\Local\Temp;C:\Users\justi\AppData\Local\Temp\librnnoise4j-40cc1fdd40ca1100a850ddee14466799;C:\Users\justi\AppData\Local\Temp\libspeex4j-e39751f08962f3611e66c90baf107894;C:\Users\justi\AppData\Local\Temp\liblame4j-290c3436fe9f7c2b8e165ddcb5ad66ce

VM Arguments:
jvm_args: -XX:+UseZGC -XX:+ZGenerational -XX:HeapDumpPath=MojangTricksIntelDriversForPerformance_javaw.exe_minecraft.exe.heapdump -Xms16384m -Xmx16384m -Duser.language=en -Djava.library.path=C:/Users/justi/AppData/Roaming/PrismLauncher/instances/Optimized fps/natives 
java_command: org.prismlauncher.EntryPoint
java_class_path (initial): C:/Users/justi/AppData/Local/Programs/PrismLauncher/jars/NewLaunch.jar;C:/Users/justi/AppData/Roaming/PrismLauncher/libraries/org/lwjgl/lwjgl-freetype-natives-windows-arm64/3.3.3/lwjgl-freetype-natives-windows-arm64-3.3.3.jar;C:/Users/justi/AppData/Roaming/PrismLauncher/libraries/org/lwjgl/lwjgl-freetype-natives-windows-x86/3.3.3/lwjgl-freetype-natives-windows-x86-3.3.3.jar;C:/Users/justi/AppData/Roaming/PrismLauncher/libraries/org/lwjgl/lwjgl-freetype-natives-windows/3.3.3/lwjgl-freetype-natives-windows-3.3.3.jar;C:/Users/justi/AppData/Roaming/PrismLauncher/libraries/org/lwjgl/lwjgl-freetype/3.3.3/lwjgl-freetype-3.3.3.jar;C:/Users/justi/AppData/Roaming/PrismLauncher/libraries/org/lwjgl/lwjgl-glfw-natives-windows-arm64/3.3.3/lwjgl-glfw-natives-windows-arm64-3.3.3.jar;C:/Users/justi/AppData/Roaming/PrismLauncher/libraries/org/lwjgl/lwjgl-glfw-natives-windows-x86/3.3.3/lwjgl-glfw-natives-windows-x86-3.3.3.jar;C:/Users/justi/AppData/Roaming/PrismLauncher/libraries/org/lwjgl/lwjgl-glfw-natives-windows/3.3.3/lwjgl-glfw-natives-windows-3.3.3.jar;C:/Users/justi/AppData/Roaming/PrismLauncher/libraries/org/lwjgl/lwjgl-glfw/3.3.3/lwjgl-glfw-3.3.3.jar;C:/Users/justi/AppData/Roaming/PrismLauncher/libraries/org/lwjgl/lwjgl-jemalloc-natives-windows-arm64/3.3.3/lwjgl-jemalloc-natives-windows-arm64-3.3.3.jar;C:/Users/justi/AppData/Roaming/PrismLauncher/libraries/org/lwjgl/lwjgl-jemalloc-natives-windows-x86/3.3.3/lwjgl-jemalloc-natives-windows-x86-3.3.3.jar;C:/Users/justi/AppData/Roaming/PrismLauncher/libraries/org/lwjgl/lwjgl-jemalloc-natives-windows/3.3.3/lwjgl-jemalloc-natives-windows-3.3.3.jar;C:/Users/justi/AppData/Roaming/PrismLauncher/libraries/org/lwjgl/lwjgl-jemalloc/3.3.3/lwjgl-jemalloc-3.3.3.jar;C:/Users/justi/AppData/Roaming/PrismLauncher/libraries/org/lwjgl/lwjgl-natives-windows-arm64/3.3.3/lwjgl-natives-windows-arm64-3.3.3.jar;C:/Users/justi/AppData/Roaming/PrismLauncher/libraries/org/lwjgl/lwjgl-natives-windows-x86/3.3.3/lwjgl-natives-windows-x86-3.3.3.jar;C:/Users/justi/AppData/Roaming/PrismLauncher/libraries/org/lwjgl/lwjgl-natives-windows/3.3.3/lwjgl-natives-windows-3.3.3.jar;C:/Users/justi/AppData/Roaming/PrismLauncher/libraries/org/lwjgl/lwjgl-openal-natives-windows-arm64/3.3.3/lwjgl-openal-natives-windows-arm64-3.3.3.jar;C:/Users/justi/AppData/Roaming/PrismLauncher/libraries/org/lwjgl/lwjgl-openal-natives-windows-x86/3.3.3/lwjgl-openal-natives-windows-x86-3.3.3.jar;C:/Users/justi/AppData/Roaming/PrismLauncher/libraries/org/lwjgl/lwjgl-openal-natives-windows/3.3.3/lwjgl-openal-natives-windows-3.3.3.jar;C:/Users/justi/AppData/Roaming/PrismLauncher/libraries/org/lwjgl/lwjgl-openal/3.3.3/lwjgl-openal-3.3.3.jar;C:/Users/justi/AppData/Roaming/PrismLauncher/libraries/org/lwjgl/lwjgl-opengl-natives-windows-arm64/3.3.3/lwjgl-opengl-natives-windows-arm64-3.3.3.jar;C:/Users/justi/AppData/Roaming/PrismLauncher/libraries/org/lwjgl/lwjgl-opengl-natives-windows-x86/3.3.3/lwjgl-opengl-natives-windows-x86-3.3.3.jar;C:/Users/justi/AppData/Roaming/PrismLauncher/libraries/org/lwjgl/lwjgl-opengl-natives-windows/3.3.3/lwjgl-opengl-natives-windows-3.3.3.jar;C:/Users/justi/AppData/Roaming/PrismLauncher/libraries/org/lwjgl/lwjgl-opengl/3.3.3/lwjgl-opengl-3.3.3.jar;C:/Users/justi/AppData/Roaming/PrismLauncher/libraries/org/lwjgl/lwjgl-stb-natives-windows-arm64/3.3.3/lwjgl-stb-natives-windows-arm64-3.3.3.jar;C:/Users/justi/AppData/Roaming/PrismLauncher/libraries/org/lwjgl/lwjgl-stb-natives-windows-x86/3.3.3/lwjgl-stb-natives-windows-x86-3.3.3.jar;C:/Users/justi/AppData/Roaming/PrismLauncher/libraries/org/lwjgl/lwjgl-stb-natives-windows/3.3.3/lwjgl-stb-natives-windows-3.3.3.jar;C:/Users/justi/AppData/Roaming/PrismLauncher/libraries/org/lwjgl/lwjgl-stb/3.3.3/lwjgl-stb-3.3.3.jar;C:/Users/justi/AppData/Roaming/PrismLauncher/libraries/org/lwjgl/lwjgl-tinyfd-natives-windows-arm64/3.3.3/lwjgl-tinyfd-natives-windows-arm64-3.3.3.jar;C:/Users/justi/AppData/Roaming/PrismLauncher/libraries/org/lwjgl/lwjgl-tinyfd-natives-windows-x86/3.3.3/lwjgl-tinyfd-natives-windows-x86-3.3.3.jar;C:/Users/justi/AppData/Roaming/PrismLauncher/libraries/org/lwjgl/lwjgl-tinyfd-natives-windows/3.3.3/lwjgl-tinyfd-natives-windows-3.3.3.jar;C:/Users/justi/AppData/Roaming/PrismLauncher/libraries/org/lwjgl/lwjgl-tinyfd/3.3.3/lwjgl-tinyfd-3.3.3.jar;C:/Users/justi/AppData/Roaming/PrismLauncher/libraries/org/lwjgl/lwjgl/3.3.3/lwjgl-3.3.3.jar;C:/Users/justi/AppData/Roaming/PrismLauncher/libraries/com/github/oshi/oshi-core/6.4.10/oshi-core-6.4.10.jar;C:/Users/justi/AppData/Roaming/PrismLauncher/libraries/com/google/code/gson/gson/2.10.1/gson-2.10.1.jar;C:/Users/justi/AppData/Roaming/PrismLauncher/libraries/com/google/guava/failureaccess/1.0.1/failureaccess-1.0.1.jar;C:/Users/justi/AppData/Roaming/PrismLauncher/libraries/com/google/guava/guava/32.1.2-jre/guava-32.1.2-jre.jar;C:/Users/justi/AppData/Roaming/PrismLauncher/libraries/com/ibm/icu/icu4j/73.2/icu4j-73.2.jar;C:/Users/justi/AppData/Roaming/PrismLauncher/libraries/com/mojang/authlib/6.0.54/authlib-6.0.54.jar;C:/Users/justi/AppData/Roaming/PrismLauncher/libraries/com/mojang/blocklist/1.0.10/blocklist-1.0.10.jar;C:/Users/justi/AppData/Roaming/PrismLauncher/libraries/com/mojang/brigadier/1.3.10/brigadier-1.3.10.jar;C:/Users/justi/AppData/Roaming/PrismLauncher/libraries/com/mojang/datafixerupper/8.0.16/datafixerupper-8.0.16.jar;C:/Users/justi/AppData/Roaming/PrismLauncher/libraries/com/mojang/logging/1.2.7/logging-1.2.7.jar;C:/Users/justi/AppData/Roaming/PrismLauncher/libraries/com/mojang/patchy/2.2.10/patchy-2.2.10.jar;C:/Users/justi/AppData/Roaming/PrismLauncher/libraries/com/mojang/text2speech/1.17.9/text2speech-1.17.9.jar;C:/Users/justi/AppData/Roaming/PrismLauncher/libraries/commons-codec/commons-codec/1.16.0/commons-codec-1.16.0.jar;C:/Users/justi/AppData/Roaming/PrismLauncher/libraries/commons-io/commons-io/2.15.1/commons-io-2.15.1.jar;C:/Users/justi/AppData/Roaming/PrismLauncher/libraries/commons-logging/commons-logging/1.2/commons-logging-1.2.jar;C:/Users/justi/AppData/Roaming/PrismLauncher/libraries/io/netty/netty-buffer/4.1.97.Final/netty-buffer-4.1.97.Final.jar;C:/Users/justi/AppData/Roaming/PrismLauncher/libraries/io/netty/netty-codec/4.1.97.Final/netty-codec-4.1.97.Final.jar;C:/Users/justi/AppData/Roaming/PrismLauncher/libraries/io/netty/netty-common/4.1.97.Final/netty-common-4.1.97.Final.jar;C:/Users/justi/AppData/Roaming/PrismLauncher/libraries/io/netty/netty-handler/4.1.97.Final/netty-handler-4.1.97.Final.jar;C:/Users/justi/AppData/Roaming/PrismLauncher/libraries/io/netty/netty-resolver/4.1.97.Final/netty-resolver-4.1.97.Final.jar;C:/Users/justi/AppData/Roaming/PrismLauncher/libraries/io/netty/netty-transport-classes-epoll/4.1.97.Final/netty-transport-classes-epoll-4.1.97.Final.jar;C:/Users/justi/AppData/Roaming/PrismLauncher/libraries/io/netty/netty-transport-native-unix-common/4.1.97.Final/netty-transport-native-unix-common-4.1.97.Final.jar;C:/Users/justi/AppData/Roaming/PrismLauncher/libraries/io/netty/netty-transport/4.1.97.Final/netty-transport-4.1.97.Final.jar;C:/Users/justi/AppData/Roaming/PrismLauncher/libraries/it/unimi/dsi/fastutil/8.5.12/fastutil-8.5.12.jar;C:/Users/justi/AppData/Roaming/PrismLauncher/libraries/net/java/dev/jna/jna-platform/5.14.0/jna-platform-5.14.0.jar;C:/Users/justi/AppData/Roaming/PrismLauncher/libraries/net/java/dev/jna/jna/5.14.0/jna-5.14.0.jar;C:/Users/justi/AppData/Roaming/PrismLauncher/libraries/net/sf/jopt-simple/jopt-simple/5.0.4/jopt-simple-5.0.4.jar;C:/Users/justi/AppData/Roaming/PrismLauncher/libraries/org/apache/commons/commons-compress/1.26.0/commons-compress-1.26.0.jar;C:/Users/justi/AppData/Roaming/PrismLauncher/libraries/org/apache/commons/commons-lang3/3.14.0/commons-lang3-3.14.0.jar;C:/Users/justi/AppData/Roaming/PrismLauncher/libraries/org/apache/httpcomponents/httpclient/4.5.13/httpclient-4.5.13.jar;C:/Users/justi/AppData/Roaming/PrismLauncher/libraries/org/apache/httpcomponents/httpcore/4.4.16/httpcore-4.4.16.jar;C:/Users/justi/AppData/Roaming/PrismLauncher/libraries/org/apache/logging/log4j/log4j-api/2.22.1/log4j-api-2.22.1.jar;C:/Users/justi/AppData/Roaming/PrismLauncher/libraries/org/apache/logging/log4j/log4j-core/2.22.1/log4j-core-2.22.1.jar;C:/Users/justi/AppData/Roaming/PrismLauncher/libraries/org/apache/logging/log4j/log4j-slf4j2-impl/2.22.1/log4j-slf4j2-impl-2.22.1.jar;C:/Users/justi/AppData/Roaming/PrismLauncher/libraries/org/jcraft/jorbis/0.0.17/jorbis-0.0.17.jar;C:/Users/justi/AppData/Roaming/PrismLauncher/libraries/org/joml/joml/1.10.5/joml-1.10.5.jar;C:/Users/justi/AppData/Roaming/PrismLauncher/libraries/org/lz4/lz4-java/1.8.0/lz4-java-1.8.0.jar;C:/Users/justi/AppData/Roaming/PrismLauncher/libraries/org/slf4j/slf4j-api/2.0.9/slf4j-api-2.0.9.jar;C:/Users/justi/AppData/Roaming/PrismLauncher/libraries/io/github/zekerzhayard/ForgeWrapper/prism-2025-12-07/ForgeWrapper-prism-2025-12-07.jar;C:/Users/justi/AppData/Roaming/PrismLauncher/libraries/net/neoforged/fancymodloader/earlydisplay/4.0.42/earlydisplay-4.0.42.jar;C:/Users/justi/AppData/Roaming/PrismLauncher/libraries/net/neoforged/fancymodloader/loader/4.0.42/loader-4.0.42.jar;C:/Users/justi/AppData/Roaming/PrismLauncher/libraries/net/neoforged/accesstransformers/at-modlauncher/10.0.1/at-modlauncher-10.0.1.jar;C:/Users/justi/AppData/Roaming/PrismLauncher/libraries/net/neoforged/accesstransformers/10.0.1/accesstransformers-10.0.1.jar;C:/Users/justi/AppData/Roaming/PrismLauncher/libraries/net/neoforged/bus/8.0.5/bus-8.0.5.jar;C:/Users/justi/AppData/Roaming/PrismLauncher/libraries/net/neoforged/coremods/7.0.3/coremods-7.0.3.jar;C:/Users/justi/AppData/Roaming/PrismLauncher/libraries/cpw/mods/modlauncher/11.0.5/modlauncher-11.0.5.jar;C:/Users/justi/AppData/Roaming/PrismLauncher/libraries/net/neoforged/mergetool/2.0.0/mergetool-2.0.0-api.jar;C:/Users/justi/AppData/Roaming/PrismLauncher/libraries/com/electronwill/night-config/toml/3.8.3/toml-3.8.3.jar;C:/Users/justi/AppData/Roaming/PrismLauncher/libraries/com/electronwill/night-config/core/3.8.3/core-3.8.3.jar;C:/Users/justi/AppData/Roaming/PrismLauncher/libraries/net/neoforged/JarJarSelector/0.4.1/JarJarSelector-0.4.1.jar;C:/Users/justi/AppData/Roaming/PrismLauncher/libraries/net/neoforged/JarJarMetadata/0.4.1/JarJarMetadata-0.4.1.jar;C:/Users/justi/AppData/Roaming/PrismLauncher/libraries/org/apache/maven/maven-artifact/3.8.5/maven-artifact-3.8.5.jar;C:/Users/justi/AppData/Roaming/PrismLauncher/libraries/net/jodah/typetools/0.6.3/typetools-0.6.3.jar;C:/Users/justi/AppData/Roaming/PrismLauncher/libraries/net/minecrell/terminalconsoleappender/1.3.0/terminalconsoleappender-1.3.0.jar;C:/Users/justi/AppData/Roaming/PrismLauncher/libraries/net/fabricmc/sponge-mixin/0.15.2+mixin.0.8.7/sponge-mixin-0.15.2+mixin.0.8.7.jar;C:/Users/justi/AppData/Roaming/PrismLauncher/libraries/org/openjdk/nashorn/nashorn-core/15.4/nashorn-core-15.4.jar;C:/Users/justi/AppData/Roaming/PrismLauncher/libraries/cpw/mods/bootstraplauncher/2.0.2/bootstraplauncher-2.0.2.jar;C:/Users/justi/AppData/Roaming/PrismLauncher/libraries/cpw/mods/securejarhandler/3.0.8/securejarhandler-3.0.8.jar;C:/Users/justi/AppData/Roaming/PrismLauncher/libraries/org/ow2/asm/asm-commons/9.8/asm-commons-9.8.jar;C:/Users/justi/AppData/Roaming/PrismLauncher/libraries/org/ow2/asm/asm-util/9.8/asm-util-9.8.jar;C:/Users/justi/AppData/Roaming/PrismLauncher/libraries/org/ow2/asm/asm-analysis/9.8/asm-analysis-9.8.jar;C:/Users/justi/AppData/Roaming/PrismLauncher/libraries/org/ow2/asm/asm-tree/9.8/asm-tree-9.8.jar;C:/Users/justi/AppData/Roaming/PrismLauncher/libraries/org/ow2/asm/asm/9.8/asm-9.8.jar;C:/Users/justi/AppData/Roaming/PrismLauncher/libraries/net/neoforged/JarJarFileSystems/0.4.1/JarJarFileSystems-0.4.1.jar;C:/Users/justi/AppData/Roaming/PrismLauncher/libraries/org/antlr/antlr4-runtime/4.13.1/antlr4-runtime-4.13.1.jar;C:/Users/justi/AppData/Roaming/PrismLauncher/libraries/org/jline/jline-reader/3.20.0/jline-reader-3.20.0.jar;C:/Users/justi/AppData/Roaming/PrismLauncher/libraries/org/jline/jline-terminal/3.20.0/jline-terminal-3.20.0.jar;C:/Users/justi/AppData/Roaming/PrismLauncher/libraries/net/minecraftforge/srgutils/0.4.15/srgutils-0.4.15.jar;C:/Users/justi/AppData/Roaming/PrismLauncher/libraries/com/google/guava/listenablefuture/9999.0-empty-to-avoid-conflict-with-guava/listenablefuture-9999.0-empty-to-avoid-conflict-with-guava.jar;C:/Users/justi/AppData/Roaming/PrismLauncher/libraries/com/google/code/findbugs/jsr305/3.0.2/jsr305-3.0.2.jar;C:/Users/justi/AppData/Roaming/PrismLauncher/libraries/org/checkerframework/checker-qual/3.33.0/checker-qual-3.33.0.jar;C:/Users/justi/AppData/Roaming/PrismLauncher/libraries/com/google/errorprone/error_prone_annotations/2.18.0/error_prone_annotations-2.18.0.jar;C:/Users/justi/AppData/Roaming/PrismLauncher/libraries/com/google/j2objc/j2objc-annotations/2.8/j2objc-annotations-2.8.jar;C:/Users/justi/AppData/Roaming/PrismLauncher/libraries/org/codehaus/plexus/plexus-utils/3.3.0/plexus-utils-3.3.0.jar;C:/Users/justi/AppData/Roaming/PrismLauncher/libraries/com/machinezoo/noexception/noexception/1.7.1/noexception-1.7.1.jar;C:/Users/justi/AppData/Roaming/PrismLauncher/libraries/com/mojang/minecraft/1.21.1/minecraft-1.21.1-client.jar
Launcher Type: SUN_STANDARD

[Global flags]
     intx CICompilerCount                          = 12                                        {product} {ergonomic}
    ccstr HeapDumpPath                             = MojangTricksIntelDriversForPerformance_javaw.exe_minecraft.exe.heapdump         {manageable} {command line}
   size_t InitialHeapSize                          = 17179869184                               {product} {command line}
   size_t MaxHeapSize                              = 17179869184                               {product} {command line}
   size_t MinHeapDeltaBytes                        = 2097152                                   {product} {ergonomic}
   size_t MinHeapSize                              = 17179869184                               {product} {command line}
    uintx NonNMethodCodeHeapSize                   = 7602480                                {pd product} {ergonomic}
    uintx NonProfiledCodeHeapSize                  = 122027880                              {pd product} {ergonomic}
    uintx ProfiledCodeHeapSize                     = 122027880                              {pd product} {ergonomic}
    uintx ReservedCodeCacheSize                    = 251658240                              {pd product} {ergonomic}
     bool SegmentedCodeCache                       = true                                      {product} {ergonomic}
   size_t SoftMaxHeapSize                          = 17179869184                            {manageable} {ergonomic}
     bool UseCompressedOops                        = false                          {product lp64_product} {ergonomic}
     bool UseLargePagesIndividualAllocation        = false                                  {pd product} {ergonomic}
     bool UseZGC                                   = true                                      {product} {command line}
     bool ZGenerational                            = true                                      {product} {command line}
     bool ZUncommit                                = false                                     {product} {ergonomic}

Logging:
Log output configuration:
 #0: stdout all=warning uptime,level,tags foldmultilines=false
 #1: stderr all=off uptime,level,tags foldmultilines=false

Environment Variables:
PATH=C:\Program Files\Common Files\Oracle\Java\javapath;C:\WINDOWS\system32;C:\WINDOWS;C:\WINDOWS\System32\Wbem;C:\WINDOWS\System32\WindowsPowerShell\v1.0\;C:\WINDOWS\System32\OpenSSH\;C:\Program Files (x86)\NVIDIA Corporation\PhysX\Common;C:\Program Files\Git\cmd;C:\Program Files\dotnet\;C:\Program Files\nodejs\;C:\Program Files (x86)\Windows Kits\10\Windows Performance Toolkit\;C:\Users\justi\AppData\Local\Programs\Python\Python314\Scripts\;C:\Users\justi\AppData\Local\Programs\Python\Python314\;C:\Users\justi\AppData\Local\Programs\Python\Launcher\;C:\Users\justi\AppData\Local\Microsoft\WindowsApps;C:\Users\justi\AppData\Local\JetBrains\Toolbox\scripts;C:\Users\justi\AppData\Local\PowerToys\DSCModules\;C:\Users\justi\AppData\Local\Programs\Microsoft VS Code\bin;C:\Users\justi\AppData\Roaming\npm;C:\Users\justi\AppData\Local\Programs\Ollama;C:\Users\justi\AppData\Local\Programs\Antigravity\bin;C:\Users\justi\AppData\Local\GitHubDesktop\bin
USERNAME=justi
OS=Windows_NT
PROCESSOR_IDENTIFIER=AMD64 Family 26 Model 68 Stepping 0, AuthenticAMD
TMP=C:\Users\justi\AppData\Local\Temp
TEMP=C:\Users\justi\AppData\Local\Temp




Periodic native trim disabled

---------------  S Y S T E M  ---------------

OS:
 Windows 11 , 64 bit Build 26100 (10.0.26100.8246)
OS uptime: 0 days 8:55 hours
Hyper-V role detected

CPU: total 24 (initial active 24) (24 cores per cpu, 2 threads per core) family 26 model 68 stepping 0 microcode 0xb40401a, cx8, cmov, fxsr, ht, mmx, 3dnowpref, sse, sse2, sse3, ssse3, sse4a, sse4.1, sse4.2, popcnt, lzcnt, tsc, tscinvbit, avx, avx2, aes, erms, clmul, bmi1, bmi2, adx, avx512f, avx512dq, avx512cd, avx512bw, avx512vl, sha, fma, vzeroupper, avx512_vpopcntdq, avx512_vpclmulqdq, avx512_vaes, avx512_vnni, clflush, clflushopt, avx512_vbmi2, avx512_vbmi, hv, rdtscp, rdpid, fsrm, gfni, avx512_bitalg, f16c, cet_ss, avx512_ifma
Processor Information for the first 24 processors :
  Max Mhz: 4400, Current Mhz: 4400, Mhz Limit: 4400

Memory: 4k page, system-wide physical 31848M (1442M free)
TotalPageFile size 50094M (AvailPageFile size 1029M)
current process WorkingSet (physical memory assigned to process): 19590M, peak: 19824M
current process commit charge ("private bytes"): 6064M, peak: 6193M

vm_info: OpenJDK 64-Bit Server VM (21.0.7+6-LTS) for windows-amd64 JRE (21.0.7+6-LTS), built on 2025-04-09T22:17:25Z by "MicrosoftCorporation" with unknown MS VC++:1939

END.
