#
# A fatal error has been detected by the Java Runtime Environment:
#
#  EXCEPTION_ACCESS_VIOLATION (0xc0000005) at pc=0x00007fff50d84cc0, pid=10128, tid=16196
#
# JRE version: OpenJDK Runtime Environment Microsoft-11369940 (21.0.7+6) (build 21.0.7+6-LTS)
# Java VM: OpenJDK 64-Bit Server VM Microsoft-11369940 (21.0.7+6-LTS, mixed mode, tiered, compressed class ptrs, z gc, windows-amd64)
# Problematic frame:
# C  [nvoglv64.dll+0xb64cc0]
#
# No core dump will be written. Minidumps are not enabled by default on client versions of Windows
#
# If you would like to submit a bug report, please visit:
#   https://aka.ms/minecraftjavacrashes
# The crash happened outside the Java Virtual Machine in native code.
# See problematic frame for where to report the bug.
#

---------------  S U M M A R Y ------------

Command Line: -XX:+UseZGC -XX:+ZGenerational -XX:HeapDumpPath=MojangTricksIntelDriversForPerformance_javaw.exe_minecraft.exe.heapdump -Xms16384m -Xmx16384m -Duser.language=en -Djava.library.path=C:/Users/justi/AppData/Roaming/PrismLauncher/instances/Optimized fps/natives org.prismlauncher.EntryPoint

Host: AMD Ryzen 9 9900X 12-Core Processor            , 24 cores, 31G,  Windows 11 , 64 bit Build 26100 (10.0.26100.8246)
Time: Fri Apr 24 22:46:48 2026 Pacific Daylight Time elapsed time: 209.018982 seconds (0d 0h 3m 29s)

---------------  T H R E A D  ---------------

Current thread (0x000001af56e73600):  JavaThread "Render thread"        [_thread_in_native, id=16196, stack(0x000000ab8cd00000,0x000000ab8ce00000) (1024K)]

Stack: [0x000000ab8cd00000,0x000000ab8ce00000],  sp=0x000000ab8cdfd088,  free space=1012k
Native frames: (J=compiled Java code, j=interpreted, Vv=VM code, C=native code)
C  [nvoglv64.dll+0xb64cc0]

Java frames: (J=compiled Java code, j=interpreted, Vv=VM code)
J 6156  org.lwjgl.opengl.GL11C.nglDrawElements(IIIJ)V org.lwjgl.opengl@3.3.3+5 (0 bytes) @ 0x000001af6326011e [0x000001af632600c0+0x000000000000005e]
J 61461 c2 com.seibel.distanthorizons.common.render.openGl.terrain.GlDhTerrainShaderProgram_neoforge.render(Lcom/seibel/distanthorizons/core/render/RenderParams;ZLcom/seibel/distanthorizons/core/util/objects/SortedArraySet;Lcom/seibel/distanthorizons/core/wrapperInterfaces/minecraft/IProfilerWrapper;)V distanthorizons@3.0.1-b (406 bytes) @ 0x000001af6471a370 [0x000001af6471a140+0x0000000000000230]
J 79279 c2 com.seibel.distanthorizons.core.render.renderer.LodRenderer.renderTerrain(Lcom/seibel/distanthorizons/core/wrapperInterfaces/render/renderPass/IDhTerrainRenderer;Lcom/seibel/distanthorizons/core/render/RenderBufferHandler;Lcom/seibel/distanthorizons/core/render/RenderParams;ZLcom/seibel/distanthorizons/core/wrapperInterfaces/minecraft/IProfilerWrapper;)V distanthorizons@3.0.1-b (25 bytes) @ 0x000001af63576bc4 [0x000001af63576b40+0x0000000000000084]
J 71190 c1 com.seibel.distanthorizons.core.render.renderer.LodRenderer.renderTerrain(Lcom/seibel/distanthorizons/core/render/RenderParams;Lcom/seibel/distanthorizons/core/wrapperInterfaces/minecraft/IProfilerWrapper;Z)V distanthorizons@3.0.1-b (711 bytes) @ 0x000001af5edccfc4 [0x000001af5edcbfa0+0x0000000000001024]
J 74210 c2 com.seibel.distanthorizons.core.api.internal.ClientApi.renderLodLayer(Z)V distanthorizons@3.0.1-b (799 bytes) @ 0x000001af668c3d88 [0x000001af668c36a0+0x00000000000006e8]
J 71070 c2 net.minecraft.client.renderer.LevelRenderer.renderSectionLayer(Lnet/minecraft/client/renderer/RenderType;DDDLorg/joml/Matrix4f;Lorg/joml/Matrix4f;)V minecraft@1.21.1 (104 bytes) @ 0x000001af6617f760 [0x000001af6617ee00+0x0000000000000960]
J 77400 c2 net.minecraft.client.renderer.LevelRenderer.renderLevel(Lnet/minecraft/client/DeltaTracker;ZLnet/minecraft/client/Camera;Lnet/minecraft/client/renderer/GameRenderer;Lnet/minecraft/client/renderer/LightTexture;Lorg/joml/Matrix4f;Lorg/joml/Matrix4f;)V minecraft@1.21.1 (3786 bytes) @ 0x000001af669ce7d0 [0x000001af669cd620+0x00000000000011b0]
J 73815 c1 net.minecraft.client.renderer.GameRenderer.renderLevel(Lnet/minecraft/client/DeltaTracker;)V minecraft@1.21.1 (818 bytes) @ 0x000001af5cc7f994 [0x000001af5cc7be20+0x0000000000003b74]
J 72260 c1 net.minecraft.client.renderer.GameRenderer.render(Lnet/minecraft/client/DeltaTracker;Z)V minecraft@1.21.1 (1231 bytes) @ 0x000001af5f57187c [0x000001af5f570500+0x000000000000137c]
J 72256 c1 net.minecraft.client.Minecraft.runTick(Z)V minecraft@1.21.1 (1171 bytes) @ 0x000001af5faa8944 [0x000001af5faa52a0+0x00000000000036a4]
j  net.minecraft.client.Minecraft.run()V+102 minecraft@1.21.1
j  net.minecraft.client.main.Main.main([Ljava/lang/String;)V+1630 minecraft@1.21.1
j  java.lang.invoke.LambdaForm$DMH+0x0000000080004000.invokeStatic(Ljava/lang/Object;Ljava/lang/Object;)V+10 java.base@21.0.7
j  java.lang.invoke.LambdaForm$MH+0x000000008010a000.invoke(Ljava/lang/Object;Ljava/lang/Object;Ljava/lang/Object;)Ljava/lang/Object;+33 java.base@21.0.7
J 10259 c1 jdk.internal.reflect.DirectMethodHandleAccessor.invoke(Ljava/lang/Object;[Ljava/lang/Object;)Ljava/lang/Object; java.base@21.0.7 (92 bytes) @ 0x000001af5c30807c [0x000001af5c307bc0+0x00000000000004bc]
J 10632 c1 java.lang.reflect.Method.invoke(Ljava/lang/Object;[Ljava/lang/Object;)Ljava/lang/Object; java.base@21.0.7 (108 bytes) @ 0x000001af5c3ab2d4 [0x000001af5c3aadc0+0x0000000000000514]
j  net.neoforged.fml.loading.targets.CommonLaunchHandler.runTarget(Ljava/lang/String;[Ljava/lang/String;Ljava/lang/ModuleLayer;)V+42 fml_loader@4.0.42
j  net.neoforged.fml.loading.targets.CommonLaunchHandler.clientService([Ljava/lang/String;Ljava/lang/ModuleLayer;)V+6 fml_loader@4.0.42
j  net.neoforged.fml.loading.targets.CommonClientLaunchHandler.runService([Ljava/lang/String;Ljava/lang/ModuleLayer;)V+3 fml_loader@4.0.42
j  net.neoforged.fml.loading.targets.CommonLaunchHandler.lambda$launchService$4([Ljava/lang/String;Ljava/lang/ModuleLayer;)V+3 fml_loader@4.0.42
j  net.neoforged.fml.loading.targets.CommonLaunchHandler$$Lambda+0x0000000080624fe0.run()V+12 fml_loader@4.0.42
j  cpw.mods.modlauncher.LaunchServiceHandlerDecorator.launch([Ljava/lang/String;Ljava/lang/ModuleLayer;)V+11 cpw.mods.modlauncher@11.0.5
j  cpw.mods.modlauncher.LaunchServiceHandler.launch(Ljava/lang/String;[Ljava/lang/String;Ljava/lang/ModuleLayer;Lcpw/mods/modlauncher/TransformingClassLoader;Lcpw/mods/modlauncher/LaunchPluginHandler;)V+58 cpw.mods.modlauncher@11.0.5
j  cpw.mods.modlauncher.LaunchServiceHandler.launch(Lcpw/mods/modlauncher/ArgumentHandler;Ljava/lang/ModuleLayer;Lcpw/mods/modlauncher/TransformingClassLoader;Lcpw/mods/modlauncher/LaunchPluginHandler;)V+21 cpw.mods.modlauncher@11.0.5
j  cpw.mods.modlauncher.Launcher.run([Ljava/lang/String;)V+288 cpw.mods.modlauncher@11.0.5
j  cpw.mods.modlauncher.Launcher.main([Ljava/lang/String;)V+123 cpw.mods.modlauncher@11.0.5
j  cpw.mods.modlauncher.BootstrapLaunchConsumer.accept([Ljava/lang/String;)V+1 cpw.mods.modlauncher@11.0.5
j  cpw.mods.modlauncher.BootstrapLaunchConsumer.accept(Ljava/lang/Object;)V+5 cpw.mods.modlauncher@11.0.5
j  cpw.mods.bootstraplauncher.BootstrapLauncher.run(Z[Ljava/lang/String;)V+703 cpw.mods.bootstraplauncher@2.0.2
j  cpw.mods.bootstraplauncher.BootstrapLauncher.main([Ljava/lang/String;)V+2 cpw.mods.bootstraplauncher@2.0.2
j  java.lang.invoke.LambdaForm$DMH+0x0000000080004000.invokeStatic(Ljava/lang/Object;Ljava/lang/Object;)V+10 java.base@21.0.7
j  java.lang.invoke.LambdaForm$MH+0x000000008010a000.invoke(Ljava/lang/Object;Ljava/lang/Object;Ljava/lang/Object;)Ljava/lang/Object;+33 java.base@21.0.7
J 1077 c1 java.lang.invoke.Invokers$Holder.invokeExact_MT(Ljava/lang/Object;Ljava/lang/Object;Ljava/lang/Object;Ljava/lang/Object;)Ljava/lang/Object; java.base@21.0.7 (24 bytes) @ 0x000001af5b43856c [0x000001af5b437f40+0x000000000000062c]
j  jdk.internal.reflect.DirectMethodHandleAccessor.invokeImpl(Ljava/lang/Object;[Ljava/lang/Object;)Ljava/lang/Object;+55 java.base@21.0.7
j  jdk.internal.reflect.DirectMethodHandleAccessor.invoke(Ljava/lang/Object;[Ljava/lang/Object;)Ljava/lang/Object;+23 java.base@21.0.7
j  java.lang.reflect.Method.invoke(Ljava/lang/Object;[Ljava/lang/Object;)Ljava/lang/Object;+102 java.base@21.0.7
j  io.github.zekerzhayard.forgewrapper.installer.Main.main([Ljava/lang/String;)V+569
j  java.lang.invoke.LambdaForm$DMH+0x0000000080004400.invokeStaticInit(Ljava/lang/Object;Ljava/lang/Object;)V+10 java.base@21.0.7
j  java.lang.invoke.LambdaForm$MH+0x0000000080004c00.invokeExact_MT(Ljava/lang/Object;Ljava/lang/Object;Ljava/lang/Object;)V+19 java.base@21.0.7
j  org.prismlauncher.launcher.impl.StandardLauncher.launch()V+253
j  org.prismlauncher.EntryPoint.listen()Lorg/prismlauncher/EntryPoint$ExitCode;+344
j  org.prismlauncher.EntryPoint.main([Ljava/lang/String;)V+0
v  ~StubRoutines::call_stub 0x000001af626a10d9

siginfo: EXCEPTION_ACCESS_VIOLATION (0xc0000005), reading address 0x0000000000000000


Registers:
RAX=0x0000000000000000, RBX=0x0000000000000000, RCX=0x000001b3bfae0638, RDX=0x0000000000000004
RSP=0x000000ab8cdfd088, RBP=0x0000000000000001, RSI=0x000000000000d3cc, RDI=0x000001b3a624b3c8
R8 =0x0000000000000010, R9 =0x000000000000d3cc, R10=0x0000000000000010, R11=0x0000000000000010
R12=0x000001b3bfae0638, R13=0x0000000000000000, R14=0x0000000000000001, R15=0x000001b4abd9dfac
RIP=0x00007fff50d84cc0, EFLAGS=0x0000000000010202

XMM[0]=0x10c0000000000000 0x000000000000089d
XMM[1]=0x0000000000000000 0x0000000010c00000
XMM[2]=0x0000000000000000 0x0000000000000000
XMM[3]=0x0000000000000000 0x0000000000000000
XMM[4]=0x0000d3ca0000d3ca 0x0000d3c90000d3c8
XMM[5]=0x0000000000000000 0x000000003c23d70a
XMM[6]=0x0000000000000000 0x000000001ad2073e
XMM[7]=0x0000000000000000 0x000000003ee2acd0
XMM[8]=0x0000000000000000 0x00000000be3f4dec
XMM[9]=0x0000000000000000 0x000000009b9a0020
XMM[10]=0x0000000000000000 0x0000000080000000
XMM[11]=0x0000000000000000 0x000000003f6bdc46
XMM[12]=0x0000000000000000 0x0000000080000000
XMM[13]=0x0000000000000000 0x0000000000000000
XMM[14]=0x0000000000000000 0x000000003ec70e74
XMM[15]=0x0000000000000000 0x0000000080000000
  MXCSR=0x00001fb7


Register to memory mapping:

RAX=0x0 is null
RBX=0x0 is null
RCX=0x000001b3bfae0638 points into unknown readable memory: 0xff1c4624050f0028 | 28 00 0f 05 24 46 1c ff
RDX=0x0000000000000004 is an unknown value
RSP=0x000000ab8cdfd088 is pointing into the stack for thread: 0x000001af56e73600
RBP=0x0000000000000001 is an unknown value
RSI=0x000000000000d3cc is an unknown value
RDI=0x000001b3a624b3c8 points into unknown readable memory: 0x0000000000000000 | 00 00 00 00 00 00 00 00
R8 =0x0000000000000010 is an unknown value
R9 =0x000000000000d3cc is an unknown value
R10=0x0000000000000010 is an unknown value
R11=0x0000000000000010 is an unknown value
R12=0x000001b3bfae0638 points into unknown readable memory: 0xff1c4624050f0028 | 28 00 0f 05 24 46 1c ff
R13=0x0 is null
R14=0x0000000000000001 is an unknown value
R15=0x000001b4abd9dfac points into unknown readable memory: 00 41 00 00

Top of Stack: (sp=0x000000ab8cdfd088)
0x000000ab8cdfd088:   00007fff50e310e4 0000000000000000
0x000000ab8cdfd098:   00007fff50220000 0000000000108bf0
0x000000ab8cdfd0a8:   000001af0a805650 00007fff51cc9228
0x000000ab8cdfd0b8:   00007fff50cade5e 0000000000000003
0x000000ab8cdfd0c8:   0000000100000001 000000001c1c9228
0x000000ab8cdfd0d8:   00007fff5296d870 000001af0a80d180
0x000000ab8cdfd0e8:   10c0000000000000 000001b3a624b3c8
0x000000ab8cdfd0f8:   00007fff50cadabe 0000000000000000
0x000000ab8cdfd108:   0000000000000000 000000000000d3cc
0x000000ab8cdfd118:   000001af0a805650 000001b3a624b3c8
0x000000ab8cdfd128:   000001af0ee20000 0000000000013db2
0x000000ab8cdfd138:   0000000000013db2 0000000000001405
0x000000ab8cdfd148:   00007fff50e22593 000001af0ee20000
0x000000ab8cdfd158:   0000000000000000 000000000000d3cc
0x000000ab8cdfd168:   000001af00000000 000000ab00001400
0x000000ab8cdfd178:   0000000000000000 000000ab8cdfd190
0x000000ab8cdfd188:   000000ab8cdfd194 0000d3cc00000000
0x000000ab8cdfd198:   000000000000089d 000000ab8cdfd240
0x000000ab8cdfd1a8:   ffff80ac3b12cd58 000001b3a624b3c8
0x000000ab8cdfd1b8:   0000000000000000 00000000ffffffff
0x000000ab8cdfd1c8:   000001af0a805650 0000000000000200
0x000000ab8cdfd1d8:   0000000000000004 000001af0ee20000
0x000000ab8cdfd1e8:   00007fff50e23a7a 0000000000000000
0x000000ab8cdfd1f8:   0000000000000004 0000000000000000
0x000000ab8cdfd208:   0000000000000000 000001b300013db2
0x000000ab8cdfd218:   00007fff00001405 0000000000000000
0x000000ab8cdfd228:   0000000000000000 0000000000000000
0x000000ab8cdfd238:   00000001506df50d 000000000000089d
0x000000ab8cdfd248:   00c0000000000000 00007fff50876250
0x000000ab8cdfd258:   0000000000000010 0000000000013db2
0x000000ab8cdfd268:   00007fff50df7956 000001af0ee20000
0x000000ab8cdfd278:   000001af0bc2cfc0 000001af0a805650 

Instructions: (pc=0x00007fff50d84cc0)
0x00007fff50d84bc0:   0f b7 42 fc 89 01 0f b7 42 fe 89 41 04 0f b7 02
0x00007fff50d84bd0:   49 03 d2 89 41 08 48 83 c1 0c 41 83 e9 01 75 e0
0x00007fff50d84be0:   48 8b c1 c3 cc cc cc cc cc cc cc cc cc cc cc cc
0x00007fff50d84bf0:   4d 63 d0 48 83 c2 02 66 0f 1f 84 00 00 00 00 00
0x00007fff50d84c00:   0f be 42 fe 89 01 0f be 42 ff 89 41 04 0f be 02
0x00007fff50d84c10:   89 41 08 0f be 42 01 49 03 d2 89 41 0c 48 83 c1
0x00007fff50d84c20:   10 41 83 e9 01 75 d9 48 8b c1 c3 cc cc cc cc cc
0x00007fff50d84c30:   4d 63 d0 48 83 c2 02 66 0f 1f 84 00 00 00 00 00
0x00007fff50d84c40:   0f b6 42 fe 89 01 0f b6 42 ff 89 41 04 0f b6 02
0x00007fff50d84c50:   89 41 08 0f b6 42 01 49 03 d2 89 41 0c 48 83 c1
0x00007fff50d84c60:   10 41 83 e9 01 75 d9 48 8b c1 c3 cc cc cc cc cc
0x00007fff50d84c70:   4d 63 d0 48 83 c2 04 66 0f 1f 84 00 00 00 00 00
0x00007fff50d84c80:   0f bf 42 fc 89 01 0f bf 42 fe 89 41 04 0f bf 02
0x00007fff50d84c90:   89 41 08 0f bf 42 02 49 03 d2 89 41 0c 48 83 c1
0x00007fff50d84ca0:   10 41 83 e9 01 75 d9 48 8b c1 c3 cc cc cc cc cc
0x00007fff50d84cb0:   4d 63 d0 48 83 c2 04 66 0f 1f 84 00 00 00 00 00
0x00007fff50d84cc0:   0f b7 42 fc 89 01 0f b7 42 fe 89 41 04 0f b7 02
0x00007fff50d84cd0:   89 41 08 0f b7 42 02 49 03 d2 89 41 0c 48 83 c1
0x00007fff50d84ce0:   10 41 83 e9 01 75 d9 48 8b c1 c3 cc cc cc cc cc
0x00007fff50d84cf0:   4d 63 d0 8b 02 0f 57 c0 49 03 d2 f3 48 0f 2a c0
0x00007fff50d84d00:   f3 0f 11 01 48 83 c1 04 41 83 e9 01 75 e5 48 8b
0x00007fff50d84d10:   c1 c3 cc cc cc cc cc cc cc cc cc cc cc cc cc cc
0x00007fff50d84d20:   4d 63 d0 8b 02 0f 57 c0 0f 57 c9 f3 48 0f 2a c0
0x00007fff50d84d30:   f3 0f 11 01 8b 42 04 49 03 d2 f3 48 0f 2a c8 f3
0x00007fff50d84d40:   0f 11 49 04 48 83 c1 08 41 83 e9 01 75 d5 48 8b
0x00007fff50d84d50:   c1 c3 cc cc cc cc cc cc cc cc cc cc cc cc cc cc
0x00007fff50d84d60:   4d 63 d0 48 83 c2 08 66 0f 1f 84 00 00 00 00 00
0x00007fff50d84d70:   8b 42 f8 0f 57 c0 0f 57 c9 f3 48 0f 2a c0 f3 0f
0x00007fff50d84d80:   11 01 0f 57 c0 8b 42 fc f3 48 0f 2a c8 f3 0f 11
0x00007fff50d84d90:   49 04 8b 02 49 03 d2 f3 48 0f 2a c0 f3 0f 11 41
0x00007fff50d84da0:   08 48 83 c1 0c 41 83 e9 01 75 c5 48 8b c1 c3 cc
0x00007fff50d84db0:   4d 63 d0 48 83 c2 08 66 0f 1f 84 00 00 00 00 00 


Stack slot to memory mapping:

stack at sp + 0 slots: 0x00007fff50e310e4 nvoglv64.dll
stack at sp + 1 slots: 0x0 is null
stack at sp + 2 slots: 0x00007fff50220000 nvoglv64.dll
stack at sp + 3 slots: 0x0000000000108bf0 is an unknown value
stack at sp + 4 slots: 0x000001af0a805650 points into unknown readable memory: 0x0000000000002000 | 00 20 00 00 00 00 00 00
stack at sp + 5 slots: 0x00007fff51cc9228 nvoglv64.dll
stack at sp + 6 slots: 0x00007fff50cade5e nvoglv64.dll
stack at sp + 7 slots: 0x0000000000000003 is an unknown value


Compiled method (n/a) 209135 6156     n 0       org.lwjgl.opengl.GL11C::nglDrawElements (native)
 total in heap  [0x000001af6325ff10,0x000001af632602e0] = 976
 relocation     [0x000001af63260070,0x000001af632600a8] = 56
 main code      [0x000001af632600c0,0x000001af632602d7] = 535
 stub code      [0x000001af632602d7,0x000001af632602d8] = 1
 oops           [0x000001af632602d8,0x000001af632602e0] = 8

[Constant Pool (empty)]

[MachCode]
[Entry Point]
  # {method} {0x000001af02c4f6d8} 'nglDrawElements' '(IIIJ)V' in 'org/lwjgl/opengl/GL11C'
  # parm0:    rdx       = int
  # parm1:    r8        = int
  # parm2:    r9        = int
  # parm3:    rdi:rdi   = long
  #           [sp+0x80]  (sp of caller)
  0x000001af632600c0: 448b 5208 | 493b c20f | 840b 0000 

  0x000001af632600cc: ;   {runtime_call ic_miss_stub}
  0x000001af632600cc: 00e9 aee5 | 48ff 660f | 1f44 0000 
[Verified Entry Point]
  0x000001af632600d8: 8984 2400 | 80ff ff55 | 488b ec48 | 83ec 7090 | 4181 7f58 | 204a 0000 

  0x000001af632600f0: ;   {runtime_call StubRoutines (final stubs)}
  0x000001af632600f0: 7405 e8a9 | f247 ff48 | 897c 2428 | 4c89 4c24 | 204d 8bc8 

  0x000001af63260104: ;   {oop(a 'java/lang/Class'{0x000004008fa0c040} = 'org/lwjgl/opengl/GL11C')}
  0x000001af63260104: 4c8b c249 | be40 c0a0 | 8f00 0400 | 004c 8974 | 2460 4c8d | 7424 6049 | 8bd6 c5f8 

  0x000001af63260120: ;   {internal_word}
  0x000001af63260120: 7749 ba1e | 0126 63af | 0100 004d | 8997 a003 | 0000 4989 | a798 0300 

  0x000001af63260138: ;   {external_word}
  0x000001af63260138: 0049 ba2f | dc2d 2bff | 7f00 0041 | 803a 000f | 844e 0000 | 0052 4150 

  0x000001af63260150: ;   {metadata({method} {0x000001af02c4f6d8} 'nglDrawElements' '(IIIJ)V' in 'org/lwjgl/opengl/GL11C')}
  0x000001af63260150: 4151 48ba | d0f6 c402 | af01 0000 | 498b cf48 | 83ec 2040 | f6c4 0f0f | 8419 0000 | 0048 83ec 
  0x000001af63260170: ;   {runtime_call}
  0x000001af63260170: 0848 b830 | bbd7 2aff | 7f00 00ff | d048 83c4 | 08e9 0c00 

  0x000001af63260184: ;   {runtime_call}
  0x000001af63260184: 0000 48b8 | 30bb d72a | ff7f 0000 | ffd0 4883 | c420 4159 | 4158 5a49 | 8d8f b803 | 0000 41c7 
  0x000001af632601a4: 8744 0400 | 0004 0000 

  0x000001af632601ac: ;   {runtime_call}
  0x000001af632601ac: 0048 b8e0 | c6b9 0af8 | 7f00 00ff | d0c5 f877 | 41c7 8744 | 0400 0005 | 0000 00f0 | 8344 24c0 
  0x000001af632601cc: 0049 3baf | 4804 0000 | 0f87 0e00 | 0000 4183 | bf40 0400 | 0000 0f84 | 2000 0000 | c5f8 7749 
  0x000001af632601ec: 8bcf 4c8b | e448 83ec | 2048 83e4 

  0x000001af632601f8: ;   {runtime_call}
  0x000001af632601f8: f048 b8f0 | 27a3 2aff | 7f00 00ff | d049 8be4 | 41c7 8744 | 0400 0008 | 0000 0041 | 83bf c004 
  0x000001af63260218: 0000 020f | 8494 0000 

  0x000001af63260220: ;   {external_word}
  0x000001af63260220: 0049 ba2f | dc2d 2bff | 7f00 0041 | 803a 000f | 8444 0000 

  0x000001af63260234: ;   {metadata({method} {0x000001af02c4f6d8} 'nglDrawElements' '(IIIJ)V' in 'org/lwjgl/opengl/GL11C')}
  0x000001af63260234: 0048 bad0 | f6c4 02af | 0100 0049 | 8bcf 4883 | ec20 40f6 | c40f 0f84 | 1900 0000 | 4883 ec08 
  0x000001af63260254: ;   {runtime_call}
  0x000001af63260254: 48b8 30bb | d72a ff7f | 0000 ffd0 | 4883 c408 | e90c 0000 

  0x000001af63260268: ;   {runtime_call}
  0x000001af63260268: 0048 b830 | bbd7 2aff | 7f00 00ff | d048 83c4 | 2049 c787 | 9803 0000 | 0000 0000 | 49c7 87a0 
  0x000001af63260288: 0300 0000 | 0000 00c5 | f877 498b | 8f28 0400 | 00c7 8100 | 0100 0000 | 0000 00c9 | 4983 7f08 
  0x000001af632602a8: 000f 8501 | 0000 00c3 

  0x000001af632602b0: ;   {runtime_call StubRoutines (initial stubs)}
  0x000001af632602b0: e94b 0c44 | ffc5 f877 | 4c8b e448 | 83ec 2048 

  0x000001af632602c0: ;   {runtime_call}
  0x000001af632602c0: 83e4 f048 | b800 f3d7 | 2aff 7f00 | 00ff d049 | 8be4 e94a | ffff fff4 
[/MachCode]


Compiled method (c2) 209146 61461       4       com.seibel.distanthorizons.common.render.openGl.terrain.GlDhTerrainShaderProgram_neoforge::render (406 bytes)
 total in heap  [0x000001af64719d10,0x000001af6471c590] = 10368
 relocation     [0x000001af64719e70,0x000001af6471a108] = 664
 constants      [0x000001af6471a120,0x000001af6471a140] = 32
 main code      [0x000001af6471a140,0x000001af6471b2f8] = 4536
 stub code      [0x000001af6471b2f8,0x000001af6471b430] = 312
 oops           [0x000001af6471b430,0x000001af6471b450] = 32
 metadata       [0x000001af6471b450,0x000001af6471b658] = 520
 scopes data    [0x000001af6471b658,0x000001af6471bda0] = 1864
 scopes pcs     [0x000001af6471bda0,0x000001af6471c200] = 1120
 dependencies   [0x000001af6471c200,0x000001af6471c288] = 136
 handler table  [0x000001af6471c288,0x000001af6471c4f8] = 624
 nul chk table  [0x000001af6471c4f8,0x000001af6471c590] = 152


[Constant Pool]
             Address          hex4                    hex8      
  0x000001af6471a120:   0x00000000      0x3ff8000000000000      
  0x000001af6471a124:   0x3ff80000                              
  0x000001af6471a128:   0xf4f4f4f4      0xf4f4f4f4f4f4f4f4      
  0x000001af6471a12c:   0xf4f4f4f4                              
  0x000001af6471a130:   0xf4f4f4f4      0xf4f4f4f4f4f4f4f4      
  0x000001af6471a134:   0xf4f4f4f4                              
  0x000001af6471a138:   0xf4f4f4f4      0xf4f4f4f4f4f4f4f4      
  0x000001af6471a13c:   0xf4f4f4f4                              

[MachCode]
[Entry Point]
  # {method} {0x000001b3e945f6f0} 'render' '(Lcom/seibel/distanthorizons/core/render/RenderParams;ZLcom/seibel/distanthorizons/core/util/objects/SortedArraySet;Lcom/seibel/distanthorizons/core/wrapperInterfaces/minecraft/IProfilerWrapper;)V' in 'com/seibel/distanthorizons/common/render/openGl/terrain/GlDhTerrainShaderProgram_neoforge'
  # this:     rdx:rdx   = 'com/seibel/distanthorizons/common/render/openGl/terrain/GlDhTerrainShaderProgram_neoforge'
  # parm0:    r8:r8     = 'com/seibel/distanthorizons/core/render/RenderParams'
  # parm1:    r9        = boolean
  # parm2:    rdi:rdi   = 'com/seibel/distanthorizons/core/util/objects/SortedArraySet'
  # parm3:    rsi:rsi   = 'com/seibel/distanthorizons/core/wrapperInterfaces/minecraft/IProfilerWrapper'
  #           [sp+0x60]  (sp of caller)
  0x000001af6471a140: ;   {no_reloc}
  0x000001af6471a140: 448b 5208 

  0x000001af6471a144: ;   {runtime_call ic_miss_stub}
  0x000001af6471a144: 493b c20f | 8533 45fd | fd66 6690 
[Verified Entry Point]
  0x000001af6471a150: 8984 2400 | 80ff ff55 | 4883 ec50 | 4181 7f58 | 204a 0000 | 0f85 8011 | 0000 4889 | 7c24 0844 
  0x000001af6471a170: 890c 244c | 8944 2418 

  0x000001af6471a178: ;   {oop(a 'java/lang/Class'{0x0000040268191e58} = 'com/seibel/distanthorizons/core/config/Config$Client$Advanced$Debugging')}
  0x000001af6471a178: 49ba 581e | 1968 0204 | 0000 4d8b | 9ae0 0000 

  0x000001af6471a188: ;   {other}
  0x000001af6471a188: 0049 c1eb | 0f0f 878c | 0c00 0041 | 0fb6 6b0d | 85ed 0f84 | 7809 0000 | 498b 6b68 

  0x000001af6471a1a4: ;   {other}
  0x000001af6471a1a4: 48c1 ed0f | 0f87 b50c | 0000 4885 | ed0f 857d | 0900 0049 

  0x000001af6471a1b8: ;   {other}
  0x000001af6471a1b8: 8b6b 2848 | c1ed 0f0f | 87dc 0c00 | 0044 8b5d 

  0x000001af6471a1c8: ;   {metadata('java/lang/Boolean')}
  0x000001af6471a1c8: 0841 81fb | d073 0580 | 0f85 ba09 | 0000 0fb6 | 6d0c 85ed | 0f85 6e09 | 0000 ba08 | 0400 0041 
  0x000001af6471a1e8: b802 1b00 

  0x000001af6471a1ec: ;   {static_call}
  0x000001af6471a1ec: 0066 90e8 

  0x000001af6471a1f0: ; ImmutableOopMap {[8]=Oop [24]=Oop }
                      ;*invokestatic glPolygonMode {reexecute=0 rethrow=0 return_oop=0}
                      ; - org.lwjgl.opengl.GL11::glPolygonMode@2 (line 4987)
                      ; - com.seibel.distanthorizons.common.render.openGl.terrain.GlDhTerrainShaderProgram_neoforge::render@43 (line 276)
  0x000001af6471a1f0: 64b9 bb00 

  0x000001af6471a1f4: ;   {other}
  0x000001af6471a1f4: 0f1f 8400 | e404 0000 | ba44 0b00 

  0x000001af6471a200: ;   {static_call}
  0x000001af6471a200: 0066 90e8 

  0x000001af6471a204: ; ImmutableOopMap {[8]=Oop [24]=Oop }
                      ;*invokestatic glEnable {reexecute=0 rethrow=0 return_oop=0}
                      ; - org.lwjgl.opengl.GL11::glEnable@1 (line 724)
                      ; - com.seibel.distanthorizons.common.wrappers.minecraft.MinecraftGLWrapper::enableFaceCulling@3 (line 192)
                      ; - com.seibel.distanthorizons.common.render.openGl.terrain.GlDhTerrainShaderProgram_neoforge::render@49 (line 277)
  0x000001af6471a204: 5000 17ff 

  0x000001af6471a208: ;   {other}
  0x000001af6471a208: 0f1f 8400 | f804 0001 

  0x000001af6471a210: ;   {static_call}
  0x000001af6471a210: 6666 90e8 

  0x000001af6471a214: ; ImmutableOopMap {[8]=Oop [24]=Oop }
                      ;*invokestatic _enableCull {reexecute=0 rethrow=0 return_oop=0}
                      ; - com.seibel.distanthorizons.common.wrappers.minecraft.MinecraftGLWrapper::enableFaceCulling@6 (line 193)
                      ; - com.seibel.distanthorizons.common.render.openGl.terrain.GlDhTerrainShaderProgram_neoforge::render@49 (line 277)
  0x000001af6471a214: a875 97ff 

  0x000001af6471a218: ;   {other}
  0x000001af6471a218: 0f1f 8400 | 0805 0002 | bae2 0b00 | 008b 2c24 | 85ed 7454 

  0x000001af6471a22c: ;   {static_call}
  0x000001af6471a22c: 6666 90e8 

  0x000001af6471a230: ; ImmutableOopMap {[8]=Oop [24]=Oop }
                      ;*invokestatic glDisable {reexecute=0 rethrow=0 return_oop=0}
                      ; - org.lwjgl.opengl.GL11::glDisable@1 (line 737)
                      ; - com.seibel.distanthorizons.common.wrappers.minecraft.MinecraftGLWrapper::disableBlend@3 (line 137)
                      ; - com.seibel.distanthorizons.common.render.openGl.terrain.GlDhTerrainShaderProgram_neoforge::render@96 (line 289)
  0x000001af6471a230: 24c9 84fe 

  0x000001af6471a234: ;   {other}
  0x000001af6471a234: 0f1f 8400 | 2405 0003 

  0x000001af6471a23c: ;   {static_call}
  0x000001af6471a23c: 6666 90e8 

  0x000001af6471a240: ; ImmutableOopMap {[8]=Oop [24]=Oop }
                      ;*invokestatic _disableBlend {reexecute=0 rethrow=0 return_oop=0}
                      ; - com.seibel.distanthorizons.common.wrappers.minecraft.MinecraftGLWrapper::disableBlend@6 (line 138)
                      ; - com.seibel.distanthorizons.common.render.openGl.terrain.GlDhTerrainShaderProgram_neoforge::render@96 (line 289)
  0x000001af6471a240: fc65 bc01 

  0x000001af6471a244: ;   {other}
  0x000001af6471a244: 0f1f 8400 | 3405 0004 | 448b e548 | 8b4c 2408 | 4885 c90f | 8407 0900 | 004c 8b51 

  0x000001af6471a260: ;   {other}
  0x000001af6471a260: 1049 c1ea | 0f0f 8774 | 0c00 0045 | 8b5a 1045 | 85db 0f8e | 6a06 0000 | 4533 dbe9 | af01 0000 
  0x000001af6471a280: ;   {static_call}
  0x000001af6471a280: 6666 90e8 

  0x000001af6471a284: ; ImmutableOopMap {[8]=Oop [24]=Oop }
                      ;*invokestatic glEnable {reexecute=0 rethrow=0 return_oop=0}
                      ; - org.lwjgl.opengl.GL11::glEnable@1 (line 724)
                      ; - com.seibel.distanthorizons.common.wrappers.minecraft.MinecraftGLWrapper::enableBlend@3 (line 131)
                      ; - com.seibel.distanthorizons.common.render.openGl.terrain.GlDhTerrainShaderProgram_neoforge::render@59 (line 282)
  0x000001af6471a284: d0ff 16ff 

  0x000001af6471a288: ;   {other}
  0x000001af6471a288: 0f1f 8400 | 7805 0005 

  0x000001af6471a290: ;   {static_call}
  0x000001af6471a290: 6666 90e8 

  0x000001af6471a294: ; ImmutableOopMap {[8]=Oop [24]=Oop }
                      ;*invokestatic _enableBlend {reexecute=0 rethrow=0 return_oop=0}
                      ; - com.seibel.distanthorizons.common.wrappers.minecraft.MinecraftGLWrapper::enableBlend@6 (line 132)
                      ; - com.seibel.distanthorizons.common.render.openGl.terrain.GlDhTerrainShaderProgram_neoforge::render@59 (line 282)
  0x000001af6471a294: a82c c901 

  0x000001af6471a298: ;   {other}
  0x000001af6471a298: 0f1f 8400 | 8805 0006 | ba71 0b00 

  0x000001af6471a2a4: ;   {static_call}
  0x000001af6471a2a4: 0066 90e8 

  0x000001af6471a2a8: ; ImmutableOopMap {[8]=Oop [24]=Oop }
                      ;*invokestatic glEnable {reexecute=0 rethrow=0 return_oop=0}
                      ; - org.lwjgl.opengl.GL11::glEnable@1 (line 724)
                      ; - com.seibel.distanthorizons.common.wrappers.minecraft.MinecraftGLWrapper::enableDepthTest@3 (line 95)
                      ; - com.seibel.distanthorizons.common.render.openGl.terrain.GlDhTerrainShaderProgram_neoforge::render@65 (line 283)
  0x000001af6471a2a8: acff 16ff 

  0x000001af6471a2ac: ;   {other}
  0x000001af6471a2ac: 0f1f 8400 | 9c05 0007 

  0x000001af6471a2b4: ;   {static_call}
  0x000001af6471a2b4: 6666 90e8 

  0x000001af6471a2b8: ; ImmutableOopMap {[8]=Oop [24]=Oop }
                      ;*invokestatic _enableDepthTest {reexecute=0 rethrow=0 return_oop=0}
                      ; - com.seibel.distanthorizons.common.wrappers.minecraft.MinecraftGLWrapper::enableDepthTest@6 (line 96)
                      ; - com.seibel.distanthorizons.common.render.openGl.terrain.GlDhTerrainShaderProgram_neoforge::render@65 (line 283)
  0x000001af6471a2b8: 046f 8f00 

  0x000001af6471a2bc: ;   {other}
  0x000001af6471a2bc: 0f1f 8400 | ac05 0008 | ba06 8000 

  0x000001af6471a2c8: ;   {static_call}
  0x000001af6471a2c8: 0066 90e8 

  0x000001af6471a2cc: ; ImmutableOopMap {[8]=Oop [24]=Oop }
                      ;*invokestatic glBlendEquation {reexecute=0 rethrow=0 return_oop=0}
                      ; - org.lwjgl.opengl.GL14::glBlendEquation@1 (line 196)
                      ; - com.seibel.distanthorizons.common.render.openGl.terrain.GlDhTerrainShaderProgram_neoforge::render@71 (line 284)
  0x000001af6471a2cc: 08f6 c100 

  0x000001af6471a2d0: ;   {other}
  0x000001af6471a2d0: 0f1f 8400 | c005 0009 | ba02 0300 | 0041 b803 | 0300 0041 | b901 0000 | 00bf 0303 

  0x000001af6471a2ec: ;   {static_call}
  0x000001af6471a2ec: 0000 90e8 

  0x000001af6471a2f0: ; ImmutableOopMap {[8]=Oop [24]=Oop }
                      ;*invokestatic glBlendFuncSeparate {reexecute=0 rethrow=0 return_oop=0}
                      ; - com.seibel.distanthorizons.common.wrappers.minecraft.MinecraftGLWrapper::glBlendFuncSeparate@5 (line 153)
                      ; - com.seibel.distanthorizons.common.render.openGl.terrain.GlDhTerrainShaderProgram_neoforge::render@87 (line 285)
  0x000001af6471a2f0: ac14 3eff 

  0x000001af6471a2f4: ;   {other}
  0x000001af6471a2f4: 0f1f 8400 | e405 000a | ba02 0300 | 0041 b803 | 0300 0041 | b901 0000 | 00bf 0303 

  0x000001af6471a310: ;   {static_call}
  0x000001af6471a310: 0000 90e8 

  0x000001af6471a314: ; ImmutableOopMap {[8]=Oop [24]=Oop }
                      ;*invokestatic _blendFuncSeparate {reexecute=0 rethrow=0 return_oop=0}
                      ; - com.seibel.distanthorizons.common.wrappers.minecraft.MinecraftGLWrapper::glBlendFuncSeparate@13 (line 154)
                      ; - com.seibel.distanthorizons.common.render.openGl.terrain.GlDhTerrainShaderProgram_neoforge::render@87 (line 285)
  0x000001af6471a314: 883e 5eff 

  0x000001af6471a318: ;   {other}
  0x000001af6471a318: 0f1f 8400 | 0806 000b | 4533 e4e9 | 27ff ffff 

  0x000001af6471a328: ;   {oop(a 'com/seibel/distanthorizons/common/render/openGl/GlDhRenderApiDefinition_neoforge'{0x000004027f30ed78})}
  0x000001af6471a328: 49ba 78ed | 307f 0204 | 0000 410f | b66a 0c85 | ed0f 84a9 

  0x000001af6471a33c: ;   {oop(a 'java/lang/Class'{0x00000402731f2b00} = 'com/seibel/distanthorizons/common/render/openGl/glObject/buffer/GLVertexBuffer')}
  0x000001af6471a33c: 0700 0049 | bb00 2b1f | 7302 0400 | 004d 8b93 | c000 0000 

  0x000001af6471a350: ;   {other}
  0x000001af6471a350: 49c1 ea0f | 0f87 b90b | 0000 458b | 4a1c ba04 | 0000 0044 | 8b44 2404 

  0x000001af6471a368: ;   {static_call}
  0x000001af6471a368: 33ff 90e8 

  0x000001af6471a36c: ; ImmutableOopMap {[8]=Oop [16]=Oop [24]=Oop [40]=Oop }
                      ;*invokestatic nglDrawElements {reexecute=0 rethrow=0 return_oop=0}
                      ; - org.lwjgl.opengl.GL11C::glDrawElements@4 (line 543)
                      ; - org.lwjgl.opengl.GL11::glDrawElements@4 (line 1870)
                      ; - com.seibel.distanthorizons.common.render.openGl.terrain.GlDhTerrainShaderProgram_neoforge::render@357 (line 350)
  0x000001af6471a36c: 685d b4fe 

  0x000001af6471a370: ;   {other}
  0x000001af6471a370: 0f1f 8400 | 6006 000c | ba92 8800 | 0045 33c0 

  0x000001af6471a380: ;   {static_call}
  0x000001af6471a380: 6666 90e8 

  0x000001af6471a384: ; ImmutableOopMap {[8]=Oop [16]=Oop [24]=Oop [40]=Oop }
                      ;*invokestatic glBindBuffer {reexecute=0 rethrow=0 return_oop=0}
                      ; - org.lwjgl.opengl.GL15::glBindBuffer@2 (line 129)
                      ; - com.seibel.distanthorizons.common.render.openGl.glObject.buffer.GLBuffer::unbind@5 (line 97)
                      ; - com.seibel.distanthorizons.common.render.openGl.terrain.GlDhTerrainShaderProgram_neoforge::render@362 (line 355)
  0x000001af6471a384: d022 b1fe 

  0x000001af6471a388: ;   {other}
  0x000001af6471a388: 0f1f 8400 | 7806 000d 

  0x000001af6471a390: ;   {oop(a 'com/seibel/distanthorizons/common/render/openGl/GlDhRenderApiDefinition_neoforge'{0x000004027f30ed78})}
  0x000001af6471a390: 49ba 78ed | 307f 0204 | 0000 410f | b66a 0c85 | ed0f 8455 

  0x000001af6471a3a4: ;   {oop(a 'java/lang/Class'{0x00000402731f2b00} = 'com/seibel/distanthorizons/common/render/openGl/glObject/buffer/GLVertexBuffer')}
  0x000001af6471a3a4: 0700 0049 | bb00 2b1f | 7302 0400 | 004d 8b93 | c000 0000 

  0x000001af6471a3b8: ;   {other}
  0x000001af6471a3b8: 49c1 ea0f | 0f87 8b0b | 0000 4d85 | d20f 8409 | 0600 00ba | 9388 0000 

  0x000001af6471a3d0: ;   {static_call}
  0x000001af6471a3d0: 4533 c0e8 

  0x000001af6471a3d4: ; ImmutableOopMap {[8]=Oop [24]=Oop [40]=Oop }
                      ;*invokestatic glBindBuffer {reexecute=0 rethrow=0 return_oop=0}
                      ; - org.lwjgl.opengl.GL15::glBindBuffer@2 (line 129)
                      ; - com.seibel.distanthorizons.common.render.openGl.glObject.buffer.GLBuffer::unbind@5 (line 97)
                      ; - com.seibel.distanthorizons.common.render.openGl.terrain.GlDhTerrainShaderProgram_neoforge::render@370 (line 356)
  0x000001af6471a3d4: 8022 b1fe 

  0x000001af6471a3d8: ;   {other}
  0x000001af6471a3d8: 0f1f 8400 | c806 000e | 448b 5c24 | 2441 ffc3 | 443b 5c24 | 387d 0a44 | 895c 2424 | e975 0300 
  0x000001af6471a3f8: 0044 8b64 | 2420 4d8b | 8750 0400 | 0044 8b1c 

  0x000001af6471a408: ; ImmutableOopMap {[8]=Oop [24]=Oop }
                      ;*goto {reexecute=1 rethrow=0 return_oop=0}
                      ; - (reexecute) com.seibel.distanthorizons.common.render.openGl.terrain.GlDhTerrainShaderProgram_neoforge::render@382 (line 311)
  0x000001af6471a408: 2441 ffc3 

  0x000001af6471a40c: ;   {poll}
  0x000001af6471a40c: 4185 0048 | 8b4c 2408 | 4c8b 5110 

  0x000001af6471a418: ;   {other}
  0x000001af6471a418: 49c1 ea0f | 0f87 650b | 0000 458b | 4210 453b | d80f 8db3 | 0400 0045 | 8b4a 1045 | 85db 0f8c 
  0x000001af6471a438: f805 0000 | 453b d90f | 8db0 0400 | 0049 8b6a 

  0x000001af6471a448: ;   {other}
  0x000001af6471a448: 1848 c1ed | 0f0f 8772 | 0b00 0044 | 8b55 0c45 | 3bda 0f83 | 1805 0000 | 4e8b 44dd 

  0x000001af6471a464: ;   {other}
  0x000001af6471a464: 1049 c1e8 | 0f0f 879e | 0b00 0045 

  0x000001af6471a470: ;   {metadata('com/seibel/distanthorizons/core/dataObjects/render/bufferBuilding/LodBufferContainer')}
  0x000001af6471a470: 8b50 0841 | 81fa 8075 | 8883 0f85 | 2407 0000 | 4c8b 5424 | 184d 85d2 | 0f84 0205 | 0000 4489 
  0x000001af6471a490: 1c24 4489 | 6424 0448 | 894c 2408 | 4c89 4424 | 1049 8b87 | b801 0000 | 4c8b d049 | 83c2 184c 
  0x000001af6471a4b0: 8b5c 2418 | 498b ab88 

  0x000001af6471a4b8: ;   {other}
  0x000001af6471a4b8: 0000 0048 | c1ed 0f0f | 8788 0b00 | 004d 3b97 | c801 0000 | 0f83 6904 | 0000 4d89 | 97b8 0100 
  0x000001af6471a4d8: 0041 0f18 | 8200 0100 | 0048 c700 | 0100 0000 | 4c8b d049 

  0x000001af6471a4ec: ;   {metadata('com/seibel/distanthorizons/core/util/math/Vec3f')}
  0x000001af6471a4ec: 83c2 10c7 | 4008 c04e | b483 c740 | 0c00 0000 | 00c5 fdef | c0c4 c179 | d602 4889 | 4424 204c 
  0x000001af6471a50c: 8b5c 2410 | 4d8b 5318 

  0x000001af6471a514: ;   {other}
  0x000001af6471a514: 49c1 ea0f | 0f87 7d0b | 0000 458b | 5a0c c5fb | 1045 10c5 | fb10 4d20 | c5fb 1055 | 18c4 c179 
  0x000001af6471a534: 6edb c5fa | e6db c5e3 | 5cc0 c5e3 | 5ad8 c5fa | 1158 0c45 | 8b5a 10c4 | c179 6ec3 | c5fa e6c0 
  0x000001af6471a554: 458b 5a14 | c4c1 796e | dbc5 fae6 | dbc5 fb5c | c2c5 e35c | c9c5 fb5a | c0c5 fa11 | 4010 c5f3 
  0x000001af6471a574: 5ac9 c5fa 

  0x000001af6471a578: ;   {oop(a 'com/seibel/distanthorizons/common/render/openGl/GlDhMetaRenderer_neoforge'{0x000004027f3118e8})}
  0x000001af6471a578: 1148 1449 | bae8 1831 | 7f02 0400 | 004d 8b42 

  0x000001af6471a588: ;   {other}
  0x000001af6471a588: 4049 c1e8 | 0f0f 8746 | 0b00 0045 

  0x000001af6471a594: ;   {metadata('com/seibel/distanthorizons/common/render/openGl/terrain/GlDhTerrainShaderProgram_neoforge')}
  0x000001af6471a594: 8b58 0841 | 81fb 2049 | b483 0f85 | 0004 0000 | 410f b668 | 4485 ed0f | 84b3 0400 | 0041 8b50 
  0x000001af6471a5b4: 0c49 8be8 

  0x000001af6471a5b8: ;   {static_call}
  0x000001af6471a5b8: 6666 90e8 

  0x000001af6471a5bc: ; ImmutableOopMap {rbp=Oop [8]=Oop [16]=Oop [24]=Oop [32]=Oop }
                      ;*invokestatic glUseProgram {reexecute=0 rethrow=0 return_oop=0}
                      ; - org.lwjgl.opengl.GL20::glUseProgram@1 (line 398)
                      ; - com.seibel.distanthorizons.common.render.openGl.glObject.shader.GlShaderProgram::bind@4 (line 99)
                      ; - com.seibel.distanthorizons.common.render.openGl.terrain.GlDhTerrainShaderProgram_neoforge::bind@5 (line 174)
                      ; - com.seibel.distanthorizons.common.render.openGl.terrain.GlDhTerrainShaderProgram_neoforge::render@207 (line 323)
  0x000001af6471a5bc: 98f6 b8fe 

  0x000001af6471a5c0: ;   {other}
  0x000001af6471a5c0: 0f1f 8400 | b008 0010 | 4c8b 5548 

  0x000001af6471a5cc: ;   {other}
  0x000001af6471a5cc: 49c1 ea0f | 0f87 370b | 0000 418b 

  0x000001af6471a5d8: ;   {static_call}
  0x000001af6471a5d8: 520c 90e8 

  0x000001af6471a5dc: ; ImmutableOopMap {[8]=Oop [16]=Oop [24]=Oop [32]=Oop }
                      ;*invokestatic glBindVertexArray {reexecute=0 rethrow=0 return_oop=0}
                      ; - org.lwjgl.opengl.GL30::glBindVertexArray@1 (line 2283)
                      ; - com.seibel.distanthorizons.common.render.openGl.glObject.vertexAttribute.GlAbstractVertexAttribute::bind@4 (line 67)
                      ; - com.seibel.distanthorizons.common.render.openGl.terrain.GlDhTerrainShaderProgram_neoforge::bind@12 (line 175)
                      ; - com.seibel.distanthorizons.common.render.openGl.terrain.GlDhTerrainShaderProgram_neoforge::render@207 (line 323)
  0x000001af6471a5dc: 7884 b1fe 

  0x000001af6471a5e0: ;   {other}
  0x000001af6471a5e0: 0f1f 8400 | d008 0011 

  0x000001af6471a5e8: ;   {oop(a 'com/seibel/distanthorizons/common/render/openGl/GlDhMetaRenderer_neoforge'{0x000004027f3118e8})}
  0x000001af6471a5e8: 49ba e818 | 317f 0204 | 0000 498b 

  0x000001af6471a5f4: ;   {other}
  0x000001af6471a5f4: 6a40 48c1 | ed0f 0f87 | 370b 0000 

  0x000001af6471a600: ; implicit exception: dispatches to 0x000001af6471acdc
  0x000001af6471a600: 448b 5508 

  0x000001af6471a604: ;   {metadata('com/seibel/distanthorizons/common/render/openGl/terrain/GlDhTerrainShaderProgram_neoforge')}
  0x000001af6471a604: 4181 fa20 | 49b4 830f | 85af 0300 | 008b 5514 | 4c8b 5424 | 20c4 c17a | 104a 10c4 | c17a 1052 
  0x000001af6471a624: 14c4 c17a 

  0x000001af6471a628: ;   {static_call}
  0x000001af6471a628: 1042 0ce8 

  0x000001af6471a62c: ; ImmutableOopMap {[8]=Oop [16]=Oop [24]=Oop [32]=Oop }
                      ;*invokestatic glUniform3f {reexecute=0 rethrow=0 return_oop=0}
                      ; - org.lwjgl.opengl.GL20::glUniform3f@4 (line 456)
                      ; - com.seibel.distanthorizons.common.render.openGl.glObject.shader.GlShaderProgram::setUniform@13 (line 184)
                      ; - com.seibel.distanthorizons.common.render.openGl.terrain.GlDhTerrainShaderProgram_neoforge::setModelOffsetPos@13 (line 244)
                      ; - com.seibel.distanthorizons.common.render.openGl.terrain.GlDhTerrainShaderProgram_neoforge::render@220 (line 324)
  0x000001af6471a62c: 2805 b600 

  0x000001af6471a630: ;   {other}
  0x000001af6471a630: 0f1f 8400 | 2009 0012 | 498b afb8 | 0100 004c | 8bd5 4983 | c260 4d3b | 97c8 0100 | 000f 8306 
  0x000001af6471a650: 0300 004d | 8997 b801 | 0000 410f | 1882 0001 | 0000 48c7 | 4500 0100 | 0000 488b | fd48 83c7 
  0x000001af6471a670: ;   {metadata('com/seibel/distanthorizons/api/methods/events/abstractEvents/DhApiBeforeBufferRenderEvent$EventParam')}
  0x000001af6471a670: 10c7 4508 | 00bd b983 | c745 0c00 | 0000 00b9 | 0a00 0000 | c5fd efc0 | e90d 0000 | 00c5 fe7f 
  0x000001af6471a690: 07c5 fe7f | 4720 4883 | c740 4883 | e908 7ded | 4883 c104 | 7c0c c5fe | 7f07 4883 | c720 4883 
  0x000001af6471a6b0: e904 4883 | c104 7e17 | 48c7 c0ff | ffff ffc4 | e2f0 f5c0 | c4e1 fb92 | f862 f1fe | 2f7f 0748 
  0x000001af6471a6d0: 8bd5 4c8b | 4424 184c | 8b4c 2420 

  0x000001af6471a6dc: ;   {optimized virtual_call}
  0x000001af6471a6dc: 6666 90e8 

  0x000001af6471a6e0: ; ImmutableOopMap {rbp=Oop [8]=Oop [16]=Oop [24]=Oop }
                      ;*invokespecial <init> {reexecute=0 rethrow=0 return_oop=0}
                      ; - com.seibel.distanthorizons.common.render.openGl.terrain.GlDhTerrainShaderProgram_neoforge::render@237 (line 326)
  0x000001af6471a6e0: 2c50 c800 

  0x000001af6471a6e4: ;   {other}
  0x000001af6471a6e4: 0f1f 8400 | d409 0013 

  0x000001af6471a6ec: ;   {oop(a 'com/seibel/distanthorizons/coreapi/DependencyInjection/ApiEventInjector'{0x000004038d73fee8})}
  0x000001af6471a6ec: 48ba e8fe | 738d 0304 

  0x000001af6471a6f4: ;   {oop(a 'java/lang/Class'{0x00000402731f2a48} = 'com/seibel/distanthorizons/api/methods/events/abstractEvents/DhApiBeforeBufferRenderEvent')}
  0x000001af6471a6f4: 0000 49b8 | 482a 1f73 | 0204 0000 

  0x000001af6471a700: ;   {optimized virtual_call}
  0x000001af6471a700: 4c8b cde8 

  0x000001af6471a704: ; ImmutableOopMap {[8]=Oop [16]=Oop [24]=Oop }
                      ;*invokevirtual fireAllEvents {reexecute=0 rethrow=0 return_oop=0}
                      ; - com.seibel.distanthorizons.common.render.openGl.terrain.GlDhTerrainShaderProgram_neoforge::render@240 (line 326)
  0x000001af6471a704: 6891 b600 

  0x000001af6471a708: ;   {other}
  0x000001af6471a708: 0f1f 8400 | f809 0014 | 448b 6424 | 044c 8b5c | 2410 4d8b 

  0x000001af6471a71c: ;   {other}
  0x000001af6471a71c: 4b28 49c1 | e90f 0f87 | 430a 0000 | 4d8b 5320 

  0x000001af6471a72c: ;   {other}
  0x000001af6471a72c: 49c1 ea0f | 0f87 690a | 0000 4585 | e44d 0f45 | ca45 8b59 | 0c45 85db | 0f86 b4fc | ffff 458d 
  0x000001af6471a74c: 53ff 453b | d30f 8325 | 0300 0045 | 33c0 4489 | 6424 204c | 894c 2428 | 4489 5c24 | 3844 8944 
  0x000001af6471a76c: 2424 4c8b | 5424 2844 | 8b44 2424 | 4f8b 5cc2 

  0x000001af6471a77c: ;   {other}
  0x000001af6471a77c: 1049 c1eb | 0f0f 8756 | 0a00 0045 

  0x000001af6471a788: ;   {metadata('com/seibel/distanthorizons/common/render/openGl/glObject/buffer/GLVertexBuffer')}
  0x000001af6471a788: 8b53 0841 | 81fa 5828 | ae83 0f85 | 3c04 0000 | 4c89 5c24 | 1041 8b6b | 1885 ed0f | 8403 0300 
  0x000001af6471a7a8: 0045 8b43 | 0cc5 f96e | c5c5 fae6 

  0x000001af6471a7b4: ;   {section_word}
  0x000001af6471a7b4: c0c5 fb59 | 0563 f9ff | ffc5 7b2c | d841 81fb | 0000 0080 | 0f84 070b | 0000 4489 | 5c24 04ba 
  0x000001af6471a7d4: 9288 0000 

  0x000001af6471a7d8: ;   {static_call}
  0x000001af6471a7d8: 6666 90e8 

  0x000001af6471a7dc: ; ImmutableOopMap {[8]=Oop [16]=Oop [24]=Oop [40]=Oop }
                      ;*invokestatic glBindBuffer {reexecute=0 rethrow=0 return_oop=0}
                      ; - org.lwjgl.opengl.GL15::glBindBuffer@2 (line 129)
                      ; - com.seibel.distanthorizons.common.render.openGl.glObject.buffer.GLBuffer::bind@8 (line 96)
                      ; - com.seibel.distanthorizons.common.render.openGl.terrain.GlDhTerrainShaderProgram_neoforge::render@318 (line 346)
  0x000001af6471a7dc: 781e b1fe 

  0x000001af6471a7e0: ;   {other}
  0x000001af6471a7e0: 0f1f 8400 | d00a 0015 

  0x000001af6471a7e8: ;   {oop(a 'com/seibel/distanthorizons/common/render/openGl/GlDhRenderApiDefinition_neoforge'{0x000004027f30ed78})}
  0x000001af6471a7e8: 49ba 78ed | 307f 0204 | 0000 410f | b66a 0c85 | ed0f 84d5 

  0x000001af6471a7fc: ;   {oop(a 'java/lang/Class'{0x00000402731f2b00} = 'com/seibel/distanthorizons/common/render/openGl/glObject/buffer/GLVertexBuffer')}
  0x000001af6471a7fc: 0200 0049 | bb00 2b1f | 7302 0400 | 004d 8b93 | c000 0000 

  0x000001af6471a810: ;   {other}
  0x000001af6471a810: 49c1 ea0f | 0f87 030a | 0000 458b | 420c ba93 

  0x000001af6471a820: ;   {static_call}
  0x000001af6471a820: 8800 00e8 

  0x000001af6471a824: ; ImmutableOopMap {[8]=Oop [16]=Oop [24]=Oop [40]=Oop }
                      ;*invokestatic glBindBuffer {reexecute=0 rethrow=0 return_oop=0}
                      ; - org.lwjgl.opengl.GL15::glBindBuffer@2 (line 129)
                      ; - com.seibel.distanthorizons.common.render.openGl.glObject.buffer.GLBuffer::bind@8 (line 96)
                      ; - com.seibel.distanthorizons.common.render.openGl.terrain.GlDhTerrainShaderProgram_neoforge::render@326 (line 347)
  0x000001af6471a824: 301e b1fe 

  0x000001af6471a828: ;   {other}
  0x000001af6471a828: 0f1f 8400 | 180b 0016 | 4c8b 5424 | 1045 8b52 | 0c44 8954 

  0x000001af6471a83c: ;   {oop(a 'com/seibel/distanthorizons/common/render/openGl/GlDhMetaRenderer_neoforge'{0x000004027f3118e8})}
  0x000001af6471a83c: 2430 49bb | e818 317f | 0204 0000 | 4d8b 5340 

  0x000001af6471a84c: ;   {other}
  0x000001af6471a84c: 49c1 ea0f | 0f87 010a | 0000 458b 

  0x000001af6471a858: ;   {metadata('com/seibel/distanthorizons/common/render/openGl/terrain/GlDhTerrainShaderProgram_neoforge')}
  0x000001af6471a858: 5a08 4181 | fb20 49b4 | 830f 8581 | 0100 0049 

  0x000001af6471a868: ;   {other}
  0x000001af6471a868: 8b6a 4848 | c1ed 0f0f | 8716 0a00 | 0044 8b5d 

  0x000001af6471a878: ;   {metadata('com/seibel/distanthorizons/common/render/openGl/glObject/vertexAttribute/GlVertexAttributePostGL43')}
  0x000001af6471a878: 0841 81fb | 7853 b483 | 0f85 9a01 | 0000 448b | 5d10 4585 | db0f 8e95 | faff ff45 | 33db 4489 
  0x000001af6471a898: 5c24 340f | 1f44 0000 | 8b7d 148b | 5424 3444 | 8b44 2430 

  0x000001af6471a8ac: ;   {static_call}
  0x000001af6471a8ac: 4533 c9e8 

  0x000001af6471a8b0: ; ImmutableOopMap {rbp=Oop [8]=Oop [16]=Oop [24]=Oop [40]=Oop }
                      ;*invokestatic glBindVertexBuffer {reexecute=0 rethrow=0 return_oop=0}
                      ; - org.lwjgl.opengl.GL43::glBindVertexBuffer@5 (line 1953)
                      ; - com.seibel.distanthorizons.common.render.openGl.glObject.vertexAttribute.GlVertexAttributePostGL43::bindBufferToAllBindingPoints@17 (line 71)
                      ; - com.seibel.distanthorizons.common.render.openGl.terrain.GlDhTerrainShaderProgram_neoforge::bindVertexBuffer@5 (line 192)
                      ; - com.seibel.distanthorizons.common.render.openGl.terrain.GlDhTerrainShaderProgram_neoforge::render@340 (line 349)
  0x000001af6471a8b0: a413 b600 

  0x000001af6471a8b4: ;   {other}
  0x000001af6471a8b4: 0f1f 8400 | a40b 0017 | 4d8b 9750 | 0400 0044 | 8b5d 1044 | 8b4c 2434 

  0x000001af6471a8cc: ; ImmutableOopMap {rbp=Oop [8]=Oop [16]=Oop [24]=Oop [40]=Oop }
                      ;*goto {reexecute=1 rethrow=0 return_oop=0}
                      ; - (reexecute) com.seibel.distanthorizons.common.render.openGl.glObject.vertexAttribute.GlVertexAttributePostGL43::bindBufferToAllBindingPoints@23 (line 69)
                      ; - com.seibel.distanthorizons.common.render.openGl.terrain.GlDhTerrainShaderProgram_neoforge::bindVertexBuffer@5 (line 192)
                      ; - com.seibel.distanthorizons.common.render.openGl.terrain.GlDhTerrainShaderProgram_neoforge::render@340 (line 349)
                      ;   {poll}
  0x000001af6471a8cc: 41ff c141 | 8502 453b | cb0f 8d4d | faff ff44 | 894c 2434 | ebbe 4883 

  0x000001af6471a8e4: ;   {poll_return}
  0x000001af6471a8e4: c450 5d49 | 3ba7 4804 | 0000 0f87 | cb09 0000 | c333 d24c | 8954 2408 | 4489 5c24 | 0445 8bc3 
  0x000001af6471a904: 488b 6c24 | 1844 8964 | 2410 4889 

  0x000001af6471a910: ;   {static_call}
  0x000001af6471a910: 4c24 18e8 

  0x000001af6471a914: ; ImmutableOopMap {rbp=Oop [8]=Oop [24]=Oop }
                      ;*invokestatic outOfBoundsCheckIndex {reexecute=0 rethrow=0 return_oop=1}
                      ; - jdk.internal.util.Preconditions::checkIndex@12 (line 302)
                      ; - java.util.Objects::checkIndex@3 (line 385)
                      ; - java.util.ArrayList::get@5 (line 427)
                      ; - com.seibel.distanthorizons.core.util.objects.SortedArraySet::get@5 (line 63)
                      ; - com.seibel.distanthorizons.common.render.openGl.terrain.GlDhTerrainShaderProgram_neoforge::render@130 (line 313)
  0x000001af6471a914: 684c fdfd 

  0x000001af6471a918: ;   {other}
  0x000001af6471a918: 0f1f 8400 | 080c 0019 | 4885 c00f | 8453 0200 | 0048 8bd0 | eb03 488b | d048 83c4 

  0x000001af6471a934: ;   {runtime_call _rethrow_Java}
  0x000001af6471a934: 505d e9c5 

  0x000001af6471a938: ;   {metadata('com/seibel/distanthorizons/core/util/math/Vec3f')}
  0x000001af6471a938: f609 fe48 | bac0 4eb4 | 8300 0000 

  0x000001af6471a944: ;   {runtime_call _new_instance_Java}
  0x000001af6471a944: 0066 90e8 

  0x000001af6471a948: ; ImmutableOopMap {rbp=Oop [8]=Oop [16]=Oop [24]=Oop }
                      ;*new {reexecute=0 rethrow=0 return_oop=1}
                      ; - com.seibel.distanthorizons.common.render.openGl.terrain.GlDhTerrainShaderProgram_neoforge::render@144 (line 318)
  0x000001af6471a948: 34eb 09fe 

  0x000001af6471a94c: ;   {other}
  0x000001af6471a94c: 0f1f 8400 | 3c0c 001a | e9ad fbff 

  0x000001af6471a958: ;   {metadata('com/seibel/distanthorizons/api/methods/events/abstractEvents/DhApiBeforeBufferRenderEvent$EventParam')}
  0x000001af6471a958: ff48 ba00 | bdb9 8300 

  0x000001af6471a960: ;   {runtime_call _new_instance_Java}
  0x000001af6471a960: 0000 00e8 

  0x000001af6471a964: ; ImmutableOopMap {[8]=Oop [16]=Oop [24]=Oop [32]=Oop }
                      ;*new {reexecute=0 rethrow=0 return_oop=1}
                      ; - com.seibel.distanthorizons.common.render.openGl.terrain.GlDhTerrainShaderProgram_neoforge::render@230 (line 326)
  0x000001af6471a964: 18eb 09fe 

  0x000001af6471a968: ;   {other}
  0x000001af6471a968: 0f1f 8400 | 580c 001b | 488b e8e9 | 57fd ffff | bae6 ffff | ff44 891c 

  0x000001af6471a980: ;   {runtime_call UncommonTrapBlob}
  0x000001af6471a980: 2466 90e8 

  0x000001af6471a984: ; ImmutableOopMap {rbp=Oop }
                      ;*aaload {reexecute=0 rethrow=0 return_oop=0}
                      ; - java.util.ArrayList::elementData@5 (line 411)
                      ; - java.util.ArrayList::get@11 (line 428)
                      ; - com.seibel.distanthorizons.core.util.objects.SortedArraySet::get@5 (line 63)
                      ; - com.seibel.distanthorizons.common.render.openGl.terrain.GlDhTerrainShaderProgram_neoforge::render@130 (line 313)
  0x000001af6471a984: 78c9 fdfd 

  0x000001af6471a988: ;   {other}
  0x000001af6471a988: 0f1f 8400 | 780c 001c | baf6 ffff 

  0x000001af6471a994: ;   {runtime_call UncommonTrapBlob}
  0x000001af6471a994: ff66 90e8 

  0x000001af6471a998: ; ImmutableOopMap {}
                      ;*getfield exactCameraPosition {reexecute=1 rethrow=0 return_oop=0}
                      ; - (reexecute) com.seibel.distanthorizons.common.render.openGl.terrain.GlDhTerrainShaderProgram_neoforge::render@139 (line 317)
  0x000001af6471a998: 64c9 fdfd 

  0x000001af6471a99c: ;   {other}
  0x000001af6471a99c: 0f1f 8400 | 8c0c 001d | bade ffff | ff8b 2c24 | 4c89 4424 

  0x000001af6471a9b0: ;   {runtime_call UncommonTrapBlob}
  0x000001af6471a9b0: 2866 90e8 

  0x000001af6471a9b4: ; ImmutableOopMap {[8]=Oop [16]=Oop [24]=Oop [32]=Oop [40]=Oop }
                      ;*invokeinterface bind {reexecute=0 rethrow=0 return_oop=0}
                      ; - com.seibel.distanthorizons.common.render.openGl.terrain.GlDhTerrainShaderProgram_neoforge::render@207 (line 323)
  0x000001af6471a9b4: 48c9 fdfd 

  0x000001af6471a9b8: ;   {other}
  0x000001af6471a9b8: 0f1f 8400 | a80c 001e | bade ffff 

  0x000001af6471a9c4: ;   {runtime_call UncommonTrapBlob}
  0x000001af6471a9c4: ff66 90e8 

  0x000001af6471a9c8: ; ImmutableOopMap {rbp=Oop [8]=Oop [16]=Oop [24]=Oop [32]=Oop }
                      ;*invokeinterface setModelOffsetPos {reexecute=0 rethrow=0 return_oop=0}
                      ; - com.seibel.distanthorizons.common.render.openGl.terrain.GlDhTerrainShaderProgram_neoforge::render@220 (line 324)
  0x000001af6471a9c8: 34c9 fdfd 

  0x000001af6471a9cc: ;   {other}
  0x000001af6471a9cc: 0f1f 8400 | bc0c 001f | baf6 ffff 

  0x000001af6471a9d8: ;   {runtime_call UncommonTrapBlob}
  0x000001af6471a9d8: ff66 90e8 

  0x000001af6471a9dc: ; ImmutableOopMap {}
                      ;*invokevirtual unbind {reexecute=0 rethrow=0 return_oop=0}
                      ; - com.seibel.distanthorizons.common.render.openGl.terrain.GlDhTerrainShaderProgram_neoforge::render@370 (line 356)
  0x000001af6471a9dc: 20c9 fdfd 

  0x000001af6471a9e0: ;   {other}
  0x000001af6471a9e0: 0f1f 8400 | d00c 0020 | bade ffff | ff8b 2c24 | 448b 4424 | 2044 8904 | 2444 8b5c | 2424 4489 
  0x000001af6471aa00: 5c24 2044 | 8b5c 2430 | 4489 5c24 | 244c 8954 

  0x000001af6471aa10: ;   {runtime_call UncommonTrapBlob}
  0x000001af6471aa10: 2430 90e8 

  0x000001af6471aa14: ; ImmutableOopMap {[8]=Oop [16]=Oop [24]=Oop [40]=Oop [48]=Oop }
                      ;*invokeinterface bindVertexBuffer {reexecute=0 rethrow=0 return_oop=0}
                      ; - com.seibel.distanthorizons.common.render.openGl.terrain.GlDhTerrainShaderProgram_neoforge::render@340 (line 349)
  0x000001af6471aa14: e8c8 fdfd 

  0x000001af6471aa18: ;   {other}
  0x000001af6471aa18: 0f1f 8400 | 080d 0021 | ba37 ffff 

  0x000001af6471aa24: ;   {runtime_call UncommonTrapBlob}
  0x000001af6471aa24: ff66 90e8 

  0x000001af6471aa28: ; ImmutableOopMap {rbp=Oop [8]=Oop [16]=Oop [24]=Oop [40]=Oop }
                      ;*invokevirtual bindBufferToAllBindingPoints {reexecute=0 rethrow=0 return_oop=0}
                      ; - com.seibel.distanthorizons.common.render.openGl.terrain.GlDhTerrainShaderProgram_neoforge::bindVertexBuffer@5 (line 192)
                      ; - com.seibel.distanthorizons.common.render.openGl.terrain.GlDhTerrainShaderProgram_neoforge::render@340 (line 349)
  0x000001af6471aa28: d4c8 fdfd 

  0x000001af6471aa2c: ;   {other}
  0x000001af6471aa2c: 0f1f 8400 | 1c0d 0022 | ba45 ffff | ff4c 8914 | 2444 895c | 2408 4489 | 5c24 0c44 | 894c 2410 
  0x000001af6471aa4c: 4489 6424 | 2048 894c 

  0x000001af6471aa54: ;   {runtime_call UncommonTrapBlob}
  0x000001af6471aa54: 2428 90e8 

  0x000001af6471aa58: ; ImmutableOopMap {[0]=Oop [24]=Oop [40]=Oop }
                      ;*iflt {reexecute=1 rethrow=0 return_oop=0}
                      ; - (reexecute) jdk.internal.util.Preconditions::checkIndex@1 (line 301)
                      ; - java.util.Objects::checkIndex@3 (line 385)
                      ; - java.util.ArrayList::get@5 (line 427)
                      ; - com.seibel.distanthorizons.core.util.objects.SortedArraySet::get@5 (line 63)
                      ; - com.seibel.distanthorizons.common.render.openGl.terrain.GlDhTerrainShaderProgram_neoforge::render@130 (line 313)
  0x000001af6471aa58: a4c8 fdfd 

  0x000001af6471aa5c: ;   {other}
  0x000001af6471aa5c: 0f1f 8400 | 4c0d 0023 | ba45 ffff | ff4c 8944 

  0x000001af6471aa6c: ;   {runtime_call UncommonTrapBlob}
  0x000001af6471aa6c: 2430 90e8 

  0x000001af6471aa70: ; ImmutableOopMap {[8]=Oop [16]=Oop [24]=Oop [32]=Oop [48]=Oop }
                      ;*ifeq {reexecute=1 rethrow=0 return_oop=0}
                      ; - (reexecute) com.seibel.distanthorizons.common.render.openGl.terrain.GlDhTerrainShaderProgram_neoforge::tryInit@4 (line 98)
                      ; - com.seibel.distanthorizons.common.render.openGl.terrain.GlDhTerrainShaderProgram_neoforge::bind@1 (line 173)
                      ; - com.seibel.distanthorizons.common.render.openGl.terrain.GlDhTerrainShaderProgram_neoforge::render@207 (line 323)
  0x000001af6471aa70: 8cc8 fdfd 

  0x000001af6471aa74: ;   {other}
  0x000001af6471aa74: 0f1f 8400 | 640d 0024 | ba76 ffff | ff8b 2c24 | 4c8b 5424 | 184c 8914 | 2444 8964 | 2410 4c89 
  0x000001af6471aa94: 4c24 1844 | 895c 2414 

  0x000001af6471aa9c: ;   {runtime_call UncommonTrapBlob}
  0x000001af6471aa9c: 6666 90e8 

  0x000001af6471aaa0: ; ImmutableOopMap {[0]=Oop [8]=Oop [24]=Oop }
                      ;*if_icmpge {reexecute=1 rethrow=0 return_oop=0}
                      ; - (reexecute) com.seibel.distanthorizons.common.render.openGl.terrain.GlDhTerrainShaderProgram_neoforge::render@271 (line 330)
  0x000001af6471aaa0: 5cc8 fdfd 

  0x000001af6471aaa4: ;   {other}
  0x000001af6471aaa4: 0f1f 8400 | 940d 0025 | ba45 ffff | ff4c 8b54 | 2418 4c89 | 5424 1044 | 8b5c 2420 | 4489 5c24 
  0x000001af6471aac4: ;   {runtime_call UncommonTrapBlob}
  0x000001af6471aac4: 0466 90e8 

  0x000001af6471aac8: ; ImmutableOopMap {[8]=Oop [16]=Oop [40]=Oop }
                      ;*ifne {reexecute=1 rethrow=0 return_oop=0}
                      ; - (reexecute) com.seibel.distanthorizons.common.render.openGl.terrain.GlDhTerrainShaderProgram_neoforge::render@297 (line 338)
  0x000001af6471aac8: 34c8 fdfd 

  0x000001af6471aacc: ;   {other}
  0x000001af6471aacc: 0f1f 8400 | bc0d 0026 | ba45 ffff 

  0x000001af6471aad8: ;   {runtime_call UncommonTrapBlob}
  0x000001af6471aad8: ff66 90e8 

  0x000001af6471aadc: ; ImmutableOopMap {[8]=Oop [16]=Oop [24]=Oop [40]=Oop }
                      ;*ifeq {reexecute=1 rethrow=0 return_oop=0}
                      ; - (reexecute) com.seibel.distanthorizons.common.render.openGl.glObject.buffer.GLVertexBuffer::getQuadIBO@6 (line 59)
                      ; - com.seibel.distanthorizons.common.render.openGl.terrain.GlDhTerrainShaderProgram_neoforge::render@323 (line 347)
  0x000001af6471aadc: 20c8 fdfd 

  0x000001af6471aae0: ;   {other}
  0x000001af6471aae0: 0f1f 8400 | d00d 0027 | ba45 ffff 

  0x000001af6471aaec: ;   {runtime_call UncommonTrapBlob}
  0x000001af6471aaec: ff66 90e8 

  0x000001af6471aaf0: ; ImmutableOopMap {[8]=Oop [16]=Oop [24]=Oop [40]=Oop }
                      ;*ifeq {reexecute=1 rethrow=0 return_oop=0}
                      ; - (reexecute) com.seibel.distanthorizons.common.render.openGl.glObject.buffer.GLVertexBuffer::getQuadIBO@6 (line 59)
                      ; - com.seibel.distanthorizons.common.render.openGl.terrain.GlDhTerrainShaderProgram_neoforge::render@350 (line 353)
  0x000001af6471aaf0: 0cc8 fdfd 

  0x000001af6471aaf4: ;   {other}
  0x000001af6471aaf4: 0f1f 8400 | e40d 0028 | ba45 ffff | ff44 8b54 | 2420 4489 

  0x000001af6471ab08: ;   {runtime_call UncommonTrapBlob}
  0x000001af6471ab08: 5424 04e8 

  0x000001af6471ab0c: ; ImmutableOopMap {[8]=Oop [16]=Oop [24]=Oop [40]=Oop }
                      ;*ifeq {reexecute=1 rethrow=0 return_oop=0}
                      ; - (reexecute) com.seibel.distanthorizons.common.render.openGl.glObject.buffer.GLVertexBuffer::getQuadIBO@6 (line 59)
                      ; - com.seibel.distanthorizons.common.render.openGl.terrain.GlDhTerrainShaderProgram_neoforge::render@367 (line 356)
  0x000001af6471ab0c: f0c7 fdfd 

  0x000001af6471ab10: ;   {other}
  0x000001af6471ab10: 0f1f 8400 | 000e 0029 | ba45 ffff | ff4c 8944 | 2410 4c89 

  0x000001af6471ab24: ;   {runtime_call UncommonTrapBlob}
  0x000001af6471ab24: 5c24 18e8 

  0x000001af6471ab28: ; ImmutableOopMap {[8]=Oop [16]=Oop [24]=Oop }
                      ;*ifeq {reexecute=1 rethrow=0 return_oop=0}
                      ; - (reexecute) com.seibel.distanthorizons.core.config.types.ConfigEntry::get@4 (line 186)
                      ; - com.seibel.distanthorizons.common.render.openGl.terrain.GlDhTerrainShaderProgram_neoforge::render@3 (line 268)
  0x000001af6471ab28: d4c7 fdfd 

  0x000001af6471ab2c: ;   {other}
  0x000001af6471ab2c: 0f1f 8400 | 1c0e 002a | ba45 ffff | ff4c 8944 | 2410 4c89 

  0x000001af6471ab40: ;   {runtime_call UncommonTrapBlob}
  0x000001af6471ab40: 5c24 18e8 

  0x000001af6471ab44: ; ImmutableOopMap {rbp=Oop [8]=Oop [16]=Oop [24]=Oop }
                      ;*ifnull {reexecute=1 rethrow=0 return_oop=0}
                      ; - (reexecute) com.seibel.distanthorizons.core.config.types.ConfigEntry::get@11 (line 186)
                      ; - com.seibel.distanthorizons.common.render.openGl.terrain.GlDhTerrainShaderProgram_neoforge::render@3 (line 268)
  0x000001af6471ab44: b8c7 fdfd 

  0x000001af6471ab48: ;   {other}
  0x000001af6471ab48: 0f1f 8400 | 380e 002b | ba45 ffff 

  0x000001af6471ab54: ;   {runtime_call UncommonTrapBlob}
  0x000001af6471ab54: ff66 90e8 

  0x000001af6471ab58: ; ImmutableOopMap {[8]=Oop [24]=Oop }
                      ;*ifeq {reexecute=1 rethrow=0 return_oop=0}
                      ; - (reexecute) com.seibel.distanthorizons.common.render.openGl.terrain.GlDhTerrainShaderProgram_neoforge::render@16 (line 269)
  0x000001af6471ab58: a4c7 fdfd 

  0x000001af6471ab5c: ;   {other}
  0x000001af6471ab5c: 0f1f 8400 | 4c0e 002c | ba45 ffff | ff48 890c 

  0x000001af6471ab6c: ;   {runtime_call UncommonTrapBlob}
  0x000001af6471ab6c: 2466 90e8 

  0x000001af6471ab70: ; ImmutableOopMap {[0]=Oop [8]=Oop }
                      ;*ifnull {reexecute=1 rethrow=0 return_oop=0}
                      ; - (reexecute) com.seibel.distanthorizons.common.render.openGl.terrain.GlDhTerrainShaderProgram_neoforge::render@112 (line 309)
  0x000001af6471ab70: 8cc7 fdfd 

  0x000001af6471ab74: ;   {other}
  0x000001af6471ab74: 0f1f 8400 | 640e 002d | baf6 ffff 

  0x000001af6471ab80: ;   {runtime_call UncommonTrapBlob}
  0x000001af6471ab80: ff66 90e8 

  0x000001af6471ab84: ; ImmutableOopMap {}
                      ;*athrow {reexecute=1 rethrow=0 return_oop=0}
                      ; - (reexecute) jdk.internal.util.Preconditions::checkIndex@15 (line 302)
                      ; - java.util.Objects::checkIndex@3 (line 385)
                      ; - java.util.ArrayList::get@5 (line 427)
                      ; - com.seibel.distanthorizons.core.util.objects.SortedArraySet::get@5 (line 63)
                      ; - com.seibel.distanthorizons.common.render.openGl.terrain.GlDhTerrainShaderProgram_neoforge::render@130 (line 313)
  0x000001af6471ab84: 78c7 fdfd 

  0x000001af6471ab88: ;   {other}
  0x000001af6471ab88: 0f1f 8400 | 780e 002e | bade ffff 

  0x000001af6471ab94: ;   {runtime_call UncommonTrapBlob}
  0x000001af6471ab94: ff66 90e8 

  0x000001af6471ab98: ; ImmutableOopMap {rbp=Oop [8]=Oop [24]=Oop }
                      ;*checkcast {reexecute=0 rethrow=0 return_oop=0}
                      ; - com.seibel.distanthorizons.common.render.openGl.terrain.GlDhTerrainShaderProgram_neoforge::render@6 (line 268)
  0x000001af6471ab98: 64c7 fdfd 

  0x000001af6471ab9c: ;   {other}
  0x000001af6471ab9c: 0f1f 8400 | 8c0e 002f | bade ffff | ff41 8beb | 4c8b 5424 | 184c 8914 | 2444 8964 | 2408 4889 
  0x000001af6471abbc: 4c24 104c | 8944 2418 

  0x000001af6471abc4: ;   {runtime_call UncommonTrapBlob}
  0x000001af6471abc4: 6666 90e8 

  0x000001af6471abc8: ; ImmutableOopMap {[0]=Oop [16]=Oop [24]=Oop }
                      ;*checkcast {reexecute=0 rethrow=0 return_oop=0}
                      ; - com.seibel.distanthorizons.common.render.openGl.terrain.GlDhTerrainShaderProgram_neoforge::render@133 (line 313)
  0x000001af6471abc8: 34c7 fdfd 

  0x000001af6471abcc: ;   {other}
  0x000001af6471abcc: 0f1f 8400 | bc0e 0030 | bade ffff | ff8b 2c24 | 4c8b 5424 | 184c 8914 | 2444 8b44 | 2420 4489 
  0x000001af6471abec: 4424 1044 | 8b54 2424 | 4489 5424 | 144c 895c 

  0x000001af6471abfc: ;   {runtime_call UncommonTrapBlob}
  0x000001af6471abfc: 2420 90e8 

  0x000001af6471ac00: ; ImmutableOopMap {[0]=Oop [8]=Oop [32]=Oop [40]=Oop }
                      ;*checkcast {reexecute=0 rethrow=0 return_oop=0}
                      ; - com.seibel.distanthorizons.common.render.openGl.terrain.GlDhTerrainShaderProgram_neoforge::render@279 (line 332)
  0x000001af6471ac00: fcc6 fdfd 

  0x000001af6471ac04: ;   {other}
  0x000001af6471ac04: 0f1f 8400 | f40e 0031 | e91d fdff | ffe9 18fd | ffff e913 | fdff ffe9 | 0efd ffff | e909 fdff 
  0x000001af6471ac24: ffe9 04fd | ffff e9ff | fcff ffe9 | fafc ffff | e9f5 fcff | ffe9 f0fc | ffff baf6 | ffff ff41 
  0x000001af6471ac44: ;   {runtime_call UncommonTrapBlob}
  0x000001af6471ac44: 8beb 90e8 

  0x000001af6471ac48: ; ImmutableOopMap {}
                      ;*invokevirtual get {reexecute=0 rethrow=0 return_oop=0}
                      ; - com.seibel.distanthorizons.core.util.objects.SortedArraySet::get@5 (line 63)
                      ; - com.seibel.distanthorizons.common.render.openGl.terrain.GlDhTerrainShaderProgram_neoforge::render@130 (line 313)
  0x000001af6471ac48: b4c6 fdfd 

  0x000001af6471ac4c: ;   {other}
  0x000001af6471ac4c: 0f1f 8400 | 3c0f 0032 | baf6 ffff | ff41 8beb 

  0x000001af6471ac5c: ;   {runtime_call UncommonTrapBlob}
  0x000001af6471ac5c: 6666 90e8 

  0x000001af6471ac60: ; ImmutableOopMap {}
                      ;*aaload {reexecute=0 rethrow=0 return_oop=0}
                      ; - java.util.ArrayList::elementData@5 (line 411)
                      ; - java.util.ArrayList::get@11 (line 428)
                      ; - com.seibel.distanthorizons.core.util.objects.SortedArraySet::get@5 (line 63)
                      ; - com.seibel.distanthorizons.common.render.openGl.terrain.GlDhTerrainShaderProgram_neoforge::render@130 (line 313)
  0x000001af6471ac60: 9cc6 fdfd 

  0x000001af6471ac64: ;   {other}
  0x000001af6471ac64: 0f1f 8400 | 540f 0033 | baf4 ffff | ff41 8beb | 4489 6424 | 0848 894c 

  0x000001af6471ac7c: ;   {runtime_call UncommonTrapBlob}
  0x000001af6471ac7c: 2410 90e8 

  0x000001af6471ac80: ; ImmutableOopMap {[16]=Oop [24]=Oop }
                      ;*checkcast {reexecute=0 rethrow=0 return_oop=0}
                      ; - com.seibel.distanthorizons.common.render.openGl.terrain.GlDhTerrainShaderProgram_neoforge::render@133 (line 313)
  0x000001af6471ac80: 7cc6 fdfd 

  0x000001af6471ac84: ;   {other}
  0x000001af6471ac84: 0f1f 8400 | 740f 0034 | baf6 ffff 

  0x000001af6471ac90: ;   {runtime_call UncommonTrapBlob}
  0x000001af6471ac90: ff66 90e8 

  0x000001af6471ac94: ; ImmutableOopMap {}
                      ;*invokevirtual getX {reexecute=0 rethrow=0 return_oop=0}
                      ; - com.seibel.distanthorizons.common.render.openGl.terrain.GlDhTerrainShaderProgram_neoforge::render@153 (line 319)
  0x000001af6471ac94: 68c6 fdfd 

  0x000001af6471ac98: ;   {other}
  0x000001af6471ac98: 0f1f 8400 | 880f 0035 | baf6 ffff 

  0x000001af6471aca4: ;   {runtime_call UncommonTrapBlob}
  0x000001af6471aca4: ff66 90e8 

  0x000001af6471aca8: ; ImmutableOopMap {}
                      ;*getfield x {reexecute=1 rethrow=0 return_oop=0}
                      ; - (reexecute) com.seibel.distanthorizons.common.render.openGl.terrain.GlDhTerrainShaderProgram_neoforge::render@159 (line 319)
  0x000001af6471aca8: 54c6 fdfd 

  0x000001af6471acac: ;   {other}
  0x000001af6471acac: 0f1f 8400 | 9c0f 0036 | baf6 ffff 

  0x000001af6471acb8: ;   {runtime_call UncommonTrapBlob}
  0x000001af6471acb8: ff66 90e8 

  0x000001af6471acbc: ; ImmutableOopMap {}
                      ;*invokeinterface bind {reexecute=0 rethrow=0 return_oop=0}
                      ; - com.seibel.distanthorizons.common.render.openGl.terrain.GlDhTerrainShaderProgram_neoforge::render@207 (line 323)
  0x000001af6471acbc: 40c6 fdfd 

  0x000001af6471acc0: ;   {other}
  0x000001af6471acc0: 0f1f 8400 | b00f 0037 | baf6 ffff 

  0x000001af6471accc: ;   {runtime_call UncommonTrapBlob}
  0x000001af6471accc: ff66 90e8 

  0x000001af6471acd0: ; ImmutableOopMap {}
                      ;*invokevirtual bind {reexecute=0 rethrow=0 return_oop=0}
                      ; - com.seibel.distanthorizons.common.render.openGl.terrain.GlDhTerrainShaderProgram_neoforge::bind@12 (line 175)
                      ; - com.seibel.distanthorizons.common.render.openGl.terrain.GlDhTerrainShaderProgram_neoforge::render@207 (line 323)
  0x000001af6471acd0: 2cc6 fdfd 

  0x000001af6471acd4: ;   {other}
  0x000001af6471acd4: 0f1f 8400 | c40f 0038 | baf6 ffff | ff48 8b6c 

  0x000001af6471ace4: ;   {runtime_call UncommonTrapBlob}
  0x000001af6471ace4: 2420 90e8 

  0x000001af6471ace8: ; ImmutableOopMap {rbp=Oop }
                      ;*invokeinterface setModelOffsetPos {reexecute=0 rethrow=0 return_oop=0}
                      ; - com.seibel.distanthorizons.common.render.openGl.terrain.GlDhTerrainShaderProgram_neoforge::render@220 (line 324)
  0x000001af6471ace8: 14c6 fdfd 

  0x000001af6471acec: ;   {other}
  0x000001af6471acec: 0f1f 8400 | dc0f 0039 | baf6 ffff 

  0x000001af6471acf8: ;   {runtime_call UncommonTrapBlob}
  0x000001af6471acf8: ff66 90e8 

  0x000001af6471acfc: ; ImmutableOopMap {}
                      ;*arraylength {reexecute=0 rethrow=0 return_oop=0}
                      ; - com.seibel.distanthorizons.common.render.openGl.terrain.GlDhTerrainShaderProgram_neoforge::render@270 (line 330)
  0x000001af6471acfc: 00c6 fdfd 

  0x000001af6471ad00: ;   {other}
  0x000001af6471ad00: 0f1f 8400 | f00f 003a | baf6 ffff 

  0x000001af6471ad0c: ;   {runtime_call UncommonTrapBlob}
  0x000001af6471ad0c: ff66 90e8 

  0x000001af6471ad10: ; ImmutableOopMap {}
                      ;*invokevirtual size {reexecute=0 rethrow=0 return_oop=0}
                      ; - com.seibel.distanthorizons.core.util.objects.SortedArraySet::size@4 (line 65)
                      ; - com.seibel.distanthorizons.common.render.openGl.terrain.GlDhTerrainShaderProgram_neoforge::render@121 (line 311)
  0x000001af6471ad10: ecc5 fdfd 

  0x000001af6471ad14: ;   {other}
  0x000001af6471ad14: 0f1f 8400 | 0410 003b | baf4 ffff | ff8b 2c24 | 4c8b 5424 | 184c 8914 

  0x000001af6471ad2c: ;   {runtime_call UncommonTrapBlob}
  0x000001af6471ad2c: 2466 90e8 

  0x000001af6471ad30: ; ImmutableOopMap {[0]=Oop [8]=Oop [40]=Oop }
                      ;*checkcast {reexecute=0 rethrow=0 return_oop=0}
                      ; - com.seibel.distanthorizons.common.render.openGl.terrain.GlDhTerrainShaderProgram_neoforge::render@279 (line 332)
  0x000001af6471ad30: ccc5 fdfd 

  0x000001af6471ad34: ;   {other}
  0x000001af6471ad34: 0f1f 8400 | 2410 003c | baf6 ffff 

  0x000001af6471ad40: ;   {runtime_call UncommonTrapBlob}
  0x000001af6471ad40: ff66 90e8 

  0x000001af6471ad44: ; ImmutableOopMap {}
                      ;*invokevirtual bind {reexecute=0 rethrow=0 return_oop=0}
                      ; - com.seibel.distanthorizons.common.render.openGl.terrain.GlDhTerrainShaderProgram_neoforge::render@326 (line 347)
  0x000001af6471ad44: b8c5 fdfd 

  0x000001af6471ad48: ;   {other}
  0x000001af6471ad48: 0f1f 8400 | 3810 003d | baf6 ffff | ff8b 6c24 

  0x000001af6471ad58: ;   {runtime_call UncommonTrapBlob}
  0x000001af6471ad58: 3066 90e8 

  0x000001af6471ad5c: ; ImmutableOopMap {}
                      ;*invokeinterface bindVertexBuffer {reexecute=0 rethrow=0 return_oop=0}
                      ; - com.seibel.distanthorizons.common.render.openGl.terrain.GlDhTerrainShaderProgram_neoforge::render@340 (line 349)
  0x000001af6471ad5c: a0c5 fdfd 

  0x000001af6471ad60: ;   {other}
  0x000001af6471ad60: 0f1f 8400 | 5010 003e | baf6 ffff | ff8b 6c24 

  0x000001af6471ad70: ;   {runtime_call UncommonTrapBlob}
  0x000001af6471ad70: 3066 90e8 

  0x000001af6471ad74: ; ImmutableOopMap {}
                      ;*invokevirtual bindBufferToAllBindingPoints {reexecute=0 rethrow=0 return_oop=0}
                      ; - com.seibel.distanthorizons.common.render.openGl.terrain.GlDhTerrainShaderProgram_neoforge::bindVertexBuffer@5 (line 192)
                      ; - com.seibel.distanthorizons.common.render.openGl.terrain.GlDhTerrainShaderProgram_neoforge::render@340 (line 349)
  0x000001af6471ad74: 88c5 fdfd 

  0x000001af6471ad78: ;   {other}
  0x000001af6471ad78: 0f1f 8400 | 6810 003f | baf6 ffff 

  0x000001af6471ad84: ;   {runtime_call UncommonTrapBlob}
  0x000001af6471ad84: ff66 90e8 

  0x000001af6471ad88: ; ImmutableOopMap {}
                      ;*invokevirtual getGlType {reexecute=0 rethrow=0 return_oop=0}
                      ; - com.seibel.distanthorizons.common.render.openGl.terrain.GlDhTerrainShaderProgram_neoforge::render@353 (line 353)
  0x000001af6471ad88: 74c5 fdfd 

  0x000001af6471ad8c: ;   {other}
  0x000001af6471ad8c: 0f1f 8400 | 7c10 0040 | e995 fbff | ffe9 90fb | ffff e98b | fbff ffe9 | 86fb ffff | e981 fbff 
  0x000001af6471adac: ffe9 7cfb | ffff e977 | fbff ffe9 | 72fb ffff | e96d fbff | ffe9 68fb | ffff e963 | fbff ffe9 
  0x000001af6471adcc: 5efb ffff | baf6 ffff 

  0x000001af6471add4: ;   {runtime_call UncommonTrapBlob}
  0x000001af6471add4: ff66 90e8 

  0x000001af6471add8: ; ImmutableOopMap {}
                      ;*invokevirtual get {reexecute=0 rethrow=0 return_oop=0}
                      ; - com.seibel.distanthorizons.common.render.openGl.terrain.GlDhTerrainShaderProgram_neoforge::render@3 (line 268)
  0x000001af6471add8: 24c5 fdfd 

  0x000001af6471addc: ;   {other}
  0x000001af6471addc: 0f1f 8400 | cc10 0041 | baf4 ffff | ff49 8be8 

  0x000001af6471adec: ;   {runtime_call UncommonTrapBlob}
  0x000001af6471adec: 6666 90e8 

  0x000001af6471adf0: ; ImmutableOopMap {rbp=Oop [8]=Oop }
                      ;*checkcast {reexecute=0 rethrow=0 return_oop=0}
                      ; - com.seibel.distanthorizons.common.render.openGl.terrain.GlDhTerrainShaderProgram_neoforge::render@6 (line 268)
  0x000001af6471adf0: 0cc5 fdfd 

  0x000001af6471adf4: ;   {other}
  0x000001af6471adf4: 0f1f 8400 | e410 0042 | baf6 ffff 

  0x000001af6471ae00: ;   {runtime_call UncommonTrapBlob}
  0x000001af6471ae00: ff66 90e8 

  0x000001af6471ae04: ; ImmutableOopMap {}
                      ;*invokevirtual size {reexecute=0 rethrow=0 return_oop=0}
                      ; - com.seibel.distanthorizons.core.util.objects.SortedArraySet::size@4 (line 65)
                      ; - com.seibel.distanthorizons.common.render.openGl.terrain.GlDhTerrainShaderProgram_neoforge::render@121 (line 311)
  0x000001af6471ae04: f8c4 fdfd 

  0x000001af6471ae08: ;   {other}
  0x000001af6471ae08: 0f1f 8400 | f810 0043 | e919 fbff | ffe9 14fb | ffff e90f | fbff ff4d | 8b9a e000 | 0000 4883 
  0x000001af6471ae28: ec30 4c89 | 5424 284c | 8944 2420 | 498d 92e0 | 0000 0049 

  0x000001af6471ae3c: ;   {runtime_call}
  0x000001af6471ae3c: 8bcb 48b8 | b080 f52a | ff7f 0000 | ffd0 4c8b | d84c 8b44 | 2420 4c8b | 5424 28c5 | f877 4883 
  0x000001af6471ae5c: c430 e930 | f3ff ff49 | 8b6b 6848 | 83ec 304c | 895c 2428 | 4c89 4424 | 2049 8d53 | 6848 8bcd 
  0x000001af6471ae7c: ;   {runtime_call}
  0x000001af6471ae7c: 48b8 b080 | f52a ff7f | 0000 ffd0 | 488b e84c | 8b44 2420 | 4c8b 5c24 | 28c5 f877 | 4883 c430 
  0x000001af6471ae9c: e90d f3ff | ff49 8b6b | 2848 83ec | 304c 895c | 2428 4c89 | 4424 2049 | 8d53 2848 

  0x000001af6471aeb8: ;   {runtime_call}
  0x000001af6471aeb8: 8bcd 48b8 | b080 f52a | ff7f 0000 | ffd0 488b | e84c 8b44 | 2420 4c8b | 5c24 28c5 | f877 4883 
  0x000001af6471aed8: c430 e9e6 | f2ff ff4c | 8b51 1048 | 83ec 3048 | 894c 2428 | 488d 5110 

  0x000001af6471aef0: ;   {runtime_call}
  0x000001af6471aef0: 498b ca48 | b8b0 80f5 | 2aff 7f00 | 00ff d04c | 8bd0 488b | 4c24 28c5 | f877 4883 | c430 e958 
  0x000001af6471af10: f3ff ff4d | 8b93 c000 | 0000 4883 | ec30 4c89 | 5c24 2849 | 8d93 c000 | 0000 498b 

  0x000001af6471af2c: ;   {runtime_call}
  0x000001af6471af2c: ca48 b8b0 | 80f5 2aff | 7f00 00ff | d04c 8bd0 | 4c8b 5c24 | 28c5 f877 | 4883 c430 | e90d f4ff 
  0x000001af6471af4c: ff4d 8b93 | c000 0000 | 4883 ec30 | 4c89 5c24 | 2849 8d93 | c000 0000 

  0x000001af6471af64: ;   {runtime_call}
  0x000001af6471af64: 498b ca48 | b8b0 80f5 | 2aff 7f00 | 00ff d04c | 8bd0 4c8b | 5c24 28c5 | f877 4883 | c430 e93b 
  0x000001af6471af84: f4ff ff4c | 8b51 1048 | 83ec 304c | 895c 2428 | 4889 4c24 | 2048 8d51 | 1049 8bca 

  0x000001af6471afa0: ;   {runtime_call}
  0x000001af6471afa0: 48b8 b080 | f52a ff7f | 0000 ffd0 | 4c8b d048 | 8b4c 2420 | 4c8b 5c24 | 28c5 f877 | 4883 c430 
  0x000001af6471afc0: e95d f4ff | ff49 8b6a | 1848 83ec | 404c 8954 | 2438 4c89 | 5c24 3048 | 894c 2428 | 498d 5218 
  0x000001af6471afe0: ;   {runtime_call}
  0x000001af6471afe0: 488b cd48 | b8b0 80f5 | 2aff 7f00 | 00ff d048 | 8be8 488b | 4c24 284c | 8b5c 2430 | 4c8b 5424 
  0x000001af6471b000: 38c5 f877 | 4883 c440 | e946 f4ff | ff4e 8b44 | dd10 4883 | ec30 4c89 | 5c24 2848 | 894c 2420 
  0x000001af6471b020: 4a8d 54dd | 1049 8bc8 

  0x000001af6471b028: ;   {runtime_call}
  0x000001af6471b028: 48b8 b080 | f52a ff7f | 0000 ffd0 | 4c8b c048 | 8b4c 2420 | 4c8b 5c24 | 28c5 f877 | 4883 c430 
  0x000001af6471b048: e922 f4ff | ff49 8bab | 8800 0000 | 4883 ec40 | 4c89 5424 | 384c 895c | 2430 4889 | 4424 2849 
  0x000001af6471b068: 8d93 8800 | 0000 488b 

  0x000001af6471b070: ;   {runtime_call}
  0x000001af6471b070: cd48 b8b0 | 80f5 2aff | 7f00 00ff | d048 8be8 | 488b 4424 | 284c 8b5c | 2430 4c8b | 5424 38c5 
  0x000001af6471b090: f877 4883 | c440 e92a | f4ff ff4d | 8b53 1848 | 83ec 304c | 895c 2428 | 4889 4424 | 2049 8d53 
  0x000001af6471b0b0: 1849 8bca 

  0x000001af6471b0b4: ;   {runtime_call}
  0x000001af6471b0b4: 48b8 b080 | f52a ff7f | 0000 ffd0 | 4c8b d048 | 8b44 2420 | 4c8b 5c24 | 28c5 f877 | 4883 c430 
  0x000001af6471b0d4: e945 f4ff | ff4d 8b42 | 4048 83ec | 304c 8954 | 2428 498d | 5240 498b 

  0x000001af6471b0ec: ;   {runtime_call}
  0x000001af6471b0ec: c848 b8b0 | 80f5 2aff | 7f00 00ff | d04c 8bc0 | 4c8b 5424 | 28c5 f877 | 4883 c430 | e986 f4ff 
  0x000001af6471b10c: ff4c 8b55 | 4848 83ec | 2048 8d55 | 4849 8bca 

  0x000001af6471b11c: ;   {runtime_call}
  0x000001af6471b11c: 48b8 b080 | f52a ff7f | 0000 ffd0 | 4c8b d0c5 | f877 4883 | c420 e99f | f4ff ff49 | 8b6a 4048 
  0x000001af6471b13c: 83ec 304c | 8954 2428 | 498d 5240 

  0x000001af6471b148: ;   {runtime_call}
  0x000001af6471b148: 488b cd48 | b8b0 80f5 | 2aff 7f00 | 00ff d048 | 8be8 4c8b | 5424 28c5 | f877 4883 | c430 e995 
  0x000001af6471b168: f4ff ff4d | 8b4b 2848 | 83ec 304c | 895c 2428 | 498d 5328 

  0x000001af6471b17c: ;   {runtime_call}
  0x000001af6471b17c: 498b c948 | b8b0 80f5 | 2aff 7f00 | 00ff d04c | 8bc8 4c8b | 5c24 28c5 | f877 4883 | c430 e989 
  0x000001af6471b19c: f5ff ff4d | 8b53 2048 | 83ec 304c | 895c 2428 | 4c89 4c24 | 2049 8d53 | 2049 8bca 

  0x000001af6471b1b8: ;   {runtime_call}
  0x000001af6471b1b8: 48b8 b080 | f52a ff7f | 0000 ffd0 | 4c8b d04c | 8b4c 2420 | 4c8b 5c24 | 28c5 f877 | 4883 c430 
  0x000001af6471b1d8: e959 f5ff | ff4f 8b5c | c210 4883 | ec30 4c89 | 5424 284c | 8944 2420 | 4b8d 54c2 | 1049 8bcb 
  0x000001af6471b1f8: ;   {runtime_call}
  0x000001af6471b1f8: 48b8 b080 | f52a ff7f | 0000 ffd0 | 4c8b d84c | 8b44 2420 | 4c8b 5424 | 28c5 f877 | 4883 c430 
  0x000001af6471b218: e96a f5ff | ff4d 8b93 | c000 0000 | 4883 ec30 | 4c89 5c24 | 2849 8d93 | c000 0000 

  0x000001af6471b234: ;   {runtime_call}
  0x000001af6471b234: 498b ca48 | b8b0 80f5 | 2aff 7f00 | 00ff d04c | 8bd0 4c8b | 5c24 28c5 | f877 4883 | c430 e9c3 
  0x000001af6471b254: f5ff ff4d | 8b53 4048 | 83ec 304c | 895c 2428 | 498d 5340 

  0x000001af6471b268: ;   {runtime_call}
  0x000001af6471b268: 498b ca48 | b8b0 80f5 | 2aff 7f00 | 00ff d04c | 8bd0 4c8b | 5c24 28c5 | f877 4883 | c430 e9cb 
  0x000001af6471b288: f5ff ff49 | 8b6a 4848 | 83ec 304c | 8954 2428 | 498d 5248 

  0x000001af6471b29c: ;   {runtime_call}
  0x000001af6471b29c: 488b cd48 | b8b0 80f5 | 2aff 7f00 | 00ff d048 | 8be8 4c8b | 5424 28c5 | f877 4883 | c430 e9b6 
  0x000001af6471b2bc: ;   {internal_word}
  0x000001af6471b2bc: f5ff ff49 | bae7 a871 | 64af 0100 | 004d 8997 | 6004 0000 

  0x000001af6471b2d0: ;   {runtime_call SafepointBlob}
  0x000001af6471b2d0: e9ab aefd | fd48 83ec | 08c5 fb11 

  0x000001af6471b2dc: ;   {runtime_call StubRoutines (initial stubs)}
  0x000001af6471b2dc: 0424 e85a | 60f8 fd41 | 5be9 e4f4 

  0x000001af6471b2e8: ;   {runtime_call StubRoutines (final stubs)}
  0x000001af6471b2e8: ffff e8b1 | 40fc fde9 | 76ee ffff | f4f4 f4f4 
[Stub Code]
  0x000001af6471b2f8: ;   {no_reloc}
  0x000001af6471b2f8: 48bb 0000 | 0000 0000 

  0x000001af6471b300: ;   {runtime_call nmethod}
  0x000001af6471b300: 0000 e9fb 

  0x000001af6471b304: ;   {static_stub}
  0x000001af6471b304: ffff ff48 | bb00 0000 | 0000 0000 

  0x000001af6471b310: ;   {runtime_call nmethod}
  0x000001af6471b310: 00e9 fbff 

  0x000001af6471b314: ;   {static_stub}
  0x000001af6471b314: ffff 48bb | 0000 0000 | 0000 0000 

  0x000001af6471b320: ;   {runtime_call nmethod}
  0x000001af6471b320: e9fb ffff 

  0x000001af6471b324: ;   {static_stub}
  0x000001af6471b324: ff48 bb00 | 0000 0000 

  0x000001af6471b32c: ;   {runtime_call nmethod}
  0x000001af6471b32c: 0000 00e9 | fbff ffff 

  0x000001af6471b334: ;   {static_stub}
  0x000001af6471b334: 48bb 0000 | 0000 0000 

  0x000001af6471b33c: ;   {runtime_call nmethod}
  0x000001af6471b33c: 0000 e9fb 

  0x000001af6471b340: ;   {static_stub}
  0x000001af6471b340: ffff ff48 | bb00 0000 | 0000 0000 

  0x000001af6471b34c: ;   {runtime_call nmethod}
  0x000001af6471b34c: 00e9 fbff 

  0x000001af6471b350: ;   {static_stub}
  0x000001af6471b350: ffff 48bb | 0000 0000 | 0000 0000 

  0x000001af6471b35c: ;   {runtime_call nmethod}
  0x000001af6471b35c: e9fb ffff 

  0x000001af6471b360: ;   {static_stub}
  0x000001af6471b360: ff48 bb00 | 0000 0000 

  0x000001af6471b368: ;   {runtime_call nmethod}
  0x000001af6471b368: 0000 00e9 | fbff ffff 

  0x000001af6471b370: ;   {static_stub}
  0x000001af6471b370: 48bb 0000 | 0000 0000 

  0x000001af6471b378: ;   {runtime_call nmethod}
  0x000001af6471b378: 0000 e9fb 

  0x000001af6471b37c: ;   {static_stub}
  0x000001af6471b37c: ffff ff48 | bb00 0000 | 0000 0000 

  0x000001af6471b388: ;   {runtime_call nmethod}
  0x000001af6471b388: 00e9 fbff 

  0x000001af6471b38c: ;   {static_stub}
  0x000001af6471b38c: ffff 48bb | 0000 0000 | 0000 0000 

  0x000001af6471b398: ;   {runtime_call nmethod}
  0x000001af6471b398: e9fb ffff 

  0x000001af6471b39c: ;   {static_stub}
  0x000001af6471b39c: ff48 bb00 | 0000 0000 

  0x000001af6471b3a4: ;   {runtime_call nmethod}
  0x000001af6471b3a4: 0000 00e9 | fbff ffff 

  0x000001af6471b3ac: ;   {static_stub}
  0x000001af6471b3ac: 48bb 0000 | 0000 0000 

  0x000001af6471b3b4: ;   {runtime_call nmethod}
  0x000001af6471b3b4: 0000 e9fb 

  0x000001af6471b3b8: ;   {static_stub}
  0x000001af6471b3b8: ffff ff48 | bb00 0000 | 0000 0000 

  0x000001af6471b3c4: ;   {runtime_call nmethod}
  0x000001af6471b3c4: 00e9 fbff 

  0x000001af6471b3c8: ;   {static_stub}
  0x000001af6471b3c8: ffff 48bb | 0000 0000 | 0000 0000 

  0x000001af6471b3d4: ;   {runtime_call nmethod}
  0x000001af6471b3d4: e9fb ffff 

  0x000001af6471b3d8: ;   {static_stub}
  0x000001af6471b3d8: ff48 bb00 | 0000 0000 

  0x000001af6471b3e0: ;   {runtime_call nmethod}
  0x000001af6471b3e0: 0000 00e9 | fbff ffff 

  0x000001af6471b3e8: ;   {static_stub}
  0x000001af6471b3e8: 48bb 0000 | 0000 0000 

  0x000001af6471b3f0: ;   {runtime_call nmethod}
  0x000001af6471b3f0: 0000 e9fb 

  0x000001af6471b3f4: ;   {static_stub}
  0x000001af6471b3f4: ffff ff48 | bb00 0000 | 0000 0000 

  0x000001af6471b400: ;   {runtime_call nmethod}
  0x000001af6471b400: 00e9 fbff 

  0x000001af6471b404: ;   {static_stub}
  0x000001af6471b404: ffff 48bb | 0000 0000 | 0000 0000 

  0x000001af6471b410: ;   {runtime_call nmethod}
  0x000001af6471b410: e9fb ffff 

  0x000001af6471b414: ;   {runtime_call ExceptionBlob}
  0x000001af6471b414: ffe9 668f | 09fe e800 | 0000 0048 | 832c 2405 

  0x000001af6471b424: ;   {runtime_call DeoptimizationBlob}
  0x000001af6471b424: e9f7 c1fd | fdf4 f4f4 | f4f4 f4f4 
[/MachCode]


Compiled method (c2) 209184 79279       4       com.seibel.distanthorizons.core.render.renderer.LodRenderer::renderTerrain (25 bytes)
 total in heap  [0x000001af63576990,0x000001af63576fa8] = 1560
 relocation     [0x000001af63576af0,0x000001af63576b38] = 72
 main code      [0x000001af63576b40,0x000001af63576da0] = 608
 stub code      [0x000001af63576da0,0x000001af63576dc8] = 40
 oops           [0x000001af63576dc8,0x000001af63576dd0] = 8
 metadata       [0x000001af63576dd0,0x000001af63576e18] = 72
 scopes data    [0x000001af63576e18,0x000001af63576ed0] = 184
 scopes pcs     [0x000001af63576ed0,0x000001af63576f60] = 144
 dependencies   [0x000001af63576f60,0x000001af63576f78] = 24
 handler table  [0x000001af63576f78,0x000001af63576f90] = 24
 nul chk table  [0x000001af63576f90,0x000001af63576fa8] = 24

[Constant Pool (empty)]

[MachCode]
[Entry Point]
  # {method} {0x000001b3e944f870} 'renderTerrain' '(Lcom/seibel/distanthorizons/core/wrapperInterfaces/render/renderPass/IDhTerrainRenderer;Lcom/seibel/distanthorizons/core/render/RenderBufferHandler;Lcom/seibel/distanthorizons/core/render/RenderParams;ZLcom/seibel/distanthorizons/core/wrapperInterfaces/minecraft/IProfilerWrapper;)V' in 'com/seibel/distanthorizons/core/render/renderer/LodRenderer'
  # this:     rdx:rdx   = 'com/seibel/distanthorizons/core/render/renderer/LodRenderer'
  # parm0:    r8:r8     = 'com/seibel/distanthorizons/core/wrapperInterfaces/render/renderPass/IDhTerrainRenderer'
  # parm1:    r9:r9     = 'com/seibel/distanthorizons/core/render/RenderBufferHandler'
  # parm2:    rdi:rdi   = 'com/seibel/distanthorizons/core/render/RenderParams'
  # parm3:    rsi       = boolean
  # parm4:    rcx:rcx   = 'com/seibel/distanthorizons/core/wrapperInterfaces/minecraft/IProfilerWrapper'
  #           [sp+0x50]  (sp of caller)
  0x000001af63576b40: 448b 5208 

  0x000001af63576b44: ;   {runtime_call ic_miss_stub}
  0x000001af63576b44: 493b c20f | 8533 7b17 | ff66 6690 
[Verified Entry Point]
  0x000001af63576b50: 8984 2400 | 80ff ff55 | 4883 ec40 | 4181 7f58 | 204a 0000 | 0f85 2802 | 0000 4d85 | c974 704d 
  0x000001af63576b70: ;   {other}
  0x000001af63576b70: 8b51 2849 | c1ea 0f0f | 8747 0100 | 004d 85d2 | 0f84 9600 | 0000 458b 

  0x000001af63576b88: ;   {metadata('com/seibel/distanthorizons/common/render/openGl/GlDhTerrainRenderer_neoforge')}
  0x000001af63576b88: 5808 4181 | fb18 affa | 8275 614d 

  0x000001af63576b94: ;   {other}
  0x000001af63576b94: 8b58 1049 | c1eb 0f0f | 877f 0100 | 0041 0fb6 | 6b44 85ed | 0f84 8600 | 0000 498b | d34c 8bc7 
  0x000001af63576bb4: 448b ce49 | 8bfa 488b 

  0x000001af63576bbc: ;   {optimized virtual_call}
  0x000001af63576bbc: f166 90e8 

  0x000001af63576bc0: ; ImmutableOopMap {}
                      ;*invokevirtual render {reexecute=0 rethrow=0 return_oop=0}
                      ; - com.seibel.distanthorizons.common.render.openGl.GlDhTerrainRenderer_neoforge::render@21 (line 60)
                      ; - com.seibel.distanthorizons.core.render.renderer.LodRenderer::renderTerrain@19 (line 345)
  0x000001af63576bc0: 8c35 1a01 

  0x000001af63576bc4: ;   {other}
  0x000001af63576bc4: 0f1f 8400 | 3402 0000 | 4883 c440 

  0x000001af63576bd0: ;   {poll_return}
  0x000001af63576bd0: 5d49 3ba7 | 4804 0000 | 0f87 9e01 | 0000 c3ba | f6ff ffff 

  0x000001af63576be4: ;   {runtime_call UncommonTrapBlob}
  0x000001af63576be4: 6666 90e8 

  0x000001af63576be8: ; ImmutableOopMap {}
                      ;*invokevirtual getColumnRenderBuffers {reexecute=0 rethrow=0 return_oop=0}
                      ; - com.seibel.distanthorizons.core.render.renderer.LodRenderer::renderTerrain@1 (line 342)
  0x000001af63576be8: 1407 18ff 

  0x000001af63576bec: ;   {other}
  0x000001af63576bec: 0f1f 8400 | 5c02 0001 | bade ffff | ff49 8be8 | 4889 3c24 | 8974 2408 | 4889 4c24 | 104c 8954 
  0x000001af63576c0c: ;   {runtime_call UncommonTrapBlob}
  0x000001af63576c0c: 2418 90e8 

  0x000001af63576c10: ; ImmutableOopMap {rbp=Oop [0]=Oop [16]=Oop [24]=Oop }
                      ;*invokeinterface render {reexecute=0 rethrow=0 return_oop=0}
                      ; - com.seibel.distanthorizons.core.render.renderer.LodRenderer::renderTerrain@19 (line 345)
  0x000001af63576c10: ec06 18ff 

  0x000001af63576c14: ;   {other}
  0x000001af63576c14: 0f1f 8400 | 8402 0002 | ba45 ffff | ff4c 8914 

  0x000001af63576c24: ;   {runtime_call UncommonTrapBlob}
  0x000001af63576c24: 2466 90e8 

  0x000001af63576c28: ; ImmutableOopMap {[0]=Oop }
                      ;*ifnull {reexecute=1 rethrow=0 return_oop=0}
                      ; - (reexecute) com.seibel.distanthorizons.core.render.renderer.LodRenderer::renderTerrain@8 (line 343)
  0x000001af63576c28: d406 18ff 

  0x000001af63576c2c: ;   {other}
  0x000001af63576c2c: 0f1f 8400 | 9c02 0003 | ba45 ffff | ff4c 8904 | 2448 897c | 2408 8974 | 2410 4889 | 4c24 184c 
  0x000001af63576c4c: 8954 2420 | 4c89 5c24 

  0x000001af63576c54: ;   {runtime_call UncommonTrapBlob}
  0x000001af63576c54: 2866 90e8 

  0x000001af63576c58: ; ImmutableOopMap {[0]=Oop [8]=Oop [24]=Oop [32]=Oop [40]=Oop }
                      ;*ifeq {reexecute=1 rethrow=0 return_oop=0}
                      ; - (reexecute) com.seibel.distanthorizons.common.render.openGl.terrain.GlDhTerrainShaderProgram_neoforge::tryInit@4 (line 98)
                      ; - com.seibel.distanthorizons.common.render.openGl.GlDhTerrainRenderer_neoforge::render@9 (line 59)
                      ; - com.seibel.distanthorizons.core.render.renderer.LodRenderer::renderTerrain@19 (line 345)
  0x000001af63576c58: a406 18ff 

  0x000001af63576c5c: ;   {other}
  0x000001af63576c5c: 0f1f 8400 | cc02 0004 | 488b d048 | 83c4 405d 

  0x000001af63576c6c: ;   {runtime_call _rethrow_Java}
  0x000001af63576c6c: e98f 3324 | ffba f6ff | ffff 488b | ef89 3424 | 4889 4c24 | 084c 8954 

  0x000001af63576c84: ;   {runtime_call UncommonTrapBlob}
  0x000001af63576c84: 2410 90e8 

  0x000001af63576c88: ; ImmutableOopMap {rbp=Oop [8]=Oop [16]=Oop }
                      ;*invokeinterface render {reexecute=0 rethrow=0 return_oop=0}
                      ; - com.seibel.distanthorizons.core.render.renderer.LodRenderer::renderTerrain@19 (line 345)
  0x000001af63576c88: 7406 18ff 

  0x000001af63576c8c: ;   {other}
  0x000001af63576c8c: 0f1f 8400 | fc02 0005 | ba45 ffff | ff48 893c | 2489 7424 | 0848 894c | 2410 4c89 | 4424 184c 
  0x000001af63576cac: 8954 2420 | 4c89 5c24 

  0x000001af63576cb4: ;   {runtime_call UncommonTrapBlob}
  0x000001af63576cb4: 2866 90e8 

  0x000001af63576cb8: ; ImmutableOopMap {[0]=Oop [16]=Oop [24]=Oop [32]=Oop [40]=Oop }
                      ;*ifnonnull {reexecute=1 rethrow=0 return_oop=0}
                      ; - (reexecute) com.seibel.distanthorizons.common.render.openGl.GlDhTerrainRenderer_neoforge::getTerrainShaderProgram@4 (line 36)
                      ; - com.seibel.distanthorizons.common.render.openGl.GlDhTerrainRenderer_neoforge::render@1 (line 57)
                      ; - com.seibel.distanthorizons.core.render.renderer.LodRenderer::renderTerrain@19 (line 345)
  0x000001af63576cb8: 4406 18ff 

  0x000001af63576cbc: ;   {other}
  0x000001af63576cbc: 0f1f 8400 | 2c03 0006 | 4d8b 5128 | 4883 ec50 | 4c89 4424 | 484c 894c | 2440 4889 | 4c24 3848 
  0x000001af63576cdc: 897c 2430 | 4889 7424 | 2849 8d51 | 2849 8bca 

  0x000001af63576cec: ;   {runtime_call}
  0x000001af63576cec: 48b8 b080 | f52a ff7f | 0000 ffd0 | 4c8b d048 | 8b74 2428 | 488b 7c24 | 3048 8b4c | 2438 4c8b 
  0x000001af63576d0c: 4c24 404c | 8b44 2448 | c5f8 7748 | 83c4 50e9 | 5dfe ffff | 4d8b 5810 | 4883 ec50 | 4c89 5424 
  0x000001af63576d2c: 484c 8944 | 2440 4889 | 4c24 3848 | 897c 2430 | 4889 7424 | 2849 8d50 | 1049 8bcb 

  0x000001af63576d48: ;   {runtime_call}
  0x000001af63576d48: 48b8 b080 | f52a ff7f | 0000 ffd0 | 4c8b d848 | 8b74 2428 | 488b 7c24 | 3048 8b4c | 2438 4c8b 
  0x000001af63576d68: 4424 404c | 8b54 2448 | c5f8 7748 | 83c4 50e9 | 25fe ffff 

  0x000001af63576d7c: ;   {internal_word}
  0x000001af63576d7c: 49ba d16b | 5763 af01 | 0000 4d89 | 9760 0400 

  0x000001af63576d8c: ;   {runtime_call SafepointBlob}
  0x000001af63576d8c: 00e9 eef3 

  0x000001af63576d90: ;   {runtime_call StubRoutines (final stubs)}
  0x000001af63576d90: 17ff e809 | 8616 ffe9 | cefd ffff | f4f4 f4f4 
[Stub Code]
  0x000001af63576da0: ;   {no_reloc}
  0x000001af63576da0: 48bb 0000 | 0000 0000 

  0x000001af63576da8: ;   {runtime_call nmethod}
  0x000001af63576da8: 0000 e9fb 

  0x000001af63576dac: ;   {runtime_call ExceptionBlob}
  0x000001af63576dac: ffff ffe9 | ccd5 23ff 
[Deopt Handler Code]
  0x000001af63576db4: e800 0000 | 0048 832c 

  0x000001af63576dbc: ;   {runtime_call DeoptimizationBlob}
  0x000001af63576dbc: 2405 e95d | 0818 fff4 | f4f4 f4f4 
[/MachCode]


---------------  P R O C E S S  ---------------

Threads class SMR info:
_java_thread_list=0x000001b3d9bc1c50, length=261, elements={
0x000001af56e73600, 0x000001af573e87d0, 0x000001af573e8e30, 0x000001af5740f730,
0x000001af5740fd90, 0x000001af5747bee0, 0x000001af5747c540, 0x000001af57410c50,
0x000001af57411550, 0x000001af0503fe00, 0x000001af0503bd20, 0x000001af0a0299c0,
0x000001af0a02a020, 0x000001af08dce230, 0x000001af06538360, 0x000001af0b723030,
0x000001af0b723690, 0x000001af09d9e0f0, 0x000001af0ac365f0, 0x000001af0ac35f60,
0x000001af0ac34bb0, 0x000001af0ac38030, 0x000001af0ac37310, 0x000001af0ac379a0,
0x000001af0ac35240, 0x000001af0ac358d0, 0x000001af098da440, 0x000001af098d7ce0,
0x000001af098daad0, 0x000001af098d9720, 0x000001af098d7650, 0x000001af098db160,
0x000001af098d8a00, 0x000001af0bd2f380, 0x000001af22141000, 0x000001af22141690,
0x000001af221423b0, 0x000001af2213f5c0, 0x000001af221402e0, 0x000001af22144b10,
0x000001af22145830, 0x000001af22146be0, 0x000001af22145ec0, 0x000001af22143df0,
0x000001af22144480, 0x000001af0bd29e30, 0x000001af0bd283f0, 0x000001af0bd2a4c0,
0x000001af0bd2bf00, 0x000001af0bd2ab50, 0x000001af0bd28a80, 0x000001af0bd29110,
0x000001af0bd2c590, 0x000001af0bd297a0, 0x000001af0bd2ecf0, 0x000001af0bd2cc20,
0x000001af0bd2d2b0, 0x000001af0bd2d940, 0x000001af098d9db0, 0x000001af098ddf50,
0x000001af098dbe80, 0x000001af098dc510, 0x000001af098dec70, 0x000001af098dcba0,
0x000001af098dd8c0, 0x000001af098de5e0, 0x000001af05ae7000, 0x000001af34694e20,
0x000001af346961d0, 0x000001af34695b40, 0x000001af34699650, 0x000001af34699ce0,
0x000001af089f1e50, 0x000001af089f24e0, 0x000001af089f3200, 0x000001af089f2b70,
0x000001af089f3890, 0x000001af089f3f20, 0x000001af089f0aa0, 0x000001af089f1130,
0x000001af089f4c40, 0x000001af089f5ff0, 0x000001af089f7a30, 0x000001af089f5960,
0x000001af089f6680, 0x000001af089f52d0, 0x000001af089f80c0, 0x000001af089f6d10,
0x000001af089f73a0, 0x000001af30c78ed0, 0x000001af30c76e00, 0x000001af30c77b20,
0x000001af30c7a910, 0x000001af30c79560, 0x000001af30c781b0, 0x000001af30c7a280,
0x000001af30c79bf0, 0x000001af30c7d070, 0x000001b374715620, 0x000001b3747169d0,
0x000001b374717060, 0x000001b3747176f0, 0x000001b374713be0, 0x000001b374714f90,
0x000001b3747197c0, 0x000001b374719130, 0x000001b374716340, 0x000001b374719e50,
0x000001b3706f5930, 0x000001b3706f8090, 0x000001b3706f4c10, 0x000001b3706f9440,
0x000001af098db7f0, 0x000001b376177bd0, 0x000001b37421bff0, 0x000001b374220190,
0x000001b374222f80, 0x000001b3742228f0, 0x000001b37421fb00, 0x000001b374222260,
0x000001b374221540, 0x000001b374223610, 0x000001b374223ca0, 0x000001b374224330,
0x000001b374220eb0, 0x000001b374227e40, 0x000001b3742249c0, 0x000001b374226a90,
0x000001b374225050, 0x000001b374226400, 0x000001b3742277b0, 0x000001b3742284d0,
0x000001b374228b60, 0x000001b3742256e0, 0x000001b3742291f0, 0x000001b374225d70,
0x000001b374229880, 0x000001b374712ec0, 0x000001b374715cb0, 0x000001b374713550,
0x000001b374714270, 0x000001af346954b0, 0x000001af3469aa00, 0x000001af30c7bcc0,
0x000001af30c7e420, 0x000001b3706f7370, 0x000001b39a369130, 0x000001b39a3697c0,
0x000001b39a36a4e0, 0x000001b39a368410, 0x000001b39a367060, 0x000001b39a36ab70,
0x000001b39a368aa0, 0x000001b39a367d80, 0x000001b39a36b890, 0x000001b39a36cc40,
0x000001b39a36bf20, 0x000001b39a36c5b0, 0x000001b39a36b200, 0x000001b39a36f3a0,
0x000001b39a370de0, 0x000001b39a36d960, 0x000001b39a36fa30, 0x000001b39a36ed10,
0x000001b39a371470, 0x000001b39a3700c0, 0x000001b39a36e680, 0x000001b39a374260,
0x000001b39a372820, 0x000001b39a371b00, 0x000001b39a374f80, 0x000001b39a372eb0,
0x000001b39a375610, 0x000001b39a373bd0, 0x000001b39a375ca0, 0x000001b39a376330,
0x000001b3747c66a0, 0x000001b3747c8770, 0x000001b3747c8e00, 0x000001b3747c5980,
0x000001b3747c73c0, 0x000001b3747c9490, 0x000001b3747c6d30, 0x000001b3747c6010,
0x000001b3747ca840, 0x000001b3747c9b20, 0x000001b3747caed0, 0x000001b3747c7a50,
0x000001b3747cb560, 0x000001b3747cbbf0, 0x000001b3a6405100, 0x000001b3a6408c10,
0x000001b3a6405790, 0x000001b3a6406b40, 0x000001b3a64092a0, 0x000001b3a6409930,
0x000001b3a6409fc0, 0x000001b3a640a650, 0x000001b3a640ace0, 0x000001b3a6407860,
0x000001b3a640ba00, 0x000001b3a640c090, 0x000001b3a640dad0, 0x000001b3a640e160,
0x000001b3a640e7f0, 0x000001b3a640c720, 0x000001b3a640b370, 0x000001b3a6410230,
0x000001b3a640d440, 0x000001b3a640cdb0, 0x000001b3a64115e0, 0x000001b3a6411c70,
0x000001b3a6410f50, 0x000001b3a6412300, 0x000001b3a640ee80, 0x000001af0caeb340,
0x000001af0cae7ec0, 0x000001af0caed410, 0x000001af0caee7c0, 0x000001af0caeee50,
0x000001af0caefb70, 0x000001af0caf22d0, 0x000001af0caf0f20, 0x000001af0caf0890,
0x000001af0caf15b0, 0x000001af0caf0200, 0x000001af0caf5750, 0x000001af0caf43a0,
0x000001af0caf2ff0, 0x000001af0caf4a30, 0x000001af0caf3d10, 0x000001af0caf2960,
0x000001af0caf6470, 0x000001af0caf8540, 0x000001af0caf6b00, 0x000001af0caf7190,
0x000001af0caf7820, 0x000001af0caf7eb0, 0x000001af0caf50c0, 0x000001af0caf9260,
0x000001af0caf98f0, 0x000001af0caf9f80, 0x000001af0cafa610, 0x000001af0cafc050,
0x000001af0cafb330, 0x000001af0caffb60, 0x000001af0cafe7b0, 0x000001af0cb02fe0,
0x000001af0cb03670, 0x000001b3a6407ef0, 0x000001b3a6405e20, 0x000001af0cafc6e0,
0x000001b39a36dff0, 0x000001af30c78840, 0x000001af30c7c9e0, 0x000001b3747cc910,
0x000001b376175b00, 0x000001af30c7dd90, 0x000001b39a372190, 0x000001b37421a5b0,
0x000001b37421ac40
}

Java Threads: ( => current thread )
=>0x000001af56e73600 JavaThread "Render thread"                     [_thread_in_native, id=16196, stack(0x000000ab8cd00000,0x000000ab8ce00000) (1024K)]
  0x000001af573e87d0 JavaThread "Reference Handler"          daemon [_thread_blocked, id=15000, stack(0x000000ab8f100000,0x000000ab8f200000) (1024K)]
  0x000001af573e8e30 JavaThread "Finalizer"                  daemon [_thread_blocked, id=29248, stack(0x000000ab8f200000,0x000000ab8f300000) (1024K)]
  0x000001af5740f730 JavaThread "Signal Dispatcher"          daemon [_thread_blocked, id=32604, stack(0x000000ab8f300000,0x000000ab8f400000) (1024K)]
  0x000001af5740fd90 JavaThread "Attach Listener"            daemon [_thread_blocked, id=25912, stack(0x000000ab8f400000,0x000000ab8f500000) (1024K)]
  0x000001af5747bee0 JavaThread "Service Thread"             daemon [_thread_blocked, id=28692, stack(0x000000ab8f500000,0x000000ab8f600000) (1024K)]
  0x000001af5747c540 JavaThread "Monitor Deflation Thread"   daemon [_thread_blocked, id=36456, stack(0x000000ab8f600000,0x000000ab8f700000) (1024K)]
  0x000001af57410c50 JavaThread "C2 CompilerThread0"         daemon [_thread_blocked, id=36220, stack(0x000000ab8f700000,0x000000ab8f800000) (1024K)]
  0x000001af57411550 JavaThread "C1 CompilerThread0"         daemon [_thread_blocked, id=3112, stack(0x000000ab8f800000,0x000000ab8f900000) (1024K)]
  0x000001af0503fe00 JavaThread "Notification Thread"        daemon [_thread_blocked, id=11900, stack(0x000000ab8fb00000,0x000000ab8fc00000) (1024K)]
  0x000001af0503bd20 JavaThread "Common-Cleaner"             daemon [_thread_blocked, id=27880, stack(0x000000ab8fc00000,0x000000ab8fd00000) (1024K)]
  0x000001af0a0299c0 JavaThread "ForkJoinPool.commonPool-worker-1" daemon [_thread_blocked, id=10104, stack(0x000000ab90500000,0x000000ab90600000) (1024K)]
  0x000001af0a02a020 JavaThread "ForkJoinPool.commonPool-worker-2" daemon [_thread_blocked, id=10120, stack(0x000000ab90600000,0x000000ab90700000) (1024K)]
  0x000001af08dce230 JavaThread "ForkJoinPool.commonPool-worker-3" daemon [_thread_blocked, id=36616, stack(0x000000ab90700000,0x000000ab90800000) (1024K)]
  0x000001af06538360 JavaThread "ForkJoinPool.commonPool-worker-4" daemon [_thread_blocked, id=34056, stack(0x000000ab90800000,0x000000ab90900000) (1024K)]
  0x000001af0b723030 JavaThread "ForkJoinPool.commonPool-worker-6" daemon [_thread_blocked, id=8888, stack(0x000000ab90900000,0x000000ab90a00000) (1024K)]
  0x000001af0b723690 JavaThread "ForkJoinPool.commonPool-worker-5" daemon [_thread_blocked, id=33948, stack(0x000000ab90a00000,0x000000ab90b00000) (1024K)]
  0x000001af09d9e0f0 JavaThread "ForkJoinPool.commonPool-worker-7" daemon [_thread_blocked, id=36068, stack(0x000000ab90b00000,0x000000ab90c00000) (1024K)]
  0x000001af0ac365f0 JavaThread "ForkJoinPool.commonPool-worker-8" daemon [_thread_blocked, id=30200, stack(0x000000ab90c00000,0x000000ab90d00000) (1024K)]
  0x000001af0ac35f60 JavaThread "ForkJoinPool.commonPool-worker-9" daemon [_thread_blocked, id=29788, stack(0x000000ab90d00000,0x000000ab90e00000) (1024K)]
  0x000001af0ac34bb0 JavaThread "ForkJoinPool.commonPool-worker-11" daemon [_thread_blocked, id=36340, stack(0x000000ab90e00000,0x000000ab90f00000) (1024K)]
  0x000001af0ac38030 JavaThread "ForkJoinPool.commonPool-worker-12" daemon [_thread_blocked, id=21000, stack(0x000000ab91000000,0x000000ab91100000) (1024K)]
  0x000001af0ac37310 JavaThread "ForkJoinPool.commonPool-worker-13" daemon [_thread_blocked, id=27720, stack(0x000000ab91100000,0x000000ab91200000) (1024K)]
  0x000001af0ac379a0 JavaThread "ForkJoinPool.commonPool-worker-14" daemon [_thread_blocked, id=36412, stack(0x000000ab91200000,0x000000ab91300000) (1024K)]
  0x000001af0ac35240 JavaThread "ForkJoinPool.commonPool-worker-15" daemon [_thread_blocked, id=25484, stack(0x000000ab91300000,0x000000ab91400000) (1024K)]
  0x000001af0ac358d0 JavaThread "ForkJoinPool.commonPool-worker-16" daemon [_thread_blocked, id=30748, stack(0x000000ab91400000,0x000000ab91500000) (1024K)]
  0x000001af098da440 JavaThread "ForkJoinPool.commonPool-worker-17" daemon [_thread_blocked, id=16420, stack(0x000000ab91500000,0x000000ab91600000) (1024K)]
  0x000001af098d7ce0 JavaThread "ForkJoinPool.commonPool-worker-18" daemon [_thread_blocked, id=34520, stack(0x000000ab91600000,0x000000ab91700000) (1024K)]
  0x000001af098daad0 JavaThread "ForkJoinPool.commonPool-worker-19" daemon [_thread_blocked, id=36036, stack(0x000000ab91700000,0x000000ab91800000) (1024K)]
  0x000001af098d9720 JavaThread "ForkJoinPool.commonPool-worker-20" daemon [_thread_blocked, id=31532, stack(0x000000ab91800000,0x000000ab91900000) (1024K)]
  0x000001af098d7650 JavaThread "ForkJoinPool.commonPool-worker-21" daemon [_thread_blocked, id=28740, stack(0x000000ab91900000,0x000000ab91a00000) (1024K)]
  0x000001af098db160 JavaThread "ForkJoinPool.commonPool-worker-22" daemon [_thread_blocked, id=36240, stack(0x000000ab91a00000,0x000000ab91b00000) (1024K)]
  0x000001af098d8a00 JavaThread "ForkJoinPool.commonPool-worker-23" daemon [_thread_blocked, id=17248, stack(0x000000ab91b00000,0x000000ab91c00000) (1024K)]
  0x000001af0bd2f380 JavaThread "DFU cleaning thread"        daemon [_thread_blocked, id=23124, stack(0x000000ab93c00000,0x000000ab93d00000) (1024K)]
  0x000001af22141000 JavaThread "JNA Cleaner"                daemon [_thread_blocked, id=36188, stack(0x000000ab93e00000,0x000000ab93f00000) (1024K)]
  0x000001af22141690 JavaThread "DH-Log Ticker Thread[0]"    daemon [_thread_blocked, id=1692, stack(0x000000ab90300000,0x000000ab90400000) (1024K)]
  0x000001af221423b0 JavaThread "Timer hack thread"          daemon [_thread_blocked, id=8248, stack(0x000000ab92400000,0x000000ab92500000) (1024K)]
  0x000001af2213f5c0 JavaThread "Yggdrasil Key Fetcher"      daemon [_thread_blocked, id=35164, stack(0x000000ab90200000,0x000000ab90300000) (1024K)]
  0x000001af221402e0 JavaThread "Cleaner-0"                  daemon [_thread_blocked, id=29644, stack(0x000000ab94400000,0x000000ab94500000) (1024K)]
  0x000001af22144b10 JavaThread "modloading-worker-0"        daemon [_thread_blocked, id=31592, stack(0x000000ab92500000,0x000000ab92600000) (1024K)]
  0x000001af22145830 JavaThread "modloading-worker-0"        daemon [_thread_blocked, id=35184, stack(0x000000ab92600000,0x000000ab92700000) (1024K)]
  0x000001af22146be0 JavaThread "modloading-worker-0"        daemon [_thread_blocked, id=32452, stack(0x000000ab92800000,0x000000ab92900000) (1024K)]
  0x000001af22145ec0 JavaThread "modloading-worker-0"        daemon [_thread_blocked, id=34340, stack(0x000000ab92900000,0x000000ab92a00000) (1024K)]
  0x000001af22143df0 JavaThread "modloading-worker-0"        daemon [_thread_blocked, id=28704, stack(0x000000ab92a00000,0x000000ab92b00000) (1024K)]
  0x000001af22144480 JavaThread "modloading-worker-0"        daemon [_thread_blocked, id=31500, stack(0x000000ab92b00000,0x000000ab92c00000) (1024K)]
  0x000001af0bd29e30 JavaThread "modloading-worker-0"        daemon [_thread_blocked, id=31844, stack(0x000000ab92c00000,0x000000ab92d00000) (1024K)]
  0x000001af0bd283f0 JavaThread "modloading-worker-0"        daemon [_thread_blocked, id=17976, stack(0x000000ab92d00000,0x000000ab92e00000) (1024K)]
  0x000001af0bd2a4c0 JavaThread "modloading-worker-0"        daemon [_thread_blocked, id=35544, stack(0x000000ab92f00000,0x000000ab93000000) (1024K)]
  0x000001af0bd2bf00 JavaThread "modloading-worker-0"        daemon [_thread_blocked, id=36820, stack(0x000000ab93000000,0x000000ab93100000) (1024K)]
  0x000001af0bd2ab50 JavaThread "modloading-worker-0"        daemon [_thread_blocked, id=27328, stack(0x000000ab93200000,0x000000ab93300000) (1024K)]
  0x000001af0bd28a80 JavaThread "modloading-worker-0"        daemon [_thread_blocked, id=8100, stack(0x000000ab93300000,0x000000ab93400000) (1024K)]
  0x000001af0bd29110 JavaThread "modloading-worker-0"        daemon [_thread_blocked, id=28136, stack(0x000000ab93400000,0x000000ab93500000) (1024K)]
  0x000001af0bd2c590 JavaThread "modloading-worker-0"        daemon [_thread_blocked, id=8576, stack(0x000000ab93500000,0x000000ab93600000) (1024K)]
  0x000001af0bd297a0 JavaThread "modloading-worker-0"        daemon [_thread_blocked, id=33536, stack(0x000000ab93600000,0x000000ab93700000) (1024K)]
  0x000001af0bd2ecf0 JavaThread "modloading-worker-0"        daemon [_thread_blocked, id=30980, stack(0x000000ab93700000,0x000000ab93800000) (1024K)]
  0x000001af0bd2cc20 JavaThread "modloading-worker-0"        daemon [_thread_blocked, id=36400, stack(0x000000ab93800000,0x000000ab93900000) (1024K)]
  0x000001af0bd2d2b0 JavaThread "modloading-worker-0"        daemon [_thread_blocked, id=31000, stack(0x000000ab93900000,0x000000ab93a00000) (1024K)]
  0x000001af0bd2d940 JavaThread "modloading-worker-0"        daemon [_thread_blocked, id=12524, stack(0x000000ab93a00000,0x000000ab93b00000) (1024K)]
  0x000001af098d9db0 JavaThread "modloading-worker-0"        daemon [_thread_blocked, id=19860, stack(0x000000ab93b00000,0x000000ab93c00000) (1024K)]
  0x000001af098ddf50 JavaThread "modloading-worker-0"        daemon [_thread_blocked, id=11304, stack(0x000000ab94500000,0x000000ab94600000) (1024K)]
  0x000001af098dbe80 JavaThread "FileSystemWatchService"     daemon [_thread_in_native, id=31516, stack(0x000000ab94600000,0x000000ab94700000) (1024K)]
  0x000001af098dc510 JavaThread "Thread-5"                   daemon [_thread_blocked, id=14932, stack(0x000000ab94700000,0x000000ab94800000) (1024K)]
  0x000001af098dec70 JavaThread "FileSystemWatchService"     daemon [_thread_in_native, id=15876, stack(0x000000ab94a00000,0x000000ab94b00000) (1024K)]
  0x000001af098dcba0 JavaThread "Config Lib config file watcher" daemon [_thread_blocked, id=15916, stack(0x000000ab94c00000,0x000000ab94d00000) (1024K)]
  0x000001af098dd8c0 JavaThread "Java2D Disposer"            daemon [_thread_blocked, id=33032, stack(0x000000ab94d00000,0x000000ab94e00000) (1024K)]
  0x000001af098de5e0 JavaThread "AWT-Windows"                daemon [_thread_in_native, id=28196, stack(0x000000ab94f00000,0x000000ab95000000) (1024K)]
  0x000001af05ae7000 JavaThread "FileSystemWatchService"     daemon [_thread_in_native, id=35800, stack(0x000000ab95400000,0x000000ab95500000) (1024K)]
  0x000001af34694e20 JavaThread "JEI Config File Watcher"    daemon [_thread_blocked, id=34012, stack(0x000000ab95500000,0x000000ab95600000) (1024K)]
  0x000001af346961d0 JavaThread "HttpClient-1-SelectorManager" daemon [_thread_in_native, id=33104, stack(0x000000ab94e00000,0x000000ab94f00000) (1024K)]
  0x000001af34695b40 JavaThread "modloading-sync-worker"     daemon [_thread_blocked, id=33820, stack(0x000000ab94b00000,0x000000ab94c00000) (1024K)]
  0x000001af34699650 JavaThread "FileSystemWatchService"     daemon [_thread_in_native, id=30176, stack(0x000000ab90000000,0x000000ab90100000) (1024K)]
  0x000001af34699ce0 JavaThread "config-file-watcher-0-0"    daemon [_thread_blocked, id=20400, stack(0x000000ab90100000,0x000000ab90200000) (1024K)]
  0x000001af089f1e50 JavaThread "Worker-Main-1"              daemon [_thread_blocked, id=33252, stack(0x000000ab94800000,0x000000ab94900000) (1024K)]
  0x000001af089f24e0 JavaThread "Worker-Main-2"              daemon [_thread_blocked, id=10848, stack(0x000000ab94900000,0x000000ab94a00000) (1024K)]
  0x000001af089f3200 JavaThread "Worker-Main-3"              daemon [_thread_blocked, id=1572, stack(0x000000ab95600000,0x000000ab95700000) (1024K)]
  0x000001af089f2b70 JavaThread "Worker-ResourceReload-0"    daemon [_thread_blocked, id=11800, stack(0x000000ab95700000,0x000000ab95800000) (1024K)]
  0x000001af089f3890 JavaThread "Worker-ResourceReload-1"    daemon [_thread_blocked, id=35324, stack(0x000000ab95b00000,0x000000ab95c00000) (1024K)]
  0x000001af089f3f20 JavaThread "Thread-11"                         [_thread_blocked, id=35576, stack(0x000000ab8fd00000,0x000000ab8fe00000) (1024K)]
  0x000001af089f0aa0 JavaThread "Worker-ResourceReload-2"    daemon [_thread_blocked, id=27952, stack(0x000000ab95c00000,0x000000ab95d00000) (1024K)]
  0x000001af089f1130 JavaThread "Worker-ResourceReload-4"    daemon [_thread_blocked, id=34388, stack(0x000000ab95f00000,0x000000ab96000000) (1024K)]
  0x000001af089f4c40 JavaThread "Worker-ResourceReload-5"    daemon [_thread_blocked, id=27912, stack(0x000000ab96100000,0x000000ab96200000) (1024K)]
  0x000001af089f5ff0 JavaThread "Worker-ResourceReload-6"    daemon [_thread_blocked, id=32540, stack(0x000000ab96200000,0x000000ab96300000) (1024K)]
  0x000001af089f7a30 JavaThread "Worker-ResourceReload-7"    daemon [_thread_blocked, id=29576, stack(0x000000ab96300000,0x000000ab96400000) (1024K)]
  0x000001af089f5960 JavaThread "Worker-ResourceReload-8"    daemon [_thread_blocked, id=34104, stack(0x000000ab96400000,0x000000ab96500000) (1024K)]
  0x000001af089f6680 JavaThread "Worker-ResourceReload-9"    daemon [_thread_blocked, id=28964, stack(0x000000ab96500000,0x000000ab96600000) (1024K)]
  0x000001af089f52d0 JavaThread "Worker-ResourceReload-10"   daemon [_thread_blocked, id=1180, stack(0x000000ab96600000,0x000000ab96700000) (1024K)]
  0x000001af089f80c0 JavaThread "Worker-ResourceReload-11"   daemon [_thread_blocked, id=36668, stack(0x000000ab96700000,0x000000ab96800000) (1024K)]
  0x000001af089f6d10 JavaThread "Worker-ResourceReload-12"   daemon [_thread_blocked, id=30852, stack(0x000000ab96800000,0x000000ab96900000) (1024K)]
  0x000001af089f73a0 JavaThread "Worker-ResourceReload-13"   daemon [_thread_blocked, id=10392, stack(0x000000ab96900000,0x000000ab96a00000) (1024K)]
  0x000001af30c78ed0 JavaThread "Worker-ResourceReload-14"   daemon [_thread_blocked, id=30904, stack(0x000000ab96a00000,0x000000ab96b00000) (1024K)]
  0x000001af30c76e00 JavaThread "Worker-ResourceReload-15"   daemon [_thread_blocked, id=27340, stack(0x000000ab96b00000,0x000000ab96c00000) (1024K)]
  0x000001af30c77b20 JavaThread "Worker-ResourceReload-16"   daemon [_thread_blocked, id=23696, stack(0x000000ab96c00000,0x000000ab96d00000) (1024K)]
  0x000001af30c7a910 JavaThread "Worker-ResourceReload-17"   daemon [_thread_blocked, id=5132, stack(0x000000ab96d00000,0x000000ab96e00000) (1024K)]
  0x000001af30c79560 JavaThread "Worker-ResourceReload-18"   daemon [_thread_blocked, id=15508, stack(0x000000ab96e00000,0x000000ab96f00000) (1024K)]
  0x000001af30c781b0 JavaThread "Worker-ResourceReload-19"   daemon [_thread_blocked, id=7064, stack(0x000000ab96f00000,0x000000ab97000000) (1024K)]
  0x000001af30c7a280 JavaThread "Worker-ResourceReload-20"   daemon [_thread_blocked, id=10988, stack(0x000000ab97000000,0x000000ab97100000) (1024K)]
  0x000001af30c79bf0 JavaThread "Worker-ResourceReload-21"   daemon [_thread_blocked, id=14884, stack(0x000000ab97100000,0x000000ab97200000) (1024K)]
  0x000001af30c7d070 JavaThread "ConfigSaver"                daemon [_thread_blocked, id=28208, stack(0x000000ab97900000,0x000000ab97a00000) (1024K)]
  0x000001b374715620 JavaThread "Cleaner-1"                  daemon [_thread_blocked, id=20864, stack(0x000000ab98500000,0x000000ab98600000) (1024K)]
  0x000001b3747169d0 JavaThread "Cleaner-2"                  daemon [_thread_blocked, id=22252, stack(0x000000ab98600000,0x000000ab98700000) (1024K)]
  0x000001b374717060 JavaThread "Cleaner-3"                  daemon [_thread_blocked, id=23708, stack(0x000000ab98700000,0x000000ab98800000) (1024K)]
  0x000001b3747176f0 JavaThread "Cleaner-4"                  daemon [_thread_blocked, id=4784, stack(0x000000ab98800000,0x000000ab98900000) (1024K)]
  0x000001b374713be0 JavaThread "DH-ApplyConfigPresetTimer"  daemon [_thread_blocked, id=2336, stack(0x000000ab97e00000,0x000000ab97f00000) (1024K)]
  0x000001b374714f90 JavaThread "DH-ApplyConfigPresetTimer"  daemon [_thread_blocked, id=30452, stack(0x000000ab97f00000,0x000000ab98000000) (1024K)]
  0x000001b3747197c0 JavaThread "Worker-Main-4"              daemon [_thread_blocked, id=32084, stack(0x000000ab98000000,0x000000ab98100000) (1024K)]
  0x000001b374719130 JavaThread "Worker-Main-5"              daemon [_thread_blocked, id=31388, stack(0x000000ab98100000,0x000000ab98200000) (1024K)]
  0x000001b374716340 JavaThread "Worker-Main-6"              daemon [_thread_blocked, id=33416, stack(0x000000ab98200000,0x000000ab98300000) (1024K)]
  0x000001b374719e50 JavaThread "Worker-Main-7"              daemon [_thread_blocked, id=15896, stack(0x000000ab98300000,0x000000ab98400000) (1024K)]
  0x000001b3706f5930 JavaThread "DH-RenderCacheClearConfigTimer" daemon [_thread_blocked, id=2984, stack(0x000000ab97700000,0x000000ab97800000) (1024K)]
  0x000001b3706f8090 JavaThread "Cleaner-5"                  daemon [_thread_blocked, id=36368, stack(0x000000ab97a00000,0x000000ab97b00000) (1024K)]
  0x000001b3706f4c10 JavaThread "Thread-24"                         [_thread_blocked, id=6976, stack(0x000000ab97300000,0x000000ab97400000) (1024K)]
  0x000001b3706f9440 JavaThread "CullThread"                 daemon [_thread_blocked, id=19864, stack(0x000000ab97800000,0x000000ab97900000) (1024K)]
  0x000001af098db7f0 JavaThread "pool-34-thread-1"                  [_thread_blocked, id=34668, stack(0x000000ab90400000,0x000000ab90500000) (1024K)]
  0x000001b376177bd0 JavaThread "Java Sound Sequencer"              [_thread_blocked, id=36588, stack(0x000000ab95e00000,0x000000ab95f00000) (1024K)]
  0x000001b37421bff0 JavaThread "Server thread"                     [_thread_blocked, id=27076, stack(0x000000ab8ff00000,0x000000ab90000000) (1024K)]
  0x000001b374220190 JavaThread "ComputerCraft-Network-0"    daemon [_thread_blocked, id=31040, stack(0x000000ab99100000,0x000000ab99200000) (1024K)]
  0x000001b374222f80 JavaThread "ComputerCraft-Network-1"    daemon [_thread_blocked, id=29568, stack(0x000000ab99200000,0x000000ab99300000) (1024K)]
  0x000001b3742228f0 JavaThread "DH-ClientTickTimer"         daemon [_thread_blocked, id=34216, stack(0x000000ab99300000,0x000000ab99400000) (1024K)]
  0x000001b37421fb00 JavaThread "DH-delayed save cache cleaner Thread[0]" daemon [_thread_blocked, id=34312, stack(0x000000ab98e00000,0x000000ab98f00000) (1024K)]
  0x000001b374222260 JavaThread "DH-Phantom Array Recycler Thread[0]" daemon [_thread_blocked, id=30592, stack(0x000000ab98f00000,0x000000ab99000000) (1024K)]
  0x000001b374221540 JavaThread "DH-Update Propagate Queue [minecraft:overworld] Thread[0]"        [_thread_blocked, id=35880, stack(0x000000ab99400000,0x000000ab99500000) (1024K)]
  0x000001b374223610 JavaThread "DH-Full Data Migration Thread[0]"        [_thread_blocked, id=30528, stack(0x000000ab99500000,0x000000ab99600000) (1024K)]
  0x000001b374223ca0 JavaThread "DH-Request Module Ticker [minecraft:overworld] Thread[0]" daemon [_thread_blocked, id=34920, stack(0x000000ab99600000,0x000000ab99700000) (1024K)]
  0x000001b374224330 JavaThread "DH-DataSource Request Ticker [minecraft:overworld] Thread[0]" daemon [_thread_blocked, id=25836, stack(0x000000ab99700000,0x000000ab99800000) (1024K)]
  0x000001b374220eb0 JavaThread "DH-Update Propagate Queue [the_bumblezone:the_bumblezone] Thread[0]"        [_thread_blocked, id=30088, stack(0x000000ab99800000,0x000000ab99900000) (1024K)]
  0x000001b374227e40 JavaThread "DH-Request Module Ticker [the_bumblezone:the_bumblezone] Thread[0]" daemon [_thread_blocked, id=10544, stack(0x000000ab99900000,0x000000ab99a00000) (1024K)]
  0x000001b3742249c0 JavaThread "DH-DataSource Request Ticker [the_bumblezone:the_bumblezone] Thread[0]" daemon [_thread_blocked, id=35912, stack(0x000000ab99a00000,0x000000ab99b00000) (1024K)]
  0x000001b374226a90 JavaThread "DH-Update Propagate Queue [minecraft:the_end] Thread[0]"        [_thread_blocked, id=14256, stack(0x000000ab99b00000,0x000000ab99c00000) (1024K)]
  0x000001b374225050 JavaThread "DH-Request Module Ticker [minecraft:the_end] Thread[0]" daemon [_thread_blocked, id=10768, stack(0x000000ab99c00000,0x000000ab99d00000) (1024K)]
  0x000001b374226400 JavaThread "DH-DataSource Request Ticker [minecraft:the_end] Thread[0]" daemon [_thread_blocked, id=32772, stack(0x000000ab99d00000,0x000000ab99e00000) (1024K)]
  0x000001b3742277b0 JavaThread "DH-Update Propagate Queue [minecraft:the_nether] Thread[0]"        [_thread_blocked, id=27504, stack(0x000000ab99f00000,0x000000ab9a000000) (1024K)]
  0x000001b3742284d0 JavaThread "DH-Request Module Ticker [minecraft:the_nether] Thread[0]" daemon [_thread_blocked, id=6480, stack(0x000000ab9a000000,0x000000ab9a100000) (1024K)]
  0x000001b374228b60 JavaThread "DH-DataSource Request Ticker [minecraft:the_nether] Thread[0]" daemon [_thread_blocked, id=23880, stack(0x000000ab9a100000,0x000000ab9a200000) (1024K)]
  0x000001b3742256e0 JavaThread "Worker-Main-8"              daemon [_thread_blocked, id=16088, stack(0x000000ab9a200000,0x000000ab9a300000) (1024K)]
  0x000001b3742291f0 JavaThread "Worker-Main-9"              daemon [_thread_blocked, id=17940, stack(0x000000ab9a300000,0x000000ab9a400000) (1024K)]
  0x000001b374225d70 JavaThread "Worker-Main-10"             daemon [_thread_blocked, id=14956, stack(0x000000ab9a400000,0x000000ab9a500000) (1024K)]
  0x000001b374229880 JavaThread "Worker-Main-11"             daemon [_thread_blocked, id=27028, stack(0x000000ab9a500000,0x000000ab9a600000) (1024K)]
  0x000001b374712ec0 JavaThread "Worker-Main-12"             daemon [_thread_blocked, id=34508, stack(0x000000ab9a600000,0x000000ab9a700000) (1024K)]
  0x000001b374715cb0 JavaThread "Worker-Main-13"             daemon [_thread_blocked, id=9832, stack(0x000000ab9a700000,0x000000ab9a800000) (1024K)]
  0x000001b374713550 JavaThread "Worker-Main-14"             daemon [_thread_blocked, id=508, stack(0x000000ab9a800000,0x000000ab9a900000) (1024K)]
  0x000001b374714270 JavaThread "Worker-Main-15"             daemon [_thread_blocked, id=29936, stack(0x000000ab9a900000,0x000000ab9aa00000) (1024K)]
  0x000001af346954b0 JavaThread "Worker-Main-16"             daemon [_thread_blocked, id=34744, stack(0x000000ab9aa00000,0x000000ab9ab00000) (1024K)]
  0x000001af3469aa00 JavaThread "Worker-Main-17"             daemon [_thread_blocked, id=14296, stack(0x000000ab9ab00000,0x000000ab9ac00000) (1024K)]
  0x000001af30c7bcc0 JavaThread "Worker-Main-18"             daemon [_thread_blocked, id=16108, stack(0x000000ab9ac00000,0x000000ab9ad00000) (1024K)]
  0x000001af30c7e420 JavaThread "Worker-Main-20"             daemon [_thread_blocked, id=34740, stack(0x000000ab9ad00000,0x000000ab9ae00000) (1024K)]
  0x000001b3706f7370 JavaThread "Worker-Main-19"             daemon [_thread_blocked, id=34976, stack(0x000000ab9ae00000,0x000000ab9af00000) (1024K)]
  0x000001b39a369130 JavaThread "DH-Update Propagator Thread[0]"        [_thread_blocked, id=35812, stack(0x000000ab9b100000,0x000000ab9b200000) (1024K)]
  0x000001b39a3697c0 JavaThread "DH-Update Propagator Thread[1]"        [_thread_blocked, id=5164, stack(0x000000ab9b200000,0x000000ab9b300000) (1024K)]
  0x000001b39a36a4e0 JavaThread "DH-Update Propagator Thread[2]"        [_thread_blocked, id=29484, stack(0x000000ab9b300000,0x000000ab9b400000) (1024K)]
  0x000001b39a368410 JavaThread "DH-Update Propagator Thread[3]"        [_thread_blocked, id=36808, stack(0x000000ab9b400000,0x000000ab9b500000) (1024K)]
  0x000001b39a367060 JavaThread "DH-Update Propagator Thread[4]"        [_thread_blocked, id=7904, stack(0x000000ab9b500000,0x000000ab9b600000) (1024K)]
  0x000001b39a36ab70 JavaThread "DH-Update Propagator Thread[5]"        [_thread_blocked, id=32200, stack(0x000000ab9b600000,0x000000ab9b700000) (1024K)]
  0x000001b39a368aa0 JavaThread "DH-Update Propagator Thread[6]"        [_thread_blocked, id=30820, stack(0x000000ab9b700000,0x000000ab9b800000) (1024K)]
  0x000001b39a367d80 JavaThread "DH-Update Propagator Thread[7]"        [_thread_blocked, id=35220, stack(0x000000ab9b800000,0x000000ab9b900000) (1024K)]
  0x000001b39a36b890 JavaThread "DH-Update Propagator Thread[8]"        [_thread_blocked, id=33244, stack(0x000000ab9b900000,0x000000ab9ba00000) (1024K)]
  0x000001b39a36cc40 JavaThread "ComputerCraft-Network-2"    daemon [_thread_blocked, id=2588, stack(0x000000ab9bc00000,0x000000ab9bd00000) (1024K)]
  0x000001b39a36bf20 JavaThread "DH-LOD Builder Thread[0]"          [_thread_blocked, id=28864, stack(0x000000ab9bd00000,0x000000ab9be00000) (1024K)]
  0x000001b39a36c5b0 JavaThread "DH-Update Propagator Thread[9]"        [_thread_in_Java, id=35628, stack(0x000000ab9be00000,0x000000ab9bf00000) (1024K)]
  0x000001b39a36b200 JavaThread "DH-LOD Builder Thread[1]"          [_thread_blocked, id=36084, stack(0x000000ab9bf00000,0x000000ab9c000000) (1024K)]
  0x000001b39a36f3a0 JavaThread "DH-LOD Builder Thread[2]"          [_thread_blocked, id=31720, stack(0x000000ab9c000000,0x000000ab9c100000) (1024K)]
  0x000001b39a370de0 JavaThread "DH-LOD Builder Thread[3]"          [_thread_blocked, id=35692, stack(0x000000ab9c100000,0x000000ab9c200000) (1024K)]
  0x000001b39a36d960 JavaThread "DH-LOD Builder Thread[4]"          [_thread_blocked, id=34728, stack(0x000000ab9c200000,0x000000ab9c300000) (1024K)]
  0x000001b39a36fa30 JavaThread "DH-LOD Builder Thread[5]"          [_thread_blocked, id=32512, stack(0x000000ab9c300000,0x000000ab9c400000) (1024K)]
  0x000001b39a36ed10 JavaThread "DH-LOD Builder Thread[6]"          [_thread_blocked, id=30840, stack(0x000000ab9c400000,0x000000ab9c500000) (1024K)]
  0x000001b39a371470 JavaThread "DH-LOD Builder Thread[7]"          [_thread_blocked, id=28224, stack(0x000000ab9c500000,0x000000ab9c600000) (1024K)]
  0x000001b39a3700c0 JavaThread "DH-LOD Builder Thread[8]"          [_thread_blocked, id=1168, stack(0x000000ab9c600000,0x000000ab9c700000) (1024K)]
  0x000001b39a36e680 JavaThread "DH-LOD Builder Thread[9]"          [_thread_blocked, id=10440, stack(0x000000ab9c700000,0x000000ab9c800000) (1024K)]
  0x000001b39a374260 JavaThread "DH-LOD Builder Thread[10]"         [_thread_blocked, id=16948, stack(0x000000ab9c800000,0x000000ab9c900000) (1024K)]
  0x000001b39a372820 JavaThread "DH-LOD Builder Thread[11]"         [_thread_blocked, id=36420, stack(0x000000ab9c900000,0x000000ab9ca00000) (1024K)]
  0x000001b39a371b00 JavaThread "DH-Update Propagator Thread[10]"        [_thread_blocked, id=36836, stack(0x000000ab9cc00000,0x000000ab9cd00000) (1024K)]
  0x000001b39a374f80 JavaThread "DH-Update Propagator Thread[11]"        [_thread_blocked, id=13712, stack(0x000000ab9cd00000,0x000000ab9ce00000) (1024K)]
  0x000001b39a372eb0 JavaThread "Thread-32"                  daemon [_thread_blocked, id=26896, stack(0x000000ab9ce00000,0x000000ab9cf00000) (1024K)]
  0x000001b39a375610 JavaThread "Thread-33"                  daemon [_thread_blocked, id=36092, stack(0x000000ab9cf00000,0x000000ab9d000000) (1024K)]
  0x000001b39a373bd0 JavaThread "Thread-34"                  daemon [_thread_blocked, id=8928, stack(0x000000ab9d000000,0x000000ab9d100000) (1024K)]
  0x000001b39a375ca0 JavaThread "ModernFix integrated server watchdog" daemon [_thread_blocked, id=11448, stack(0x000000ab9d100000,0x000000ab9d200000) (1024K)]
  0x000001b39a376330 JavaThread "VoiceChatPacketProcessingThread" daemon [_thread_blocked, id=30844, stack(0x000000ab9d200000,0x000000ab9d300000) (1024K)]
  0x000001b3747c66a0 JavaThread "VoiceChatServerThread"      daemon [_thread_in_native, id=16960, stack(0x000000ab9d300000,0x000000ab9d400000) (1024K)]
  0x000001b3747c8770 JavaThread "ComputerCraft-Network-3"    daemon [_thread_blocked, id=36228, stack(0x000000ab9d400000,0x000000ab9d500000) (1024K)]
  0x000001b3747c8e00 JavaThread "Netty Server IO #0"         daemon [_thread_in_native, id=18004, stack(0x000000aba0500000,0x000000aba0600000) (1024K)]
  0x000001b3747c5980 JavaThread "Netty Server IO #1"         daemon [_thread_in_native, id=12396, stack(0x000000aba0600000,0x000000aba0700000) (1024K)]
  0x000001b3747c73c0 JavaThread "Netty Local Client IO #0"   daemon [_thread_blocked, id=5460, stack(0x000000aba0700000,0x000000aba0800000) (1024K)]
  0x000001b3747c9490 JavaThread "Netty Server IO #2"         daemon [_thread_in_native, id=19364, stack(0x000000aba0800000,0x000000aba0900000) (1024K)]
  0x000001b3747c6d30 JavaThread "Netty Local Client IO #1"   daemon [_thread_blocked, id=26704, stack(0x000000aba0900000,0x000000aba0a00000) (1024K)]
  0x000001b3747c6010 JavaThread "Netty Server IO #3"         daemon [_thread_in_native, id=36404, stack(0x000000aba0a00000,0x000000aba0b00000) (1024K)]
  0x000001b3747ca840 JavaThread "Ingredient reference clearing thread" daemon [_thread_blocked, id=21920, stack(0x000000aba0b00000,0x000000aba0c00000) (1024K)]
  0x000001b3747c9b20 JavaThread "Sound engine"               daemon [_thread_blocked, id=8904, stack(0x000000aba0c00000,0x000000aba0d00000) (1024K)]
  0x000001b3747caed0 JavaThread "DH-ChunkSaveIgnoreTimer"    daemon [_thread_blocked, id=5152, stack(0x000000ab99000000,0x000000ab99100000) (1024K)]
  0x000001b3747c7a50 JavaThread "DH-ChunkSaveIgnoreTimer"    daemon [_thread_blocked, id=20976, stack(0x000000aba0d00000,0x000000aba0e00000) (1024K)]
  0x000001b3747cb560 JavaThread "DH-World Gen Queue Thread[0]"        [_thread_blocked, id=35212, stack(0x000000aba0e00000,0x000000aba0f00000) (1024K)]
  0x000001b3747cbbf0 JavaThread "DH-World Gen Progress Updater Thread[0]" daemon [_thread_blocked, id=23000, stack(0x000000aba0f00000,0x000000aba1000000) (1024K)]
  0x000001b3a6405100 JavaThread "Flywheel Task Executor #0"         [_thread_blocked, id=19888, stack(0x000000aba1c00000,0x000000aba1d00000) (1024K)]
  0x000001b3a6408c10 JavaThread "Flywheel Task Executor #1"         [_thread_blocked, id=31128, stack(0x000000aba1d00000,0x000000aba1e00000) (1024K)]
  0x000001b3a6405790 JavaThread "Flywheel Task Executor #2"         [_thread_blocked, id=30064, stack(0x000000aba1e00000,0x000000aba1f00000) (1024K)]
  0x000001b3a6406b40 JavaThread "Flywheel Task Executor #3"         [_thread_blocked, id=16780, stack(0x000000aba1f00000,0x000000aba2000000) (1024K)]
  0x000001b3a64092a0 JavaThread "Flywheel Task Executor #4"         [_thread_blocked, id=32884, stack(0x000000aba2000000,0x000000aba2100000) (1024K)]
  0x000001b3a6409930 JavaThread "Flywheel Task Executor #5"         [_thread_blocked, id=33764, stack(0x000000aba2100000,0x000000aba2200000) (1024K)]
  0x000001b3a6409fc0 JavaThread "Flywheel Task Executor #6"         [_thread_blocked, id=29392, stack(0x000000aba2200000,0x000000aba2300000) (1024K)]
  0x000001b3a640a650 JavaThread "Flywheel Task Executor #7"         [_thread_blocked, id=10268, stack(0x000000aba2300000,0x000000aba2400000) (1024K)]
  0x000001b3a640ace0 JavaThread "Flywheel Task Executor #8"         [_thread_blocked, id=10328, stack(0x000000aba2400000,0x000000aba2500000) (1024K)]
  0x000001b3a6407860 JavaThread "Flywheel Task Executor #9"         [_thread_blocked, id=5216, stack(0x000000aba2500000,0x000000aba2600000) (1024K)]
  0x000001b3a640ba00 JavaThread "DH-Render Loader Thread[0]"        [_thread_blocked, id=19688, stack(0x000000aba2600000,0x000000aba2700000) (1024K)]
  0x000001b3a640c090 JavaThread "DH-Render Loader Thread[1]"        [_thread_blocked, id=33964, stack(0x000000aba2700000,0x000000aba2800000) (1024K)]
  0x000001b3a640dad0 JavaThread "DH-Render Loader Thread[2]"        [_thread_blocked, id=29204, stack(0x000000aba2800000,0x000000aba2900000) (1024K)]
  0x000001b3a640e160 JavaThread "DH-Render Loader Thread[3]"        [_thread_blocked, id=35532, stack(0x000000aba2900000,0x000000aba2a00000) (1024K)]
  0x000001b3a640e7f0 JavaThread "DH-Render Loader Thread[4]"        [_thread_blocked, id=28492, stack(0x000000aba2a00000,0x000000aba2b00000) (1024K)]
  0x000001b3a640c720 JavaThread "DH-Render Loader Thread[5]"        [_thread_blocked, id=35624, stack(0x000000aba2b00000,0x000000aba2c00000) (1024K)]
  0x000001b3a640b370 JavaThread "DH-Render Loader Thread[6]"        [_thread_blocked, id=35688, stack(0x000000aba2c00000,0x000000aba2d00000) (1024K)]
  0x000001b3a6410230 JavaThread "DH-Render Loader Thread[7]"        [_thread_blocked, id=14032, stack(0x000000aba2d00000,0x000000aba2e00000) (1024K)]
  0x000001b3a640d440 JavaThread "DH-Render Loader Thread[8]"        [_thread_blocked, id=33056, stack(0x000000aba2e00000,0x000000aba2f00000) (1024K)]
  0x000001b3a640cdb0 JavaThread "DH-Render Loader Thread[9]"        [_thread_blocked, id=32500, stack(0x000000aba2f00000,0x000000aba3000000) (1024K)]
  0x000001b3a64115e0 JavaThread "DH-Render Loader Thread[10]"        [_thread_blocked, id=17648, stack(0x000000aba3000000,0x000000aba3100000) (1024K)]
  0x000001b3a6411c70 JavaThread "DH-Render Loader Thread[11]"        [_thread_blocked, id=32896, stack(0x000000aba3100000,0x000000aba3200000) (1024K)]
  0x000001b3a6410f50 JavaThread "DH-IO Thread[0]"                   [_thread_blocked, id=11804, stack(0x000000aba3200000,0x000000aba3300000) (1024K)]
  0x000001b3a6412300 JavaThread "DH-Cleanup timer"           daemon [_thread_blocked, id=35680, stack(0x000000aba3300000,0x000000aba3400000) (1024K)]
  0x000001b3a640ee80 JavaThread "JEI Deduplicating Run Executor 0"        [_thread_blocked, id=25212, stack(0x000000aba3400000,0x000000aba3500000) (1024K)]
  0x000001af0caeb340 JavaThread "DH-IO Thread[1]"                   [_thread_blocked, id=336, stack(0x000000aba3600000,0x000000aba3700000) (1024K)]
  0x000001af0cae7ec0 JavaThread "DH-FullDataPayloadSender"   daemon [_thread_blocked, id=36512, stack(0x000000aba3700000,0x000000aba3800000) (1024K)]
  0x000001af0caed410 JavaThread "DH-LodQuadTree Data Retrieval Queue Thread[0]"        [_thread_blocked, id=34664, stack(0x000000aba3900000,0x000000aba3a00000) (1024K)]
  0x000001af0caee7c0 JavaThread "DH-GLBuffer Cleanup Thread[0]" daemon [_thread_blocked, id=24304, stack(0x000000ab94300000,0x000000ab94400000) (1024K)]
  0x000001af0caeee50 JavaThread "DH-IO Thread[2]"                   [_thread_blocked, id=31092, stack(0x000000aba3500000,0x000000aba3600000) (1024K)]
  0x000001af0caefb70 JavaThread "FileWatcher-1-thread-1"     daemon [_thread_blocked, id=28376, stack(0x000000aba3a00000,0x000000aba3b00000) (1024K)]
  0x000001af0caf22d0 JavaThread "DH-Beacon Culling Thread[0]"        [_thread_blocked, id=20988, stack(0x000000aba3b00000,0x000000aba3c00000) (1024K)]
  0x000001af0caf0f20 JavaThread "CompletableFutureDelayScheduler" daemon [_thread_blocked, id=36736, stack(0x000000aba3c00000,0x000000aba3d00000) (1024K)]
  0x000001af0caf0890 JavaThread "Chunk Render Task Executor #0"        [_thread_blocked, id=32132, stack(0x000000aba1000000,0x000000aba1100000) (1024K)]
  0x000001af0caf15b0 JavaThread "Chunk Render Task Executor #1"        [_thread_blocked, id=16312, stack(0x000000aba1100000,0x000000aba1200000) (1024K)]
  0x000001af0caf0200 JavaThread "Chunk Render Task Executor #2"        [_thread_blocked, id=5280, stack(0x000000aba1200000,0x000000aba1300000) (1024K)]
  0x000001af0caf5750 JavaThread "Chunk Render Task Executor #3"        [_thread_blocked, id=28300, stack(0x000000aba1300000,0x000000aba1400000) (1024K)]
  0x000001af0caf43a0 JavaThread "Chunk Render Task Executor #4"        [_thread_blocked, id=17784, stack(0x000000aba1400000,0x000000aba1500000) (1024K)]
  0x000001af0caf2ff0 JavaThread "Chunk Render Task Executor #5"        [_thread_blocked, id=34300, stack(0x000000aba1500000,0x000000aba1600000) (1024K)]
  0x000001af0caf4a30 JavaThread "Chunk Render Task Executor #6"        [_thread_blocked, id=33972, stack(0x000000aba1600000,0x000000aba1700000) (1024K)]
  0x000001af0caf3d10 JavaThread "Chunk Render Task Executor #7"        [_thread_blocked, id=30484, stack(0x000000aba1700000,0x000000aba1800000) (1024K)]
  0x000001af0caf2960 JavaThread "Chunk Render Task Executor #8"        [_thread_blocked, id=30444, stack(0x000000aba1800000,0x000000aba1900000) (1024K)]
  0x000001af0caf6470 JavaThread "Chunk Render Task Executor #9"        [_thread_blocked, id=4816, stack(0x000000aba1900000,0x000000aba1a00000) (1024K)]
  0x000001af0caf8540 JavaThread "DH-World Gen Thread[0]"            [_thread_in_Java, id=32176, stack(0x000000aba3d00000,0x000000aba3e00000) (1024K)]
  0x000001af0caf6b00 JavaThread "DH-World Gen Thread[1]"            [_thread_in_Java, id=11116, stack(0x000000aba3e00000,0x000000aba3f00000) (1024K)]
  0x000001af0caf7190 JavaThread "DH-World Gen Thread[2]"            [_thread_in_Java, id=32236, stack(0x000000aba3f00000,0x000000aba4000000) (1024K)]
  0x000001af0caf7820 JavaThread "DH-World Gen Thread[3]"            [_thread_in_Java, id=7336, stack(0x000000aba4000000,0x000000aba4100000) (1024K)]
  0x000001af0caf7eb0 JavaThread "DH-World Gen Thread[4]"            [_thread_in_Java, id=34792, stack(0x000000aba4100000,0x000000aba4200000) (1024K)]
  0x000001af0caf50c0 JavaThread "DH-World Gen Thread[5]"            [_thread_in_Java, id=19372, stack(0x000000aba4200000,0x000000aba4300000) (1024K)]
  0x000001af0caf9260 JavaThread "DH-World Gen Thread[6]"            [_thread_in_Java, id=35732, stack(0x000000aba4300000,0x000000aba4400000) (1024K)]
  0x000001af0caf98f0 JavaThread "DH-World Gen Thread[7]"            [_thread_blocked, id=11768, stack(0x000000aba4400000,0x000000aba4500000) (1024K)]
  0x000001af0caf9f80 JavaThread "DH-World Gen Thread[8]"            [_thread_in_Java, id=18680, stack(0x000000aba4500000,0x000000aba4600000) (1024K)]
  0x000001af0cafa610 JavaThread "DH-World Gen Thread[9]"            [_thread_in_Java, id=35128, stack(0x000000aba4600000,0x000000aba4700000) (1024K)]
  0x000001af0cafc050 JavaThread "DH-World Gen Thread[10]"           [_thread_in_Java, id=26776, stack(0x000000aba4700000,0x000000aba4800000) (1024K)]
  0x000001af0cafb330 JavaThread "DH-World Gen Thread[11]"           [_thread_in_Java, id=27728, stack(0x000000aba4800000,0x000000aba4900000) (1024K)]
  0x000001af0caffb60 JavaThread "VoiceChatConnectionThread"  daemon [_thread_in_native, id=19472, stack(0x000000aba4a00000,0x000000aba4b00000) (1024K)]
  0x000001af0cafe7b0 JavaThread "MicrophoneThread"           daemon [_thread_blocked, id=31572, stack(0x000000aba4b00000,0x000000aba4c00000) (1024K)]
  0x000001af0cb02fe0 JavaThread "DH-IO Thread[3]"                   [_thread_blocked, id=23220, stack(0x000000aba4900000,0x000000aba4a00000) (1024K)]
  0x000001af0cb03670 JavaThread "DH-IO Thread[4]"                   [_thread_blocked, id=36172, stack(0x000000ab93d00000,0x000000ab93e00000) (1024K)]
  0x000001b3a6407ef0 JavaThread "DH-IO Thread[5]"                   [_thread_blocked, id=36608, stack(0x000000aba4d00000,0x000000aba4e00000) (1024K)]
  0x000001b3a6405e20 JavaThread "DH-IO Thread[6]"                   [_thread_blocked, id=28100, stack(0x000000ab97400000,0x000000ab97500000) (1024K)]
  0x000001af0cafc6e0 JavaThread "DH-Positional Lock Cleanup Thread[0]" daemon [_thread_blocked, id=33036, stack(0x000000ab97500000,0x000000ab97600000) (1024K)]
  0x000001b39a36dff0 JavaThread "DH-IO Thread[7]"                   [_thread_blocked, id=8068, stack(0x000000ab97600000,0x000000ab97700000) (1024K)]
  0x000001af30c78840 JavaThread "IO-Worker-5"                       [_thread_blocked, id=9032, stack(0x000000aba4e00000,0x000000aba4f00000) (1024K)]
  0x000001af30c7c9e0 JavaThread "DH-IO Thread[8]"                   [_thread_blocked, id=36148, stack(0x000000ab97c00000,0x000000ab97d00000) (1024K)]
  0x000001b3747cc910 JavaThread "DH-IO Thread[9]"                   [_thread_blocked, id=15436, stack(0x000000ab98c00000,0x000000ab98d00000) (1024K)]
  0x000001b376175b00 JavaThread "DH-IO Thread[10]"                  [_thread_blocked, id=22548, stack(0x000000ab98d00000,0x000000ab98e00000) (1024K)]
  0x000001af30c7dd90 JavaThread "DH-IO Thread[11]"                  [_thread_blocked, id=20724, stack(0x000000ab97b00000,0x000000ab97c00000) (1024K)]
  0x000001b39a372190 JavaThread "DH-Task Picker Re-queue Schedule Thread[0]" daemon [_thread_blocked, id=36168, stack(0x000000aba5300000,0x000000aba5400000) (1024K)]
  0x000001b37421a5b0 JavaThread "IO-Worker-14"                      [_thread_blocked, id=28280, stack(0x000000ab9ba00000,0x000000ab9bb00000) (1024K)]
  0x000001b37421ac40 JavaThread "IO-Worker-15"                      [_thread_blocked, id=7940, stack(0x000000ab9bb00000,0x000000ab9bc00000) (1024K)]
Total: 261

Other Threads:
  0x000001af56fc6d30 VMThread "VM Thread"                           [id=35608, stack(0x000000ab8f000000,0x000000ab8f100000) (1024K)]
  0x000001af572fcbf0 WatcherThread "VM Periodic Task Thread"        [id=26864, stack(0x000000ab8ef00000,0x000000ab8f000000) (1024K)]
  0x000001af56f90410 ConcurrentGCThread "ZDirector"                 [id=15600, stack(0x000000ab8de00000,0x000000ab8df00000) (1024K)]
  0x000001af56f8ecf0 ConcurrentGCThread "ZDriverMajor"              [id=29496, stack(0x000000ab8dd00000,0x000000ab8de00000) (1024K)]
  0x000001af56f8c5d0 ConcurrentGCThread "ZDriverMinor"              [id=6704, stack(0x000000ab8dc00000,0x000000ab8dd00000) (1024K)]
  0x000001af56f907f0 ConcurrentGCThread "ZStat"                     [id=36776, stack(0x000000ab8df00000,0x000000ab8e000000) (1024K)]
  0x000001af55186b50 ConcurrentGCThread "ZUnmapper"                 [id=28872, stack(0x000000ab8ce00000,0x000000ab8cf00000) (1024K)]
  0x000001af5773dbf0 ConcurrentGCThread "ZUncommitter"              [id=28360, stack(0x000000ab8cf00000,0x000000ab8d000000) (1024K)]
  0x000001af56eeb0c0 WorkerThread "ZWorkerYoung#0"                  [id=7328, stack(0x000000ab8d600000,0x000000ab8d700000) (1024K)]
  0x000001af56eead20 WorkerThread "ZWorkerYoung#1"                  [id=10568, stack(0x000000ab8d700000,0x000000ab8d800000) (1024K)]
  0x000001af56ee9ea0 WorkerThread "ZWorkerYoung#2"                  [id=36476, stack(0x000000ab8d800000,0x000000ab8d900000) (1024K)]
  0x000001af56eec680 WorkerThread "ZWorkerYoung#3"                  [id=29940, stack(0x000000ab8d900000,0x000000ab8da00000) (1024K)]
  0x000001af56eeb460 WorkerThread "ZWorkerYoung#4"                  [id=19680, stack(0x000000ab8da00000,0x000000ab8db00000) (1024K)]
  0x000001af56ee9b00 WorkerThread "ZWorkerYoung#5"                  [id=35804, stack(0x000000ab8db00000,0x000000ab8dc00000) (1024K)]
  0x000001af55158540 WorkerThread "ZWorkerOld#0"                    [id=13172, stack(0x000000ab8d000000,0x000000ab8d100000) (1024K)]
  0x000001af55158c80 WorkerThread "ZWorkerOld#1"                    [id=35824, stack(0x000000ab8d100000,0x000000ab8d200000) (1024K)]
  0x000001af551581a0 WorkerThread "ZWorkerOld#2"                    [id=36332, stack(0x000000ab8d200000,0x000000ab8d300000) (1024K)]
  0x000001af55159020 WorkerThread "ZWorkerOld#3"                    [id=10796, stack(0x000000ab8d300000,0x000000ab8d400000) (1024K)]
  0x000001af551588e0 WorkerThread "ZWorkerOld#4"                    [id=400, stack(0x000000ab8d400000,0x000000ab8d500000) (1024K)]
  0x000001af551593c0 WorkerThread "ZWorkerOld#5"                    [id=33544, stack(0x000000ab8d500000,0x000000ab8d600000) (1024K)]
  0x000001af56eea240 WorkerThread "RuntimeWorker#0"                 [id=33508, stack(0x000000ab8e000000,0x000000ab8e100000) (1024K)]
  0x000001af56eeca20 WorkerThread "RuntimeWorker#1"                 [id=5308, stack(0x000000ab8e100000,0x000000ab8e200000) (1024K)]
  0x000001af56eecdc0 WorkerThread "RuntimeWorker#2"                 [id=9280, stack(0x000000ab8e200000,0x000000ab8e300000) (1024K)]
  0x000001af56ee9760 WorkerThread "RuntimeWorker#3"                 [id=31368, stack(0x000000ab8e300000,0x000000ab8e400000) (1024K)]
  0x000001af56eea5e0 WorkerThread "RuntimeWorker#4"                 [id=35832, stack(0x000000ab8e400000,0x000000ab8e500000) (1024K)]
  0x000001af56eea980 WorkerThread "RuntimeWorker#5"                 [id=10336, stack(0x000000ab8e500000,0x000000ab8e600000) (1024K)]
  0x000001af56eeb800 WorkerThread "RuntimeWorker#6"                 [id=3808, stack(0x000000ab8e600000,0x000000ab8e700000) (1024K)]
  0x000001af56eebba0 WorkerThread "RuntimeWorker#7"                 [id=9152, stack(0x000000ab8e700000,0x000000ab8e800000) (1024K)]
  0x000001af56ee93c0 WorkerThread "RuntimeWorker#8"                 [id=34116, stack(0x000000ab8e800000,0x000000ab8e900000) (1024K)]
  0x000001af56eebf40 WorkerThread "RuntimeWorker#9"                 [id=13764, stack(0x000000ab8e900000,0x000000ab8ea00000) (1024K)]
  0x000001af56eec2e0 WorkerThread "RuntimeWorker#10"                [id=36464, stack(0x000000ab8ea00000,0x000000ab8eb00000) (1024K)]
  0x000001af56fc5770 WorkerThread "RuntimeWorker#11"                [id=35028, stack(0x000000ab8eb00000,0x000000ab8ec00000) (1024K)]
  0x000001af56fc6990 WorkerThread "RuntimeWorker#12"                [id=36056, stack(0x000000ab8ec00000,0x000000ab8ed00000) (1024K)]
  0x000001af56fc82f0 WorkerThread "RuntimeWorker#13"                [id=29552, stack(0x000000ab8ed00000,0x000000ab8ee00000) (1024K)]
  0x000001af56fc65f0 WorkerThread "RuntimeWorker#14"                [id=35656, stack(0x000000ab8ee00000,0x000000ab8ef00000) (1024K)]
Total: 35

Threads with active compile tasks:
Total: 0

VM state: not at safepoint (normal execution)

VM Mutex/Monitor currently owned by a thread: None

CDS archive(s) not mapped
Compressed class space mapped at: 0x0000000080000000-0x00000000c0000000, reserved size: 1073741824
Narrow klass base: 0x0000000000000000, Narrow klass shift: 0, Narrow klass range: 0xc0000000

GC Precious Log:
 NUMA Support: Disabled
 CPUs: 24 total, 24 available
 Memory: 31848M
 Large Page Support: Disabled
 Address Space Type: Contiguous/Unrestricted/Complete
 Address Space Size: 262144M
 Min Capacity: 16384M
 Initial Capacity: 16384M
 Max Capacity: 16384M
 Soft Max Capacity: 16384M
 Medium Page Size: 32M
 Pre-touch: Disabled
 Uncommit: Implicitly Disabled (-Xms equals -Xmx)
 GC Workers for Old Generation: 6 (dynamic)
 GC Workers for Young Generation: 6 (dynamic)
 GC Workers Max: 6 (dynamic)
 Runtime Workers: 15

ZGC Globals:
 Young Collection:   Mark/136
 Old Collection:     Relocate/14
 Offset Max:         4096G (0x0000040000000000)
 Page Size Small:    2M
 Page Size Medium:   32M

ZGC Metadata Bits:
 LoadGood:           0x0000000000004000
 LoadBad:            0x000000000000b000
 MarkGood:           0x0000000000004a00
 MarkBad:            0x000000000000b5c0
 StoreGood:          0x0000000000004a20
 StoreBad:           0x000000000000b5d0
 ------------------- 
 Remapped:           0x0000000000004000
 RemappedYoung:      0x0000000000005000
 RemappedOld:        0x000000000000c000
 MarkedYoung:        0x0000000000000200
 MarkedOld:          0x0000000000000800
 Remembered:         0x0000000000000020

Heap:
 ZHeap           used 11170M, capacity 16384M, max capacity 16384M
 Metaspace       used 363495K, committed 367616K, reserved 1376256K
  class space    used 61019K, committed 62912K, reserved 1048576K

ZGC Page Table:
 Small   0x0000000000000000 0x0000000000200000 0x0000000000200000 Y/135   Relocatable
 Small   0x0000000000200000 0x0000000000400000 0x0000000000400000 Y/135   Relocatable
 Small   0x0000000000400000 0x0000000000600000 0x0000000000600000 Y/136   Allocating 
 Small   0x0000000000600000 0x00000000007fffe8 0x0000000000800000 O/4     Relocatable
 Small   0x0000000000800000 0x0000000000a00000 0x0000000000a00000 O/10    Relocatable
 Small   0x0000000000a00000 0x0000000000c00000 0x0000000000c00000 Y/135   Relocatable
 Small   0x0000000000c00000 0x0000000000dffff8 0x0000000000e00000 O/4     Relocatable
 Medium  0x0000000000e00000 0x0000000002c6c000 0x0000000002e00000 O/4     Relocatable
 Small   0x0000000002e00000 0x0000000002ffffd0 0x0000000003000000 O/4     Relocatable
 Small   0x0000000003000000 0x00000000031fffe8 0x0000000003200000 O/5     Relocatable
 Small   0x0000000003200000 0x00000000033f0cf0 0x0000000003400000 O/4     Relocatable
 Small   0x0000000003600000 0x0000000003800000 0x0000000003800000 Y/135   Relocatable
 Small   0x0000000003c00000 0x0000000003dfffa8 0x0000000003e00000 O/5     Relocatable
 Large   0x0000000008000000 0x0000000008600000 0x0000000008600000 O/10    Relocatable
 Large   0x000000000a600000 0x000000000ac00000 0x000000000ac00000 O/10    Relocatable
 Large   0x000000000be00000 0x000000000c400000 0x000000000c400000 O/10    Relocatable
 Small   0x000000000c400000 0x000000000c600000 0x000000000c600000 Y/135   Relocatable
 Large   0x000000000e000000 0x000000000e600000 0x000000000e600000 O/4     Relocatable
 Small   0x000000000e800000 0x000000000ea00000 0x000000000ea00000 Y/136   Allocating 
 Large   0x000000000ec00000 0x000000000f400000 0x000000000f400000 O/10    Relocatable
 Large   0x000000000f800000 0x000000000fe00000 0x000000000fe00000 O/4     Relocatable
 Large   0x0000000011e00000 0x0000000012400000 0x0000000012400000 O/4     Relocatable
 Large   0x0000000014400000 0x0000000014a00000 0x0000000014a00000 O/10    Relocatable
 Small   0x0000000014a00000 0x0000000014bfffb8 0x0000000014c00000 O/8     Relocatable
 Small   0x0000000014e00000 0x0000000015000000 0x0000000015000000 Y/135   Relocatable
 Small   0x0000000015000000 0x00000000151fffd8 0x0000000015200000 O/4     Relocatable
 Small   0x0000000015400000 0x00000000155ee8e0 0x0000000015600000 O/9     Relocatable
 Small   0x0000000015800000 0x00000000159fffe0 0x0000000015a00000 O/4     Relocatable
 Small   0x0000000015a00000 0x0000000015bfffe0 0x0000000015c00000 O/10    Relocatable
 Small   0x0000000015e00000 0x0000000015fffae8 0x0000000016000000 O/4     Relocatable
 Small   0x0000000016000000 0x0000000016200000 0x0000000016200000 Y/136   Allocating 
 Small   0x0000000016400000 0x0000000016600000 0x0000000016600000 Y/136   Allocating 
 Small   0x0000000016600000 0x00000000167fffb8 0x0000000016800000 O/12    Relocatable
 Small   0x0000000016800000 0x00000000169f6438 0x0000000016a00000 O/8     Relocatable
 Small   0x0000000016a00000 0x0000000016bffff0 0x0000000016c00000 O/12    Relocatable
 Small   0x0000000016c00000 0x0000000016e00000 0x0000000016e00000 Y/136   Allocating 
 Small   0x0000000016e00000 0x0000000017000000 0x0000000017000000 Y/136   Allocating 
 Small   0x0000000017000000 0x00000000171fffe0 0x0000000017200000 O/10    Relocatable
 Small   0x0000000017200000 0x0000000017400000 0x0000000017400000 Y/135   Relocatable
 Small   0x0000000017400000 0x0000000017600000 0x0000000017600000 Y/135   Relocatable
 Small   0x0000000017800000 0x00000000179fffd0 0x0000000017a00000 O/4     Relocatable
 Small   0x0000000017a00000 0x0000000017bfb7f8 0x0000000017c00000 O/9     Relocatable
 Small   0x0000000017e00000 0x0000000018000000 0x0000000018000000 Y/136   Allocating 
 Small   0x0000000018000000 0x00000000181fffb8 0x0000000018200000 O/4     Relocatable
 Small   0x0000000018200000 0x00000000183fffc8 0x0000000018400000 O/8     Relocatable
 Small   0x0000000018400000 0x00000000185fffd8 0x0000000018600000 O/8     Relocatable
 Small   0x0000000018600000 0x0000000018800000 0x0000000018800000 Y/135   Relocatable
 Small   0x0000000018800000 0x00000000189fff98 0x0000000018a00000 O/8     Relocatable
 Small   0x0000000018a00000 0x0000000018bfffe0 0x0000000018c00000 O/4     Relocatable
 Small   0x0000000018c00000 0x0000000018e00000 0x0000000018e00000 Y/136   Allocating 
 Small   0x0000000019000000 0x00000000191ea890 0x0000000019200000 O/4     Relocatable
 Small   0x0000000019200000 0x0000000019400000 0x0000000019400000 Y/136   Allocating 
 Small   0x0000000019400000 0x0000000019600000 0x0000000019600000 Y/135   Relocatable
 Small   0x0000000019a00000 0x0000000019bfff78 0x0000000019c00000 O/10    Relocatable
 Small   0x0000000019c00000 0x0000000019e00000 0x0000000019e00000 O/4     Relocatable
 Small   0x0000000019e00000 0x0000000019fffff8 0x000000001a000000 O/6     Relocatable
 Small   0x000000001a000000 0x000000001a1fd360 0x000000001a200000 O/4     Relocatable
 Small   0x000000001a200000 0x000000001a3fffe0 0x000000001a400000 O/4     Relocatable
 Small   0x000000001a600000 0x000000001a7ffff0 0x000000001a800000 O/4     Relocatable
 Small   0x000000001a800000 0x000000001aa00000 0x000000001aa00000 Y/135   Relocatable
 Small   0x000000001aa00000 0x000000001ac00000 0x000000001ac00000 Y/135   Relocatable
 Small   0x000000001ac00000 0x000000001ae00000 0x000000001ae00000 Y/135   Relocatable
 Small   0x000000001ae00000 0x000000001afffff0 0x000000001b000000 O/14    Allocating 
 Small   0x000000001b000000 0x000000001b1fffc8 0x000000001b200000 O/13    Relocatable
 Small   0x000000001b600000 0x000000001b7ffff8 0x000000001b800000 O/4     Relocatable
 Small   0x000000001c000000 0x000000001c200000 0x000000001c200000 Y/135   Relocatable
 Small   0x000000001c200000 0x000000001c3fffe0 0x000000001c400000 O/4     Relocatable
 Small   0x000000001c600000 0x000000001c7ffff0 0x000000001c800000 O/4     Relocatable
 Small   0x000000001ca00000 0x000000001cbffff8 0x000000001cc00000 O/9     Relocatable
 Small   0x000000001cc00000 0x000000001cdf96e0 0x000000001ce00000 O/4     Relocatable
 Small   0x000000001ce00000 0x000000001cffd018 0x000000001d000000 O/4     Relocatable
 Small   0x000000001d200000 0x000000001d3fffe0 0x000000001d400000 O/4     Relocatable
 Small   0x000000001d400000 0x000000001d600000 0x000000001d600000 Y/135   Relocatable
 Small   0x000000001d600000 0x000000001d800000 0x000000001d800000 Y/135   Relocatable
 Small   0x000000001da00000 0x000000001dbffff8 0x000000001dc00000 O/9     Relocatable
 Small   0x000000001dc00000 0x000000001de00000 0x000000001de00000 Y/135   Relocatable
 Small   0x000000001e000000 0x000000001e200000 0x000000001e200000 Y/135   Relocatable
 Small   0x000000001e400000 0x000000001e5fffe0 0x000000001e600000 O/9     Relocatable
 Small   0x000000001e600000 0x000000001e800000 0x000000001e800000 O/14    Allocating 
 Small   0x000000001e800000 0x000000001ea00000 0x000000001ea00000 Y/135   Relocatable
 Small   0x000000001ec00000 0x000000001ee00000 0x000000001ee00000 Y/136   Allocating 
 Small   0x000000001f000000 0x000000001f200000 0x000000001f200000 Y/135   Relocatable
 Small   0x000000001f200000 0x000000001f3fffe8 0x000000001f400000 O/10    Relocatable
 Small   0x000000001f600000 0x000000001f7eed10 0x000000001f800000 O/4     Relocatable
 Small   0x000000001f800000 0x000000001f9ffff8 0x000000001fa00000 O/8     Relocatable
 Small   0x000000001fa00000 0x000000001fc00000 0x000000001fc00000 Y/136   Allocating 
 Small   0x000000001fc00000 0x000000001fe00000 0x000000001fe00000 Y/135   Relocatable
 Small   0x000000001fe00000 0x000000001ffff3c0 0x0000000020000000 O/6     Relocatable
 Small   0x0000000020000000 0x0000000020200000 0x0000000020200000 Y/136   Allocating 
 Small   0x0000000020200000 0x0000000020400000 0x0000000020400000 Y/136   Allocating 
 Small   0x0000000020400000 0x0000000020600000 0x0000000020600000 Y/135   Relocatable
 Small   0x0000000020600000 0x00000000207ffff8 0x0000000020800000 O/4     Relocatable
 Small   0x0000000020800000 0x0000000020a00000 0x0000000020a00000 Y/135   Relocatable
 Small   0x0000000020a00000 0x0000000020c00000 0x0000000020c00000 Y/135   Relocatable
 Small   0x0000000020c00000 0x0000000020e00000 0x0000000020e00000 Y/135   Relocatable
 Small   0x0000000020e00000 0x0000000021000000 0x0000000021000000 Y/135   Relocatable
 Small   0x0000000021200000 0x0000000021400000 0x0000000021400000 Y/135   Relocatable
 Small   0x0000000021600000 0x00000000217fffe8 0x0000000021800000 O/4     Relocatable
 Small   0x0000000021800000 0x0000000021a00000 0x0000000021a00000 Y/135   Relocatable
 Small   0x0000000021a00000 0x0000000021c00000 0x0000000021c00000 Y/135   Relocatable
 Small   0x0000000021c00000 0x0000000021e00000 0x0000000021e00000 Y/135   Relocatable
 Small   0x0000000022000000 0x0000000022200000 0x0000000022200000 Y/136   Allocating 
 Small   0x0000000022400000 0x0000000022600000 0x0000000022600000 Y/135   Relocatable
 Small   0x0000000022800000 0x0000000022a00000 0x0000000022a00000 Y/136   Allocating 
 Small   0x0000000022e00000 0x0000000022ffffe0 0x0000000023000000 O/4     Relocatable
 Small   0x0000000023000000 0x0000000023200000 0x0000000023200000 O/4     Relocatable
 Small   0x0000000023400000 0x0000000023600000 0x0000000023600000 Y/135   Relocatable
 Small   0x0000000023a00000 0x0000000023c00000 0x0000000023c00000 Y/136   Allocating 
 Small   0x0000000024000000 0x00000000241fffe0 0x0000000024200000 O/9     Relocatable
 Small   0x0000000024400000 0x0000000024600000 0x0000000024600000 Y/136   Allocating 
 Medium  0x0000000024c00000 0x0000000026bcc000 0x0000000026c00000 O/4     Relocatable
 Small   0x0000000026c00000 0x0000000026e00000 0x0000000026e00000 Y/135   Relocatable
 Small   0x0000000027000000 0x0000000027200000 0x0000000027200000 Y/135   Relocatable
 Small   0x0000000027200000 0x0000000027400000 0x0000000027400000 Y/136   Allocating 
 Small   0x0000000027400000 0x0000000027600000 0x0000000027600000 Y/135   Relocatable
 Small   0x0000000027600000 0x00000000277ffff0 0x0000000027800000 O/10    Relocatable
 Small   0x0000000027c00000 0x0000000027e00000 0x0000000027e00000 Y/136   Allocating 
 Small   0x0000000027e00000 0x0000000028000000 0x0000000028000000 Y/135   Relocatable
 Small   0x0000000028000000 0x0000000028200000 0x0000000028200000 Y/135   Relocatable
 Small   0x0000000028200000 0x00000000283ffff8 0x0000000028400000 O/13    Relocatable
 Small   0x0000000028600000 0x00000000287ffff8 0x0000000028800000 O/10    Relocatable
 Medium  0x0000000028800000 0x000000002a71d000 0x000000002a800000 O/11    Relocatable
 Small   0x000000002aa00000 0x000000002ac00000 0x000000002ac00000 Y/136   Allocating 
 Small   0x000000002b000000 0x000000002b1fffd0 0x000000002b200000 O/4     Relocatable
 Small   0x000000002b200000 0x000000002b3fffb0 0x000000002b400000 O/8     Relocatable
 Small   0x000000002b400000 0x000000002b5fffd8 0x000000002b600000 O/10    Relocatable
 Small   0x000000002b600000 0x000000002b800000 0x000000002b800000 Y/135   Relocatable
 Small   0x000000002ba00000 0x000000002bc00000 0x000000002bc00000 Y/135   Relocatable
 Small   0x000000002be00000 0x000000002c000000 0x000000002c000000 Y/135   Relocatable
 Small   0x000000002c000000 0x000000002c200000 0x000000002c200000 Y/136   Allocating 
 Large   0x000000002c400000 0x000000002d400000 0x000000002d400000 O/4     Relocatable
 Small   0x000000002d400000 0x000000002d5ffff0 0x000000002d600000 O/9     Relocatable
 Small   0x000000002dc00000 0x000000002de00000 0x000000002de00000 Y/135   Relocatable
 Small   0x000000002e200000 0x000000002e3ffe18 0x000000002e400000 O/10    Relocatable
 Large   0x000000002e400000 0x000000002f400000 0x000000002f400000 O/4     Relocatable
 Small   0x000000002f600000 0x000000002f800000 0x000000002f800000 Y/135   Relocatable
 Small   0x000000002fe00000 0x0000000030000000 0x0000000030000000 Y/135   Relocatable
 Small   0x0000000030000000 0x0000000030200000 0x0000000030200000 Y/135   Relocatable
 Small   0x0000000030200000 0x0000000030400000 0x0000000030400000 Y/135   Relocatable
 Small   0x0000000031400000 0x0000000031600000 0x0000000031600000 Y/135   Relocatable
 Small   0x0000000031c00000 0x0000000031e00000 0x0000000031e00000 Y/136   Allocating 
 Small   0x0000000031e00000 0x0000000032000000 0x0000000032000000 Y/136   Allocating 
 Small   0x0000000032000000 0x00000000321ffff0 0x0000000032200000 O/4     Relocatable
 Small   0x0000000032200000 0x0000000032400000 0x0000000032400000 O/4     Relocatable
 Small   0x0000000032400000 0x0000000032600000 0x0000000032600000 Y/135   Relocatable
 Small   0x0000000032600000 0x0000000032800000 0x0000000032800000 Y/135   Relocatable
 Small   0x0000000032c00000 0x0000000032dffff0 0x0000000032e00000 O/4     Relocatable
 Small   0x0000000033000000 0x00000000331fffd0 0x0000000033200000 O/9     Relocatable
 Small   0x0000000033600000 0x0000000033640000 0x0000000033800000 Y/136   Allocating 
 Small   0x0000000033800000 0x0000000033a00000 0x0000000033a00000 O/10    Relocatable
 Small   0x0000000033a00000 0x0000000033bf9618 0x0000000033c00000 O/4     Relocatable
 Small   0x0000000033c00000 0x0000000033de27a0 0x0000000033e00000 O/4     Relocatable
 Small   0x0000000034000000 0x0000000034002828 0x0000000034200000 O/14    Allocating 
 Small   0x0000000034200000 0x0000000034400000 0x0000000034400000 Y/136   Allocating 
 Small   0x0000000034600000 0x0000000034800000 0x0000000034800000 Y/135   Relocatable
 Small   0x0000000034800000 0x00000000349ffff0 0x0000000034a00000 O/10    Relocatable
 Small   0x0000000034a00000 0x0000000034c00000 0x0000000034c00000 Y/136   Allocating 
 Small   0x0000000035200000 0x0000000035400000 0x0000000035400000 Y/135   Relocatable
 Medium  0x0000000035600000 0x00000000372cb000 0x0000000037600000 O/4     Relocatable
 Small   0x0000000037600000 0x0000000037800000 0x0000000037800000 Y/135   Relocatable
 Small   0x0000000037800000 0x00000000379fffd0 0x0000000037a00000 O/4     Relocatable
 Small   0x0000000037a00000 0x0000000037bfff18 0x0000000037c00000 O/14    Allocating 
 Small   0x0000000037c00000 0x0000000037dff088 0x0000000037e00000 Y/135   Relocatable
 Small   0x0000000037e00000 0x0000000037fffff0 0x0000000038000000 O/8     Relocatable
 Small   0x0000000038200000 0x0000000038400000 0x0000000038400000 Y/135   Relocatable
 Small   0x0000000038400000 0x00000000385fa210 0x0000000038600000 O/4     Relocatable
 Small   0x0000000038600000 0x0000000038800000 0x0000000038800000 Y/136   Allocating 
 Small   0x0000000038a00000 0x0000000038c00000 0x0000000038c00000 Y/135   Relocatable
 Small   0x0000000038c00000 0x0000000038dffff0 0x0000000038e00000 O/8     Relocatable
 Small   0x0000000038e00000 0x0000000038fc0000 0x0000000039000000 Y/136   Allocating 
 Small   0x0000000039000000 0x00000000391fffc8 0x0000000039200000 O/4     Relocatable
 Small   0x0000000039400000 0x00000000395ffff0 0x0000000039600000 O/4     Relocatable
 Small   0x0000000039800000 0x00000000399ff860 0x0000000039a00000 Y/135   Relocatable
 Small   0x0000000039a00000 0x0000000039bf5b70 0x0000000039c00000 O/10    Relocatable
 Small   0x0000000039c00000 0x0000000039e00000 0x0000000039e00000 Y/135   Relocatable
 Small   0x0000000039e00000 0x000000003a000000 0x000000003a000000 Y/135   Relocatable
 Small   0x000000003a200000 0x000000003a3fffd0 0x000000003a400000 O/10    Relocatable
 Small   0x000000003a400000 0x000000003a600000 0x000000003a600000 Y/135   Relocatable
 Small   0x000000003a600000 0x000000003a800000 0x000000003a800000 Y/135   Relocatable
 Small   0x000000003a800000 0x000000003aa00000 0x000000003aa00000 Y/135   Relocatable
 Small   0x000000003aa00000 0x000000003ac00000 0x000000003ac00000 Y/135   Relocatable
 Small   0x000000003ac00000 0x000000003ae00000 0x000000003ae00000 Y/135   Relocatable
 Small   0x000000003ae00000 0x000000003b000000 0x000000003b000000 Y/136   Allocating 
 Small   0x000000003b000000 0x000000003b200000 0x000000003b200000 O/9     Relocatable
 Small   0x000000003b200000 0x000000003b3ffa80 0x000000003b400000 O/8     Relocatable
 Small   0x000000003b600000 0x000000003b800000 0x000000003b800000 Y/135   Relocatable
 Small   0x000000003bc00000 0x000000003be00000 0x000000003be00000 Y/136   Allocating 
 Small   0x000000003be00000 0x000000003c000000 0x000000003c000000 Y/135   Relocatable
 Small   0x000000003c800000 0x000000003ca00000 0x000000003ca00000 Y/136   Allocating 
 Large   0x000000003ca00000 0x000000003e400000 0x000000003e400000 O/4     Relocatable
 Small   0x000000003e600000 0x000000003e800000 0x000000003e800000 Y/136   Allocating 
 Small   0x000000003e800000 0x000000003ea00000 0x000000003ea00000 O/11    Relocatable
 Small   0x000000003ea00000 0x000000003ebfdca8 0x000000003ec00000 O/12    Relocatable
 Small   0x000000003ee00000 0x000000003f000000 0x000000003f000000 Y/135   Relocatable
 Small   0x000000003f000000 0x000000003f1ffff0 0x000000003f200000 O/8     Relocatable
 Small   0x000000003f400000 0x000000003f5ffff8 0x000000003f600000 O/12    Relocatable
 Small   0x000000003f800000 0x000000003f9ffff0 0x000000003fa00000 O/10    Relocatable
 Small   0x000000003fa00000 0x000000003fc00000 0x000000003fc00000 Y/135   Relocatable
 Small   0x000000003fc00000 0x000000003fe00000 0x000000003fe00000 Y/136   Allocating 
 Large   0x000000003fe00000 0x0000000041800000 0x0000000041800000 O/4     Relocatable
 Small   0x0000000041800000 0x0000000041a00000 0x0000000041a00000 Y/135   Relocatable
 Small   0x0000000042200000 0x0000000042400000 0x0000000042400000 Y/135   Relocatable
 Small   0x0000000042600000 0x0000000042800000 0x0000000042800000 Y/135   Relocatable
 Small   0x0000000042800000 0x0000000042a00000 0x0000000042a00000 Y/135   Relocatable
 Small   0x0000000042a00000 0x0000000042c00000 0x0000000042c00000 Y/136   Allocating 
 Small   0x0000000042c00000 0x0000000042e00000 0x0000000042e00000 Y/135   Relocatable
 Small   0x0000000042e00000 0x0000000043000000 0x0000000043000000 Y/135   Relocatable
 Small   0x0000000043000000 0x0000000043200000 0x0000000043200000 Y/136   Allocating 
 Small   0x0000000044c00000 0x0000000044e00000 0x0000000044e00000 Y/135   Relocatable
 Small   0x0000000044e00000 0x0000000045000000 0x0000000045000000 Y/135   Relocatable
 Small   0x0000000045200000 0x0000000045400000 0x0000000045400000 Y/135   Relocatable
 Small   0x0000000045400000 0x00000000455fabc0 0x0000000045600000 O/4     Relocatable
 Small   0x0000000045800000 0x0000000045a00000 0x0000000045a00000 O/9     Relocatable
 Small   0x0000000045c00000 0x0000000045e00000 0x0000000045e00000 O/10    Relocatable
 Small   0x0000000046000000 0x0000000046200000 0x0000000046200000 Y/136   Allocating 
 Small   0x0000000046400000 0x0000000046600000 0x0000000046600000 Y/135   Relocatable
 Small   0x0000000046600000 0x0000000046800000 0x0000000046800000 O/9     Relocatable
 Small   0x0000000048c00000 0x0000000048e00000 0x0000000048e00000 Y/135   Relocatable
 Small   0x0000000048e00000 0x0000000049000000 0x0000000049000000 Y/136   Allocating 
 Small   0x0000000049600000 0x00000000497fffe8 0x0000000049800000 O/10    Relocatable
 Small   0x0000000049a00000 0x0000000049c00000 0x0000000049c00000 Y/135   Relocatable
 Small   0x000000004a200000 0x000000004a3ffff8 0x000000004a400000 O/10    Relocatable
 Small   0x000000004a800000 0x000000004aa00000 0x000000004aa00000 Y/135   Relocatable
 Small   0x000000004aa00000 0x000000004abffaa8 0x000000004ac00000 O/4     Relocatable
 Small   0x000000004ac00000 0x000000004ae00000 0x000000004ae00000 Y/136   Allocating 
 Small   0x000000004b200000 0x000000004b400000 0x000000004b400000 O/13    Relocatable
 Small   0x000000004b400000 0x000000004b600000 0x000000004b600000 O/10    Relocatable
 Small   0x000000004b600000 0x000000004b800000 0x000000004b800000 Y/135   Relocatable
 Small   0x000000004b800000 0x000000004ba00000 0x000000004ba00000 Y/135   Relocatable
 Small   0x000000004ba00000 0x000000004bbfc910 0x000000004bc00000 O/9     Relocatable
 Small   0x000000004dc00000 0x000000004de00000 0x000000004de00000 Y/135   Relocatable
 Small   0x000000004e000000 0x000000004e1ff3b0 0x000000004e200000 O/14    Allocating 
 Small   0x000000004e400000 0x000000004e5fffe8 0x000000004e600000 O/4     Relocatable
 Small   0x000000004e600000 0x000000004e800000 0x000000004e800000 Y/135   Relocatable
 Small   0x000000004ec00000 0x000000004ee00000 0x000000004ee00000 O/9     Relocatable
 Small   0x000000004ee00000 0x000000004effffe0 0x000000004f000000 O/10    Relocatable
 Small   0x000000004f400000 0x000000004f600000 0x000000004f600000 Y/135   Relocatable
 Small   0x000000004f600000 0x000000004f800000 0x000000004f800000 Y/135   Relocatable
 Small   0x000000004fe00000 0x000000004fffffe8 0x0000000050000000 O/9     Relocatable
 Small   0x0000000050600000 0x00000000507ffff8 0x0000000050800000 O/12    Relocatable
 Small   0x0000000050800000 0x0000000050a00000 0x0000000050a00000 Y/135   Relocatable
 Small   0x0000000050c00000 0x0000000050dfffe8 0x0000000050e00000 O/9     Relocatable
 Small   0x0000000050e00000 0x0000000051000000 0x0000000051000000 Y/135   Relocatable
 Small   0x0000000051000000 0x0000000051200000 0x0000000051200000 Y/135   Relocatable
 Small   0x0000000053800000 0x0000000053a00000 0x0000000053a00000 Y/135   Relocatable
 Small   0x0000000053c00000 0x0000000053dffee0 0x0000000053e00000 O/14    Allocating 
 Small   0x0000000054200000 0x00000000543b11b0 0x0000000054400000 Y/135   Relocatable
 Small   0x0000000054600000 0x0000000054800000 0x0000000054800000 Y/135   Relocatable
 Small   0x0000000054800000 0x0000000054a00000 0x0000000054a00000 Y/136   Allocating 
 Small   0x0000000054a00000 0x0000000054c00000 0x0000000054c00000 Y/136   Allocating 
 Small   0x0000000054c00000 0x0000000054e00000 0x0000000054e00000 Y/135   Relocatable
 Small   0x0000000055200000 0x0000000055400000 0x0000000055400000 Y/136   Allocating 
 Small   0x0000000055600000 0x0000000055800000 0x0000000055800000 Y/135   Relocatable
 Small   0x0000000055800000 0x0000000055a00000 0x0000000055a00000 Y/135   Relocatable
 Small   0x0000000055a00000 0x0000000055bffff0 0x0000000055c00000 O/4     Relocatable
 Small   0x0000000055c00000 0x0000000055e00000 0x0000000055e00000 Y/135   Relocatable
 Small   0x0000000056000000 0x00000000561fffe8 0x0000000056200000 O/9     Relocatable
 Small   0x0000000056200000 0x00000000563ffff0 0x0000000056400000 O/11    Relocatable
 Small   0x0000000056400000 0x0000000056600000 0x0000000056600000 Y/135   Relocatable
 Small   0x0000000056a00000 0x0000000056bffff0 0x0000000056c00000 O/10    Relocatable
 Large   0x0000000056c00000 0x0000000057c00000 0x0000000057c00000 O/4     Relocatable
 Small   0x0000000057c00000 0x0000000057e00000 0x0000000057e00000 Y/135   Relocatable
 Small   0x0000000058000000 0x0000000058200000 0x0000000058200000 Y/135   Relocatable
 Small   0x0000000058600000 0x0000000058800000 0x0000000058800000 Y/136   Allocating 
 Small   0x0000000058800000 0x00000000589ffff8 0x0000000058a00000 O/13    Relocatable
 Small   0x0000000059e00000 0x000000005a000000 0x000000005a000000 Y/135   Relocatable
 Small   0x000000005a400000 0x000000005a600000 0x000000005a600000 Y/135   Relocatable
 Small   0x000000005aa00000 0x000000005abffe80 0x000000005ac00000 O/14    Allocating 
 Small   0x000000005ae00000 0x000000005b000000 0x000000005b000000 Y/135   Relocatable
 Small   0x000000005b000000 0x000000005b200000 0x000000005b200000 Y/135   Relocatable
 Small   0x000000005b400000 0x000000005b600000 0x000000005b600000 Y/135   Relocatable
 Small   0x000000005b800000 0x000000005ba00000 0x000000005ba00000 Y/136   Allocating 
 Small   0x000000005be00000 0x000000005c000000 0x000000005c000000 Y/136   Allocating 
 Large   0x000000005c000000 0x000000005da00000 0x000000005da00000 O/4     Relocatable
 Small   0x000000005da00000 0x000000005dbffff0 0x000000005dc00000 O/4     Relocatable
 Small   0x000000005dc00000 0x000000005ddfffe0 0x000000005de00000 O/10    Relocatable
 Small   0x000000005e200000 0x000000005e400000 0x000000005e400000 Y/135   Relocatable
 Small   0x000000005e600000 0x000000005e800000 0x000000005e800000 Y/135   Relocatable
 Small   0x000000005ec00000 0x000000005edffff0 0x000000005ee00000 O/10    Relocatable
 Small   0x000000005ee00000 0x000000005f000000 0x000000005f000000 Y/136   Allocating 
 Small   0x000000005f000000 0x000000005f1fff98 0x000000005f200000 O/8     Relocatable
 Small   0x000000005f400000 0x000000005f600000 0x000000005f600000 Y/136   Allocating 
 Small   0x0000000061000000 0x0000000061200000 0x0000000061200000 Y/135   Relocatable
 Small   0x0000000061200000 0x0000000061400000 0x0000000061400000 Y/135   Relocatable
 Small   0x0000000061c00000 0x0000000061dffff8 0x0000000061e00000 O/9     Relocatable
 Small   0x0000000061e00000 0x0000000062000000 0x0000000062000000 Y/135   Relocatable
 Small   0x0000000062000000 0x0000000062200000 0x0000000062200000 Y/136   Allocating 
 Small   0x0000000062600000 0x0000000062800000 0x0000000062800000 Y/136   Allocating 
 Small   0x0000000062c00000 0x0000000062e00000 0x0000000062e00000 Y/135   Relocatable
 Small   0x0000000062e00000 0x0000000062fffff0 0x0000000063000000 O/10    Relocatable
 Small   0x0000000063000000 0x00000000631ffff8 0x0000000063200000 O/14    Allocating 
 Small   0x0000000063200000 0x0000000063400000 0x0000000063400000 Y/135   Relocatable
 Small   0x0000000063400000 0x0000000063600000 0x0000000063600000 Y/135   Relocatable
 Small   0x0000000063600000 0x0000000063800000 0x0000000063800000 Y/136   Allocating 
 Medium  0x0000000063800000 0x00000000657ce000 0x0000000065800000 O/10    Relocatable
 Small   0x0000000065c00000 0x0000000065e00000 0x0000000065e00000 Y/135   Relocatable
 Small   0x0000000066000000 0x0000000066200000 0x0000000066200000 Y/135   Relocatable
 Small   0x0000000066200000 0x00000000663fffb0 0x0000000066400000 O/8     Relocatable
 Small   0x0000000066400000 0x0000000066600000 0x0000000066600000 Y/135   Relocatable
 Small   0x0000000066600000 0x00000000667ea6d0 0x0000000066800000 O/8     Relocatable
 Small   0x0000000066800000 0x0000000066a00000 0x0000000066a00000 O/8     Relocatable
 Small   0x0000000066c00000 0x0000000066dffff0 0x0000000066e00000 O/11    Relocatable
 Small   0x0000000066e00000 0x0000000066fb2450 0x0000000067000000 O/7     Relocatable
 Small   0x0000000067000000 0x00000000671ffff8 0x0000000067200000 O/9     Relocatable
 Small   0x000000006b200000 0x000000006b400000 0x000000006b400000 Y/135   Relocatable
 Small   0x000000006b400000 0x000000006b600000 0x000000006b600000 O/9     Relocatable
 Small   0x000000006b600000 0x000000006b7fffe8 0x000000006b800000 O/10    Relocatable
 Small   0x000000006b800000 0x000000006ba00000 0x000000006ba00000 O/11    Relocatable
 Small   0x000000006ba00000 0x000000006bc00000 0x000000006bc00000 Y/135   Relocatable
 Small   0x000000006bc00000 0x000000006bdffff0 0x000000006be00000 O/10    Relocatable
 Small   0x000000006ce00000 0x000000006d000000 0x000000006d000000 Y/135   Relocatable
 Small   0x000000006d200000 0x000000006d400000 0x000000006d400000 Y/136   Allocating 
 Small   0x000000006d400000 0x000000006d600000 0x000000006d600000 Y/135   Relocatable
 Small   0x000000006d800000 0x000000006d9ffed8 0x000000006da00000 O/10    Relocatable
 Small   0x000000006dc00000 0x000000006ddfdb80 0x000000006de00000 O/13    Relocatable
 Small   0x000000006e000000 0x000000006e1f19f8 0x000000006e200000 O/9     Relocatable
 Small   0x000000006e600000 0x000000006e7ffff0 0x000000006e800000 O/10    Relocatable
 Small   0x000000006e800000 0x000000006e9fffe8 0x000000006ea00000 O/14    Allocating 
 Small   0x000000006ea00000 0x000000006ec00000 0x000000006ec00000 Y/135   Relocatable
 Small   0x000000006ec00000 0x000000006ee00000 0x000000006ee00000 Y/135   Relocatable
 Small   0x000000006ee00000 0x000000006f000000 0x000000006f000000 Y/135   Relocatable
 Small   0x000000006f000000 0x000000006f200000 0x000000006f200000 O/5     Relocatable
 Small   0x000000006f400000 0x000000006f5ffff8 0x000000006f600000 O/9     Relocatable
 Small   0x000000006fc00000 0x000000006fe00000 0x000000006fe00000 Y/136   Allocating 
 Small   0x0000000070200000 0x00000000703ffff0 0x0000000070400000 O/12    Relocatable
 Small   0x0000000070400000 0x0000000070600000 0x0000000070600000 Y/135   Relocatable
 Small   0x0000000070600000 0x0000000070800000 0x0000000070800000 Y/135   Relocatable
 Small   0x0000000070800000 0x0000000070a00000 0x0000000070a00000 Y/135   Relocatable
 Small   0x0000000070a00000 0x0000000070c00000 0x0000000070c00000 Y/135   Relocatable
 Small   0x0000000070c00000 0x0000000070e00000 0x0000000070e00000 Y/136   Allocating 
 Small   0x0000000070e00000 0x0000000071000000 0x0000000071000000 Y/136   Allocating 
 Small   0x0000000071200000 0x00000000713fff58 0x0000000071400000 O/12    Relocatable
 Small   0x0000000071600000 0x0000000071800000 0x0000000071800000 Y/135   Relocatable
 Small   0x0000000071a00000 0x0000000071bfffd8 0x0000000071c00000 O/9     Relocatable
 Small   0x0000000071c00000 0x0000000071e00000 0x0000000071e00000 Y/136   Allocating 
 Small   0x0000000071e00000 0x0000000072000000 0x0000000072000000 Y/136   Allocating 
 Small   0x0000000072200000 0x0000000072400000 0x0000000072400000 Y/135   Relocatable
 Small   0x0000000072400000 0x0000000072600000 0x0000000072600000 Y/135   Relocatable
 Small   0x0000000072800000 0x00000000729fffc8 0x0000000072a00000 O/10    Relocatable
 Small   0x0000000072e00000 0x0000000073000000 0x0000000073000000 Y/135   Relocatable
 Small   0x0000000073200000 0x00000000733fcea8 0x0000000073400000 Y/135   Relocatable
 Small   0x0000000073a00000 0x0000000073c00000 0x0000000073c00000 Y/136   Allocating 
 Small   0x0000000073e00000 0x0000000074000000 0x0000000074000000 Y/135   Relocatable
 Small   0x0000000074000000 0x0000000074200000 0x0000000074200000 Y/136   Allocating 
 Small   0x0000000074c00000 0x0000000074deb1a8 0x0000000074e00000 O/9     Relocatable
 Small   0x0000000074e00000 0x0000000075000000 0x0000000075000000 Y/136   Allocating 
 Small   0x0000000075400000 0x0000000075600000 0x0000000075600000 Y/136   Allocating 
 Small   0x0000000075600000 0x0000000075800000 0x0000000075800000 Y/135   Relocatable
 Small   0x0000000075c00000 0x0000000075e00000 0x0000000075e00000 Y/135   Relocatable
 Small   0x0000000075e00000 0x0000000075ffffe8 0x0000000076000000 O/9     Relocatable
 Small   0x0000000076000000 0x00000000761fffe8 0x0000000076200000 O/10    Relocatable
 Small   0x0000000076200000 0x0000000076400000 0x0000000076400000 Y/135   Relocatable
 Small   0x0000000076400000 0x0000000076600000 0x0000000076600000 Y/135   Relocatable
 Small   0x0000000076a00000 0x0000000076c00000 0x0000000076c00000 Y/135   Relocatable
 Small   0x0000000076c00000 0x0000000076dffff0 0x0000000076e00000 O/10    Relocatable
 Small   0x0000000076e00000 0x0000000077000000 0x0000000077000000 Y/135   Relocatable
 Small   0x0000000077200000 0x0000000077400000 0x0000000077400000 Y/135   Relocatable
 Small   0x0000000077400000 0x0000000077600000 0x0000000077600000 Y/135   Relocatable
 Small   0x0000000077600000 0x0000000077800000 0x0000000077800000 Y/135   Relocatable
 Small   0x0000000077800000 0x0000000077a00000 0x0000000077a00000 Y/136   Allocating 
 Small   0x0000000077a00000 0x0000000077bffff8 0x0000000077c00000 O/8     Relocatable
 Small   0x0000000077c00000 0x0000000077e00000 0x0000000077e00000 Y/135   Relocatable
 Small   0x0000000077e00000 0x0000000078000000 0x0000000078000000 Y/135   Relocatable
 Small   0x0000000078000000 0x0000000078200000 0x0000000078200000 Y/135   Relocatable
 Small   0x0000000078400000 0x0000000078600000 0x0000000078600000 Y/135   Relocatable
 Small   0x0000000078600000 0x00000000787fffe0 0x0000000078800000 O/11    Relocatable
 Small   0x0000000078800000 0x0000000078a00000 0x0000000078a00000 Y/135   Relocatable
 Small   0x0000000078a00000 0x0000000078bfff18 0x0000000078c00000 O/10    Relocatable
 Small   0x0000000078c00000 0x0000000078dffff0 0x0000000078e00000 O/13    Relocatable
 Small   0x0000000078e00000 0x0000000079000000 0x0000000079000000 Y/135   Relocatable
 Small   0x0000000079400000 0x0000000079600000 0x0000000079600000 Y/135   Relocatable
 Small   0x0000000079800000 0x0000000079a00000 0x0000000079a00000 Y/135   Relocatable
 Small   0x0000000079c00000 0x0000000079dfffc8 0x0000000079e00000 O/11    Relocatable
 Small   0x0000000079e00000 0x000000007a000000 0x000000007a000000 Y/135   Relocatable
 Small   0x000000007a000000 0x000000007a1fffc8 0x000000007a200000 O/9     Relocatable
 Small   0x000000007a200000 0x000000007a400000 0x000000007a400000 O/9     Relocatable
 Small   0x000000007a400000 0x000000007a5fffe0 0x000000007a600000 O/14    Allocating 
 Small   0x000000007a600000 0x000000007a7fffe8 0x000000007a800000 O/10    Relocatable
 Small   0x000000007ac00000 0x000000007ae00000 0x000000007ae00000 Y/135   Relocatable
 Small   0x000000007ae00000 0x000000007afea1d0 0x000000007b000000 O/6     Relocatable
 Small   0x000000007b200000 0x000000007b3fffe0 0x000000007b400000 O/10    Relocatable
 Small   0x000000007be00000 0x000000007c000000 0x000000007c000000 Y/135   Relocatable
 Small   0x000000007c000000 0x000000007c200000 0x000000007c200000 Y/135   Relocatable
 Small   0x000000007c200000 0x000000007c400000 0x000000007c400000 Y/135   Relocatable
 Small   0x000000007c400000 0x000000007c600000 0x000000007c600000 Y/135   Relocatable
 Small   0x000000007c600000 0x000000007c800000 0x000000007c800000 Y/136   Allocating 
 Small   0x000000007ca00000 0x000000007cc00000 0x000000007cc00000 Y/136   Allocating 
 Small   0x000000007ce00000 0x000000007d000000 0x000000007d000000 Y/135   Relocatable
 Small   0x000000007d000000 0x000000007d200000 0x000000007d200000 Y/135   Relocatable
 Small   0x000000007d200000 0x000000007d400000 0x000000007d400000 Y/136   Allocating 
 Small   0x000000007d400000 0x000000007d600000 0x000000007d600000 Y/135   Relocatable
 Small   0x000000007d600000 0x000000007d800000 0x000000007d800000 Y/135   Relocatable
 Small   0x000000007d800000 0x000000007da00000 0x000000007da00000 Y/136   Allocating 
 Small   0x000000007dc00000 0x000000007de00000 0x000000007de00000 Y/135   Relocatable
 Small   0x000000007de00000 0x000000007e000000 0x000000007e000000 Y/136   Allocating 
 Small   0x000000007e000000 0x000000007e1fffe8 0x000000007e200000 O/10    Relocatable
 Small   0x000000007e200000 0x000000007e3fffd8 0x000000007e400000 O/10    Relocatable
 Small   0x000000007e400000 0x000000007e5ffff0 0x000000007e600000 O/9     Relocatable
 Small   0x000000007e600000 0x000000007e800000 0x000000007e800000 Y/135   Relocatable
 Small   0x000000007ee00000 0x000000007effffe8 0x000000007f000000 O/10    Relocatable
 Small   0x000000007f000000 0x000000007f200000 0x000000007f200000 Y/135   Relocatable
 Small   0x000000007f200000 0x000000007f3fff68 0x000000007f400000 O/12    Relocatable
 Small   0x000000007f400000 0x000000007f600000 0x000000007f600000 Y/135   Relocatable
 Small   0x000000007f600000 0x000000007f800000 0x000000007f800000 Y/135   Relocatable
 Small   0x000000007fa00000 0x000000007fc00000 0x000000007fc00000 Y/135   Relocatable
 Small   0x0000000080000000 0x0000000080200000 0x0000000080200000 Y/136   Allocating 
 Small   0x0000000080600000 0x0000000080800000 0x0000000080800000 Y/135   Relocatable
 Small   0x0000000080a00000 0x0000000080bffff8 0x0000000080c00000 O/9     Relocatable
 Small   0x0000000081000000 0x0000000081000028 0x0000000081200000 Y/135   Relocatable
 Small   0x0000000081200000 0x00000000813ffff8 0x0000000081400000 O/10    Relocatable
 Small   0x0000000081400000 0x00000000815fffc8 0x0000000081600000 O/10    Relocatable
 Small   0x0000000081800000 0x0000000081a00000 0x0000000081a00000 Y/135   Relocatable
 Small   0x0000000081c00000 0x0000000081dffff0 0x0000000081e00000 O/10    Relocatable
 Small   0x0000000082000000 0x0000000082200000 0x0000000082200000 Y/136   Allocating 
 Small   0x0000000082a00000 0x0000000082c00000 0x0000000082c00000 Y/135   Relocatable
 Small   0x0000000082c00000 0x0000000082e00000 0x0000000082e00000 Y/136   Allocating 
 Small   0x0000000082e00000 0x0000000082fffff8 0x0000000083000000 O/9     Relocatable
 Small   0x0000000083200000 0x0000000083400000 0x0000000083400000 Y/135   Relocatable
 Small   0x0000000083600000 0x0000000083800000 0x0000000083800000 Y/135   Relocatable
 Small   0x0000000083c00000 0x0000000083e00000 0x0000000083e00000 Y/135   Relocatable
 Small   0x0000000083e00000 0x0000000084000000 0x0000000084000000 Y/136   Allocating 
 Small   0x0000000084200000 0x0000000084400000 0x0000000084400000 Y/136   Allocating 
 Small   0x0000000084a00000 0x0000000084c00000 0x0000000084c00000 Y/135   Relocatable
 Small   0x0000000084c00000 0x0000000084e00000 0x0000000084e00000 O/10    Relocatable
 Small   0x0000000085000000 0x0000000085200000 0x0000000085200000 Y/135   Relocatable
 Small   0x0000000085a00000 0x0000000085c00000 0x0000000085c00000 Y/135   Relocatable
 Small   0x0000000086000000 0x00000000861fffe8 0x0000000086200000 Y/135   Relocatable
 Small   0x0000000086400000 0x0000000086600000 0x0000000086600000 O/10    Relocatable
 Small   0x0000000086800000 0x0000000086a00000 0x0000000086a00000 Y/136   Allocating 
 Small   0x0000000086a00000 0x0000000086c00000 0x0000000086c00000 Y/135   Relocatable
 Small   0x0000000086e00000 0x0000000086fff368 0x0000000087000000 O/13    Relocatable
 Small   0x0000000087000000 0x0000000087200000 0x0000000087200000 Y/135   Relocatable
 Small   0x0000000087200000 0x00000000873fffd8 0x0000000087400000 O/9     Relocatable
 Small   0x0000000087800000 0x00000000879fffe0 0x0000000087a00000 O/9     Relocatable
 Small   0x0000000087a00000 0x0000000087c00000 0x0000000087c00000 Y/135   Relocatable
 Small   0x0000000087e00000 0x0000000088000000 0x0000000088000000 Y/135   Relocatable
 Small   0x0000000088000000 0x0000000088200000 0x0000000088200000 Y/135   Relocatable
 Small   0x0000000088400000 0x0000000088600000 0x0000000088600000 Y/135   Relocatable
 Small   0x0000000088600000 0x0000000088800000 0x0000000088800000 Y/136   Allocating 
 Small   0x0000000088800000 0x0000000088a00000 0x0000000088a00000 Y/135   Relocatable
 Small   0x0000000088a00000 0x0000000088b40000 0x0000000088c00000 Y/136   Allocating 
 Small   0x0000000088e00000 0x0000000089000000 0x0000000089000000 Y/135   Relocatable
 Small   0x0000000089000000 0x0000000089200000 0x0000000089200000 Y/135   Relocatable
 Small   0x0000000089200000 0x0000000089300000 0x0000000089400000 Y/136   Allocating 
 Small   0x0000000089400000 0x00000000895fffd8 0x0000000089600000 O/10    Relocatable
 Small   0x0000000089600000 0x0000000089800000 0x0000000089800000 Y/136   Allocating 
 Small   0x0000000089a00000 0x0000000089c00000 0x0000000089c00000 Y/135   Relocatable
 Small   0x0000000089c00000 0x0000000089c80000 0x0000000089e00000 Y/136   Allocating 
 Small   0x0000000089e00000 0x000000008a000000 0x000000008a000000 Y/135   Relocatable
 Small   0x000000008a200000 0x000000008a400000 0x000000008a400000 Y/135   Relocatable
 Small   0x000000008a400000 0x000000008a5fffe0 0x000000008a600000 O/6     Relocatable
 Small   0x000000008a800000 0x000000008aa00000 0x000000008aa00000 O/10    Relocatable
 Small   0x000000008aa00000 0x000000008ac00000 0x000000008ac00000 Y/136   Allocating 
 Small   0x000000008ac00000 0x000000008adfffe8 0x000000008ae00000 O/9     Relocatable
 Small   0x000000008b400000 0x000000008b600000 0x000000008b600000 Y/135   Relocatable
 Small   0x000000008b600000 0x000000008b800000 0x000000008b800000 Y/135   Relocatable
 Small   0x000000008b800000 0x000000008b840000 0x000000008ba00000 Y/136   Allocating 
 Small   0x000000008ba00000 0x000000008bbffff8 0x000000008bc00000 O/9     Relocatable
 Small   0x000000008bc00000 0x000000008be00000 0x000000008be00000 Y/135   Relocatable
 Small   0x000000008c000000 0x000000008c200000 0x000000008c200000 Y/136   Allocating 
 Small   0x000000008c400000 0x000000008c600000 0x000000008c600000 Y/135   Relocatable
 Small   0x000000008c600000 0x000000008c7ffff8 0x000000008c800000 O/14    Allocating 
 Small   0x000000008ca00000 0x000000008cc00000 0x000000008cc00000 Y/135   Relocatable
 Small   0x000000008ce00000 0x000000008d000000 0x000000008d000000 Y/135   Relocatable
 Small   0x000000008d000000 0x000000008d1fffa0 0x000000008d200000 O/9     Relocatable
 Small   0x000000008d400000 0x000000008d600000 0x000000008d600000 Y/135   Relocatable
 Small   0x000000008d600000 0x000000008d800000 0x000000008d800000 Y/136   Allocating 
 Small   0x000000008d800000 0x000000008da00000 0x000000008da00000 Y/135   Relocatable
 Small   0x000000008da00000 0x000000008dc00000 0x000000008dc00000 Y/135   Relocatable
 Small   0x000000008dc00000 0x000000008de00000 0x000000008de00000 O/10    Relocatable
 Small   0x000000008de00000 0x000000008e000000 0x000000008e000000 Y/136   Allocating 
 Small   0x000000008e400000 0x000000008e5fc018 0x000000008e600000 O/10    Relocatable
 Small   0x000000008ea00000 0x000000008ec00000 0x000000008ec00000 Y/136   Allocating 
 Small   0x000000008ec00000 0x000000008ee00000 0x000000008ee00000 Y/135   Relocatable
 Small   0x000000008f200000 0x000000008f400000 0x000000008f400000 Y/136   Allocating 
 Small   0x000000008fa00000 0x000000008fbfffb0 0x000000008fc00000 O/5     Relocatable
 Small   0x000000008fc00000 0x000000008fdffff8 0x000000008fe00000 O/9     Relocatable
 Small   0x000000008fe00000 0x0000000090000000 0x0000000090000000 Y/135   Relocatable
 Small   0x0000000090000000 0x0000000090200000 0x0000000090200000 Y/135   Relocatable
 Small   0x0000000090400000 0x00000000905ffe78 0x0000000090600000 O/9     Relocatable
 Small   0x0000000090800000 0x0000000090a00000 0x0000000090a00000 Y/135   Relocatable
 Small   0x0000000090a00000 0x0000000090c00000 0x0000000090c00000 Y/135   Relocatable
 Small   0x0000000090c00000 0x0000000090e00000 0x0000000090e00000 Y/135   Relocatable
 Small   0x0000000090e00000 0x0000000090ffffd0 0x0000000091000000 O/9     Relocatable
 Small   0x0000000091000000 0x00000000911ffed0 0x0000000091200000 Y/135   Relocatable
 Small   0x0000000091200000 0x0000000091400000 0x0000000091400000 Y/135   Relocatable
 Small   0x0000000091600000 0x00000000917fffe8 0x0000000091800000 O/9     Relocatable
 Small   0x0000000091800000 0x0000000091a00000 0x0000000091a00000 Y/135   Relocatable
 Small   0x0000000092000000 0x0000000092200000 0x0000000092200000 Y/135   Relocatable
 Small   0x0000000092200000 0x0000000092400000 0x0000000092400000 Y/135   Relocatable
 Small   0x0000000092400000 0x0000000092600000 0x0000000092600000 Y/135   Relocatable
 Small   0x0000000092600000 0x0000000092800000 0x0000000092800000 Y/135   Relocatable
 Small   0x0000000092800000 0x0000000092a00000 0x0000000092a00000 Y/136   Allocating 
 Small   0x0000000092a00000 0x0000000092ac0000 0x0000000092c00000 Y/136   Allocating 
 Small   0x0000000092c00000 0x0000000092d00000 0x0000000092e00000 Y/136   Allocating 
 Small   0x0000000092e00000 0x0000000092f80038 0x0000000093000000 O/14    Allocating 
 Small   0x0000000093000000 0x00000000931fffb0 0x0000000093200000 O/9     Relocatable
 Small   0x0000000093200000 0x00000000933ffef8 0x0000000093400000 Y/135   Relocatable
 Small   0x0000000093400000 0x00000000935fffd0 0x0000000093600000 O/9     Relocatable
 Small   0x0000000093600000 0x0000000093800000 0x0000000093800000 Y/135   Relocatable
 Small   0x0000000093a00000 0x0000000093c00000 0x0000000093c00000 Y/136   Allocating 
 Small   0x0000000093e00000 0x0000000094000000 0x0000000094000000 Y/135   Relocatable
 Small   0x0000000094000000 0x00000000941c0000 0x0000000094200000 Y/136   Allocating 
 Small   0x0000000094200000 0x00000000943fffe0 0x0000000094400000 O/9     Relocatable
 Small   0x0000000094400000 0x0000000094600000 0x0000000094600000 Y/135   Relocatable
 Small   0x0000000094600000 0x0000000094800000 0x0000000094800000 Y/135   Relocatable
 Small   0x0000000094800000 0x0000000094a00000 0x0000000094a00000 Y/135   Relocatable
 Small   0x0000000094a00000 0x0000000094c00000 0x0000000094c00000 O/9     Relocatable
 Small   0x0000000094c00000 0x0000000094e00000 0x0000000094e00000 Y/135   Relocatable
 Small   0x0000000094e00000 0x0000000095000000 0x0000000095000000 Y/135   Relocatable
 Small   0x0000000095400000 0x0000000095600000 0x0000000095600000 Y/135   Relocatable
 Small   0x0000000095600000 0x0000000095800000 0x0000000095800000 Y/136   Allocating 
 Small   0x0000000095800000 0x0000000095a00000 0x0000000095a00000 Y/135   Relocatable
 Small   0x0000000096200000 0x0000000096400000 0x0000000096400000 Y/135   Relocatable
 Small   0x0000000096400000 0x0000000096600000 0x0000000096600000 Y/136   Allocating 
 Small   0x0000000096800000 0x0000000096a00000 0x0000000096a00000 Y/135   Relocatable
 Small   0x0000000096c00000 0x0000000096e00000 0x0000000096e00000 Y/135   Relocatable
 Small   0x0000000097200000 0x0000000097400000 0x0000000097400000 Y/135   Relocatable
 Small   0x0000000097600000 0x0000000097800000 0x0000000097800000 Y/135   Relocatable
 Small   0x0000000097800000 0x0000000097a00000 0x0000000097a00000 Y/135   Relocatable
 Small   0x0000000097e00000 0x0000000097fffff0 0x0000000098000000 O/9     Relocatable
 Small   0x0000000098000000 0x00000000981ffff0 0x0000000098200000 Y/135   Relocatable
 Small   0x0000000098200000 0x0000000098400000 0x0000000098400000 Y/135   Relocatable
 Small   0x0000000098400000 0x00000000985fffe0 0x0000000098600000 O/10    Relocatable
 Small   0x0000000098600000 0x0000000098800000 0x0000000098800000 Y/136   Allocating 
 Small   0x0000000098800000 0x00000000989ffff0 0x0000000098a00000 O/10    Relocatable
 Small   0x0000000098a00000 0x0000000098c00000 0x0000000098c00000 Y/136   Allocating 
 Small   0x0000000098c00000 0x0000000098dfff80 0x0000000098e00000 O/10    Relocatable
 Small   0x0000000099000000 0x00000000991ffff8 0x0000000099200000 O/10    Relocatable
 Small   0x0000000099200000 0x0000000099400000 0x0000000099400000 Y/135   Relocatable
 Small   0x0000000099600000 0x0000000099800000 0x0000000099800000 Y/135   Relocatable
 Small   0x0000000099800000 0x00000000999ffff8 0x0000000099a00000 O/10    Relocatable
 Small   0x000000009a200000 0x000000009a400000 0x000000009a400000 Y/135   Relocatable
 Small   0x000000009a400000 0x000000009a600000 0x000000009a600000 O/9     Relocatable
 Small   0x000000009aa00000 0x000000009ac00000 0x000000009ac00000 Y/135   Relocatable
 Small   0x000000009ac00000 0x000000009ae00000 0x000000009ae00000 O/9     Relocatable
 Small   0x000000009b200000 0x000000009b400000 0x000000009b400000 Y/135   Relocatable
 Small   0x000000009b400000 0x000000009b600000 0x000000009b600000 Y/136   Allocating 
 Small   0x000000009ba00000 0x000000009bc00000 0x000000009bc00000 Y/135   Relocatable
 Small   0x000000009be00000 0x000000009c000000 0x000000009c000000 Y/135   Relocatable
 Small   0x000000009c000000 0x000000009c200000 0x000000009c200000 O/14    Allocating 
 Small   0x000000009c200000 0x000000009c3fffc8 0x000000009c400000 O/9     Relocatable
 Small   0x000000009c800000 0x000000009ca00000 0x000000009ca00000 Y/135   Relocatable
 Small   0x000000009ca00000 0x000000009cc00000 0x000000009cc00000 Y/136   Allocating 
 Small   0x000000009cc00000 0x000000009cdffff8 0x000000009ce00000 O/9     Relocatable
 Small   0x000000009d000000 0x000000009d080000 0x000000009d200000 Y/136   Allocating 
 Small   0x000000009d600000 0x000000009d800000 0x000000009d800000 Y/135   Relocatable
 Small   0x000000009d800000 0x000000009da00000 0x000000009da00000 Y/136   Allocating 
 Small   0x000000009da00000 0x000000009dc00000 0x000000009dc00000 Y/136   Allocating 
 Small   0x000000009dc00000 0x000000009ddffff8 0x000000009de00000 O/9     Relocatable
 Small   0x000000009e200000 0x000000009e3ffc40 0x000000009e400000 O/8     Relocatable
 Small   0x000000009e600000 0x000000009e7fffe0 0x000000009e800000 O/8     Relocatable
 Small   0x000000009ea00000 0x000000009ec00000 0x000000009ec00000 Y/135   Relocatable
 Small   0x000000009ec00000 0x000000009ee00000 0x000000009ee00000 Y/135   Relocatable
 Small   0x000000009f200000 0x000000009f400000 0x000000009f400000 Y/135   Relocatable
 Small   0x000000009f400000 0x000000009f600000 0x000000009f600000 Y/135   Relocatable
 Small   0x000000009f600000 0x000000009f7fffe0 0x000000009f800000 O/9     Relocatable
 Small   0x000000009fc00000 0x000000009fe00000 0x000000009fe00000 Y/136   Allocating 
 Small   0x00000000a0000000 0x00000000a0200000 0x00000000a0200000 Y/135   Relocatable
 Small   0x00000000a0600000 0x00000000a0800000 0x00000000a0800000 Y/135   Relocatable
 Small   0x00000000a0800000 0x00000000a09ffff0 0x00000000a0a00000 O/10    Relocatable
 Small   0x00000000a0c00000 0x00000000a0dfffe0 0x00000000a0e00000 O/9     Relocatable
 Small   0x00000000a1600000 0x00000000a17ffff0 0x00000000a1800000 O/9     Relocatable
 Small   0x00000000a1800000 0x00000000a18c0000 0x00000000a1a00000 Y/136   Allocating 
 Small   0x00000000a1a00000 0x00000000a1c00000 0x00000000a1c00000 Y/135   Relocatable
 Small   0x00000000a1c00000 0x00000000a1e00000 0x00000000a1e00000 Y/135   Relocatable
 Small   0x00000000a2000000 0x00000000a2200000 0x00000000a2200000 Y/136   Allocating 
 Small   0x00000000a2200000 0x00000000a2400000 0x00000000a2400000 Y/135   Relocatable
 Small   0x00000000a2400000 0x00000000a2600000 0x00000000a2600000 Y/135   Relocatable
 Small   0x00000000a2600000 0x00000000a2800000 0x00000000a2800000 Y/136   Allocating 
 Small   0x00000000a2e00000 0x00000000a3000000 0x00000000a3000000 Y/136   Allocating 
 Small   0x00000000a3000000 0x00000000a31ffff0 0x00000000a3200000 O/10    Relocatable
 Small   0x00000000a3200000 0x00000000a33fff70 0x00000000a3400000 O/9     Relocatable
 Small   0x00000000a3400000 0x00000000a3600000 0x00000000a3600000 Y/136   Allocating 
 Small   0x00000000a3600000 0x00000000a37ffff8 0x00000000a3800000 O/10    Relocatable
 Small   0x00000000a3800000 0x00000000a39fffd0 0x00000000a3a00000 O/9     Relocatable
 Small   0x00000000a3c00000 0x00000000a3e00000 0x00000000a3e00000 Y/135   Relocatable
 Small   0x00000000a3e00000 0x00000000a4000000 0x00000000a4000000 Y/136   Allocating 
 Small   0x00000000a4000000 0x00000000a41fffe0 0x00000000a4200000 O/12    Relocatable
 Small   0x00000000a4200000 0x00000000a4400000 0x00000000a4400000 Y/135   Relocatable
 Small   0x00000000a4400000 0x00000000a45fffe0 0x00000000a4600000 O/10    Relocatable
 Small   0x00000000a4600000 0x00000000a4800000 0x00000000a4800000 Y/135   Relocatable
 Small   0x00000000a4800000 0x00000000a4a00000 0x00000000a4a00000 Y/136   Allocating 
 Small   0x00000000a4a00000 0x00000000a4c00000 0x00000000a4c00000 Y/135   Relocatable
 Small   0x00000000a4c00000 0x00000000a4dffe90 0x00000000a4e00000 O/10    Relocatable
 Small   0x00000000a5000000 0x00000000a51fffe8 0x00000000a5200000 O/9     Relocatable
 Small   0x00000000a5200000 0x00000000a5400000 0x00000000a5400000 Y/135   Relocatable
 Small   0x00000000a5400000 0x00000000a5600000 0x00000000a5600000 Y/135   Relocatable
 Small   0x00000000a5c00000 0x00000000a5e00000 0x00000000a5e00000 Y/135   Relocatable
 Small   0x00000000a6000000 0x00000000a6200000 0x00000000a6200000 O/9     Relocatable
 Small   0x00000000a6200000 0x00000000a6400000 0x00000000a6400000 Y/136   Allocating 
 Small   0x00000000a6400000 0x00000000a6600000 0x00000000a6600000 Y/136   Allocating 
 Small   0x00000000a6600000 0x00000000a67ffff8 0x00000000a6800000 O/14    Allocating 
 Small   0x00000000a6a00000 0x00000000a6c00000 0x00000000a6c00000 Y/135   Relocatable
 Small   0x00000000a7000000 0x00000000a7200000 0x00000000a7200000 Y/136   Allocating 
 Small   0x00000000a7400000 0x00000000a7600000 0x00000000a7600000 Y/136   Allocating 
 Small   0x00000000a7800000 0x00000000a7840000 0x00000000a7a00000 Y/135   Relocatable
 Small   0x00000000a7a00000 0x00000000a7b40000 0x00000000a7c00000 Y/135   Relocatable
 Small   0x00000000a7c00000 0x00000000a7e00000 0x00000000a7e00000 Y/135   Relocatable
 Small   0x00000000a8000000 0x00000000a8200000 0x00000000a8200000 Y/135   Relocatable
 Small   0x00000000a8200000 0x00000000a8400000 0x00000000a8400000 Y/135   Relocatable
 Small   0x00000000a8600000 0x00000000a8800000 0x00000000a8800000 Y/135   Relocatable
 Small   0x00000000a8800000 0x00000000a8a00000 0x00000000a8a00000 Y/135   Relocatable
 Small   0x00000000a8a00000 0x00000000a8bff728 0x00000000a8c00000 O/9     Relocatable
 Small   0x00000000a8c00000 0x00000000a8e00000 0x00000000a8e00000 Y/135   Relocatable
 Small   0x00000000a9200000 0x00000000a9400000 0x00000000a9400000 Y/135   Relocatable
 Small   0x00000000a9600000 0x00000000a9800000 0x00000000a9800000 Y/136   Allocating 
 Small   0x00000000a9a00000 0x00000000a9c00000 0x00000000a9c00000 Y/135   Relocatable
 Small   0x00000000a9c00000 0x00000000a9dfff80 0x00000000a9e00000 O/9     Relocatable
 Small   0x00000000a9e00000 0x00000000aa000000 0x00000000aa000000 O/9     Relocatable
 Small   0x00000000aa000000 0x00000000aa1fff90 0x00000000aa200000 O/9     Relocatable
 Small   0x00000000aa200000 0x00000000aa400000 0x00000000aa400000 Y/135   Relocatable
 Small   0x00000000aa400000 0x00000000aa600000 0x00000000aa600000 Y/135   Relocatable
 Small   0x00000000ab000000 0x00000000ab200000 0x00000000ab200000 Y/135   Relocatable
 Small   0x00000000ab800000 0x00000000ab9ffff0 0x00000000aba00000 O/9     Relocatable
 Small   0x00000000abc00000 0x00000000abe00000 0x00000000abe00000 Y/135   Relocatable
 Small   0x00000000ac000000 0x00000000ac0c0000 0x00000000ac200000 Y/135   Relocatable
 Small   0x00000000ac200000 0x00000000ac400000 0x00000000ac400000 Y/135   Relocatable
 Small   0x00000000ac600000 0x00000000ac800000 0x00000000ac800000 Y/136   Allocating 
 Small   0x00000000ac800000 0x00000000ac9fffe0 0x00000000aca00000 O/10    Relocatable
 Small   0x00000000aca00000 0x00000000acc00000 0x00000000acc00000 Y/135   Relocatable
 Small   0x00000000ace00000 0x00000000ad000000 0x00000000ad000000 Y/135   Relocatable
 Small   0x00000000ad400000 0x00000000ad600000 0x00000000ad600000 Y/136   Allocating 
 Small   0x00000000ada00000 0x00000000adc00000 0x00000000adc00000 Y/135   Relocatable
 Small   0x00000000ade00000 0x00000000ae000000 0x00000000ae000000 Y/136   Allocating 
 Small   0x00000000ae200000 0x00000000ae400000 0x00000000ae400000 Y/135   Relocatable
 Small   0x00000000ae400000 0x00000000ae600000 0x00000000ae600000 Y/135   Relocatable
 Small   0x00000000ae600000 0x00000000ae800000 0x00000000ae800000 Y/135   Relocatable
 Small   0x00000000ae800000 0x00000000ae980000 0x00000000aea00000 Y/135   Relocatable
 Small   0x00000000aec00000 0x00000000aee00000 0x00000000aee00000 Y/135   Relocatable
 Small   0x00000000aee00000 0x00000000af000000 0x00000000af000000 Y/135   Relocatable
 Small   0x00000000af000000 0x00000000af1fdd10 0x00000000af200000 O/9     Relocatable
 Small   0x00000000af200000 0x00000000af3ffff0 0x00000000af400000 O/10    Relocatable
 Small   0x00000000afa00000 0x00000000afbfffe8 0x00000000afc00000 O/10    Relocatable
 Small   0x00000000afe00000 0x00000000b0000000 0x00000000b0000000 O/9     Relocatable
 Small   0x00000000b0200000 0x00000000b0400000 0x00000000b0400000 Y/135   Relocatable
 Small   0x00000000b0600000 0x00000000b07ffff0 0x00000000b0800000 O/9     Relocatable
 Small   0x00000000b0800000 0x00000000b0a00000 0x00000000b0a00000 Y/135   Relocatable
 Small   0x00000000b0c00000 0x00000000b0e00000 0x00000000b0e00000 Y/135   Relocatable
 Small   0x00000000b0e00000 0x00000000b1000000 0x00000000b1000000 Y/136   Allocating 
 Small   0x00000000b1000000 0x00000000b1200000 0x00000000b1200000 O/10    Relocatable
 Small   0x00000000b1400000 0x00000000b1600000 0x00000000b1600000 Y/135   Relocatable
 Small   0x00000000b1600000 0x00000000b1800000 0x00000000b1800000 Y/135   Relocatable
 Small   0x00000000b1800000 0x00000000b180c020 0x00000000b1a00000 O/14    Allocating 
 Small   0x00000000b1a00000 0x00000000b1c00000 0x00000000b1c00000 Y/135   Relocatable
 Small   0x00000000b1c00000 0x00000000b1dffff0 0x00000000b1e00000 O/12    Relocatable
 Small   0x00000000b1e00000 0x00000000b2000000 0x00000000b2000000 Y/135   Relocatable
 Small   0x00000000b2400000 0x00000000b2600000 0x00000000b2600000 Y/135   Relocatable
 Small   0x00000000b2600000 0x00000000b2800000 0x00000000b2800000 Y/135   Relocatable
 Small   0x00000000b2800000 0x00000000b2a00000 0x00000000b2a00000 Y/135   Relocatable
 Small   0x00000000b2a00000 0x00000000b2c00000 0x00000000b2c00000 Y/135   Relocatable
 Small   0x00000000b2c00000 0x00000000b2e00000 0x00000000b2e00000 Y/135   Relocatable
 Small   0x00000000b3000000 0x00000000b3200000 0x00000000b3200000 Y/135   Relocatable
 Small   0x00000000b3400000 0x00000000b3600000 0x00000000b3600000 Y/135   Relocatable
 Small   0x00000000b3600000 0x00000000b3800000 0x00000000b3800000 Y/135   Relocatable
 Small   0x00000000b3a00000 0x00000000b3c00000 0x00000000b3c00000 Y/135   Relocatable
 Small   0x00000000b3c00000 0x00000000b3dffff0 0x00000000b3e00000 O/12    Relocatable
 Small   0x00000000b4200000 0x00000000b4400000 0x00000000b4400000 Y/136   Allocating 
 Small   0x00000000b4400000 0x00000000b4600000 0x00000000b4600000 Y/136   Allocating 
 Small   0x00000000b4600000 0x00000000b4800000 0x00000000b4800000 Y/135   Relocatable
 Small   0x00000000b4800000 0x00000000b4a00000 0x00000000b4a00000 Y/135   Relocatable
 Small   0x00000000b4a00000 0x00000000b4c00000 0x00000000b4c00000 Y/135   Relocatable
 Small   0x00000000b4e00000 0x00000000b4ffffc8 0x00000000b5000000 O/9     Relocatable
 Small   0x00000000b5200000 0x00000000b5400000 0x00000000b5400000 Y/135   Relocatable
 Small   0x00000000b5400000 0x00000000b55ffff8 0x00000000b5600000 Y/135   Relocatable
 Small   0x00000000b5800000 0x00000000b59ffff0 0x00000000b5a00000 O/14    Allocating 
 Small   0x00000000b5a00000 0x00000000b5c00000 0x00000000b5c00000 Y/135   Relocatable
 Small   0x00000000b5c00000 0x00000000b5e00000 0x00000000b5e00000 Y/135   Relocatable
 Small   0x00000000b5e00000 0x00000000b6000000 0x00000000b6000000 Y/136   Allocating 
 Small   0x00000000b6600000 0x00000000b67fffd8 0x00000000b6800000 O/9     Relocatable
 Small   0x00000000b6a00000 0x00000000b6c00000 0x00000000b6c00000 Y/135   Relocatable
 Small   0x00000000b6e00000 0x00000000b7000000 0x00000000b7000000 Y/135   Relocatable
 Small   0x00000000b7000000 0x00000000b7200000 0x00000000b7200000 Y/135   Relocatable
 Small   0x00000000b7200000 0x00000000b7400000 0x00000000b7400000 O/9     Relocatable
 Small   0x00000000b7400000 0x00000000b7600000 0x00000000b7600000 Y/135   Relocatable
 Small   0x00000000b7600000 0x00000000b77fffd0 0x00000000b7800000 O/9     Relocatable
 Small   0x00000000b7800000 0x00000000b7a00000 0x00000000b7a00000 Y/135   Relocatable
 Small   0x00000000b7e00000 0x00000000b8000000 0x00000000b8000000 Y/135   Relocatable
 Small   0x00000000b8400000 0x00000000b85fe218 0x00000000b8600000 O/9     Relocatable
 Small   0x00000000b8800000 0x00000000b8a00000 0x00000000b8a00000 Y/135   Relocatable
 Small   0x00000000b8a00000 0x00000000b8c00000 0x00000000b8c00000 Y/135   Relocatable
 Small   0x00000000b8c00000 0x00000000b8e00000 0x00000000b8e00000 Y/135   Relocatable
 Small   0x00000000b9000000 0x00000000b9200000 0x00000000b9200000 Y/135   Relocatable
 Small   0x00000000b9200000 0x00000000b9400000 0x00000000b9400000 Y/135   Relocatable
 Small   0x00000000b9400000 0x00000000b9600000 0x00000000b9600000 Y/135   Relocatable
 Small   0x00000000b9800000 0x00000000b9a00000 0x00000000b9a00000 Y/135   Relocatable
 Small   0x00000000b9a00000 0x00000000b9bfdc50 0x00000000b9c00000 O/13    Relocatable
 Small   0x00000000b9c00000 0x00000000b9e00000 0x00000000b9e00000 Y/135   Relocatable
 Small   0x00000000b9e00000 0x00000000ba000000 0x00000000ba000000 Y/135   Relocatable
 Small   0x00000000ba200000 0x00000000ba400000 0x00000000ba400000 Y/135   Relocatable
 Small   0x00000000ba400000 0x00000000ba600000 0x00000000ba600000 Y/135   Relocatable
 Small   0x00000000ba600000 0x00000000ba7ffff8 0x00000000ba800000 O/10    Relocatable
 Small   0x00000000ba800000 0x00000000baa00000 0x00000000baa00000 Y/135   Relocatable
 Small   0x00000000baa00000 0x00000000babffff0 0x00000000bac00000 O/9     Relocatable
 Small   0x00000000bac00000 0x00000000bae00000 0x00000000bae00000 Y/135   Relocatable
 Small   0x00000000bae00000 0x00000000baffffe8 0x00000000bb000000 O/14    Allocating 
 Small   0x00000000bb000000 0x00000000bb200000 0x00000000bb200000 Y/135   Relocatable
 Small   0x00000000bb400000 0x00000000bb5ffab8 0x00000000bb600000 O/13    Relocatable
 Small   0x00000000bb600000 0x00000000bb800000 0x00000000bb800000 Y/135   Relocatable
 Small   0x00000000bb800000 0x00000000bba00000 0x00000000bba00000 Y/135   Relocatable
 Small   0x00000000bc000000 0x00000000bc200000 0x00000000bc200000 Y/136   Allocating 
 Small   0x00000000bc400000 0x00000000bc600000 0x00000000bc600000 Y/135   Relocatable
 Small   0x00000000bc600000 0x00000000bc800000 0x00000000bc800000 Y/135   Relocatable
 Small   0x00000000bca00000 0x00000000bcc00000 0x00000000bcc00000 Y/135   Relocatable
 Small   0x00000000bd600000 0x00000000bd800000 0x00000000bd800000 Y/135   Relocatable
 Small   0x00000000bd800000 0x00000000bd9ffff8 0x00000000bda00000 O/9     Relocatable
 Small   0x00000000bda00000 0x00000000bdc00000 0x00000000bdc00000 Y/135   Relocatable
 Small   0x00000000bdc00000 0x00000000bddfffe0 0x00000000bde00000 O/9     Relocatable
 Small   0x00000000bde00000 0x00000000be000000 0x00000000be000000 Y/135   Relocatable
 Small   0x00000000be000000 0x00000000be200000 0x00000000be200000 Y/135   Relocatable
 Small   0x00000000be200000 0x00000000be400000 0x00000000be400000 Y/135   Relocatable
 Small   0x00000000be400000 0x00000000be600000 0x00000000be600000 Y/135   Relocatable
 Small   0x00000000bea00000 0x00000000bec00000 0x00000000bec00000 Y/135   Relocatable
 Small   0x00000000bec00000 0x00000000bee00000 0x00000000bee00000 Y/135   Relocatable
 Small   0x00000000bf400000 0x00000000bf5fff88 0x00000000bf600000 O/9     Relocatable
 Small   0x00000000bf600000 0x00000000bf680000 0x00000000bf800000 Y/135   Relocatable
 Small   0x00000000bf800000 0x00000000bfa00000 0x00000000bfa00000 Y/135   Relocatable
 Small   0x00000000bfa00000 0x00000000bfc00000 0x00000000bfc00000 Y/135   Relocatable
 Small   0x00000000bfc00000 0x00000000bfe00000 0x00000000bfe00000 Y/135   Relocatable
 Small   0x00000000bfe00000 0x00000000c0000000 0x00000000c0000000 Y/135   Relocatable
 Small   0x00000000c0200000 0x00000000c03ffff8 0x00000000c0400000 O/11    Relocatable
 Small   0x00000000c0e00000 0x00000000c1000000 0x00000000c1000000 Y/135   Relocatable
 Small   0x00000000c1000000 0x00000000c1200000 0x00000000c1200000 Y/135   Relocatable
 Small   0x00000000c1200000 0x00000000c1400000 0x00000000c1400000 Y/135   Relocatable
 Small   0x00000000c1400000 0x00000000c15fffa8 0x00000000c1600000 Y/135   Relocatable
 Small   0x00000000c1600000 0x00000000c1800000 0x00000000c1800000 Y/135   Relocatable
 Small   0x00000000c1a00000 0x00000000c1c00000 0x00000000c1c00000 Y/135   Relocatable
 Small   0x00000000c1c00000 0x00000000c1e00000 0x00000000c1e00000 Y/135   Relocatable
 Small   0x00000000c2000000 0x00000000c2200000 0x00000000c2200000 Y/135   Relocatable
 Small   0x00000000c2200000 0x00000000c2400000 0x00000000c2400000 Y/135   Relocatable
 Small   0x00000000c2600000 0x00000000c2800000 0x00000000c2800000 O/12    Relocatable
 Small   0x00000000c2a00000 0x00000000c2bffff0 0x00000000c2c00000 O/9     Relocatable
 Small   0x00000000c2c00000 0x00000000c2dfffc8 0x00000000c2e00000 O/10    Relocatable
 Small   0x00000000c2e00000 0x00000000c3000000 0x00000000c3000000 Y/135   Relocatable
 Small   0x00000000c3000000 0x00000000c3200000 0x00000000c3200000 Y/135   Relocatable
 Small   0x00000000c3200000 0x00000000c3400000 0x00000000c3400000 Y/135   Relocatable
 Small   0x00000000c3400000 0x00000000c3600000 0x00000000c3600000 Y/135   Relocatable
 Small   0x00000000c3600000 0x00000000c3800000 0x00000000c3800000 Y/135   Relocatable
 Small   0x00000000c4000000 0x00000000c4200000 0x00000000c4200000 Y/135   Relocatable
 Small   0x00000000c4600000 0x00000000c47fffe8 0x00000000c4800000 O/9     Relocatable
 Small   0x00000000c4800000 0x00000000c4a00000 0x00000000c4a00000 Y/135   Relocatable
 Small   0x00000000c4a00000 0x00000000c4c00000 0x00000000c4c00000 Y/135   Relocatable
 Small   0x00000000c4c00000 0x00000000c4e00000 0x00000000c4e00000 Y/135   Relocatable
 Small   0x00000000c4e00000 0x00000000c5000000 0x00000000c5000000 Y/135   Relocatable
 Small   0x00000000c5000000 0x00000000c5200000 0x00000000c5200000 Y/135   Relocatable
 Small   0x00000000c5200000 0x00000000c5400000 0x00000000c5400000 Y/135   Relocatable
 Small   0x00000000c5400000 0x00000000c5600000 0x00000000c5600000 Y/135   Relocatable
 Small   0x00000000c5600000 0x00000000c57fffb8 0x00000000c5800000 O/11    Relocatable
 Small   0x00000000c5800000 0x00000000c5a00000 0x00000000c5a00000 Y/136   Allocating 
 Small   0x00000000c5a00000 0x00000000c5c00000 0x00000000c5c00000 Y/135   Relocatable
 Small   0x00000000c5c00000 0x00000000c5e00000 0x00000000c5e00000 Y/135   Relocatable
 Small   0x00000000c5e00000 0x00000000c6000000 0x00000000c6000000 Y/135   Relocatable
 Small   0x00000000c6200000 0x00000000c6400000 0x00000000c6400000 Y/135   Relocatable
 Small   0x00000000c6400000 0x00000000c6600000 0x00000000c6600000 Y/135   Relocatable
 Small   0x00000000c6600000 0x00000000c6800000 0x00000000c6800000 Y/135   Relocatable
 Small   0x00000000c6800000 0x00000000c6a00000 0x00000000c6a00000 Y/135   Relocatable
 Small   0x00000000c6a00000 0x00000000c6c00000 0x00000000c6c00000 Y/135   Relocatable
 Small   0x00000000c6c00000 0x00000000c6e00000 0x00000000c6e00000 Y/135   Relocatable
 Small   0x00000000c6e00000 0x00000000c7000000 0x00000000c7000000 Y/135   Relocatable
 Small   0x00000000c7600000 0x00000000c7800000 0x00000000c7800000 Y/136   Allocating 
 Small   0x00000000c7800000 0x00000000c7a00000 0x00000000c7a00000 Y/135   Relocatable
 Small   0x00000000c7a00000 0x00000000c7c00000 0x00000000c7c00000 Y/135   Relocatable
 Small   0x00000000c7e00000 0x00000000c8000000 0x00000000c8000000 Y/135   Relocatable
 Small   0x00000000c8000000 0x00000000c81fff30 0x00000000c8200000 O/10    Relocatable
 Small   0x00000000c8200000 0x00000000c8400000 0x00000000c8400000 Y/135   Relocatable
 Small   0x00000000c8400000 0x00000000c8600000 0x00000000c8600000 Y/135   Relocatable
 Small   0x00000000c8600000 0x00000000c87fffb8 0x00000000c8800000 O/11    Relocatable
 Small   0x00000000c8800000 0x00000000c8a00000 0x00000000c8a00000 Y/135   Relocatable
 Small   0x00000000c8a00000 0x00000000c8c00000 0x00000000c8c00000 Y/135   Relocatable
 Small   0x00000000c8c00000 0x00000000c8c03500 0x00000000c8e00000 O/14    Allocating 
 Small   0x00000000c9000000 0x00000000c9200000 0x00000000c9200000 Y/135   Relocatable
 Small   0x00000000c9200000 0x00000000c9400000 0x00000000c9400000 Y/135   Relocatable
 Small   0x00000000c9400000 0x00000000c9600000 0x00000000c9600000 Y/135   Relocatable
 Small   0x00000000c9600000 0x00000000c97fffd8 0x00000000c9800000 O/13    Relocatable
 Small   0x00000000c9a00000 0x00000000c9c00000 0x00000000c9c00000 Y/135   Relocatable
 Small   0x00000000c9c00000 0x00000000c9e00000 0x00000000c9e00000 Y/135   Relocatable
 Small   0x00000000ca000000 0x00000000ca200000 0x00000000ca200000 Y/135   Relocatable
 Small   0x00000000ca200000 0x00000000ca400000 0x00000000ca400000 Y/136   Allocating 
 Small   0x00000000ca400000 0x00000000ca5fff48 0x00000000ca600000 O/9     Relocatable
 Small   0x00000000ca600000 0x00000000ca800000 0x00000000ca800000 Y/135   Relocatable
 Small   0x00000000cac00000 0x00000000cae00000 0x00000000cae00000 Y/135   Relocatable
 Small   0x00000000cae00000 0x00000000cb000000 0x00000000cb000000 O/10    Relocatable
 Small   0x00000000cb400000 0x00000000cb600000 0x00000000cb600000 Y/135   Relocatable
 Small   0x00000000cb600000 0x00000000cb800000 0x00000000cb800000 Y/135   Relocatable
 Small   0x00000000cb800000 0x00000000cb800438 0x00000000cba00000 Y/135   Relocatable
 Small   0x00000000cba00000 0x00000000cbc00000 0x00000000cbc00000 Y/135   Relocatable
 Small   0x00000000cbc00000 0x00000000cbe00000 0x00000000cbe00000 Y/135   Relocatable
 Small   0x00000000cbe00000 0x00000000cc000000 0x00000000cc000000 Y/135   Relocatable
 Small   0x00000000cc200000 0x00000000cc400000 0x00000000cc400000 Y/135   Relocatable
 Small   0x00000000cc600000 0x00000000cc800000 0x00000000cc800000 Y/136   Allocating 
 Small   0x00000000cc800000 0x00000000cca00000 0x00000000cca00000 Y/135   Relocatable
 Small   0x00000000cca00000 0x00000000ccc00000 0x00000000ccc00000 Y/135   Relocatable
 Small   0x00000000ccc00000 0x00000000ccdffff8 0x00000000cce00000 O/10    Relocatable
 Small   0x00000000cce00000 0x00000000ccffff60 0x00000000cd000000 O/14    Allocating 
 Small   0x00000000cd000000 0x00000000cd1fff18 0x00000000cd200000 O/9     Relocatable
 Small   0x00000000cd200000 0x00000000cd400000 0x00000000cd400000 Y/135   Relocatable
 Small   0x00000000cd600000 0x00000000cd800000 0x00000000cd800000 Y/135   Relocatable
 Small   0x00000000cd800000 0x00000000cd9ffff0 0x00000000cda00000 O/10    Relocatable
 Small   0x00000000cda00000 0x00000000cdc00000 0x00000000cdc00000 Y/135   Relocatable
 Small   0x00000000cdc00000 0x00000000cde00000 0x00000000cde00000 Y/135   Relocatable
 Small   0x00000000cde00000 0x00000000ce000000 0x00000000ce000000 Y/135   Relocatable
 Small   0x00000000ce000000 0x00000000ce200000 0x00000000ce200000 Y/135   Relocatable
 Small   0x00000000ce200000 0x00000000ce400000 0x00000000ce400000 Y/135   Relocatable
 Small   0x00000000ce600000 0x00000000ce7fff80 0x00000000ce800000 O/12    Relocatable
 Small   0x00000000ce800000 0x00000000ce9ffff8 0x00000000cea00000 O/10    Relocatable
 Small   0x00000000cee00000 0x00000000cefffff0 0x00000000cf000000 O/10    Relocatable
 Small   0x00000000cf000000 0x00000000cf200000 0x00000000cf200000 Y/135   Relocatable
 Small   0x00000000cf600000 0x00000000cf7ffff8 0x00000000cf800000 O/9     Relocatable
 Small   0x00000000cfc00000 0x00000000cfe00000 0x00000000cfe00000 Y/136   Allocating 
 Small   0x00000000cfe00000 0x00000000d0000000 0x00000000d0000000 Y/135   Relocatable
 Small   0x00000000d0000000 0x00000000d0200000 0x00000000d0200000 Y/135   Relocatable
 Small   0x00000000d0200000 0x00000000d0400000 0x00000000d0400000 Y/135   Relocatable
 Small   0x00000000d0400000 0x00000000d05fc120 0x00000000d0600000 O/9     Relocatable
 Small   0x00000000d0600000 0x00000000d0800000 0x00000000d0800000 O/10    Relocatable
 Small   0x00000000d0800000 0x00000000d0a00000 0x00000000d0a00000 Y/135   Relocatable
 Small   0x00000000d0a00000 0x00000000d0c00000 0x00000000d0c00000 Y/135   Relocatable
 Small   0x00000000d0e00000 0x00000000d0f40000 0x00000000d1000000 Y/135   Relocatable
 Small   0x00000000d1200000 0x00000000d1400000 0x00000000d1400000 O/9     Relocatable
 Small   0x00000000d1600000 0x00000000d1800000 0x00000000d1800000 Y/136   Allocating 
 Small   0x00000000d1800000 0x00000000d1a00000 0x00000000d1a00000 Y/136   Allocating 
 Small   0x00000000d1a00000 0x00000000d1c00000 0x00000000d1c00000 Y/135   Relocatable
 Small   0x00000000d1c00000 0x00000000d1dfffe8 0x00000000d1e00000 O/9     Relocatable
 Small   0x00000000d1e00000 0x00000000d1ffffe8 0x00000000d2000000 O/9     Relocatable
 Small   0x00000000d2000000 0x00000000d2200000 0x00000000d2200000 Y/135   Relocatable
 Small   0x00000000d2200000 0x00000000d2400000 0x00000000d2400000 Y/135   Relocatable
 Small   0x00000000d2400000 0x00000000d2600000 0x00000000d2600000 Y/135   Relocatable
 Small   0x00000000d2600000 0x00000000d2800000 0x00000000d2800000 Y/135   Relocatable
 Small   0x00000000d2a00000 0x00000000d2c00000 0x00000000d2c00000 Y/136   Allocating 
 Small   0x00000000d2c00000 0x00000000d2e00000 0x00000000d2e00000 Y/135   Relocatable
 Small   0x00000000d2e00000 0x00000000d3000000 0x00000000d3000000 Y/135   Relocatable
 Small   0x00000000d3000000 0x00000000d3200000 0x00000000d3200000 Y/135   Relocatable
 Small   0x00000000d3200000 0x00000000d33fffe0 0x00000000d3400000 O/10    Relocatable
 Small   0x00000000d3400000 0x00000000d3600000 0x00000000d3600000 Y/135   Relocatable
 Small   0x00000000d3a00000 0x00000000d3c00000 0x00000000d3c00000 Y/135   Relocatable
 Small   0x00000000d3c00000 0x00000000d3e00000 0x00000000d3e00000 Y/136   Allocating 
 Small   0x00000000d4000000 0x00000000d4200000 0x00000000d4200000 Y/135   Relocatable
 Small   0x00000000d4600000 0x00000000d4800000 0x00000000d4800000 Y/135   Relocatable
 Small   0x00000000d4800000 0x00000000d49fd340 0x00000000d4a00000 O/14    Allocating 
 Small   0x00000000d4c00000 0x00000000d4e00000 0x00000000d4e00000 Y/135   Relocatable
 Small   0x00000000d4e00000 0x00000000d4ffffc8 0x00000000d5000000 O/9     Relocatable
 Small   0x00000000d5000000 0x00000000d5200000 0x00000000d5200000 Y/135   Relocatable
 Small   0x00000000d5200000 0x00000000d5400000 0x00000000d5400000 Y/135   Relocatable
 Small   0x00000000d5400000 0x00000000d5600000 0x00000000d5600000 Y/135   Relocatable
 Small   0x00000000d5600000 0x00000000d5800000 0x00000000d5800000 Y/135   Relocatable
 Small   0x00000000d5800000 0x00000000d5a00000 0x00000000d5a00000 Y/135   Relocatable
 Small   0x00000000d5a00000 0x00000000d5c00000 0x00000000d5c00000 Y/135   Relocatable
 Small   0x00000000d5e00000 0x00000000d6000000 0x00000000d6000000 O/6     Relocatable
 Small   0x00000000d6000000 0x00000000d61fe080 0x00000000d6200000 Y/135   Relocatable
 Small   0x00000000d6600000 0x00000000d6800000 0x00000000d6800000 Y/135   Relocatable
 Small   0x00000000d6800000 0x00000000d6a00000 0x00000000d6a00000 Y/135   Relocatable
 Small   0x00000000d6a00000 0x00000000d6c00000 0x00000000d6c00000 Y/135   Relocatable
 Small   0x00000000d7400000 0x00000000d7600000 0x00000000d7600000 Y/135   Relocatable
 Small   0x00000000d7600000 0x00000000d7800000 0x00000000d7800000 Y/135   Relocatable
 Small   0x00000000d7a00000 0x00000000d7c00000 0x00000000d7c00000 Y/136   Allocating 
 Small   0x00000000d7c00000 0x00000000d7e00000 0x00000000d7e00000 Y/136   Allocating 
 Small   0x00000000d7e00000 0x00000000d8000000 0x00000000d8000000 Y/135   Relocatable
 Small   0x00000000d8000000 0x00000000d8200000 0x00000000d8200000 Y/135   Relocatable
 Small   0x00000000d8400000 0x00000000d8600000 0x00000000d8600000 Y/135   Relocatable
 Small   0x00000000d8600000 0x00000000d8800000 0x00000000d8800000 Y/135   Relocatable
 Small   0x00000000d8800000 0x00000000d8a00000 0x00000000d8a00000 Y/135   Relocatable
 Small   0x00000000d8a00000 0x00000000d8c00000 0x00000000d8c00000 Y/135   Relocatable
 Small   0x00000000d8c00000 0x00000000d8dfffd8 0x00000000d8e00000 O/9     Relocatable
 Small   0x00000000d9000000 0x00000000d91ffff8 0x00000000d9200000 O/13    Relocatable
 Small   0x00000000d9400000 0x00000000d9600000 0x00000000d9600000 Y/135   Relocatable
 Small   0x00000000d9600000 0x00000000d9800000 0x00000000d9800000 Y/135   Relocatable
 Small   0x00000000d9800000 0x00000000d99fffd8 0x00000000d9a00000 O/10    Relocatable
 Small   0x00000000d9c00000 0x00000000d9e00000 0x00000000d9e00000 Y/135   Relocatable
 Small   0x00000000d9e00000 0x00000000d9ffff68 0x00000000da000000 O/9     Relocatable
 Small   0x00000000da000000 0x00000000da200000 0x00000000da200000 Y/135   Relocatable
 Small   0x00000000da200000 0x00000000da400000 0x00000000da400000 Y/135   Relocatable
 Small   0x00000000da400000 0x00000000da600000 0x00000000da600000 Y/135   Relocatable
 Small   0x00000000da600000 0x00000000da800000 0x00000000da800000 Y/135   Relocatable
 Small   0x00000000da800000 0x00000000daa00000 0x00000000daa00000 Y/135   Relocatable
 Small   0x00000000dac00000 0x00000000dae00000 0x00000000dae00000 Y/136   Allocating 
 Small   0x00000000dae00000 0x00000000db000000 0x00000000db000000 Y/135   Relocatable
 Small   0x00000000db000000 0x00000000db1ffff8 0x00000000db200000 O/10    Relocatable
 Small   0x00000000db200000 0x00000000db400000 0x00000000db400000 Y/135   Relocatable
 Small   0x00000000db400000 0x00000000db600000 0x00000000db600000 Y/135   Relocatable
 Small   0x00000000dc400000 0x00000000dc600000 0x00000000dc600000 Y/136   Allocating 
 Small   0x00000000dc600000 0x00000000dc800000 0x00000000dc800000 Y/135   Relocatable
 Small   0x00000000dc800000 0x00000000dca00000 0x00000000dca00000 Y/135   Relocatable
 Small   0x00000000dd000000 0x00000000dd1ffff8 0x00000000dd200000 O/10    Relocatable
 Small   0x00000000dd200000 0x00000000dd400000 0x00000000dd400000 Y/136   Allocating 
 Small   0x00000000dd400000 0x00000000dd5ffff0 0x00000000dd600000 O/12    Relocatable
 Small   0x00000000dd600000 0x00000000dd800000 0x00000000dd800000 Y/135   Relocatable
 Small   0x00000000dda00000 0x00000000ddc00000 0x00000000ddc00000 Y/135   Relocatable
 Small   0x00000000de200000 0x00000000de3fff80 0x00000000de400000 O/13    Relocatable
 Small   0x00000000de400000 0x00000000de600000 0x00000000de600000 Y/135   Relocatable
 Small   0x00000000dec00000 0x00000000dee00000 0x00000000dee00000 Y/135   Relocatable
 Small   0x00000000dee00000 0x00000000defffff0 0x00000000df000000 O/10    Relocatable
 Small   0x00000000df000000 0x00000000df200000 0x00000000df200000 Y/135   Relocatable
 Small   0x00000000df200000 0x00000000df400000 0x00000000df400000 Y/135   Relocatable
 Small   0x00000000df400000 0x00000000df600000 0x00000000df600000 Y/135   Relocatable
 Small   0x00000000df600000 0x00000000df7ffa10 0x00000000df800000 O/14    Allocating 
 Small   0x00000000df800000 0x00000000dfa00000 0x00000000dfa00000 Y/135   Relocatable
 Small   0x00000000dfa00000 0x00000000dfc00000 0x00000000dfc00000 Y/135   Relocatable
 Small   0x00000000e0000000 0x00000000e01ffff8 0x00000000e0200000 O/9     Relocatable
 Small   0x00000000e0200000 0x00000000e0400000 0x00000000e0400000 Y/135   Relocatable
 Small   0x00000000e0600000 0x00000000e0800000 0x00000000e0800000 Y/135   Relocatable
 Small   0x00000000e0800000 0x00000000e0a00000 0x00000000e0a00000 Y/135   Relocatable
 Small   0x00000000e0a00000 0x00000000e0c00000 0x00000000e0c00000 O/9     Relocatable
 Small   0x00000000e0c00000 0x00000000e0dfee30 0x00000000e0e00000 O/12    Relocatable
 Small   0x00000000e0e00000 0x00000000e0fffff8 0x00000000e1000000 O/13    Relocatable
 Small   0x00000000e1000000 0x00000000e1200000 0x00000000e1200000 Y/135   Relocatable
 Small   0x00000000e1400000 0x00000000e1600000 0x00000000e1600000 Y/136   Allocating 
 Small   0x00000000e1600000 0x00000000e17fffd0 0x00000000e1800000 O/9     Relocatable
 Small   0x00000000e1800000 0x00000000e1a00000 0x00000000e1a00000 Y/135   Relocatable
 Small   0x00000000e1a00000 0x00000000e1c00000 0x00000000e1c00000 Y/135   Relocatable
 Small   0x00000000e1c00000 0x00000000e1dfffe0 0x00000000e1e00000 O/9     Relocatable
 Small   0x00000000e1e00000 0x00000000e2000000 0x00000000e2000000 Y/135   Relocatable
 Small   0x00000000e2000000 0x00000000e21fff60 0x00000000e2200000 O/9     Relocatable
 Small   0x00000000e2800000 0x00000000e2a00000 0x00000000e2a00000 Y/135   Relocatable
 Small   0x00000000e2a00000 0x00000000e2bfffb8 0x00000000e2c00000 O/9     Relocatable
 Small   0x00000000e2e00000 0x00000000e2fffb08 0x00000000e3000000 O/13    Relocatable
 Small   0x00000000e3000000 0x00000000e3200000 0x00000000e3200000 Y/135   Relocatable
 Small   0x00000000e3600000 0x00000000e3800000 0x00000000e3800000 Y/135   Relocatable
 Small   0x00000000e3800000 0x00000000e3a00000 0x00000000e3a00000 Y/135   Relocatable
 Small   0x00000000e3a00000 0x00000000e3c00000 0x00000000e3c00000 Y/135   Relocatable
 Small   0x00000000e3c00000 0x00000000e3e00000 0x00000000e3e00000 Y/136   Allocating 
 Small   0x00000000e4000000 0x00000000e4200000 0x00000000e4200000 Y/135   Relocatable
 Small   0x00000000e4200000 0x00000000e4400000 0x00000000e4400000 Y/136   Allocating 
 Small   0x00000000e4400000 0x00000000e4600000 0x00000000e4600000 Y/135   Relocatable
 Small   0x00000000e4600000 0x00000000e4800000 0x00000000e4800000 Y/135   Relocatable
 Small   0x00000000e4800000 0x00000000e4a00000 0x00000000e4a00000 Y/135   Relocatable
 Small   0x00000000e4a00000 0x00000000e4bc0000 0x00000000e4c00000 Y/135   Relocatable
 Small   0x00000000e4c00000 0x00000000e4e00000 0x00000000e4e00000 Y/135   Relocatable
 Small   0x00000000e4e00000 0x00000000e5000000 0x00000000e5000000 Y/135   Relocatable
 Small   0x00000000e5200000 0x00000000e5400000 0x00000000e5400000 Y/135   Relocatable
 Small   0x00000000e5800000 0x00000000e5a00000 0x00000000e5a00000 Y/135   Relocatable
 Small   0x00000000e5a00000 0x00000000e5c00000 0x00000000e5c00000 Y/135   Relocatable
 Small   0x00000000e6000000 0x00000000e6200000 0x00000000e6200000 Y/135   Relocatable
 Small   0x00000000e6200000 0x00000000e6400000 0x00000000e6400000 Y/135   Relocatable
 Small   0x00000000e6600000 0x00000000e67ffff0 0x00000000e6800000 O/9     Relocatable
 Small   0x00000000e6800000 0x00000000e69ffff8 0x00000000e6a00000 O/9     Relocatable
 Small   0x00000000e6c00000 0x00000000e6e00000 0x00000000e6e00000 Y/135   Relocatable
 Small   0x00000000e7200000 0x00000000e7400000 0x00000000e7400000 Y/135   Relocatable
 Small   0x00000000e7600000 0x00000000e77ff5c8 0x00000000e7800000 O/9     Relocatable
 Small   0x00000000e7800000 0x00000000e79ffcd8 0x00000000e7a00000 O/10    Relocatable
 Small   0x00000000e7a00000 0x00000000e7c00000 0x00000000e7c00000 Y/135   Relocatable
 Small   0x00000000e7e00000 0x00000000e8000000 0x00000000e8000000 Y/135   Relocatable
 Small   0x00000000e8400000 0x00000000e8600000 0x00000000e8600000 Y/135   Relocatable
 Small   0x00000000e8a00000 0x00000000e8c00000 0x00000000e8c00000 Y/135   Relocatable
 Small   0x00000000e8c00000 0x00000000e8e00000 0x00000000e8e00000 Y/135   Relocatable
 Small   0x00000000e8e00000 0x00000000e9000000 0x00000000e9000000 Y/135   Relocatable
 Small   0x00000000e9000000 0x00000000e91fffe0 0x00000000e9200000 O/10    Relocatable
 Small   0x00000000e9200000 0x00000000e93fff28 0x00000000e9400000 O/12    Relocatable
 Small   0x00000000e9a00000 0x00000000e9c00000 0x00000000e9c00000 Y/135   Relocatable
 Small   0x00000000e9c00000 0x00000000e9dffe80 0x00000000e9e00000 O/9     Relocatable
 Small   0x00000000ea000000 0x00000000ea200000 0x00000000ea200000 Y/135   Relocatable
 Small   0x00000000ea800000 0x00000000ea9ffff0 0x00000000eaa00000 O/10    Relocatable
 Small   0x00000000eac00000 0x00000000eadfffd8 0x00000000eae00000 O/10    Relocatable
 Small   0x00000000eae00000 0x00000000eb000000 0x00000000eb000000 Y/135   Relocatable
 Small   0x00000000eb000000 0x00000000eb200000 0x00000000eb200000 Y/135   Relocatable
 Small   0x00000000eb200000 0x00000000eb400000 0x00000000eb400000 Y/135   Relocatable
 Small   0x00000000eb400000 0x00000000eb600000 0x00000000eb600000 Y/135   Relocatable
 Small   0x00000000eb600000 0x00000000eb800000 0x00000000eb800000 Y/135   Relocatable
 Small   0x00000000eb800000 0x00000000eba00000 0x00000000eba00000 Y/135   Relocatable
 Small   0x00000000ebc00000 0x00000000ebe00000 0x00000000ebe00000 Y/135   Relocatable
 Small   0x00000000ebe00000 0x00000000ebfffff0 0x00000000ec000000 O/10    Relocatable
 Small   0x00000000ec000000 0x00000000ec1fffd8 0x00000000ec200000 O/14    Allocating 
 Small   0x00000000ec200000 0x00000000ec400000 0x00000000ec400000 Y/135   Relocatable
 Small   0x00000000ec400000 0x00000000ec600000 0x00000000ec600000 Y/136   Allocating 
 Small   0x00000000eca00000 0x00000000ecc00000 0x00000000ecc00000 Y/135   Relocatable
 Small   0x00000000ecc00000 0x00000000ece00000 0x00000000ece00000 Y/135   Relocatable
 Small   0x00000000ece00000 0x00000000ed000000 0x00000000ed000000 Y/135   Relocatable
 Small   0x00000000ed000000 0x00000000ed200000 0x00000000ed200000 Y/135   Relocatable
 Small   0x00000000ed400000 0x00000000ed600000 0x00000000ed600000 Y/135   Relocatable
 Small   0x00000000ed600000 0x00000000ed800000 0x00000000ed800000 Y/135   Relocatable
 Small   0x00000000eda00000 0x00000000edc00000 0x00000000edc00000 O/11    Relocatable
 Small   0x00000000edc00000 0x00000000edc00048 0x00000000ede00000 Y/135   Relocatable
 Small   0x00000000ee200000 0x00000000ee400000 0x00000000ee400000 Y/135   Relocatable
 Small   0x00000000ee400000 0x00000000ee600000 0x00000000ee600000 Y/135   Relocatable
 Small   0x00000000ee600000 0x00000000ee800000 0x00000000ee800000 Y/135   Relocatable
 Small   0x00000000eec00000 0x00000000eee00000 0x00000000eee00000 Y/135   Relocatable
 Small   0x00000000eee00000 0x00000000ef000000 0x00000000ef000000 Y/135   Relocatable
 Small   0x00000000ef000000 0x00000000ef200000 0x00000000ef200000 Y/135   Relocatable
 Small   0x00000000ef200000 0x00000000ef400000 0x00000000ef400000 Y/135   Relocatable
 Small   0x00000000ef400000 0x00000000ef600000 0x00000000ef600000 Y/135   Relocatable
 Small   0x00000000ef600000 0x00000000ef7fffb0 0x00000000ef800000 O/9     Relocatable
 Small   0x00000000ef800000 0x00000000ef9fffb0 0x00000000efa00000 O/13    Relocatable
 Small   0x00000000efa00000 0x00000000efbff9a8 0x00000000efc00000 O/14    Allocating 
 Small   0x00000000efc00000 0x00000000efe00000 0x00000000efe00000 Y/135   Relocatable
 Small   0x00000000f0000000 0x00000000f01ffff8 0x00000000f0200000 Y/135   Relocatable
 Small   0x00000000f0200000 0x00000000f0400000 0x00000000f0400000 Y/135   Relocatable
 Small   0x00000000f0400000 0x00000000f0600000 0x00000000f0600000 Y/135   Relocatable
 Small   0x00000000f0600000 0x00000000f0800000 0x00000000f0800000 Y/136   Allocating 
 Small   0x00000000f0800000 0x00000000f0a00000 0x00000000f0a00000 Y/136   Allocating 
 Small   0x00000000f0a00000 0x00000000f0c00000 0x00000000f0c00000 Y/135   Relocatable
 Small   0x00000000f0c00000 0x00000000f0e00000 0x00000000f0e00000 O/9     Relocatable
 Small   0x00000000f0e00000 0x00000000f0ffffe8 0x00000000f1000000 O/9     Relocatable
 Small   0x00000000f1000000 0x00000000f1200000 0x00000000f1200000 Y/135   Relocatable
 Small   0x00000000f1200000 0x00000000f13ffff0 0x00000000f1400000 O/9     Relocatable
 Small   0x00000000f1600000 0x00000000f1800000 0x00000000f1800000 Y/136   Allocating 
 Small   0x00000000f1800000 0x00000000f1a00000 0x00000000f1a00000 Y/135   Relocatable
 Small   0x00000000f1c00000 0x00000000f1e00000 0x00000000f1e00000 Y/135   Relocatable
 Small   0x00000000f1e00000 0x00000000f1fffff0 0x00000000f2000000 O/9     Relocatable
 Small   0x00000000f2000000 0x00000000f2200000 0x00000000f2200000 Y/135   Relocatable
 Small   0x00000000f2200000 0x00000000f2400000 0x00000000f2400000 Y/136   Allocating 
 Small   0x00000000f2400000 0x00000000f2600000 0x00000000f2600000 Y/135   Relocatable
 Small   0x00000000f2a00000 0x00000000f2bfffd0 0x00000000f2c00000 Y/135   Relocatable
 Small   0x00000000f2c00000 0x00000000f2e00000 0x00000000f2e00000 Y/135   Relocatable
 Small   0x00000000f3000000 0x00000000f3200000 0x00000000f3200000 Y/135   Relocatable
 Small   0x00000000f3400000 0x00000000f34ddaa0 0x00000000f3600000 Y/135   Relocatable
 Small   0x00000000f3600000 0x00000000f37fffe8 0x00000000f3800000 O/9     Relocatable
 Small   0x00000000f3800000 0x00000000f39fffd8 0x00000000f3a00000 O/12    Relocatable
 Small   0x00000000f3c00000 0x00000000f3e00000 0x00000000f3e00000 Y/135   Relocatable
 Small   0x00000000f3e00000 0x00000000f4000000 0x00000000f4000000 Y/135   Relocatable
 Small   0x00000000f4000000 0x00000000f4200000 0x00000000f4200000 Y/135   Relocatable
 Small   0x00000000f4200000 0x00000000f4400000 0x00000000f4400000 Y/135   Relocatable
 Small   0x00000000f4400000 0x00000000f4600000 0x00000000f4600000 Y/135   Relocatable
 Small   0x00000000f4600000 0x00000000f4800000 0x00000000f4800000 Y/135   Relocatable
 Small   0x00000000f4a00000 0x00000000f4c00000 0x00000000f4c00000 Y/135   Relocatable
 Small   0x00000000f4c00000 0x00000000f4dffff0 0x00000000f4e00000 O/10    Relocatable
 Small   0x00000000f4e00000 0x00000000f5000000 0x00000000f5000000 Y/135   Relocatable
 Small   0x00000000f5000000 0x00000000f5200000 0x00000000f5200000 Y/135   Relocatable
 Small   0x00000000f5200000 0x00000000f5400000 0x00000000f5400000 Y/136   Allocating 
 Small   0x00000000f5400000 0x00000000f55fb828 0x00000000f5600000 O/9     Relocatable
 Small   0x00000000f5600000 0x00000000f5800000 0x00000000f5800000 Y/135   Relocatable
 Small   0x00000000f5800000 0x00000000f5a00000 0x00000000f5a00000 Y/135   Relocatable
 Small   0x00000000f5a00000 0x00000000f5c00000 0x00000000f5c00000 Y/135   Relocatable
 Small   0x00000000f5e00000 0x00000000f5ffffd8 0x00000000f6000000 Y/135   Relocatable
 Small   0x00000000f6400000 0x00000000f6600000 0x00000000f6600000 Y/135   Relocatable
 Small   0x00000000f6600000 0x00000000f6800000 0x00000000f6800000 Y/135   Relocatable
 Small   0x00000000f6a00000 0x00000000f6c00000 0x00000000f6c00000 Y/135   Relocatable
 Small   0x00000000f6c00000 0x00000000f6e00000 0x00000000f6e00000 Y/135   Relocatable
 Small   0x00000000f6e00000 0x00000000f6fffff0 0x00000000f7000000 O/13    Relocatable
 Small   0x00000000f7200000 0x00000000f7400000 0x00000000f7400000 Y/135   Relocatable
 Small   0x00000000f7400000 0x00000000f7600000 0x00000000f7600000 Y/135   Relocatable
 Small   0x00000000f7600000 0x00000000f7800000 0x00000000f7800000 Y/135   Relocatable
 Small   0x00000000f7800000 0x00000000f79fdf00 0x00000000f7a00000 Y/135   Relocatable
 Small   0x00000000f7c00000 0x00000000f7e00000 0x00000000f7e00000 Y/135   Relocatable
 Small   0x00000000f7e00000 0x00000000f8000000 0x00000000f8000000 Y/135   Relocatable
 Small   0x00000000f8000000 0x00000000f8200000 0x00000000f8200000 Y/135   Relocatable
 Small   0x00000000f8200000 0x00000000f83fffe8 0x00000000f8400000 O/10    Relocatable
 Small   0x00000000f8400000 0x00000000f8600000 0x00000000f8600000 Y/136   Allocating 
 Small   0x00000000f8a00000 0x00000000f8c00000 0x00000000f8c00000 Y/135   Relocatable
 Small   0x00000000f8e00000 0x00000000f9000000 0x00000000f9000000 Y/135   Relocatable
 Small   0x00000000f9200000 0x00000000f9400000 0x00000000f9400000 Y/135   Relocatable
 Small   0x00000000f9400000 0x00000000f9600000 0x00000000f9600000 Y/135   Relocatable
 Small   0x00000000f9600000 0x00000000f9800000 0x00000000f9800000 Y/135   Relocatable
 Small   0x00000000f9800000 0x00000000f9a00000 0x00000000f9a00000 O/10    Relocatable
 Small   0x00000000fa200000 0x00000000fa400000 0x00000000fa400000 Y/136   Allocating 
 Small   0x00000000fa400000 0x00000000fa600000 0x00000000fa600000 Y/135   Relocatable
 Small   0x00000000fa800000 0x00000000faa00000 0x00000000faa00000 Y/135   Relocatable
 Small   0x00000000faa00000 0x00000000fac00000 0x00000000fac00000 Y/135   Relocatable
 Small   0x00000000fae00000 0x00000000fb000000 0x00000000fb000000 Y/135   Relocatable
 Small   0x00000000fb000000 0x00000000fb1ffff0 0x00000000fb200000 O/10    Relocatable
 Small   0x00000000fb200000 0x00000000fb400000 0x00000000fb400000 Y/135   Relocatable
 Small   0x00000000fb800000 0x00000000fba00000 0x00000000fba00000 Y/135   Relocatable
 Small   0x00000000fba00000 0x00000000fbc00000 0x00000000fbc00000 Y/135   Relocatable
 Small   0x00000000fbc00000 0x00000000fbe00000 0x00000000fbe00000 Y/135   Relocatable
 Small   0x00000000fbe00000 0x00000000fbffffe8 0x00000000fc000000 O/13    Relocatable
 Small   0x00000000fc000000 0x00000000fc200000 0x00000000fc200000 Y/135   Relocatable
 Small   0x00000000fc200000 0x00000000fc400000 0x00000000fc400000 Y/136   Allocating 
 Small   0x00000000fc400000 0x00000000fc600000 0x00000000fc600000 Y/135   Relocatable
 Small   0x00000000fc600000 0x00000000fc800000 0x00000000fc800000 Y/135   Relocatable
 Small   0x00000000fc800000 0x00000000fca00000 0x00000000fca00000 Y/135   Relocatable
 Small   0x00000000fce00000 0x00000000fd000000 0x00000000fd000000 Y/135   Relocatable
 Small   0x00000000fd200000 0x00000000fd400000 0x00000000fd400000 Y/135   Relocatable
 Small   0x00000000fd400000 0x00000000fd600000 0x00000000fd600000 Y/135   Relocatable
 Small   0x00000000fd600000 0x00000000fd7fffa8 0x00000000fd800000 O/10    Relocatable
 Small   0x00000000fd800000 0x00000000fda00000 0x00000000fda00000 Y/135   Relocatable
 Small   0x00000000fda00000 0x00000000fdbfffc0 0x00000000fdc00000 O/12    Relocatable
 Small   0x00000000fdc00000 0x00000000fde00000 0x00000000fde00000 Y/135   Relocatable
 Small   0x00000000fde00000 0x00000000fdffffd0 0x00000000fe000000 O/10    Relocatable
 Small   0x00000000fe000000 0x00000000fe200000 0x00000000fe200000 Y/135   Relocatable
 Small   0x00000000fe800000 0x00000000fea00000 0x00000000fea00000 Y/135   Relocatable
 Small   0x00000000fea00000 0x00000000fec00000 0x00000000fec00000 Y/135   Relocatable
 Small   0x00000000fec00000 0x00000000fee00000 0x00000000fee00000 Y/135   Relocatable
 Small   0x00000000fee00000 0x00000000ff000000 0x00000000ff000000 Y/135   Relocatable
 Small   0x00000000ff000000 0x00000000ff1ffff8 0x00000000ff200000 O/13    Relocatable
 Small   0x00000000ff200000 0x00000000ff400000 0x00000000ff400000 Y/135   Relocatable
 Small   0x00000000ff400000 0x00000000ff600000 0x00000000ff600000 Y/135   Relocatable
 Small   0x00000000ff600000 0x00000000ff800000 0x00000000ff800000 Y/135   Relocatable
 Small   0x00000000ff800000 0x00000000ffa00000 0x00000000ffa00000 Y/135   Relocatable
 Small   0x00000000ffa00000 0x00000000ffc00000 0x00000000ffc00000 Y/135   Relocatable
 Small   0x00000000ffc00000 0x00000000ffe00000 0x00000000ffe00000 Y/135   Relocatable
 Small   0x00000000ffe00000 0x0000000100000000 0x0000000100000000 Y/135   Relocatable
 Small   0x0000000100000000 0x00000001001fffe8 0x0000000100200000 O/10    Relocatable
 Small   0x0000000100200000 0x0000000100400000 0x0000000100400000 Y/135   Relocatable
 Small   0x0000000100400000 0x0000000100600000 0x0000000100600000 Y/135   Relocatable
 Small   0x0000000100e00000 0x0000000101000000 0x0000000101000000 Y/135   Relocatable
 Small   0x0000000101200000 0x00000001013ffef8 0x0000000101400000 O/12    Relocatable
 Small   0x0000000101400000 0x0000000101600000 0x0000000101600000 Y/135   Relocatable
 Small   0x0000000101600000 0x0000000101800000 0x0000000101800000 Y/135   Relocatable
 Small   0x0000000101800000 0x0000000101a00000 0x0000000101a00000 Y/135   Relocatable
 Small   0x0000000101c00000 0x0000000101dfffc0 0x0000000101e00000 O/9     Relocatable
 Small   0x0000000101e00000 0x0000000102000000 0x0000000102000000 Y/135   Relocatable
 Small   0x0000000102400000 0x0000000102600000 0x0000000102600000 Y/135   Relocatable
 Small   0x0000000102800000 0x0000000102a00000 0x0000000102a00000 Y/135   Relocatable
 Small   0x0000000102a00000 0x0000000102c00000 0x0000000102c00000 Y/135   Relocatable
 Small   0x0000000102c00000 0x0000000102dffff0 0x0000000102e00000 O/9     Relocatable
 Small   0x0000000102e00000 0x0000000103000000 0x0000000103000000 Y/135   Relocatable
 Small   0x0000000103000000 0x0000000103200000 0x0000000103200000 Y/135   Relocatable
 Small   0x0000000103200000 0x0000000103400000 0x0000000103400000 Y/135   Relocatable
 Small   0x0000000103400000 0x0000000103600000 0x0000000103600000 Y/135   Relocatable
 Small   0x0000000103800000 0x00000001039ffff0 0x0000000103a00000 O/6     Relocatable
 Small   0x0000000103a00000 0x0000000103c00000 0x0000000103c00000 Y/135   Relocatable
 Small   0x0000000103c00000 0x0000000103dfffc8 0x0000000103e00000 O/9     Relocatable
 Small   0x0000000104000000 0x0000000104200000 0x0000000104200000 O/9     Relocatable
 Small   0x0000000104400000 0x0000000104600000 0x0000000104600000 Y/135   Relocatable
 Small   0x0000000104600000 0x00000001047ffff0 0x0000000104800000 Y/135   Relocatable
 Small   0x0000000104800000 0x0000000104a00000 0x0000000104a00000 Y/135   Relocatable
 Small   0x0000000104a00000 0x0000000104c00000 0x0000000104c00000 Y/135   Relocatable
 Small   0x0000000104c00000 0x0000000104e00000 0x0000000104e00000 Y/135   Relocatable
 Small   0x0000000104e00000 0x0000000104fffff0 0x0000000105000000 O/9     Relocatable
 Small   0x0000000105000000 0x0000000105200000 0x0000000105200000 Y/135   Relocatable
 Small   0x0000000105200000 0x0000000105400000 0x0000000105400000 Y/135   Relocatable
 Small   0x0000000105400000 0x00000001055fffe8 0x0000000105600000 O/10    Relocatable
 Small   0x0000000105600000 0x0000000105800000 0x0000000105800000 Y/135   Relocatable
 Small   0x0000000105800000 0x0000000105a00000 0x0000000105a00000 Y/135   Relocatable
 Small   0x0000000105a00000 0x0000000105c00000 0x0000000105c00000 Y/135   Relocatable
 Small   0x0000000106000000 0x0000000106200000 0x0000000106200000 Y/135   Relocatable
 Small   0x0000000106200000 0x0000000106400000 0x0000000106400000 Y/135   Relocatable
 Small   0x0000000106800000 0x00000001069ab0e0 0x0000000106a00000 O/8     Relocatable
 Small   0x0000000106a00000 0x0000000106c00000 0x0000000106c00000 O/10    Relocatable
 Small   0x0000000106c00000 0x0000000106e00000 0x0000000106e00000 Y/135   Relocatable
 Small   0x0000000106e00000 0x0000000106ffffc8 0x0000000107000000 O/9     Relocatable
 Small   0x0000000107200000 0x0000000107400000 0x0000000107400000 Y/136   Allocating 
 Small   0x0000000107400000 0x00000001075ffff0 0x0000000107600000 O/14    Allocating 
 Small   0x0000000107600000 0x0000000107800000 0x0000000107800000 Y/135   Relocatable
 Small   0x0000000107800000 0x0000000107a00000 0x0000000107a00000 Y/135   Relocatable
 Small   0x0000000107a00000 0x0000000107c00000 0x0000000107c00000 Y/135   Relocatable
 Small   0x0000000107c00000 0x0000000107e00000 0x0000000107e00000 Y/135   Relocatable
 Small   0x0000000107e00000 0x0000000108000000 0x0000000108000000 Y/135   Relocatable
 Small   0x0000000108200000 0x0000000108400000 0x0000000108400000 Y/135   Relocatable
 Small   0x0000000108400000 0x0000000108600000 0x0000000108600000 Y/135   Relocatable
 Small   0x0000000108600000 0x00000001087ffff8 0x0000000108800000 O/10    Relocatable
 Small   0x0000000108c00000 0x0000000108e00000 0x0000000108e00000 Y/135   Relocatable
 Small   0x0000000109000000 0x0000000109200000 0x0000000109200000 Y/135   Relocatable
 Small   0x0000000109600000 0x0000000109800000 0x0000000109800000 Y/136   Allocating 
 Small   0x0000000109a00000 0x0000000109bfffe0 0x0000000109c00000 O/9     Relocatable
 Small   0x0000000109c00000 0x0000000109e00000 0x0000000109e00000 Y/135   Relocatable
 Small   0x0000000109e00000 0x000000010a000000 0x000000010a000000 Y/135   Relocatable
 Small   0x000000010a200000 0x000000010a400000 0x000000010a400000 Y/135   Relocatable
 Small   0x000000010a400000 0x000000010a600000 0x000000010a600000 Y/135   Relocatable
 Small   0x000000010a600000 0x000000010a800000 0x000000010a800000 Y/136   Allocating 
 Small   0x000000010ae00000 0x000000010b000000 0x000000010b000000 Y/135   Relocatable
 Small   0x000000010b200000 0x000000010b400000 0x000000010b400000 Y/135   Relocatable
 Small   0x000000010b400000 0x000000010b600000 0x000000010b600000 Y/136   Allocating 
 Small   0x000000010b800000 0x000000010ba00000 0x000000010ba00000 Y/135   Relocatable
 Small   0x000000010ba00000 0x000000010bc00000 0x000000010bc00000 Y/135   Relocatable
 Small   0x000000010bc00000 0x000000010be00000 0x000000010be00000 Y/135   Relocatable
 Small   0x000000010be00000 0x000000010c000000 0x000000010c000000 Y/135   Relocatable
 Small   0x000000010c000000 0x000000010c200000 0x000000010c200000 Y/135   Relocatable
 Small   0x000000010c200000 0x000000010c3ffff0 0x000000010c400000 O/9     Relocatable
 Small   0x000000010c600000 0x000000010c800000 0x000000010c800000 Y/135   Relocatable
 Small   0x000000010c800000 0x000000010ca00000 0x000000010ca00000 Y/135   Relocatable
 Small   0x000000010ca00000 0x000000010cc00000 0x000000010cc00000 Y/135   Relocatable
 Small   0x000000010cc00000 0x000000010ce00000 0x000000010ce00000 Y/135   Relocatable
 Small   0x000000010ce00000 0x000000010d000000 0x000000010d000000 Y/135   Relocatable
 Small   0x000000010d000000 0x000000010d200000 0x000000010d200000 Y/135   Relocatable
 Small   0x000000010d200000 0x000000010d400000 0x000000010d400000 Y/135   Relocatable
 Small   0x000000010d600000 0x000000010d800000 0x000000010d800000 Y/135   Relocatable
 Small   0x000000010d800000 0x000000010d8c0000 0x000000010da00000 Y/135   Relocatable
 Small   0x000000010da00000 0x000000010dbffff8 0x000000010dc00000 O/10    Relocatable
 Small   0x000000010dc00000 0x000000010de00000 0x000000010de00000 Y/135   Relocatable
 Small   0x000000010de00000 0x000000010dffffe0 0x000000010e000000 O/10    Relocatable
 Small   0x000000010e000000 0x000000010e200000 0x000000010e200000 Y/135   Relocatable
 Small   0x000000010e200000 0x000000010e3ffff0 0x000000010e400000 O/10    Relocatable
 Small   0x000000010e600000 0x000000010e7ffff8 0x000000010e800000 O/9     Relocatable
 Small   0x000000010e800000 0x000000010ea00000 0x000000010ea00000 Y/135   Relocatable
 Small   0x000000010ea00000 0x000000010ebfffe8 0x000000010ec00000 Y/135   Relocatable
 Small   0x000000010ec00000 0x000000010ee00000 0x000000010ee00000 Y/135   Relocatable
 Small   0x000000010ee00000 0x000000010f000000 0x000000010f000000 Y/136   Allocating 
 Small   0x000000010f000000 0x000000010f200000 0x000000010f200000 Y/135   Relocatable
 Small   0x000000010f200000 0x000000010f400000 0x000000010f400000 Y/136   Allocating 
 Small   0x000000010f800000 0x000000010fa00000 0x000000010fa00000 Y/135   Relocatable
 Small   0x000000010fc00000 0x000000010fe00000 0x000000010fe00000 Y/135   Relocatable
 Small   0x0000000110000000 0x0000000110200000 0x0000000110200000 Y/135   Relocatable
 Small   0x0000000110400000 0x00000001105ea398 0x0000000110600000 O/9     Relocatable
 Small   0x0000000110800000 0x0000000110a00000 0x0000000110a00000 Y/135   Relocatable
 Small   0x0000000110a00000 0x0000000110c00000 0x0000000110c00000 Y/135   Relocatable
 Small   0x0000000110c00000 0x0000000110e00000 0x0000000110e00000 Y/135   Relocatable
 Small   0x0000000110e00000 0x0000000111000000 0x0000000111000000 Y/135   Relocatable
 Small   0x0000000111000000 0x0000000111200000 0x0000000111200000 Y/135   Relocatable
 Small   0x0000000111200000 0x0000000111400000 0x0000000111400000 Y/135   Relocatable
 Small   0x0000000111400000 0x0000000111600000 0x0000000111600000 Y/135   Relocatable
 Small   0x0000000111800000 0x00000001119fffb0 0x0000000111a00000 O/14    Allocating 
 Small   0x0000000111a00000 0x0000000111c00000 0x0000000111c00000 Y/135   Relocatable
 Small   0x0000000111e00000 0x0000000111fffff0 0x0000000112000000 O/14    Allocating 
 Small   0x0000000112000000 0x0000000112200000 0x0000000112200000 Y/135   Relocatable
 Small   0x0000000112200000 0x0000000112400000 0x0000000112400000 Y/135   Relocatable
 Small   0x0000000112400000 0x00000001125ffff0 0x0000000112600000 O/9     Relocatable
 Small   0x0000000112600000 0x0000000112800000 0x0000000112800000 Y/135   Relocatable
 Small   0x0000000112800000 0x0000000112a00000 0x0000000112a00000 Y/135   Relocatable
 Small   0x0000000112a00000 0x0000000112bfffe8 0x0000000112c00000 O/9     Relocatable
 Small   0x0000000112c00000 0x0000000112e00000 0x0000000112e00000 Y/135   Relocatable
 Small   0x0000000112e00000 0x0000000113000000 0x0000000113000000 Y/135   Relocatable
 Small   0x0000000113000000 0x00000001131eb3e8 0x0000000113200000 O/9     Relocatable
 Small   0x0000000113600000 0x0000000113800000 0x0000000113800000 Y/135   Relocatable
 Small   0x0000000113800000 0x0000000113a00000 0x0000000113a00000 Y/135   Relocatable
 Small   0x0000000113a00000 0x0000000113c00000 0x0000000113c00000 O/9     Relocatable
 Small   0x0000000113e00000 0x0000000113feae80 0x0000000114000000 O/11    Relocatable
 Small   0x0000000114000000 0x00000001141fffd8 0x0000000114200000 Y/135   Relocatable
 Small   0x0000000114200000 0x0000000114400000 0x0000000114400000 Y/135   Relocatable
 Small   0x0000000114400000 0x00000001145fdb38 0x0000000114600000 Y/135   Relocatable
 Small   0x0000000114800000 0x0000000114a00000 0x0000000114a00000 Y/135   Relocatable
 Small   0x0000000114c00000 0x0000000114dfffe8 0x0000000114e00000 O/10    Relocatable
 Small   0x0000000114e00000 0x0000000115000000 0x0000000115000000 Y/135   Relocatable
 Small   0x0000000115000000 0x0000000115200000 0x0000000115200000 Y/135   Relocatable
 Small   0x0000000115200000 0x0000000115400000 0x0000000115400000 Y/135   Relocatable
 Small   0x0000000115600000 0x0000000115800000 0x0000000115800000 Y/135   Relocatable
 Small   0x0000000115800000 0x0000000115a00000 0x0000000115a00000 Y/135   Relocatable
 Small   0x0000000115a00000 0x0000000115c00000 0x0000000115c00000 Y/135   Relocatable
 Small   0x0000000115c00000 0x0000000115e00000 0x0000000115e00000 Y/135   Relocatable
 Small   0x0000000115e00000 0x0000000116000000 0x0000000116000000 Y/135   Relocatable
 Small   0x0000000116000000 0x00000001161fffc8 0x0000000116200000 O/11    Relocatable
 Small   0x0000000116400000 0x00000001165fffb0 0x0000000116600000 O/9     Relocatable
 Small   0x0000000116600000 0x0000000116800000 0x0000000116800000 O/9     Relocatable
 Small   0x0000000116800000 0x0000000116a00000 0x0000000116a00000 Y/135   Relocatable
 Small   0x0000000116a00000 0x0000000116bfffd0 0x0000000116c00000 O/9     Relocatable
 Small   0x0000000116c00000 0x0000000116e00000 0x0000000116e00000 Y/135   Relocatable
 Small   0x0000000116e00000 0x0000000117000000 0x0000000117000000 Y/135   Relocatable
 Small   0x0000000117000000 0x0000000117200000 0x0000000117200000 Y/135   Relocatable
 Small   0x0000000117600000 0x0000000117800000 0x0000000117800000 Y/135   Relocatable
 Small   0x0000000117800000 0x00000001179fffe0 0x0000000117a00000 O/11    Relocatable
 Small   0x0000000117a00000 0x0000000117c00000 0x0000000117c00000 Y/135   Relocatable
 Small   0x0000000118000000 0x0000000118200000 0x0000000118200000 Y/135   Relocatable
 Small   0x0000000118400000 0x0000000118600000 0x0000000118600000 Y/135   Relocatable
 Small   0x0000000118600000 0x0000000118800000 0x0000000118800000 Y/135   Relocatable
 Small   0x0000000118800000 0x0000000118a00000 0x0000000118a00000 Y/135   Relocatable
 Small   0x0000000118e00000 0x0000000119000000 0x0000000119000000 Y/136   Allocating 
 Small   0x0000000119000000 0x0000000119200000 0x0000000119200000 Y/135   Relocatable
 Small   0x0000000119200000 0x0000000119400000 0x0000000119400000 Y/135   Relocatable
 Small   0x0000000119600000 0x00000001197ffff8 0x0000000119800000 O/9     Relocatable
 Small   0x0000000119800000 0x0000000119a00000 0x0000000119a00000 Y/135   Relocatable
 Small   0x0000000119a00000 0x0000000119c00000 0x0000000119c00000 Y/135   Relocatable
 Small   0x0000000119c00000 0x0000000119e00000 0x0000000119e00000 Y/135   Relocatable
 Small   0x0000000119e00000 0x000000011a000000 0x000000011a000000 Y/135   Relocatable
 Small   0x000000011a000000 0x000000011a200000 0x000000011a200000 Y/135   Relocatable
 Small   0x000000011a200000 0x000000011a3fff48 0x000000011a400000 O/11    Relocatable
 Small   0x000000011a600000 0x000000011a800000 0x000000011a800000 Y/135   Relocatable
 Small   0x000000011a800000 0x000000011aa00000 0x000000011aa00000 Y/135   Relocatable
 Small   0x000000011ae00000 0x000000011b000000 0x000000011b000000 Y/135   Relocatable
 Small   0x000000011b200000 0x000000011b400000 0x000000011b400000 Y/135   Relocatable
 Small   0x000000011b600000 0x000000011b800000 0x000000011b800000 Y/135   Relocatable
 Small   0x000000011ba00000 0x000000011bc00000 0x000000011bc00000 Y/135   Relocatable
 Small   0x000000011bc00000 0x000000011be00000 0x000000011be00000 Y/135   Relocatable
 Small   0x000000011c200000 0x000000011c3ffff8 0x000000011c400000 O/11    Relocatable
 Small   0x000000011c400000 0x000000011c600000 0x000000011c600000 Y/135   Relocatable
 Small   0x000000011c600000 0x000000011c70dc78 0x000000011c800000 Y/135   Relocatable
 Small   0x000000011ca00000 0x000000011cc00000 0x000000011cc00000 Y/135   Relocatable
 Small   0x000000011cc00000 0x000000011ce00000 0x000000011ce00000 Y/136   Allocating 
 Small   0x000000011ce00000 0x000000011d000000 0x000000011d000000 Y/135   Relocatable
 Small   0x000000011d000000 0x000000011d200000 0x000000011d200000 Y/135   Relocatable
 Small   0x000000011d200000 0x000000011d400000 0x000000011d400000 Y/135   Relocatable
 Small   0x000000011d400000 0x000000011d600000 0x000000011d600000 Y/135   Relocatable
 Small   0x000000011d800000 0x000000011da00000 0x000000011da00000 Y/135   Relocatable
 Small   0x000000011da00000 0x000000011daf1480 0x000000011dc00000 O/14    Allocating 
 Small   0x000000011dc00000 0x000000011ddfffe8 0x000000011de00000 O/10    Relocatable
 Small   0x000000011de00000 0x000000011e000000 0x000000011e000000 Y/135   Relocatable
 Small   0x000000011e000000 0x000000011e200000 0x000000011e200000 Y/135   Relocatable
 Small   0x000000011e200000 0x000000011e400000 0x000000011e400000 Y/135   Relocatable
 Small   0x000000011e600000 0x000000011e800000 0x000000011e800000 Y/135   Relocatable
 Small   0x000000011ea00000 0x000000011ec00000 0x000000011ec00000 Y/135   Relocatable
 Small   0x000000011ec00000 0x000000011ee00000 0x000000011ee00000 Y/135   Relocatable
 Small   0x000000011ee00000 0x000000011f000000 0x000000011f000000 Y/135   Relocatable
 Small   0x000000011f200000 0x000000011f3fffc8 0x000000011f400000 O/10    Relocatable
 Small   0x000000011f800000 0x000000011fa00000 0x000000011fa00000 Y/136   Allocating 
 Small   0x000000011fa00000 0x000000011fc00000 0x000000011fc00000 Y/135   Relocatable
 Small   0x000000011fe00000 0x0000000120000000 0x0000000120000000 Y/135   Relocatable
 Small   0x0000000120200000 0x0000000120400000 0x0000000120400000 Y/135   Relocatable
 Small   0x0000000120400000 0x0000000120600000 0x0000000120600000 Y/135   Relocatable
 Small   0x0000000120600000 0x0000000120800000 0x0000000120800000 Y/135   Relocatable
 Small   0x0000000120800000 0x00000001209fffe0 0x0000000120a00000 O/9     Relocatable
 Small   0x0000000120a00000 0x0000000120c00000 0x0000000120c00000 Y/135   Relocatable
 Small   0x0000000120e00000 0x0000000121000000 0x0000000121000000 Y/135   Relocatable
 Small   0x0000000121400000 0x0000000121600000 0x0000000121600000 Y/135   Relocatable
 Small   0x0000000121600000 0x00000001217ffff8 0x0000000121800000 O/9     Relocatable
 Small   0x0000000121800000 0x00000001219fffd8 0x0000000121a00000 O/9     Relocatable
 Small   0x0000000121c00000 0x0000000121e00000 0x0000000121e00000 Y/135   Relocatable
 Small   0x0000000122000000 0x0000000122200000 0x0000000122200000 Y/135   Relocatable
 Small   0x0000000122600000 0x0000000122800000 0x0000000122800000 Y/135   Relocatable
 Small   0x0000000122a00000 0x0000000122bffff0 0x0000000122c00000 O/10    Relocatable
 Small   0x0000000122e00000 0x0000000123000000 0x0000000123000000 Y/135   Relocatable
 Small   0x0000000123400000 0x0000000123540000 0x0000000123600000 Y/135   Relocatable
 Small   0x0000000123600000 0x0000000123800000 0x0000000123800000 Y/135   Relocatable
 Small   0x0000000123800000 0x0000000123a00000 0x0000000123a00000 Y/135   Relocatable
 Small   0x0000000123a00000 0x0000000123bfffe8 0x0000000123c00000 O/10    Relocatable
 Small   0x0000000123c00000 0x0000000123e00000 0x0000000123e00000 Y/135   Relocatable
 Small   0x0000000124000000 0x0000000124200000 0x0000000124200000 Y/135   Relocatable
 Small   0x0000000124200000 0x00000001243ffff8 0x0000000124400000 O/9     Relocatable
 Small   0x0000000124400000 0x00000001245fffc8 0x0000000124600000 O/10    Relocatable
 Small   0x0000000124800000 0x0000000124a00000 0x0000000124a00000 Y/135   Relocatable
 Small   0x0000000124a00000 0x0000000124bf9b00 0x0000000124c00000 O/10    Relocatable
 Small   0x0000000124c00000 0x0000000124e00000 0x0000000124e00000 Y/135   Relocatable
 Small   0x0000000125000000 0x0000000125200000 0x0000000125200000 Y/135   Relocatable
 Small   0x0000000125200000 0x0000000125400000 0x0000000125400000 Y/135   Relocatable
 Small   0x0000000125400000 0x0000000125600000 0x0000000125600000 Y/135   Relocatable
 Small   0x0000000125800000 0x0000000125a00000 0x0000000125a00000 Y/135   Relocatable
 Small   0x0000000125a00000 0x0000000125c00000 0x0000000125c00000 Y/135   Relocatable
 Small   0x0000000125e00000 0x0000000125fff070 0x0000000126000000 O/13    Relocatable
 Small   0x0000000126000000 0x0000000126200000 0x0000000126200000 Y/135   Relocatable
 Small   0x0000000126800000 0x0000000126a00000 0x0000000126a00000 Y/135   Relocatable
 Small   0x0000000126a00000 0x0000000126bf8390 0x0000000126c00000 O/10    Relocatable
 Small   0x0000000126c00000 0x0000000126e00000 0x0000000126e00000 Y/135   Relocatable
 Small   0x0000000126e00000 0x0000000127000000 0x0000000127000000 Y/135   Relocatable
 Small   0x0000000127000000 0x00000001271ffff0 0x0000000127200000 O/10    Relocatable
 Small   0x0000000127200000 0x0000000127400000 0x0000000127400000 Y/135   Relocatable
 Small   0x0000000127400000 0x0000000127600000 0x0000000127600000 Y/135   Relocatable
 Small   0x0000000127600000 0x0000000127800000 0x0000000127800000 Y/135   Relocatable
 Small   0x0000000127800000 0x0000000127a00000 0x0000000127a00000 Y/135   Relocatable
 Small   0x0000000127e00000 0x0000000128000000 0x0000000128000000 Y/136   Allocating 
 Small   0x0000000128400000 0x0000000128600000 0x0000000128600000 Y/135   Relocatable
 Small   0x0000000128600000 0x00000001287fffe8 0x0000000128800000 O/10    Relocatable
 Small   0x0000000128800000 0x0000000128a00000 0x0000000128a00000 Y/135   Relocatable
 Small   0x0000000128a00000 0x0000000128c00000 0x0000000128c00000 Y/135   Relocatable
 Small   0x0000000128c00000 0x0000000128e00000 0x0000000128e00000 Y/136   Allocating 
 Small   0x0000000129000000 0x00000001291fffc8 0x0000000129200000 O/12    Relocatable
 Small   0x0000000129200000 0x0000000129400000 0x0000000129400000 Y/135   Relocatable
 Small   0x0000000129400000 0x00000001295fffb0 0x0000000129600000 O/9     Relocatable
 Small   0x0000000129600000 0x0000000129800000 0x0000000129800000 Y/135   Relocatable
 Small   0x0000000129a00000 0x0000000129c00000 0x0000000129c00000 Y/136   Allocating 
 Small   0x0000000129c00000 0x0000000129dffff0 0x0000000129e00000 O/10    Relocatable
 Small   0x0000000129e00000 0x000000012a000000 0x000000012a000000 Y/135   Relocatable
 Small   0x000000012a200000 0x000000012a400000 0x000000012a400000 Y/135   Relocatable
 Small   0x000000012a400000 0x000000012a600000 0x000000012a600000 Y/135   Relocatable
 Small   0x000000012a600000 0x000000012a800000 0x000000012a800000 Y/135   Relocatable
 Small   0x000000012aa00000 0x000000012ac00000 0x000000012ac00000 Y/136   Allocating 
 Small   0x000000012ac00000 0x000000012ae00000 0x000000012ae00000 Y/135   Relocatable
 Small   0x000000012ae00000 0x000000012b000000 0x000000012b000000 Y/136   Allocating 
 Small   0x000000012b000000 0x000000012b200000 0x000000012b200000 Y/136   Allocating 
 Small   0x000000012b200000 0x000000012b400000 0x000000012b400000 Y/135   Relocatable
 Small   0x000000012b400000 0x000000012b5ffff8 0x000000012b600000 O/11    Relocatable
 Small   0x000000012b800000 0x000000012ba00000 0x000000012ba00000 Y/135   Relocatable
 Small   0x000000012be00000 0x000000012c000000 0x000000012c000000 Y/135   Relocatable
 Small   0x000000012c000000 0x000000012c200000 0x000000012c200000 Y/135   Relocatable
 Small   0x000000012c200000 0x000000012c400000 0x000000012c400000 Y/135   Relocatable
 Small   0x000000012c400000 0x000000012c600000 0x000000012c600000 Y/135   Relocatable
 Small   0x000000012c600000 0x000000012c800000 0x000000012c800000 Y/135   Relocatable
 Small   0x000000012c800000 0x000000012ca00000 0x000000012ca00000 Y/135   Relocatable
 Small   0x000000012ca00000 0x000000012cc00000 0x000000012cc00000 Y/135   Relocatable
 Small   0x000000012cc00000 0x000000012ce00000 0x000000012ce00000 Y/135   Relocatable
 Small   0x000000012ce00000 0x000000012d000000 0x000000012d000000 Y/135   Relocatable
 Small   0x000000012d000000 0x000000012d200000 0x000000012d200000 Y/136   Allocating 
 Small   0x000000012d600000 0x000000012d800000 0x000000012d800000 Y/135   Relocatable
 Small   0x000000012dc00000 0x000000012de00000 0x000000012de00000 Y/135   Relocatable
 Small   0x000000012e000000 0x000000012e200000 0x000000012e200000 O/11    Relocatable
 Small   0x000000012e200000 0x000000012e3ffff0 0x000000012e400000 O/10    Relocatable
 Small   0x000000012e400000 0x000000012e5fef20 0x000000012e600000 O/12    Relocatable
 Small   0x000000012e600000 0x000000012e800000 0x000000012e800000 Y/135   Relocatable
 Small   0x000000012ea00000 0x000000012ec00000 0x000000012ec00000 Y/135   Relocatable
 Small   0x000000012ee00000 0x000000012f000000 0x000000012f000000 Y/135   Relocatable
 Small   0x000000012f000000 0x000000012f1fffe8 0x000000012f200000 O/14    Allocating 
 Small   0x000000012f200000 0x000000012f400000 0x000000012f400000 Y/135   Relocatable
 Small   0x000000012f400000 0x000000012f600000 0x000000012f600000 Y/136   Allocating 
 Small   0x000000012f800000 0x000000012f9fffe0 0x000000012fa00000 O/10    Relocatable
 Small   0x000000012fa00000 0x000000012fc00000 0x000000012fc00000 Y/136   Allocating 
 Small   0x0000000130000000 0x0000000130200000 0x0000000130200000 Y/135   Relocatable
 Small   0x0000000130400000 0x0000000130600000 0x0000000130600000 Y/135   Relocatable
 Small   0x0000000130600000 0x0000000130800000 0x0000000130800000 Y/135   Relocatable
 Small   0x0000000130a00000 0x0000000130c00000 0x0000000130c00000 Y/135   Relocatable
 Small   0x0000000130c00000 0x0000000130dffff0 0x0000000130e00000 O/10    Relocatable
 Small   0x0000000130e00000 0x0000000131000000 0x0000000131000000 Y/135   Relocatable
 Small   0x0000000131000000 0x00000001311ffff0 0x0000000131200000 O/9     Relocatable
 Small   0x0000000131200000 0x0000000131200440 0x0000000131400000 O/14    Allocating 
 Small   0x0000000131400000 0x0000000131600000 0x0000000131600000 Y/135   Relocatable
 Small   0x0000000131800000 0x0000000131a00000 0x0000000131a00000 Y/135   Relocatable
 Small   0x0000000131c00000 0x0000000131e00000 0x0000000131e00000 Y/135   Relocatable
 Small   0x0000000132200000 0x00000001323ffff0 0x0000000132400000 O/10    Relocatable
 Small   0x0000000132600000 0x0000000132800000 0x0000000132800000 Y/135   Relocatable
 Small   0x0000000132a00000 0x0000000132c00000 0x0000000132c00000 Y/136   Allocating 
 Small   0x0000000132c00000 0x0000000132e00000 0x0000000132e00000 Y/135   Relocatable
 Small   0x0000000132e00000 0x0000000133000000 0x0000000133000000 Y/135   Relocatable
 Small   0x0000000133000000 0x0000000133200000 0x0000000133200000 Y/135   Relocatable
 Small   0x0000000133200000 0x0000000133400000 0x0000000133400000 Y/135   Relocatable
 Small   0x0000000133400000 0x0000000133600000 0x0000000133600000 Y/135   Relocatable
 Small   0x0000000133800000 0x0000000133a00000 0x0000000133a00000 Y/135   Relocatable
 Small   0x0000000133a00000 0x0000000133c00000 0x0000000133c00000 Y/135   Relocatable
 Small   0x0000000133c00000 0x0000000133e00000 0x0000000133e00000 Y/135   Relocatable
 Small   0x0000000134000000 0x0000000134200000 0x0000000134200000 Y/135   Relocatable
 Small   0x0000000134200000 0x0000000134400000 0x0000000134400000 Y/135   Relocatable
 Small   0x0000000134400000 0x0000000134600000 0x0000000134600000 Y/135   Relocatable
 Small   0x0000000134600000 0x0000000134800000 0x0000000134800000 Y/136   Allocating 
 Small   0x0000000134800000 0x0000000134a00000 0x0000000134a00000 Y/135   Relocatable
 Small   0x0000000134a00000 0x0000000134c00000 0x0000000134c00000 Y/135   Relocatable
 Small   0x0000000135000000 0x0000000135200000 0x0000000135200000 Y/135   Relocatable
 Small   0x0000000135200000 0x0000000135400000 0x0000000135400000 Y/135   Relocatable
 Small   0x0000000135400000 0x0000000135600000 0x0000000135600000 Y/135   Relocatable
 Small   0x0000000135600000 0x00000001357cbc40 0x0000000135800000 O/12    Relocatable
 Small   0x0000000135800000 0x00000001359ff888 0x0000000135a00000 O/14    Allocating 
 Small   0x0000000135a00000 0x0000000135bfffa8 0x0000000135c00000 O/9     Relocatable
 Small   0x0000000135c00000 0x0000000135e00000 0x0000000135e00000 Y/135   Relocatable
 Small   0x0000000135e00000 0x0000000136000000 0x0000000136000000 Y/135   Relocatable
 Small   0x0000000136200000 0x0000000136400000 0x0000000136400000 Y/135   Relocatable
 Small   0x0000000136800000 0x0000000136924490 0x0000000136a00000 Y/135   Relocatable
 Small   0x0000000136a00000 0x0000000136c00000 0x0000000136c00000 Y/135   Relocatable
 Small   0x0000000136e00000 0x0000000136ffffe0 0x0000000137000000 O/10    Relocatable
 Small   0x0000000137200000 0x0000000137400000 0x0000000137400000 Y/135   Relocatable
 Small   0x0000000137400000 0x0000000137600000 0x0000000137600000 Y/135   Relocatable
 Small   0x0000000138000000 0x0000000138200000 0x0000000138200000 Y/135   Relocatable
 Small   0x0000000138200000 0x00000001383ffe20 0x0000000138400000 O/10    Relocatable
 Small   0x0000000138600000 0x00000001387fff08 0x0000000138800000 O/10    Relocatable
 Small   0x0000000138800000 0x0000000138a00000 0x0000000138a00000 Y/135   Relocatable
 Small   0x0000000138e00000 0x0000000138fcad28 0x0000000139000000 O/8     Relocatable
 Small   0x0000000139200000 0x00000001393fffe8 0x0000000139400000 O/9     Relocatable
 Small   0x0000000139600000 0x0000000139800000 0x0000000139800000 Y/135   Relocatable
 Small   0x0000000139800000 0x0000000139a00000 0x0000000139a00000 Y/135   Relocatable
 Small   0x0000000139c00000 0x0000000139e00000 0x0000000139e00000 Y/136   Allocating 
 Small   0x0000000139e00000 0x000000013a000000 0x000000013a000000 Y/135   Relocatable
 Small   0x000000013a200000 0x000000013a400000 0x000000013a400000 Y/135   Relocatable
 Small   0x000000013a800000 0x000000013aa00000 0x000000013aa00000 Y/136   Allocating 
 Small   0x000000013aa00000 0x000000013abfffc8 0x000000013ac00000 O/9     Relocatable
 Small   0x000000013ac00000 0x000000013adfd3e0 0x000000013ae00000 O/13    Relocatable
 Small   0x000000013b000000 0x000000013b200000 0x000000013b200000 Y/135   Relocatable
 Small   0x000000013b200000 0x000000013b400000 0x000000013b400000 Y/135   Relocatable
 Small   0x000000013b400000 0x000000013b600000 0x000000013b600000 Y/135   Relocatable
 Small   0x000000013b800000 0x000000013ba00000 0x000000013ba00000 Y/135   Relocatable
 Small   0x000000013bc00000 0x000000013be00000 0x000000013be00000 Y/135   Relocatable
 Small   0x000000013be00000 0x000000013c000000 0x000000013c000000 Y/135   Relocatable
 Small   0x000000013ca00000 0x000000013cc00000 0x000000013cc00000 Y/136   Allocating 
 Small   0x000000013cc00000 0x000000013ce00000 0x000000013ce00000 Y/135   Relocatable
 Small   0x000000013d000000 0x000000013d200000 0x000000013d200000 Y/135   Relocatable
 Small   0x000000013d200000 0x000000013d400000 0x000000013d400000 Y/136   Allocating 
 Small   0x000000013d400000 0x000000013d600000 0x000000013d600000 Y/136   Allocating 
 Small   0x000000013d600000 0x000000013d800000 0x000000013d800000 Y/135   Relocatable
 Small   0x000000013d800000 0x000000013da00000 0x000000013da00000 Y/135   Relocatable
 Small   0x000000013da00000 0x000000013dc00000 0x000000013dc00000 Y/136   Allocating 
 Small   0x000000013dc00000 0x000000013de00000 0x000000013de00000 Y/135   Relocatable
 Small   0x000000013de00000 0x000000013e000000 0x000000013e000000 Y/135   Relocatable
 Small   0x000000013e000000 0x000000013e200000 0x000000013e200000 Y/135   Relocatable
 Small   0x000000013e200000 0x000000013e3fffa8 0x000000013e400000 O/9     Relocatable
 Small   0x000000013e400000 0x000000013e600000 0x000000013e600000 Y/136   Allocating 
 Small   0x000000013e600000 0x000000013e800000 0x000000013e800000 Y/136   Allocating 
 Small   0x000000013ea00000 0x000000013ec00000 0x000000013ec00000 Y/135   Relocatable
 Small   0x000000013ec00000 0x000000013ee00000 0x000000013ee00000 Y/135   Relocatable
 Small   0x000000013ee00000 0x000000013f000000 0x000000013f000000 Y/135   Relocatable
 Small   0x000000013f000000 0x000000013f1ffee8 0x000000013f200000 O/10    Relocatable
 Small   0x000000013f400000 0x000000013f600000 0x000000013f600000 Y/136   Allocating 
 Small   0x000000013f800000 0x000000013f9ffe70 0x000000013fa00000 O/14    Allocating 
 Small   0x000000013fc00000 0x000000013fe00000 0x000000013fe00000 Y/135   Relocatable
 Small   0x000000013fe00000 0x0000000140000000 0x0000000140000000 Y/135   Relocatable
 Small   0x0000000140000000 0x0000000140200000 0x0000000140200000 Y/135   Relocatable
 Small   0x0000000140200000 0x0000000140400000 0x0000000140400000 Y/135   Relocatable
 Small   0x0000000140400000 0x00000001405fffd0 0x0000000140600000 O/9     Relocatable
 Small   0x0000000140600000 0x0000000140800000 0x0000000140800000 Y/135   Relocatable
 Small   0x0000000140800000 0x0000000140a00000 0x0000000140a00000 Y/135   Relocatable
 Small   0x0000000140a00000 0x0000000140bfffc8 0x0000000140c00000 O/9     Relocatable
 Small   0x0000000140c00000 0x0000000140dfffd8 0x0000000140e00000 O/9     Relocatable
 Small   0x0000000141000000 0x00000001411ffff0 0x0000000141200000 O/9     Relocatable
 Small   0x0000000141200000 0x00000001413fffd0 0x0000000141400000 O/9     Relocatable
 Small   0x0000000141400000 0x00000001415fffe8 0x0000000141600000 O/9     Relocatable
 Small   0x0000000141800000 0x0000000141a00000 0x0000000141a00000 Y/135   Relocatable
 Small   0x0000000141a00000 0x0000000141bfffd0 0x0000000141c00000 O/9     Relocatable
 Small   0x0000000141c00000 0x0000000141dffff8 0x0000000141e00000 O/10    Relocatable
 Small   0x0000000141e00000 0x0000000142000000 0x0000000142000000 Y/135   Relocatable
 Small   0x0000000142400000 0x0000000142600000 0x0000000142600000 Y/135   Relocatable
 Small   0x0000000142800000 0x0000000142a00000 0x0000000142a00000 Y/135   Relocatable
 Small   0x0000000142a00000 0x0000000142c00000 0x0000000142c00000 Y/135   Relocatable
 Small   0x0000000142c00000 0x0000000142dfffd0 0x0000000142e00000 O/9     Relocatable
 Small   0x0000000142e00000 0x0000000143000000 0x0000000143000000 Y/135   Relocatable
 Small   0x0000000143000000 0x0000000143200000 0x0000000143200000 Y/136   Allocating 
 Small   0x0000000143200000 0x00000001433fd3f8 0x0000000143400000 O/13    Relocatable
 Small   0x0000000143400000 0x00000001435ffff0 0x0000000143600000 O/10    Relocatable
 Small   0x0000000143c00000 0x0000000143e00000 0x0000000143e00000 Y/135   Relocatable
 Small   0x0000000143e00000 0x0000000144000000 0x0000000144000000 Y/135   Relocatable
 Small   0x0000000144000000 0x00000001441ffff8 0x0000000144200000 O/11    Relocatable
 Small   0x0000000144200000 0x0000000144400000 0x0000000144400000 Y/135   Relocatable
 Small   0x0000000144600000 0x00000001447fff78 0x0000000144800000 O/9     Relocatable
 Small   0x0000000144800000 0x0000000144a00000 0x0000000144a00000 Y/136   Allocating 
 Small   0x0000000144a00000 0x0000000144c00000 0x0000000144c00000 Y/135   Relocatable
 Small   0x0000000144c00000 0x0000000144e00000 0x0000000144e00000 Y/135   Relocatable
 Small   0x0000000145000000 0x0000000145200000 0x0000000145200000 Y/135   Relocatable
 Small   0x0000000145200000 0x0000000145400000 0x0000000145400000 Y/135   Relocatable
 Small   0x0000000145800000 0x00000001459fffd8 0x0000000145a00000 O/14    Allocating 
 Small   0x0000000145a00000 0x0000000145bffff8 0x0000000145c00000 O/14    Allocating 
 Small   0x0000000145c00000 0x0000000145e00000 0x0000000145e00000 Y/135   Relocatable
 Small   0x0000000145e00000 0x0000000146000000 0x0000000146000000 Y/135   Relocatable
 Small   0x0000000146000000 0x00000001461fffd0 0x0000000146200000 O/12    Relocatable
 Small   0x0000000146200000 0x0000000146400000 0x0000000146400000 Y/135   Relocatable
 Small   0x0000000146400000 0x0000000146600000 0x0000000146600000 Y/136   Allocating 
 Small   0x0000000146600000 0x00000001467ffff8 0x0000000146800000 O/10    Relocatable
 Small   0x0000000146800000 0x0000000146a00000 0x0000000146a00000 Y/135   Relocatable
 Small   0x0000000146a00000 0x0000000146c00000 0x0000000146c00000 Y/136   Allocating 
 Small   0x0000000146c00000 0x0000000146dffe88 0x0000000146e00000 O/13    Relocatable
 Small   0x0000000146e00000 0x0000000147000000 0x0000000147000000 Y/135   Relocatable
 Small   0x0000000147000000 0x0000000147200000 0x0000000147200000 Y/135   Relocatable
 Small   0x0000000147200000 0x0000000147400000 0x0000000147400000 Y/135   Relocatable
 Small   0x0000000147600000 0x0000000147800000 0x0000000147800000 Y/135   Relocatable
 Small   0x0000000147800000 0x0000000147a00000 0x0000000147a00000 Y/135   Relocatable
 Small   0x0000000147a00000 0x0000000147c00000 0x0000000147c00000 Y/135   Relocatable
 Small   0x0000000147c00000 0x0000000147e00000 0x0000000147e00000 Y/136   Allocating 
 Small   0x0000000147e00000 0x0000000148000000 0x0000000148000000 O/10    Relocatable
 Small   0x0000000148000000 0x0000000148200000 0x0000000148200000 Y/135   Relocatable
 Small   0x0000000148400000 0x0000000148600000 0x0000000148600000 Y/135   Relocatable
 Small   0x0000000148600000 0x0000000148800000 0x0000000148800000 Y/135   Relocatable
 Small   0x0000000148c00000 0x0000000148e00000 0x0000000148e00000 Y/135   Relocatable
 Small   0x0000000148e00000 0x0000000149000000 0x0000000149000000 Y/135   Relocatable
 Small   0x0000000149000000 0x0000000149200000 0x0000000149200000 Y/135   Relocatable
 Small   0x0000000149200000 0x0000000149400000 0x0000000149400000 Y/135   Relocatable
 Small   0x0000000149600000 0x0000000149800000 0x0000000149800000 Y/135   Relocatable
 Small   0x0000000149800000 0x0000000149a00000 0x0000000149a00000 Y/135   Relocatable
 Small   0x0000000149a00000 0x0000000149c00000 0x0000000149c00000 Y/135   Relocatable
 Small   0x0000000149c00000 0x0000000149e00000 0x0000000149e00000 Y/135   Relocatable
 Small   0x0000000149e00000 0x000000014a000000 0x000000014a000000 Y/135   Relocatable
 Small   0x000000014a000000 0x000000014a1fffd8 0x000000014a200000 O/12    Relocatable
 Small   0x000000014a200000 0x000000014a400000 0x000000014a400000 Y/135   Relocatable
 Small   0x000000014a400000 0x000000014a600000 0x000000014a600000 Y/135   Relocatable
 Small   0x000000014a600000 0x000000014a7fffd0 0x000000014a800000 O/10    Relocatable
 Small   0x000000014a800000 0x000000014aa00000 0x000000014aa00000 Y/135   Relocatable
 Small   0x000000014aa00000 0x000000014ac00000 0x000000014ac00000 Y/135   Relocatable
 Small   0x000000014ac00000 0x000000014ae00000 0x000000014ae00000 Y/135   Relocatable
 Small   0x000000014b000000 0x000000014b200000 0x000000014b200000 Y/135   Relocatable
 Small   0x000000014b200000 0x000000014b3ffa28 0x000000014b400000 O/11    Relocatable
 Small   0x000000014b600000 0x000000014b800000 0x000000014b800000 Y/135   Relocatable
 Small   0x000000014b800000 0x000000014ba00000 0x000000014ba00000 Y/135   Relocatable
 Small   0x000000014ba00000 0x000000014bbffff8 0x000000014bc00000 O/9     Relocatable
 Small   0x000000014bc00000 0x000000014be00000 0x000000014be00000 Y/136   Allocating 
 Small   0x000000014be00000 0x000000014c000000 0x000000014c000000 Y/135   Relocatable
 Small   0x000000014c000000 0x000000014c200000 0x000000014c200000 Y/135   Relocatable
 Small   0x000000014c200000 0x000000014c400000 0x000000014c400000 O/9     Relocatable
 Small   0x000000014c400000 0x000000014c600000 0x000000014c600000 Y/135   Relocatable
 Small   0x000000014c600000 0x000000014c800000 0x000000014c800000 Y/135   Relocatable
 Small   0x000000014c800000 0x000000014ca00000 0x000000014ca00000 Y/135   Relocatable
 Small   0x000000014ca00000 0x000000014cc00000 0x000000014cc00000 Y/136   Allocating 
 Small   0x000000014cc00000 0x000000014ce00000 0x000000014ce00000 Y/135   Relocatable
 Small   0x000000014ce00000 0x000000014d000000 0x000000014d000000 Y/135   Relocatable
 Small   0x000000014d000000 0x000000014d200000 0x000000014d200000 Y/135   Relocatable
 Small   0x000000014d200000 0x000000014d400000 0x000000014d400000 Y/135   Relocatable
 Small   0x000000014d400000 0x000000014d600000 0x000000014d600000 Y/135   Relocatable
 Small   0x000000014d600000 0x000000014d800000 0x000000014d800000 Y/135   Relocatable
 Small   0x000000014d800000 0x000000014da00000 0x000000014da00000 Y/135   Relocatable
 Small   0x000000014da00000 0x000000014dc00000 0x000000014dc00000 Y/135   Relocatable
 Small   0x000000014dc00000 0x000000014de00000 0x000000014de00000 Y/135   Relocatable
 Small   0x000000014de00000 0x000000014e000000 0x000000014e000000 Y/135   Relocatable
 Small   0x000000014e000000 0x000000014e200000 0x000000014e200000 Y/135   Relocatable
 Small   0x000000014e200000 0x000000014e3fff38 0x000000014e400000 O/10    Relocatable
 Small   0x000000014e400000 0x000000014e600000 0x000000014e600000 Y/135   Relocatable
 Small   0x000000014e800000 0x000000014e9ffff0 0x000000014ea00000 O/12    Relocatable
 Small   0x000000014ea00000 0x000000014ec00000 0x000000014ec00000 Y/135   Relocatable
 Small   0x000000014ec00000 0x000000014ee00000 0x000000014ee00000 Y/135   Relocatable
 Small   0x000000014ee00000 0x000000014f000000 0x000000014f000000 Y/135   Relocatable
 Small   0x000000014f000000 0x000000014f200000 0x000000014f200000 Y/135   Relocatable
 Small   0x000000014f200000 0x000000014f400000 0x000000014f400000 Y/136   Allocating 
 Small   0x000000014f400000 0x000000014f600000 0x000000014f600000 Y/135   Relocatable
 Small   0x000000014f600000 0x000000014f800000 0x000000014f800000 O/13    Relocatable
 Small   0x000000014f800000 0x000000014fa00000 0x000000014fa00000 Y/135   Relocatable
 Small   0x000000014fa00000 0x000000014fc00000 0x000000014fc00000 Y/136   Allocating 
 Small   0x000000014fc00000 0x000000014fe00000 0x000000014fe00000 Y/135   Relocatable
 Small   0x000000014fe00000 0x0000000150000000 0x0000000150000000 Y/135   Relocatable
 Small   0x0000000150200000 0x0000000150400000 0x0000000150400000 Y/135   Relocatable
 Small   0x0000000150400000 0x00000001505fffa8 0x0000000150600000 O/12    Relocatable
 Small   0x0000000150600000 0x0000000150800000 0x0000000150800000 Y/135   Relocatable
 Small   0x0000000150800000 0x00000001509fdbc8 0x0000000150a00000 O/14    Allocating 
 Small   0x0000000150a00000 0x0000000150c00000 0x0000000150c00000 Y/135   Relocatable
 Small   0x0000000150c00000 0x0000000150e00000 0x0000000150e00000 Y/135   Relocatable
 Small   0x0000000150e00000 0x0000000151000000 0x0000000151000000 Y/135   Relocatable
 Small   0x0000000151000000 0x0000000151200000 0x0000000151200000 Y/135   Relocatable
 Small   0x0000000151600000 0x0000000151800000 0x0000000151800000 Y/135   Relocatable
 Small   0x0000000151800000 0x0000000151a00000 0x0000000151a00000 Y/135   Relocatable
 Small   0x0000000151a00000 0x0000000151c00000 0x0000000151c00000 Y/135   Relocatable
 Small   0x0000000151c00000 0x0000000151e00000 0x0000000151e00000 Y/135   Relocatable
 Small   0x0000000151e00000 0x0000000152000000 0x0000000152000000 Y/135   Relocatable
 Small   0x0000000152200000 0x0000000152400000 0x0000000152400000 Y/135   Relocatable
 Small   0x0000000152400000 0x0000000152600000 0x0000000152600000 O/10    Relocatable
 Small   0x0000000152600000 0x0000000152800000 0x0000000152800000 Y/135   Relocatable
 Small   0x0000000152800000 0x0000000152a00000 0x0000000152a00000 Y/135   Relocatable
 Small   0x0000000152a00000 0x0000000152bfffa0 0x0000000152c00000 O/12    Relocatable
 Small   0x0000000152c00000 0x0000000152e00000 0x0000000152e00000 Y/135   Relocatable
 Small   0x0000000153000000 0x0000000153200000 0x0000000153200000 Y/136   Allocating 
 Small   0x0000000153200000 0x0000000153400000 0x0000000153400000 Y/135   Relocatable
 Small   0x0000000153400000 0x0000000153600000 0x0000000153600000 Y/135   Relocatable
 Small   0x0000000153600000 0x0000000153800000 0x0000000153800000 Y/135   Relocatable
 Small   0x0000000153800000 0x00000001539fe9b8 0x0000000153a00000 O/14    Allocating 
 Small   0x0000000153c00000 0x0000000153e00000 0x0000000153e00000 Y/136   Allocating 
 Small   0x0000000153e00000 0x0000000154000000 0x0000000154000000 Y/135   Relocatable
 Small   0x0000000154000000 0x0000000154200000 0x0000000154200000 Y/135   Relocatable
 Small   0x0000000154400000 0x00000001545ff698 0x0000000154600000 O/14    Allocating 
 Small   0x0000000154800000 0x0000000154a00000 0x0000000154a00000 Y/135   Relocatable
 Small   0x0000000154a00000 0x0000000154c00000 0x0000000154c00000 Y/135   Relocatable
 Small   0x0000000154c00000 0x0000000154e00000 0x0000000154e00000 Y/135   Relocatable
 Small   0x0000000154e00000 0x0000000155000000 0x0000000155000000 Y/135   Relocatable
 Small   0x0000000155000000 0x00000001551fffb8 0x0000000155200000 O/11    Relocatable
 Small   0x0000000155200000 0x0000000155400000 0x0000000155400000 Y/136   Allocating 
 Small   0x0000000155400000 0x0000000155600000 0x0000000155600000 O/14    Allocating 
 Small   0x0000000155600000 0x0000000155800000 0x0000000155800000 Y/135   Relocatable
 Small   0x0000000155a00000 0x0000000155c00000 0x0000000155c00000 Y/135   Relocatable
 Small   0x0000000155c00000 0x0000000155dffff8 0x0000000155e00000 O/10    Relocatable
 Small   0x0000000155e00000 0x0000000156000000 0x0000000156000000 Y/136   Allocating 
 Small   0x0000000156000000 0x00000001561fff90 0x0000000156200000 O/9     Relocatable
 Small   0x0000000156400000 0x0000000156600000 0x0000000156600000 Y/135   Relocatable
 Small   0x0000000156600000 0x0000000156800000 0x0000000156800000 Y/135   Relocatable
 Small   0x0000000156800000 0x0000000156a00000 0x0000000156a00000 Y/135   Relocatable
 Small   0x0000000156a00000 0x0000000156c00000 0x0000000156c00000 Y/135   Relocatable
 Small   0x0000000156c00000 0x0000000156e00000 0x0000000156e00000 Y/135   Relocatable
 Small   0x0000000156e00000 0x0000000157000000 0x0000000157000000 Y/135   Relocatable
 Small   0x0000000157000000 0x0000000157200000 0x0000000157200000 Y/135   Relocatable
 Small   0x0000000157400000 0x0000000157600000 0x0000000157600000 Y/135   Relocatable
 Small   0x0000000157600000 0x0000000157800000 0x0000000157800000 Y/135   Relocatable
 Small   0x0000000157800000 0x0000000157a00000 0x0000000157a00000 Y/136   Allocating 
 Small   0x0000000157a00000 0x0000000157c00000 0x0000000157c00000 Y/135   Relocatable
 Small   0x0000000157c00000 0x0000000157e00000 0x0000000157e00000 Y/135   Relocatable
 Small   0x0000000157e00000 0x0000000158000000 0x0000000158000000 Y/135   Relocatable
 Small   0x0000000158000000 0x0000000158200000 0x0000000158200000 Y/135   Relocatable
 Small   0x0000000158200000 0x00000001583fffb8 0x0000000158400000 O/9     Relocatable
 Small   0x0000000158400000 0x0000000158600000 0x0000000158600000 Y/136   Allocating 
 Small   0x0000000158600000 0x0000000158800000 0x0000000158800000 Y/135   Relocatable
 Small   0x0000000158a00000 0x0000000158bffff0 0x0000000158c00000 O/13    Relocatable
 Small   0x0000000158c00000 0x0000000158e00000 0x0000000158e00000 Y/135   Relocatable
 Small   0x0000000158e00000 0x0000000159000000 0x0000000159000000 Y/135   Relocatable
 Small   0x0000000159200000 0x0000000159400000 0x0000000159400000 Y/135   Relocatable
 Small   0x0000000159400000 0x0000000159600000 0x0000000159600000 Y/135   Relocatable
 Small   0x0000000159600000 0x0000000159800000 0x0000000159800000 Y/135   Relocatable
 Small   0x0000000159800000 0x0000000159a00000 0x0000000159a00000 Y/135   Relocatable
 Small   0x0000000159a00000 0x0000000159c00000 0x0000000159c00000 Y/135   Relocatable
 Small   0x0000000159c00000 0x0000000159e00000 0x0000000159e00000 Y/135   Relocatable
 Small   0x000000015a000000 0x000000015a200000 0x000000015a200000 Y/135   Relocatable
 Small   0x000000015a200000 0x000000015a3fffc8 0x000000015a400000 O/12    Relocatable
 Small   0x000000015a600000 0x000000015a800000 0x000000015a800000 Y/135   Relocatable
 Small   0x000000015a800000 0x000000015aa00000 0x000000015aa00000 Y/135   Relocatable
 Small   0x000000015ac00000 0x000000015ae00000 0x000000015ae00000 Y/135   Relocatable
 Small   0x000000015ae00000 0x000000015b000000 0x000000015b000000 Y/135   Relocatable
 Small   0x000000015b000000 0x000000015b200000 0x000000015b200000 Y/135   Relocatable
 Small   0x000000015b400000 0x000000015b600000 0x000000015b600000 Y/135   Relocatable
 Small   0x000000015b600000 0x000000015b800000 0x000000015b800000 Y/135   Relocatable
 Small   0x000000015ba00000 0x000000015bbfffe0 0x000000015bc00000 O/10    Relocatable
 Small   0x000000015bc00000 0x000000015be00000 0x000000015be00000 Y/135   Relocatable
 Small   0x000000015be00000 0x000000015bfffff0 0x000000015c000000 O/9     Relocatable
 Small   0x000000015c000000 0x000000015c200000 0x000000015c200000 Y/135   Relocatable
 Small   0x000000015c200000 0x000000015c400000 0x000000015c400000 Y/136   Allocating 
 Small   0x000000015c400000 0x000000015c600000 0x000000015c600000 Y/135   Relocatable
 Small   0x000000015c600000 0x000000015c800000 0x000000015c800000 Y/135   Relocatable
 Small   0x000000015c800000 0x000000015ca00000 0x000000015ca00000 Y/135   Relocatable
 Small   0x000000015ca00000 0x000000015cc00000 0x000000015cc00000 Y/135   Relocatable
 Small   0x000000015cc00000 0x000000015ce00000 0x000000015ce00000 Y/135   Relocatable
 Small   0x000000015ce00000 0x000000015d000000 0x000000015d000000 Y/135   Relocatable
 Small   0x000000015d000000 0x000000015d200000 0x000000015d200000 Y/135   Relocatable
 Small   0x000000015d200000 0x000000015d400000 0x000000015d400000 Y/135   Relocatable
 Small   0x000000015d400000 0x000000015d600000 0x000000015d600000 Y/135   Relocatable
 Small   0x000000015d600000 0x000000015d800000 0x000000015d800000 Y/135   Relocatable
 Small   0x000000015d800000 0x000000015da00000 0x000000015da00000 Y/135   Relocatable
 Small   0x000000015da00000 0x000000015dc00000 0x000000015dc00000 Y/135   Relocatable
 Small   0x000000015dc00000 0x000000015de00000 0x000000015de00000 Y/135   Relocatable
 Small   0x000000015e000000 0x000000015e200000 0x000000015e200000 Y/135   Relocatable
 Small   0x000000015e200000 0x000000015e400000 0x000000015e400000 Y/136   Allocating 
 Small   0x000000015e400000 0x000000015e600000 0x000000015e600000 Y/135   Relocatable
 Small   0x000000015e600000 0x000000015e800000 0x000000015e800000 Y/135   Relocatable
 Small   0x000000015e800000 0x000000015ea00000 0x000000015ea00000 Y/135   Relocatable
 Small   0x000000015ea00000 0x000000015ec00000 0x000000015ec00000 Y/135   Relocatable
 Small   0x000000015ec00000 0x000000015ee00000 0x000000015ee00000 O/11    Relocatable
 Small   0x000000015ee00000 0x000000015f000000 0x000000015f000000 Y/135   Relocatable
 Small   0x000000015f000000 0x000000015f200000 0x000000015f200000 Y/135   Relocatable
 Small   0x000000015f200000 0x000000015f3ff748 0x000000015f400000 O/14    Allocating 
 Small   0x000000015f400000 0x000000015f600000 0x000000015f600000 Y/135   Relocatable
 Small   0x000000015f600000 0x000000015f7ffbd0 0x000000015f800000 Y/135   Relocatable
 Small   0x000000015f800000 0x000000015fa00000 0x000000015fa00000 Y/135   Relocatable
 Small   0x000000015fa00000 0x000000015fc00000 0x000000015fc00000 Y/136   Allocating 
 Small   0x000000015fc00000 0x000000015fe00000 0x000000015fe00000 Y/135   Relocatable
 Small   0x000000015fe00000 0x0000000160000000 0x0000000160000000 Y/135   Relocatable
 Small   0x0000000160000000 0x0000000160200000 0x0000000160200000 Y/135   Relocatable
 Small   0x0000000160200000 0x0000000160400000 0x0000000160400000 Y/135   Relocatable
 Small   0x0000000160400000 0x00000001605fffd0 0x0000000160600000 O/14    Allocating 
 Small   0x0000000160600000 0x0000000160800000 0x0000000160800000 Y/135   Relocatable
 Small   0x0000000160800000 0x0000000160a00000 0x0000000160a00000 Y/135   Relocatable
 Small   0x0000000160a00000 0x0000000160c00000 0x0000000160c00000 Y/135   Relocatable
 Small   0x0000000160c00000 0x0000000160e00000 0x0000000160e00000 Y/136   Allocating 
 Small   0x0000000160e00000 0x0000000161000000 0x0000000161000000 Y/135   Relocatable
 Small   0x0000000161000000 0x0000000161200000 0x0000000161200000 Y/135   Relocatable
 Small   0x0000000161200000 0x0000000161400000 0x0000000161400000 Y/135   Relocatable
 Small   0x0000000161400000 0x0000000161600000 0x0000000161600000 Y/135   Relocatable
 Small   0x0000000161600000 0x00000001617ffff8 0x0000000161800000 O/10    Relocatable
 Small   0x0000000161800000 0x0000000161a00000 0x0000000161a00000 Y/136   Allocating 
 Small   0x0000000161a00000 0x0000000161c00000 0x0000000161c00000 Y/135   Relocatable
 Small   0x0000000161c00000 0x0000000161e00000 0x0000000161e00000 Y/136   Allocating 
 Small   0x0000000161e00000 0x0000000162000000 0x0000000162000000 Y/136   Allocating 
 Small   0x0000000162000000 0x0000000162200000 0x0000000162200000 Y/135   Relocatable
 Small   0x0000000162200000 0x0000000162400000 0x0000000162400000 Y/135   Relocatable
 Small   0x0000000162400000 0x0000000162600000 0x0000000162600000 Y/135   Relocatable
 Small   0x0000000162800000 0x0000000162a00000 0x0000000162a00000 Y/135   Relocatable
 Small   0x0000000162a00000 0x0000000162c00000 0x0000000162c00000 Y/135   Relocatable
 Small   0x0000000162c00000 0x0000000162e00000 0x0000000162e00000 Y/135   Relocatable
 Small   0x0000000162e00000 0x0000000163000000 0x0000000163000000 Y/135   Relocatable
 Small   0x0000000163000000 0x0000000163200000 0x0000000163200000 Y/135   Relocatable
 Small   0x0000000163200000 0x0000000163400000 0x0000000163400000 Y/135   Relocatable
 Small   0x0000000163400000 0x00000001635fffd8 0x0000000163600000 O/13    Relocatable
 Small   0x0000000163600000 0x0000000163800000 0x0000000163800000 Y/135   Relocatable
 Small   0x0000000163800000 0x0000000163a00000 0x0000000163a00000 Y/135   Relocatable
 Small   0x0000000163a00000 0x0000000163c00000 0x0000000163c00000 Y/135   Relocatable
 Small   0x0000000163c00000 0x0000000163e00000 0x0000000163e00000 Y/135   Relocatable
 Small   0x0000000163e00000 0x0000000164000000 0x0000000164000000 Y/135   Relocatable
 Small   0x0000000164200000 0x0000000164400000 0x0000000164400000 Y/135   Relocatable
 Small   0x0000000164400000 0x0000000164600000 0x0000000164600000 Y/135   Relocatable
 Small   0x0000000164600000 0x0000000164800000 0x0000000164800000 Y/136   Allocating 
 Small   0x0000000164a00000 0x0000000164c00000 0x0000000164c00000 Y/135   Relocatable
 Small   0x0000000164e00000 0x0000000165000000 0x0000000165000000 Y/135   Relocatable
 Small   0x0000000165400000 0x0000000165600000 0x0000000165600000 Y/135   Relocatable
 Small   0x0000000165600000 0x00000001657fffe8 0x0000000165800000 O/11    Relocatable
 Small   0x0000000165800000 0x0000000165a00000 0x0000000165a00000 Y/135   Relocatable
 Small   0x0000000165e00000 0x0000000166000000 0x0000000166000000 O/9     Relocatable
 Small   0x0000000166000000 0x0000000166200000 0x0000000166200000 Y/135   Relocatable
 Small   0x0000000166200000 0x0000000166400000 0x0000000166400000 Y/135   Relocatable
 Small   0x0000000166400000 0x00000001665fffe8 0x0000000166600000 O/10    Relocatable
 Small   0x0000000166600000 0x0000000166800000 0x0000000166800000 Y/136   Allocating 
 Small   0x0000000166800000 0x0000000166a00000 0x0000000166a00000 Y/135   Relocatable
 Small   0x0000000166a00000 0x0000000166c00000 0x0000000166c00000 Y/135   Relocatable
 Small   0x0000000166c00000 0x0000000166e00000 0x0000000166e00000 Y/135   Relocatable
 Small   0x0000000166e00000 0x0000000167000000 0x0000000167000000 Y/135   Relocatable
 Small   0x0000000167000000 0x0000000167200000 0x0000000167200000 Y/135   Relocatable
 Small   0x0000000167200000 0x0000000167400000 0x0000000167400000 Y/135   Relocatable
 Small   0x0000000167400000 0x0000000167600000 0x0000000167600000 Y/135   Relocatable
 Small   0x0000000167600000 0x0000000167800000 0x0000000167800000 Y/135   Relocatable
 Small   0x0000000167800000 0x0000000167a00000 0x0000000167a00000 Y/135   Relocatable
 Small   0x0000000167a00000 0x0000000167c00000 0x0000000167c00000 Y/136   Allocating 
 Small   0x0000000167c00000 0x0000000167e00000 0x0000000167e00000 Y/135   Relocatable
 Small   0x0000000167e00000 0x0000000168000000 0x0000000168000000 Y/135   Relocatable
 Small   0x0000000168200000 0x00000001683fffd0 0x0000000168400000 O/12    Relocatable
 Small   0x0000000168400000 0x0000000168600000 0x0000000168600000 Y/135   Relocatable
 Small   0x0000000168600000 0x0000000168800000 0x0000000168800000 Y/135   Relocatable
 Small   0x0000000168800000 0x0000000168a00000 0x0000000168a00000 Y/135   Relocatable
 Small   0x0000000168a00000 0x0000000168c00000 0x0000000168c00000 Y/135   Relocatable
 Small   0x0000000168c00000 0x0000000168e00000 0x0000000168e00000 Y/135   Relocatable
 Small   0x0000000168e00000 0x0000000168ffffe0 0x0000000169000000 O/9     Relocatable
 Small   0x0000000169000000 0x00000001691fff70 0x0000000169200000 O/10    Relocatable
 Small   0x0000000169200000 0x0000000169400000 0x0000000169400000 Y/136   Allocating 
 Small   0x0000000169400000 0x0000000169600000 0x0000000169600000 O/10    Relocatable
 Small   0x0000000169600000 0x0000000169800000 0x0000000169800000 Y/135   Relocatable
 Small   0x0000000169800000 0x0000000169a00000 0x0000000169a00000 Y/135   Relocatable
 Small   0x0000000169a00000 0x0000000169c00000 0x0000000169c00000 Y/136   Allocating 
 Small   0x0000000169c00000 0x0000000169dfffe0 0x0000000169e00000 O/9     Relocatable
 Small   0x0000000169e00000 0x000000016a000000 0x000000016a000000 Y/135   Relocatable
 Small   0x000000016a000000 0x000000016a1fffe0 0x000000016a200000 O/10    Relocatable
 Small   0x000000016a200000 0x000000016a400000 0x000000016a400000 Y/135   Relocatable
 Small   0x000000016a600000 0x000000016a800000 0x000000016a800000 Y/135   Relocatable
 Small   0x000000016a800000 0x000000016aa00000 0x000000016aa00000 Y/135   Relocatable
 Small   0x000000016aa00000 0x000000016ac00000 0x000000016ac00000 Y/135   Relocatable
 Small   0x000000016ae00000 0x000000016afffff0 0x000000016b000000 O/10    Relocatable
 Small   0x000000016b000000 0x000000016b200000 0x000000016b200000 Y/135   Relocatable
 Small   0x000000016b200000 0x000000016b400000 0x000000016b400000 Y/135   Relocatable
 Small   0x000000016b400000 0x000000016b600000 0x000000016b600000 Y/135   Relocatable
 Small   0x000000016b600000 0x000000016b800000 0x000000016b800000 Y/135   Relocatable
 Small   0x000000016b800000 0x000000016b9ffe70 0x000000016ba00000 Y/135   Relocatable
 Small   0x000000016ba00000 0x000000016bc00000 0x000000016bc00000 Y/135   Relocatable
 Small   0x000000016bc00000 0x000000016be00000 0x000000016be00000 Y/135   Relocatable
 Small   0x000000016be00000 0x000000016c000000 0x000000016c000000 Y/135   Relocatable
 Small   0x000000016c000000 0x000000016c200000 0x000000016c200000 Y/136   Allocating 
 Small   0x000000016c200000 0x000000016c3ffff0 0x000000016c400000 O/14    Allocating 
 Small   0x000000016c400000 0x000000016c5ffff8 0x000000016c600000 O/9     Relocatable
 Small   0x000000016c600000 0x000000016c800000 0x000000016c800000 Y/135   Relocatable
 Small   0x000000016c800000 0x000000016ca00000 0x000000016ca00000 Y/135   Relocatable
 Small   0x000000016ca00000 0x000000016cbfe8a0 0x000000016cc00000 O/14    Allocating 
 Small   0x000000016cc00000 0x000000016ce00000 0x000000016ce00000 Y/135   Relocatable
 Small   0x000000016ce00000 0x000000016d000000 0x000000016d000000 Y/135   Relocatable
 Small   0x000000016d000000 0x000000016d200000 0x000000016d200000 Y/135   Relocatable
 Small   0x000000016d200000 0x000000016d400000 0x000000016d400000 Y/135   Relocatable
 Small   0x000000016d400000 0x000000016d600000 0x000000016d600000 Y/135   Relocatable
 Small   0x000000016d600000 0x000000016d800000 0x000000016d800000 Y/135   Relocatable
 Small   0x000000016d800000 0x000000016d9fffc0 0x000000016da00000 O/9     Relocatable
 Small   0x000000016dc00000 0x000000016de00000 0x000000016de00000 Y/135   Relocatable
 Small   0x000000016de00000 0x000000016e000000 0x000000016e000000 Y/135   Relocatable
 Small   0x000000016e200000 0x000000016e400000 0x000000016e400000 Y/135   Relocatable
 Small   0x000000016e400000 0x000000016e600000 0x000000016e600000 Y/135   Relocatable
 Small   0x000000016e600000 0x000000016e800000 0x000000016e800000 Y/135   Relocatable
 Small   0x000000016e800000 0x000000016ea00000 0x000000016ea00000 Y/135   Relocatable
 Small   0x000000016ea00000 0x000000016ec00000 0x000000016ec00000 Y/135   Relocatable
 Small   0x000000016ec00000 0x000000016edffff8 0x000000016ee00000 O/13    Relocatable
 Small   0x000000016ee00000 0x000000016f000000 0x000000016f000000 Y/135   Relocatable
 Small   0x000000016f000000 0x000000016f200000 0x000000016f200000 Y/136   Allocating 
 Small   0x000000016f200000 0x000000016f3ffff0 0x000000016f400000 O/10    Relocatable
 Small   0x000000016f400000 0x000000016f600000 0x000000016f600000 Y/135   Relocatable
 Small   0x000000016f600000 0x000000016f7fffd8 0x000000016f800000 O/10    Relocatable
 Small   0x000000016f800000 0x000000016fa00000 0x000000016fa00000 Y/135   Relocatable
 Small   0x000000016fa00000 0x000000016fc00000 0x000000016fc00000 Y/135   Relocatable
 Small   0x000000016fe00000 0x0000000170000000 0x0000000170000000 Y/135   Relocatable
 Small   0x0000000170000000 0x00000001701fffd8 0x0000000170200000 O/13    Relocatable
 Small   0x0000000170200000 0x0000000170400000 0x0000000170400000 Y/135   Relocatable
 Small   0x0000000170400000 0x00000001705ffcf0 0x0000000170600000 O/14    Allocating 
 Small   0x0000000170600000 0x0000000170800000 0x0000000170800000 Y/135   Relocatable
 Small   0x0000000170800000 0x0000000170a00000 0x0000000170a00000 O/9     Relocatable
 Small   0x0000000170a00000 0x0000000170c00000 0x0000000170c00000 Y/135   Relocatable
 Small   0x0000000170c00000 0x0000000170e00000 0x0000000170e00000 Y/135   Relocatable
 Small   0x0000000170e00000 0x0000000170fffff0 0x0000000171000000 O/14    Allocating 
 Small   0x0000000171000000 0x0000000171200000 0x0000000171200000 Y/135   Relocatable
 Small   0x0000000171200000 0x0000000171200018 0x0000000171400000 Y/135   Relocatable
 Small   0x0000000171400000 0x00000001715ffff8 0x0000000171600000 O/10    Relocatable
 Small   0x0000000171600000 0x0000000171800000 0x0000000171800000 Y/135   Relocatable
 Small   0x0000000171800000 0x0000000171a00000 0x0000000171a00000 Y/135   Relocatable
 Small   0x0000000171a00000 0x0000000171c00000 0x0000000171c00000 Y/135   Relocatable
 Small   0x0000000171c00000 0x0000000171e00000 0x0000000171e00000 Y/135   Relocatable
 Small   0x0000000171e00000 0x0000000172000000 0x0000000172000000 Y/135   Relocatable
 Small   0x0000000172200000 0x0000000172400000 0x0000000172400000 Y/136   Allocating 
 Small   0x0000000172400000 0x0000000172600000 0x0000000172600000 Y/135   Relocatable
 Small   0x0000000172600000 0x0000000172800000 0x0000000172800000 Y/135   Relocatable
 Small   0x0000000172800000 0x0000000172a00000 0x0000000172a00000 Y/135   Relocatable
 Small   0x0000000172a00000 0x0000000172c00000 0x0000000172c00000 Y/135   Relocatable
 Small   0x0000000172c00000 0x0000000172e00000 0x0000000172e00000 Y/135   Relocatable
 Small   0x0000000172e00000 0x0000000173000000 0x0000000173000000 Y/136   Allocating 
 Small   0x0000000173000000 0x0000000173200000 0x0000000173200000 Y/136   Allocating 
 Small   0x0000000173200000 0x0000000173400000 0x0000000173400000 Y/135   Relocatable
 Small   0x0000000173400000 0x0000000173600000 0x0000000173600000 Y/135   Relocatable
 Small   0x0000000173600000 0x0000000173800000 0x0000000173800000 Y/135   Relocatable
 Small   0x0000000173800000 0x00000001739ffe58 0x0000000173a00000 O/14    Allocating 
 Small   0x0000000173a00000 0x0000000173c00000 0x0000000173c00000 Y/135   Relocatable
 Small   0x0000000173c00000 0x0000000173e00000 0x0000000173e00000 Y/135   Relocatable
 Small   0x0000000173e00000 0x0000000174000000 0x0000000174000000 Y/135   Relocatable
 Small   0x0000000174000000 0x00000001741fddd0 0x0000000174200000 O/14    Allocating 
 Small   0x0000000174200000 0x0000000174400000 0x0000000174400000 O/10    Relocatable
 Small   0x0000000174400000 0x0000000174600000 0x0000000174600000 Y/135   Relocatable
 Small   0x0000000174600000 0x0000000174800000 0x0000000174800000 Y/136   Allocating 
 Small   0x0000000174800000 0x0000000174a00000 0x0000000174a00000 Y/135   Relocatable
 Small   0x0000000174c00000 0x0000000174e00000 0x0000000174e00000 Y/135   Relocatable
 Small   0x0000000174e00000 0x0000000175000000 0x0000000175000000 Y/135   Relocatable
 Small   0x0000000175000000 0x0000000175200000 0x0000000175200000 Y/135   Relocatable
 Small   0x0000000175200000 0x0000000175400000 0x0000000175400000 Y/135   Relocatable
 Small   0x0000000175400000 0x0000000175600000 0x0000000175600000 Y/135   Relocatable
 Small   0x0000000175600000 0x0000000175800000 0x0000000175800000 Y/135   Relocatable
 Small   0x0000000175800000 0x0000000175a00000 0x0000000175a00000 Y/135   Relocatable
 Small   0x0000000175c00000 0x0000000175e00000 0x0000000175e00000 Y/135   Relocatable
 Small   0x0000000176000000 0x0000000176200000 0x0000000176200000 Y/135   Relocatable
 Small   0x0000000176200000 0x0000000176400000 0x0000000176400000 Y/135   Relocatable
 Small   0x0000000176400000 0x0000000176600000 0x0000000176600000 Y/135   Relocatable
 Small   0x0000000176600000 0x0000000176800000 0x0000000176800000 Y/135   Relocatable
 Small   0x0000000176a00000 0x0000000176c00000 0x0000000176c00000 Y/135   Relocatable
 Small   0x0000000176c00000 0x0000000176e00000 0x0000000176e00000 Y/135   Relocatable
 Small   0x0000000176e00000 0x0000000176ffffe0 0x0000000177000000 O/10    Relocatable
 Small   0x0000000177000000 0x00000001771ffff0 0x0000000177200000 O/12    Relocatable
 Small   0x0000000177200000 0x0000000177400000 0x0000000177400000 Y/135   Relocatable
 Small   0x0000000177600000 0x00000001777ffff8 0x0000000177800000 O/9     Relocatable
 Small   0x0000000177800000 0x0000000177a00000 0x0000000177a00000 Y/135   Relocatable
 Small   0x0000000177a00000 0x0000000177c00000 0x0000000177c00000 Y/135   Relocatable
 Small   0x0000000177c00000 0x0000000177e00000 0x0000000177e00000 Y/135   Relocatable
 Small   0x0000000177e00000 0x0000000178000000 0x0000000178000000 Y/135   Relocatable
 Small   0x0000000178000000 0x00000001781fe4d0 0x0000000178200000 O/14    Allocating 
 Small   0x0000000178200000 0x0000000178400000 0x0000000178400000 Y/135   Relocatable
 Small   0x0000000178400000 0x0000000178600000 0x0000000178600000 Y/136   Allocating 
 Small   0x0000000178600000 0x0000000178800000 0x0000000178800000 Y/136   Allocating 
 Small   0x0000000178800000 0x0000000178a00000 0x0000000178a00000 Y/135   Relocatable
 Small   0x0000000178a00000 0x0000000178c00000 0x0000000178c00000 Y/135   Relocatable
 Small   0x0000000178c00000 0x0000000178e00000 0x0000000178e00000 Y/135   Relocatable
 Small   0x0000000178e00000 0x0000000179000000 0x0000000179000000 Y/135   Relocatable
 Small   0x0000000179000000 0x0000000179200000 0x0000000179200000 Y/135   Relocatable
 Small   0x0000000179200000 0x00000001793fffc0 0x0000000179400000 O/10    Relocatable
 Small   0x0000000179600000 0x0000000179800000 0x0000000179800000 Y/136   Allocating 
 Small   0x0000000179a00000 0x0000000179bfffe8 0x0000000179c00000 O/9     Relocatable
 Small   0x0000000179c00000 0x0000000179e00000 0x0000000179e00000 Y/135   Relocatable
 Small   0x0000000179e00000 0x0000000179ffd350 0x000000017a000000 O/13    Relocatable
 Small   0x000000017a000000 0x000000017a200000 0x000000017a200000 Y/135   Relocatable
 Small   0x000000017a400000 0x000000017a600000 0x000000017a600000 Y/136   Allocating 
 Small   0x000000017a600000 0x000000017a800000 0x000000017a800000 Y/135   Relocatable
 Small   0x000000017aa00000 0x000000017ac00000 0x000000017ac00000 Y/135   Relocatable
 Small   0x000000017ac00000 0x000000017ae00000 0x000000017ae00000 Y/135   Relocatable
 Small   0x000000017ae00000 0x000000017b000000 0x000000017b000000 Y/135   Relocatable
 Small   0x000000017b000000 0x000000017b200000 0x000000017b200000 Y/135   Relocatable
 Small   0x000000017b200000 0x000000017b400000 0x000000017b400000 Y/135   Relocatable
 Small   0x000000017b400000 0x000000017b600000 0x000000017b600000 Y/135   Relocatable
 Small   0x000000017b600000 0x000000017b800000 0x000000017b800000 Y/135   Relocatable
 Small   0x000000017b800000 0x000000017ba00000 0x000000017ba00000 Y/135   Relocatable
 Small   0x000000017ba00000 0x000000017bc00000 0x000000017bc00000 Y/136   Allocating 
 Small   0x000000017bc00000 0x000000017be00000 0x000000017be00000 Y/135   Relocatable
 Small   0x000000017be00000 0x000000017c000000 0x000000017c000000 Y/135   Relocatable
 Small   0x000000017c000000 0x000000017c200000 0x000000017c200000 Y/135   Relocatable
 Small   0x000000017c200000 0x000000017c400000 0x000000017c400000 Y/135   Relocatable
 Small   0x000000017c400000 0x000000017c600000 0x000000017c600000 Y/135   Relocatable
 Small   0x000000017c600000 0x000000017c800000 0x000000017c800000 Y/135   Relocatable
 Small   0x000000017c800000 0x000000017ca00000 0x000000017ca00000 Y/135   Relocatable
 Small   0x000000017ca00000 0x000000017cc00000 0x000000017cc00000 Y/136   Allocating 
 Small   0x000000017ce00000 0x000000017d000000 0x000000017d000000 Y/135   Relocatable
 Small   0x000000017d000000 0x000000017d200000 0x000000017d200000 Y/135   Relocatable
 Small   0x000000017d200000 0x000000017d400000 0x000000017d400000 Y/135   Relocatable
 Small   0x000000017d800000 0x000000017d9fd710 0x000000017da00000 O/14    Allocating 
 Small   0x000000017da00000 0x000000017dc00000 0x000000017dc00000 Y/136   Allocating 
 Small   0x000000017dc00000 0x000000017de00000 0x000000017de00000 Y/135   Relocatable
 Small   0x000000017de00000 0x000000017dffffe0 0x000000017e000000 O/12    Relocatable
 Small   0x000000017e000000 0x000000017e200000 0x000000017e200000 Y/135   Relocatable
 Small   0x000000017e600000 0x000000017e800000 0x000000017e800000 Y/135   Relocatable
 Small   0x000000017e800000 0x000000017ea00000 0x000000017ea00000 Y/135   Relocatable
 Small   0x000000017ea00000 0x000000017ebfff98 0x000000017ec00000 O/13    Relocatable
 Small   0x000000017ec00000 0x000000017ee00000 0x000000017ee00000 Y/135   Relocatable
 Small   0x000000017ee00000 0x000000017f000000 0x000000017f000000 Y/135   Relocatable
 Small   0x000000017f000000 0x000000017f200000 0x000000017f200000 Y/135   Relocatable
 Small   0x000000017f400000 0x000000017f600000 0x000000017f600000 Y/135   Relocatable
 Small   0x000000017f600000 0x000000017f800000 0x000000017f800000 Y/135   Relocatable
 Small   0x000000017f800000 0x000000017fa00000 0x000000017fa00000 Y/136   Allocating 
 Small   0x000000017fa00000 0x000000017fbfffe0 0x000000017fc00000 O/13    Relocatable
 Small   0x000000017fc00000 0x000000017fe00000 0x000000017fe00000 Y/135   Relocatable
 Small   0x000000017fe00000 0x0000000180000000 0x0000000180000000 Y/135   Relocatable
 Small   0x0000000180000000 0x0000000180200000 0x0000000180200000 Y/135   Relocatable
 Small   0x0000000180200000 0x0000000180400000 0x0000000180400000 Y/136   Allocating 
 Small   0x0000000180600000 0x0000000180800000 0x0000000180800000 Y/136   Allocating 
 Small   0x0000000180800000 0x00000001809ffe88 0x0000000180a00000 O/14    Allocating 
 Small   0x0000000180a00000 0x0000000180c00000 0x0000000180c00000 Y/135   Relocatable
 Small   0x0000000180c00000 0x0000000180e00000 0x0000000180e00000 Y/135   Relocatable
 Small   0x0000000180e00000 0x0000000181000000 0x0000000181000000 Y/135   Relocatable
 Small   0x0000000181000000 0x0000000181200000 0x0000000181200000 Y/135   Relocatable
 Small   0x0000000181200000 0x0000000181400000 0x0000000181400000 Y/135   Relocatable
 Small   0x0000000181600000 0x0000000181800000 0x0000000181800000 Y/135   Relocatable
 Small   0x0000000181800000 0x0000000181a00000 0x0000000181a00000 Y/135   Relocatable
 Small   0x0000000181a00000 0x0000000181c00000 0x0000000181c00000 Y/135   Relocatable
 Small   0x0000000181c00000 0x0000000181e00000 0x0000000181e00000 Y/135   Relocatable
 Small   0x0000000181e00000 0x0000000182000000 0x0000000182000000 Y/135   Relocatable
 Small   0x0000000182000000 0x0000000182200000 0x0000000182200000 Y/135   Relocatable
 Small   0x0000000182200000 0x0000000182400000 0x0000000182400000 Y/135   Relocatable
 Small   0x0000000182400000 0x0000000182600000 0x0000000182600000 Y/135   Relocatable
 Small   0x0000000182600000 0x00000001827ff300 0x0000000182800000 O/10    Relocatable
 Small   0x0000000182800000 0x0000000182a00000 0x0000000182a00000 Y/135   Relocatable
 Small   0x0000000182a00000 0x0000000182c00000 0x0000000182c00000 Y/135   Relocatable
 Small   0x0000000182c00000 0x0000000182e00000 0x0000000182e00000 Y/135   Relocatable
 Small   0x0000000183000000 0x0000000183200000 0x0000000183200000 Y/136   Allocating 
 Small   0x0000000183200000 0x00000001833ffff0 0x0000000183400000 O/12    Relocatable
 Small   0x0000000183400000 0x0000000183600000 0x0000000183600000 Y/135   Relocatable
 Small   0x0000000183600000 0x0000000183800000 0x0000000183800000 Y/135   Relocatable
 Small   0x0000000183a00000 0x0000000183c00000 0x0000000183c00000 Y/135   Relocatable
 Small   0x0000000183c00000 0x0000000183e00000 0x0000000183e00000 Y/135   Relocatable
 Small   0x0000000183e00000 0x0000000184000000 0x0000000184000000 Y/135   Relocatable
 Small   0x0000000184000000 0x0000000184200000 0x0000000184200000 Y/135   Relocatable
 Small   0x0000000184200000 0x0000000184400000 0x0000000184400000 Y/135   Relocatable
 Small   0x0000000184400000 0x0000000184600000 0x0000000184600000 Y/135   Relocatable
 Small   0x0000000184600000 0x0000000184800000 0x0000000184800000 Y/135   Relocatable
 Small   0x0000000184800000 0x0000000184a00000 0x0000000184a00000 Y/135   Relocatable
 Small   0x0000000184a00000 0x0000000184c00000 0x0000000184c00000 Y/135   Relocatable
 Small   0x0000000184c00000 0x0000000184e00000 0x0000000184e00000 Y/135   Relocatable
 Small   0x0000000184e00000 0x0000000185000000 0x0000000185000000 Y/135   Relocatable
 Small   0x0000000185000000 0x0000000185200000 0x0000000185200000 Y/135   Relocatable
 Small   0x0000000185200000 0x0000000185400000 0x0000000185400000 Y/135   Relocatable
 Small   0x0000000185400000 0x0000000185600000 0x0000000185600000 Y/135   Relocatable
 Small   0x0000000185a00000 0x0000000185c00000 0x0000000185c00000 Y/135   Relocatable
 Small   0x0000000185c00000 0x0000000185e00000 0x0000000185e00000 Y/135   Relocatable
 Small   0x0000000186000000 0x0000000186200000 0x0000000186200000 Y/135   Relocatable
 Small   0x0000000186200000 0x0000000186400000 0x0000000186400000 Y/135   Relocatable
 Small   0x0000000186600000 0x00000001867fffe8 0x0000000186800000 O/11    Relocatable
 Small   0x0000000186800000 0x00000001869ffcc0 0x0000000186a00000 O/12    Relocatable
 Small   0x0000000186a00000 0x0000000186c00000 0x0000000186c00000 Y/135   Relocatable
 Small   0x0000000186c00000 0x0000000186c00060 0x0000000186e00000 Y/135   Relocatable
 Small   0x0000000186e00000 0x0000000187000000 0x0000000187000000 Y/135   Relocatable
 Small   0x0000000187000000 0x0000000187200000 0x0000000187200000 Y/135   Relocatable
 Small   0x0000000187200000 0x0000000187400000 0x0000000187400000 Y/135   Relocatable
 Small   0x0000000187400000 0x0000000187600000 0x0000000187600000 Y/136   Allocating 
 Small   0x0000000187600000 0x0000000187800000 0x0000000187800000 Y/135   Relocatable
 Small   0x0000000187800000 0x0000000187a00000 0x0000000187a00000 Y/135   Relocatable
 Small   0x0000000187a00000 0x0000000187c00000 0x0000000187c00000 Y/135   Relocatable
 Small   0x0000000187c00000 0x0000000187e00000 0x0000000187e00000 Y/135   Relocatable
 Small   0x0000000187e00000 0x0000000188000000 0x0000000188000000 Y/136   Allocating 
 Small   0x0000000188000000 0x0000000188200000 0x0000000188200000 Y/135   Relocatable
 Small   0x0000000188200000 0x0000000188400000 0x0000000188400000 Y/135   Relocatable
 Small   0x0000000188600000 0x0000000188800000 0x0000000188800000 Y/135   Relocatable
 Small   0x0000000188800000 0x0000000188a00000 0x0000000188a00000 Y/136   Allocating 
 Small   0x0000000188a00000 0x0000000188c00000 0x0000000188c00000 Y/135   Relocatable
 Small   0x0000000188c00000 0x0000000188e00000 0x0000000188e00000 Y/135   Relocatable
 Small   0x0000000188e00000 0x0000000189000000 0x0000000189000000 Y/135   Relocatable
 Small   0x0000000189000000 0x0000000189200000 0x0000000189200000 Y/135   Relocatable
 Small   0x0000000189200000 0x00000001893ff640 0x0000000189400000 O/10    Relocatable
 Small   0x0000000189600000 0x0000000189800000 0x0000000189800000 Y/135   Relocatable
 Small   0x0000000189a00000 0x0000000189c00000 0x0000000189c00000 Y/135   Relocatable
 Small   0x0000000189c00000 0x0000000189e00000 0x0000000189e00000 Y/135   Relocatable
 Small   0x000000018a000000 0x000000018a200000 0x000000018a200000 Y/135   Relocatable
 Small   0x000000018a200000 0x000000018a3ffd60 0x000000018a400000 O/14    Allocating 
 Small   0x000000018a400000 0x000000018a600000 0x000000018a600000 Y/136   Allocating 
 Small   0x000000018a600000 0x000000018a800000 0x000000018a800000 Y/136   Allocating 
 Small   0x000000018aa00000 0x000000018abfffb8 0x000000018ac00000 O/10    Relocatable
 Small   0x000000018ac00000 0x000000018adfffe0 0x000000018ae00000 O/13    Relocatable
 Small   0x000000018b000000 0x000000018b200000 0x000000018b200000 Y/135   Relocatable
 Small   0x000000018b200000 0x000000018b400000 0x000000018b400000 Y/135   Relocatable
 Small   0x000000018b400000 0x000000018b600000 0x000000018b600000 Y/135   Relocatable
 Small   0x000000018b600000 0x000000018b800000 0x000000018b800000 Y/135   Relocatable
 Small   0x000000018b800000 0x000000018ba00000 0x000000018ba00000 Y/135   Relocatable
 Small   0x000000018ba00000 0x000000018bbfffe0 0x000000018bc00000 O/11    Relocatable
 Small   0x000000018bc00000 0x000000018be00000 0x000000018be00000 Y/136   Allocating 
 Small   0x000000018be00000 0x000000018c000000 0x000000018c000000 Y/136   Allocating 
 Small   0x000000018c000000 0x000000018c200000 0x000000018c200000 Y/136   Allocating 
 Small   0x000000018c200000 0x000000018c400000 0x000000018c400000 Y/135   Relocatable
 Small   0x000000018c400000 0x000000018c600000 0x000000018c600000 Y/135   Relocatable
 Small   0x000000018c600000 0x000000018c800000 0x000000018c800000 Y/135   Relocatable
 Small   0x000000018c800000 0x000000018ca00000 0x000000018ca00000 Y/135   Relocatable
 Small   0x000000018ca00000 0x000000018cc00000 0x000000018cc00000 Y/135   Relocatable
 Small   0x000000018cc00000 0x000000018cdff890 0x000000018ce00000 O/12    Relocatable
 Small   0x000000018ce00000 0x000000018cffffe8 0x000000018d000000 O/10    Relocatable
 Small   0x000000018d000000 0x000000018d200000 0x000000018d200000 Y/135   Relocatable
 Small   0x000000018d200000 0x000000018d400000 0x000000018d400000 Y/135   Relocatable
 Small   0x000000018d400000 0x000000018d600000 0x000000018d600000 Y/135   Relocatable
 Small   0x000000018d600000 0x000000018d800000 0x000000018d800000 Y/135   Relocatable
 Small   0x000000018d800000 0x000000018da00000 0x000000018da00000 Y/136   Allocating 
 Small   0x000000018da00000 0x000000018dc00000 0x000000018dc00000 Y/135   Relocatable
 Small   0x000000018dc00000 0x000000018ddfffe0 0x000000018de00000 O/10    Relocatable
 Small   0x000000018de00000 0x000000018e000000 0x000000018e000000 Y/135   Relocatable
 Small   0x000000018e000000 0x000000018e200000 0x000000018e200000 Y/135   Relocatable
 Small   0x000000018e400000 0x000000018e600000 0x000000018e600000 Y/135   Relocatable
 Small   0x000000018e600000 0x000000018e800000 0x000000018e800000 Y/135   Relocatable
 Small   0x000000018e800000 0x000000018ea00000 0x000000018ea00000 Y/135   Relocatable
 Small   0x000000018ea00000 0x000000018ebffff0 0x000000018ec00000 O/14    Allocating 
 Small   0x000000018ec00000 0x000000018ee00000 0x000000018ee00000 Y/135   Relocatable
 Small   0x000000018f000000 0x000000018f1fffe0 0x000000018f200000 O/10    Relocatable
 Small   0x000000018f200000 0x000000018f400000 0x000000018f400000 Y/136   Allocating 
 Small   0x000000018f600000 0x000000018f800000 0x000000018f800000 Y/136   Allocating 
 Small   0x000000018fa00000 0x000000018fc00000 0x000000018fc00000 Y/135   Relocatable
 Small   0x000000018fc00000 0x000000018fe00000 0x000000018fe00000 Y/135   Relocatable
 Small   0x000000018fe00000 0x0000000190000000 0x0000000190000000 Y/135   Relocatable
 Small   0x0000000190000000 0x0000000190200000 0x0000000190200000 Y/136   Allocating 
 Small   0x0000000190400000 0x0000000190600000 0x0000000190600000 Y/135   Relocatable
 Small   0x0000000190600000 0x0000000190800000 0x0000000190800000 Y/135   Relocatable
 Small   0x0000000190800000 0x0000000190a00000 0x0000000190a00000 Y/135   Relocatable
 Small   0x0000000190a00000 0x0000000190c00000 0x0000000190c00000 Y/135   Relocatable
 Small   0x0000000190c00000 0x0000000190e00000 0x0000000190e00000 Y/135   Relocatable
 Small   0x0000000190e00000 0x0000000191000000 0x0000000191000000 Y/135   Relocatable
 Small   0x0000000191000000 0x00000001911fffd8 0x0000000191200000 O/10    Relocatable
 Small   0x0000000191200000 0x0000000191400000 0x0000000191400000 Y/135   Relocatable
 Small   0x0000000191400000 0x0000000191600000 0x0000000191600000 Y/136   Allocating 
 Small   0x0000000191600000 0x0000000191800000 0x0000000191800000 Y/135   Relocatable
 Small   0x0000000191800000 0x0000000191a00000 0x0000000191a00000 Y/135   Relocatable
 Small   0x0000000191c00000 0x0000000191e00000 0x0000000191e00000 Y/135   Relocatable
 Small   0x0000000191e00000 0x0000000192000000 0x0000000192000000 Y/135   Relocatable
 Small   0x0000000192000000 0x0000000192200000 0x0000000192200000 Y/135   Relocatable
 Small   0x0000000192200000 0x0000000192400000 0x0000000192400000 Y/135   Relocatable
 Small   0x0000000192600000 0x00000001927feaf8 0x0000000192800000 Y/135   Relocatable
 Small   0x0000000192800000 0x0000000192a00000 0x0000000192a00000 Y/135   Relocatable
 Small   0x0000000192c00000 0x0000000192dfff58 0x0000000192e00000 O/9     Relocatable
 Small   0x0000000192e00000 0x0000000193000000 0x0000000193000000 Y/135   Relocatable
 Small   0x0000000193000000 0x0000000193200000 0x0000000193200000 Y/135   Relocatable
 Small   0x0000000193200000 0x0000000193400000 0x0000000193400000 Y/135   Relocatable
 Small   0x0000000193400000 0x00000001935fd638 0x0000000193600000 O/12    Relocatable
 Small   0x0000000193600000 0x00000001937fffe8 0x0000000193800000 O/10    Relocatable
 Small   0x0000000193800000 0x0000000193a00000 0x0000000193a00000 Y/135   Relocatable
 Small   0x0000000193a00000 0x0000000193c00000 0x0000000193c00000 Y/135   Relocatable
 Small   0x0000000193c00000 0x0000000193e00000 0x0000000193e00000 Y/135   Relocatable
 Small   0x0000000193e00000 0x0000000194000000 0x0000000194000000 Y/135   Relocatable
 Small   0x0000000194000000 0x0000000194200000 0x0000000194200000 Y/135   Relocatable
 Small   0x0000000194200000 0x0000000194400000 0x0000000194400000 Y/136   Allocating 
 Small   0x0000000194400000 0x0000000194600000 0x0000000194600000 Y/135   Relocatable
 Small   0x0000000194600000 0x00000001947ffff0 0x0000000194800000 O/12    Relocatable
 Small   0x0000000194800000 0x00000001949fffd0 0x0000000194a00000 O/12    Relocatable
 Small   0x0000000194a00000 0x0000000194c00000 0x0000000194c00000 Y/135   Relocatable
 Small   0x0000000194c00000 0x0000000194e00000 0x0000000194e00000 Y/135   Relocatable
 Small   0x0000000194e00000 0x0000000195000000 0x0000000195000000 Y/136   Allocating 
 Small   0x0000000195000000 0x0000000195200000 0x0000000195200000 Y/135   Relocatable
 Small   0x0000000195200000 0x0000000195400000 0x0000000195400000 Y/135   Relocatable
 Small   0x0000000195400000 0x0000000195600000 0x0000000195600000 Y/135   Relocatable
 Small   0x0000000195600000 0x00000001957ffd80 0x0000000195800000 O/11    Relocatable
 Small   0x0000000195800000 0x0000000195a00000 0x0000000195a00000 Y/135   Relocatable
 Small   0x0000000195a00000 0x0000000195c00000 0x0000000195c00000 Y/135   Relocatable
 Small   0x0000000195e00000 0x0000000195ffffc0 0x0000000196000000 Y/135   Relocatable
 Small   0x0000000196000000 0x0000000196200000 0x0000000196200000 Y/135   Relocatable
 Small   0x0000000196200000 0x0000000196400000 0x0000000196400000 Y/135   Relocatable
 Small   0x0000000196400000 0x0000000196600000 0x0000000196600000 Y/135   Relocatable
 Small   0x0000000196600000 0x0000000196800000 0x0000000196800000 Y/135   Relocatable
 Small   0x0000000196800000 0x0000000196a00000 0x0000000196a00000 Y/135   Relocatable
 Small   0x0000000196a00000 0x0000000196c00000 0x0000000196c00000 Y/135   Relocatable
 Small   0x0000000196c00000 0x0000000196dffff0 0x0000000196e00000 Y/135   Relocatable
 Small   0x0000000196e00000 0x0000000197000000 0x0000000197000000 Y/135   Relocatable
 Small   0x0000000197000000 0x0000000197200000 0x0000000197200000 Y/136   Allocating 
 Small   0x0000000197200000 0x00000001973ffff8 0x0000000197400000 O/10    Relocatable
 Small   0x0000000197600000 0x00000001977fffe0 0x0000000197800000 O/10    Relocatable
 Small   0x0000000197800000 0x0000000197a00000 0x0000000197a00000 Y/135   Relocatable
 Small   0x0000000197a00000 0x0000000197c00000 0x0000000197c00000 Y/135   Relocatable
 Small   0x0000000197c00000 0x0000000197e00000 0x0000000197e00000 Y/135   Relocatable
 Small   0x0000000197e00000 0x0000000198000000 0x0000000198000000 Y/135   Relocatable
 Small   0x0000000198200000 0x00000001983ffff0 0x0000000198400000 O/10    Relocatable
 Small   0x0000000198400000 0x0000000198600000 0x0000000198600000 O/10    Relocatable
 Small   0x0000000198600000 0x0000000198800000 0x0000000198800000 Y/135   Relocatable
 Small   0x0000000198800000 0x00000001989fffe0 0x0000000198a00000 Y/135   Relocatable
 Small   0x0000000198a00000 0x0000000198c00000 0x0000000198c00000 Y/135   Relocatable
 Small   0x0000000198c00000 0x0000000198e00000 0x0000000198e00000 Y/135   Relocatable
 Small   0x0000000198e00000 0x0000000199000000 0x0000000199000000 Y/136   Allocating 
 Small   0x0000000199000000 0x0000000199200000 0x0000000199200000 Y/135   Relocatable
 Small   0x0000000199200000 0x0000000199400000 0x0000000199400000 Y/135   Relocatable
 Small   0x0000000199400000 0x00000001995ffff0 0x0000000199600000 O/14    Allocating 
 Small   0x0000000199600000 0x00000001997fffd0 0x0000000199800000 O/12    Relocatable
 Small   0x0000000199800000 0x0000000199a00000 0x0000000199a00000 Y/135   Relocatable
 Small   0x0000000199a00000 0x0000000199c00000 0x0000000199c00000 Y/136   Allocating 
 Small   0x0000000199c00000 0x0000000199e00000 0x0000000199e00000 Y/135   Relocatable
 Small   0x000000019a000000 0x000000019a200000 0x000000019a200000 Y/135   Relocatable
 Small   0x000000019a200000 0x000000019a400000 0x000000019a400000 Y/135   Relocatable
 Small   0x000000019a600000 0x000000019a800000 0x000000019a800000 O/10    Relocatable
 Small   0x000000019a800000 0x000000019aa00000 0x000000019aa00000 Y/135   Relocatable
 Small   0x000000019aa00000 0x000000019ac00000 0x000000019ac00000 Y/135   Relocatable
 Small   0x000000019ac00000 0x000000019ae00000 0x000000019ae00000 Y/135   Relocatable
 Large   0x000000019ae00000 0x000000019b600000 0x000000019b600000 O/10    Relocatable
 Medium  0x000000019b600000 0x000000019c6a8000 0x000000019d600000 O/14    Allocating 
 Small   0x000000019d600000 0x000000019d7ffb18 0x000000019d800000 O/10    Relocatable
 Small   0x000000019d800000 0x000000019da00000 0x000000019da00000 Y/135   Relocatable
 Small   0x000000019da00000 0x000000019dc00000 0x000000019dc00000 Y/135   Relocatable
 Small   0x000000019dc00000 0x000000019de00000 0x000000019de00000 Y/135   Relocatable
 Small   0x000000019de00000 0x000000019e000000 0x000000019e000000 Y/135   Relocatable
 Small   0x000000019e200000 0x000000019e400000 0x000000019e400000 Y/136   Allocating 
 Small   0x000000019e400000 0x000000019e600000 0x000000019e600000 Y/135   Relocatable
 Small   0x000000019e600000 0x000000019e800000 0x000000019e800000 Y/135   Relocatable
 Small   0x000000019e800000 0x000000019e9ffff0 0x000000019ea00000 O/14    Allocating 
 Small   0x000000019ea00000 0x000000019ebfffe0 0x000000019ec00000 O/13    Relocatable
 Small   0x000000019ec00000 0x000000019ee00000 0x000000019ee00000 Y/135   Relocatable
 Small   0x000000019ee00000 0x000000019f000000 0x000000019f000000 Y/135   Relocatable
 Small   0x000000019f000000 0x000000019f200000 0x000000019f200000 Y/135   Relocatable
 Small   0x000000019f200000 0x000000019f400000 0x000000019f400000 Y/135   Relocatable
 Small   0x000000019f400000 0x000000019f600000 0x000000019f600000 Y/135   Relocatable
 Small   0x000000019f600000 0x000000019f7ffff0 0x000000019f800000 O/10    Relocatable
 Small   0x000000019f800000 0x000000019fa00000 0x000000019fa00000 Y/135   Relocatable
 Small   0x000000019fc00000 0x000000019fe00000 0x000000019fe00000 Y/135   Relocatable
 Small   0x000000019fe00000 0x00000001a0000000 0x00000001a0000000 Y/135   Relocatable
 Small   0x00000001a0000000 0x00000001a0200000 0x00000001a0200000 Y/135   Relocatable
 Small   0x00000001a0200000 0x00000001a03e8080 0x00000001a0400000 O/12    Relocatable
 Small   0x00000001a0600000 0x00000001a0800000 0x00000001a0800000 Y/135   Relocatable
 Small   0x00000001a0800000 0x00000001a0a00000 0x00000001a0a00000 Y/135   Relocatable
 Small   0x00000001a0a00000 0x00000001a0c00000 0x00000001a0c00000 Y/135   Relocatable
 Small   0x00000001a0c00000 0x00000001a0e00000 0x00000001a0e00000 Y/135   Relocatable
 Small   0x00000001a0e00000 0x00000001a0ffffd0 0x00000001a1000000 O/13    Relocatable
 Small   0x00000001a1000000 0x00000001a1200000 0x00000001a1200000 Y/136   Allocating 
 Small   0x00000001a1200000 0x00000001a1400000 0x00000001a1400000 Y/135   Relocatable
 Small   0x00000001a1400000 0x00000001a1600000 0x00000001a1600000 Y/135   Relocatable
 Small   0x00000001a1600000 0x00000001a1800000 0x00000001a1800000 Y/135   Relocatable
 Small   0x00000001a1800000 0x00000001a1a00000 0x00000001a1a00000 Y/135   Relocatable
 Small   0x00000001a1a00000 0x00000001a1c00000 0x00000001a1c00000 Y/135   Relocatable
 Small   0x00000001a1c00000 0x00000001a1e00000 0x00000001a1e00000 Y/135   Relocatable
 Small   0x00000001a1e00000 0x00000001a2000000 0x00000001a2000000 Y/135   Relocatable
 Small   0x00000001a2000000 0x00000001a21ffff8 0x00000001a2200000 O/10    Relocatable
 Small   0x00000001a2200000 0x00000001a2400000 0x00000001a2400000 Y/135   Relocatable
 Small   0x00000001a2400000 0x00000001a2600000 0x00000001a2600000 O/10    Relocatable
 Small   0x00000001a2600000 0x00000001a2800000 0x00000001a2800000 Y/135   Relocatable
 Small   0x00000001a2a00000 0x00000001a2c00000 0x00000001a2c00000 Y/135   Relocatable
 Small   0x00000001a2c00000 0x00000001a2e00000 0x00000001a2e00000 Y/135   Relocatable
 Small   0x00000001a3000000 0x00000001a31a9f68 0x00000001a3200000 O/12    Relocatable
 Small   0x00000001a3200000 0x00000001a3400000 0x00000001a3400000 Y/135   Relocatable
 Small   0x00000001a3400000 0x00000001a3600000 0x00000001a3600000 Y/135   Relocatable
 Small   0x00000001a3600000 0x00000001a3800000 0x00000001a3800000 Y/135   Relocatable
 Small   0x00000001a3800000 0x00000001a39ffff0 0x00000001a3a00000 O/10    Relocatable
 Small   0x00000001a3a00000 0x00000001a3c00000 0x00000001a3c00000 Y/135   Relocatable
 Small   0x00000001a3c00000 0x00000001a3dfe318 0x00000001a3e00000 O/13    Relocatable
 Small   0x00000001a3e00000 0x00000001a4000000 0x00000001a4000000 Y/135   Relocatable
 Small   0x00000001a4000000 0x00000001a4200000 0x00000001a4200000 Y/135   Relocatable
 Small   0x00000001a4200000 0x00000001a43fffd8 0x00000001a4400000 O/10    Relocatable
 Small   0x00000001a4400000 0x00000001a4402e90 0x00000001a4600000 Y/135   Relocatable
 Small   0x00000001a4600000 0x00000001a4800000 0x00000001a4800000 Y/135   Relocatable
 Small   0x00000001a4800000 0x00000001a49fffe8 0x00000001a4a00000 O/10    Relocatable
 Small   0x00000001a4a00000 0x00000001a4c00000 0x00000001a4c00000 Y/135   Relocatable
 Small   0x00000001a4c00000 0x00000001a4e00000 0x00000001a4e00000 Y/135   Relocatable
 Small   0x00000001a4e00000 0x00000001a5000000 0x00000001a5000000 Y/135   Relocatable
 Small   0x00000001a5000000 0x00000001a5200000 0x00000001a5200000 Y/135   Relocatable
 Small   0x00000001a5400000 0x00000001a5600000 0x00000001a5600000 Y/135   Relocatable
 Small   0x00000001a5600000 0x00000001a5800000 0x00000001a5800000 Y/135   Relocatable
 Small   0x00000001a5800000 0x00000001a5a00000 0x00000001a5a00000 Y/135   Relocatable
 Small   0x00000001a5a00000 0x00000001a5c00000 0x00000001a5c00000 Y/135   Relocatable
 Small   0x00000001a5c00000 0x00000001a5e00000 0x00000001a5e00000 Y/135   Relocatable
 Small   0x00000001a5e00000 0x00000001a6000000 0x00000001a6000000 Y/135   Relocatable
 Small   0x00000001a6000000 0x00000001a6200000 0x00000001a6200000 Y/136   Allocating 
 Small   0x00000001a6200000 0x00000001a6400000 0x00000001a6400000 Y/135   Relocatable
 Small   0x00000001a6400000 0x00000001a6600000 0x00000001a6600000 Y/136   Allocating 
 Small   0x00000001a6800000 0x00000001a6a00000 0x00000001a6a00000 O/14    Allocating 
 Small   0x00000001a6c00000 0x00000001a6e00000 0x00000001a6e00000 O/12    Relocatable
 Small   0x00000001a6e00000 0x00000001a7000000 0x00000001a7000000 Y/135   Relocatable
 Small   0x00000001a7200000 0x00000001a7400000 0x00000001a7400000 Y/135   Relocatable
 Small   0x00000001a7400000 0x00000001a7600000 0x00000001a7600000 Y/135   Relocatable
 Small   0x00000001a7600000 0x00000001a7800000 0x00000001a7800000 Y/135   Relocatable
 Small   0x00000001a7800000 0x00000001a79fffc8 0x00000001a7a00000 O/10    Relocatable
 Small   0x00000001a7a00000 0x00000001a7c00000 0x00000001a7c00000 Y/135   Relocatable
 Small   0x00000001a7c00000 0x00000001a7dfffb0 0x00000001a7e00000 O/12    Relocatable
 Small   0x00000001a7e00000 0x00000001a8000000 0x00000001a8000000 Y/135   Relocatable
 Small   0x00000001a8000000 0x00000001a8200000 0x00000001a8200000 Y/136   Allocating 
 Small   0x00000001a8200000 0x00000001a8400000 0x00000001a8400000 Y/135   Relocatable
 Small   0x00000001a8400000 0x00000001a8600000 0x00000001a8600000 Y/135   Relocatable
 Small   0x00000001a8600000 0x00000001a8800000 0x00000001a8800000 Y/135   Relocatable
 Small   0x00000001a8800000 0x00000001a8a00000 0x00000001a8a00000 Y/135   Relocatable
 Small   0x00000001a8a00000 0x00000001a8c00000 0x00000001a8c00000 Y/135   Relocatable
 Small   0x00000001a8c00000 0x00000001a8e00000 0x00000001a8e00000 Y/135   Relocatable
 Small   0x00000001a8e00000 0x00000001a9000000 0x00000001a9000000 Y/136   Allocating 
 Small   0x00000001a9000000 0x00000001a91fffe0 0x00000001a9200000 O/12    Relocatable
 Small   0x00000001a9200000 0x00000001a9400000 0x00000001a9400000 Y/135   Relocatable
 Small   0x00000001a9400000 0x00000001a9600000 0x00000001a9600000 Y/135   Relocatable
 Small   0x00000001a9600000 0x00000001a9800000 0x00000001a9800000 Y/135   Relocatable
 Small   0x00000001a9800000 0x00000001a9a00000 0x00000001a9a00000 Y/135   Relocatable
 Small   0x00000001a9a00000 0x00000001a9c00000 0x00000001a9c00000 Y/135   Relocatable
 Small   0x00000001a9c00000 0x00000001a9e00000 0x00000001a9e00000 Y/135   Relocatable
 Small   0x00000001a9e00000 0x00000001aa000000 0x00000001aa000000 O/12    Relocatable
 Small   0x00000001aa000000 0x00000001aa200000 0x00000001aa200000 Y/135   Relocatable
 Small   0x00000001aa200000 0x00000001aa400000 0x00000001aa400000 Y/135   Relocatable
 Small   0x00000001aa400000 0x00000001aa600000 0x00000001aa600000 Y/135   Relocatable
 Small   0x00000001aa600000 0x00000001aa800000 0x00000001aa800000 Y/136   Allocating 
 Small   0x00000001aa800000 0x00000001aaa00000 0x00000001aaa00000 Y/135   Relocatable
 Small   0x00000001aaa00000 0x00000001aac00000 0x00000001aac00000 Y/135   Relocatable
 Small   0x00000001aac00000 0x00000001aae00000 0x00000001aae00000 Y/135   Relocatable
 Small   0x00000001aae00000 0x00000001ab000000 0x00000001ab000000 Y/136   Allocating 
 Small   0x00000001ab000000 0x00000001ab200000 0x00000001ab200000 Y/135   Relocatable
 Small   0x00000001ab200000 0x00000001ab400000 0x00000001ab400000 Y/136   Allocating 
 Small   0x00000001ab600000 0x00000001ab800000 0x00000001ab800000 Y/136   Allocating 
 Small   0x00000001ab800000 0x00000001aba00000 0x00000001aba00000 Y/135   Relocatable
 Small   0x00000001aba00000 0x00000001abc00000 0x00000001abc00000 Y/136   Allocating 
 Small   0x00000001abc00000 0x00000001abe00000 0x00000001abe00000 Y/135   Relocatable
 Small   0x00000001abe00000 0x00000001ac000000 0x00000001ac000000 Y/135   Relocatable
 Small   0x00000001ac200000 0x00000001ac400000 0x00000001ac400000 Y/135   Relocatable
 Small   0x00000001ac800000 0x00000001aca00000 0x00000001aca00000 Y/135   Relocatable
 Small   0x00000001aca00000 0x00000001acc00000 0x00000001acc00000 Y/135   Relocatable
 Small   0x00000001acc00000 0x00000001ace00000 0x00000001ace00000 Y/135   Relocatable
 Small   0x00000001ad000000 0x00000001ad1ffa18 0x00000001ad200000 O/10    Relocatable
 Small   0x00000001ad200000 0x00000001ad400000 0x00000001ad400000 Y/135   Relocatable
 Small   0x00000001ad600000 0x00000001ad800000 0x00000001ad800000 Y/135   Relocatable
 Small   0x00000001adc00000 0x00000001ade00000 0x00000001ade00000 Y/135   Relocatable
 Small   0x00000001ade00000 0x00000001ae000000 0x00000001ae000000 Y/136   Allocating 
 Small   0x00000001ae000000 0x00000001ae200000 0x00000001ae200000 Y/135   Relocatable
 Small   0x00000001ae200000 0x00000001ae400000 0x00000001ae400000 Y/135   Relocatable
 Small   0x00000001ae400000 0x00000001ae600000 0x00000001ae600000 Y/135   Relocatable
 Small   0x00000001ae600000 0x00000001ae800000 0x00000001ae800000 Y/135   Relocatable
 Small   0x00000001ae800000 0x00000001ae9ffea8 0x00000001aea00000 O/14    Allocating 
 Small   0x00000001aea00000 0x00000001aec00000 0x00000001aec00000 Y/135   Relocatable
 Small   0x00000001aec00000 0x00000001aedffff8 0x00000001aee00000 O/10    Relocatable
 Small   0x00000001aee00000 0x00000001aeffffc8 0x00000001af000000 O/10    Relocatable
 Small   0x00000001af000000 0x00000001af200000 0x00000001af200000 Y/135   Relocatable
 Small   0x00000001af400000 0x00000001af600000 0x00000001af600000 Y/135   Relocatable
 Small   0x00000001af600000 0x00000001af7fffe8 0x00000001af800000 O/14    Allocating 
 Small   0x00000001af800000 0x00000001afa00000 0x00000001afa00000 Y/135   Relocatable
 Small   0x00000001afa00000 0x00000001afc00000 0x00000001afc00000 Y/135   Relocatable
 Small   0x00000001afc00000 0x00000001afe00000 0x00000001afe00000 Y/135   Relocatable
 Small   0x00000001afe00000 0x00000001b0000000 0x00000001b0000000 Y/135   Relocatable
 Small   0x00000001b0000000 0x00000001b0200000 0x00000001b0200000 Y/135   Relocatable
 Small   0x00000001b0400000 0x00000001b05ffff0 0x00000001b0600000 O/10    Relocatable
 Small   0x00000001b0600000 0x00000001b0800000 0x00000001b0800000 Y/135   Relocatable
 Small   0x00000001b0800000 0x00000001b09fff40 0x00000001b0a00000 O/10    Relocatable
 Small   0x00000001b0a00000 0x00000001b0c00000 0x00000001b0c00000 Y/135   Relocatable
 Small   0x00000001b0c00000 0x00000001b0e00000 0x00000001b0e00000 Y/135   Relocatable
 Small   0x00000001b1200000 0x00000001b1400000 0x00000001b1400000 Y/135   Relocatable
 Small   0x00000001b1400000 0x00000001b1600000 0x00000001b1600000 Y/135   Relocatable
 Small   0x00000001b1600000 0x00000001b1800000 0x00000001b1800000 Y/135   Relocatable
 Small   0x00000001b1800000 0x00000001b19fffe8 0x00000001b1a00000 O/12    Relocatable
 Small   0x00000001b1a00000 0x00000001b1bfffe0 0x00000001b1c00000 O/13    Relocatable
 Small   0x00000001b1c00000 0x00000001b1e00000 0x00000001b1e00000 Y/135   Relocatable
 Small   0x00000001b1e00000 0x00000001b1fffff0 0x00000001b2000000 O/11    Relocatable
 Small   0x00000001b2200000 0x00000001b2400000 0x00000001b2400000 Y/135   Relocatable
 Small   0x00000001b2400000 0x00000001b2600000 0x00000001b2600000 Y/135   Relocatable
 Small   0x00000001b2600000 0x00000001b2800000 0x00000001b2800000 Y/135   Relocatable
 Small   0x00000001b2a00000 0x00000001b2c00000 0x00000001b2c00000 Y/135   Relocatable
 Small   0x00000001b2c00000 0x00000001b2e00000 0x00000001b2e00000 Y/135   Relocatable
 Small   0x00000001b2e00000 0x00000001b3000000 0x00000001b3000000 Y/135   Relocatable
 Small   0x00000001b3000000 0x00000001b3200000 0x00000001b3200000 Y/135   Relocatable
 Small   0x00000001b3200000 0x00000001b3400000 0x00000001b3400000 Y/135   Relocatable
 Small   0x00000001b3600000 0x00000001b3800000 0x00000001b3800000 Y/135   Relocatable
 Small   0x00000001b3800000 0x00000001b3a00000 0x00000001b3a00000 Y/135   Relocatable
 Small   0x00000001b3a00000 0x00000001b3c00000 0x00000001b3c00000 Y/135   Relocatable
 Small   0x00000001b3e00000 0x00000001b4000000 0x00000001b4000000 Y/135   Relocatable
 Small   0x00000001b4000000 0x00000001b4200000 0x00000001b4200000 Y/135   Relocatable
 Small   0x00000001b4400000 0x00000001b4600000 0x00000001b4600000 Y/135   Relocatable
 Small   0x00000001b4600000 0x00000001b4800000 0x00000001b4800000 Y/135   Relocatable
 Small   0x00000001b4800000 0x00000001b4a00000 0x00000001b4a00000 Y/135   Relocatable
 Small   0x00000001b4a00000 0x00000001b4c00000 0x00000001b4c00000 Y/135   Relocatable
 Small   0x00000001b4e00000 0x00000001b5000000 0x00000001b5000000 Y/135   Relocatable
 Small   0x00000001b5200000 0x00000001b5400000 0x00000001b5400000 Y/135   Relocatable
 Small   0x00000001b5400000 0x00000001b55fe680 0x00000001b5600000 Y/135   Relocatable
 Small   0x00000001b5600000 0x00000001b5749770 0x00000001b5800000 Y/135   Relocatable
 Small   0x00000001b5800000 0x00000001b5a00000 0x00000001b5a00000 Y/135   Relocatable
 Small   0x00000001b5a00000 0x00000001b5c00000 0x00000001b5c00000 Y/135   Relocatable
 Small   0x00000001b5c00000 0x00000001b5e00000 0x00000001b5e00000 Y/135   Relocatable
 Small   0x00000001b5e00000 0x00000001b6000000 0x00000001b6000000 Y/135   Relocatable
 Small   0x00000001b6000000 0x00000001b6200000 0x00000001b6200000 Y/135   Relocatable
 Small   0x00000001b6200000 0x00000001b6400000 0x00000001b6400000 Y/135   Relocatable
 Small   0x00000001b6400000 0x00000001b6600000 0x00000001b6600000 Y/135   Relocatable
 Small   0x00000001b6600000 0x00000001b6800000 0x00000001b6800000 Y/135   Relocatable
 Small   0x00000001b6800000 0x00000001b6a00000 0x00000001b6a00000 Y/135   Relocatable
 Small   0x00000001b6a00000 0x00000001b6c00000 0x00000001b6c00000 Y/135   Relocatable
 Small   0x00000001b6c00000 0x00000001b6e00000 0x00000001b6e00000 Y/135   Relocatable
 Small   0x00000001b6e00000 0x00000001b7000000 0x00000001b7000000 Y/135   Relocatable
 Small   0x00000001b7000000 0x00000001b7200000 0x00000001b7200000 Y/135   Relocatable
 Small   0x00000001b7200000 0x00000001b7400000 0x00000001b7400000 Y/135   Relocatable
 Small   0x00000001b7400000 0x00000001b75fff90 0x00000001b7600000 O/14    Allocating 
 Small   0x00000001b7600000 0x00000001b77ffff8 0x00000001b7800000 O/10    Relocatable
 Small   0x00000001b7800000 0x00000001b7a00000 0x00000001b7a00000 Y/135   Relocatable
 Small   0x00000001b7a00000 0x00000001b7c00000 0x00000001b7c00000 Y/135   Relocatable
 Small   0x00000001b7c00000 0x00000001b7e00000 0x00000001b7e00000 Y/136   Allocating 
 Small   0x00000001b8000000 0x00000001b8200000 0x00000001b8200000 Y/135   Relocatable
 Small   0x00000001b8200000 0x00000001b8400000 0x00000001b8400000 Y/135   Relocatable
 Small   0x00000001b8400000 0x00000001b8600000 0x00000001b8600000 O/10    Relocatable
 Small   0x00000001b8600000 0x00000001b8800000 0x00000001b8800000 Y/135   Relocatable
 Small   0x00000001b8a00000 0x00000001b8c00000 0x00000001b8c00000 Y/135   Relocatable
 Small   0x00000001b8c00000 0x00000001b8e00000 0x00000001b8e00000 Y/135   Relocatable
 Small   0x00000001b8e00000 0x00000001b9000000 0x00000001b9000000 Y/135   Relocatable
 Small   0x00000001b9000000 0x00000001b91fffb8 0x00000001b9200000 O/13    Relocatable
 Small   0x00000001b9400000 0x00000001b9600000 0x00000001b9600000 Y/135   Relocatable
 Small   0x00000001b9600000 0x00000001b9800000 0x00000001b9800000 Y/136   Allocating 
 Small   0x00000001b9a00000 0x00000001b9c00000 0x00000001b9c00000 Y/136   Allocating 
 Small   0x00000001b9c00000 0x00000001b9e00000 0x00000001b9e00000 Y/135   Relocatable
 Small   0x00000001b9e00000 0x00000001ba000000 0x00000001ba000000 Y/135   Relocatable
 Small   0x00000001ba000000 0x00000001ba200000 0x00000001ba200000 O/12    Relocatable
 Small   0x00000001ba200000 0x00000001ba400000 0x00000001ba400000 Y/135   Relocatable
 Small   0x00000001ba400000 0x00000001ba600000 0x00000001ba600000 Y/136   Allocating 
 Small   0x00000001ba600000 0x00000001ba800000 0x00000001ba800000 Y/135   Relocatable
 Small   0x00000001baa00000 0x00000001bac00000 0x00000001bac00000 Y/135   Relocatable
 Small   0x00000001bac00000 0x00000001badfffe0 0x00000001bae00000 O/10    Relocatable
 Small   0x00000001bae00000 0x00000001bb000000 0x00000001bb000000 Y/135   Relocatable
 Small   0x00000001bb000000 0x00000001bb200000 0x00000001bb200000 Y/135   Relocatable
 Small   0x00000001bb200000 0x00000001bb400000 0x00000001bb400000 Y/136   Allocating 
 Small   0x00000001bb400000 0x00000001bb600000 0x00000001bb600000 Y/136   Allocating 
 Small   0x00000001bb600000 0x00000001bb800000 0x00000001bb800000 Y/135   Relocatable
 Small   0x00000001bb800000 0x00000001bba00000 0x00000001bba00000 Y/135   Relocatable
 Small   0x00000001bbc00000 0x00000001bbdffad0 0x00000001bbe00000 O/10    Relocatable
 Small   0x00000001bbe00000 0x00000001bbffffd0 0x00000001bc000000 O/12    Relocatable
 Small   0x00000001bc400000 0x00000001bc600000 0x00000001bc600000 Y/135   Relocatable
 Small   0x00000001bc600000 0x00000001bc800000 0x00000001bc800000 O/12    Relocatable
 Small   0x00000001bc800000 0x00000001bca00000 0x00000001bca00000 Y/135   Relocatable
 Small   0x00000001bca00000 0x00000001bcc00000 0x00000001bcc00000 Y/135   Relocatable
 Small   0x00000001bcc00000 0x00000001bce00000 0x00000001bce00000 Y/135   Relocatable
 Small   0x00000001bce00000 0x00000001bd000000 0x00000001bd000000 Y/135   Relocatable
 Small   0x00000001bd000000 0x00000001bd1ffec0 0x00000001bd200000 O/13    Relocatable
 Small   0x00000001bd200000 0x00000001bd3ffff8 0x00000001bd400000 O/14    Allocating 
 Small   0x00000001bd400000 0x00000001bd600000 0x00000001bd600000 Y/135   Relocatable
 Small   0x00000001bd600000 0x00000001bd800000 0x00000001bd800000 O/10    Relocatable
 Small   0x00000001bd800000 0x00000001bda00000 0x00000001bda00000 Y/135   Relocatable
 Small   0x00000001bda00000 0x00000001bdc00000 0x00000001bdc00000 Y/136   Allocating 
 Small   0x00000001bdc00000 0x00000001bde00000 0x00000001bde00000 Y/136   Allocating 
 Small   0x00000001bde00000 0x00000001be000000 0x00000001be000000 Y/135   Relocatable
 Small   0x00000001be000000 0x00000001be1ff9f8 0x00000001be200000 O/12    Relocatable
 Small   0x00000001be200000 0x00000001be400000 0x00000001be400000 Y/135   Relocatable
 Small   0x00000001be400000 0x00000001be600000 0x00000001be600000 Y/135   Relocatable
 Small   0x00000001be600000 0x00000001be7ffe50 0x00000001be800000 O/10    Relocatable
 Small   0x00000001be800000 0x00000001bea00000 0x00000001bea00000 Y/135   Relocatable
 Small   0x00000001bea00000 0x00000001bec00000 0x00000001bec00000 Y/135   Relocatable
 Small   0x00000001bec00000 0x00000001bee00000 0x00000001bee00000 Y/135   Relocatable
 Small   0x00000001bee00000 0x00000001bf000000 0x00000001bf000000 O/10    Relocatable
 Small   0x00000001bf000000 0x00000001bf200000 0x00000001bf200000 Y/135   Relocatable
 Small   0x00000001bf200000 0x00000001bf400000 0x00000001bf400000 Y/135   Relocatable
 Small   0x00000001bf400000 0x00000001bf5fffe0 0x00000001bf600000 O/14    Allocating 
 Small   0x00000001bf600000 0x00000001bf800000 0x00000001bf800000 Y/135   Relocatable
 Small   0x00000001bfa00000 0x00000001bfc00000 0x00000001bfc00000 Y/135   Relocatable
 Small   0x00000001bfc00000 0x00000001bfe00000 0x00000001bfe00000 Y/135   Relocatable
 Small   0x00000001c0000000 0x00000001c0200000 0x00000001c0200000 Y/135   Relocatable
 Small   0x00000001c0200000 0x00000001c0400000 0x00000001c0400000 Y/135   Relocatable
 Small   0x00000001c0600000 0x00000001c0800000 0x00000001c0800000 Y/135   Relocatable
 Small   0x00000001c0800000 0x00000001c0a00000 0x00000001c0a00000 Y/135   Relocatable
 Small   0x00000001c0a00000 0x00000001c0bff3e8 0x00000001c0c00000 O/14    Allocating 
 Small   0x00000001c0c00000 0x00000001c0e00000 0x00000001c0e00000 Y/135   Relocatable
 Small   0x00000001c0e00000 0x00000001c1000000 0x00000001c1000000 Y/135   Relocatable
 Small   0x00000001c1000000 0x00000001c1200000 0x00000001c1200000 Y/136   Allocating 
 Small   0x00000001c1200000 0x00000001c13fff30 0x00000001c1400000 O/10    Relocatable
 Small   0x00000001c1400000 0x00000001c1600000 0x00000001c1600000 Y/136   Allocating 
 Small   0x00000001c1800000 0x00000001c19fffd8 0x00000001c1a00000 O/12    Relocatable
 Small   0x00000001c1a00000 0x00000001c1c00000 0x00000001c1c00000 Y/135   Relocatable
 Small   0x00000001c1c00000 0x00000001c1e00000 0x00000001c1e00000 Y/135   Relocatable
 Small   0x00000001c2000000 0x00000001c2200000 0x00000001c2200000 Y/135   Relocatable
 Small   0x00000001c2200000 0x00000001c2400000 0x00000001c2400000 Y/135   Relocatable
 Small   0x00000001c2400000 0x00000001c2600000 0x00000001c2600000 Y/136   Allocating 
 Small   0x00000001c2800000 0x00000001c29fed80 0x00000001c2a00000 O/10    Relocatable
 Small   0x00000001c2a00000 0x00000001c2c00000 0x00000001c2c00000 Y/135   Relocatable
 Small   0x00000001c2c00000 0x00000001c2e00000 0x00000001c2e00000 Y/135   Relocatable
 Small   0x00000001c3000000 0x00000001c3200000 0x00000001c3200000 Y/135   Relocatable
 Small   0x00000001c3200000 0x00000001c3400000 0x00000001c3400000 Y/135   Relocatable
 Small   0x00000001c3400000 0x00000001c3600000 0x00000001c3600000 Y/135   Relocatable
 Small   0x00000001c3600000 0x00000001c3800000 0x00000001c3800000 Y/135   Relocatable
 Small   0x00000001c3800000 0x00000001c3a00000 0x00000001c3a00000 Y/135   Relocatable
 Small   0x00000001c3a00000 0x00000001c3c00000 0x00000001c3c00000 Y/135   Relocatable
 Small   0x00000001c3c00000 0x00000001c3e00000 0x00000001c3e00000 Y/135   Relocatable
 Small   0x00000001c3e00000 0x00000001c4000000 0x00000001c4000000 Y/136   Allocating 
 Small   0x00000001c4000000 0x00000001c4190278 0x00000001c4200000 O/14    Allocating 
 Small   0x00000001c4200000 0x00000001c4400000 0x00000001c4400000 Y/135   Relocatable
 Small   0x00000001c4400000 0x00000001c4600000 0x00000001c4600000 Y/135   Relocatable
 Small   0x00000001c4600000 0x00000001c4800000 0x00000001c4800000 Y/135   Relocatable
 Small   0x00000001c4800000 0x00000001c49fffd0 0x00000001c4a00000 O/12    Relocatable
 Small   0x00000001c4a00000 0x00000001c4c00000 0x00000001c4c00000 Y/136   Allocating 
 Small   0x00000001c4e00000 0x00000001c5000000 0x00000001c5000000 Y/135   Relocatable
 Small   0x00000001c5200000 0x00000001c5400000 0x00000001c5400000 Y/135   Relocatable
 Small   0x00000001c5400000 0x00000001c55ff8e8 0x00000001c5600000 O/14    Allocating 
 Small   0x00000001c5600000 0x00000001c57ffff8 0x00000001c5800000 O/14    Allocating 
 Small   0x00000001c5a00000 0x00000001c5c00000 0x00000001c5c00000 Y/135   Relocatable
 Small   0x00000001c5c00000 0x00000001c5e00000 0x00000001c5e00000 Y/135   Relocatable
 Small   0x00000001c5e00000 0x00000001c6000000 0x00000001c6000000 Y/135   Relocatable
 Small   0x00000001c6200000 0x00000001c6400000 0x00000001c6400000 Y/135   Relocatable
 Small   0x00000001c6400000 0x00000001c6600000 0x00000001c6600000 Y/135   Relocatable
 Small   0x00000001c6600000 0x00000001c6800000 0x00000001c6800000 Y/135   Relocatable
 Small   0x00000001c6800000 0x00000001c6a00000 0x00000001c6a00000 Y/135   Relocatable
 Small   0x00000001c6a00000 0x00000001c6c00000 0x00000001c6c00000 Y/135   Relocatable
 Small   0x00000001c6c00000 0x00000001c6e00000 0x00000001c6e00000 Y/135   Relocatable
 Small   0x00000001c6e00000 0x00000001c7000000 0x00000001c7000000 Y/135   Relocatable
 Small   0x00000001c7000000 0x00000001c7200000 0x00000001c7200000 Y/135   Relocatable
 Small   0x00000001c7200000 0x00000001c7400000 0x00000001c7400000 Y/135   Relocatable
 Small   0x00000001c7400000 0x00000001c75ffff0 0x00000001c7600000 O/10    Relocatable
 Small   0x00000001c7600000 0x00000001c7800000 0x00000001c7800000 Y/135   Relocatable
 Small   0x00000001c7a00000 0x00000001c7c00000 0x00000001c7c00000 Y/136   Allocating 
 Small   0x00000001c7c00000 0x00000001c7e00000 0x00000001c7e00000 Y/135   Relocatable
 Small   0x00000001c7e00000 0x00000001c8000000 0x00000001c8000000 Y/135   Relocatable
 Small   0x00000001c8000000 0x00000001c8200000 0x00000001c8200000 Y/136   Allocating 
 Small   0x00000001c8200000 0x00000001c8400000 0x00000001c8400000 Y/136   Allocating 
 Small   0x00000001c8400000 0x00000001c8600000 0x00000001c8600000 Y/135   Relocatable
 Small   0x00000001c8600000 0x00000001c8800000 0x00000001c8800000 Y/135   Relocatable
 Small   0x00000001c8a00000 0x00000001c8c00000 0x00000001c8c00000 Y/135   Relocatable
 Small   0x00000001c8c00000 0x00000001c8e00000 0x00000001c8e00000 Y/135   Relocatable
 Small   0x00000001c8e00000 0x00000001c9000000 0x00000001c9000000 Y/136   Allocating 
 Small   0x00000001c9000000 0x00000001c9200000 0x00000001c9200000 Y/135   Relocatable
 Small   0x00000001c9200000 0x00000001c9400000 0x00000001c9400000 Y/135   Relocatable
 Small   0x00000001c9600000 0x00000001c9800000 0x00000001c9800000 Y/135   Relocatable
 Small   0x00000001c9a00000 0x00000001c9bfffe8 0x00000001c9c00000 O/10    Relocatable
 Small   0x00000001c9c00000 0x00000001c9dfffd8 0x00000001c9e00000 O/10    Relocatable
 Small   0x00000001c9e00000 0x00000001ca000000 0x00000001ca000000 Y/135   Relocatable
 Small   0x00000001ca000000 0x00000001ca200000 0x00000001ca200000 O/10    Relocatable
 Small   0x00000001ca400000 0x00000001ca600000 0x00000001ca600000 Y/135   Relocatable
 Small   0x00000001ca600000 0x00000001ca800000 0x00000001ca800000 Y/135   Relocatable
 Small   0x00000001ca800000 0x00000001caa00000 0x00000001caa00000 Y/135   Relocatable
 Small   0x00000001caa00000 0x00000001cac00000 0x00000001cac00000 Y/135   Relocatable
 Small   0x00000001cac00000 0x00000001cae00000 0x00000001cae00000 Y/135   Relocatable
 Small   0x00000001cae00000 0x00000001cafffff0 0x00000001cb000000 O/11    Relocatable
 Small   0x00000001cb000000 0x00000001cb200000 0x00000001cb200000 Y/135   Relocatable
 Small   0x00000001cb200000 0x00000001cb3ffff0 0x00000001cb400000 O/12    Relocatable
 Small   0x00000001cb400000 0x00000001cb600000 0x00000001cb600000 Y/135   Relocatable
 Small   0x00000001cb600000 0x00000001cb800000 0x00000001cb800000 Y/135   Relocatable
 Small   0x00000001cb800000 0x00000001cba00000 0x00000001cba00000 Y/135   Relocatable
 Small   0x00000001cbc00000 0x00000001cbdfffd8 0x00000001cbe00000 O/12    Relocatable
 Small   0x00000001cc000000 0x00000001cc200000 0x00000001cc200000 Y/135   Relocatable
 Small   0x00000001cc400000 0x00000001cc600000 0x00000001cc600000 Y/135   Relocatable
 Small   0x00000001cc600000 0x00000001cc800000 0x00000001cc800000 Y/135   Relocatable
 Small   0x00000001cc800000 0x00000001cca00000 0x00000001cca00000 Y/135   Relocatable
 Small   0x00000001cca00000 0x00000001ccc00000 0x00000001ccc00000 Y/135   Relocatable
 Small   0x00000001ccc00000 0x00000001cce00000 0x00000001cce00000 Y/136   Allocating 
 Small   0x00000001cce00000 0x00000001cd000000 0x00000001cd000000 Y/135   Relocatable
 Small   0x00000001cd000000 0x00000001cd200000 0x00000001cd200000 Y/135   Relocatable
 Small   0x00000001cd800000 0x00000001cda00000 0x00000001cda00000 Y/135   Relocatable
 Small   0x00000001cda00000 0x00000001cdbfffc8 0x00000001cdc00000 O/11    Relocatable
 Small   0x00000001cdc00000 0x00000001cddfffe8 0x00000001cde00000 O/10    Relocatable
 Small   0x00000001cde00000 0x00000001ce000000 0x00000001ce000000 Y/135   Relocatable
 Small   0x00000001ce000000 0x00000001ce200000 0x00000001ce200000 Y/135   Relocatable
 Small   0x00000001ce200000 0x00000001ce3fffe8 0x00000001ce400000 O/10    Relocatable
 Small   0x00000001ce400000 0x00000001ce600000 0x00000001ce600000 Y/135   Relocatable
 Small   0x00000001ce600000 0x00000001ce800000 0x00000001ce800000 Y/135   Relocatable
 Small   0x00000001ce800000 0x00000001cea00000 0x00000001cea00000 Y/135   Relocatable
 Small   0x00000001cea00000 0x00000001cec00000 0x00000001cec00000 Y/135   Relocatable
 Small   0x00000001cec00000 0x00000001cee00000 0x00000001cee00000 Y/135   Relocatable
 Small   0x00000001cee00000 0x00000001cf000000 0x00000001cf000000 Y/136   Allocating 
 Small   0x00000001cf200000 0x00000001cf400000 0x00000001cf400000 Y/135   Relocatable
 Small   0x00000001cf400000 0x00000001cf600000 0x00000001cf600000 Y/135   Relocatable
 Small   0x00000001cf800000 0x00000001cfa00000 0x00000001cfa00000 Y/135   Relocatable
 Small   0x00000001cfa00000 0x00000001cfc00000 0x00000001cfc00000 Y/135   Relocatable
 Small   0x00000001cfc00000 0x00000001cfe00000 0x00000001cfe00000 Y/135   Relocatable
 Small   0x00000001cfe00000 0x00000001d0000000 0x00000001d0000000 Y/135   Relocatable
 Small   0x00000001d0000000 0x00000001d0200000 0x00000001d0200000 Y/135   Relocatable
 Small   0x00000001d0200000 0x00000001d03ff3e0 0x00000001d0400000 O/14    Allocating 
 Small   0x00000001d0400000 0x00000001d0600000 0x00000001d0600000 Y/135   Relocatable
 Small   0x00000001d0c00000 0x00000001d0e00000 0x00000001d0e00000 Y/135   Relocatable
 Small   0x00000001d0e00000 0x00000001d1000000 0x00000001d1000000 Y/135   Relocatable
 Small   0x00000001d1000000 0x00000001d1200000 0x00000001d1200000 Y/135   Relocatable
 Small   0x00000001d1200000 0x00000001d1400000 0x00000001d1400000 Y/135   Relocatable
 Small   0x00000001d1400000 0x00000001d1600000 0x00000001d1600000 Y/135   Relocatable
 Small   0x00000001d1600000 0x00000001d1800000 0x00000001d1800000 Y/135   Relocatable
 Small   0x00000001d1800000 0x00000001d1a00000 0x00000001d1a00000 Y/136   Allocating 
 Small   0x00000001d1a00000 0x00000001d1bffff0 0x00000001d1c00000 O/11    Relocatable
 Small   0x00000001d1c00000 0x00000001d1e00000 0x00000001d1e00000 Y/135   Relocatable
 Small   0x00000001d1e00000 0x00000001d2000000 0x00000001d2000000 Y/135   Relocatable
 Small   0x00000001d2000000 0x00000001d21fffd0 0x00000001d2200000 O/10    Relocatable
 Small   0x00000001d2600000 0x00000001d2800000 0x00000001d2800000 Y/135   Relocatable
 Small   0x00000001d2c00000 0x00000001d2dfffd0 0x00000001d2e00000 O/14    Allocating 
 Small   0x00000001d3000000 0x00000001d3200000 0x00000001d3200000 Y/135   Relocatable
 Small   0x00000001d3200000 0x00000001d3400000 0x00000001d3400000 Y/135   Relocatable
 Small   0x00000001d3400000 0x00000001d3600000 0x00000001d3600000 Y/135   Relocatable
 Small   0x00000001d3600000 0x00000001d3800000 0x00000001d3800000 Y/135   Relocatable
 Small   0x00000001d3a00000 0x00000001d3bffff0 0x00000001d3c00000 O/12    Relocatable
 Small   0x00000001d3e00000 0x00000001d4000000 0x00000001d4000000 Y/135   Relocatable
 Small   0x00000001d4000000 0x00000001d4200000 0x00000001d4200000 Y/136   Allocating 
 Small   0x00000001d4200000 0x00000001d4400000 0x00000001d4400000 Y/135   Relocatable
 Small   0x00000001d4400000 0x00000001d4600000 0x00000001d4600000 Y/136   Allocating 
 Small   0x00000001d4a00000 0x00000001d4c00000 0x00000001d4c00000 Y/135   Relocatable
 Small   0x00000001d4c00000 0x00000001d4e00000 0x00000001d4e00000 Y/135   Relocatable
 Small   0x00000001d4e00000 0x00000001d5000000 0x00000001d5000000 Y/135   Relocatable
 Small   0x00000001d5000000 0x00000001d5200000 0x00000001d5200000 Y/135   Relocatable
 Small   0x00000001d5200000 0x00000001d5400000 0x00000001d5400000 Y/136   Allocating 
 Small   0x00000001d5600000 0x00000001d57ffff0 0x00000001d5800000 O/10    Relocatable
 Small   0x00000001d5800000 0x00000001d5a00000 0x00000001d5a00000 Y/136   Allocating 
 Small   0x00000001d5c00000 0x00000001d5e00000 0x00000001d5e00000 Y/135   Relocatable
 Small   0x00000001d5e00000 0x00000001d6000000 0x00000001d6000000 Y/136   Allocating 
 Small   0x00000001d6000000 0x00000001d6200000 0x00000001d6200000 Y/135   Relocatable
 Small   0x00000001d6200000 0x00000001d6400000 0x00000001d6400000 Y/135   Relocatable
 Small   0x00000001d6400000 0x00000001d6600000 0x00000001d6600000 Y/135   Relocatable
 Small   0x00000001d6600000 0x00000001d67fe810 0x00000001d6800000 O/13    Relocatable
 Small   0x00000001d6800000 0x00000001d6a00000 0x00000001d6a00000 Y/135   Relocatable
 Small   0x00000001d6a00000 0x00000001d6c00000 0x00000001d6c00000 Y/135   Relocatable
 Small   0x00000001d6e00000 0x00000001d7000000 0x00000001d7000000 Y/135   Relocatable
 Small   0x00000001d7000000 0x00000001d7200000 0x00000001d7200000 Y/135   Relocatable
 Small   0x00000001d7200000 0x00000001d7400000 0x00000001d7400000 Y/135   Relocatable
 Small   0x00000001d7400000 0x00000001d7600000 0x00000001d7600000 Y/135   Relocatable
 Small   0x00000001d7800000 0x00000001d7a00000 0x00000001d7a00000 Y/135   Relocatable
 Small   0x00000001d7a00000 0x00000001d7c00000 0x00000001d7c00000 O/14    Allocating 
 Small   0x00000001d7c00000 0x00000001d7e00000 0x00000001d7e00000 Y/135   Relocatable
 Small   0x00000001d7e00000 0x00000001d8000000 0x00000001d8000000 Y/135   Relocatable
 Small   0x00000001d8000000 0x00000001d81f4578 0x00000001d8200000 O/12    Relocatable
 Small   0x00000001d8200000 0x00000001d8400000 0x00000001d8400000 Y/135   Relocatable
 Small   0x00000001d8400000 0x00000001d8600000 0x00000001d8600000 Y/135   Relocatable
 Small   0x00000001d8600000 0x00000001d8800000 0x00000001d8800000 Y/135   Relocatable
 Small   0x00000001d8800000 0x00000001d8a00000 0x00000001d8a00000 Y/135   Relocatable
 Small   0x00000001d8a00000 0x00000001d8c00000 0x00000001d8c00000 Y/135   Relocatable
 Small   0x00000001d8c00000 0x00000001d8e00000 0x00000001d8e00000 Y/135   Relocatable
 Small   0x00000001d9000000 0x00000001d9200000 0x00000001d9200000 Y/135   Relocatable
 Small   0x00000001d9200000 0x00000001d9400000 0x00000001d9400000 Y/135   Relocatable
 Small   0x00000001d9400000 0x00000001d9600000 0x00000001d9600000 Y/135   Relocatable
 Small   0x00000001d9600000 0x00000001d97ff638 0x00000001d9800000 O/12    Relocatable
 Small   0x00000001d9800000 0x00000001d99fffe0 0x00000001d9a00000 O/10    Relocatable
 Small   0x00000001d9a00000 0x00000001d9bfff28 0x00000001d9c00000 O/14    Allocating 
 Small   0x00000001d9c00000 0x00000001d9e00000 0x00000001d9e00000 Y/136   Allocating 
 Small   0x00000001d9e00000 0x00000001da000000 0x00000001da000000 Y/135   Relocatable
 Small   0x00000001da000000 0x00000001da1fffe0 0x00000001da200000 O/12    Relocatable
 Small   0x00000001da200000 0x00000001da400000 0x00000001da400000 Y/135   Relocatable
 Small   0x00000001da800000 0x00000001daa00000 0x00000001daa00000 Y/135   Relocatable
 Small   0x00000001dae00000 0x00000001db000000 0x00000001db000000 Y/135   Relocatable
 Small   0x00000001db200000 0x00000001db400000 0x00000001db400000 Y/135   Relocatable
 Small   0x00000001db400000 0x00000001db600000 0x00000001db600000 Y/135   Relocatable
 Small   0x00000001db600000 0x00000001db800000 0x00000001db800000 Y/135   Relocatable
 Small   0x00000001db800000 0x00000001dba00000 0x00000001dba00000 Y/136   Allocating 
 Small   0x00000001dba00000 0x00000001dbc00000 0x00000001dbc00000 Y/135   Relocatable
 Small   0x00000001dbc00000 0x00000001dbe00000 0x00000001dbe00000 Y/135   Relocatable
 Small   0x00000001dc200000 0x00000001dc400000 0x00000001dc400000 Y/135   Relocatable
 Small   0x00000001dc400000 0x00000001dc600000 0x00000001dc600000 Y/135   Relocatable
 Small   0x00000001dc600000 0x00000001dc7fffe0 0x00000001dc800000 Y/135   Relocatable
 Small   0x00000001dc800000 0x00000001dca00000 0x00000001dca00000 Y/135   Relocatable
 Small   0x00000001dcc00000 0x00000001dcdffff8 0x00000001dce00000 O/12    Relocatable
 Small   0x00000001dce00000 0x00000001dd000000 0x00000001dd000000 Y/135   Relocatable
 Small   0x00000001dd000000 0x00000001dd200000 0x00000001dd200000 Y/135   Relocatable
 Small   0x00000001dd200000 0x00000001dd400000 0x00000001dd400000 Y/135   Relocatable
 Small   0x00000001dd400000 0x00000001dd600000 0x00000001dd600000 Y/135   Relocatable
 Small   0x00000001dd600000 0x00000001dd800000 0x00000001dd800000 Y/135   Relocatable
 Small   0x00000001dda00000 0x00000001ddc00000 0x00000001ddc00000 Y/135   Relocatable
 Small   0x00000001dde00000 0x00000001de000000 0x00000001de000000 O/10    Relocatable
 Small   0x00000001de000000 0x00000001de200000 0x00000001de200000 Y/136   Allocating 
 Small   0x00000001de200000 0x00000001de400000 0x00000001de400000 Y/135   Relocatable
 Small   0x00000001de400000 0x00000001de600000 0x00000001de600000 Y/135   Relocatable
 Small   0x00000001de600000 0x00000001de7ff290 0x00000001de800000 O/14    Allocating 
 Small   0x00000001de800000 0x00000001de9fffc8 0x00000001dea00000 O/10    Relocatable
 Small   0x00000001dea00000 0x00000001dec00000 0x00000001dec00000 Y/135   Relocatable
 Small   0x00000001dec00000 0x00000001dee00000 0x00000001dee00000 Y/135   Relocatable
 Small   0x00000001df000000 0x00000001df1fffc8 0x00000001df200000 O/10    Relocatable
 Small   0x00000001df200000 0x00000001df400000 0x00000001df400000 Y/135   Relocatable
 Small   0x00000001df400000 0x00000001df5fffe8 0x00000001df600000 O/13    Relocatable
 Small   0x00000001df600000 0x00000001df7ffeb0 0x00000001df800000 O/14    Allocating 
 Small   0x00000001df800000 0x00000001dfa00000 0x00000001dfa00000 Y/135   Relocatable
 Small   0x00000001dfa00000 0x00000001dfc00000 0x00000001dfc00000 Y/135   Relocatable
 Small   0x00000001dfc00000 0x00000001dfdfffe8 0x00000001dfe00000 O/10    Relocatable
 Small   0x00000001dfe00000 0x00000001dfffffe0 0x00000001e0000000 O/10    Relocatable
 Small   0x00000001e0000000 0x00000001e0200000 0x00000001e0200000 Y/135   Relocatable
 Small   0x00000001e0200000 0x00000001e0400000 0x00000001e0400000 Y/135   Relocatable
 Small   0x00000001e0800000 0x00000001e09ffde8 0x00000001e0a00000 O/10    Relocatable
 Small   0x00000001e0a00000 0x00000001e0c00000 0x00000001e0c00000 Y/135   Relocatable
 Small   0x00000001e0c00000 0x00000001e0e00000 0x00000001e0e00000 Y/135   Relocatable
 Small   0x00000001e0e00000 0x00000001e1000000 0x00000001e1000000 Y/135   Relocatable
 Small   0x00000001e1000000 0x00000001e1200000 0x00000001e1200000 Y/135   Relocatable
 Small   0x00000001e1200000 0x00000001e1400000 0x00000001e1400000 Y/135   Relocatable
 Small   0x00000001e1400000 0x00000001e1600000 0x00000001e1600000 Y/135   Relocatable
 Small   0x00000001e1800000 0x00000001e1a00000 0x00000001e1a00000 Y/135   Relocatable
 Small   0x00000001e1a00000 0x00000001e1c00000 0x00000001e1c00000 Y/135   Relocatable
 Small   0x00000001e2000000 0x00000001e2200000 0x00000001e2200000 Y/135   Relocatable
 Small   0x00000001e2200000 0x00000001e2400000 0x00000001e2400000 Y/135   Relocatable
 Small   0x00000001e2400000 0x00000001e2600000 0x00000001e2600000 Y/135   Relocatable
 Small   0x00000001e2600000 0x00000001e2800000 0x00000001e2800000 Y/135   Relocatable
 Small   0x00000001e2800000 0x00000001e2a00000 0x00000001e2a00000 Y/136   Allocating 
 Small   0x00000001e2a00000 0x00000001e2c00000 0x00000001e2c00000 Y/135   Relocatable
 Small   0x00000001e2c00000 0x00000001e2e00000 0x00000001e2e00000 Y/135   Relocatable
 Small   0x00000001e2e00000 0x00000001e3000000 0x00000001e3000000 Y/135   Relocatable
 Small   0x00000001e3200000 0x00000001e3400000 0x00000001e3400000 Y/135   Relocatable
 Small   0x00000001e3400000 0x00000001e3600000 0x00000001e3600000 Y/135   Relocatable
 Small   0x00000001e3600000 0x00000001e3800000 0x00000001e3800000 Y/135   Relocatable
 Small   0x00000001e3800000 0x00000001e3a00000 0x00000001e3a00000 Y/135   Relocatable
 Small   0x00000001e3a00000 0x00000001e3c00000 0x00000001e3c00000 Y/136   Allocating 
 Small   0x00000001e3c00000 0x00000001e3e00000 0x00000001e3e00000 Y/135   Relocatable
 Small   0x00000001e3e00000 0x00000001e4000000 0x00000001e4000000 Y/135   Relocatable
 Small   0x00000001e4000000 0x00000001e4200000 0x00000001e4200000 Y/135   Relocatable
 Small   0x00000001e4400000 0x00000001e45fffd0 0x00000001e4600000 Y/135   Relocatable
 Small   0x00000001e4600000 0x00000001e47fffd0 0x00000001e4800000 O/10    Relocatable
 Small   0x00000001e4800000 0x00000001e4a00000 0x00000001e4a00000 Y/135   Relocatable
 Small   0x00000001e4a00000 0x00000001e4c00000 0x00000001e4c00000 Y/135   Relocatable
 Small   0x00000001e4c00000 0x00000001e4e00000 0x00000001e4e00000 Y/135   Relocatable
 Small   0x00000001e4e00000 0x00000001e5000000 0x00000001e5000000 Y/135   Relocatable
 Small   0x00000001e5400000 0x00000001e5600000 0x00000001e5600000 Y/135   Relocatable
 Small   0x00000001e5600000 0x00000001e57fffe0 0x00000001e5800000 O/14    Allocating 
 Small   0x00000001e5800000 0x00000001e5a00000 0x00000001e5a00000 Y/135   Relocatable
 Small   0x00000001e5a00000 0x00000001e5c00000 0x00000001e5c00000 Y/135   Relocatable
 Small   0x00000001e6000000 0x00000001e61fff80 0x00000001e6200000 O/13    Relocatable
 Small   0x00000001e6200000 0x00000001e6400000 0x00000001e6400000 Y/135   Relocatable
 Small   0x00000001e6400000 0x00000001e6600000 0x00000001e6600000 Y/136   Allocating 
 Small   0x00000001e6600000 0x00000001e6800000 0x00000001e6800000 Y/135   Relocatable
 Small   0x00000001e6800000 0x00000001e6a00000 0x00000001e6a00000 Y/136   Allocating 
 Small   0x00000001e6a00000 0x00000001e6bffff0 0x00000001e6c00000 O/10    Relocatable
 Small   0x00000001e6c00000 0x00000001e6e00000 0x00000001e6e00000 Y/135   Relocatable
 Small   0x00000001e6e00000 0x00000001e6fffff8 0x00000001e7000000 O/10    Relocatable
 Small   0x00000001e7000000 0x00000001e7200000 0x00000001e7200000 Y/136   Allocating 
 Small   0x00000001e7200000 0x00000001e7400000 0x00000001e7400000 Y/135   Relocatable
 Small   0x00000001e7600000 0x00000001e7800000 0x00000001e7800000 Y/135   Relocatable
 Small   0x00000001e7a00000 0x00000001e7c00000 0x00000001e7c00000 Y/135   Relocatable
 Small   0x00000001e7e00000 0x00000001e8000000 0x00000001e8000000 Y/135   Relocatable
 Small   0x00000001e8000000 0x00000001e8200000 0x00000001e8200000 Y/135   Relocatable
 Small   0x00000001e8200000 0x00000001e8400000 0x00000001e8400000 Y/135   Relocatable
 Small   0x00000001e8400000 0x00000001e85fee50 0x00000001e8600000 O/10    Relocatable
 Small   0x00000001e8600000 0x00000001e8800000 0x00000001e8800000 Y/135   Relocatable
 Small   0x00000001e8a00000 0x00000001e8bfff48 0x00000001e8c00000 O/10    Relocatable
 Small   0x00000001e8c00000 0x00000001e8e00000 0x00000001e8e00000 Y/135   Relocatable
 Small   0x00000001e9000000 0x00000001e9200000 0x00000001e9200000 Y/135   Relocatable
 Small   0x00000001e9200000 0x00000001e9400000 0x00000001e9400000 Y/135   Relocatable
 Small   0x00000001e9400000 0x00000001e9600000 0x00000001e9600000 Y/135   Relocatable
 Small   0x00000001e9600000 0x00000001e9800000 0x00000001e9800000 Y/135   Relocatable
 Small   0x00000001e9800000 0x00000001e9a00000 0x00000001e9a00000 Y/135   Relocatable
 Small   0x00000001e9a00000 0x00000001e9bfffd8 0x00000001e9c00000 O/11    Relocatable
 Small   0x00000001e9c00000 0x00000001e9dfd558 0x00000001e9e00000 O/13    Relocatable
 Small   0x00000001e9e00000 0x00000001ea000000 0x00000001ea000000 Y/135   Relocatable
 Small   0x00000001ea000000 0x00000001ea200000 0x00000001ea200000 Y/135   Relocatable
 Small   0x00000001ea200000 0x00000001ea400000 0x00000001ea400000 Y/135   Relocatable
 Small   0x00000001ea400000 0x00000001ea5fffe0 0x00000001ea600000 O/14    Allocating 
 Small   0x00000001ea600000 0x00000001ea800000 0x00000001ea800000 Y/135   Relocatable
 Small   0x00000001ea800000 0x00000001eaa00000 0x00000001eaa00000 Y/135   Relocatable
 Small   0x00000001eac00000 0x00000001eae00000 0x00000001eae00000 Y/135   Relocatable
 Small   0x00000001eae00000 0x00000001eb000000 0x00000001eb000000 Y/135   Relocatable
 Small   0x00000001eb000000 0x00000001eb200000 0x00000001eb200000 Y/135   Relocatable
 Small   0x00000001eb200000 0x00000001eb400000 0x00000001eb400000 Y/135   Relocatable
 Small   0x00000001eb600000 0x00000001eb800000 0x00000001eb800000 Y/135   Relocatable
 Small   0x00000001eb800000 0x00000001eb9fffd8 0x00000001eba00000 O/13    Relocatable
 Small   0x00000001eba00000 0x00000001ebc00000 0x00000001ebc00000 Y/135   Relocatable
 Small   0x00000001ebc00000 0x00000001ebdffff8 0x00000001ebe00000 O/11    Relocatable
 Small   0x00000001ebe00000 0x00000001ec000000 0x00000001ec000000 Y/135   Relocatable
 Small   0x00000001ec000000 0x00000001ec200000 0x00000001ec200000 Y/135   Relocatable
 Small   0x00000001ec200000 0x00000001ec400000 0x00000001ec400000 Y/135   Relocatable
 Small   0x00000001ec400000 0x00000001ec600000 0x00000001ec600000 Y/135   Relocatable
 Small   0x00000001ec600000 0x00000001ec800000 0x00000001ec800000 Y/135   Relocatable
 Small   0x00000001ec800000 0x00000001eca00000 0x00000001eca00000 Y/135   Relocatable
 Small   0x00000001eca00000 0x00000001ecc00000 0x00000001ecc00000 Y/135   Relocatable
 Small   0x00000001ece00000 0x00000001ed000000 0x00000001ed000000 Y/135   Relocatable
 Small   0x00000001ed000000 0x00000001ed200000 0x00000001ed200000 Y/135   Relocatable
 Small   0x00000001ed200000 0x00000001ed400000 0x00000001ed400000 Y/135   Relocatable
 Small   0x00000001ed400000 0x00000001ed600000 0x00000001ed600000 Y/135   Relocatable
 Small   0x00000001ed600000 0x00000001ed800000 0x00000001ed800000 Y/135   Relocatable
 Small   0x00000001ed800000 0x00000001eda00000 0x00000001eda00000 Y/136   Allocating 
 Small   0x00000001eda00000 0x00000001edc00000 0x00000001edc00000 Y/135   Relocatable
 Small   0x00000001edc00000 0x00000001ede00000 0x00000001ede00000 Y/136   Allocating 
 Small   0x00000001ede00000 0x00000001ee000000 0x00000001ee000000 Y/136   Allocating 
 Small   0x00000001ee000000 0x00000001ee200000 0x00000001ee200000 Y/135   Relocatable
 Small   0x00000001ee200000 0x00000001ee400000 0x00000001ee400000 Y/135   Relocatable
 Small   0x00000001ee400000 0x00000001ee600000 0x00000001ee600000 Y/135   Relocatable
 Small   0x00000001ee600000 0x00000001ee800000 0x00000001ee800000 Y/135   Relocatable
 Small   0x00000001ee800000 0x00000001eea00000 0x00000001eea00000 Y/135   Relocatable
 Small   0x00000001eea00000 0x00000001eec00000 0x00000001eec00000 Y/135   Relocatable
 Small   0x00000001eec00000 0x00000001eedffff8 0x00000001eee00000 O/10    Relocatable
 Small   0x00000001ef000000 0x00000001ef200000 0x00000001ef200000 Y/135   Relocatable
 Small   0x00000001ef200000 0x00000001ef400000 0x00000001ef400000 Y/135   Relocatable
 Small   0x00000001ef600000 0x00000001ef7fffc0 0x00000001ef800000 O/10    Relocatable
 Small   0x00000001ef800000 0x00000001efa00000 0x00000001efa00000 Y/135   Relocatable
 Small   0x00000001efa00000 0x00000001efc00000 0x00000001efc00000 Y/135   Relocatable
 Small   0x00000001efc00000 0x00000001efe00000 0x00000001efe00000 Y/135   Relocatable
 Small   0x00000001efe00000 0x00000001f0000000 0x00000001f0000000 Y/135   Relocatable
 Small   0x00000001f0000000 0x00000001f01fec98 0x00000001f0200000 O/14    Allocating 
 Small   0x00000001f0200000 0x00000001f03ffff0 0x00000001f0400000 O/10    Relocatable
 Small   0x00000001f0400000 0x00000001f0600000 0x00000001f0600000 Y/135   Relocatable
 Small   0x00000001f0600000 0x00000001f07ffff8 0x00000001f0800000 O/13    Relocatable
 Small   0x00000001f0800000 0x00000001f0a00000 0x00000001f0a00000 Y/135   Relocatable
 Small   0x00000001f0a00000 0x00000001f0c00000 0x00000001f0c00000 O/12    Relocatable
 Small   0x00000001f1000000 0x00000001f1200000 0x00000001f1200000 Y/135   Relocatable
 Small   0x00000001f1400000 0x00000001f15fffb0 0x00000001f1600000 O/13    Relocatable
 Small   0x00000001f1600000 0x00000001f1800000 0x00000001f1800000 Y/135   Relocatable
 Small   0x00000001f1800000 0x00000001f1a00000 0x00000001f1a00000 Y/135   Relocatable
 Small   0x00000001f1a00000 0x00000001f1bfff18 0x00000001f1c00000 O/12    Relocatable
 Small   0x00000001f1e00000 0x00000001f1fffff0 0x00000001f2000000 O/11    Relocatable
 Small   0x00000001f2000000 0x00000001f2200000 0x00000001f2200000 Y/135   Relocatable
 Small   0x00000001f2200000 0x00000001f2400000 0x00000001f2400000 Y/135   Relocatable
 Small   0x00000001f2400000 0x00000001f25f6a68 0x00000001f2600000 O/12    Relocatable
 Small   0x00000001f2600000 0x00000001f2800000 0x00000001f2800000 Y/136   Allocating 
 Small   0x00000001f2a00000 0x00000001f2c00000 0x00000001f2c00000 Y/135   Relocatable
 Small   0x00000001f2c00000 0x00000001f2e00000 0x00000001f2e00000 Y/135   Relocatable
 Small   0x00000001f2e00000 0x00000001f3000000 0x00000001f3000000 Y/135   Relocatable
 Small   0x00000001f3000000 0x00000001f3200000 0x00000001f3200000 Y/135   Relocatable
 Small   0x00000001f3400000 0x00000001f3600000 0x00000001f3600000 Y/136   Allocating 
 Small   0x00000001f3600000 0x00000001f3800000 0x00000001f3800000 Y/135   Relocatable
 Small   0x00000001f3800000 0x00000001f3a00000 0x00000001f3a00000 Y/136   Allocating 
 Small   0x00000001f3a00000 0x00000001f3c00000 0x00000001f3c00000 Y/135   Relocatable
 Small   0x00000001f3c00000 0x00000001f3e00000 0x00000001f3e00000 Y/135   Relocatable
 Small   0x00000001f3e00000 0x00000001f4000000 0x00000001f4000000 Y/135   Relocatable
 Small   0x00000001f4000000 0x00000001f4200000 0x00000001f4200000 O/13    Relocatable
 Small   0x00000001f4200000 0x00000001f43ffff0 0x00000001f4400000 O/13    Relocatable
 Small   0x00000001f4400000 0x00000001f4600000 0x00000001f4600000 Y/135   Relocatable
 Small   0x00000001f4600000 0x00000001f4800000 0x00000001f4800000 Y/135   Relocatable
 Small   0x00000001f4800000 0x00000001f4a00000 0x00000001f4a00000 Y/135   Relocatable
 Small   0x00000001f4a00000 0x00000001f4c00000 0x00000001f4c00000 Y/135   Relocatable
 Small   0x00000001f4c00000 0x00000001f4e00000 0x00000001f4e00000 Y/135   Relocatable
 Small   0x00000001f4e00000 0x00000001f5000000 0x00000001f5000000 Y/135   Relocatable
 Small   0x00000001f5000000 0x00000001f5200000 0x00000001f5200000 Y/135   Relocatable
 Small   0x00000001f5200000 0x00000001f5400000 0x00000001f5400000 Y/135   Relocatable
 Small   0x00000001f5400000 0x00000001f55fffe8 0x00000001f5600000 O/10    Relocatable
 Small   0x00000001f5600000 0x00000001f5800000 0x00000001f5800000 Y/136   Allocating 
 Small   0x00000001f5800000 0x00000001f5a00000 0x00000001f5a00000 Y/135   Relocatable
 Small   0x00000001f5a00000 0x00000001f5c00000 0x00000001f5c00000 Y/135   Relocatable
 Small   0x00000001f5c00000 0x00000001f5e00000 0x00000001f5e00000 Y/135   Relocatable
 Small   0x00000001f5e00000 0x00000001f6000000 0x00000001f6000000 Y/135   Relocatable
 Small   0x00000001f6000000 0x00000001f61ffff0 0x00000001f6200000 Y/135   Relocatable
 Small   0x00000001f6200000 0x00000001f63ffff8 0x00000001f6400000 O/10    Relocatable
 Small   0x00000001f6400000 0x00000001f6600000 0x00000001f6600000 Y/135   Relocatable
 Small   0x00000001f6600000 0x00000001f6800000 0x00000001f6800000 Y/135   Relocatable
 Small   0x00000001f6800000 0x00000001f6a00000 0x00000001f6a00000 Y/135   Relocatable
 Small   0x00000001f6a00000 0x00000001f6bfd078 0x00000001f6c00000 Y/135   Relocatable
 Small   0x00000001f6c00000 0x00000001f6e00000 0x00000001f6e00000 Y/135   Relocatable
 Small   0x00000001f6e00000 0x00000001f7000000 0x00000001f7000000 Y/135   Relocatable
 Small   0x00000001f7000000 0x00000001f7200000 0x00000001f7200000 Y/135   Relocatable
 Small   0x00000001f7600000 0x00000001f7800000 0x00000001f7800000 Y/136   Allocating 
 Small   0x00000001f7800000 0x00000001f7a00000 0x00000001f7a00000 Y/136   Allocating 
 Small   0x00000001f7a00000 0x00000001f7c00000 0x00000001f7c00000 Y/135   Relocatable
 Small   0x00000001f7c00000 0x00000001f7e00000 0x00000001f7e00000 Y/135   Relocatable
 Small   0x00000001f7e00000 0x00000001f8000000 0x00000001f8000000 Y/135   Relocatable
 Small   0x00000001f8000000 0x00000001f8200000 0x00000001f8200000 Y/135   Relocatable
 Small   0x00000001f8200000 0x00000001f8400000 0x00000001f8400000 O/12    Relocatable
 Small   0x00000001f8400000 0x00000001f8600000 0x00000001f8600000 Y/136   Allocating 
 Small   0x00000001f8600000 0x00000001f8800000 0x00000001f8800000 Y/135   Relocatable
 Small   0x00000001f8800000 0x00000001f8a00000 0x00000001f8a00000 Y/135   Relocatable
 Small   0x00000001f8a00000 0x00000001f8c00000 0x00000001f8c00000 Y/135   Relocatable
 Small   0x00000001f8c00000 0x00000001f8e00000 0x00000001f8e00000 Y/135   Relocatable
 Small   0x00000001f8e00000 0x00000001f9000000 0x00000001f9000000 Y/135   Relocatable
 Small   0x00000001f9000000 0x00000001f9200000 0x00000001f9200000 Y/135   Relocatable
 Small   0x00000001f9200000 0x00000001f9400000 0x00000001f9400000 Y/135   Relocatable
 Small   0x00000001f9400000 0x00000001f9600000 0x00000001f9600000 Y/135   Relocatable
 Small   0x00000001f9800000 0x00000001f9a00000 0x00000001f9a00000 Y/135   Relocatable
 Small   0x00000001f9a00000 0x00000001f9c00000 0x00000001f9c00000 Y/135   Relocatable
 Small   0x00000001fa000000 0x00000001fa200000 0x00000001fa200000 Y/135   Relocatable
 Small   0x00000001fa200000 0x00000001fa3fffd0 0x00000001fa400000 O/11    Relocatable
 Small   0x00000001fa400000 0x00000001fa600000 0x00000001fa600000 Y/135   Relocatable
 Small   0x00000001fa600000 0x00000001fa800000 0x00000001fa800000 Y/135   Relocatable
 Small   0x00000001faa00000 0x00000001fac00000 0x00000001fac00000 Y/135   Relocatable
 Small   0x00000001fac00000 0x00000001fae00000 0x00000001fae00000 Y/135   Relocatable
 Small   0x00000001fae00000 0x00000001fb000000 0x00000001fb000000 Y/135   Relocatable
 Small   0x00000001fb000000 0x00000001fb1fe308 0x00000001fb200000 O/12    Relocatable
 Small   0x00000001fb200000 0x00000001fb400000 0x00000001fb400000 Y/135   Relocatable
 Small   0x00000001fb400000 0x00000001fb600000 0x00000001fb600000 Y/135   Relocatable
 Small   0x00000001fb600000 0x00000001fb800000 0x00000001fb800000 Y/135   Relocatable
 Small   0x00000001fb800000 0x00000001fb9fdf80 0x00000001fba00000 O/14    Allocating 
 Small   0x00000001fba00000 0x00000001fbc00000 0x00000001fbc00000 Y/135   Relocatable
 Small   0x00000001fbc00000 0x00000001fbe00000 0x00000001fbe00000 Y/135   Relocatable
 Small   0x00000001fbe00000 0x00000001fc000000 0x00000001fc000000 Y/135   Relocatable
 Small   0x00000001fc000000 0x00000001fc200000 0x00000001fc200000 Y/135   Relocatable
 Small   0x00000001fc400000 0x00000001fc600000 0x00000001fc600000 Y/135   Relocatable
 Small   0x00000001fc600000 0x00000001fc7ffbb8 0x00000001fc800000 O/12    Relocatable
 Small   0x00000001fc800000 0x00000001fc9ffd30 0x00000001fca00000 O/11    Relocatable
 Small   0x00000001fca00000 0x00000001fcc00000 0x00000001fcc00000 Y/135   Relocatable
 Small   0x00000001fcc00000 0x00000001fce00000 0x00000001fce00000 Y/135   Relocatable
 Small   0x00000001fce00000 0x00000001fd000000 0x00000001fd000000 Y/135   Relocatable
 Small   0x00000001fd000000 0x00000001fd200000 0x00000001fd200000 Y/135   Relocatable
 Small   0x00000001fd200000 0x00000001fd400000 0x00000001fd400000 Y/135   Relocatable
 Small   0x00000001fd400000 0x00000001fd5fdf20 0x00000001fd600000 O/14    Allocating 
 Small   0x00000001fd800000 0x00000001fda00000 0x00000001fda00000 Y/135   Relocatable
 Small   0x00000001fda00000 0x00000001fdbffac0 0x00000001fdc00000 O/12    Relocatable
 Small   0x00000001fde00000 0x00000001fe000000 0x00000001fe000000 Y/135   Relocatable
 Small   0x00000001fe200000 0x00000001fe3fffc0 0x00000001fe400000 O/12    Relocatable
 Small   0x00000001fe400000 0x00000001fe600000 0x00000001fe600000 Y/136   Allocating 
 Small   0x00000001fe600000 0x00000001fe800000 0x00000001fe800000 Y/135   Relocatable
 Small   0x00000001fe800000 0x00000001fea00000 0x00000001fea00000 Y/135   Relocatable
 Small   0x00000001fea00000 0x00000001fec00000 0x00000001fec00000 Y/135   Relocatable
 Small   0x00000001fec00000 0x00000001fee00000 0x00000001fee00000 Y/135   Relocatable
 Small   0x00000001fee00000 0x00000001fefffff8 0x00000001ff000000 O/14    Allocating 
 Small   0x00000001ff000000 0x00000001ff1fffe0 0x00000001ff200000 O/10    Relocatable
 Small   0x00000001ff200000 0x00000001ff400000 0x00000001ff400000 Y/135   Relocatable
 Small   0x00000001ff400000 0x00000001ff5ffff0 0x00000001ff600000 O/10    Relocatable
 Small   0x00000001ff600000 0x00000001ff7ffff8 0x00000001ff800000 O/10    Relocatable
 Small   0x00000001ff800000 0x00000001ffa00000 0x00000001ffa00000 Y/135   Relocatable
 Small   0x00000001ffa00000 0x00000001ffc00000 0x00000001ffc00000 Y/135   Relocatable
 Small   0x00000001ffe00000 0x0000000200000000 0x0000000200000000 Y/135   Relocatable
 Small   0x0000000200000000 0x0000000200200000 0x0000000200200000 Y/135   Relocatable
 Small   0x0000000200200000 0x0000000200400000 0x0000000200400000 Y/135   Relocatable
 Small   0x0000000200400000 0x0000000200600000 0x0000000200600000 Y/135   Relocatable
 Small   0x0000000200600000 0x0000000200800000 0x0000000200800000 Y/135   Relocatable
 Small   0x0000000200800000 0x0000000200a00000 0x0000000200a00000 Y/135   Relocatable
 Small   0x0000000200a00000 0x0000000200bffff0 0x0000000200c00000 O/10    Relocatable
 Small   0x0000000200c00000 0x0000000200e00000 0x0000000200e00000 Y/135   Relocatable
 Small   0x0000000200e00000 0x0000000201000000 0x0000000201000000 O/11    Relocatable
 Small   0x0000000201400000 0x0000000201600000 0x0000000201600000 Y/136   Allocating 
 Small   0x0000000201600000 0x0000000201800000 0x0000000201800000 Y/135   Relocatable
 Small   0x0000000201800000 0x0000000201a00000 0x0000000201a00000 Y/135   Relocatable
 Small   0x0000000201a00000 0x0000000201c00000 0x0000000201c00000 Y/135   Relocatable
 Small   0x0000000201c00000 0x0000000201e00000 0x0000000201e00000 Y/135   Relocatable
 Small   0x0000000202400000 0x0000000202600000 0x0000000202600000 Y/136   Allocating 
 Small   0x0000000202600000 0x00000002027ffff8 0x0000000202800000 O/11    Relocatable
 Small   0x0000000202800000 0x0000000202a00000 0x0000000202a00000 Y/135   Relocatable
 Small   0x0000000202a00000 0x0000000202c00000 0x0000000202c00000 Y/135   Relocatable
 Small   0x0000000202c00000 0x0000000202dfe698 0x0000000202e00000 O/14    Allocating 
 Small   0x0000000202e00000 0x0000000202fffff0 0x0000000203000000 O/12    Relocatable
 Small   0x0000000203400000 0x0000000203600000 0x0000000203600000 Y/135   Relocatable
 Small   0x0000000203600000 0x0000000203800000 0x0000000203800000 Y/135   Relocatable
 Small   0x0000000203800000 0x00000002039ffbf8 0x0000000203a00000 Y/135   Relocatable
 Small   0x0000000203a00000 0x0000000203c00000 0x0000000203c00000 Y/135   Relocatable
 Small   0x0000000203c00000 0x0000000203e00000 0x0000000203e00000 Y/135   Relocatable
 Small   0x0000000203e00000 0x0000000204000000 0x0000000204000000 Y/135   Relocatable
 Small   0x0000000204000000 0x0000000204200000 0x0000000204200000 Y/135   Relocatable
 Small   0x0000000204200000 0x0000000204400000 0x0000000204400000 Y/135   Relocatable
 Small   0x0000000204400000 0x0000000204600000 0x0000000204600000 Y/135   Relocatable
 Small   0x0000000204800000 0x00000002049fe300 0x0000000204a00000 O/11    Relocatable
 Small   0x0000000204e00000 0x0000000205000000 0x0000000205000000 Y/135   Relocatable
 Small   0x0000000205000000 0x0000000205200000 0x0000000205200000 Y/135   Relocatable
 Small   0x0000000205400000 0x00000002055fffe8 0x0000000205600000 Y/135   Relocatable
 Small   0x0000000205600000 0x0000000205800000 0x0000000205800000 Y/135   Relocatable
 Small   0x0000000205800000 0x0000000205a00000 0x0000000205a00000 Y/135   Relocatable
 Small   0x0000000205a00000 0x0000000205c00000 0x0000000205c00000 Y/135   Relocatable
 Small   0x0000000205c00000 0x0000000205e00000 0x0000000205e00000 Y/135   Relocatable
 Small   0x0000000205e00000 0x0000000206000000 0x0000000206000000 Y/135   Relocatable
 Small   0x0000000206200000 0x0000000206400000 0x0000000206400000 Y/135   Relocatable
 Small   0x0000000206400000 0x0000000206600000 0x0000000206600000 Y/135   Relocatable
 Small   0x0000000206600000 0x0000000206800000 0x0000000206800000 Y/135   Relocatable
 Small   0x0000000206800000 0x0000000206a00000 0x0000000206a00000 Y/135   Relocatable
 Small   0x0000000206a00000 0x0000000206bffff0 0x0000000206c00000 O/11    Relocatable
 Small   0x0000000206c00000 0x0000000206e00000 0x0000000206e00000 Y/135   Relocatable
 Small   0x0000000206e00000 0x0000000207000000 0x0000000207000000 Y/135   Relocatable
 Small   0x0000000207000000 0x0000000207200000 0x0000000207200000 Y/135   Relocatable
 Small   0x0000000207200000 0x00000002073ffff8 0x0000000207400000 O/14    Allocating 
 Small   0x0000000207400000 0x0000000207600000 0x0000000207600000 Y/135   Relocatable
 Small   0x0000000207600000 0x0000000207800000 0x0000000207800000 Y/136   Allocating 
 Small   0x0000000207800000 0x0000000207a00000 0x0000000207a00000 Y/135   Relocatable
 Small   0x0000000207a00000 0x0000000207c00000 0x0000000207c00000 Y/135   Relocatable
 Small   0x0000000207c00000 0x0000000207e00000 0x0000000207e00000 Y/135   Relocatable
 Small   0x0000000207e00000 0x0000000208000000 0x0000000208000000 Y/135   Relocatable
 Small   0x0000000208000000 0x0000000208200000 0x0000000208200000 Y/135   Relocatable
 Small   0x0000000208200000 0x0000000208400000 0x0000000208400000 Y/135   Relocatable
 Small   0x0000000208400000 0x0000000208600000 0x0000000208600000 Y/135   Relocatable
 Small   0x0000000208600000 0x0000000208800000 0x0000000208800000 Y/135   Relocatable
 Small   0x0000000208800000 0x0000000208a00000 0x0000000208a00000 Y/135   Relocatable
 Small   0x0000000208a00000 0x0000000208c00000 0x0000000208c00000 O/12    Relocatable
 Small   0x0000000208c00000 0x0000000208e00000 0x0000000208e00000 Y/135   Relocatable
 Small   0x0000000208e00000 0x0000000208ffffe8 0x0000000209000000 O/10    Relocatable
 Small   0x0000000209000000 0x0000000209200000 0x0000000209200000 Y/135   Relocatable
 Small   0x0000000209400000 0x00000002095ffc68 0x0000000209600000 O/11    Relocatable
 Small   0x0000000209600000 0x0000000209800000 0x0000000209800000 Y/136   Allocating 
 Small   0x0000000209800000 0x0000000209a00000 0x0000000209a00000 Y/135   Relocatable
 Small   0x0000000209a00000 0x0000000209c00000 0x0000000209c00000 Y/135   Relocatable
 Small   0x0000000209c00000 0x0000000209e00000 0x0000000209e00000 Y/135   Relocatable
 Small   0x0000000209e00000 0x000000020a000000 0x000000020a000000 Y/135   Relocatable
 Small   0x000000020a000000 0x000000020a200000 0x000000020a200000 Y/135   Relocatable
 Small   0x000000020a200000 0x000000020a33ee78 0x000000020a400000 O/14    Allocating 
 Small   0x000000020a400000 0x000000020a600000 0x000000020a600000 Y/135   Relocatable
 Small   0x000000020a600000 0x000000020a800000 0x000000020a800000 Y/135   Relocatable
 Small   0x000000020a800000 0x000000020aa00000 0x000000020aa00000 Y/135   Relocatable
 Small   0x000000020aa00000 0x000000020abffde0 0x000000020ac00000 O/12    Relocatable
 Small   0x000000020ac00000 0x000000020ae00000 0x000000020ae00000 Y/135   Relocatable
 Small   0x000000020ae00000 0x000000020b000000 0x000000020b000000 Y/135   Relocatable
 Small   0x000000020b000000 0x000000020b1fff90 0x000000020b200000 O/14    Allocating 
 Small   0x000000020b200000 0x000000020b400000 0x000000020b400000 Y/135   Relocatable
 Small   0x000000020b400000 0x000000020b5fffe8 0x000000020b600000 O/10    Relocatable
 Small   0x000000020b600000 0x000000020b800000 0x000000020b800000 Y/135   Relocatable
 Small   0x000000020b800000 0x000000020ba00000 0x000000020ba00000 Y/135   Relocatable
 Small   0x000000020ba00000 0x000000020bbffff8 0x000000020bc00000 O/11    Relocatable
 Small   0x000000020bc00000 0x000000020be00000 0x000000020be00000 Y/135   Relocatable
 Small   0x000000020be00000 0x000000020c000000 0x000000020c000000 Y/135   Relocatable
 Small   0x000000020c000000 0x000000020c1ffff0 0x000000020c200000 O/12    Relocatable
 Small   0x000000020c800000 0x000000020c9ffff8 0x000000020ca00000 O/11    Relocatable
 Small   0x000000020ca00000 0x000000020cc00000 0x000000020cc00000 Y/136   Allocating 
 Small   0x000000020cc00000 0x000000020ce00000 0x000000020ce00000 Y/135   Relocatable
 Small   0x000000020ce00000 0x000000020d000000 0x000000020d000000 O/10    Relocatable
 Small   0x000000020d000000 0x000000020d200000 0x000000020d200000 Y/135   Relocatable
 Small   0x000000020d200000 0x000000020d400000 0x000000020d400000 Y/135   Relocatable
 Small   0x000000020d400000 0x000000020d600000 0x000000020d600000 Y/135   Relocatable
 Small   0x000000020d600000 0x000000020d800000 0x000000020d800000 Y/135   Relocatable
 Small   0x000000020da00000 0x000000020dc00000 0x000000020dc00000 Y/135   Relocatable
 Small   0x000000020dc00000 0x000000020de00000 0x000000020de00000 Y/135   Relocatable
 Small   0x000000020de00000 0x000000020e000000 0x000000020e000000 Y/135   Relocatable
 Small   0x000000020e000000 0x000000020e200000 0x000000020e200000 Y/135   Relocatable
 Small   0x000000020e400000 0x000000020e5ffff8 0x000000020e600000 O/12    Relocatable
 Small   0x000000020e800000 0x000000020ea00000 0x000000020ea00000 Y/135   Relocatable
 Small   0x000000020ec00000 0x000000020edffff0 0x000000020ee00000 O/10    Relocatable
 Small   0x000000020ee00000 0x000000020efffff8 0x000000020f000000 O/11    Relocatable
 Small   0x000000020f000000 0x000000020f200000 0x000000020f200000 Y/135   Relocatable
 Small   0x000000020f600000 0x000000020f800000 0x000000020f800000 Y/135   Relocatable
 Small   0x000000020f800000 0x000000020f9fffe0 0x000000020fa00000 O/10    Relocatable
 Small   0x000000020fa00000 0x000000020fbfffe0 0x000000020fc00000 O/10    Relocatable
 Small   0x000000020fe00000 0x0000000210000000 0x0000000210000000 Y/135   Relocatable
 Small   0x0000000210000000 0x0000000210200000 0x0000000210200000 Y/135   Relocatable
 Small   0x0000000210200000 0x0000000210400000 0x0000000210400000 Y/135   Relocatable
 Small   0x0000000210800000 0x00000002109ff900 0x0000000210a00000 Y/135   Relocatable
 Small   0x0000000210a00000 0x0000000210c00000 0x0000000210c00000 Y/135   Relocatable
 Small   0x0000000210c00000 0x0000000210e00000 0x0000000210e00000 Y/135   Relocatable
 Small   0x0000000210e00000 0x0000000211000000 0x0000000211000000 Y/135   Relocatable
 Small   0x0000000211000000 0x0000000211200000 0x0000000211200000 Y/135   Relocatable
 Small   0x0000000211200000 0x0000000211400000 0x0000000211400000 Y/136   Allocating 
 Small   0x0000000211400000 0x00000002115d5f10 0x0000000211600000 O/12    Relocatable
 Small   0x0000000211600000 0x00000002117ffff8 0x0000000211800000 O/10    Relocatable
 Small   0x0000000211c00000 0x0000000211e00000 0x0000000211e00000 Y/135   Relocatable
 Small   0x0000000211e00000 0x0000000212000000 0x0000000212000000 Y/135   Relocatable
 Small   0x0000000212000000 0x00000002121fffe8 0x0000000212200000 O/10    Relocatable
 Small   0x0000000212400000 0x0000000212600000 0x0000000212600000 Y/135   Relocatable
 Small   0x0000000212800000 0x0000000212a00000 0x0000000212a00000 Y/135   Relocatable
 Small   0x0000000212a00000 0x0000000212c00000 0x0000000212c00000 Y/135   Relocatable
 Small   0x0000000212c00000 0x0000000212e00000 0x0000000212e00000 Y/135   Relocatable
 Small   0x0000000213200000 0x0000000213400000 0x0000000213400000 Y/135   Relocatable
 Small   0x0000000213400000 0x0000000213600000 0x0000000213600000 O/10    Relocatable
 Small   0x0000000213600000 0x00000002137ffff0 0x0000000213800000 O/10    Relocatable
 Small   0x0000000213800000 0x0000000213a00000 0x0000000213a00000 Y/135   Relocatable
 Small   0x0000000213a00000 0x0000000213c00000 0x0000000213c00000 Y/135   Relocatable
 Small   0x0000000213c00000 0x0000000213dfffe0 0x0000000213e00000 O/11    Relocatable
 Small   0x0000000213e00000 0x0000000214000000 0x0000000214000000 Y/136   Allocating 
 Small   0x0000000214000000 0x0000000214200000 0x0000000214200000 Y/135   Relocatable
 Small   0x0000000214200000 0x0000000214400000 0x0000000214400000 Y/135   Relocatable
 Small   0x0000000214400000 0x0000000214600000 0x0000000214600000 O/12    Relocatable
 Small   0x0000000214600000 0x0000000214800000 0x0000000214800000 Y/135   Relocatable
 Small   0x0000000214800000 0x0000000214a00000 0x0000000214a00000 Y/135   Relocatable
 Small   0x0000000214a00000 0x0000000214c00000 0x0000000214c00000 Y/135   Relocatable
 Small   0x0000000214c00000 0x0000000214e00000 0x0000000214e00000 Y/135   Relocatable
 Small   0x0000000215000000 0x0000000215200000 0x0000000215200000 Y/135   Relocatable
 Small   0x0000000215200000 0x0000000215400000 0x0000000215400000 Y/135   Relocatable
 Small   0x0000000215800000 0x0000000215a00000 0x0000000215a00000 Y/135   Relocatable
 Small   0x0000000215a00000 0x0000000215c00000 0x0000000215c00000 Y/135   Relocatable
 Small   0x0000000215c00000 0x0000000215e00000 0x0000000215e00000 Y/135   Relocatable
 Small   0x0000000216400000 0x00000002165fff30 0x0000000216600000 O/10    Relocatable
 Small   0x0000000216800000 0x00000002169fff98 0x0000000216a00000 O/10    Relocatable
 Small   0x0000000216a00000 0x0000000216bffa38 0x0000000216c00000 O/11    Relocatable
 Small   0x0000000216c00000 0x0000000216e00000 0x0000000216e00000 Y/135   Relocatable
 Small   0x0000000216e00000 0x0000000217000000 0x0000000217000000 Y/135   Relocatable
 Small   0x0000000217000000 0x0000000217200000 0x0000000217200000 Y/136   Allocating 
 Small   0x0000000217200000 0x00000002173fffe8 0x0000000217400000 O/11    Relocatable
 Small   0x0000000217400000 0x0000000217600000 0x0000000217600000 Y/135   Relocatable
 Small   0x0000000217600000 0x0000000217800000 0x0000000217800000 Y/135   Relocatable
 Small   0x0000000217c00000 0x0000000217e00000 0x0000000217e00000 Y/136   Allocating 
 Small   0x0000000217e00000 0x0000000218000000 0x0000000218000000 Y/135   Relocatable
 Small   0x0000000218000000 0x0000000218200000 0x0000000218200000 O/10    Relocatable
 Small   0x0000000218200000 0x0000000218400000 0x0000000218400000 Y/136   Allocating 
 Small   0x0000000218400000 0x00000002185ffff8 0x0000000218600000 O/10    Relocatable
 Small   0x0000000218600000 0x0000000218800000 0x0000000218800000 Y/135   Relocatable
 Small   0x0000000218800000 0x0000000218a00000 0x0000000218a00000 Y/135   Relocatable
 Small   0x0000000218a00000 0x0000000218c00000 0x0000000218c00000 Y/135   Relocatable
 Small   0x0000000218e00000 0x0000000219000000 0x0000000219000000 Y/135   Relocatable
 Small   0x0000000219000000 0x0000000219200000 0x0000000219200000 Y/136   Allocating 
 Small   0x0000000219200000 0x00000002193fffd0 0x0000000219400000 O/10    Relocatable
 Small   0x0000000219600000 0x0000000219800000 0x0000000219800000 Y/135   Relocatable
 Small   0x0000000219800000 0x00000002199fffe8 0x0000000219a00000 O/10    Relocatable
 Small   0x0000000219a00000 0x0000000219c00000 0x0000000219c00000 Y/135   Relocatable
 Small   0x0000000219e00000 0x000000021a000000 0x000000021a000000 Y/135   Relocatable
 Small   0x000000021a000000 0x000000021a200000 0x000000021a200000 Y/135   Relocatable
 Small   0x000000021a200000 0x000000021a3ffc98 0x000000021a400000 Y/135   Relocatable
 Small   0x000000021a400000 0x000000021a600000 0x000000021a600000 Y/136   Allocating 
 Small   0x000000021a600000 0x000000021a800000 0x000000021a800000 Y/135   Relocatable
 Small   0x000000021ac00000 0x000000021adfffe8 0x000000021ae00000 O/10    Relocatable
 Small   0x000000021ae00000 0x000000021b000000 0x000000021b000000 Y/135   Relocatable
 Small   0x000000021b000000 0x000000021b200000 0x000000021b200000 Y/135   Relocatable
 Small   0x000000021b200000 0x000000021b400000 0x000000021b400000 Y/135   Relocatable
 Small   0x000000021b800000 0x000000021ba00000 0x000000021ba00000 Y/135   Relocatable
 Small   0x000000021ba00000 0x000000021bc00000 0x000000021bc00000 Y/135   Relocatable
 Small   0x000000021bc00000 0x000000021be00000 0x000000021be00000 Y/135   Relocatable
 Small   0x000000021be00000 0x000000021c000000 0x000000021c000000 Y/135   Relocatable
 Small   0x000000021c200000 0x000000021c400000 0x000000021c400000 Y/135   Relocatable
 Small   0x000000021c400000 0x000000021c600000 0x000000021c600000 Y/135   Relocatable
 Small   0x000000021c600000 0x000000021c800000 0x000000021c800000 Y/135   Relocatable
 Small   0x000000021c800000 0x000000021c9ffff8 0x000000021ca00000 Y/135   Relocatable
 Small   0x000000021ca00000 0x000000021cc00000 0x000000021cc00000 Y/135   Relocatable
 Small   0x000000021cc00000 0x000000021ce00000 0x000000021ce00000 Y/135   Relocatable
 Small   0x000000021ce00000 0x000000021d000000 0x000000021d000000 Y/135   Relocatable
 Small   0x000000021d000000 0x000000021d200000 0x000000021d200000 Y/135   Relocatable
 Small   0x000000021d200000 0x000000021d400000 0x000000021d400000 Y/135   Relocatable
 Small   0x000000021d600000 0x000000021d800000 0x000000021d800000 Y/135   Relocatable
 Small   0x000000021d800000 0x000000021da00000 0x000000021da00000 Y/135   Relocatable
 Small   0x000000021da00000 0x000000021dc00000 0x000000021dc00000 Y/135   Relocatable
 Small   0x000000021e000000 0x000000021e200000 0x000000021e200000 Y/135   Relocatable
 Small   0x000000021e200000 0x000000021e400000 0x000000021e400000 Y/135   Relocatable
 Small   0x000000021e600000 0x000000021e800000 0x000000021e800000 Y/135   Relocatable
 Small   0x000000021e800000 0x000000021ea00000 0x000000021ea00000 Y/135   Relocatable
 Small   0x000000021ea00000 0x000000021ec00000 0x000000021ec00000 Y/135   Relocatable
 Small   0x000000021ec00000 0x000000021ee00000 0x000000021ee00000 Y/135   Relocatable
 Small   0x000000021ee00000 0x000000021f000000 0x000000021f000000 Y/135   Relocatable
 Small   0x000000021f000000 0x000000021f1ffff0 0x000000021f200000 O/10    Relocatable
 Small   0x000000021f200000 0x000000021f3ffc78 0x000000021f400000 O/11    Relocatable
 Small   0x000000021f400000 0x000000021f600000 0x000000021f600000 Y/135   Relocatable
 Small   0x000000021f600000 0x000000021f800000 0x000000021f800000 Y/136   Allocating 
 Small   0x000000021f800000 0x000000021f9fffd8 0x000000021fa00000 O/12    Relocatable
 Small   0x000000021fa00000 0x000000021fc00000 0x000000021fc00000 Y/135   Relocatable
 Small   0x000000021fc00000 0x000000021fe00000 0x000000021fe00000 Y/136   Allocating 
 Small   0x000000021fe00000 0x0000000220000000 0x0000000220000000 Y/135   Relocatable
 Small   0x0000000220200000 0x0000000220400000 0x0000000220400000 Y/135   Relocatable
 Small   0x0000000220400000 0x0000000220600000 0x0000000220600000 Y/135   Relocatable
 Small   0x0000000220600000 0x00000002207fff90 0x0000000220800000 O/10    Relocatable
 Small   0x0000000220800000 0x0000000220a00000 0x0000000220a00000 Y/135   Relocatable
 Small   0x0000000220a00000 0x0000000220c00000 0x0000000220c00000 Y/135   Relocatable
 Small   0x0000000220c00000 0x0000000220e00000 0x0000000220e00000 Y/135   Relocatable
 Small   0x0000000221200000 0x00000002213ffff0 0x0000000221400000 O/11    Relocatable
 Small   0x0000000221400000 0x00000002215fffe8 0x0000000221600000 O/11    Relocatable
 Small   0x0000000221600000 0x0000000221800000 0x0000000221800000 Y/136   Allocating 
 Small   0x0000000221800000 0x0000000221a00000 0x0000000221a00000 Y/135   Relocatable
 Small   0x0000000221a00000 0x0000000221c00000 0x0000000221c00000 Y/135   Relocatable
 Small   0x0000000221c00000 0x0000000221dff9f0 0x0000000221e00000 O/13    Relocatable
 Small   0x0000000221e00000 0x0000000222000000 0x0000000222000000 Y/135   Relocatable
 Small   0x0000000222000000 0x0000000222200000 0x0000000222200000 Y/135   Relocatable
 Small   0x0000000222200000 0x0000000222400000 0x0000000222400000 Y/135   Relocatable
 Small   0x0000000222400000 0x00000002224d6178 0x0000000222600000 Y/135   Relocatable
 Small   0x0000000222600000 0x0000000222800000 0x0000000222800000 Y/135   Relocatable
 Small   0x0000000222800000 0x0000000222a00000 0x0000000222a00000 Y/135   Relocatable
 Small   0x0000000222a00000 0x0000000222c00000 0x0000000222c00000 Y/135   Relocatable
 Small   0x0000000222e00000 0x0000000223000000 0x0000000223000000 Y/135   Relocatable
 Small   0x0000000223000000 0x0000000223200000 0x0000000223200000 Y/136   Allocating 
 Small   0x0000000223200000 0x0000000223400000 0x0000000223400000 Y/135   Relocatable
 Small   0x0000000223400000 0x0000000223600000 0x0000000223600000 Y/135   Relocatable
 Small   0x0000000223600000 0x0000000223800000 0x0000000223800000 Y/135   Relocatable
 Small   0x0000000223800000 0x0000000223a00000 0x0000000223a00000 Y/135   Relocatable
 Small   0x0000000223a00000 0x0000000223c00000 0x0000000223c00000 Y/135   Relocatable
 Small   0x0000000223e00000 0x0000000223fffff0 0x0000000224000000 O/10    Relocatable
 Small   0x0000000224000000 0x0000000224200000 0x0000000224200000 Y/135   Relocatable
 Small   0x0000000224200000 0x0000000224400000 0x0000000224400000 Y/135   Relocatable
 Small   0x0000000224600000 0x0000000224800000 0x0000000224800000 Y/135   Relocatable
 Small   0x0000000224800000 0x00000002249ffff0 0x0000000224a00000 O/12    Relocatable
 Small   0x0000000224a00000 0x0000000224c00000 0x0000000224c00000 Y/135   Relocatable
 Small   0x0000000224c00000 0x0000000224e00000 0x0000000224e00000 Y/135   Relocatable
 Small   0x0000000224e00000 0x0000000225000000 0x0000000225000000 O/10    Relocatable
 Small   0x0000000225000000 0x0000000225200000 0x0000000225200000 Y/135   Relocatable
 Small   0x0000000225200000 0x00000002253d0b30 0x0000000225400000 O/13    Relocatable
 Small   0x0000000225400000 0x00000002255df380 0x0000000225600000 O/10    Relocatable
 Small   0x0000000225600000 0x0000000225800000 0x0000000225800000 Y/135   Relocatable
 Small   0x0000000225800000 0x00000002259f1728 0x0000000225a00000 O/12    Relocatable
 Small   0x0000000225a00000 0x0000000225c00000 0x0000000225c00000 Y/135   Relocatable
 Small   0x0000000225c00000 0x0000000225e00000 0x0000000225e00000 Y/135   Relocatable
 Small   0x0000000225e00000 0x0000000225fffff8 0x0000000226000000 O/11    Relocatable
 Small   0x0000000226000000 0x0000000226200000 0x0000000226200000 Y/135   Relocatable
 Small   0x0000000226400000 0x0000000226600000 0x0000000226600000 Y/135   Relocatable
 Small   0x0000000226800000 0x0000000226a00000 0x0000000226a00000 Y/135   Relocatable
 Small   0x0000000226e00000 0x0000000227000000 0x0000000227000000 Y/135   Relocatable
 Small   0x0000000227200000 0x0000000227400000 0x0000000227400000 Y/135   Relocatable
 Small   0x0000000227400000 0x0000000227600000 0x0000000227600000 Y/135   Relocatable
 Small   0x0000000227600000 0x0000000227800000 0x0000000227800000 Y/135   Relocatable
 Small   0x0000000227800000 0x0000000227a00000 0x0000000227a00000 Y/135   Relocatable
 Small   0x0000000227a00000 0x0000000227c00000 0x0000000227c00000 Y/135   Relocatable
 Small   0x0000000227c00000 0x0000000227e00000 0x0000000227e00000 Y/135   Relocatable
 Small   0x0000000227e00000 0x0000000228000000 0x0000000228000000 Y/135   Relocatable
 Small   0x0000000228000000 0x00000002281fffd8 0x0000000228200000 Y/135   Relocatable
 Small   0x0000000228400000 0x0000000228600000 0x0000000228600000 Y/135   Relocatable
 Small   0x0000000228600000 0x00000002287ffff8 0x0000000228800000 O/10    Relocatable
 Small   0x0000000228800000 0x0000000228a00000 0x0000000228a00000 Y/135   Relocatable
 Small   0x0000000228a00000 0x0000000228c00000 0x0000000228c00000 Y/136   Allocating 
 Small   0x0000000228c00000 0x0000000228e00000 0x0000000228e00000 Y/135   Relocatable
 Small   0x0000000228e00000 0x0000000229000000 0x0000000229000000 Y/135   Relocatable
 Small   0x0000000229000000 0x0000000229200000 0x0000000229200000 Y/135   Relocatable
 Small   0x0000000229200000 0x0000000229400000 0x0000000229400000 Y/135   Relocatable
 Small   0x0000000229400000 0x0000000229600000 0x0000000229600000 Y/135   Relocatable
 Small   0x0000000229600000 0x0000000229800000 0x0000000229800000 Y/135   Relocatable
 Small   0x0000000229800000 0x0000000229a00000 0x0000000229a00000 Y/135   Relocatable
 Small   0x0000000229a00000 0x0000000229c00000 0x0000000229c00000 Y/135   Relocatable
 Small   0x0000000229c00000 0x0000000229e00000 0x0000000229e00000 Y/135   Relocatable
 Small   0x0000000229e00000 0x000000022a000000 0x000000022a000000 Y/135   Relocatable
 Small   0x000000022a000000 0x000000022a200000 0x000000022a200000 Y/135   Relocatable
 Small   0x000000022a200000 0x000000022a3ffff8 0x000000022a400000 O/12    Relocatable
 Small   0x000000022a400000 0x000000022a600000 0x000000022a600000 Y/135   Relocatable
 Small   0x000000022a600000 0x000000022a800000 0x000000022a800000 Y/135   Relocatable
 Small   0x000000022a800000 0x000000022a9fffe8 0x000000022aa00000 O/13    Relocatable
 Small   0x000000022aa00000 0x000000022ac00000 0x000000022ac00000 Y/136   Allocating 
 Small   0x000000022ac00000 0x000000022ae00000 0x000000022ae00000 Y/135   Relocatable
 Small   0x000000022ae00000 0x000000022b000000 0x000000022b000000 Y/135   Relocatable
 Small   0x000000022b000000 0x000000022b200000 0x000000022b200000 Y/135   Relocatable
 Small   0x000000022b600000 0x000000022b800000 0x000000022b800000 Y/135   Relocatable
 Small   0x000000022ba00000 0x000000022bc00000 0x000000022bc00000 Y/135   Relocatable
 Small   0x000000022bc00000 0x000000022be00000 0x000000022be00000 Y/135   Relocatable
 Small   0x000000022be00000 0x000000022c000000 0x000000022c000000 Y/135   Relocatable
 Small   0x000000022c000000 0x000000022c1fffe8 0x000000022c200000 O/10    Relocatable
 Small   0x000000022c200000 0x000000022c400000 0x000000022c400000 Y/135   Relocatable
 Small   0x000000022c400000 0x000000022c600000 0x000000022c600000 Y/135   Relocatable
 Small   0x000000022c600000 0x000000022c800000 0x000000022c800000 Y/135   Relocatable
 Small   0x000000022c800000 0x000000022ca00000 0x000000022ca00000 Y/135   Relocatable
 Small   0x000000022ca00000 0x000000022cc00000 0x000000022cc00000 Y/135   Relocatable
 Small   0x000000022cc00000 0x000000022ce00000 0x000000022ce00000 Y/135   Relocatable
 Small   0x000000022ce00000 0x000000022d000000 0x000000022d000000 Y/135   Relocatable
 Small   0x000000022d000000 0x000000022d200000 0x000000022d200000 Y/135   Relocatable
 Small   0x000000022d200000 0x000000022d400000 0x000000022d400000 Y/135   Relocatable
 Small   0x000000022d600000 0x000000022d7fffd0 0x000000022d800000 O/10    Relocatable
 Small   0x000000022d800000 0x000000022da00000 0x000000022da00000 Y/135   Relocatable
 Small   0x000000022da00000 0x000000022dbfffb0 0x000000022dc00000 O/10    Relocatable
 Small   0x000000022de00000 0x000000022e000000 0x000000022e000000 Y/135   Relocatable
 Small   0x000000022e000000 0x000000022e1eab00 0x000000022e200000 O/10    Relocatable
 Small   0x000000022e200000 0x000000022e400000 0x000000022e400000 Y/135   Relocatable
 Small   0x000000022e400000 0x000000022e5fffe0 0x000000022e600000 O/10    Relocatable
 Small   0x000000022e600000 0x000000022e800000 0x000000022e800000 Y/135   Relocatable
 Small   0x000000022e800000 0x000000022e9fffe8 0x000000022ea00000 O/10    Relocatable
 Small   0x000000022ea00000 0x000000022ec00000 0x000000022ec00000 Y/135   Relocatable
 Small   0x000000022ec00000 0x000000022edfffe0 0x000000022ee00000 O/10    Relocatable
 Small   0x000000022ee00000 0x000000022f000000 0x000000022f000000 Y/135   Relocatable
 Small   0x000000022f000000 0x000000022f200000 0x000000022f200000 Y/135   Relocatable
 Small   0x000000022f200000 0x000000022f3fffc8 0x000000022f400000 O/10    Relocatable
 Small   0x000000022f600000 0x000000022f800000 0x000000022f800000 Y/135   Relocatable
 Small   0x000000022f800000 0x000000022fa00000 0x000000022fa00000 Y/135   Relocatable
 Small   0x000000022fa00000 0x000000022fc00000 0x000000022fc00000 O/14    Allocating 
 Small   0x000000022fc00000 0x000000022fe00000 0x000000022fe00000 Y/135   Relocatable
 Small   0x000000022fe00000 0x0000000230000000 0x0000000230000000 Y/135   Relocatable
 Small   0x0000000230000000 0x0000000230200000 0x0000000230200000 Y/135   Relocatable
 Small   0x0000000230400000 0x0000000230600000 0x0000000230600000 Y/135   Relocatable
 Small   0x0000000230600000 0x00000002307ffff8 0x0000000230800000 O/12    Relocatable
 Small   0x0000000230800000 0x00000002309ffff0 0x0000000230a00000 O/14    Allocating 
 Small   0x0000000230c00000 0x0000000230e00000 0x0000000230e00000 Y/135   Relocatable
 Small   0x0000000230e00000 0x0000000230ffffb8 0x0000000231000000 O/10    Relocatable
 Small   0x0000000231000000 0x00000002311ffff0 0x0000000231200000 O/10    Relocatable
 Small   0x0000000231200000 0x0000000231400000 0x0000000231400000 Y/136   Allocating 
 Small   0x0000000231400000 0x0000000231600000 0x0000000231600000 Y/135   Relocatable
 Small   0x0000000231600000 0x0000000231800000 0x0000000231800000 O/12    Relocatable
 Small   0x0000000231800000 0x0000000231a00000 0x0000000231a00000 Y/135   Relocatable
 Small   0x0000000231a00000 0x0000000231c00000 0x0000000231c00000 Y/135   Relocatable
 Small   0x0000000231c00000 0x0000000231e00000 0x0000000231e00000 Y/135   Relocatable
 Small   0x0000000231e00000 0x0000000232000000 0x0000000232000000 Y/135   Relocatable
 Small   0x0000000232000000 0x0000000232200000 0x0000000232200000 Y/135   Relocatable
 Small   0x0000000232200000 0x0000000232400000 0x0000000232400000 Y/135   Relocatable
 Small   0x0000000232400000 0x0000000232600000 0x0000000232600000 Y/135   Relocatable
 Small   0x0000000232600000 0x00000002327ffff0 0x0000000232800000 O/11    Relocatable
 Small   0x0000000232800000 0x0000000232a00000 0x0000000232a00000 Y/135   Relocatable
 Small   0x0000000232a00000 0x0000000232c00000 0x0000000232c00000 Y/135   Relocatable
 Small   0x0000000232c00000 0x0000000232e00000 0x0000000232e00000 Y/136   Allocating 
 Small   0x0000000232e00000 0x0000000233000000 0x0000000233000000 Y/135   Relocatable
 Small   0x0000000233000000 0x0000000233200000 0x0000000233200000 Y/135   Relocatable
 Small   0x0000000233200000 0x00000002333fffe0 0x0000000233400000 O/13    Relocatable
 Small   0x0000000233400000 0x00000002335ffff8 0x0000000233600000 O/10    Relocatable
 Small   0x0000000233600000 0x0000000233800000 0x0000000233800000 Y/135   Relocatable
 Small   0x0000000233800000 0x0000000233a00000 0x0000000233a00000 Y/135   Relocatable
 Small   0x0000000233a00000 0x0000000233c00000 0x0000000233c00000 Y/136   Allocating 
 Small   0x0000000233c00000 0x0000000233e00000 0x0000000233e00000 Y/135   Relocatable
 Small   0x0000000233e00000 0x0000000233fffff0 0x0000000234000000 O/10    Relocatable
 Small   0x0000000234400000 0x0000000234600000 0x0000000234600000 Y/135   Relocatable
 Small   0x0000000234600000 0x0000000234800000 0x0000000234800000 Y/135   Relocatable
 Small   0x0000000234800000 0x0000000234a00000 0x0000000234a00000 Y/135   Relocatable
 Small   0x0000000234a00000 0x0000000234bffb08 0x0000000234c00000 O/12    Relocatable
 Small   0x0000000234c00000 0x0000000234e00000 0x0000000234e00000 Y/135   Relocatable
 Small   0x0000000234e00000 0x0000000235000000 0x0000000235000000 Y/135   Relocatable
 Small   0x0000000235000000 0x0000000235200000 0x0000000235200000 Y/135   Relocatable
 Small   0x0000000235200000 0x0000000235400000 0x0000000235400000 Y/135   Relocatable
 Small   0x0000000235400000 0x00000002355fffe0 0x0000000235600000 O/10    Relocatable
 Small   0x0000000235600000 0x0000000235800000 0x0000000235800000 Y/135   Relocatable
 Small   0x0000000235a00000 0x0000000235c00000 0x0000000235c00000 Y/135   Relocatable
 Small   0x0000000235c00000 0x0000000235e00000 0x0000000235e00000 O/12    Relocatable
 Small   0x0000000235e00000 0x0000000236000000 0x0000000236000000 Y/135   Relocatable
 Small   0x0000000236000000 0x0000000236200000 0x0000000236200000 Y/135   Relocatable
 Small   0x0000000236200000 0x0000000236400000 0x0000000236400000 Y/135   Relocatable
 Small   0x0000000236400000 0x0000000236600000 0x0000000236600000 Y/136   Allocating 
 Small   0x0000000236800000 0x0000000236a00000 0x0000000236a00000 Y/135   Relocatable
 Small   0x0000000236a00000 0x0000000236bebc50 0x0000000236c00000 O/13    Relocatable
 Small   0x0000000236c00000 0x0000000236e00000 0x0000000236e00000 Y/135   Relocatable
 Small   0x0000000236e00000 0x0000000237000000 0x0000000237000000 Y/135   Relocatable
 Small   0x0000000237000000 0x00000002371fffd0 0x0000000237200000 O/10    Relocatable
 Small   0x0000000237200000 0x0000000237400000 0x0000000237400000 O/10    Relocatable
 Small   0x0000000237400000 0x0000000237600000 0x0000000237600000 O/10    Relocatable
 Small   0x0000000237600000 0x0000000237800000 0x0000000237800000 O/10    Relocatable
 Small   0x0000000237800000 0x0000000237a00000 0x0000000237a00000 O/10    Relocatable
 Small   0x0000000237a00000 0x0000000237c00000 0x0000000237c00000 O/10    Relocatable
 Small   0x0000000237c00000 0x0000000237dffff8 0x0000000237e00000 O/9     Relocatable
 Small   0x0000000237e00000 0x0000000238000000 0x0000000238000000 Y/135   Relocatable
 Small   0x0000000238000000 0x0000000238200000 0x0000000238200000 Y/135   Relocatable
 Small   0x0000000238200000 0x0000000238400000 0x0000000238400000 Y/135   Relocatable
 Small   0x0000000238600000 0x0000000238800000 0x0000000238800000 Y/135   Relocatable
 Small   0x0000000238800000 0x0000000238a00000 0x0000000238a00000 Y/135   Relocatable
 Small   0x0000000238a00000 0x0000000238bffff8 0x0000000238c00000 O/12    Relocatable
 Small   0x0000000238c00000 0x0000000238e00000 0x0000000238e00000 Y/135   Relocatable
 Small   0x0000000239000000 0x0000000239200000 0x0000000239200000 Y/135   Relocatable
 Small   0x0000000239200000 0x0000000239400000 0x0000000239400000 Y/135   Relocatable
 Small   0x0000000239400000 0x00000002395ffeb0 0x0000000239600000 O/14    Allocating 
 Small   0x0000000239600000 0x0000000239800000 0x0000000239800000 Y/135   Relocatable
 Small   0x0000000239800000 0x00000002399feb60 0x0000000239a00000 O/13    Relocatable
 Small   0x0000000239a00000 0x0000000239c00000 0x0000000239c00000 Y/135   Relocatable
 Small   0x000000023a000000 0x000000023a200000 0x000000023a200000 Y/135   Relocatable
 Small   0x000000023a200000 0x000000023a400000 0x000000023a400000 Y/135   Relocatable
 Small   0x000000023a400000 0x000000023a600000 0x000000023a600000 Y/135   Relocatable
 Small   0x000000023a800000 0x000000023aa00000 0x000000023aa00000 Y/135   Relocatable
 Small   0x000000023aa00000 0x000000023abffff0 0x000000023ac00000 O/10    Relocatable
 Small   0x000000023ac00000 0x000000023ae00000 0x000000023ae00000 Y/135   Relocatable
 Small   0x000000023ae00000 0x000000023b000000 0x000000023b000000 Y/135   Relocatable
 Small   0x000000023b000000 0x000000023b200000 0x000000023b200000 Y/136   Allocating 
 Small   0x000000023b200000 0x000000023b3fffe8 0x000000023b400000 O/10    Relocatable
 Small   0x000000023b400000 0x000000023b600000 0x000000023b600000 Y/136   Allocating 
 Small   0x000000023b600000 0x000000023b800000 0x000000023b800000 Y/135   Relocatable
 Small   0x000000023b800000 0x000000023ba00000 0x000000023ba00000 Y/135   Relocatable
 Small   0x000000023ba00000 0x000000023bc00000 0x000000023bc00000 O/13    Relocatable
 Small   0x000000023bc00000 0x000000023be00000 0x000000023be00000 Y/135   Relocatable
 Small   0x000000023c400000 0x000000023c600000 0x000000023c600000 Y/135   Relocatable
 Small   0x000000023c600000 0x000000023c800000 0x000000023c800000 Y/135   Relocatable
 Small   0x000000023c800000 0x000000023ca00000 0x000000023ca00000 Y/135   Relocatable
 Small   0x000000023ca00000 0x000000023cc00000 0x000000023cc00000 Y/135   Relocatable
 Small   0x000000023cc00000 0x000000023ce00000 0x000000023ce00000 Y/135   Relocatable
 Small   0x000000023ce00000 0x000000023d000000 0x000000023d000000 Y/135   Relocatable
 Small   0x000000023d000000 0x000000023d200000 0x000000023d200000 Y/135   Relocatable
 Small   0x000000023d200000 0x000000023d400000 0x000000023d400000 Y/135   Relocatable
 Small   0x000000023d400000 0x000000023d600000 0x000000023d600000 Y/135   Relocatable
 Small   0x000000023d600000 0x000000023d800000 0x000000023d800000 Y/135   Relocatable
 Small   0x000000023d800000 0x000000023d9ffff8 0x000000023da00000 O/12    Relocatable
 Small   0x000000023da00000 0x000000023dc00000 0x000000023dc00000 Y/135   Relocatable
 Small   0x000000023dc00000 0x000000023de00000 0x000000023de00000 Y/136   Allocating 
 Small   0x000000023de00000 0x000000023e000000 0x000000023e000000 Y/135   Relocatable
 Small   0x000000023e000000 0x000000023e200000 0x000000023e200000 Y/135   Relocatable
 Small   0x000000023e200000 0x000000023e400000 0x000000023e400000 Y/135   Relocatable
 Small   0x000000023e400000 0x000000023e600000 0x000000023e600000 Y/135   Relocatable
 Small   0x000000023e600000 0x000000023e800000 0x000000023e800000 Y/135   Relocatable
 Small   0x000000023ee00000 0x000000023f000000 0x000000023f000000 Y/135   Relocatable
 Small   0x000000023f200000 0x000000023f400000 0x000000023f400000 Y/135   Relocatable
 Small   0x000000023f600000 0x000000023f800000 0x000000023f800000 Y/135   Relocatable
 Small   0x000000023fa00000 0x000000023fc00000 0x000000023fc00000 Y/135   Relocatable
 Small   0x000000023fc00000 0x000000023fdfff80 0x000000023fe00000 O/12    Relocatable
 Small   0x000000023fe00000 0x0000000240000000 0x0000000240000000 Y/135   Relocatable
 Small   0x0000000240000000 0x0000000240200000 0x0000000240200000 O/14    Allocating 
 Small   0x0000000240200000 0x00000002403ffff0 0x0000000240400000 O/10    Relocatable
 Small   0x0000000240400000 0x0000000240600000 0x0000000240600000 Y/135   Relocatable
 Small   0x0000000240600000 0x0000000240800000 0x0000000240800000 Y/136   Allocating 
 Small   0x0000000240800000 0x0000000240a00000 0x0000000240a00000 Y/135   Relocatable
 Small   0x0000000240a00000 0x0000000240bffff0 0x0000000240c00000 O/10    Relocatable
 Small   0x0000000240e00000 0x0000000241000000 0x0000000241000000 Y/135   Relocatable
 Small   0x0000000241000000 0x0000000241200000 0x0000000241200000 Y/135   Relocatable
 Small   0x0000000241200000 0x0000000241400000 0x0000000241400000 Y/135   Relocatable
 Small   0x0000000241400000 0x0000000241600000 0x0000000241600000 Y/135   Relocatable
 Small   0x0000000241600000 0x0000000241800000 0x0000000241800000 Y/135   Relocatable
 Small   0x0000000241a00000 0x0000000241c00000 0x0000000241c00000 Y/135   Relocatable
 Small   0x0000000241c00000 0x0000000241e00000 0x0000000241e00000 Y/135   Relocatable
 Small   0x0000000241e00000 0x0000000242000000 0x0000000242000000 Y/135   Relocatable
 Small   0x0000000242000000 0x0000000242200000 0x0000000242200000 Y/135   Relocatable
 Small   0x0000000242200000 0x0000000242400000 0x0000000242400000 Y/135   Relocatable
 Small   0x0000000242400000 0x0000000242600000 0x0000000242600000 Y/135   Relocatable
 Small   0x0000000242600000 0x0000000242800000 0x0000000242800000 Y/135   Relocatable
 Small   0x0000000242800000 0x00000002429fffb0 0x0000000242a00000 O/13    Relocatable
 Small   0x0000000242a00000 0x0000000242c00000 0x0000000242c00000 Y/135   Relocatable
 Small   0x0000000242c00000 0x0000000242dfffc8 0x0000000242e00000 O/12    Relocatable
 Small   0x0000000242e00000 0x0000000242fffff8 0x0000000243000000 O/10    Relocatable
 Small   0x0000000243200000 0x0000000243400000 0x0000000243400000 Y/135   Relocatable
 Small   0x0000000243400000 0x00000002435ffff8 0x0000000243600000 O/11    Relocatable
 Small   0x0000000243600000 0x0000000243800000 0x0000000243800000 Y/135   Relocatable
 Small   0x0000000243800000 0x00000002439ffff0 0x0000000243a00000 O/10    Relocatable
 Small   0x0000000243a00000 0x0000000243c00000 0x0000000243c00000 Y/135   Relocatable
 Small   0x0000000243c00000 0x0000000243e00000 0x0000000243e00000 O/12    Relocatable
 Small   0x0000000243e00000 0x0000000244000000 0x0000000244000000 Y/135   Relocatable
 Small   0x0000000244000000 0x0000000244200000 0x0000000244200000 Y/135   Relocatable
 Small   0x0000000244200000 0x0000000244400000 0x0000000244400000 Y/136   Allocating 
 Small   0x0000000244400000 0x0000000244600000 0x0000000244600000 Y/135   Relocatable
 Small   0x0000000244600000 0x0000000244800000 0x0000000244800000 Y/135   Relocatable
 Small   0x0000000244800000 0x0000000244a00000 0x0000000244a00000 Y/136   Allocating 
 Small   0x0000000244a00000 0x0000000244c00000 0x0000000244c00000 Y/135   Relocatable
 Small   0x0000000244c00000 0x0000000244e00000 0x0000000244e00000 Y/135   Relocatable
 Small   0x0000000244e00000 0x0000000245000000 0x0000000245000000 Y/135   Relocatable
 Small   0x0000000245000000 0x0000000245200000 0x0000000245200000 Y/135   Relocatable
 Small   0x0000000245200000 0x0000000245400000 0x0000000245400000 Y/135   Relocatable
 Small   0x0000000245400000 0x0000000245600000 0x0000000245600000 Y/135   Relocatable
 Small   0x0000000245600000 0x0000000245800000 0x0000000245800000 Y/135   Relocatable
 Small   0x0000000245800000 0x0000000245a00000 0x0000000245a00000 Y/135   Relocatable
 Small   0x0000000245c00000 0x0000000245e00000 0x0000000245e00000 Y/135   Relocatable
 Small   0x0000000245e00000 0x0000000246000000 0x0000000246000000 Y/136   Allocating 
 Small   0x0000000246000000 0x0000000246200000 0x0000000246200000 Y/135   Relocatable
 Small   0x0000000246200000 0x0000000246400000 0x0000000246400000 Y/135   Relocatable
 Small   0x0000000246400000 0x0000000246600000 0x0000000246600000 Y/135   Relocatable
 Small   0x0000000246600000 0x0000000246800000 0x0000000246800000 Y/135   Relocatable
 Small   0x0000000246800000 0x0000000246a00000 0x0000000246a00000 Y/136   Allocating 
 Small   0x0000000246a00000 0x0000000246c00000 0x0000000246c00000 Y/135   Relocatable
 Small   0x0000000246c00000 0x0000000246dffff0 0x0000000246e00000 O/10    Relocatable
 Small   0x0000000246e00000 0x0000000247000000 0x0000000247000000 Y/135   Relocatable
 Small   0x0000000247000000 0x0000000247200000 0x0000000247200000 Y/135   Relocatable
 Small   0x0000000247200000 0x0000000247400000 0x0000000247400000 Y/135   Relocatable
 Small   0x0000000247400000 0x0000000247600000 0x0000000247600000 Y/135   Relocatable
 Small   0x0000000247600000 0x0000000247800000 0x0000000247800000 Y/135   Relocatable
 Small   0x0000000247800000 0x00000002478160d8 0x0000000247a00000 O/14    Allocating 
 Small   0x0000000247a00000 0x0000000247c00000 0x0000000247c00000 Y/135   Relocatable
 Small   0x0000000247c00000 0x0000000247dfff48 0x0000000247e00000 O/10    Relocatable
 Small   0x0000000248000000 0x00000002481ffff8 0x0000000248200000 Y/135   Relocatable
 Small   0x0000000248200000 0x0000000248400000 0x0000000248400000 Y/135   Relocatable
 Small   0x0000000248400000 0x0000000248600000 0x0000000248600000 Y/135   Relocatable
 Small   0x0000000248600000 0x00000002487fffd8 0x0000000248800000 O/10    Relocatable
 Small   0x0000000248a00000 0x0000000248c00000 0x0000000248c00000 Y/135   Relocatable
 Small   0x0000000248c00000 0x0000000248e00000 0x0000000248e00000 Y/135   Relocatable
 Small   0x0000000248e00000 0x0000000249000000 0x0000000249000000 Y/135   Relocatable
 Small   0x0000000249200000 0x0000000249400000 0x0000000249400000 Y/135   Relocatable
 Small   0x0000000249400000 0x0000000249600000 0x0000000249600000 Y/135   Relocatable
 Small   0x0000000249600000 0x0000000249800000 0x0000000249800000 Y/135   Relocatable
 Small   0x0000000249800000 0x0000000249a00000 0x0000000249a00000 Y/135   Relocatable
 Small   0x0000000249a00000 0x0000000249c00000 0x0000000249c00000 Y/135   Relocatable
 Small   0x0000000249c00000 0x0000000249e00000 0x0000000249e00000 Y/135   Relocatable
 Small   0x0000000249e00000 0x000000024a000000 0x000000024a000000 Y/135   Relocatable
 Small   0x000000024a000000 0x000000024a200000 0x000000024a200000 Y/135   Relocatable
 Small   0x000000024a200000 0x000000024a400000 0x000000024a400000 Y/135   Relocatable
 Small   0x000000024a400000 0x000000024a5ffff0 0x000000024a600000 O/10    Relocatable
 Small   0x000000024a600000 0x000000024a7fffe8 0x000000024a800000 O/12    Relocatable
 Small   0x000000024a800000 0x000000024a9ffff8 0x000000024aa00000 O/12    Relocatable
 Small   0x000000024aa00000 0x000000024ac00000 0x000000024ac00000 Y/135   Relocatable
 Small   0x000000024ac00000 0x000000024ae00000 0x000000024ae00000 Y/135   Relocatable
 Small   0x000000024ae00000 0x000000024b000000 0x000000024b000000 Y/135   Relocatable
 Small   0x000000024b000000 0x000000024b200000 0x000000024b200000 Y/135   Relocatable
 Small   0x000000024b200000 0x000000024b400000 0x000000024b400000 Y/135   Relocatable
 Small   0x000000024b400000 0x000000024b600000 0x000000024b600000 Y/135   Relocatable
 Small   0x000000024b600000 0x000000024b800000 0x000000024b800000 Y/135   Relocatable
 Small   0x000000024be00000 0x000000024bfffff0 0x000000024c000000 O/12    Relocatable
 Small   0x000000024c000000 0x000000024c200000 0x000000024c200000 Y/135   Relocatable
 Small   0x000000024c200000 0x000000024c400000 0x000000024c400000 Y/135   Relocatable
 Small   0x000000024c400000 0x000000024c600000 0x000000024c600000 Y/135   Relocatable
 Small   0x000000024c600000 0x000000024c800000 0x000000024c800000 Y/136   Allocating 
 Small   0x000000024c800000 0x000000024ca00000 0x000000024ca00000 Y/135   Relocatable
 Small   0x000000024cc00000 0x000000024ce00000 0x000000024ce00000 Y/135   Relocatable
 Small   0x000000024ce00000 0x000000024d000000 0x000000024d000000 Y/135   Relocatable
 Small   0x000000024d000000 0x000000024d200000 0x000000024d200000 Y/135   Relocatable
 Small   0x000000024d200000 0x000000024d3ffff8 0x000000024d400000 O/10    Relocatable
 Small   0x000000024d600000 0x000000024d800000 0x000000024d800000 Y/135   Relocatable
 Small   0x000000024d800000 0x000000024d9fec08 0x000000024da00000 O/14    Allocating 
 Small   0x000000024da00000 0x000000024dc00000 0x000000024dc00000 Y/135   Relocatable
 Small   0x000000024dc00000 0x000000024de00000 0x000000024de00000 Y/136   Allocating 
 Small   0x000000024de00000 0x000000024e000000 0x000000024e000000 Y/136   Allocating 
 Small   0x000000024e000000 0x000000024e200000 0x000000024e200000 Y/135   Relocatable
 Small   0x000000024e600000 0x000000024e7ffd80 0x000000024e800000 O/13    Relocatable
 Small   0x000000024e800000 0x000000024e9ffff8 0x000000024ea00000 O/10    Relocatable
 Small   0x000000024ea00000 0x000000024ec00000 0x000000024ec00000 Y/135   Relocatable
 Small   0x000000024ec00000 0x000000024ee00000 0x000000024ee00000 Y/135   Relocatable
 Small   0x000000024ee00000 0x000000024efffff0 0x000000024f000000 O/10    Relocatable
 Small   0x000000024f000000 0x000000024f200000 0x000000024f200000 Y/135   Relocatable
 Small   0x000000024f200000 0x000000024f400000 0x000000024f400000 Y/135   Relocatable
 Small   0x000000024f400000 0x000000024f5ffef0 0x000000024f600000 O/12    Relocatable
 Small   0x000000024f600000 0x000000024f7fffe0 0x000000024f800000 O/11    Relocatable
 Small   0x000000024f800000 0x000000024fa00000 0x000000024fa00000 Y/135   Relocatable
 Small   0x000000024fa00000 0x000000024fc00000 0x000000024fc00000 Y/136   Allocating 
 Small   0x000000024fc00000 0x000000024fe00000 0x000000024fe00000 Y/135   Relocatable
 Small   0x000000024fe00000 0x000000024ffffff8 0x0000000250000000 Y/135   Relocatable
 Small   0x0000000250400000 0x0000000250600000 0x0000000250600000 Y/136   Allocating 
 Small   0x0000000250800000 0x0000000250a00000 0x0000000250a00000 Y/136   Allocating 
 Small   0x0000000250a00000 0x0000000250c00000 0x0000000250c00000 Y/135   Relocatable
 Small   0x0000000250c00000 0x0000000250e00000 0x0000000250e00000 O/11    Relocatable
 Small   0x0000000250e00000 0x0000000251000000 0x0000000251000000 Y/136   Allocating 
 Small   0x0000000251000000 0x0000000251200000 0x0000000251200000 Y/135   Relocatable
 Small   0x0000000251200000 0x0000000251400000 0x0000000251400000 Y/135   Relocatable
 Small   0x0000000251400000 0x0000000251600000 0x0000000251600000 Y/135   Relocatable
 Small   0x0000000251600000 0x0000000251800000 0x0000000251800000 Y/135   Relocatable
 Small   0x0000000251800000 0x0000000251a00000 0x0000000251a00000 Y/135   Relocatable
 Small   0x0000000251c00000 0x0000000251d40000 0x0000000251e00000 Y/135   Relocatable
 Small   0x0000000252600000 0x0000000252800000 0x0000000252800000 Y/135   Relocatable
 Small   0x0000000252800000 0x0000000252a00000 0x0000000252a00000 Y/135   Relocatable
 Small   0x0000000252a00000 0x0000000252bfffd8 0x0000000252c00000 O/14    Allocating 
 Small   0x0000000252c00000 0x0000000252e00000 0x0000000252e00000 Y/135   Relocatable
 Small   0x0000000253000000 0x00000002531fffc8 0x0000000253200000 O/14    Allocating 
 Small   0x0000000253200000 0x00000002533fffd0 0x0000000253400000 O/10    Relocatable
 Small   0x0000000253400000 0x0000000253600000 0x0000000253600000 Y/135   Relocatable
 Small   0x0000000253600000 0x0000000253800000 0x0000000253800000 O/12    Relocatable
 Small   0x0000000253800000 0x0000000253a00000 0x0000000253a00000 Y/135   Relocatable
 Small   0x0000000253a00000 0x0000000253c00000 0x0000000253c00000 Y/135   Relocatable
 Small   0x0000000253c00000 0x0000000253e00000 0x0000000253e00000 Y/135   Relocatable
 Small   0x0000000253e00000 0x0000000253ffffe8 0x0000000254000000 O/10    Relocatable
 Small   0x0000000254000000 0x0000000254200000 0x0000000254200000 Y/135   Relocatable
 Small   0x0000000254200000 0x0000000254400000 0x0000000254400000 Y/135   Relocatable
 Small   0x0000000254400000 0x0000000254600000 0x0000000254600000 Y/135   Relocatable
 Small   0x0000000254600000 0x0000000254800000 0x0000000254800000 Y/135   Relocatable
 Small   0x0000000254a00000 0x0000000254c00000 0x0000000254c00000 Y/135   Relocatable
 Small   0x0000000254c00000 0x0000000254dff808 0x0000000254e00000 O/13    Relocatable
 Small   0x0000000254e00000 0x0000000255000000 0x0000000255000000 Y/135   Relocatable
 Small   0x0000000255000000 0x0000000255200000 0x0000000255200000 Y/135   Relocatable
 Small   0x0000000255200000 0x0000000255400000 0x0000000255400000 Y/135   Relocatable
 Small   0x0000000255400000 0x0000000255600000 0x0000000255600000 Y/136   Allocating 
 Small   0x0000000255600000 0x0000000255800000 0x0000000255800000 Y/135   Relocatable
 Small   0x0000000255800000 0x0000000255a00000 0x0000000255a00000 Y/135   Relocatable
 Small   0x0000000255a00000 0x0000000255c00000 0x0000000255c00000 Y/136   Allocating 
 Small   0x0000000255c00000 0x0000000255dffba0 0x0000000255e00000 O/10    Relocatable
 Small   0x0000000255e00000 0x0000000256000000 0x0000000256000000 Y/135   Relocatable
 Small   0x0000000256000000 0x0000000256200000 0x0000000256200000 Y/135   Relocatable
 Small   0x0000000256200000 0x0000000256400000 0x0000000256400000 Y/135   Relocatable
 Small   0x0000000256e00000 0x0000000257000000 0x0000000257000000 Y/135   Relocatable
 Small   0x0000000257000000 0x0000000257200000 0x0000000257200000 Y/135   Relocatable
 Small   0x0000000257400000 0x0000000257600000 0x0000000257600000 Y/135   Relocatable
 Small   0x0000000257800000 0x0000000257a00000 0x0000000257a00000 Y/135   Relocatable
 Small   0x0000000257a00000 0x0000000257bffff8 0x0000000257c00000 O/10    Relocatable
 Small   0x0000000257c00000 0x0000000257dff950 0x0000000257e00000 O/14    Allocating 
 Small   0x0000000257e00000 0x0000000257ffff78 0x0000000258000000 O/10    Relocatable
 Small   0x0000000258000000 0x00000002581fda88 0x0000000258200000 O/13    Relocatable
 Small   0x0000000258200000 0x0000000258400000 0x0000000258400000 Y/135   Relocatable
 Small   0x0000000258400000 0x0000000258600000 0x0000000258600000 Y/135   Relocatable
 Small   0x0000000258600000 0x0000000258800000 0x0000000258800000 Y/135   Relocatable
 Small   0x0000000258800000 0x00000002589fffc8 0x0000000258a00000 O/10    Relocatable
 Small   0x0000000258c00000 0x0000000258e00000 0x0000000258e00000 Y/135   Relocatable
 Small   0x0000000258e00000 0x0000000259000000 0x0000000259000000 Y/135   Relocatable
 Small   0x0000000259000000 0x0000000259200000 0x0000000259200000 Y/135   Relocatable
 Small   0x0000000259200000 0x0000000259400000 0x0000000259400000 Y/135   Relocatable
 Small   0x0000000259400000 0x0000000259600000 0x0000000259600000 Y/135   Relocatable
 Small   0x0000000259600000 0x00000002597fffe8 0x0000000259800000 O/10    Relocatable
 Small   0x0000000259800000 0x0000000259a00000 0x0000000259a00000 Y/135   Relocatable
 Small   0x0000000259a00000 0x0000000259c00000 0x0000000259c00000 Y/135   Relocatable
 Small   0x0000000259c00000 0x0000000259e00000 0x0000000259e00000 Y/135   Relocatable
 Small   0x000000025a200000 0x000000025a400000 0x000000025a400000 Y/135   Relocatable
 Small   0x000000025a800000 0x000000025aa00000 0x000000025aa00000 Y/135   Relocatable
 Small   0x000000025ae00000 0x000000025b000000 0x000000025b000000 Y/135   Relocatable
 Small   0x000000025b000000 0x000000025b200000 0x000000025b200000 Y/135   Relocatable
 Small   0x000000025b200000 0x000000025b400000 0x000000025b400000 Y/135   Relocatable
 Small   0x000000025b600000 0x000000025b800000 0x000000025b800000 Y/135   Relocatable
 Small   0x000000025b800000 0x000000025b9fffd0 0x000000025ba00000 O/10    Relocatable
 Small   0x000000025ba00000 0x000000025bbfffc8 0x000000025bc00000 O/10    Relocatable
 Small   0x000000025bc00000 0x000000025be00000 0x000000025be00000 Y/135   Relocatable
 Small   0x000000025c200000 0x000000025c3ffff8 0x000000025c400000 O/12    Relocatable
 Small   0x000000025c400000 0x000000025c600000 0x000000025c600000 Y/135   Relocatable
 Small   0x000000025c600000 0x000000025c800000 0x000000025c800000 Y/135   Relocatable
 Small   0x000000025c800000 0x000000025ca00000 0x000000025ca00000 Y/135   Relocatable
 Small   0x000000025ca00000 0x000000025cc00000 0x000000025cc00000 Y/135   Relocatable
 Small   0x000000025cc00000 0x000000025ce00000 0x000000025ce00000 Y/135   Relocatable
 Small   0x000000025ce00000 0x000000025d000000 0x000000025d000000 Y/136   Allocating 
 Small   0x000000025d000000 0x000000025d200000 0x000000025d200000 Y/135   Relocatable
 Small   0x000000025d200000 0x000000025d400000 0x000000025d400000 Y/135   Relocatable
 Small   0x000000025d400000 0x000000025d600000 0x000000025d600000 Y/135   Relocatable
 Small   0x000000025d600000 0x000000025d7ffff8 0x000000025d800000 O/13    Relocatable
 Small   0x000000025d800000 0x000000025da00000 0x000000025da00000 Y/135   Relocatable
 Small   0x000000025dc00000 0x000000025de00000 0x000000025de00000 Y/135   Relocatable
 Small   0x000000025e200000 0x000000025e400000 0x000000025e400000 Y/135   Relocatable
 Small   0x000000025e600000 0x000000025e800000 0x000000025e800000 Y/136   Allocating 
 Small   0x000000025e800000 0x000000025e9fffe8 0x000000025ea00000 O/12    Relocatable
 Small   0x000000025ea00000 0x000000025ec00000 0x000000025ec00000 Y/135   Relocatable
 Small   0x000000025ec00000 0x000000025ee00000 0x000000025ee00000 Y/135   Relocatable
 Small   0x000000025f200000 0x000000025f400000 0x000000025f400000 Y/135   Relocatable
 Small   0x000000025f400000 0x000000025f5ffed0 0x000000025f600000 O/14    Allocating 
 Small   0x000000025f600000 0x000000025f800000 0x000000025f800000 Y/135   Relocatable
 Small   0x000000025fa00000 0x000000025fc00000 0x000000025fc00000 Y/135   Relocatable
 Small   0x000000025fc00000 0x000000025fe00000 0x000000025fe00000 Y/135   Relocatable
 Small   0x000000025fe00000 0x0000000260000000 0x0000000260000000 Y/135   Relocatable
 Small   0x0000000260000000 0x00000002601ffff8 0x0000000260200000 O/13    Relocatable
 Small   0x0000000260200000 0x0000000260400000 0x0000000260400000 Y/135   Relocatable
 Small   0x0000000260400000 0x0000000260600000 0x0000000260600000 Y/135   Relocatable
 Small   0x0000000260600000 0x0000000260800000 0x0000000260800000 Y/135   Relocatable
 Small   0x0000000260800000 0x0000000260a00000 0x0000000260a00000 Y/135   Relocatable
 Small   0x0000000260a00000 0x0000000260c00000 0x0000000260c00000 Y/135   Relocatable
 Small   0x0000000261200000 0x0000000261400000 0x0000000261400000 Y/135   Relocatable
 Small   0x0000000261400000 0x0000000261600000 0x0000000261600000 Y/136   Allocating 
 Small   0x0000000261800000 0x00000002619fff30 0x0000000261a00000 Y/135   Relocatable
 Small   0x0000000261c00000 0x0000000261e00000 0x0000000261e00000 Y/135   Relocatable
 Small   0x0000000261e00000 0x0000000262000000 0x0000000262000000 Y/135   Relocatable
 Small   0x0000000262000000 0x0000000262200000 0x0000000262200000 Y/136   Allocating 
 Small   0x0000000262200000 0x0000000262400000 0x0000000262400000 Y/136   Allocating 
 Small   0x0000000262400000 0x00000002625ffff8 0x0000000262600000 O/13    Relocatable
 Small   0x0000000262600000 0x0000000262800000 0x0000000262800000 Y/135   Relocatable
 Small   0x0000000262800000 0x0000000262a00000 0x0000000262a00000 Y/135   Relocatable
 Small   0x0000000262a00000 0x0000000262bff8b8 0x0000000262c00000 O/13    Relocatable
 Small   0x0000000262e00000 0x0000000262e217a0 0x0000000263000000 O/14    Allocating 
 Small   0x0000000263000000 0x0000000263200000 0x0000000263200000 Y/135   Relocatable
 Small   0x0000000263800000 0x0000000263a00000 0x0000000263a00000 Y/135   Relocatable
 Small   0x0000000263c00000 0x0000000263dffff8 0x0000000263e00000 O/10    Relocatable
 Small   0x0000000263e00000 0x0000000263fffff8 0x0000000264000000 O/12    Relocatable
 Small   0x0000000264000000 0x0000000264200000 0x0000000264200000 Y/135   Relocatable
 Small   0x0000000264200000 0x0000000264400000 0x0000000264400000 O/10    Relocatable
 Small   0x0000000264400000 0x0000000264600000 0x0000000264600000 Y/136   Allocating 
 Small   0x0000000264600000 0x0000000264800000 0x0000000264800000 O/12    Relocatable
 Small   0x0000000264800000 0x0000000264a00000 0x0000000264a00000 Y/135   Relocatable
 Small   0x0000000264c00000 0x0000000264e00000 0x0000000264e00000 Y/135   Relocatable
 Small   0x0000000265200000 0x0000000265400000 0x0000000265400000 Y/135   Relocatable
 Small   0x0000000265400000 0x00000002655fffa0 0x0000000265600000 O/13    Relocatable
 Small   0x0000000265800000 0x0000000265a00000 0x0000000265a00000 Y/135   Relocatable
 Small   0x0000000265e00000 0x0000000265ffffd8 0x0000000266000000 O/10    Relocatable
 Small   0x0000000266400000 0x0000000266600000 0x0000000266600000 Y/135   Relocatable
 Small   0x0000000266600000 0x0000000266800000 0x0000000266800000 Y/135   Relocatable
 Small   0x0000000266800000 0x0000000266a00000 0x0000000266a00000 Y/135   Relocatable
 Small   0x0000000266a00000 0x0000000266c00000 0x0000000266c00000 Y/135   Relocatable
 Small   0x0000000266c00000 0x0000000266e00000 0x0000000266e00000 Y/135   Relocatable
 Small   0x0000000266e00000 0x0000000267000000 0x0000000267000000 Y/135   Relocatable
 Small   0x0000000267000000 0x0000000267200000 0x0000000267200000 Y/135   Relocatable
 Small   0x0000000267400000 0x0000000267600000 0x0000000267600000 Y/135   Relocatable
 Small   0x0000000267600000 0x0000000267800000 0x0000000267800000 Y/135   Relocatable
 Small   0x0000000267c00000 0x0000000267e00000 0x0000000267e00000 Y/135   Relocatable
 Small   0x0000000268000000 0x00000002681fffa0 0x0000000268200000 O/10    Relocatable
 Small   0x0000000268200000 0x0000000268400000 0x0000000268400000 Y/135   Relocatable
 Small   0x0000000268400000 0x0000000268600000 0x0000000268600000 Y/136   Allocating 
 Small   0x0000000268600000 0x0000000268800000 0x0000000268800000 Y/136   Allocating 
 Small   0x0000000268800000 0x0000000268a00000 0x0000000268a00000 Y/136   Allocating 
 Small   0x0000000268a00000 0x0000000268c00000 0x0000000268c00000 Y/135   Relocatable
 Small   0x0000000268c00000 0x0000000268e00000 0x0000000268e00000 Y/135   Relocatable
 Small   0x0000000268e00000 0x0000000269000000 0x0000000269000000 Y/135   Relocatable
 Small   0x0000000269000000 0x0000000269200000 0x0000000269200000 Y/135   Relocatable
 Small   0x0000000269200000 0x00000002693fc408 0x0000000269400000 O/14    Allocating 
 Small   0x0000000269400000 0x0000000269600000 0x0000000269600000 Y/135   Relocatable
 Small   0x0000000269600000 0x0000000269800000 0x0000000269800000 Y/136   Allocating 
 Small   0x0000000269800000 0x00000002699ffff8 0x0000000269a00000 O/12    Relocatable
 Small   0x0000000269a00000 0x0000000269c00000 0x0000000269c00000 Y/135   Relocatable
 Small   0x0000000269c00000 0x0000000269e00000 0x0000000269e00000 Y/135   Relocatable
 Small   0x000000026a000000 0x000000026a200000 0x000000026a200000 Y/135   Relocatable
 Small   0x000000026a200000 0x000000026a400000 0x000000026a400000 Y/135   Relocatable
 Small   0x000000026a600000 0x000000026a800000 0x000000026a800000 Y/135   Relocatable
 Small   0x000000026a800000 0x000000026aa00000 0x000000026aa00000 Y/135   Relocatable
 Small   0x000000026aa00000 0x000000026ac00000 0x000000026ac00000 Y/135   Relocatable
 Small   0x000000026ae00000 0x000000026b000000 0x000000026b000000 Y/136   Allocating 
 Small   0x000000026b000000 0x000000026b200000 0x000000026b200000 Y/135   Relocatable
 Small   0x000000026b400000 0x000000026b600000 0x000000026b600000 Y/135   Relocatable
 Small   0x000000026b800000 0x000000026ba00000 0x000000026ba00000 Y/135   Relocatable
 Small   0x000000026bc00000 0x000000026be00000 0x000000026be00000 Y/136   Allocating 
 Small   0x000000026c000000 0x000000026c200000 0x000000026c200000 Y/135   Relocatable
 Small   0x000000026c200000 0x000000026c3ffe90 0x000000026c400000 O/12    Relocatable
 Small   0x000000026c400000 0x000000026c600000 0x000000026c600000 Y/135   Relocatable
 Small   0x000000026c600000 0x000000026c7fffe8 0x000000026c800000 O/12    Relocatable
 Small   0x000000026c800000 0x000000026ca00000 0x000000026ca00000 Y/135   Relocatable
 Small   0x000000026ca00000 0x000000026cc00000 0x000000026cc00000 Y/135   Relocatable
 Small   0x000000026cc00000 0x000000026ce00000 0x000000026ce00000 Y/135   Relocatable
 Small   0x000000026d000000 0x000000026d200000 0x000000026d200000 Y/135   Relocatable
 Small   0x000000026d200000 0x000000026d400000 0x000000026d400000 Y/135   Relocatable
 Small   0x000000026d400000 0x000000026d600000 0x000000026d600000 Y/135   Relocatable
 Small   0x000000026d600000 0x000000026d7c0000 0x000000026d800000 Y/136   Allocating 
 Small   0x000000026d800000 0x000000026da00000 0x000000026da00000 Y/135   Relocatable
 Small   0x000000026da00000 0x000000026dbffff8 0x000000026dc00000 O/11    Relocatable
 Small   0x000000026dc00000 0x000000026dd25e40 0x000000026de00000 Y/135   Relocatable
 Small   0x000000026de00000 0x000000026e000000 0x000000026e000000 Y/135   Relocatable
 Small   0x000000026e000000 0x000000026e200000 0x000000026e200000 Y/135   Relocatable
 Small   0x000000026e200000 0x000000026e400000 0x000000026e400000 Y/135   Relocatable
 Small   0x000000026e400000 0x000000026e600000 0x000000026e600000 Y/135   Relocatable
 Small   0x000000026e600000 0x000000026e800000 0x000000026e800000 Y/135   Relocatable
 Small   0x000000026ea00000 0x000000026ec00000 0x000000026ec00000 Y/135   Relocatable
 Small   0x000000026ec00000 0x000000026ee00000 0x000000026ee00000 Y/135   Relocatable
 Small   0x000000026ee00000 0x000000026f000000 0x000000026f000000 Y/135   Relocatable
 Small   0x000000026f000000 0x000000026f200000 0x000000026f200000 Y/135   Relocatable
 Small   0x000000026f200000 0x000000026f400000 0x000000026f400000 Y/135   Relocatable
 Small   0x000000026f400000 0x000000026f600000 0x000000026f600000 Y/136   Allocating 
 Small   0x000000026f600000 0x000000026f800000 0x000000026f800000 Y/135   Relocatable
 Small   0x000000026f800000 0x000000026fa00000 0x000000026fa00000 Y/135   Relocatable
 Small   0x000000026fa00000 0x000000026fc00000 0x000000026fc00000 Y/135   Relocatable
 Small   0x000000026fc00000 0x000000026fe00000 0x000000026fe00000 Y/135   Relocatable
 Small   0x000000026fe00000 0x0000000270000000 0x0000000270000000 Y/135   Relocatable
 Small   0x0000000270000000 0x0000000270200000 0x0000000270200000 Y/136   Allocating 
 Small   0x0000000270200000 0x0000000270400000 0x0000000270400000 Y/135   Relocatable
 Small   0x0000000270400000 0x00000002705ff968 0x0000000270600000 O/10    Relocatable
 Small   0x0000000270800000 0x00000002709fffe8 0x0000000270a00000 O/12    Relocatable
 Small   0x0000000270a00000 0x0000000270c00000 0x0000000270c00000 Y/135   Relocatable
 Small   0x0000000270c00000 0x0000000270e00000 0x0000000270e00000 Y/136   Allocating 
 Small   0x0000000270e00000 0x0000000271000000 0x0000000271000000 Y/136   Allocating 
 Small   0x0000000271400000 0x0000000271600000 0x0000000271600000 Y/135   Relocatable
 Small   0x0000000271800000 0x0000000271a00000 0x0000000271a00000 Y/135   Relocatable
 Small   0x0000000271a00000 0x0000000271c00000 0x0000000271c00000 Y/135   Relocatable
 Small   0x0000000271c00000 0x0000000271dffff0 0x0000000271e00000 O/10    Relocatable
 Small   0x0000000271e00000 0x0000000271ffffd0 0x0000000272000000 O/10    Relocatable
 Small   0x0000000272200000 0x0000000272400000 0x0000000272400000 O/10    Relocatable
 Small   0x0000000272600000 0x0000000272800000 0x0000000272800000 Y/135   Relocatable
 Small   0x0000000272800000 0x0000000272a00000 0x0000000272a00000 Y/135   Relocatable
 Small   0x0000000272a00000 0x0000000272c00000 0x0000000272c00000 Y/135   Relocatable
 Small   0x0000000272c00000 0x0000000272e00000 0x0000000272e00000 Y/135   Relocatable
 Small   0x0000000272e00000 0x0000000272ffffe0 0x0000000273000000 O/10    Relocatable
 Small   0x0000000273000000 0x00000002731fffe8 0x0000000273200000 O/14    Allocating 
 Small   0x0000000273200000 0x0000000273400000 0x0000000273400000 Y/135   Relocatable
 Small   0x0000000273400000 0x0000000273600000 0x0000000273600000 Y/135   Relocatable
 Small   0x0000000273e00000 0x0000000274000000 0x0000000274000000 Y/135   Relocatable
 Small   0x0000000274200000 0x0000000274400000 0x0000000274400000 Y/136   Allocating 
 Small   0x0000000274400000 0x0000000274600000 0x0000000274600000 Y/136   Allocating 
 Small   0x0000000274600000 0x00000002747ffff8 0x0000000274800000 O/12    Relocatable
 Small   0x0000000274800000 0x00000002749fffc8 0x0000000274a00000 O/13    Relocatable
 Small   0x0000000274e00000 0x0000000275000000 0x0000000275000000 Y/135   Relocatable
 Small   0x0000000275200000 0x0000000275400000 0x0000000275400000 Y/135   Relocatable
 Small   0x0000000275400000 0x00000002755fffd0 0x0000000275600000 O/12    Relocatable
 Small   0x0000000275600000 0x0000000275800000 0x0000000275800000 Y/136   Allocating 
 Small   0x0000000275800000 0x0000000275a00000 0x0000000275a00000 Y/136   Allocating 
 Small   0x0000000275a00000 0x0000000275bffba8 0x0000000275c00000 O/11    Relocatable
 Small   0x0000000275c00000 0x0000000275e00000 0x0000000275e00000 Y/135   Relocatable
 Small   0x0000000275e00000 0x0000000276000000 0x0000000276000000 Y/135   Relocatable
 Small   0x0000000276000000 0x0000000276200000 0x0000000276200000 Y/135   Relocatable
 Small   0x0000000276200000 0x0000000276400000 0x0000000276400000 Y/136   Allocating 
 Small   0x0000000276400000 0x0000000276600000 0x0000000276600000 Y/135   Relocatable
 Small   0x0000000276600000 0x0000000276800000 0x0000000276800000 Y/135   Relocatable
 Small   0x0000000276800000 0x0000000276a00000 0x0000000276a00000 Y/135   Relocatable
 Small   0x0000000276a00000 0x0000000276c00000 0x0000000276c00000 Y/136   Allocating 
 Small   0x0000000276c00000 0x0000000276e00000 0x0000000276e00000 Y/135   Relocatable
 Small   0x0000000276e00000 0x0000000276ffffe8 0x0000000277000000 O/10    Relocatable
 Small   0x0000000277200000 0x0000000277400000 0x0000000277400000 Y/135   Relocatable
 Small   0x0000000277400000 0x0000000277600000 0x0000000277600000 Y/135   Relocatable
 Small   0x0000000277600000 0x0000000277800000 0x0000000277800000 Y/135   Relocatable
 Small   0x0000000277a00000 0x0000000277bff8c8 0x0000000277c00000 O/10    Relocatable
 Small   0x0000000277e00000 0x0000000278000000 0x0000000278000000 Y/135   Relocatable
 Small   0x0000000278000000 0x0000000278200000 0x0000000278200000 Y/135   Relocatable
 Small   0x0000000278200000 0x0000000278400000 0x0000000278400000 Y/135   Relocatable
 Small   0x0000000278600000 0x0000000278800000 0x0000000278800000 Y/135   Relocatable
 Small   0x0000000278a00000 0x0000000278c00000 0x0000000278c00000 Y/135   Relocatable
 Small   0x0000000278c00000 0x0000000278e00000 0x0000000278e00000 Y/135   Relocatable
 Small   0x0000000279000000 0x00000002791fffe0 0x0000000279200000 O/12    Relocatable
 Small   0x0000000279200000 0x0000000279400000 0x0000000279400000 Y/135   Relocatable
 Small   0x0000000279400000 0x0000000279600000 0x0000000279600000 Y/136   Allocating 
 Small   0x0000000279600000 0x0000000279800000 0x0000000279800000 Y/135   Relocatable
 Small   0x0000000279800000 0x00000002799fffb8 0x0000000279a00000 O/11    Relocatable
 Small   0x0000000279a00000 0x0000000279c00000 0x0000000279c00000 Y/135   Relocatable
 Small   0x0000000279c00000 0x0000000279e00000 0x0000000279e00000 Y/135   Relocatable
 Small   0x0000000279e00000 0x000000027a000000 0x000000027a000000 Y/135   Relocatable
 Small   0x000000027a200000 0x000000027a400000 0x000000027a400000 Y/135   Relocatable
 Small   0x000000027a600000 0x000000027a7fffc8 0x000000027a800000 O/10    Relocatable
 Small   0x000000027a800000 0x000000027aa00000 0x000000027aa00000 Y/135   Relocatable
 Small   0x000000027ac00000 0x000000027ae00000 0x000000027ae00000 Y/135   Relocatable
 Small   0x000000027b000000 0x000000027b03ee90 0x000000027b200000 O/14    Allocating 
 Small   0x000000027b200000 0x000000027b400000 0x000000027b400000 Y/135   Relocatable
 Small   0x000000027b400000 0x000000027b600000 0x000000027b600000 Y/135   Relocatable
 Small   0x000000027b600000 0x000000027b800000 0x000000027b800000 Y/135   Relocatable
 Small   0x000000027ba00000 0x000000027bbfffd8 0x000000027bc00000 O/10    Relocatable
 Small   0x000000027be00000 0x000000027c000000 0x000000027c000000 Y/135   Relocatable
 Small   0x000000027c200000 0x000000027c400000 0x000000027c400000 Y/135   Relocatable
 Small   0x000000027c400000 0x000000027c600000 0x000000027c600000 Y/135   Relocatable
 Small   0x000000027c800000 0x000000027ca00000 0x000000027ca00000 Y/135   Relocatable
 Small   0x000000027cc00000 0x000000027ce00000 0x000000027ce00000 Y/136   Allocating 
 Small   0x000000027d000000 0x000000027d200000 0x000000027d200000 Y/135   Relocatable
 Small   0x000000027d400000 0x000000027d600000 0x000000027d600000 Y/135   Relocatable
 Small   0x000000027d600000 0x000000027d800000 0x000000027d800000 Y/135   Relocatable
 Small   0x000000027d800000 0x000000027da00000 0x000000027da00000 Y/135   Relocatable
 Small   0x000000027dc00000 0x000000027de00000 0x000000027de00000 Y/136   Allocating 
 Small   0x000000027de00000 0x000000027dfffff8 0x000000027e000000 O/10    Relocatable
 Small   0x000000027e000000 0x000000027e200000 0x000000027e200000 Y/136   Allocating 
 Small   0x000000027e200000 0x000000027e400000 0x000000027e400000 Y/135   Relocatable
 Small   0x000000027e400000 0x000000027e5ffef0 0x000000027e600000 O/10    Relocatable
 Small   0x000000027e600000 0x000000027e800000 0x000000027e800000 Y/135   Relocatable
 Small   0x000000027e800000 0x000000027ea00000 0x000000027ea00000 Y/135   Relocatable
 Small   0x000000027ec00000 0x000000027ee00000 0x000000027ee00000 Y/135   Relocatable
 Small   0x000000027ee00000 0x000000027f000000 0x000000027f000000 Y/135   Relocatable
 Small   0x000000027f000000 0x000000027f200000 0x000000027f200000 Y/135   Relocatable
 Small   0x000000027f200000 0x000000027f3fffc0 0x000000027f400000 O/10    Relocatable
 Small   0x000000027f400000 0x000000027f600000 0x000000027f600000 Y/135   Relocatable
 Small   0x000000027f600000 0x000000027f800000 0x000000027f800000 Y/135   Relocatable
 Small   0x000000027f800000 0x000000027fa00000 0x000000027fa00000 Y/135   Relocatable
 Small   0x000000027fa00000 0x000000027fc00000 0x000000027fc00000 Y/135   Relocatable
 Small   0x0000000280000000 0x00000002801feaa0 0x0000000280200000 O/14    Allocating 
 Small   0x0000000280200000 0x0000000280400000 0x0000000280400000 O/14    Allocating 
 Small   0x0000000280400000 0x0000000280600000 0x0000000280600000 Y/135   Relocatable
 Small   0x0000000280600000 0x0000000280800000 0x0000000280800000 Y/135   Relocatable
 Small   0x0000000280800000 0x0000000280a00000 0x0000000280a00000 Y/135   Relocatable
 Small   0x0000000280a00000 0x0000000280c00000 0x0000000280c00000 Y/135   Relocatable
 Small   0x0000000280c00000 0x0000000280e00000 0x0000000280e00000 Y/136   Allocating 
 Small   0x0000000280e00000 0x0000000281000000 0x0000000281000000 Y/135   Relocatable
 Small   0x0000000281000000 0x0000000281200000 0x0000000281200000 Y/135   Relocatable
 Small   0x0000000281200000 0x0000000281400000 0x0000000281400000 Y/135   Relocatable
 Small   0x0000000281600000 0x00000002817eab48 0x0000000281800000 O/10    Relocatable
 Small   0x0000000281800000 0x0000000281a00000 0x0000000281a00000 Y/135   Relocatable
 Small   0x0000000281c00000 0x0000000281e00000 0x0000000281e00000 Y/135   Relocatable
 Small   0x0000000282000000 0x00000002821fffe0 0x0000000282200000 O/10    Relocatable
 Small   0x0000000282200000 0x0000000282400000 0x0000000282400000 Y/135   Relocatable
 Small   0x0000000282400000 0x0000000282600000 0x0000000282600000 Y/135   Relocatable
 Small   0x0000000282800000 0x0000000282a00000 0x0000000282a00000 Y/135   Relocatable
 Small   0x0000000282a00000 0x0000000282c00000 0x0000000282c00000 Y/135   Relocatable
 Small   0x0000000282e00000 0x0000000283000000 0x0000000283000000 Y/135   Relocatable
 Small   0x0000000283200000 0x0000000283400000 0x0000000283400000 Y/135   Relocatable
 Small   0x0000000283400000 0x0000000283600000 0x0000000283600000 Y/136   Allocating 
 Small   0x0000000283600000 0x0000000283800000 0x0000000283800000 Y/135   Relocatable
 Small   0x0000000283800000 0x0000000283a00000 0x0000000283a00000 Y/135   Relocatable
 Small   0x0000000283a00000 0x0000000283bfffd8 0x0000000283c00000 O/11    Relocatable
 Small   0x0000000283c00000 0x0000000283e00000 0x0000000283e00000 Y/135   Relocatable
 Small   0x0000000283e00000 0x0000000284000000 0x0000000284000000 Y/135   Relocatable
 Small   0x0000000284400000 0x0000000284600000 0x0000000284600000 Y/135   Relocatable
 Small   0x0000000284a00000 0x0000000284c00000 0x0000000284c00000 Y/135   Relocatable
 Small   0x0000000284c00000 0x0000000284e00000 0x0000000284e00000 Y/135   Relocatable
 Small   0x0000000284e00000 0x0000000284ffffd0 0x0000000285000000 Y/135   Relocatable
 Small   0x0000000285200000 0x00000002853ffff0 0x0000000285400000 Y/135   Relocatable
 Small   0x0000000285400000 0x0000000285600000 0x0000000285600000 O/13    Relocatable
 Small   0x0000000285600000 0x0000000285800000 0x0000000285800000 Y/135   Relocatable
 Small   0x0000000285800000 0x0000000285a00000 0x0000000285a00000 Y/135   Relocatable
 Small   0x0000000285a00000 0x0000000285c00000 0x0000000285c00000 Y/135   Relocatable
 Small   0x0000000285c00000 0x0000000285e00000 0x0000000285e00000 Y/135   Relocatable
 Small   0x0000000285e00000 0x0000000286000000 0x0000000286000000 O/10    Relocatable
 Small   0x0000000286000000 0x0000000286200000 0x0000000286200000 Y/135   Relocatable
 Small   0x0000000286200000 0x0000000286400000 0x0000000286400000 Y/135   Relocatable
 Small   0x0000000286400000 0x0000000286600000 0x0000000286600000 Y/136   Allocating 
 Small   0x0000000286600000 0x0000000286800000 0x0000000286800000 Y/135   Relocatable
 Small   0x0000000286800000 0x00000002869ffdb8 0x0000000286a00000 Y/135   Relocatable
 Small   0x0000000286a00000 0x0000000286c00000 0x0000000286c00000 Y/135   Relocatable
 Small   0x0000000286c00000 0x0000000286e00000 0x0000000286e00000 Y/135   Relocatable
 Small   0x0000000286e00000 0x0000000287000000 0x0000000287000000 Y/135   Relocatable
 Small   0x0000000287400000 0x0000000287600000 0x0000000287600000 Y/135   Relocatable
 Small   0x0000000287600000 0x0000000287800000 0x0000000287800000 Y/135   Relocatable
 Small   0x0000000287800000 0x0000000287a00000 0x0000000287a00000 Y/135   Relocatable
 Small   0x0000000287e00000 0x0000000288000000 0x0000000288000000 Y/135   Relocatable
 Small   0x0000000288000000 0x0000000288200000 0x0000000288200000 Y/135   Relocatable
 Small   0x0000000288400000 0x0000000288600000 0x0000000288600000 Y/135   Relocatable
 Small   0x0000000288600000 0x0000000288800000 0x0000000288800000 Y/135   Relocatable
 Small   0x0000000288800000 0x0000000288a00000 0x0000000288a00000 Y/135   Relocatable
 Small   0x0000000288a00000 0x0000000288c00000 0x0000000288c00000 Y/135   Relocatable
 Small   0x0000000288e00000 0x0000000289000000 0x0000000289000000 Y/135   Relocatable
 Small   0x0000000289000000 0x0000000289200000 0x0000000289200000 Y/135   Relocatable
 Small   0x0000000289200000 0x0000000289400000 0x0000000289400000 Y/136   Allocating 
 Small   0x0000000289400000 0x0000000289600000 0x0000000289600000 Y/135   Relocatable
 Small   0x0000000289600000 0x0000000289800000 0x0000000289800000 Y/135   Relocatable
 Small   0x0000000289800000 0x0000000289a00000 0x0000000289a00000 Y/135   Relocatable
 Small   0x0000000289c00000 0x0000000289e00000 0x0000000289e00000 Y/135   Relocatable
 Small   0x0000000289e00000 0x000000028a000000 0x000000028a000000 Y/135   Relocatable
 Small   0x000000028a000000 0x000000028a200000 0x000000028a200000 Y/135   Relocatable
 Small   0x000000028a200000 0x000000028a400000 0x000000028a400000 Y/135   Relocatable
 Small   0x000000028a400000 0x000000028a600000 0x000000028a600000 Y/135   Relocatable
 Small   0x000000028a600000 0x000000028a800000 0x000000028a800000 Y/135   Relocatable
 Small   0x000000028a800000 0x000000028aa00000 0x000000028aa00000 Y/135   Relocatable
 Small   0x000000028aa00000 0x000000028abff8a0 0x000000028ac00000 O/10    Relocatable
 Small   0x000000028ae00000 0x000000028b000000 0x000000028b000000 Y/135   Relocatable
 Small   0x000000028b000000 0x000000028b200000 0x000000028b200000 Y/135   Relocatable
 Small   0x000000028b400000 0x000000028b600000 0x000000028b600000 Y/135   Relocatable
 Small   0x000000028b600000 0x000000028b800000 0x000000028b800000 Y/135   Relocatable
 Small   0x000000028b800000 0x000000028b9fffb8 0x000000028ba00000 O/14    Allocating 
 Small   0x000000028ba00000 0x000000028bbffff8 0x000000028bc00000 O/12    Relocatable
 Small   0x000000028be00000 0x000000028c000000 0x000000028c000000 Y/135   Relocatable
 Small   0x000000028c000000 0x000000028c200000 0x000000028c200000 Y/135   Relocatable
 Small   0x000000028c200000 0x000000028c400000 0x000000028c400000 Y/135   Relocatable
 Small   0x000000028c400000 0x000000028c600000 0x000000028c600000 Y/135   Relocatable
 Small   0x000000028c600000 0x000000028c800000 0x000000028c800000 Y/135   Relocatable
 Small   0x000000028c800000 0x000000028ca00000 0x000000028ca00000 Y/135   Relocatable
 Small   0x000000028ca00000 0x000000028cc00000 0x000000028cc00000 Y/135   Relocatable
 Small   0x000000028d000000 0x000000028d200000 0x000000028d200000 Y/135   Relocatable
 Small   0x000000028d200000 0x000000028d3ffed0 0x000000028d400000 O/14    Allocating 
 Small   0x000000028d400000 0x000000028d600000 0x000000028d600000 Y/135   Relocatable
 Small   0x000000028d600000 0x000000028d800000 0x000000028d800000 Y/135   Relocatable
 Small   0x000000028dc00000 0x000000028de00000 0x000000028de00000 Y/135   Relocatable
 Small   0x000000028de00000 0x000000028e000000 0x000000028e000000 Y/135   Relocatable
 Small   0x000000028e000000 0x000000028e200000 0x000000028e200000 Y/135   Relocatable
 Small   0x000000028e200000 0x000000028e400000 0x000000028e400000 Y/135   Relocatable
 Small   0x000000028e400000 0x000000028e600000 0x000000028e600000 Y/135   Relocatable
 Small   0x000000028e800000 0x000000028ea00000 0x000000028ea00000 Y/135   Relocatable
 Small   0x000000028ea00000 0x000000028ec00000 0x000000028ec00000 Y/135   Relocatable
 Small   0x000000028ec00000 0x000000028ee00000 0x000000028ee00000 Y/135   Relocatable
 Small   0x000000028ee00000 0x000000028f000000 0x000000028f000000 Y/135   Relocatable
 Small   0x000000028f000000 0x000000028f1fff10 0x000000028f200000 O/12    Relocatable
 Small   0x000000028f200000 0x000000028f3fd360 0x000000028f400000 O/14    Allocating 
 Small   0x000000028f400000 0x000000028f600000 0x000000028f600000 Y/135   Relocatable
 Small   0x000000028f600000 0x000000028f800000 0x000000028f800000 Y/135   Relocatable
 Small   0x000000028f800000 0x000000028fa00000 0x000000028fa00000 Y/135   Relocatable
 Small   0x000000028fa00000 0x000000028fbfff20 0x000000028fc00000 O/10    Relocatable
 Small   0x000000028fc00000 0x000000028fe00000 0x000000028fe00000 Y/135   Relocatable
 Small   0x000000028fe00000 0x0000000290000000 0x0000000290000000 Y/135   Relocatable
 Small   0x0000000290200000 0x0000000290400000 0x0000000290400000 Y/135   Relocatable
 Small   0x0000000290400000 0x0000000290500000 0x0000000290600000 Y/135   Relocatable
 Small   0x0000000290600000 0x0000000290800000 0x0000000290800000 Y/135   Relocatable
 Small   0x0000000290800000 0x0000000290a00000 0x0000000290a00000 Y/135   Relocatable
 Small   0x0000000290a00000 0x0000000290bffd38 0x0000000290c00000 O/14    Allocating 
 Small   0x0000000290c00000 0x0000000290e00000 0x0000000290e00000 Y/135   Relocatable
 Small   0x0000000290e00000 0x0000000291000000 0x0000000291000000 Y/135   Relocatable
 Small   0x0000000291400000 0x00000002915ffff8 0x0000000291600000 O/14    Allocating 
 Small   0x0000000291600000 0x0000000291800000 0x0000000291800000 Y/135   Relocatable
 Small   0x0000000291800000 0x0000000291a00000 0x0000000291a00000 Y/135   Relocatable
 Small   0x0000000291a00000 0x0000000291c00000 0x0000000291c00000 Y/135   Relocatable
 Small   0x0000000291c00000 0x0000000291dc0000 0x0000000291e00000 Y/135   Relocatable
 Small   0x0000000291e00000 0x0000000292000000 0x0000000292000000 Y/135   Relocatable
 Small   0x0000000292000000 0x0000000292200000 0x0000000292200000 Y/135   Relocatable
 Small   0x0000000292200000 0x0000000292400000 0x0000000292400000 Y/135   Relocatable
 Small   0x0000000292600000 0x0000000292800000 0x0000000292800000 Y/135   Relocatable
 Small   0x0000000292800000 0x0000000292a00000 0x0000000292a00000 Y/135   Relocatable
 Small   0x0000000292a00000 0x0000000292c00000 0x0000000292c00000 Y/135   Relocatable
 Small   0x0000000292c00000 0x0000000292e00000 0x0000000292e00000 Y/135   Relocatable
 Small   0x0000000292e00000 0x0000000293000000 0x0000000293000000 Y/135   Relocatable
 Small   0x0000000293000000 0x0000000293200000 0x0000000293200000 Y/135   Relocatable
 Small   0x0000000293200000 0x0000000293400000 0x0000000293400000 Y/135   Relocatable
 Small   0x0000000293400000 0x00000002935fffe8 0x0000000293600000 O/14    Allocating 
 Small   0x0000000293600000 0x0000000293800000 0x0000000293800000 Y/135   Relocatable
 Small   0x0000000293800000 0x0000000293a00000 0x0000000293a00000 Y/135   Relocatable
 Small   0x0000000293a00000 0x0000000293c00000 0x0000000293c00000 Y/135   Relocatable
 Small   0x0000000293c00000 0x0000000293e00000 0x0000000293e00000 Y/135   Relocatable
 Small   0x0000000293e00000 0x0000000294000000 0x0000000294000000 Y/135   Relocatable
 Small   0x0000000294200000 0x0000000294400000 0x0000000294400000 Y/135   Relocatable
 Small   0x0000000294600000 0x0000000294800000 0x0000000294800000 Y/135   Relocatable
 Small   0x0000000294800000 0x00000002949fffa0 0x0000000294a00000 O/10    Relocatable
 Small   0x0000000294a00000 0x0000000294c00000 0x0000000294c00000 Y/135   Relocatable
 Small   0x0000000294c00000 0x0000000294e00000 0x0000000294e00000 Y/135   Relocatable
 Small   0x0000000295000000 0x00000002951ffff0 0x0000000295200000 O/10    Relocatable
 Small   0x0000000295200000 0x0000000295400000 0x0000000295400000 Y/135   Relocatable
 Small   0x0000000295400000 0x00000002955fffd8 0x0000000295600000 O/10    Relocatable
 Small   0x0000000295800000 0x0000000295a00000 0x0000000295a00000 Y/135   Relocatable
 Small   0x0000000295a00000 0x0000000295bffff0 0x0000000295c00000 O/10    Relocatable
 Small   0x0000000295c00000 0x0000000295e00000 0x0000000295e00000 Y/135   Relocatable
 Small   0x0000000296000000 0x0000000296200000 0x0000000296200000 Y/135   Relocatable
 Small   0x0000000296200000 0x0000000296400000 0x0000000296400000 Y/135   Relocatable
 Small   0x0000000296400000 0x0000000296600000 0x0000000296600000 Y/135   Relocatable
 Small   0x0000000296600000 0x0000000296800000 0x0000000296800000 Y/135   Relocatable
 Small   0x0000000296a00000 0x0000000296c00000 0x0000000296c00000 Y/135   Relocatable
 Small   0x0000000296c00000 0x0000000296df85a0 0x0000000296e00000 O/10    Relocatable
 Small   0x0000000296e00000 0x0000000297000000 0x0000000297000000 Y/135   Relocatable
 Small   0x0000000297000000 0x0000000297200000 0x0000000297200000 Y/135   Relocatable
 Small   0x0000000297200000 0x0000000297400000 0x0000000297400000 Y/135   Relocatable
 Small   0x0000000297600000 0x0000000297800000 0x0000000297800000 Y/135   Relocatable
 Small   0x0000000297800000 0x00000002979ffff8 0x0000000297a00000 O/12    Relocatable
 Small   0x0000000297a00000 0x0000000297c00000 0x0000000297c00000 Y/135   Relocatable
 Small   0x0000000297c00000 0x0000000297e00000 0x0000000297e00000 Y/135   Relocatable
 Small   0x0000000297e00000 0x0000000298000000 0x0000000298000000 Y/135   Relocatable
 Small   0x0000000298000000 0x00000002981fffb0 0x0000000298200000 O/11    Relocatable
 Small   0x0000000298400000 0x0000000298600000 0x0000000298600000 Y/135   Relocatable
 Small   0x0000000298600000 0x0000000298800000 0x0000000298800000 Y/135   Relocatable
 Small   0x0000000298800000 0x0000000298a00000 0x0000000298a00000 Y/135   Relocatable
 Small   0x0000000298a00000 0x0000000298c00000 0x0000000298c00000 Y/135   Relocatable
 Small   0x0000000298c00000 0x0000000298e00000 0x0000000298e00000 Y/135   Relocatable
 Small   0x0000000298e00000 0x0000000299000000 0x0000000299000000 Y/135   Relocatable
 Small   0x0000000299200000 0x0000000299400000 0x0000000299400000 Y/135   Relocatable
 Small   0x0000000299400000 0x0000000299600000 0x0000000299600000 Y/135   Relocatable
 Small   0x0000000299600000 0x0000000299800000 0x0000000299800000 Y/135   Relocatable
 Small   0x0000000299800000 0x0000000299a00000 0x0000000299a00000 Y/135   Relocatable
 Small   0x0000000299a00000 0x0000000299bfffd8 0x0000000299c00000 O/10    Relocatable
 Small   0x0000000299c00000 0x0000000299e00000 0x0000000299e00000 Y/135   Relocatable
 Small   0x0000000299e00000 0x000000029a000000 0x000000029a000000 Y/135   Relocatable
 Small   0x000000029a000000 0x000000029a200000 0x000000029a200000 Y/135   Relocatable
 Small   0x000000029a200000 0x000000029a400000 0x000000029a400000 Y/135   Relocatable
 Small   0x000000029a400000 0x000000029a600000 0x000000029a600000 Y/135   Relocatable
 Small   0x000000029a600000 0x000000029a800000 0x000000029a800000 Y/135   Relocatable
 Small   0x000000029a800000 0x000000029aa00000 0x000000029aa00000 Y/135   Relocatable
 Small   0x000000029aa00000 0x000000029ac00000 0x000000029ac00000 Y/135   Relocatable
 Small   0x000000029ac00000 0x000000029ae00000 0x000000029ae00000 Y/135   Relocatable
 Small   0x000000029ae00000 0x000000029b000000 0x000000029b000000 Y/135   Relocatable
 Small   0x000000029b200000 0x000000029b400000 0x000000029b400000 Y/135   Relocatable
 Small   0x000000029b800000 0x000000029ba00000 0x000000029ba00000 Y/135   Relocatable
 Small   0x000000029ba00000 0x000000029bbfffb0 0x000000029bc00000 O/13    Relocatable
 Small   0x000000029bc00000 0x000000029be00000 0x000000029be00000 Y/135   Relocatable
 Small   0x000000029be00000 0x000000029c000000 0x000000029c000000 Y/135   Relocatable
 Small   0x000000029c000000 0x000000029c1ffeb8 0x000000029c200000 O/14    Allocating 
 Small   0x000000029c200000 0x000000029c400000 0x000000029c400000 Y/135   Relocatable
 Small   0x000000029c400000 0x000000029c600000 0x000000029c600000 Y/135   Relocatable
 Small   0x000000029c600000 0x000000029c800000 0x000000029c800000 Y/135   Relocatable
 Small   0x000000029c800000 0x000000029ca00000 0x000000029ca00000 Y/135   Relocatable
 Small   0x000000029cc00000 0x000000029ce00000 0x000000029ce00000 Y/135   Relocatable
 Small   0x000000029ce00000 0x000000029cffffe8 0x000000029d000000 O/12    Relocatable
 Small   0x000000029d000000 0x000000029d200000 0x000000029d200000 Y/135   Relocatable
 Small   0x000000029d400000 0x000000029d600000 0x000000029d600000 Y/135   Relocatable
 Small   0x000000029da00000 0x000000029dc00000 0x000000029dc00000 Y/135   Relocatable
 Small   0x000000029dc00000 0x000000029de00000 0x000000029de00000 Y/135   Relocatable
 Small   0x000000029de00000 0x000000029e000000 0x000000029e000000 Y/135   Relocatable
 Small   0x000000029e000000 0x000000029e200000 0x000000029e200000 Y/135   Relocatable
 Small   0x000000029e200000 0x000000029e400000 0x000000029e400000 Y/135   Relocatable
 Small   0x000000029e600000 0x000000029e7fffe8 0x000000029e800000 O/12    Relocatable
 Small   0x000000029e800000 0x000000029e9ffff8 0x000000029ea00000 O/10    Relocatable
 Small   0x000000029ec00000 0x000000029ee00000 0x000000029ee00000 Y/135   Relocatable
 Small   0x000000029ee00000 0x000000029f000000 0x000000029f000000 Y/135   Relocatable
 Small   0x000000029f200000 0x000000029f3fffe0 0x000000029f400000 O/10    Relocatable
 Small   0x000000029f800000 0x000000029fa00000 0x000000029fa00000 Y/135   Relocatable
 Small   0x000000029fa00000 0x000000029fc00000 0x000000029fc00000 Y/135   Relocatable
 Small   0x000000029fc00000 0x000000029fdfffe8 0x000000029fe00000 O/12    Relocatable
 Small   0x000000029fe00000 0x00000002a0000000 0x00000002a0000000 Y/135   Relocatable
 Small   0x00000002a0000000 0x00000002a0200000 0x00000002a0200000 Y/135   Relocatable
 Small   0x00000002a0200000 0x00000002a0400000 0x00000002a0400000 Y/135   Relocatable
 Small   0x00000002a0400000 0x00000002a05fffe8 0x00000002a0600000 O/12    Relocatable
 Small   0x00000002a0600000 0x00000002a0800000 0x00000002a0800000 Y/135   Relocatable
 Small   0x00000002a0800000 0x00000002a0a00000 0x00000002a0a00000 Y/135   Relocatable
 Small   0x00000002a0a00000 0x00000002a0c00000 0x00000002a0c00000 O/10    Relocatable
 Small   0x00000002a0c00000 0x00000002a0e00000 0x00000002a0e00000 Y/135   Relocatable
 Small   0x00000002a1200000 0x00000002a1400000 0x00000002a1400000 Y/135   Relocatable
 Small   0x00000002a1400000 0x00000002a1600000 0x00000002a1600000 Y/135   Relocatable
 Small   0x00000002a1600000 0x00000002a17fffd0 0x00000002a1800000 O/10    Relocatable
 Small   0x00000002a1800000 0x00000002a1a00000 0x00000002a1a00000 Y/135   Relocatable
 Small   0x00000002a1c00000 0x00000002a1e00000 0x00000002a1e00000 Y/135   Relocatable
 Small   0x00000002a1e00000 0x00000002a2000000 0x00000002a2000000 Y/135   Relocatable
 Small   0x00000002a2000000 0x00000002a2200000 0x00000002a2200000 Y/135   Relocatable
 Small   0x00000002a2200000 0x00000002a2400000 0x00000002a2400000 Y/135   Relocatable
 Small   0x00000002a2400000 0x00000002a2600000 0x00000002a2600000 Y/135   Relocatable
 Small   0x00000002a2600000 0x00000002a2800000 0x00000002a2800000 Y/135   Relocatable
 Small   0x00000002a2a00000 0x00000002a2c00000 0x00000002a2c00000 Y/135   Relocatable
 Small   0x00000002a2c00000 0x00000002a2c00350 0x00000002a2e00000 O/14    Allocating 
 Small   0x00000002a2e00000 0x00000002a3000000 0x00000002a3000000 Y/135   Relocatable
 Small   0x00000002a3000000 0x00000002a3200000 0x00000002a3200000 Y/135   Relocatable
 Small   0x00000002a3200000 0x00000002a3400000 0x00000002a3400000 Y/135   Relocatable
 Small   0x00000002a3600000 0x00000002a3800000 0x00000002a3800000 O/12    Relocatable
 Small   0x00000002a3800000 0x00000002a39ffff8 0x00000002a3a00000 O/10    Relocatable
 Small   0x00000002a3a00000 0x00000002a3c00000 0x00000002a3c00000 Y/135   Relocatable
 Small   0x00000002a3c00000 0x00000002a3e00000 0x00000002a3e00000 Y/135   Relocatable
 Small   0x00000002a4000000 0x00000002a41ffff0 0x00000002a4200000 Y/135   Relocatable
 Small   0x00000002a4200000 0x00000002a4400000 0x00000002a4400000 Y/135   Relocatable
 Small   0x00000002a4a00000 0x00000002a4bdb738 0x00000002a4c00000 Y/135   Relocatable
 Small   0x00000002a4c00000 0x00000002a4e00000 0x00000002a4e00000 Y/135   Relocatable
 Small   0x00000002a4e00000 0x00000002a5000000 0x00000002a5000000 Y/135   Relocatable
 Small   0x00000002a5000000 0x00000002a5200000 0x00000002a5200000 Y/135   Relocatable
 Small   0x00000002a5200000 0x00000002a53feae0 0x00000002a5400000 O/14    Allocating 
 Small   0x00000002a5400000 0x00000002a5600000 0x00000002a5600000 Y/135   Relocatable
 Small   0x00000002a5600000 0x00000002a57fffe0 0x00000002a5800000 O/12    Relocatable
 Small   0x00000002a5800000 0x00000002a5a00000 0x00000002a5a00000 Y/135   Relocatable
 Small   0x00000002a5a00000 0x00000002a5c00000 0x00000002a5c00000 Y/135   Relocatable
 Small   0x00000002a5c00000 0x00000002a5dff758 0x00000002a5e00000 O/10    Relocatable
 Small   0x00000002a5e00000 0x00000002a6000000 0x00000002a6000000 Y/135   Relocatable
 Small   0x00000002a6000000 0x00000002a61ffff0 0x00000002a6200000 O/13    Relocatable
 Small   0x00000002a6200000 0x00000002a6400000 0x00000002a6400000 Y/135   Relocatable
 Small   0x00000002a6400000 0x00000002a6600000 0x00000002a6600000 Y/135   Relocatable
 Small   0x00000002a6600000 0x00000002a6800000 0x00000002a6800000 Y/135   Relocatable
 Small   0x00000002a6800000 0x00000002a6a00000 0x00000002a6a00000 Y/135   Relocatable
 Small   0x00000002a6a00000 0x00000002a6c00000 0x00000002a6c00000 Y/135   Relocatable
 Small   0x00000002a6c00000 0x00000002a6dfffe0 0x00000002a6e00000 O/10    Relocatable
 Small   0x00000002a7000000 0x00000002a71fff90 0x00000002a7200000 O/10    Relocatable
 Small   0x00000002a7200000 0x00000002a7400000 0x00000002a7400000 Y/135   Relocatable
 Small   0x00000002a7400000 0x00000002a75fffd8 0x00000002a7600000 Y/135   Relocatable
 Small   0x00000002a7600000 0x00000002a7800000 0x00000002a7800000 Y/135   Relocatable
 Small   0x00000002a7800000 0x00000002a7a00000 0x00000002a7a00000 Y/135   Relocatable
 Small   0x00000002a7a00000 0x00000002a7c00000 0x00000002a7c00000 Y/135   Relocatable
 Small   0x00000002a7e00000 0x00000002a8000000 0x00000002a8000000 Y/135   Relocatable
 Small   0x00000002a8000000 0x00000002a8200000 0x00000002a8200000 Y/135   Relocatable
 Small   0x00000002a8200000 0x00000002a8400000 0x00000002a8400000 Y/135   Relocatable
 Small   0x00000002a8400000 0x00000002a85ffe78 0x00000002a8600000 O/13    Relocatable
 Small   0x00000002a8600000 0x00000002a8800000 0x00000002a8800000 Y/135   Relocatable
 Small   0x00000002a8800000 0x00000002a8a00000 0x00000002a8a00000 Y/135   Relocatable
 Small   0x00000002a8a00000 0x00000002a8c00000 0x00000002a8c00000 Y/135   Relocatable
 Small   0x00000002a8c00000 0x00000002a8e00000 0x00000002a8e00000 Y/135   Relocatable
 Small   0x00000002a8e00000 0x00000002a9000000 0x00000002a9000000 Y/135   Relocatable
 Small   0x00000002a9200000 0x00000002a93fffd8 0x00000002a9400000 O/14    Allocating 
 Small   0x00000002a9600000 0x00000002a9800000 0x00000002a9800000 Y/135   Relocatable
 Small   0x00000002a9a00000 0x00000002a9c00000 0x00000002a9c00000 Y/135   Relocatable
 Small   0x00000002a9c00000 0x00000002a9dfffd0 0x00000002a9e00000 O/11    Relocatable
 Small   0x00000002a9e00000 0x00000002aa000000 0x00000002aa000000 Y/135   Relocatable
 Small   0x00000002aa400000 0x00000002aa600000 0x00000002aa600000 Y/135   Relocatable
 Small   0x00000002aa600000 0x00000002aa800000 0x00000002aa800000 Y/135   Relocatable
 Small   0x00000002aa800000 0x00000002aaa00000 0x00000002aaa00000 Y/135   Relocatable
 Small   0x00000002aaa00000 0x00000002aac00000 0x00000002aac00000 Y/135   Relocatable
 Small   0x00000002aae00000 0x00000002ab000000 0x00000002ab000000 Y/135   Relocatable
 Small   0x00000002ab000000 0x00000002ab200000 0x00000002ab200000 Y/135   Relocatable
 Small   0x00000002ab200000 0x00000002ab400000 0x00000002ab400000 Y/135   Relocatable
 Small   0x00000002ab400000 0x00000002ab600000 0x00000002ab600000 Y/135   Relocatable
 Small   0x00000002ab800000 0x00000002aba00000 0x00000002aba00000 Y/135   Relocatable
 Small   0x00000002aba00000 0x00000002abc00000 0x00000002abc00000 Y/135   Relocatable
 Small   0x00000002abc00000 0x00000002abe00000 0x00000002abe00000 Y/135   Relocatable
 Small   0x00000002abe00000 0x00000002ac000000 0x00000002ac000000 Y/135   Relocatable
 Small   0x00000002ac000000 0x00000002ac200000 0x00000002ac200000 Y/135   Relocatable
 Small   0x00000002ac200000 0x00000002ac3fffc8 0x00000002ac400000 O/11    Relocatable
 Small   0x00000002ac400000 0x00000002ac600000 0x00000002ac600000 Y/135   Relocatable
 Small   0x00000002ac800000 0x00000002aca00000 0x00000002aca00000 Y/135   Relocatable
 Small   0x00000002aca00000 0x00000002acc00000 0x00000002acc00000 Y/135   Relocatable
 Small   0x00000002acc00000 0x00000002ace00000 0x00000002ace00000 Y/135   Relocatable
 Small   0x00000002ad000000 0x00000002ad1ffbc0 0x00000002ad200000 O/14    Allocating 
 Small   0x00000002ad600000 0x00000002ad800000 0x00000002ad800000 Y/135   Relocatable
 Small   0x00000002ad800000 0x00000002ada00000 0x00000002ada00000 Y/135   Relocatable
 Small   0x00000002ada00000 0x00000002adc00000 0x00000002adc00000 Y/135   Relocatable
 Small   0x00000002ade00000 0x00000002ae000000 0x00000002ae000000 Y/135   Relocatable
 Small   0x00000002ae000000 0x00000002ae1fffe8 0x00000002ae200000 O/10    Relocatable
 Small   0x00000002ae200000 0x00000002ae400000 0x00000002ae400000 Y/135   Relocatable
 Small   0x00000002ae400000 0x00000002ae600000 0x00000002ae600000 Y/135   Relocatable
 Small   0x00000002ae600000 0x00000002ae800000 0x00000002ae800000 Y/135   Relocatable
 Small   0x00000002ae800000 0x00000002aea00000 0x00000002aea00000 Y/135   Relocatable
 Small   0x00000002aea00000 0x00000002aec00000 0x00000002aec00000 O/12    Relocatable
 Small   0x00000002aee00000 0x00000002af000000 0x00000002af000000 Y/135   Relocatable
 Small   0x00000002af200000 0x00000002af400000 0x00000002af400000 Y/135   Relocatable
 Small   0x00000002af600000 0x00000002af800000 0x00000002af800000 Y/135   Relocatable
 Small   0x00000002af800000 0x00000002afa00000 0x00000002afa00000 Y/135   Relocatable
 Small   0x00000002afc00000 0x00000002afe00000 0x00000002afe00000 Y/135   Relocatable
 Small   0x00000002afe00000 0x00000002b0000000 0x00000002b0000000 Y/135   Relocatable
 Small   0x00000002b0200000 0x00000002b0400000 0x00000002b0400000 Y/135   Relocatable
 Small   0x00000002b0800000 0x00000002b0a00000 0x00000002b0a00000 Y/135   Relocatable
 Small   0x00000002b0a00000 0x00000002b0c00000 0x00000002b0c00000 Y/135   Relocatable
 Small   0x00000002b0c00000 0x00000002b0e00000 0x00000002b0e00000 Y/135   Relocatable
 Small   0x00000002b0e00000 0x00000002b1000000 0x00000002b1000000 Y/135   Relocatable
 Small   0x00000002b1000000 0x00000002b1200000 0x00000002b1200000 Y/135   Relocatable
 Small   0x00000002b1200000 0x00000002b1400000 0x00000002b1400000 Y/135   Relocatable
 Small   0x00000002b1400000 0x00000002b1600000 0x00000002b1600000 Y/135   Relocatable
 Small   0x00000002b1800000 0x00000002b19ffff8 0x00000002b1a00000 O/12    Relocatable
 Small   0x00000002b1c00000 0x00000002b1e00000 0x00000002b1e00000 Y/135   Relocatable
 Small   0x00000002b2000000 0x00000002b21ed8b8 0x00000002b2200000 O/10    Relocatable
 Small   0x00000002b2200000 0x00000002b2400000 0x00000002b2400000 Y/135   Relocatable
 Small   0x00000002b2400000 0x00000002b2600000 0x00000002b2600000 Y/135   Relocatable
 Small   0x00000002b2600000 0x00000002b2800000 0x00000002b2800000 Y/135   Relocatable
 Small   0x00000002b2800000 0x00000002b2a00000 0x00000002b2a00000 Y/135   Relocatable
 Small   0x00000002b2a00000 0x00000002b2c00000 0x00000002b2c00000 Y/135   Relocatable
 Small   0x00000002b2c00000 0x00000002b2e00000 0x00000002b2e00000 Y/135   Relocatable
 Small   0x00000002b3200000 0x00000002b3400000 0x00000002b3400000 Y/135   Relocatable
 Small   0x00000002b3600000 0x00000002b3800000 0x00000002b3800000 Y/135   Relocatable
 Small   0x00000002b3c00000 0x00000002b3dffff8 0x00000002b3e00000 O/11    Relocatable
 Small   0x00000002b4000000 0x00000002b4200000 0x00000002b4200000 Y/135   Relocatable
 Small   0x00000002b4200000 0x00000002b4400000 0x00000002b4400000 Y/135   Relocatable
 Small   0x00000002b4400000 0x00000002b45ffff0 0x00000002b4600000 O/12    Relocatable
 Small   0x00000002b4600000 0x00000002b4800000 0x00000002b4800000 Y/135   Relocatable
 Small   0x00000002b4800000 0x00000002b4a00000 0x00000002b4a00000 Y/135   Relocatable
 Small   0x00000002b4a00000 0x00000002b4bffff8 0x00000002b4c00000 O/12    Relocatable
 Small   0x00000002b4c00000 0x00000002b4e00000 0x00000002b4e00000 Y/135   Relocatable
 Small   0x00000002b4e00000 0x00000002b5000000 0x00000002b5000000 Y/135   Relocatable
 Small   0x00000002b5000000 0x00000002b51fffe8 0x00000002b5200000 O/14    Allocating 
 Small   0x00000002b5200000 0x00000002b53ffe88 0x00000002b5400000 O/10    Relocatable
 Small   0x00000002b5400000 0x00000002b5600000 0x00000002b5600000 Y/135   Relocatable
 Small   0x00000002b5600000 0x00000002b57ffff0 0x00000002b5800000 O/13    Relocatable
 Small   0x00000002b5800000 0x00000002b5a00000 0x00000002b5a00000 Y/135   Relocatable
 Small   0x00000002b5c00000 0x00000002b5dffed8 0x00000002b5e00000 O/10    Relocatable
 Small   0x00000002b5e00000 0x00000002b6000000 0x00000002b6000000 Y/135   Relocatable
 Small   0x00000002b6000000 0x00000002b6200000 0x00000002b6200000 Y/135   Relocatable
 Small   0x00000002b6200000 0x00000002b6400000 0x00000002b6400000 O/10    Relocatable
 Small   0x00000002b6600000 0x00000002b6800000 0x00000002b6800000 Y/135   Relocatable
 Small   0x00000002b6800000 0x00000002b6a00000 0x00000002b6a00000 Y/135   Relocatable
 Small   0x00000002b6a00000 0x00000002b6c00000 0x00000002b6c00000 Y/135   Relocatable
 Small   0x00000002b6c00000 0x00000002b6e00000 0x00000002b6e00000 Y/135   Relocatable
 Small   0x00000002b7000000 0x00000002b7200000 0x00000002b7200000 Y/135   Relocatable
 Small   0x00000002b7400000 0x00000002b7600000 0x00000002b7600000 Y/135   Relocatable
 Small   0x00000002b7600000 0x00000002b7800000 0x00000002b7800000 Y/135   Relocatable
 Small   0x00000002b7800000 0x00000002b7a00000 0x00000002b7a00000 Y/135   Relocatable
 Small   0x00000002b7a00000 0x00000002b7c00000 0x00000002b7c00000 Y/135   Relocatable
 Small   0x00000002b7c00000 0x00000002b7e00000 0x00000002b7e00000 Y/135   Relocatable
 Small   0x00000002b8000000 0x00000002b81fffe8 0x00000002b8200000 O/14    Allocating 
 Small   0x00000002b8400000 0x00000002b8600000 0x00000002b8600000 Y/135   Relocatable
 Small   0x00000002b8600000 0x00000002b8800000 0x00000002b8800000 Y/135   Relocatable
 Small   0x00000002b8a00000 0x00000002b8c00000 0x00000002b8c00000 Y/135   Relocatable
 Small   0x00000002b8c00000 0x00000002b8e00000 0x00000002b8e00000 Y/135   Relocatable
 Small   0x00000002b8e00000 0x00000002b8ffffe0 0x00000002b9000000 O/11    Relocatable
 Small   0x00000002b9000000 0x00000002b91fffe8 0x00000002b9200000 O/12    Relocatable
 Small   0x00000002b9200000 0x00000002b9400000 0x00000002b9400000 Y/135   Relocatable
 Small   0x00000002b9600000 0x00000002b9800000 0x00000002b9800000 Y/135   Relocatable
 Small   0x00000002b9800000 0x00000002b9a00000 0x00000002b9a00000 Y/135   Relocatable
 Small   0x00000002b9a00000 0x00000002b9c00000 0x00000002b9c00000 Y/135   Relocatable
 Small   0x00000002b9e00000 0x00000002ba000000 0x00000002ba000000 Y/135   Relocatable
 Small   0x00000002ba000000 0x00000002ba200000 0x00000002ba200000 Y/135   Relocatable
 Small   0x00000002ba200000 0x00000002ba400000 0x00000002ba400000 Y/135   Relocatable
 Small   0x00000002ba400000 0x00000002ba600000 0x00000002ba600000 O/12    Relocatable
 Small   0x00000002ba600000 0x00000002ba800000 0x00000002ba800000 Y/135   Relocatable
 Small   0x00000002ba800000 0x00000002ba80a300 0x00000002baa00000 O/14    Allocating 
 Small   0x00000002baa00000 0x00000002bac00000 0x00000002bac00000 Y/135   Relocatable
 Small   0x00000002bac00000 0x00000002bae00000 0x00000002bae00000 Y/135   Relocatable
 Small   0x00000002bae00000 0x00000002bb000000 0x00000002bb000000 Y/135   Relocatable
 Small   0x00000002bb200000 0x00000002bb400000 0x00000002bb400000 Y/135   Relocatable
 Small   0x00000002bb400000 0x00000002bb600000 0x00000002bb600000 Y/135   Relocatable
 Small   0x00000002bb800000 0x00000002bb9fff88 0x00000002bba00000 Y/135   Relocatable
 Small   0x00000002bba00000 0x00000002bbc00000 0x00000002bbc00000 Y/135   Relocatable
 Small   0x00000002bbc00000 0x00000002bbe00000 0x00000002bbe00000 Y/135   Relocatable
 Small   0x00000002bbe00000 0x00000002bc000000 0x00000002bc000000 Y/135   Relocatable
 Small   0x00000002bc000000 0x00000002bc1fffe0 0x00000002bc200000 O/14    Allocating 
 Small   0x00000002bc600000 0x00000002bc7fcdc8 0x00000002bc800000 O/13    Relocatable
 Small   0x00000002bc800000 0x00000002bca00000 0x00000002bca00000 Y/135   Relocatable
 Small   0x00000002bca00000 0x00000002bcc00000 0x00000002bcc00000 Y/135   Relocatable
 Small   0x00000002bcc00000 0x00000002bce00000 0x00000002bce00000 Y/135   Relocatable
 Small   0x00000002bd000000 0x00000002bd200000 0x00000002bd200000 Y/135   Relocatable
 Small   0x00000002bd200000 0x00000002bd400000 0x00000002bd400000 Y/135   Relocatable
 Small   0x00000002bd400000 0x00000002bd600000 0x00000002bd600000 Y/135   Relocatable
 Small   0x00000002bd600000 0x00000002bd800000 0x00000002bd800000 Y/135   Relocatable
 Small   0x00000002bda00000 0x00000002bdc00000 0x00000002bdc00000 Y/135   Relocatable
 Small   0x00000002bde00000 0x00000002be000000 0x00000002be000000 Y/135   Relocatable
 Small   0x00000002be000000 0x00000002be200000 0x00000002be200000 Y/135   Relocatable
 Small   0x00000002be200000 0x00000002be3ba328 0x00000002be400000 O/14    Allocating 
 Small   0x00000002be400000 0x00000002be600000 0x00000002be600000 Y/135   Relocatable
 Small   0x00000002bec00000 0x00000002bedffb90 0x00000002bee00000 O/13    Relocatable
 Small   0x00000002bee00000 0x00000002bf000000 0x00000002bf000000 Y/135   Relocatable
 Small   0x00000002bf000000 0x00000002bf200000 0x00000002bf200000 Y/135   Relocatable
 Small   0x00000002bf400000 0x00000002bf600000 0x00000002bf600000 Y/135   Relocatable
 Small   0x00000002bf600000 0x00000002bf800000 0x00000002bf800000 Y/135   Relocatable
 Small   0x00000002bf800000 0x00000002bfa00000 0x00000002bfa00000 Y/135   Relocatable
 Small   0x00000002bfa00000 0x00000002bfc00000 0x00000002bfc00000 Y/135   Relocatable
 Small   0x00000002bfc00000 0x00000002bfe00000 0x00000002bfe00000 Y/135   Relocatable
 Small   0x00000002bfe00000 0x00000002c0000000 0x00000002c0000000 Y/135   Relocatable
 Small   0x00000002c0000000 0x00000002c0200000 0x00000002c0200000 Y/135   Relocatable
 Small   0x00000002c0200000 0x00000002c0400000 0x00000002c0400000 Y/135   Relocatable
 Small   0x00000002c0400000 0x00000002c0600000 0x00000002c0600000 Y/135   Relocatable
 Small   0x00000002c0600000 0x00000002c0800000 0x00000002c0800000 Y/135   Relocatable
 Small   0x00000002c0a00000 0x00000002c0c00000 0x00000002c0c00000 Y/135   Relocatable
 Small   0x00000002c0c00000 0x00000002c0e00000 0x00000002c0e00000 Y/135   Relocatable
 Small   0x00000002c1000000 0x00000002c1200000 0x00000002c1200000 Y/135   Relocatable
 Small   0x00000002c1200000 0x00000002c1400000 0x00000002c1400000 Y/135   Relocatable
 Small   0x00000002c1800000 0x00000002c1a00000 0x00000002c1a00000 Y/135   Relocatable
 Small   0x00000002c1a00000 0x00000002c1a4e918 0x00000002c1c00000 O/14    Allocating 
 Small   0x00000002c1c00000 0x00000002c1e00000 0x00000002c1e00000 Y/135   Relocatable
 Small   0x00000002c1e00000 0x00000002c2000000 0x00000002c2000000 Y/135   Relocatable
 Small   0x00000002c2000000 0x00000002c2200000 0x00000002c2200000 Y/135   Relocatable
 Small   0x00000002c2200000 0x00000002c2400000 0x00000002c2400000 Y/135   Relocatable
 Small   0x00000002c2400000 0x00000002c2600000 0x00000002c2600000 Y/135   Relocatable
 Small   0x00000002c2600000 0x00000002c27fffd0 0x00000002c2800000 O/14    Allocating 
 Small   0x00000002c2800000 0x00000002c2a00000 0x00000002c2a00000 Y/135   Relocatable
 Small   0x00000002c2a00000 0x00000002c2c00000 0x00000002c2c00000 Y/135   Relocatable
 Small   0x00000002c2e00000 0x00000002c3000000 0x00000002c3000000 Y/135   Relocatable
 Small   0x00000002c3000000 0x00000002c3200000 0x00000002c3200000 Y/135   Relocatable
 Small   0x00000002c3200000 0x00000002c3400000 0x00000002c3400000 Y/135   Relocatable
 Small   0x00000002c3400000 0x00000002c3600000 0x00000002c3600000 Y/135   Relocatable
 Small   0x00000002c3600000 0x00000002c3800000 0x00000002c3800000 Y/135   Relocatable
 Small   0x00000002c3800000 0x00000002c3a00000 0x00000002c3a00000 Y/135   Relocatable
 Small   0x00000002c3a00000 0x00000002c3c00000 0x00000002c3c00000 Y/135   Relocatable
 Small   0x00000002c3c00000 0x00000002c3e00000 0x00000002c3e00000 Y/135   Relocatable
 Small   0x00000002c3e00000 0x00000002c4000000 0x00000002c4000000 Y/135   Relocatable
 Small   0x00000002c4200000 0x00000002c43fffd0 0x00000002c4400000 O/12    Relocatable
 Small   0x00000002c4400000 0x00000002c4600000 0x00000002c4600000 Y/135   Relocatable
 Small   0x00000002c4600000 0x00000002c4800000 0x00000002c4800000 Y/135   Relocatable
 Small   0x00000002c4a00000 0x00000002c4c00000 0x00000002c4c00000 Y/135   Relocatable
 Small   0x00000002c4c00000 0x00000002c4e00000 0x00000002c4e00000 Y/135   Relocatable
 Small   0x00000002c4e00000 0x00000002c5000000 0x00000002c5000000 Y/135   Relocatable
 Small   0x00000002c5000000 0x00000002c5200000 0x00000002c5200000 Y/135   Relocatable
 Small   0x00000002c5200000 0x00000002c5400000 0x00000002c5400000 Y/135   Relocatable
 Small   0x00000002c5600000 0x00000002c5800000 0x00000002c5800000 Y/135   Relocatable
 Small   0x00000002c5800000 0x00000002c5a00000 0x00000002c5a00000 Y/135   Relocatable
 Small   0x00000002c5a00000 0x00000002c5c00000 0x00000002c5c00000 Y/135   Relocatable
 Small   0x00000002c5c00000 0x00000002c5e00000 0x00000002c5e00000 Y/135   Relocatable
 Small   0x00000002c5e00000 0x00000002c5fffff0 0x00000002c6000000 O/11    Relocatable
 Small   0x00000002c6000000 0x00000002c6200000 0x00000002c6200000 Y/135   Relocatable
 Small   0x00000002c6600000 0x00000002c67fffd8 0x00000002c6800000 O/12    Relocatable
 Small   0x00000002c6c00000 0x00000002c6e00000 0x00000002c6e00000 Y/135   Relocatable
 Small   0x00000002c7000000 0x00000002c7200000 0x00000002c7200000 Y/135   Relocatable
 Small   0x00000002c7200000 0x00000002c73ffff0 0x00000002c7400000 O/11    Relocatable
 Small   0x00000002c7600000 0x00000002c7800000 0x00000002c7800000 Y/135   Relocatable
 Small   0x00000002c7800000 0x00000002c7a00000 0x00000002c7a00000 Y/135   Relocatable
 Small   0x00000002c7a00000 0x00000002c7c00000 0x00000002c7c00000 Y/135   Relocatable
 Small   0x00000002c7c00000 0x00000002c7e00000 0x00000002c7e00000 Y/135   Relocatable
 Small   0x00000002c7e00000 0x00000002c8000000 0x00000002c8000000 Y/135   Relocatable
 Small   0x00000002c8000000 0x00000002c8200000 0x00000002c8200000 Y/135   Relocatable
 Small   0x00000002c8400000 0x00000002c8600000 0x00000002c8600000 Y/135   Relocatable
 Small   0x00000002c8600000 0x00000002c8800000 0x00000002c8800000 Y/135   Relocatable
 Small   0x00000002c8800000 0x00000002c89ff990 0x00000002c8a00000 O/12    Relocatable
 Small   0x00000002c8c00000 0x00000002c8e00000 0x00000002c8e00000 Y/135   Relocatable
 Small   0x00000002c8e00000 0x00000002c9000000 0x00000002c9000000 Y/135   Relocatable
 Small   0x00000002c9000000 0x00000002c9200000 0x00000002c9200000 Y/135   Relocatable
 Small   0x00000002c9200000 0x00000002c9400000 0x00000002c9400000 Y/135   Relocatable
 Small   0x00000002c9600000 0x00000002c9800000 0x00000002c9800000 Y/135   Relocatable
 Small   0x00000002c9800000 0x00000002c9a00000 0x00000002c9a00000 O/10    Relocatable
 Small   0x00000002c9a00000 0x00000002c9c00000 0x00000002c9c00000 Y/135   Relocatable
 Small   0x00000002c9c00000 0x00000002c9dfffe0 0x00000002c9e00000 O/10    Relocatable
 Small   0x00000002ca800000 0x00000002ca9fffb8 0x00000002caa00000 O/10    Relocatable
 Small   0x00000002caa00000 0x00000002cac00000 0x00000002cac00000 Y/135   Relocatable
 Small   0x00000002cac00000 0x00000002cadffd28 0x00000002cae00000 O/10    Relocatable
 Small   0x00000002cb200000 0x00000002cb400000 0x00000002cb400000 Y/135   Relocatable
 Small   0x00000002cb400000 0x00000002cb600000 0x00000002cb600000 Y/135   Relocatable
 Small   0x00000002cb600000 0x00000002cb800000 0x00000002cb800000 Y/135   Relocatable
 Small   0x00000002cb800000 0x00000002cba00000 0x00000002cba00000 Y/135   Relocatable
 Small   0x00000002cba00000 0x00000002cbc00000 0x00000002cbc00000 Y/135   Relocatable
 Small   0x00000002cc200000 0x00000002cc400000 0x00000002cc400000 Y/135   Relocatable
 Small   0x00000002cc400000 0x00000002cc600000 0x00000002cc600000 Y/135   Relocatable
 Small   0x00000002ccc00000 0x00000002cce00000 0x00000002cce00000 Y/135   Relocatable
 Small   0x00000002cd000000 0x00000002cd200000 0x00000002cd200000 Y/135   Relocatable
 Small   0x00000002cd200000 0x00000002cd400000 0x00000002cd400000 Y/135   Relocatable
 Small   0x00000002cd400000 0x00000002cd5fffd8 0x00000002cd600000 O/10    Relocatable
 Small   0x00000002cd600000 0x00000002cd7fff70 0x00000002cd800000 O/14    Allocating 
 Small   0x00000002cd800000 0x00000002cda00000 0x00000002cda00000 O/10    Relocatable
 Small   0x00000002cda00000 0x00000002cdc00000 0x00000002cdc00000 Y/135   Relocatable
 Small   0x00000002cdc00000 0x00000002cde00000 0x00000002cde00000 Y/135   Relocatable
 Small   0x00000002ce000000 0x00000002ce200000 0x00000002ce200000 Y/135   Relocatable
 Small   0x00000002ce200000 0x00000002ce3fffe8 0x00000002ce400000 O/12    Relocatable
 Small   0x00000002ce400000 0x00000002ce600000 0x00000002ce600000 Y/135   Relocatable
 Small   0x00000002ce600000 0x00000002ce7ffb98 0x00000002ce800000 O/10    Relocatable
 Small   0x00000002ce800000 0x00000002ce9fffd0 0x00000002cea00000 Y/135   Relocatable
 Small   0x00000002cec00000 0x00000002cee00000 0x00000002cee00000 Y/135   Relocatable
 Small   0x00000002cf000000 0x00000002cf1ffff8 0x00000002cf200000 O/10    Relocatable
 Small   0x00000002cf200000 0x00000002cf400000 0x00000002cf400000 Y/135   Relocatable
 Small   0x00000002cf400000 0x00000002cf600000 0x00000002cf600000 Y/135   Relocatable
 Small   0x00000002cf600000 0x00000002cf800000 0x00000002cf800000 Y/135   Relocatable
 Small   0x00000002cf800000 0x00000002cfa00000 0x00000002cfa00000 Y/135   Relocatable
 Small   0x00000002cfa00000 0x00000002cfc00000 0x00000002cfc00000 Y/135   Relocatable
 Small   0x00000002cfe00000 0x00000002d0000000 0x00000002d0000000 Y/135   Relocatable
 Small   0x00000002d0000000 0x00000002d01ffee8 0x00000002d0200000 O/13    Relocatable
 Small   0x00000002d0200000 0x00000002d0400000 0x00000002d0400000 Y/135   Relocatable
 Small   0x00000002d0600000 0x00000002d0800000 0x00000002d0800000 Y/135   Relocatable
 Small   0x00000002d0800000 0x00000002d0a00000 0x00000002d0a00000 Y/135   Relocatable
 Small   0x00000002d0a00000 0x00000002d0bffff0 0x00000002d0c00000 O/11    Relocatable
 Small   0x00000002d0c00000 0x00000002d0e00000 0x00000002d0e00000 Y/135   Relocatable
 Small   0x00000002d0e00000 0x00000002d1000000 0x00000002d1000000 Y/135   Relocatable
 Small   0x00000002d1000000 0x00000002d1200000 0x00000002d1200000 Y/135   Relocatable
 Small   0x00000002d1800000 0x00000002d1a00000 0x00000002d1a00000 Y/135   Relocatable
 Small   0x00000002d1a00000 0x00000002d1c00000 0x00000002d1c00000 Y/135   Relocatable
 Small   0x00000002d1e00000 0x00000002d2000000 0x00000002d2000000 Y/135   Relocatable
 Small   0x00000002d2000000 0x00000002d2200000 0x00000002d2200000 Y/135   Relocatable
 Small   0x00000002d2200000 0x00000002d2400000 0x00000002d2400000 Y/135   Relocatable
 Small   0x00000002d2400000 0x00000002d2600000 0x00000002d2600000 Y/135   Relocatable
 Small   0x00000002d2600000 0x00000002d2800000 0x00000002d2800000 O/10    Relocatable
 Small   0x00000002d2800000 0x00000002d29ffff0 0x00000002d2a00000 O/12    Relocatable
 Small   0x00000002d2c00000 0x00000002d2dfffe8 0x00000002d2e00000 O/10    Relocatable
 Small   0x00000002d3000000 0x00000002d31fffb8 0x00000002d3200000 O/10    Relocatable
 Small   0x00000002d3200000 0x00000002d3400000 0x00000002d3400000 Y/135   Relocatable
 Small   0x00000002d3600000 0x00000002d3800000 0x00000002d3800000 Y/135   Relocatable
 Small   0x00000002d3800000 0x00000002d3a00000 0x00000002d3a00000 Y/135   Relocatable
 Small   0x00000002d3a00000 0x00000002d3c00000 0x00000002d3c00000 Y/135   Relocatable
 Small   0x00000002d3c00000 0x00000002d3e00000 0x00000002d3e00000 Y/135   Relocatable
 Small   0x00000002d3e00000 0x00000002d4000000 0x00000002d4000000 Y/135   Relocatable
 Small   0x00000002d4000000 0x00000002d4200000 0x00000002d4200000 Y/135   Relocatable
 Small   0x00000002d4200000 0x00000002d4400000 0x00000002d4400000 Y/135   Relocatable
 Small   0x00000002d4400000 0x00000002d45ffff8 0x00000002d4600000 O/12    Relocatable
 Small   0x00000002d4800000 0x00000002d4a00000 0x00000002d4a00000 Y/135   Relocatable
 Small   0x00000002d4a00000 0x00000002d4c00000 0x00000002d4c00000 Y/135   Relocatable
 Small   0x00000002d4c00000 0x00000002d4dfffd0 0x00000002d4e00000 O/12    Relocatable
 Small   0x00000002d5200000 0x00000002d53fc0c0 0x00000002d5400000 O/14    Allocating 
 Small   0x00000002d5400000 0x00000002d5600000 0x00000002d5600000 Y/135   Relocatable
 Small   0x00000002d5800000 0x00000002d5a00000 0x00000002d5a00000 Y/135   Relocatable
 Small   0x00000002d5c00000 0x00000002d5e00000 0x00000002d5e00000 Y/135   Relocatable
 Small   0x00000002d5e00000 0x00000002d6000000 0x00000002d6000000 Y/135   Relocatable
 Small   0x00000002d6000000 0x00000002d6200000 0x00000002d6200000 Y/135   Relocatable
 Small   0x00000002d6400000 0x00000002d6600000 0x00000002d6600000 Y/135   Relocatable
 Small   0x00000002d6600000 0x00000002d6800000 0x00000002d6800000 Y/135   Relocatable
 Small   0x00000002d6800000 0x00000002d6a00000 0x00000002d6a00000 Y/135   Relocatable
 Small   0x00000002d6a00000 0x00000002d6c00000 0x00000002d6c00000 Y/135   Relocatable
 Small   0x00000002d6c00000 0x00000002d6e00000 0x00000002d6e00000 Y/135   Relocatable
 Small   0x00000002d7200000 0x00000002d73fd5a0 0x00000002d7400000 O/14    Allocating 
 Small   0x00000002d7400000 0x00000002d7600000 0x00000002d7600000 Y/135   Relocatable
 Small   0x00000002d7600000 0x00000002d7800000 0x00000002d7800000 O/13    Relocatable
 Small   0x00000002d7800000 0x00000002d7a00000 0x00000002d7a00000 Y/135   Relocatable
 Small   0x00000002d7c00000 0x00000002d7dfffe8 0x00000002d7e00000 O/12    Relocatable
 Small   0x00000002d7e00000 0x00000002d8000000 0x00000002d8000000 Y/135   Relocatable
 Small   0x00000002d8400000 0x00000002d8600000 0x00000002d8600000 Y/135   Relocatable
 Small   0x00000002d8600000 0x00000002d8800000 0x00000002d8800000 Y/135   Relocatable
 Small   0x00000002d8800000 0x00000002d8a00000 0x00000002d8a00000 Y/135   Relocatable
 Small   0x00000002d8c00000 0x00000002d8e00000 0x00000002d8e00000 Y/135   Relocatable
 Small   0x00000002d9200000 0x00000002d9400000 0x00000002d9400000 O/10    Relocatable
 Small   0x00000002d9600000 0x00000002d97fffe8 0x00000002d9800000 O/10    Relocatable
 Small   0x00000002d9a00000 0x00000002d9c00000 0x00000002d9c00000 Y/135   Relocatable
 Small   0x00000002d9c00000 0x00000002d9e00000 0x00000002d9e00000 Y/135   Relocatable
 Small   0x00000002da000000 0x00000002da200000 0x00000002da200000 Y/135   Relocatable
 Small   0x00000002da200000 0x00000002da400000 0x00000002da400000 Y/135   Relocatable
 Small   0x00000002da400000 0x00000002da600000 0x00000002da600000 Y/135   Relocatable
 Small   0x00000002da800000 0x00000002daa00000 0x00000002daa00000 Y/135   Relocatable
 Small   0x00000002daa00000 0x00000002dac00000 0x00000002dac00000 Y/135   Relocatable
 Small   0x00000002dae00000 0x00000002daffffd8 0x00000002db000000 O/12    Relocatable
 Small   0x00000002db000000 0x00000002db1ffff8 0x00000002db200000 O/10    Relocatable
 Small   0x00000002dba00000 0x00000002dbc00000 0x00000002dbc00000 Y/135   Relocatable
 Small   0x00000002dc000000 0x00000002dc200000 0x00000002dc200000 Y/135   Relocatable
 Small   0x00000002dc200000 0x00000002dc400000 0x00000002dc400000 Y/135   Relocatable
 Small   0x00000002dc400000 0x00000002dc600000 0x00000002dc600000 Y/135   Relocatable
 Small   0x00000002dc600000 0x00000002dc800000 0x00000002dc800000 Y/135   Relocatable
 Small   0x00000002dc800000 0x00000002dca00000 0x00000002dca00000 Y/135   Relocatable
 Small   0x00000002dcc00000 0x00000002dce00000 0x00000002dce00000 Y/135   Relocatable
 Small   0x00000002dd000000 0x00000002dd200000 0x00000002dd200000 Y/135   Relocatable
 Small   0x00000002dd200000 0x00000002dd400000 0x00000002dd400000 Y/135   Relocatable
 Small   0x00000002dd600000 0x00000002dd800000 0x00000002dd800000 Y/135   Relocatable
 Small   0x00000002dd800000 0x00000002dd9fffa0 0x00000002dda00000 O/12    Relocatable
 Small   0x00000002dda00000 0x00000002ddbfffe8 0x00000002ddc00000 O/11    Relocatable
 Small   0x00000002ddc00000 0x00000002dde00000 0x00000002dde00000 Y/135   Relocatable
 Small   0x00000002de200000 0x00000002de400000 0x00000002de400000 Y/135   Relocatable
 Small   0x00000002de400000 0x00000002de600000 0x00000002de600000 Y/135   Relocatable
 Small   0x00000002de600000 0x00000002de800000 0x00000002de800000 Y/135   Relocatable
 Small   0x00000002dee00000 0x00000002df000000 0x00000002df000000 Y/135   Relocatable
 Small   0x00000002df000000 0x00000002df200000 0x00000002df200000 Y/135   Relocatable
 Small   0x00000002df400000 0x00000002df600000 0x00000002df600000 Y/135   Relocatable
 Small   0x00000002df600000 0x00000002df800000 0x00000002df800000 Y/135   Relocatable
 Small   0x00000002df800000 0x00000002dfa00000 0x00000002dfa00000 Y/135   Relocatable
 Small   0x00000002dfa00000 0x00000002dfc00000 0x00000002dfc00000 Y/135   Relocatable
 Small   0x00000002dfc00000 0x00000002dfe00000 0x00000002dfe00000 Y/135   Relocatable
 Small   0x00000002e0200000 0x00000002e0400000 0x00000002e0400000 Y/135   Relocatable
 Small   0x00000002e0400000 0x00000002e0600000 0x00000002e0600000 Y/135   Relocatable
 Small   0x00000002e0600000 0x00000002e0800000 0x00000002e0800000 Y/135   Relocatable
 Small   0x00000002e0800000 0x00000002e09d0010 0x00000002e0a00000 Y/135   Relocatable
 Small   0x00000002e1000000 0x00000002e1200000 0x00000002e1200000 Y/135   Relocatable
 Small   0x00000002e1200000 0x00000002e1400000 0x00000002e1400000 Y/135   Relocatable
 Small   0x00000002e1400000 0x00000002e1600000 0x00000002e1600000 Y/135   Relocatable
 Small   0x00000002e1600000 0x00000002e1800000 0x00000002e1800000 Y/135   Relocatable
 Small   0x00000002e1a00000 0x00000002e1c00000 0x00000002e1c00000 Y/135   Relocatable
 Small   0x00000002e1e00000 0x00000002e2000000 0x00000002e2000000 Y/135   Relocatable
 Small   0x00000002e2000000 0x00000002e2200000 0x00000002e2200000 Y/135   Relocatable
 Small   0x00000002e2200000 0x00000002e2400000 0x00000002e2400000 Y/135   Relocatable
 Small   0x00000002e2400000 0x00000002e25ffdb8 0x00000002e2600000 O/14    Allocating 
 Small   0x00000002e2600000 0x00000002e2800000 0x00000002e2800000 Y/135   Relocatable
 Small   0x00000002e2800000 0x00000002e29fffe0 0x00000002e2a00000 O/13    Relocatable
 Small   0x00000002e2c00000 0x00000002e2e00000 0x00000002e2e00000 Y/135   Relocatable
 Small   0x00000002e3200000 0x00000002e3400000 0x00000002e3400000 Y/135   Relocatable
 Small   0x00000002e3a00000 0x00000002e3bfffe8 0x00000002e3c00000 O/10    Relocatable
 Small   0x00000002e3e00000 0x00000002e4000000 0x00000002e4000000 Y/135   Relocatable
 Small   0x00000002e4000000 0x00000002e4200000 0x00000002e4200000 Y/135   Relocatable
 Small   0x00000002e4600000 0x00000002e47ffea8 0x00000002e4800000 O/14    Allocating 
 Small   0x00000002e4800000 0x00000002e4a00000 0x00000002e4a00000 Y/135   Relocatable
 Small   0x00000002e4a00000 0x00000002e4c00000 0x00000002e4c00000 Y/135   Relocatable
 Small   0x00000002e4c00000 0x00000002e4e00000 0x00000002e4e00000 Y/135   Relocatable
 Small   0x00000002e4e00000 0x00000002e5000000 0x00000002e5000000 Y/135   Relocatable
 Small   0x00000002e5200000 0x00000002e5400000 0x00000002e5400000 Y/135   Relocatable
 Small   0x00000002e5400000 0x00000002e5600000 0x00000002e5600000 Y/135   Relocatable
 Small   0x00000002e5600000 0x00000002e5800000 0x00000002e5800000 Y/135   Relocatable
 Small   0x00000002e5c00000 0x00000002e5dfffe0 0x00000002e5e00000 O/12    Relocatable
 Small   0x00000002e5e00000 0x00000002e6000000 0x00000002e6000000 Y/135   Relocatable
 Small   0x00000002e6000000 0x00000002e61ffff0 0x00000002e6200000 O/11    Relocatable
 Small   0x00000002e6200000 0x00000002e6400000 0x00000002e6400000 Y/135   Relocatable
 Small   0x00000002e6400000 0x00000002e6600000 0x00000002e6600000 Y/135   Relocatable
 Small   0x00000002e6600000 0x00000002e6800000 0x00000002e6800000 Y/135   Relocatable
 Small   0x00000002e6a00000 0x00000002e6c00000 0x00000002e6c00000 Y/135   Relocatable
 Small   0x00000002e6c00000 0x00000002e6e00000 0x00000002e6e00000 O/10    Relocatable
 Small   0x00000002e6e00000 0x00000002e7000000 0x00000002e7000000 Y/135   Relocatable
 Small   0x00000002e7000000 0x00000002e7200000 0x00000002e7200000 Y/135   Relocatable
 Small   0x00000002e7200000 0x00000002e73ffeb0 0x00000002e7400000 O/14    Allocating 
 Small   0x00000002e7600000 0x00000002e77fffe0 0x00000002e7800000 O/10    Relocatable
 Small   0x00000002e7800000 0x00000002e7a00000 0x00000002e7a00000 Y/135   Relocatable
 Small   0x00000002e7a00000 0x00000002e7bff960 0x00000002e7c00000 O/12    Relocatable
 Small   0x00000002e8600000 0x00000002e8800000 0x00000002e8800000 Y/135   Relocatable
 Small   0x00000002e8800000 0x00000002e8a00000 0x00000002e8a00000 Y/135   Relocatable
 Small   0x00000002e8a00000 0x00000002e8c00000 0x00000002e8c00000 Y/135   Relocatable
 Small   0x00000002e8e00000 0x00000002e9000000 0x00000002e9000000 Y/135   Relocatable
 Small   0x00000002e9000000 0x00000002e9200000 0x00000002e9200000 Y/135   Relocatable
 Small   0x00000002e9200000 0x00000002e9340000 0x00000002e9400000 Y/135   Relocatable
 Small   0x00000002e9400000 0x00000002e9600000 0x00000002e9600000 Y/135   Relocatable
 Small   0x00000002e9600000 0x00000002e9800000 0x00000002e9800000 Y/135   Relocatable
 Small   0x00000002e9a00000 0x00000002e9c00000 0x00000002e9c00000 Y/135   Relocatable
 Small   0x00000002e9c00000 0x00000002e9e00000 0x00000002e9e00000 Y/135   Relocatable
 Small   0x00000002e9e00000 0x00000002e9fffff0 0x00000002ea000000 O/10    Relocatable
 Small   0x00000002ea000000 0x00000002ea200000 0x00000002ea200000 Y/135   Relocatable
 Small   0x00000002ea400000 0x00000002ea600000 0x00000002ea600000 Y/135   Relocatable
 Small   0x00000002ea600000 0x00000002ea800000 0x00000002ea800000 Y/135   Relocatable
 Small   0x00000002eac00000 0x00000002eae00000 0x00000002eae00000 Y/135   Relocatable
 Small   0x00000002eae00000 0x00000002eb000000 0x00000002eb000000 Y/135   Relocatable
 Small   0x00000002eb000000 0x00000002eb200000 0x00000002eb200000 Y/135   Relocatable
 Small   0x00000002eb200000 0x00000002eb400000 0x00000002eb400000 O/14    Allocating 
 Small   0x00000002eb400000 0x00000002eb600000 0x00000002eb600000 Y/135   Relocatable
 Small   0x00000002eb600000 0x00000002eb800000 0x00000002eb800000 Y/135   Relocatable
 Small   0x00000002eb800000 0x00000002eb9ffff0 0x00000002eba00000 O/10    Relocatable
 Small   0x00000002eba00000 0x00000002ebc00000 0x00000002ebc00000 Y/135   Relocatable
 Small   0x00000002ebc00000 0x00000002ebe00000 0x00000002ebe00000 O/10    Relocatable
 Small   0x00000002ebe00000 0x00000002ec000000 0x00000002ec000000 Y/135   Relocatable
 Small   0x00000002ec000000 0x00000002ec200000 0x00000002ec200000 Y/135   Relocatable
 Small   0x00000002ec200000 0x00000002ec400000 0x00000002ec400000 O/14    Allocating 
 Small   0x00000002ec400000 0x00000002ec600000 0x00000002ec600000 Y/135   Relocatable
 Small   0x00000002ec800000 0x00000002eca00000 0x00000002eca00000 Y/135   Relocatable
 Small   0x00000002eca00000 0x00000002ecc00000 0x00000002ecc00000 Y/135   Relocatable
 Small   0x00000002ecc00000 0x00000002ece00000 0x00000002ece00000 Y/135   Relocatable
 Small   0x00000002ed000000 0x00000002ed1fffe0 0x00000002ed200000 O/14    Allocating 
 Small   0x00000002ed200000 0x00000002ed3fffd0 0x00000002ed400000 O/12    Relocatable
 Small   0x00000002ed400000 0x00000002ed600000 0x00000002ed600000 O/12    Relocatable
 Small   0x00000002ed800000 0x00000002eda00000 0x00000002eda00000 Y/135   Relocatable
 Small   0x00000002ede00000 0x00000002ede00390 0x00000002ee000000 O/14    Allocating 
 Small   0x00000002ee200000 0x00000002ee400000 0x00000002ee400000 Y/135   Relocatable
 Small   0x00000002ee600000 0x00000002ee7fffe0 0x00000002ee800000 O/10    Relocatable
 Small   0x00000002ee800000 0x00000002eea00000 0x00000002eea00000 Y/135   Relocatable
 Small   0x00000002eea00000 0x00000002eebfffd8 0x00000002eec00000 O/11    Relocatable
 Small   0x00000002eec00000 0x00000002eee00000 0x00000002eee00000 Y/135   Relocatable
 Small   0x00000002eee00000 0x00000002ef000000 0x00000002ef000000 Y/135   Relocatable
 Small   0x00000002ef000000 0x00000002ef200000 0x00000002ef200000 Y/135   Relocatable
 Small   0x00000002ef200000 0x00000002ef400000 0x00000002ef400000 Y/135   Relocatable
 Small   0x00000002ef400000 0x00000002ef600000 0x00000002ef600000 Y/135   Relocatable
 Small   0x00000002ef600000 0x00000002ef7ffff0 0x00000002ef800000 O/10    Relocatable
 Small   0x00000002ef800000 0x00000002efa00000 0x00000002efa00000 Y/135   Relocatable
 Small   0x00000002efa00000 0x00000002efc00000 0x00000002efc00000 Y/135   Relocatable
 Small   0x00000002efe00000 0x00000002f0000000 0x00000002f0000000 Y/135   Relocatable
 Small   0x00000002f0000000 0x00000002f0200000 0x00000002f0200000 Y/135   Relocatable
 Small   0x00000002f0200000 0x00000002f03ffd10 0x00000002f0400000 O/14    Allocating 
 Small   0x00000002f0400000 0x00000002f0600000 0x00000002f0600000 Y/135   Relocatable
 Small   0x00000002f0600000 0x00000002f07fffe0 0x00000002f0800000 O/14    Allocating 
 Small   0x00000002f0a00000 0x00000002f0c00000 0x00000002f0c00000 Y/135   Relocatable
 Small   0x00000002f0c00000 0x00000002f0e00000 0x00000002f0e00000 Y/135   Relocatable
 Small   0x00000002f0e00000 0x00000002f1000000 0x00000002f1000000 Y/135   Relocatable
 Small   0x00000002f1600000 0x00000002f1800000 0x00000002f1800000 Y/135   Relocatable
 Small   0x00000002f1800000 0x00000002f1a00000 0x00000002f1a00000 Y/135   Relocatable
 Small   0x00000002f1c00000 0x00000002f1e00000 0x00000002f1e00000 Y/135   Relocatable
 Small   0x00000002f1e00000 0x00000002f2000000 0x00000002f2000000 Y/135   Relocatable
 Small   0x00000002f2000000 0x00000002f2000040 0x00000002f2200000 Y/135   Relocatable
 Small   0x00000002f2200000 0x00000002f2400000 0x00000002f2400000 Y/135   Relocatable
 Small   0x00000002f2600000 0x00000002f2800000 0x00000002f2800000 Y/135   Relocatable
 Small   0x00000002f2a00000 0x00000002f2c00000 0x00000002f2c00000 Y/135   Relocatable
 Small   0x00000002f2c00000 0x00000002f2dfd798 0x00000002f2e00000 O/11    Relocatable
 Small   0x00000002f2e00000 0x00000002f3000000 0x00000002f3000000 Y/135   Relocatable
 Small   0x00000002f3000000 0x00000002f3200000 0x00000002f3200000 Y/135   Relocatable
 Small   0x00000002f3400000 0x00000002f3600000 0x00000002f3600000 Y/135   Relocatable
 Small   0x00000002f3a00000 0x00000002f3c00000 0x00000002f3c00000 Y/135   Relocatable
 Small   0x00000002f3c00000 0x00000002f3e00000 0x00000002f3e00000 Y/135   Relocatable
 Small   0x00000002f3e00000 0x00000002f4000000 0x00000002f4000000 Y/135   Relocatable
 Small   0x00000002f4000000 0x00000002f4200000 0x00000002f4200000 Y/135   Relocatable
 Small   0x00000002f4600000 0x00000002f4800000 0x00000002f4800000 Y/135   Relocatable
 Small   0x00000002f4e00000 0x00000002f5000000 0x00000002f5000000 Y/135   Relocatable
 Small   0x00000002f5000000 0x00000002f5200000 0x00000002f5200000 O/14    Allocating 
 Small   0x00000002f5200000 0x00000002f5400000 0x00000002f5400000 Y/135   Relocatable
 Small   0x00000002f5a00000 0x00000002f5c00000 0x00000002f5c00000 Y/135   Relocatable
 Small   0x00000002f5e00000 0x00000002f6000000 0x00000002f6000000 Y/135   Relocatable
 Small   0x00000002f6000000 0x00000002f6200000 0x00000002f6200000 Y/135   Relocatable
 Small   0x00000002f6400000 0x00000002f648dec8 0x00000002f6600000 O/14    Allocating 
 Small   0x00000002f6600000 0x00000002f6800000 0x00000002f6800000 Y/135   Relocatable
 Small   0x00000002f6800000 0x00000002f6a00000 0x00000002f6a00000 Y/135   Relocatable
 Small   0x00000002f6a00000 0x00000002f6c00000 0x00000002f6c00000 Y/135   Relocatable
 Small   0x00000002f6c00000 0x00000002f6e00000 0x00000002f6e00000 Y/135   Relocatable
 Small   0x00000002f7000000 0x00000002f7200000 0x00000002f7200000 Y/135   Relocatable
 Small   0x00000002f7400000 0x00000002f7600000 0x00000002f7600000 O/12    Relocatable
 Small   0x00000002f7600000 0x00000002f7800000 0x00000002f7800000 Y/135   Relocatable
 Small   0x00000002f7a00000 0x00000002f7c00000 0x00000002f7c00000 Y/135   Relocatable
 Small   0x00000002f7c00000 0x00000002f7e00000 0x00000002f7e00000 O/11    Relocatable
 Small   0x00000002f7e00000 0x00000002f8000000 0x00000002f8000000 Y/135   Relocatable
 Small   0x00000002f8000000 0x00000002f8200000 0x00000002f8200000 Y/135   Relocatable
 Small   0x00000002f8200000 0x00000002f8400000 0x00000002f8400000 Y/135   Relocatable
 Small   0x00000002f8400000 0x00000002f8600000 0x00000002f8600000 Y/135   Relocatable
 Small   0x00000002f8600000 0x00000002f87ffab8 0x00000002f8800000 O/10    Relocatable
 Small   0x00000002f8800000 0x00000002f8a00000 0x00000002f8a00000 Y/135   Relocatable
 Small   0x00000002f8e00000 0x00000002f9000000 0x00000002f9000000 Y/135   Relocatable
 Small   0x00000002f9200000 0x00000002f9400000 0x00000002f9400000 Y/135   Relocatable
 Small   0x00000002f9400000 0x00000002f9600000 0x00000002f9600000 Y/135   Relocatable
 Small   0x00000002f9600000 0x00000002f9800000 0x00000002f9800000 Y/135   Relocatable
 Small   0x00000002f9800000 0x00000002f9a00000 0x00000002f9a00000 Y/135   Relocatable
 Small   0x00000002f9a00000 0x00000002f9c00000 0x00000002f9c00000 O/13    Relocatable
 Small   0x00000002f9c00000 0x00000002f9e00000 0x00000002f9e00000 Y/135   Relocatable
 Small   0x00000002fa400000 0x00000002fa5ffff0 0x00000002fa600000 O/14    Allocating 
 Small   0x00000002fa600000 0x00000002fa800000 0x00000002fa800000 Y/135   Relocatable
 Small   0x00000002fa800000 0x00000002faa00000 0x00000002faa00000 Y/135   Relocatable
 Small   0x00000002fac00000 0x00000002fae00000 0x00000002fae00000 Y/135   Relocatable
 Small   0x00000002fae00000 0x00000002fb000000 0x00000002fb000000 Y/135   Relocatable
 Small   0x00000002fb000000 0x00000002fb200000 0x00000002fb200000 Y/135   Relocatable
 Small   0x00000002fb200000 0x00000002fb400000 0x00000002fb400000 Y/135   Relocatable
 Small   0x00000002fbc00000 0x00000002fbe00000 0x00000002fbe00000 Y/135   Relocatable
 Small   0x00000002fbe00000 0x00000002fc000000 0x00000002fc000000 Y/135   Relocatable
 Small   0x00000002fc200000 0x00000002fc400000 0x00000002fc400000 Y/135   Relocatable
 Small   0x00000002fc400000 0x00000002fc600000 0x00000002fc600000 Y/135   Relocatable
 Small   0x00000002fc600000 0x00000002fc800000 0x00000002fc800000 Y/135   Relocatable
 Small   0x00000002fc800000 0x00000002fca00000 0x00000002fca00000 Y/135   Relocatable
 Small   0x00000002fca00000 0x00000002fcc00000 0x00000002fcc00000 Y/135   Relocatable
 Small   0x00000002fcc00000 0x00000002fce00000 0x00000002fce00000 Y/135   Relocatable
 Small   0x00000002fce00000 0x00000002fd000000 0x00000002fd000000 Y/135   Relocatable
 Small   0x00000002fd000000 0x00000002fd200000 0x00000002fd200000 Y/135   Relocatable
 Small   0x00000002fd200000 0x00000002fd400000 0x00000002fd400000 Y/135   Relocatable
 Small   0x00000002fd400000 0x00000002fd600000 0x00000002fd600000 Y/135   Relocatable
 Small   0x00000002fd600000 0x00000002fd800000 0x00000002fd800000 Y/135   Relocatable
 Small   0x00000002fdc00000 0x00000002fde00000 0x00000002fde00000 Y/135   Relocatable
 Small   0x00000002fde00000 0x00000002fe000000 0x00000002fe000000 Y/135   Relocatable
 Small   0x00000002fe000000 0x00000002fe200000 0x00000002fe200000 Y/135   Relocatable
 Small   0x00000002fe200000 0x00000002fe400000 0x00000002fe400000 Y/135   Relocatable
 Small   0x00000002fe800000 0x00000002fea00000 0x00000002fea00000 Y/135   Relocatable
 Small   0x00000002fec00000 0x00000002fedffd70 0x00000002fee00000 O/12    Relocatable
 Small   0x00000002fee00000 0x00000002fefffff0 0x00000002ff000000 O/10    Relocatable
 Small   0x00000002ff200000 0x00000002ff400000 0x00000002ff400000 Y/135   Relocatable
 Small   0x00000002ff600000 0x00000002ff800000 0x00000002ff800000 Y/135   Relocatable
 Small   0x00000002ff800000 0x00000002ffa00000 0x00000002ffa00000 Y/135   Relocatable
 Small   0x00000002ffa00000 0x00000002ffbffff0 0x00000002ffc00000 O/10    Relocatable
 Small   0x00000002ffc00000 0x00000002ffdfff80 0x00000002ffe00000 O/13    Relocatable
 Small   0x00000002ffe00000 0x0000000300000000 0x0000000300000000 Y/135   Relocatable
 Small   0x0000000300000000 0x0000000300200000 0x0000000300200000 Y/135   Relocatable
 Small   0x0000000300400000 0x0000000300600000 0x0000000300600000 O/12    Relocatable
 Small   0x0000000300800000 0x0000000300a00000 0x0000000300a00000 Y/135   Relocatable
 Small   0x0000000300a00000 0x0000000300c00000 0x0000000300c00000 Y/135   Relocatable
 Small   0x0000000300c00000 0x0000000300e00000 0x0000000300e00000 Y/135   Relocatable
 Small   0x0000000301000000 0x00000003011fffd8 0x0000000301200000 O/11    Relocatable
 Small   0x0000000301200000 0x0000000301400000 0x0000000301400000 Y/135   Relocatable
 Small   0x0000000301400000 0x0000000301600000 0x0000000301600000 Y/135   Relocatable
 Small   0x0000000301600000 0x0000000301800000 0x0000000301800000 Y/135   Relocatable
 Small   0x0000000301c00000 0x0000000301e00000 0x0000000301e00000 Y/135   Relocatable
 Small   0x0000000302200000 0x00000003023fffe8 0x0000000302400000 O/12    Relocatable
 Small   0x0000000302400000 0x0000000302600000 0x0000000302600000 Y/135   Relocatable
 Small   0x0000000302600000 0x0000000302800000 0x0000000302800000 Y/135   Relocatable
 Small   0x0000000302a00000 0x0000000302c00000 0x0000000302c00000 Y/135   Relocatable
 Small   0x0000000302e00000 0x0000000303000000 0x0000000303000000 Y/135   Relocatable
 Small   0x0000000303000000 0x0000000303200000 0x0000000303200000 Y/135   Relocatable
 Small   0x0000000303200000 0x00000003033ffff0 0x0000000303400000 O/14    Allocating 
 Small   0x0000000303400000 0x0000000303600000 0x0000000303600000 Y/135   Relocatable
 Small   0x0000000303600000 0x0000000303800000 0x0000000303800000 Y/135   Relocatable
 Small   0x0000000303800000 0x0000000303a00000 0x0000000303a00000 Y/135   Relocatable
 Small   0x0000000303a00000 0x0000000303bffef8 0x0000000303c00000 O/14    Allocating 
 Small   0x0000000303c00000 0x0000000303e00000 0x0000000303e00000 Y/135   Relocatable
 Small   0x0000000304000000 0x0000000304200000 0x0000000304200000 Y/135   Relocatable
 Small   0x0000000304400000 0x00000003045ffe18 0x0000000304600000 O/14    Allocating 
 Small   0x0000000304600000 0x0000000304800000 0x0000000304800000 Y/135   Relocatable
 Small   0x0000000304a00000 0x0000000304c00000 0x0000000304c00000 Y/135   Relocatable
 Small   0x0000000304e00000 0x0000000305000000 0x0000000305000000 Y/135   Relocatable
 Small   0x0000000305000000 0x0000000305200000 0x0000000305200000 Y/135   Relocatable
 Small   0x0000000305200000 0x0000000305400000 0x0000000305400000 Y/135   Relocatable
 Small   0x0000000305400000 0x0000000305600000 0x0000000305600000 Y/135   Relocatable
 Small   0x0000000305800000 0x0000000305a00000 0x0000000305a00000 Y/135   Relocatable
 Small   0x0000000305e00000 0x0000000306000000 0x0000000306000000 Y/135   Relocatable
 Small   0x0000000306400000 0x0000000306600000 0x0000000306600000 Y/135   Relocatable
 Small   0x0000000306600000 0x0000000306800000 0x0000000306800000 Y/135   Relocatable
 Small   0x0000000306a00000 0x0000000306c00000 0x0000000306c00000 Y/135   Relocatable
 Small   0x0000000306c00000 0x0000000306e00000 0x0000000306e00000 Y/135   Relocatable
 Small   0x0000000306e00000 0x0000000307000000 0x0000000307000000 Y/135   Relocatable
 Small   0x0000000307000000 0x00000003071fffe0 0x0000000307200000 O/10    Relocatable
 Small   0x0000000307200000 0x0000000307400000 0x0000000307400000 Y/135   Relocatable
 Small   0x0000000307400000 0x0000000307600000 0x0000000307600000 Y/135   Relocatable
 Small   0x0000000307600000 0x0000000307800000 0x0000000307800000 Y/135   Relocatable
 Small   0x0000000307800000 0x0000000307a00000 0x0000000307a00000 Y/135   Relocatable
 Small   0x0000000307a00000 0x0000000307c00000 0x0000000307c00000 Y/135   Relocatable
 Small   0x0000000307c00000 0x0000000307e00000 0x0000000307e00000 Y/135   Relocatable
 Small   0x0000000307e00000 0x0000000308000000 0x0000000308000000 Y/135   Relocatable
 Small   0x0000000308000000 0x00000003081ffff8 0x0000000308200000 O/14    Allocating 
 Small   0x0000000308400000 0x0000000308600000 0x0000000308600000 Y/135   Relocatable
 Small   0x0000000308600000 0x0000000308800000 0x0000000308800000 Y/135   Relocatable
 Small   0x0000000308a00000 0x0000000308c00000 0x0000000308c00000 Y/135   Relocatable
 Small   0x0000000308c00000 0x0000000308e00000 0x0000000308e00000 Y/135   Relocatable
 Small   0x0000000308e00000 0x0000000309000000 0x0000000309000000 Y/135   Relocatable
 Small   0x0000000309000000 0x0000000309200000 0x0000000309200000 Y/135   Relocatable
 Small   0x0000000309200000 0x00000003093ffab8 0x0000000309400000 O/14    Allocating 
 Small   0x0000000309400000 0x0000000309600000 0x0000000309600000 Y/135   Relocatable
 Small   0x0000000309600000 0x0000000309800000 0x0000000309800000 Y/135   Relocatable
 Small   0x0000000309800000 0x0000000309a00000 0x0000000309a00000 Y/135   Relocatable
 Small   0x0000000309a00000 0x0000000309c00000 0x0000000309c00000 Y/135   Relocatable
 Small   0x0000000309c00000 0x0000000309e00000 0x0000000309e00000 Y/135   Relocatable
 Small   0x000000030a000000 0x000000030a200000 0x000000030a200000 Y/135   Relocatable
 Small   0x000000030a600000 0x000000030a800000 0x000000030a800000 Y/135   Relocatable
 Small   0x000000030ac00000 0x000000030ae00000 0x000000030ae00000 Y/135   Relocatable
 Small   0x000000030b000000 0x000000030b200000 0x000000030b200000 Y/135   Relocatable
 Small   0x000000030b400000 0x000000030b600000 0x000000030b600000 Y/135   Relocatable
 Small   0x000000030b600000 0x000000030b7ffee8 0x000000030b800000 O/14    Allocating 
 Small   0x000000030b800000 0x000000030b9fffe0 0x000000030ba00000 O/11    Relocatable
 Small   0x000000030ba00000 0x000000030bc00000 0x000000030bc00000 Y/135   Relocatable
 Small   0x000000030bc00000 0x000000030be00000 0x000000030be00000 Y/135   Relocatable
 Small   0x000000030be00000 0x000000030c000000 0x000000030c000000 Y/135   Relocatable
 Small   0x000000030c000000 0x000000030c1ffff8 0x000000030c200000 O/12    Relocatable
 Small   0x000000030c200000 0x000000030c400000 0x000000030c400000 Y/135   Relocatable
 Small   0x000000030c600000 0x000000030c800000 0x000000030c800000 O/14    Allocating 
 Small   0x000000030c800000 0x000000030ca00000 0x000000030ca00000 Y/135   Relocatable
 Small   0x000000030ca00000 0x000000030cc00000 0x000000030cc00000 Y/135   Relocatable
 Small   0x000000030cc00000 0x000000030ce00000 0x000000030ce00000 O/10    Relocatable
 Small   0x000000030ce00000 0x000000030cfffff8 0x000000030d000000 O/12    Relocatable
 Small   0x000000030d200000 0x000000030d400000 0x000000030d400000 Y/135   Relocatable
 Small   0x000000030d400000 0x000000030d5ffff0 0x000000030d600000 O/12    Relocatable
 Small   0x000000030d800000 0x000000030da00000 0x000000030da00000 Y/135   Relocatable
 Small   0x000000030da00000 0x000000030dc00000 0x000000030dc00000 Y/135   Relocatable
 Small   0x000000030e000000 0x000000030e200000 0x000000030e200000 Y/135   Relocatable
 Small   0x000000030e400000 0x000000030e600000 0x000000030e600000 Y/135   Relocatable
 Small   0x000000030e600000 0x000000030e7ffe08 0x000000030e800000 O/13    Relocatable
 Small   0x000000030e800000 0x000000030ea00000 0x000000030ea00000 Y/135   Relocatable
 Small   0x000000030ea00000 0x000000030ec00000 0x000000030ec00000 Y/135   Relocatable
 Small   0x000000030ec00000 0x000000030ee00000 0x000000030ee00000 Y/135   Relocatable
 Small   0x000000030f000000 0x000000030f200000 0x000000030f200000 Y/135   Relocatable
 Small   0x000000030f200000 0x000000030f400000 0x000000030f400000 Y/135   Relocatable
 Small   0x000000030f400000 0x000000030f600000 0x000000030f600000 Y/135   Relocatable
 Small   0x000000030f600000 0x000000030f800000 0x000000030f800000 O/10    Relocatable
 Small   0x000000030f800000 0x000000030fa00000 0x000000030fa00000 Y/135   Relocatable
 Small   0x000000030fa00000 0x000000030fc00000 0x000000030fc00000 Y/135   Relocatable
 Small   0x000000030fc00000 0x000000030fe00000 0x000000030fe00000 Y/135   Relocatable
 Small   0x000000030fe00000 0x0000000310000000 0x0000000310000000 Y/135   Relocatable
 Small   0x0000000310000000 0x00000003101fffe8 0x0000000310200000 O/10    Relocatable
 Small   0x0000000310200000 0x0000000310400000 0x0000000310400000 Y/135   Relocatable
 Small   0x0000000310400000 0x0000000310600000 0x0000000310600000 Y/135   Relocatable
 Small   0x0000000310800000 0x0000000310a00000 0x0000000310a00000 Y/135   Relocatable
 Small   0x0000000310a00000 0x0000000310c00000 0x0000000310c00000 Y/135   Relocatable
 Small   0x0000000310c00000 0x0000000310e00000 0x0000000310e00000 Y/135   Relocatable
 Small   0x0000000310e00000 0x0000000311000000 0x0000000311000000 Y/135   Relocatable
 Small   0x0000000311200000 0x00000003113ffff8 0x0000000311400000 O/10    Relocatable
 Small   0x0000000311a00000 0x0000000311c00000 0x0000000311c00000 Y/135   Relocatable
 Small   0x0000000311c00000 0x0000000311e00000 0x0000000311e00000 Y/135   Relocatable
 Small   0x0000000312000000 0x0000000312200000 0x0000000312200000 Y/135   Relocatable
 Small   0x0000000312200000 0x0000000312400000 0x0000000312400000 Y/135   Relocatable
 Small   0x0000000312a00000 0x0000000312c00000 0x0000000312c00000 Y/135   Relocatable
 Small   0x0000000312c00000 0x0000000312e00000 0x0000000312e00000 Y/135   Relocatable
 Small   0x0000000313000000 0x00000003131ffe78 0x0000000313200000 O/14    Allocating 
 Small   0x0000000313200000 0x00000003133ffff8 0x0000000313400000 O/14    Allocating 
 Small   0x0000000313400000 0x0000000313600000 0x0000000313600000 Y/135   Relocatable
 Small   0x0000000313600000 0x0000000313800000 0x0000000313800000 Y/135   Relocatable
 Small   0x0000000313a00000 0x0000000313bffff0 0x0000000313c00000 Y/135   Relocatable
 Small   0x0000000313e00000 0x0000000314000000 0x0000000314000000 Y/135   Relocatable
 Small   0x0000000314200000 0x00000003143ffff8 0x0000000314400000 O/10    Relocatable
 Small   0x0000000314400000 0x0000000314600000 0x0000000314600000 Y/135   Relocatable
 Small   0x0000000314800000 0x0000000314a00000 0x0000000314a00000 Y/135   Relocatable
 Small   0x0000000314a00000 0x0000000314c00000 0x0000000314c00000 Y/135   Relocatable
 Small   0x0000000315200000 0x0000000315400000 0x0000000315400000 Y/135   Relocatable
 Small   0x0000000315400000 0x0000000315600000 0x0000000315600000 Y/135   Relocatable
 Small   0x0000000315600000 0x0000000315800000 0x0000000315800000 Y/135   Relocatable
 Small   0x0000000315a00000 0x0000000315c00000 0x0000000315c00000 Y/135   Relocatable
 Small   0x0000000315c00000 0x0000000315dfffd8 0x0000000315e00000 O/14    Allocating 
 Small   0x0000000315e00000 0x0000000316000000 0x0000000316000000 Y/135   Relocatable
 Small   0x0000000316000000 0x0000000316200000 0x0000000316200000 O/14    Allocating 
 Small   0x0000000316200000 0x0000000316400000 0x0000000316400000 Y/135   Relocatable
 Small   0x0000000316400000 0x0000000316600000 0x0000000316600000 Y/135   Relocatable
 Small   0x0000000316600000 0x0000000316800000 0x0000000316800000 Y/135   Relocatable
 Small   0x0000000316800000 0x0000000316a00000 0x0000000316a00000 Y/135   Relocatable
 Small   0x0000000316a00000 0x0000000316c00000 0x0000000316c00000 Y/135   Relocatable
 Small   0x0000000316c00000 0x0000000316e00000 0x0000000316e00000 Y/135   Relocatable
 Small   0x0000000316e00000 0x0000000317000000 0x0000000317000000 Y/135   Relocatable
 Small   0x0000000317000000 0x0000000317200000 0x0000000317200000 Y/135   Relocatable
 Small   0x0000000317200000 0x0000000317400000 0x0000000317400000 Y/135   Relocatable
 Small   0x0000000317600000 0x00000003177ffe60 0x0000000317800000 O/11    Relocatable
 Small   0x0000000317800000 0x0000000317a00000 0x0000000317a00000 Y/135   Relocatable
 Small   0x0000000317a00000 0x0000000317c00000 0x0000000317c00000 Y/135   Relocatable
 Small   0x0000000317c00000 0x0000000317dfe9c0 0x0000000317e00000 O/12    Relocatable
 Small   0x0000000318400000 0x0000000318600000 0x0000000318600000 Y/135   Relocatable
 Small   0x0000000318600000 0x0000000318800000 0x0000000318800000 Y/135   Relocatable
 Small   0x0000000318a00000 0x0000000318c00000 0x0000000318c00000 Y/135   Relocatable
 Small   0x0000000318c00000 0x0000000318e00000 0x0000000318e00000 Y/135   Relocatable
 Small   0x0000000319800000 0x0000000319a00000 0x0000000319a00000 Y/135   Relocatable
 Small   0x0000000319c00000 0x0000000319dffff0 0x0000000319e00000 O/12    Relocatable
 Small   0x0000000319e00000 0x000000031a000000 0x000000031a000000 Y/135   Relocatable
 Small   0x000000031a000000 0x000000031a1fff98 0x000000031a200000 O/13    Relocatable
 Small   0x000000031a200000 0x000000031a400000 0x000000031a400000 O/14    Allocating 
 Small   0x000000031a400000 0x000000031a600000 0x000000031a600000 Y/135   Relocatable
 Small   0x000000031a600000 0x000000031a7ffff8 0x000000031a800000 O/10    Relocatable
 Small   0x000000031a800000 0x000000031aa00000 0x000000031aa00000 Y/135   Relocatable
 Small   0x000000031aa00000 0x000000031aa1f0c0 0x000000031ac00000 O/14    Allocating 
 Small   0x000000031ae00000 0x000000031b000000 0x000000031b000000 O/12    Relocatable
 Small   0x000000031b000000 0x000000031b200000 0x000000031b200000 Y/135   Relocatable
 Small   0x000000031b400000 0x000000031b600000 0x000000031b600000 Y/135   Relocatable
 Small   0x000000031b800000 0x000000031ba00000 0x000000031ba00000 Y/135   Relocatable
 Small   0x000000031bc00000 0x000000031be00000 0x000000031be00000 Y/135   Relocatable
 Small   0x000000031be00000 0x000000031c000000 0x000000031c000000 Y/135   Relocatable
 Small   0x000000031c000000 0x000000031c200000 0x000000031c200000 Y/135   Relocatable
 Small   0x000000031c200000 0x000000031c400000 0x000000031c400000 Y/135   Relocatable
 Small   0x000000031c600000 0x000000031c7ffff0 0x000000031c800000 O/10    Relocatable
 Small   0x000000031c800000 0x000000031ca00000 0x000000031ca00000 Y/135   Relocatable
 Small   0x000000031ca00000 0x000000031cbfff98 0x000000031cc00000 Y/135   Relocatable
 Small   0x000000031cc00000 0x000000031ce00000 0x000000031ce00000 Y/135   Relocatable
 Small   0x000000031ce00000 0x000000031d000000 0x000000031d000000 Y/135   Relocatable
 Small   0x000000031d000000 0x000000031d200000 0x000000031d200000 Y/135   Relocatable
 Small   0x000000031d400000 0x000000031d600000 0x000000031d600000 O/12    Relocatable
 Small   0x000000031d600000 0x000000031d800000 0x000000031d800000 Y/135   Relocatable
 Small   0x000000031d800000 0x000000031da00000 0x000000031da00000 Y/135   Relocatable
 Small   0x000000031dc00000 0x000000031de00000 0x000000031de00000 Y/135   Relocatable
 Small   0x000000031de00000 0x000000031e000000 0x000000031e000000 Y/135   Relocatable
 Small   0x000000031e400000 0x000000031e600000 0x000000031e600000 Y/135   Relocatable
 Small   0x000000031e600000 0x000000031e800000 0x000000031e800000 Y/135   Relocatable
 Small   0x000000031e800000 0x000000031ea00000 0x000000031ea00000 Y/135   Relocatable
 Small   0x000000031ea00000 0x000000031ebffea8 0x000000031ec00000 O/14    Allocating 
 Small   0x000000031ec00000 0x000000031ee00000 0x000000031ee00000 Y/135   Relocatable
 Small   0x000000031ee00000 0x000000031f000000 0x000000031f000000 Y/135   Relocatable
 Small   0x000000031f000000 0x000000031f1fff70 0x000000031f200000 O/12    Relocatable
 Small   0x000000031f200000 0x000000031f400000 0x000000031f400000 Y/135   Relocatable
 Small   0x000000031f400000 0x000000031f600000 0x000000031f600000 Y/135   Relocatable
 Small   0x000000031f600000 0x000000031f800000 0x000000031f800000 Y/135   Relocatable
 Small   0x000000031fa00000 0x000000031fc00000 0x000000031fc00000 Y/135   Relocatable
 Small   0x000000031fc00000 0x000000031fe00000 0x000000031fe00000 Y/135   Relocatable
 Small   0x0000000320000000 0x0000000320200000 0x0000000320200000 Y/135   Relocatable
 Small   0x0000000320400000 0x0000000320600000 0x0000000320600000 Y/135   Relocatable
 Small   0x0000000320600000 0x0000000320800000 0x0000000320800000 Y/135   Relocatable
 Small   0x0000000320800000 0x0000000320a00000 0x0000000320a00000 Y/135   Relocatable
 Small   0x0000000320c00000 0x0000000320e00000 0x0000000320e00000 Y/135   Relocatable
 Small   0x0000000320e00000 0x0000000321000000 0x0000000321000000 Y/135   Relocatable
 Small   0x0000000321000000 0x0000000321200000 0x0000000321200000 Y/135   Relocatable
 Small   0x0000000321200000 0x0000000321400000 0x0000000321400000 Y/135   Relocatable
 Small   0x0000000321400000 0x0000000321600000 0x0000000321600000 Y/135   Relocatable
 Small   0x0000000321800000 0x0000000321a00000 0x0000000321a00000 Y/135   Relocatable
 Small   0x0000000321c00000 0x0000000321e00000 0x0000000321e00000 Y/135   Relocatable
 Small   0x0000000321e00000 0x0000000322000000 0x0000000322000000 Y/135   Relocatable
 Small   0x0000000322000000 0x0000000322200000 0x0000000322200000 Y/135   Relocatable
 Small   0x0000000322200000 0x0000000322400000 0x0000000322400000 Y/135   Relocatable
 Small   0x0000000322400000 0x0000000322600000 0x0000000322600000 Y/135   Relocatable
 Small   0x0000000322600000 0x0000000322800000 0x0000000322800000 Y/135   Relocatable
 Small   0x0000000322a00000 0x0000000322c00000 0x0000000322c00000 Y/135   Relocatable
 Small   0x0000000322c00000 0x0000000322e00000 0x0000000322e00000 Y/135   Relocatable
 Small   0x0000000322e00000 0x0000000323000000 0x0000000323000000 Y/135   Relocatable
 Small   0x0000000323600000 0x0000000323800000 0x0000000323800000 Y/135   Relocatable
 Small   0x0000000323800000 0x00000003239ffee8 0x0000000323a00000 O/14    Allocating 
 Small   0x0000000323a00000 0x0000000323c00000 0x0000000323c00000 Y/135   Relocatable
 Small   0x0000000323c00000 0x0000000323dfeab0 0x0000000323e00000 O/14    Allocating 
 Small   0x0000000324000000 0x0000000324200000 0x0000000324200000 Y/135   Relocatable
 Small   0x0000000324200000 0x0000000324400000 0x0000000324400000 Y/135   Relocatable
 Small   0x0000000324800000 0x0000000324a00000 0x0000000324a00000 Y/135   Relocatable
 Small   0x0000000324a00000 0x0000000324c00000 0x0000000324c00000 Y/135   Relocatable
 Small   0x0000000324c00000 0x0000000324e00000 0x0000000324e00000 Y/135   Relocatable
 Small   0x0000000325000000 0x00000003251ffff0 0x0000000325200000 Y/135   Relocatable
 Small   0x0000000325200000 0x0000000325400000 0x0000000325400000 O/10    Relocatable
 Small   0x0000000325600000 0x0000000325800000 0x0000000325800000 Y/135   Relocatable
 Small   0x0000000325800000 0x0000000325a00000 0x0000000325a00000 Y/135   Relocatable
 Small   0x0000000325c00000 0x0000000325e00000 0x0000000325e00000 Y/135   Relocatable
 Small   0x0000000325e00000 0x0000000325ffe8a0 0x0000000326000000 O/10    Relocatable
 Small   0x0000000326200000 0x0000000326400000 0x0000000326400000 Y/135   Relocatable
 Small   0x0000000326400000 0x0000000326600000 0x0000000326600000 Y/135   Relocatable
 Small   0x0000000326600000 0x00000003267fe9f0 0x0000000326800000 O/14    Allocating 
 Small   0x0000000326800000 0x0000000326a00000 0x0000000326a00000 Y/135   Relocatable
 Small   0x0000000326a00000 0x0000000326c00000 0x0000000326c00000 Y/135   Relocatable
 Small   0x0000000326c00000 0x0000000326e00000 0x0000000326e00000 Y/135   Relocatable
 Small   0x0000000326e00000 0x0000000326ffffe8 0x0000000327000000 O/11    Relocatable
 Small   0x0000000327000000 0x0000000327200000 0x0000000327200000 Y/135   Relocatable
 Small   0x0000000327400000 0x0000000327600000 0x0000000327600000 Y/135   Relocatable
 Small   0x0000000327800000 0x00000003279fe730 0x0000000327a00000 O/14    Allocating 
 Small   0x0000000327a00000 0x0000000327c00000 0x0000000327c00000 O/14    Allocating 
 Small   0x0000000327c00000 0x0000000327dffff8 0x0000000327e00000 O/12    Relocatable
 Small   0x0000000328000000 0x0000000328200000 0x0000000328200000 Y/135   Relocatable
 Small   0x0000000328200000 0x0000000328400000 0x0000000328400000 Y/135   Relocatable
 Small   0x0000000328400000 0x0000000328600000 0x0000000328600000 Y/135   Relocatable
 Small   0x0000000328600000 0x0000000328800000 0x0000000328800000 Y/135   Relocatable
 Small   0x0000000328800000 0x0000000328a00000 0x0000000328a00000 Y/135   Relocatable
 Small   0x0000000328a00000 0x0000000328c00000 0x0000000328c00000 Y/135   Relocatable
 Small   0x0000000328c00000 0x0000000328e00000 0x0000000328e00000 Y/135   Relocatable
 Small   0x0000000328e00000 0x0000000329000000 0x0000000329000000 Y/135   Relocatable
 Small   0x0000000329000000 0x0000000329200000 0x0000000329200000 O/10    Relocatable
 Small   0x0000000329200000 0x0000000329400000 0x0000000329400000 Y/135   Relocatable
 Small   0x0000000329400000 0x0000000329600000 0x0000000329600000 Y/135   Relocatable
 Small   0x0000000329600000 0x0000000329800000 0x0000000329800000 Y/135   Relocatable
 Small   0x0000000329a00000 0x0000000329c00000 0x0000000329c00000 Y/135   Relocatable
 Small   0x0000000329c00000 0x0000000329e00000 0x0000000329e00000 Y/135   Relocatable
 Small   0x0000000329e00000 0x000000032a000000 0x000000032a000000 Y/135   Relocatable
 Small   0x000000032a000000 0x000000032a200000 0x000000032a200000 Y/135   Relocatable
 Small   0x000000032a200000 0x000000032a400000 0x000000032a400000 Y/135   Relocatable
 Small   0x000000032a400000 0x000000032a600000 0x000000032a600000 Y/135   Relocatable
 Large   0x000000032c800000 0x000000032d000000 0x000000032d000000 O/10    Relocatable
 Small   0x000000032f000000 0x000000032f1ffe70 0x000000032f200000 O/14    Allocating 
 Small   0x000000032f200000 0x000000032f400000 0x000000032f400000 Y/135   Relocatable
 Small   0x000000032f400000 0x000000032f600000 0x000000032f600000 Y/135   Relocatable
 Small   0x000000032f600000 0x000000032f800000 0x000000032f800000 Y/135   Relocatable
 Small   0x000000032f800000 0x000000032fa00000 0x000000032fa00000 Y/135   Relocatable
 Small   0x000000032fa00000 0x000000032fc00000 0x000000032fc00000 O/12    Relocatable
 Small   0x000000032fe00000 0x0000000330000000 0x0000000330000000 Y/135   Relocatable
 Small   0x0000000330400000 0x00000003305fffe8 0x0000000330600000 O/14    Allocating 
 Small   0x0000000330600000 0x0000000330800000 0x0000000330800000 Y/135   Relocatable
 Small   0x0000000330800000 0x0000000330a00000 0x0000000330a00000 Y/135   Relocatable
 Small   0x0000000330a00000 0x0000000330c00000 0x0000000330c00000 Y/135   Relocatable
 Medium  0x0000000332c00000 0x000000033470b000 0x0000000334c00000 O/12    Relocatable
 Small   0x0000000334c00000 0x0000000334e00000 0x0000000334e00000 Y/135   Relocatable
 Small   0x0000000334e00000 0x0000000335000000 0x0000000335000000 Y/135   Relocatable
 Small   0x0000000335000000 0x0000000335200000 0x0000000335200000 Y/135   Relocatable
 Small   0x0000000335600000 0x0000000335800000 0x0000000335800000 Y/135   Relocatable
 Small   0x0000000335800000 0x00000003359ffff8 0x0000000335a00000 Y/135   Relocatable
 Medium  0x0000000335c00000 0x00000003373ae000 0x0000000337c00000 Y/135   Relocatable
 Large   0x0000000337c00000 0x0000000338400000 0x0000000338400000 O/12    Relocatable
 Small   0x0000000338400000 0x0000000338600000 0x0000000338600000 Y/135   Relocatable
 Small   0x0000000338800000 0x0000000338a00000 0x0000000338a00000 Y/135   Relocatable
 Small   0x0000000338a00000 0x0000000338c00000 0x0000000338c00000 Y/135   Relocatable
 Small   0x0000000338c00000 0x0000000338e00000 0x0000000338e00000 Y/135   Relocatable
 Small   0x0000000338e00000 0x0000000339000000 0x0000000339000000 Y/135   Relocatable
 Small   0x0000000339000000 0x0000000339180000 0x0000000339200000 Y/136   Allocating 
 Small   0x0000000339200000 0x0000000339280000 0x0000000339400000 Y/136   Allocating 
 Small   0x0000000339400000 0x0000000339600000 0x0000000339600000 Y/135   Relocatable
 Small   0x0000000339600000 0x0000000339800000 0x0000000339800000 Y/135   Relocatable
 Small   0x0000000339800000 0x0000000339800050 0x0000000339a00000 O/14    Allocating 
 Small   0x0000000339a00000 0x0000000339c00000 0x0000000339c00000 Y/135   Relocatable
 Small   0x0000000339c00000 0x0000000339c00440 0x0000000339e00000 O/14    Allocating 
 Small   0x0000000339e00000 0x000000033a000000 0x000000033a000000 O/13    Relocatable
 Small   0x000000033a000000 0x000000033a200000 0x000000033a200000 Y/135   Relocatable
 Small   0x000000033a200000 0x000000033a400000 0x000000033a400000 Y/135   Relocatable
 Small   0x000000033a400000 0x000000033a600000 0x000000033a600000 Y/135   Relocatable
 Small   0x000000033a600000 0x000000033a6c0000 0x000000033a800000 Y/136   Allocating 
 Small   0x000000033a800000 0x000000033a9ffe70 0x000000033aa00000 O/14    Allocating 
 Small   0x000000033aa00000 0x000000033ac00000 0x000000033ac00000 Y/135   Relocatable
 Small   0x000000033ac00000 0x000000033adffe90 0x000000033ae00000 O/14    Allocating 
 Small   0x000000033ae00000 0x000000033aec0000 0x000000033b000000 Y/136   Allocating 
 Small   0x000000033b000000 0x000000033b200000 0x000000033b200000 Y/135   Relocatable
 Small   0x000000033b200000 0x000000033b280000 0x000000033b400000 Y/136   Allocating 
 Small   0x000000033b400000 0x000000033b600000 0x000000033b600000 Y/135   Relocatable
 Small   0x000000033b600000 0x000000033b800000 0x000000033b800000 Y/135   Relocatable
 Small   0x000000033b800000 0x000000033ba00000 0x000000033ba00000 Y/135   Relocatable
 Small   0x000000033ba00000 0x000000033bc00000 0x000000033bc00000 Y/135   Relocatable
 Small   0x000000033bc00000 0x000000033be00000 0x000000033be00000 Y/135   Relocatable
 Small   0x000000033be00000 0x000000033c000000 0x000000033c000000 Y/135   Relocatable
 Small   0x000000033c000000 0x000000033c200000 0x000000033c200000 Y/135   Relocatable
 Small   0x000000033c200000 0x000000033c400000 0x000000033c400000 Y/135   Relocatable
 Small   0x000000033c400000 0x000000033c600000 0x000000033c600000 Y/136   Allocating 
 Small   0x000000033c600000 0x000000033c740000 0x000000033c800000 Y/136   Allocating 
 Small   0x000000033c800000 0x000000033ca00000 0x000000033ca00000 Y/135   Relocatable
 Small   0x000000033ca00000 0x000000033cc00000 0x000000033cc00000 Y/135   Relocatable
 Small   0x000000033cc00000 0x000000033cdfd408 0x000000033ce00000 O/14    Allocating 
 Small   0x000000033ce00000 0x000000033d000000 0x000000033d000000 Y/136   Allocating 
 Small   0x000000033d000000 0x000000033d200000 0x000000033d200000 Y/135   Relocatable
 Small   0x000000033d200000 0x000000033d400000 0x000000033d400000 Y/135   Relocatable
 Small   0x000000033d400000 0x000000033d600000 0x000000033d600000 Y/135   Relocatable
 Small   0x000000033d600000 0x000000033d680000 0x000000033d800000 Y/136   Allocating 
 Small   0x000000033d800000 0x000000033da00000 0x000000033da00000 Y/135   Relocatable
 Small   0x000000033da00000 0x000000033dc00000 0x000000033dc00000 Y/135   Relocatable
 Small   0x000000033dc00000 0x000000033de00000 0x000000033de00000 Y/135   Relocatable
 Small   0x000000033de00000 0x000000033e000000 0x000000033e000000 Y/135   Relocatable
 Small   0x000000033e000000 0x000000033e1fd518 0x000000033e200000 O/14    Allocating 
 Small   0x000000033e200000 0x000000033e400000 0x000000033e400000 Y/136   Allocating 
 Small   0x000000033e400000 0x000000033e600000 0x000000033e600000 Y/135   Relocatable
 Small   0x000000033e600000 0x000000033e800000 0x000000033e800000 Y/136   Allocating 
 Small   0x000000033e800000 0x000000033ea00000 0x000000033ea00000 Y/135   Relocatable
 Small   0x000000033ea00000 0x000000033ec00000 0x000000033ec00000 Y/135   Relocatable
 Small   0x000000033ec00000 0x000000033edc0000 0x000000033ee00000 Y/136   Allocating 
 Small   0x000000033ee00000 0x000000033f000000 0x000000033f000000 Y/135   Relocatable
 Small   0x000000033f000000 0x000000033f200000 0x000000033f200000 Y/135   Relocatable
 Small   0x000000033f200000 0x000000033f3c0000 0x000000033f400000 Y/136   Allocating 
 Small   0x000000033f400000 0x000000033f600000 0x000000033f600000 Y/135   Relocatable
 Small   0x000000033f600000 0x000000033f800000 0x000000033f800000 Y/135   Relocatable
 Small   0x000000033f800000 0x000000033fa00000 0x000000033fa00000 Y/136   Allocating 
 Small   0x000000033fa00000 0x000000033fc00000 0x000000033fc00000 Y/135   Relocatable
 Small   0x000000033fc00000 0x000000033fe00000 0x000000033fe00000 Y/136   Allocating 
 Small   0x000000033fe00000 0x0000000340000000 0x0000000340000000 Y/135   Relocatable
 Small   0x0000000340000000 0x0000000340200000 0x0000000340200000 Y/135   Relocatable
 Small   0x0000000340200000 0x0000000340400000 0x0000000340400000 Y/135   Relocatable
 Small   0x0000000340400000 0x0000000340600000 0x0000000340600000 Y/135   Relocatable
 Small   0x0000000340600000 0x0000000340800000 0x0000000340800000 Y/135   Relocatable
 Small   0x0000000340800000 0x0000000340a00000 0x0000000340a00000 Y/135   Relocatable
 Small   0x0000000340a00000 0x0000000340c00000 0x0000000340c00000 Y/136   Allocating 
 Small   0x0000000340c00000 0x0000000340e00000 0x0000000340e00000 Y/135   Relocatable
 Small   0x0000000340e00000 0x0000000341000000 0x0000000341000000 Y/135   Relocatable
 Small   0x0000000341000000 0x0000000341200000 0x0000000341200000 Y/135   Relocatable
 Small   0x0000000341200000 0x0000000341400000 0x0000000341400000 Y/135   Relocatable
 Small   0x0000000341400000 0x0000000341600000 0x0000000341600000 Y/136   Allocating 
 Small   0x0000000341600000 0x0000000341800000 0x0000000341800000 Y/136   Allocating 
 Small   0x0000000341800000 0x0000000341a00000 0x0000000341a00000 Y/136   Allocating 
 Small   0x0000000341a00000 0x0000000341c00000 0x0000000341c00000 Y/135   Relocatable
 Small   0x0000000341c00000 0x0000000341e00000 0x0000000341e00000 Y/135   Relocatable
 Small   0x0000000341e00000 0x0000000342000000 0x0000000342000000 Y/135   Relocatable
 Small   0x0000000342000000 0x0000000342200000 0x0000000342200000 Y/136   Allocating 
 Small   0x0000000342200000 0x0000000342400000 0x0000000342400000 Y/135   Relocatable
 Small   0x0000000342400000 0x0000000342600000 0x0000000342600000 Y/135   Relocatable
 Small   0x0000000342600000 0x0000000342800000 0x0000000342800000 Y/135   Relocatable
 Small   0x0000000342800000 0x0000000342a00000 0x0000000342a00000 Y/135   Relocatable
 Small   0x0000000342a00000 0x0000000342c00000 0x0000000342c00000 Y/136   Allocating 
 Small   0x0000000342c00000 0x0000000342e00000 0x0000000342e00000 Y/135   Relocatable
 Small   0x0000000342e00000 0x0000000342fffff8 0x0000000343000000 O/12    Relocatable
 Small   0x0000000343000000 0x00000003431feb88 0x0000000343200000 O/14    Allocating 
 Small   0x0000000343200000 0x0000000343400000 0x0000000343400000 Y/135   Relocatable
 Small   0x0000000343400000 0x0000000343600000 0x0000000343600000 Y/135   Relocatable
 Small   0x0000000343600000 0x0000000343800000 0x0000000343800000 Y/135   Relocatable
 Small   0x0000000343800000 0x0000000343a00000 0x0000000343a00000 Y/136   Allocating 
 Small   0x0000000343a00000 0x0000000343c00000 0x0000000343c00000 Y/135   Relocatable
 Small   0x0000000343c00000 0x0000000343e00000 0x0000000343e00000 Y/136   Allocating 
 Small   0x0000000343e00000 0x0000000344000000 0x0000000344000000 Y/135   Relocatable
 Small   0x0000000344000000 0x0000000344200000 0x0000000344200000 Y/135   Relocatable
 Small   0x0000000344200000 0x0000000344400000 0x0000000344400000 Y/136   Allocating 
 Small   0x0000000344400000 0x0000000344600000 0x0000000344600000 Y/135   Relocatable
 Small   0x0000000344600000 0x0000000344800000 0x0000000344800000 Y/135   Relocatable
 Small   0x0000000344800000 0x00000003448048b8 0x0000000344a00000 O/14    Allocating 
 Small   0x0000000344a00000 0x0000000344c00000 0x0000000344c00000 Y/135   Relocatable
 Small   0x0000000344c00000 0x0000000344e00000 0x0000000344e00000 Y/135   Relocatable
 Small   0x0000000344e00000 0x0000000345000000 0x0000000345000000 Y/135   Relocatable
 Small   0x0000000345000000 0x0000000345200000 0x0000000345200000 Y/136   Allocating 
 Small   0x0000000345200000 0x0000000345400000 0x0000000345400000 Y/135   Relocatable
 Small   0x0000000345400000 0x0000000345600000 0x0000000345600000 Y/135   Relocatable
 Small   0x0000000345600000 0x0000000345800000 0x0000000345800000 Y/135   Relocatable
 Small   0x0000000345800000 0x0000000345a00000 0x0000000345a00000 Y/136   Allocating 
 Small   0x0000000345a00000 0x0000000345c00000 0x0000000345c00000 Y/135   Relocatable
 Small   0x0000000345c00000 0x0000000345e00000 0x0000000345e00000 Y/135   Relocatable
 Small   0x0000000345e00000 0x0000000346000000 0x0000000346000000 Y/135   Relocatable
 Small   0x0000000346000000 0x0000000346200000 0x0000000346200000 Y/136   Allocating 
 Small   0x0000000346200000 0x0000000346400000 0x0000000346400000 Y/135   Relocatable
 Small   0x0000000346400000 0x0000000346600000 0x0000000346600000 Y/136   Allocating 
 Small   0x0000000346600000 0x0000000346800000 0x0000000346800000 Y/135   Relocatable
 Small   0x0000000346800000 0x00000003469ffff8 0x0000000346a00000 O/13    Relocatable
 Small   0x0000000346a00000 0x0000000346c00000 0x0000000346c00000 Y/135   Relocatable
 Small   0x0000000346c00000 0x0000000346e00000 0x0000000346e00000 Y/136   Allocating 
 Small   0x0000000346e00000 0x0000000347000000 0x0000000347000000 Y/136   Allocating 
 Small   0x0000000347000000 0x0000000347200000 0x0000000347200000 Y/136   Allocating 
 Small   0x0000000347200000 0x0000000347400000 0x0000000347400000 Y/135   Relocatable
 Small   0x0000000347400000 0x0000000347600000 0x0000000347600000 Y/136   Allocating 
 Small   0x0000000347600000 0x0000000347800000 0x0000000347800000 Y/135   Relocatable
 Small   0x0000000347800000 0x0000000347a00000 0x0000000347a00000 Y/135   Relocatable
 Small   0x0000000347a00000 0x0000000347c00000 0x0000000347c00000 Y/135   Relocatable
 Small   0x0000000347c00000 0x0000000347e00000 0x0000000347e00000 Y/136   Allocating 
 Small   0x0000000347e00000 0x0000000348000000 0x0000000348000000 Y/136   Allocating 
 Small   0x0000000348000000 0x0000000348200000 0x0000000348200000 Y/136   Allocating 
 Small   0x0000000348200000 0x00000003483fffe8 0x0000000348400000 O/14    Allocating 
 Small   0x0000000348400000 0x0000000348600000 0x0000000348600000 Y/136   Allocating 
 Small   0x0000000348600000 0x0000000348800000 0x0000000348800000 Y/135   Relocatable
 Small   0x0000000348800000 0x0000000348940000 0x0000000348a00000 Y/135   Relocatable
 Small   0x0000000348a00000 0x0000000348c00000 0x0000000348c00000 Y/136   Allocating 
 Small   0x0000000348c00000 0x0000000348e00000 0x0000000348e00000 Y/136   Allocating 
 Small   0x0000000348e00000 0x0000000349000000 0x0000000349000000 Y/135   Relocatable
 Small   0x0000000349000000 0x0000000349200000 0x0000000349200000 Y/135   Relocatable
 Small   0x0000000349200000 0x0000000349400000 0x0000000349400000 Y/135   Relocatable
 Small   0x0000000349400000 0x0000000349600000 0x0000000349600000 Y/135   Relocatable
 Small   0x0000000349600000 0x0000000349800000 0x0000000349800000 Y/135   Relocatable
 Small   0x0000000349800000 0x0000000349a00000 0x0000000349a00000 Y/135   Relocatable
 Small   0x0000000349a00000 0x0000000349c00000 0x0000000349c00000 Y/135   Relocatable
 Small   0x0000000349c00000 0x0000000349e00000 0x0000000349e00000 Y/136   Allocating 
 Small   0x0000000349e00000 0x000000034a000000 0x000000034a000000 Y/135   Relocatable
 Small   0x000000034a000000 0x000000034a200000 0x000000034a200000 Y/136   Allocating 
 Small   0x000000034a200000 0x000000034a400000 0x000000034a400000 Y/136   Allocating 
 Small   0x000000034a400000 0x000000034a600000 0x000000034a600000 Y/135   Relocatable
 Small   0x000000034a600000 0x000000034a800000 0x000000034a800000 Y/135   Relocatable
 Small   0x000000034a800000 0x000000034aa00000 0x000000034aa00000 Y/136   Allocating 
 Small   0x000000034aa00000 0x000000034ac00000 0x000000034ac00000 Y/135   Relocatable
 Small   0x000000034ac00000 0x000000034ae00000 0x000000034ae00000 Y/135   Relocatable
 Small   0x000000034ae00000 0x000000034b000000 0x000000034b000000 Y/135   Relocatable
 Small   0x000000034b000000 0x000000034b200000 0x000000034b200000 Y/135   Relocatable
 Small   0x000000034b200000 0x000000034b400000 0x000000034b400000 Y/136   Allocating 
 Small   0x000000034b400000 0x000000034b600000 0x000000034b600000 Y/135   Relocatable
 Small   0x000000034b600000 0x000000034b800000 0x000000034b800000 Y/136   Allocating 
 Small   0x000000034b800000 0x000000034ba00000 0x000000034ba00000 Y/136   Allocating 
 Small   0x000000034ba00000 0x000000034bc00000 0x000000034bc00000 Y/135   Relocatable
 Small   0x000000034bc00000 0x000000034bc00000 0x000000034be00000 O/14    Allocating 
 Small   0x000000034be00000 0x000000034c000000 0x000000034c000000 Y/135   Relocatable
 Small   0x000000034c000000 0x000000034c200000 0x000000034c200000 Y/135   Relocatable
 Small   0x000000034c200000 0x000000034c400000 0x000000034c400000 Y/135   Relocatable
 Small   0x000000034c400000 0x000000034c600000 0x000000034c600000 Y/135   Relocatable
 Small   0x000000034c600000 0x000000034c800000 0x000000034c800000 Y/135   Relocatable
 Small   0x000000034c800000 0x000000034ca00000 0x000000034ca00000 Y/136   Allocating 
 Small   0x000000034ca00000 0x000000034cc00000 0x000000034cc00000 Y/135   Relocatable
 Small   0x000000034cc00000 0x000000034ce00000 0x000000034ce00000 Y/136   Allocating 
 Small   0x000000034ce00000 0x000000034d000000 0x000000034d000000 Y/136   Allocating 
 Small   0x000000034d000000 0x000000034d200000 0x000000034d200000 Y/136   Allocating 
 Small   0x000000034d200000 0x000000034d400000 0x000000034d400000 Y/135   Relocatable
 Small   0x000000034d400000 0x000000034d600000 0x000000034d600000 Y/135   Relocatable
 Small   0x000000034d600000 0x000000034d800000 0x000000034d800000 Y/135   Relocatable
 Small   0x000000034d800000 0x000000034da00000 0x000000034da00000 Y/135   Relocatable
 Small   0x000000034da00000 0x000000034dc00000 0x000000034dc00000 Y/135   Relocatable
 Small   0x000000034dc00000 0x000000034de00000 0x000000034de00000 Y/135   Relocatable
 Small   0x000000034de00000 0x000000034e000000 0x000000034e000000 Y/136   Allocating 
 Small   0x000000034e000000 0x000000034e200000 0x000000034e200000 Y/135   Relocatable
 Small   0x000000034e200000 0x000000034e400000 0x000000034e400000 Y/135   Relocatable
 Small   0x000000034e400000 0x000000034e600000 0x000000034e600000 Y/135   Relocatable
 Small   0x000000034e600000 0x000000034e800000 0x000000034e800000 Y/135   Relocatable
 Small   0x000000034e800000 0x000000034ea00000 0x000000034ea00000 Y/135   Relocatable
 Small   0x000000034ea00000 0x000000034ec00000 0x000000034ec00000 Y/135   Relocatable
 Small   0x000000034ec00000 0x000000034ee00000 0x000000034ee00000 Y/135   Relocatable
 Small   0x000000034ee00000 0x000000034f000000 0x000000034f000000 Y/135   Relocatable
 Small   0x000000034f000000 0x000000034f200000 0x000000034f200000 Y/136   Allocating 
 Small   0x000000034f200000 0x000000034f400000 0x000000034f400000 Y/135   Relocatable
 Small   0x000000034f400000 0x000000034f600000 0x000000034f600000 Y/136   Allocating 
 Small   0x000000034f600000 0x000000034f800000 0x000000034f800000 Y/135   Relocatable
 Small   0x000000034f800000 0x000000034fa00000 0x000000034fa00000 Y/135   Relocatable
 Small   0x000000034fa00000 0x000000034fc00000 0x000000034fc00000 Y/135   Relocatable
 Small   0x000000034fc00000 0x000000034fe00000 0x000000034fe00000 Y/136   Allocating 
 Small   0x000000034fe00000 0x0000000350000000 0x0000000350000000 Y/136   Allocating 
 Small   0x0000000350000000 0x0000000350200000 0x0000000350200000 Y/135   Relocatable
 Small   0x0000000350200000 0x0000000350400000 0x0000000350400000 Y/135   Relocatable
 Small   0x0000000350400000 0x0000000350600000 0x0000000350600000 Y/135   Relocatable
 Small   0x0000000350600000 0x0000000350800000 0x0000000350800000 Y/136   Allocating 
 Small   0x0000000350800000 0x0000000350a00000 0x0000000350a00000 Y/136   Allocating 
 Small   0x0000000350a00000 0x0000000350c00000 0x0000000350c00000 Y/135   Relocatable
 Small   0x0000000350c00000 0x0000000350e00000 0x0000000350e00000 Y/136   Allocating 
 Small   0x0000000350e00000 0x0000000351000000 0x0000000351000000 Y/135   Relocatable
 Small   0x0000000351000000 0x0000000351200000 0x0000000351200000 Y/136   Allocating 
 Small   0x0000000351200000 0x0000000351400000 0x0000000351400000 Y/135   Relocatable
 Small   0x0000000351400000 0x0000000351600000 0x0000000351600000 Y/135   Relocatable
 Small   0x0000000351600000 0x00000003517fe4a8 0x0000000351800000 O/14    Allocating 
 Small   0x0000000351800000 0x0000000351a00000 0x0000000351a00000 Y/135   Relocatable
 Small   0x0000000351a00000 0x0000000351c00000 0x0000000351c00000 Y/135   Relocatable
 Small   0x0000000351c00000 0x0000000351e00000 0x0000000351e00000 Y/136   Allocating 
 Small   0x0000000351e00000 0x0000000352000000 0x0000000352000000 Y/136   Allocating 
 Small   0x0000000352000000 0x0000000352200000 0x0000000352200000 Y/135   Relocatable
 Small   0x0000000352200000 0x0000000352400000 0x0000000352400000 Y/136   Allocating 
 Small   0x0000000352400000 0x0000000352600000 0x0000000352600000 Y/135   Relocatable
 Small   0x0000000352600000 0x0000000352800000 0x0000000352800000 Y/135   Relocatable
 Small   0x0000000352800000 0x0000000352a00000 0x0000000352a00000 Y/135   Relocatable
 Small   0x0000000352a00000 0x0000000352c00000 0x0000000352c00000 Y/135   Relocatable
 Small   0x0000000352c00000 0x0000000352e00000 0x0000000352e00000 Y/135   Relocatable
 Small   0x0000000352e00000 0x0000000353000000 0x0000000353000000 Y/136   Allocating 
 Small   0x0000000353000000 0x0000000353200000 0x0000000353200000 Y/136   Allocating 
 Small   0x0000000353200000 0x00000003533ffed0 0x0000000353400000 Y/135   Relocatable
 Small   0x0000000353400000 0x0000000353600000 0x0000000353600000 Y/136   Allocating 
 Small   0x0000000353600000 0x00000003537fdf00 0x0000000353800000 O/14    Allocating 
 Small   0x0000000353800000 0x0000000353a00000 0x0000000353a00000 Y/135   Relocatable
 Small   0x0000000353a00000 0x0000000353bc0000 0x0000000353c00000 Y/135   Relocatable
 Small   0x0000000353c00000 0x0000000353e00000 0x0000000353e00000 Y/136   Allocating 
 Small   0x0000000353e00000 0x0000000354000000 0x0000000354000000 Y/135   Relocatable
 Small   0x0000000354000000 0x0000000354200000 0x0000000354200000 Y/135   Relocatable
 Small   0x0000000354200000 0x0000000354400000 0x0000000354400000 Y/135   Relocatable
 Small   0x0000000354400000 0x0000000354600000 0x0000000354600000 Y/135   Relocatable
 Small   0x0000000354600000 0x0000000354800000 0x0000000354800000 Y/135   Relocatable
 Small   0x0000000354800000 0x0000000354a00000 0x0000000354a00000 Y/135   Relocatable
 Small   0x0000000354a00000 0x0000000354c00000 0x0000000354c00000 Y/135   Relocatable
 Small   0x0000000354c00000 0x0000000354e00000 0x0000000354e00000 Y/135   Relocatable
 Small   0x0000000354e00000 0x0000000355000000 0x0000000355000000 Y/135   Relocatable
 Small   0x0000000355000000 0x0000000355200000 0x0000000355200000 Y/136   Allocating 
 Small   0x0000000355200000 0x00000003552c0000 0x0000000355400000 Y/136   Allocating 
 Small   0x0000000355400000 0x00000003555ffff0 0x0000000355600000 O/12    Relocatable
 Small   0x0000000355600000 0x0000000355800000 0x0000000355800000 Y/135   Relocatable
 Small   0x0000000355800000 0x0000000355a00000 0x0000000355a00000 Y/135   Relocatable
 Small   0x0000000355a00000 0x0000000355c00000 0x0000000355c00000 Y/135   Relocatable
 Small   0x0000000355c00000 0x0000000355e00000 0x0000000355e00000 Y/135   Relocatable
 Small   0x0000000355e00000 0x0000000356000000 0x0000000356000000 Y/135   Relocatable
 Small   0x0000000356000000 0x0000000356200000 0x0000000356200000 Y/135   Relocatable
 Small   0x0000000356200000 0x0000000356400000 0x0000000356400000 O/14    Allocating 
 Small   0x0000000356400000 0x0000000356600000 0x0000000356600000 Y/135   Relocatable
 Small   0x0000000356600000 0x0000000356800000 0x0000000356800000 Y/136   Allocating 
 Small   0x0000000356800000 0x0000000356a00000 0x0000000356a00000 Y/135   Relocatable
 Small   0x0000000356a00000 0x0000000356c00000 0x0000000356c00000 Y/135   Relocatable
 Small   0x0000000356c00000 0x0000000356e00000 0x0000000356e00000 Y/136   Allocating 
 Small   0x0000000356e00000 0x0000000357000000 0x0000000357000000 Y/136   Allocating 
 Small   0x0000000357000000 0x0000000357200000 0x0000000357200000 Y/135   Relocatable
 Small   0x0000000357200000 0x00000003573fffb8 0x0000000357400000 O/14    Allocating 
 Small   0x0000000357400000 0x0000000357600000 0x0000000357600000 Y/135   Relocatable
 Small   0x0000000357600000 0x0000000357800000 0x0000000357800000 Y/136   Allocating 
 Small   0x0000000357800000 0x0000000357a00000 0x0000000357a00000 Y/136   Allocating 
 Small   0x0000000357a00000 0x0000000357c00000 0x0000000357c00000 Y/135   Relocatable
 Small   0x0000000357c00000 0x0000000357dff9d0 0x0000000357e00000 Y/135   Relocatable
 Small   0x0000000357e00000 0x0000000358000000 0x0000000358000000 Y/135   Relocatable
 Small   0x0000000358000000 0x0000000358200000 0x0000000358200000 Y/135   Relocatable
 Small   0x0000000358200000 0x0000000358400000 0x0000000358400000 Y/136   Allocating 
 Small   0x0000000358400000 0x0000000358600000 0x0000000358600000 Y/135   Relocatable
 Small   0x0000000358600000 0x0000000358800000 0x0000000358800000 Y/136   Allocating 
 Small   0x0000000358800000 0x0000000358a00000 0x0000000358a00000 Y/135   Relocatable
 Small   0x0000000358a00000 0x0000000358c00000 0x0000000358c00000 Y/135   Relocatable
 Small   0x0000000358c00000 0x0000000358e00000 0x0000000358e00000 Y/136   Allocating 
 Small   0x0000000358e00000 0x0000000359000000 0x0000000359000000 Y/135   Relocatable
 Small   0x0000000359000000 0x00000003591ffff8 0x0000000359200000 O/12    Relocatable
 Small   0x0000000359200000 0x0000000359400000 0x0000000359400000 Y/135   Relocatable
 Small   0x0000000359400000 0x0000000359600000 0x0000000359600000 Y/135   Relocatable
 Small   0x0000000359600000 0x0000000359800000 0x0000000359800000 Y/135   Relocatable
 Small   0x0000000359800000 0x0000000359a00000 0x0000000359a00000 Y/136   Allocating 
 Small   0x0000000359a00000 0x0000000359c00000 0x0000000359c00000 Y/136   Allocating 
 Small   0x0000000359c00000 0x0000000359e00000 0x0000000359e00000 Y/136   Allocating 
 Small   0x0000000359e00000 0x000000035a000000 0x000000035a000000 Y/135   Relocatable
 Small   0x000000035a000000 0x000000035a200000 0x000000035a200000 Y/136   Allocating 
 Small   0x000000035a200000 0x000000035a400000 0x000000035a400000 Y/136   Allocating 
 Small   0x000000035a400000 0x000000035a600000 0x000000035a600000 Y/135   Relocatable
 Small   0x000000035a600000 0x000000035a800000 0x000000035a800000 Y/135   Relocatable
 Small   0x000000035a800000 0x000000035aa00000 0x000000035aa00000 Y/136   Allocating 
 Small   0x000000035aa00000 0x000000035ac00000 0x000000035ac00000 Y/135   Relocatable
 Small   0x000000035ac00000 0x000000035ae00000 0x000000035ae00000 Y/135   Relocatable
 Small   0x000000035ae00000 0x000000035b000000 0x000000035b000000 Y/136   Allocating 
 Small   0x000000035b000000 0x000000035b200000 0x000000035b200000 Y/135   Relocatable
 Small   0x000000035b200000 0x000000035b3fffd8 0x000000035b400000 O/12    Relocatable
 Small   0x000000035b400000 0x000000035b600000 0x000000035b600000 Y/135   Relocatable
 Small   0x000000035b600000 0x000000035b800000 0x000000035b800000 Y/135   Relocatable
 Small   0x000000035b800000 0x000000035ba00000 0x000000035ba00000 Y/136   Allocating 
 Small   0x000000035ba00000 0x000000035bc00000 0x000000035bc00000 Y/136   Allocating 
 Small   0x000000035bc00000 0x000000035be00000 0x000000035be00000 Y/135   Relocatable
 Small   0x000000035be00000 0x000000035c000000 0x000000035c000000 Y/136   Allocating 
 Small   0x000000035c000000 0x000000035c200000 0x000000035c200000 Y/135   Relocatable
 Small   0x000000035c200000 0x000000035c400000 0x000000035c400000 Y/135   Relocatable
 Small   0x000000035c400000 0x000000035c600000 0x000000035c600000 Y/136   Allocating 
 Small   0x000000035c600000 0x000000035c800000 0x000000035c800000 Y/135   Relocatable
 Small   0x000000035c800000 0x000000035ca00000 0x000000035ca00000 Y/135   Relocatable
 Small   0x000000035ca00000 0x000000035cc00000 0x000000035cc00000 Y/135   Relocatable
 Small   0x000000035cc00000 0x000000035ce00000 0x000000035ce00000 Y/136   Allocating 
 Small   0x000000035ce00000 0x000000035d000000 0x000000035d000000 Y/135   Relocatable
 Small   0x000000035d000000 0x000000035d200000 0x000000035d200000 Y/136   Allocating 
 Small   0x000000035d200000 0x000000035d3ffff8 0x000000035d400000 O/14    Allocating 
 Small   0x000000035d400000 0x000000035d600000 0x000000035d600000 Y/135   Relocatable
 Small   0x000000035d600000 0x000000035d800000 0x000000035d800000 Y/136   Allocating 
 Small   0x000000035d800000 0x000000035da00000 0x000000035da00000 Y/135   Relocatable
 Small   0x000000035da00000 0x000000035dc00000 0x000000035dc00000 Y/136   Allocating 
 Small   0x000000035dc00000 0x000000035de00000 0x000000035de00000 Y/135   Relocatable
 Small   0x000000035de00000 0x000000035e000000 0x000000035e000000 Y/135   Relocatable
 Small   0x000000035e000000 0x000000035e1fffe8 0x000000035e200000 O/14    Allocating 
 Small   0x000000035e200000 0x000000035e400000 0x000000035e400000 Y/135   Relocatable
 Small   0x000000035e400000 0x000000035e600000 0x000000035e600000 Y/135   Relocatable
 Small   0x000000035e600000 0x000000035e800000 0x000000035e800000 Y/135   Relocatable
 Small   0x000000035e800000 0x000000035ea00000 0x000000035ea00000 Y/136   Allocating 
 Small   0x000000035ea00000 0x000000035ec00000 0x000000035ec00000 Y/135   Relocatable
 Small   0x000000035ec00000 0x000000035ee00000 0x000000035ee00000 Y/136   Allocating 
 Small   0x000000035ee00000 0x000000035f000000 0x000000035f000000 Y/135   Relocatable
 Small   0x000000035f000000 0x000000035f200000 0x000000035f200000 Y/135   Relocatable
 Small   0x000000035f200000 0x000000035f400000 0x000000035f400000 Y/136   Allocating 
 Small   0x000000035f400000 0x000000035f5ffff8 0x000000035f600000 O/13    Relocatable
 Small   0x000000035f600000 0x000000035f800000 0x000000035f800000 Y/135   Relocatable
 Small   0x000000035f800000 0x000000035fa00000 0x000000035fa00000 Y/135   Relocatable
 Small   0x000000035fa00000 0x000000035fc00000 0x000000035fc00000 Y/135   Relocatable
 Small   0x000000035fc00000 0x000000035fe00000 0x000000035fe00000 Y/136   Allocating 
 Small   0x000000035fe00000 0x0000000360000000 0x0000000360000000 Y/135   Relocatable
 Small   0x0000000360000000 0x0000000360200000 0x0000000360200000 Y/135   Relocatable
 Small   0x0000000360200000 0x0000000360400000 0x0000000360400000 Y/136   Allocating 
 Small   0x0000000360400000 0x0000000360600000 0x0000000360600000 Y/135   Relocatable
 Small   0x0000000360600000 0x0000000360800000 0x0000000360800000 Y/136   Allocating 
 Small   0x0000000360800000 0x0000000360a00000 0x0000000360a00000 Y/135   Relocatable
 Small   0x0000000360a00000 0x0000000360c00000 0x0000000360c00000 Y/135   Relocatable
 Small   0x0000000360c00000 0x0000000360e00000 0x0000000360e00000 Y/135   Relocatable
 Small   0x0000000360e00000 0x0000000361000000 0x0000000361000000 Y/135   Relocatable
 Small   0x0000000361000000 0x0000000361200000 0x0000000361200000 Y/135   Relocatable
 Small   0x0000000361200000 0x0000000361400000 0x0000000361400000 Y/135   Relocatable
 Small   0x0000000361400000 0x0000000361600000 0x0000000361600000 Y/136   Allocating 
 Small   0x0000000361600000 0x0000000361800000 0x0000000361800000 Y/135   Relocatable
 Small   0x0000000361800000 0x0000000361a00000 0x0000000361a00000 Y/136   Allocating 
 Small   0x0000000361a00000 0x0000000361c00000 0x0000000361c00000 Y/136   Allocating 
 Small   0x0000000361c00000 0x0000000361e00000 0x0000000361e00000 Y/136   Allocating 
 Small   0x0000000361e00000 0x0000000362000000 0x0000000362000000 Y/135   Relocatable
 Small   0x0000000362000000 0x0000000362200000 0x0000000362200000 Y/135   Relocatable
 Small   0x0000000362200000 0x0000000362400000 0x0000000362400000 Y/135   Relocatable
 Small   0x0000000362400000 0x00000003625fff80 0x0000000362600000 O/13    Relocatable
 Small   0x0000000362600000 0x0000000362800000 0x0000000362800000 Y/136   Allocating 
 Small   0x0000000362800000 0x0000000362a00000 0x0000000362a00000 Y/135   Relocatable
 Small   0x0000000362a00000 0x0000000362c00000 0x0000000362c00000 Y/136   Allocating 
 Small   0x0000000362c00000 0x0000000362e00000 0x0000000362e00000 Y/135   Relocatable
 Small   0x0000000362e00000 0x0000000363000000 0x0000000363000000 Y/135   Relocatable
 Small   0x0000000363000000 0x00000003631fe438 0x0000000363200000 O/14    Allocating 
 Small   0x0000000363200000 0x0000000363400000 0x0000000363400000 Y/135   Relocatable
 Small   0x0000000363400000 0x0000000363600000 0x0000000363600000 Y/136   Allocating 
 Small   0x0000000363600000 0x0000000363800000 0x0000000363800000 Y/135   Relocatable
 Small   0x0000000363800000 0x0000000363800d80 0x0000000363a00000 O/14    Allocating 
 Small   0x0000000363a00000 0x0000000363c00000 0x0000000363c00000 Y/135   Relocatable
 Small   0x0000000363c00000 0x0000000363e00000 0x0000000363e00000 Y/136   Allocating 
 Small   0x0000000363e00000 0x0000000363ffff28 0x0000000364000000 O/14    Allocating 
 Small   0x0000000364000000 0x0000000364200000 0x0000000364200000 Y/135   Relocatable
 Small   0x0000000364200000 0x0000000364400000 0x0000000364400000 Y/135   Relocatable
 Small   0x0000000364400000 0x0000000364600000 0x0000000364600000 Y/135   Relocatable
 Small   0x0000000364600000 0x0000000364800000 0x0000000364800000 Y/136   Allocating 
 Small   0x0000000364800000 0x0000000364a00000 0x0000000364a00000 Y/135   Relocatable
 Small   0x0000000364a00000 0x0000000364a02688 0x0000000364c00000 O/14    Allocating 
 Small   0x0000000364c00000 0x0000000364e00000 0x0000000364e00000 Y/136   Allocating 
 Small   0x0000000364e00000 0x0000000365000000 0x0000000365000000 Y/135   Relocatable
 Small   0x0000000365000000 0x0000000365200000 0x0000000365200000 Y/135   Relocatable
 Small   0x0000000365200000 0x0000000365400000 0x0000000365400000 Y/135   Relocatable
 Small   0x0000000365400000 0x00000003655fffe0 0x0000000365600000 O/13    Relocatable
 Small   0x0000000365600000 0x0000000365800000 0x0000000365800000 Y/135   Relocatable
 Small   0x0000000365800000 0x0000000365a00000 0x0000000365a00000 Y/135   Relocatable
 Small   0x0000000365a00000 0x0000000365c00000 0x0000000365c00000 Y/135   Relocatable
 Small   0x0000000365c00000 0x0000000365e00000 0x0000000365e00000 Y/135   Relocatable
 Small   0x0000000365e00000 0x0000000366000000 0x0000000366000000 Y/135   Relocatable
 Small   0x0000000366000000 0x00000003661ffff8 0x0000000366200000 O/12    Relocatable
 Small   0x0000000366200000 0x0000000366400000 0x0000000366400000 Y/135   Relocatable
 Small   0x0000000366400000 0x0000000366600000 0x0000000366600000 Y/135   Relocatable
 Small   0x0000000366600000 0x0000000366800000 0x0000000366800000 Y/135   Relocatable
 Small   0x0000000366800000 0x0000000366a00000 0x0000000366a00000 Y/135   Relocatable
 Small   0x0000000366a00000 0x0000000366a00000 0x0000000366c00000 O/14    Allocating 
 Small   0x0000000366c00000 0x0000000366e00000 0x0000000366e00000 Y/135   Relocatable
 Small   0x0000000366e00000 0x0000000367000000 0x0000000367000000 Y/135   Relocatable
 Small   0x0000000367000000 0x0000000367200000 0x0000000367200000 Y/135   Relocatable
 Small   0x0000000367200000 0x0000000367400000 0x0000000367400000 Y/136   Allocating 
 Small   0x0000000367400000 0x0000000367600000 0x0000000367600000 Y/135   Relocatable
 Small   0x0000000367600000 0x0000000367800000 0x0000000367800000 Y/135   Relocatable
 Small   0x0000000367800000 0x0000000367a00000 0x0000000367a00000 Y/135   Relocatable
 Small   0x0000000367a00000 0x0000000367c00000 0x0000000367c00000 Y/135   Relocatable
 Small   0x0000000367c00000 0x0000000367e00000 0x0000000367e00000 Y/136   Allocating 
 Small   0x0000000367e00000 0x0000000368000000 0x0000000368000000 Y/135   Relocatable
 Small   0x0000000368000000 0x0000000368200000 0x0000000368200000 Y/136   Allocating 
 Small   0x0000000368200000 0x0000000368400000 0x0000000368400000 Y/136   Allocating 
 Small   0x0000000368400000 0x00000003685fffe0 0x0000000368600000 O/13    Relocatable
 Small   0x0000000368600000 0x0000000368800000 0x0000000368800000 Y/136   Allocating 
 Small   0x0000000368800000 0x0000000368a00000 0x0000000368a00000 Y/135   Relocatable
 Small   0x0000000368a00000 0x0000000368c00000 0x0000000368c00000 Y/135   Relocatable
 Small   0x0000000368c00000 0x0000000368dff8d0 0x0000000368e00000 Y/135   Relocatable
 Small   0x0000000368e00000 0x0000000369000000 0x0000000369000000 Y/136   Allocating 
 Small   0x0000000369000000 0x0000000369200000 0x0000000369200000 Y/135   Relocatable
 Small   0x0000000369200000 0x0000000369400000 0x0000000369400000 Y/135   Relocatable
 Small   0x0000000369400000 0x0000000369600000 0x0000000369600000 Y/136   Allocating 
 Small   0x0000000369600000 0x0000000369800000 0x0000000369800000 Y/135   Relocatable
 Small   0x0000000369800000 0x0000000369a00000 0x0000000369a00000 Y/135   Relocatable
 Small   0x0000000369a00000 0x0000000369c00000 0x0000000369c00000 Y/135   Relocatable
 Small   0x0000000369c00000 0x0000000369e00000 0x0000000369e00000 Y/135   Relocatable
 Small   0x0000000369e00000 0x000000036a000000 0x000000036a000000 Y/136   Allocating 
 Small   0x000000036a000000 0x000000036a200000 0x000000036a200000 Y/136   Allocating 
 Small   0x000000036a200000 0x000000036a400000 0x000000036a400000 Y/135   Relocatable
 Small   0x000000036a400000 0x000000036a600000 0x000000036a600000 Y/136   Allocating 
 Small   0x000000036a600000 0x000000036a800000 0x000000036a800000 Y/136   Allocating 
 Small   0x000000036a800000 0x000000036aa00000 0x000000036aa00000 Y/135   Relocatable
 Small   0x000000036aa00000 0x000000036ac00000 0x000000036ac00000 Y/135   Relocatable
 Small   0x000000036ac00000 0x000000036ae00000 0x000000036ae00000 Y/136   Allocating 
 Small   0x000000036ae00000 0x000000036affffc8 0x000000036b000000 O/14    Allocating 
 Small   0x000000036b000000 0x000000036b1ffff8 0x000000036b200000 O/12    Relocatable
 Small   0x000000036b200000 0x000000036b400000 0x000000036b400000 Y/136   Allocating 
 Small   0x000000036b400000 0x000000036b600000 0x000000036b600000 Y/135   Relocatable
 Small   0x000000036b600000 0x000000036b7fffb0 0x000000036b800000 O/14    Allocating 
 Small   0x000000036b800000 0x000000036ba00000 0x000000036ba00000 Y/136   Allocating 
 Small   0x000000036ba00000 0x000000036bc00000 0x000000036bc00000 Y/135   Relocatable
 Small   0x000000036bc00000 0x000000036be00000 0x000000036be00000 Y/136   Allocating 
 Small   0x000000036be00000 0x000000036bfffb38 0x000000036c000000 O/14    Allocating 
 Small   0x000000036c000000 0x000000036c200000 0x000000036c200000 Y/135   Relocatable
 Small   0x000000036c200000 0x000000036c400000 0x000000036c400000 Y/136   Allocating 
 Small   0x000000036c400000 0x000000036c600000 0x000000036c600000 Y/135   Relocatable
 Small   0x000000036c600000 0x000000036c800000 0x000000036c800000 Y/135   Relocatable
 Small   0x000000036c800000 0x000000036ca00000 0x000000036ca00000 Y/136   Allocating 
 Small   0x000000036ca00000 0x000000036cc00000 0x000000036cc00000 Y/135   Relocatable
 Small   0x000000036cc00000 0x000000036ce00000 0x000000036ce00000 Y/136   Allocating 
 Small   0x000000036ce00000 0x000000036d000000 0x000000036d000000 Y/135   Relocatable
 Small   0x000000036d000000 0x000000036d200000 0x000000036d200000 Y/135   Relocatable
 Small   0x000000036d200000 0x000000036d400000 0x000000036d400000 Y/135   Relocatable
 Small   0x000000036d400000 0x000000036d600000 0x000000036d600000 Y/135   Relocatable
 Small   0x000000036d600000 0x000000036d800000 0x000000036d800000 Y/135   Relocatable
 Small   0x000000036d800000 0x000000036da00000 0x000000036da00000 Y/135   Relocatable
 Small   0x000000036da00000 0x000000036dc00000 0x000000036dc00000 Y/135   Relocatable
 Small   0x000000036dc00000 0x000000036de00000 0x000000036de00000 Y/135   Relocatable
 Small   0x000000036de00000 0x000000036e000000 0x000000036e000000 Y/135   Relocatable
 Small   0x000000036e000000 0x000000036e200000 0x000000036e200000 Y/135   Relocatable
 Small   0x000000036e200000 0x000000036e400000 0x000000036e400000 Y/136   Allocating 
 Small   0x000000036e400000 0x000000036e600000 0x000000036e600000 Y/135   Relocatable
 Small   0x000000036e600000 0x000000036e7ffff0 0x000000036e800000 O/13    Relocatable
 Small   0x000000036e800000 0x000000036ea00000 0x000000036ea00000 Y/135   Relocatable
 Small   0x000000036ea00000 0x000000036ec00000 0x000000036ec00000 Y/135   Relocatable
 Small   0x000000036ec00000 0x000000036ee00000 0x000000036ee00000 Y/135   Relocatable
 Small   0x000000036ee00000 0x000000036f000000 0x000000036f000000 Y/136   Allocating 
 Small   0x000000036f000000 0x000000036f200000 0x000000036f200000 Y/135   Relocatable
 Small   0x000000036f200000 0x000000036f400000 0x000000036f400000 Y/135   Relocatable
 Small   0x000000036f400000 0x000000036f600000 0x000000036f600000 Y/135   Relocatable
 Small   0x000000036f600000 0x000000036f800000 0x000000036f800000 Y/135   Relocatable
 Small   0x000000036f800000 0x000000036fa00000 0x000000036fa00000 Y/135   Relocatable
 Small   0x000000036fa00000 0x000000036fc00000 0x000000036fc00000 Y/136   Allocating 
 Small   0x000000036fc00000 0x000000036fe00000 0x000000036fe00000 Y/135   Relocatable
 Small   0x000000036fe00000 0x0000000370000000 0x0000000370000000 Y/136   Allocating 
 Small   0x0000000370000000 0x0000000370200000 0x0000000370200000 Y/136   Allocating 
 Small   0x0000000370200000 0x0000000370400000 0x0000000370400000 Y/135   Relocatable
 Small   0x0000000370400000 0x0000000370600000 0x0000000370600000 Y/135   Relocatable
 Small   0x0000000370600000 0x0000000370800000 0x0000000370800000 Y/135   Relocatable
 Small   0x0000000370800000 0x0000000370a00000 0x0000000370a00000 Y/135   Relocatable
 Small   0x0000000370a00000 0x0000000370c00000 0x0000000370c00000 Y/136   Allocating 
 Small   0x0000000370c00000 0x0000000370e00000 0x0000000370e00000 Y/136   Allocating 
 Small   0x0000000370e00000 0x0000000371000000 0x0000000371000000 Y/136   Allocating 
 Small   0x0000000371000000 0x0000000371200000 0x0000000371200000 Y/135   Relocatable
 Small   0x0000000371200000 0x0000000371400000 0x0000000371400000 Y/135   Relocatable
 Small   0x0000000371400000 0x0000000371600000 0x0000000371600000 Y/136   Allocating 
 Small   0x0000000371600000 0x0000000371800000 0x0000000371800000 Y/136   Allocating 
 Small   0x0000000371800000 0x00000003719fff30 0x0000000371a00000 O/14    Allocating 
 Small   0x0000000371a00000 0x0000000371c00000 0x0000000371c00000 Y/135   Relocatable
 Small   0x0000000371c00000 0x0000000371e00000 0x0000000371e00000 Y/136   Allocating 
 Small   0x0000000371e00000 0x0000000372000000 0x0000000372000000 Y/135   Relocatable
 Small   0x0000000372000000 0x0000000372200000 0x0000000372200000 Y/135   Relocatable
 Small   0x0000000372200000 0x0000000372400000 0x0000000372400000 Y/135   Relocatable
 Small   0x0000000372400000 0x0000000372600000 0x0000000372600000 Y/135   Relocatable
 Small   0x0000000372600000 0x0000000372800000 0x0000000372800000 Y/135   Relocatable
 Small   0x0000000372800000 0x0000000372a00000 0x0000000372a00000 Y/135   Relocatable
 Small   0x0000000372a00000 0x0000000372c00000 0x0000000372c00000 Y/135   Relocatable
 Small   0x0000000372c00000 0x0000000372e00000 0x0000000372e00000 Y/135   Relocatable
 Small   0x0000000372e00000 0x0000000373000000 0x0000000373000000 O/12    Relocatable
 Small   0x0000000373000000 0x00000003731fffe0 0x0000000373200000 O/14    Allocating 
 Small   0x0000000373200000 0x0000000373400000 0x0000000373400000 Y/136   Allocating 
 Small   0x0000000373400000 0x0000000373600000 0x0000000373600000 Y/135   Relocatable
 Small   0x0000000373600000 0x00000003737ffff8 0x0000000373800000 O/14    Allocating 
 Small   0x0000000373800000 0x00000003738046b0 0x0000000373a00000 O/14    Allocating 
 Small   0x0000000373a00000 0x0000000373c00000 0x0000000373c00000 Y/135   Relocatable
 Small   0x0000000373c00000 0x0000000373dfdd80 0x0000000373e00000 O/14    Allocating 
 Small   0x0000000373e00000 0x0000000374000000 0x0000000374000000 Y/135   Relocatable
 Small   0x0000000374000000 0x0000000374200000 0x0000000374200000 Y/135   Relocatable
 Small   0x0000000374200000 0x00000003743fffa0 0x0000000374400000 O/13    Relocatable
 Small   0x0000000374400000 0x0000000374600000 0x0000000374600000 Y/135   Relocatable
 Small   0x0000000374600000 0x0000000374800000 0x0000000374800000 Y/135   Relocatable
 Small   0x0000000374800000 0x0000000374a00000 0x0000000374a00000 Y/135   Relocatable
 Small   0x0000000374a00000 0x0000000374c00000 0x0000000374c00000 Y/135   Relocatable
 Small   0x0000000374c00000 0x0000000374e00000 0x0000000374e00000 Y/135   Relocatable
 Small   0x0000000374e00000 0x0000000375000000 0x0000000375000000 Y/136   Allocating 
 Small   0x0000000375000000 0x0000000375200000 0x0000000375200000 Y/135   Relocatable
 Small   0x0000000375200000 0x0000000375400000 0x0000000375400000 Y/135   Relocatable
 Small   0x0000000375400000 0x0000000375600000 0x0000000375600000 Y/136   Allocating 
 Small   0x0000000375600000 0x0000000375800000 0x0000000375800000 Y/135   Relocatable
 Small   0x0000000375800000 0x0000000375a00000 0x0000000375a00000 Y/135   Relocatable
 Small   0x0000000375a00000 0x0000000375bffc90 0x0000000375c00000 O/14    Allocating 
 Small   0x0000000375c00000 0x0000000375c03da8 0x0000000375e00000 O/14    Allocating 
 Small   0x0000000375e00000 0x0000000376000000 0x0000000376000000 Y/135   Relocatable
 Small   0x0000000376000000 0x0000000376200000 0x0000000376200000 Y/136   Allocating 
 Small   0x0000000376200000 0x0000000376400000 0x0000000376400000 Y/136   Allocating 
 Small   0x0000000376400000 0x0000000376600000 0x0000000376600000 Y/135   Relocatable
 Small   0x0000000376600000 0x0000000376800000 0x0000000376800000 Y/135   Relocatable
 Small   0x0000000376800000 0x0000000376a00000 0x0000000376a00000 Y/135   Relocatable
 Small   0x0000000376a00000 0x0000000376c00000 0x0000000376c00000 Y/135   Relocatable
 Small   0x0000000376c00000 0x0000000376e00000 0x0000000376e00000 Y/136   Allocating 
 Small   0x0000000376e00000 0x0000000377000000 0x0000000377000000 Y/135   Relocatable
 Small   0x0000000377000000 0x0000000377200000 0x0000000377200000 Y/136   Allocating 
 Small   0x0000000377200000 0x0000000377400000 0x0000000377400000 Y/135   Relocatable
 Small   0x0000000377400000 0x00000003775fff00 0x0000000377600000 O/13    Relocatable
 Small   0x0000000377600000 0x0000000377800000 0x0000000377800000 Y/135   Relocatable
 Small   0x0000000377800000 0x0000000377a00000 0x0000000377a00000 Y/135   Relocatable
 Small   0x0000000377a00000 0x0000000377bffff0 0x0000000377c00000 O/14    Allocating 
 Small   0x0000000377c00000 0x0000000377e00000 0x0000000377e00000 Y/135   Relocatable
 Small   0x0000000377e00000 0x0000000377ffdce0 0x0000000378000000 O/14    Allocating 
 Small   0x0000000378000000 0x0000000378200000 0x0000000378200000 Y/136   Allocating 
 Small   0x0000000378200000 0x0000000378400000 0x0000000378400000 Y/135   Relocatable
 Small   0x0000000378400000 0x0000000378600000 0x0000000378600000 Y/135   Relocatable
 Small   0x0000000378600000 0x0000000378800000 0x0000000378800000 Y/136   Allocating 
 Small   0x0000000378800000 0x0000000378a00000 0x0000000378a00000 Y/136   Allocating 
 Small   0x0000000378a00000 0x0000000378c00000 0x0000000378c00000 Y/135   Relocatable
 Small   0x0000000378c00000 0x0000000378e00000 0x0000000378e00000 Y/135   Relocatable
 Small   0x0000000378e00000 0x0000000379000000 0x0000000379000000 Y/135   Relocatable
 Small   0x0000000379000000 0x0000000379200000 0x0000000379200000 Y/136   Allocating 
 Small   0x0000000379200000 0x0000000379400000 0x0000000379400000 Y/135   Relocatable
 Small   0x0000000379400000 0x0000000379600000 0x0000000379600000 Y/135   Relocatable
 Small   0x0000000379600000 0x00000003797ffff8 0x0000000379800000 O/13    Relocatable
 Small   0x0000000379800000 0x0000000379a00000 0x0000000379a00000 Y/135   Relocatable
 Small   0x0000000379a00000 0x0000000379c00000 0x0000000379c00000 Y/135   Relocatable
 Small   0x0000000379c00000 0x0000000379e00000 0x0000000379e00000 Y/135   Relocatable
 Small   0x0000000379e00000 0x000000037a000000 0x000000037a000000 Y/135   Relocatable
 Small   0x000000037a000000 0x000000037a200000 0x000000037a200000 Y/135   Relocatable
 Small   0x000000037a200000 0x000000037a400000 0x000000037a400000 Y/135   Relocatable
 Small   0x000000037a400000 0x000000037a600000 0x000000037a600000 Y/135   Relocatable
 Small   0x000000037a600000 0x000000037a800000 0x000000037a800000 Y/135   Relocatable
 Small   0x000000037a800000 0x000000037aa00000 0x000000037aa00000 Y/136   Allocating 
 Small   0x000000037aa00000 0x000000037ac00000 0x000000037ac00000 Y/136   Allocating 
 Small   0x000000037ac00000 0x000000037ae00000 0x000000037ae00000 Y/135   Relocatable
 Small   0x000000037ae00000 0x000000037b000000 0x000000037b000000 Y/135   Relocatable
 Small   0x000000037b000000 0x000000037b200000 0x000000037b200000 Y/135   Relocatable
 Small   0x000000037b200000 0x000000037b400000 0x000000037b400000 Y/135   Relocatable
 Small   0x000000037b400000 0x000000037b600000 0x000000037b600000 Y/135   Relocatable
 Small   0x000000037b600000 0x000000037b800000 0x000000037b800000 Y/135   Relocatable
 Small   0x000000037b800000 0x000000037ba00000 0x000000037ba00000 Y/136   Allocating 
 Small   0x000000037ba00000 0x000000037bbfffb8 0x000000037bc00000 O/14    Allocating 
 Small   0x000000037bc00000 0x000000037be00000 0x000000037be00000 Y/135   Relocatable
 Small   0x000000037be00000 0x000000037c000000 0x000000037c000000 Y/135   Relocatable
 Small   0x000000037c000000 0x000000037c200000 0x000000037c200000 Y/135   Relocatable
 Small   0x000000037c200000 0x000000037c400000 0x000000037c400000 Y/135   Relocatable
 Small   0x000000037c400000 0x000000037c5c37e8 0x000000037c600000 O/14    Allocating 
 Small   0x000000037c600000 0x000000037c800000 0x000000037c800000 Y/135   Relocatable
 Small   0x000000037c800000 0x000000037ca00000 0x000000037ca00000 Y/135   Relocatable
 Small   0x000000037ca00000 0x000000037cc00000 0x000000037cc00000 Y/136   Allocating 
 Small   0x000000037cc00000 0x000000037cdfffe0 0x000000037ce00000 O/14    Allocating 
 Small   0x000000037ce00000 0x000000037d000000 0x000000037d000000 Y/135   Relocatable
 Small   0x000000037d000000 0x000000037d200000 0x000000037d200000 Y/135   Relocatable
 Small   0x000000037d200000 0x000000037d3fffe0 0x000000037d400000 O/12    Relocatable
 Small   0x000000037d400000 0x000000037d5fff40 0x000000037d600000 O/12    Relocatable
 Small   0x000000037d600000 0x000000037d800000 0x000000037d800000 Y/136   Allocating 
 Small   0x000000037d800000 0x000000037da00000 0x000000037da00000 Y/135   Relocatable
 Small   0x000000037da00000 0x000000037dc00000 0x000000037dc00000 Y/135   Relocatable
 Small   0x000000037dc00000 0x000000037ddffff8 0x000000037de00000 O/14    Allocating 
 Small   0x000000037de00000 0x000000037e000000 0x000000037e000000 Y/135   Relocatable
 Small   0x000000037e000000 0x000000037e200000 0x000000037e200000 Y/136   Allocating 
 Small   0x000000037e200000 0x000000037e400000 0x000000037e400000 Y/135   Relocatable
 Small   0x000000037e400000 0x000000037e600000 0x000000037e600000 Y/135   Relocatable
 Small   0x000000037e600000 0x000000037e800000 0x000000037e800000 Y/135   Relocatable
 Small   0x000000037e800000 0x000000037ea00000 0x000000037ea00000 Y/135   Relocatable
 Small   0x000000037ea00000 0x000000037ec00000 0x000000037ec00000 Y/136   Allocating 
 Small   0x000000037ec00000 0x000000037ee00000 0x000000037ee00000 Y/136   Allocating 
 Small   0x000000037ee00000 0x000000037f000000 0x000000037f000000 Y/135   Relocatable
 Small   0x000000037f000000 0x000000037f200000 0x000000037f200000 Y/135   Relocatable
 Small   0x000000037f200000 0x000000037f400000 0x000000037f400000 Y/136   Allocating 
 Small   0x000000037f400000 0x000000037f600000 0x000000037f600000 Y/135   Relocatable
 Small   0x000000037f600000 0x000000037f800000 0x000000037f800000 Y/135   Relocatable
 Small   0x000000037f800000 0x000000037fa00000 0x000000037fa00000 Y/136   Allocating 
 Small   0x000000037fa00000 0x000000037fc00000 0x000000037fc00000 Y/135   Relocatable
 Small   0x000000037fc00000 0x000000037fe00000 0x000000037fe00000 Y/136   Allocating 
 Small   0x000000037fe00000 0x0000000380000000 0x0000000380000000 Y/135   Relocatable
 Small   0x0000000380000000 0x0000000380200000 0x0000000380200000 Y/135   Relocatable
 Small   0x0000000380200000 0x0000000380400000 0x0000000380400000 Y/136   Allocating 
 Small   0x0000000380400000 0x0000000380600000 0x0000000380600000 Y/136   Allocating 
 Small   0x0000000380600000 0x0000000380800000 0x0000000380800000 Y/135   Relocatable
 Small   0x0000000380800000 0x0000000380a00000 0x0000000380a00000 Y/135   Relocatable
 Small   0x0000000380a00000 0x0000000380c00000 0x0000000380c00000 Y/136   Allocating 
 Small   0x0000000380c00000 0x0000000380e00000 0x0000000380e00000 Y/135   Relocatable
 Small   0x0000000380e00000 0x0000000381000000 0x0000000381000000 Y/135   Relocatable
 Small   0x0000000381000000 0x0000000381200000 0x0000000381200000 Y/135   Relocatable
 Small   0x0000000381200000 0x0000000381400000 0x0000000381400000 Y/136   Allocating 
 Small   0x0000000381400000 0x0000000381600000 0x0000000381600000 Y/136   Allocating 
 Small   0x0000000381600000 0x0000000381800000 0x0000000381800000 Y/135   Relocatable
 Small   0x0000000381800000 0x0000000381a00000 0x0000000381a00000 Y/135   Relocatable
 Small   0x0000000381a00000 0x0000000381c00000 0x0000000381c00000 Y/136   Allocating 
 Small   0x0000000381c00000 0x0000000381e00000 0x0000000381e00000 Y/135   Relocatable
 Small   0x0000000381e00000 0x0000000381fff468 0x0000000382000000 O/14    Allocating 
 Small   0x0000000382000000 0x0000000382200000 0x0000000382200000 Y/135   Relocatable
 Small   0x0000000382200000 0x0000000382400000 0x0000000382400000 Y/136   Allocating 
 Small   0x0000000382400000 0x0000000382600000 0x0000000382600000 Y/135   Relocatable
 Small   0x0000000382600000 0x0000000382800000 0x0000000382800000 Y/135   Relocatable
 Small   0x0000000382800000 0x0000000382a00000 0x0000000382a00000 Y/136   Allocating 
 Small   0x0000000382a00000 0x0000000382c00000 0x0000000382c00000 Y/135   Relocatable
 Small   0x0000000382c00000 0x0000000382e00000 0x0000000382e00000 Y/136   Allocating 
 Small   0x0000000382e00000 0x0000000382fffba8 0x0000000383000000 O/14    Allocating 
 Small   0x0000000383000000 0x0000000383200000 0x0000000383200000 Y/136   Allocating 
 Small   0x0000000383200000 0x0000000383400000 0x0000000383400000 Y/135   Relocatable
 Small   0x0000000383400000 0x0000000383600000 0x0000000383600000 Y/135   Relocatable
 Small   0x0000000383600000 0x0000000383800000 0x0000000383800000 Y/135   Relocatable
 Small   0x0000000383800000 0x0000000383a00000 0x0000000383a00000 Y/135   Relocatable
 Small   0x0000000383a00000 0x0000000383c00000 0x0000000383c00000 Y/135   Relocatable
 Small   0x0000000383c00000 0x0000000383e00000 0x0000000383e00000 Y/136   Allocating 
 Small   0x0000000383e00000 0x0000000384000000 0x0000000384000000 Y/135   Relocatable
 Small   0x0000000384000000 0x0000000384200000 0x0000000384200000 Y/136   Allocating 
 Small   0x0000000384200000 0x0000000384400000 0x0000000384400000 Y/135   Relocatable
 Small   0x0000000384400000 0x0000000384600000 0x0000000384600000 Y/136   Allocating 
 Small   0x0000000384600000 0x0000000384800000 0x0000000384800000 Y/135   Relocatable
 Small   0x0000000384800000 0x0000000384a00000 0x0000000384a00000 Y/135   Relocatable
 Small   0x0000000384a00000 0x0000000384c00000 0x0000000384c00000 Y/135   Relocatable
 Small   0x0000000384c00000 0x0000000384e00000 0x0000000384e00000 Y/136   Allocating 
 Small   0x0000000384e00000 0x0000000385000000 0x0000000385000000 Y/136   Allocating 
 Small   0x0000000385000000 0x0000000385200000 0x0000000385200000 Y/136   Allocating 
 Small   0x0000000385200000 0x0000000385400000 0x0000000385400000 Y/135   Relocatable
 Small   0x0000000385400000 0x0000000385600000 0x0000000385600000 Y/136   Allocating 
 Small   0x0000000385600000 0x0000000385800000 0x0000000385800000 Y/135   Relocatable
 Small   0x0000000385800000 0x0000000385a00000 0x0000000385a00000 Y/135   Relocatable
 Small   0x0000000385a00000 0x0000000385c00000 0x0000000385c00000 Y/135   Relocatable
 Small   0x0000000385c00000 0x0000000385e00000 0x0000000385e00000 Y/135   Relocatable
 Small   0x0000000385e00000 0x0000000386000000 0x0000000386000000 Y/135   Relocatable
 Small   0x0000000386000000 0x0000000386200000 0x0000000386200000 Y/135   Relocatable
 Small   0x0000000386200000 0x0000000386400000 0x0000000386400000 Y/135   Relocatable
 Small   0x0000000386400000 0x0000000386600000 0x0000000386600000 Y/135   Relocatable
 Small   0x0000000386600000 0x0000000386800000 0x0000000386800000 Y/136   Allocating 
 Small   0x0000000386800000 0x00000003869ffab8 0x0000000386a00000 O/14    Allocating 
 Small   0x0000000386a00000 0x0000000386c00000 0x0000000386c00000 Y/135   Relocatable
 Small   0x0000000386c00000 0x0000000386dff9c0 0x0000000386e00000 Y/135   Relocatable
 Small   0x0000000386e00000 0x0000000387000000 0x0000000387000000 Y/136   Allocating 
 Small   0x0000000387000000 0x0000000387200000 0x0000000387200000 Y/136   Allocating 
 Small   0x0000000387200000 0x0000000387400000 0x0000000387400000 Y/135   Relocatable
 Small   0x0000000387400000 0x0000000387600000 0x0000000387600000 Y/135   Relocatable
 Small   0x0000000387600000 0x0000000387800000 0x0000000387800000 Y/136   Allocating 
 Small   0x0000000387800000 0x0000000387a00000 0x0000000387a00000 Y/136   Allocating 
 Small   0x0000000387a00000 0x0000000387c00000 0x0000000387c00000 Y/136   Allocating 
 Small   0x0000000387c00000 0x0000000387e00000 0x0000000387e00000 Y/135   Relocatable
 Small   0x0000000387e00000 0x0000000388000000 0x0000000388000000 Y/135   Relocatable
 Small   0x0000000388000000 0x0000000388200000 0x0000000388200000 Y/135   Relocatable
 Small   0x0000000388200000 0x0000000388400000 0x0000000388400000 Y/135   Relocatable
 Small   0x0000000388400000 0x0000000388600000 0x0000000388600000 Y/136   Allocating 
 Small   0x0000000388600000 0x0000000388800000 0x0000000388800000 Y/135   Relocatable
 Small   0x0000000388800000 0x0000000388a00000 0x0000000388a00000 Y/136   Allocating 
 Small   0x0000000388a00000 0x0000000388c00000 0x0000000388c00000 Y/136   Allocating 
 Small   0x0000000388c00000 0x0000000388e00000 0x0000000388e00000 Y/135   Relocatable
 Small   0x0000000388e00000 0x0000000389000000 0x0000000389000000 Y/135   Relocatable
 Small   0x0000000389000000 0x0000000389200000 0x0000000389200000 Y/135   Relocatable
 Small   0x0000000389200000 0x0000000389400000 0x0000000389400000 O/14    Allocating 
 Small   0x0000000389400000 0x0000000389600000 0x0000000389600000 Y/136   Allocating 
 Small   0x0000000389600000 0x0000000389800000 0x0000000389800000 Y/135   Relocatable
 Small   0x0000000389800000 0x0000000389a00000 0x0000000389a00000 Y/136   Allocating 
 Small   0x0000000389a00000 0x0000000389c00000 0x0000000389c00000 Y/136   Allocating 
 Small   0x0000000389c00000 0x0000000389e00000 0x0000000389e00000 Y/135   Relocatable
 Small   0x0000000389e00000 0x000000038a000000 0x000000038a000000 Y/135   Relocatable
 Small   0x000000038a000000 0x000000038a200000 0x000000038a200000 Y/136   Allocating 
 Small   0x000000038a200000 0x000000038a400000 0x000000038a400000 Y/136   Allocating 
 Small   0x000000038a400000 0x000000038a600000 0x000000038a600000 Y/135   Relocatable
 Small   0x000000038a600000 0x000000038a800000 0x000000038a800000 Y/136   Allocating 
 Small   0x000000038a800000 0x000000038aa00000 0x000000038aa00000 Y/135   Relocatable
 Small   0x000000038aa00000 0x000000038ac00000 0x000000038ac00000 Y/135   Relocatable
 Small   0x000000038ac00000 0x000000038ae00000 0x000000038ae00000 Y/135   Relocatable
 Small   0x000000038ae00000 0x000000038b000000 0x000000038b000000 Y/135   Relocatable
 Small   0x000000038b000000 0x000000038b200000 0x000000038b200000 Y/135   Relocatable
 Small   0x000000038b200000 0x000000038b3fff20 0x000000038b400000 Y/135   Relocatable
 Small   0x000000038b400000 0x000000038b600000 0x000000038b600000 Y/135   Relocatable
 Small   0x000000038b600000 0x000000038b800000 0x000000038b800000 Y/136   Allocating 
 Small   0x000000038b800000 0x000000038ba00000 0x000000038ba00000 Y/135   Relocatable
 Small   0x000000038ba00000 0x000000038bc00000 0x000000038bc00000 Y/135   Relocatable
 Small   0x000000038bc00000 0x000000038bdffea0 0x000000038be00000 O/14    Allocating 
 Small   0x000000038be00000 0x000000038c000000 0x000000038c000000 Y/136   Allocating 
 Small   0x000000038c000000 0x000000038c200000 0x000000038c200000 Y/135   Relocatable
 Small   0x000000038c200000 0x000000038c400000 0x000000038c400000 Y/135   Relocatable
 Small   0x000000038c400000 0x000000038c600000 0x000000038c600000 Y/136   Allocating 
 Small   0x000000038c600000 0x000000038c800000 0x000000038c800000 Y/136   Allocating 
 Small   0x000000038c800000 0x000000038ca00000 0x000000038ca00000 Y/135   Relocatable
 Small   0x000000038ca00000 0x000000038cc00000 0x000000038cc00000 Y/135   Relocatable
 Small   0x000000038cc00000 0x000000038cc00f38 0x000000038ce00000 Y/135   Relocatable
 Small   0x000000038ce00000 0x000000038d000000 0x000000038d000000 Y/135   Relocatable
 Small   0x000000038d000000 0x000000038d200000 0x000000038d200000 Y/136   Allocating 
 Small   0x000000038d200000 0x000000038d400000 0x000000038d400000 Y/135   Relocatable
 Small   0x000000038d400000 0x000000038d600000 0x000000038d600000 Y/136   Allocating 
 Small   0x000000038d600000 0x000000038d7fffc0 0x000000038d800000 O/14    Allocating 
 Small   0x000000038d800000 0x000000038da00000 0x000000038da00000 Y/136   Allocating 
 Small   0x000000038da00000 0x000000038dc00000 0x000000038dc00000 Y/136   Allocating 
 Small   0x000000038dc00000 0x000000038de00000 0x000000038de00000 Y/135   Relocatable
 Small   0x000000038de00000 0x000000038e000000 0x000000038e000000 Y/135   Relocatable
 Small   0x000000038e000000 0x000000038e200000 0x000000038e200000 Y/135   Relocatable
 Small   0x000000038e200000 0x000000038e400000 0x000000038e400000 Y/136   Allocating 
 Small   0x000000038e400000 0x000000038e600000 0x000000038e600000 Y/135   Relocatable
 Small   0x000000038e600000 0x000000038e800000 0x000000038e800000 Y/136   Allocating 
 Small   0x000000038e800000 0x000000038ea00000 0x000000038ea00000 Y/136   Allocating 
 Small   0x000000038ea00000 0x000000038ec00000 0x000000038ec00000 Y/136   Allocating 
 Small   0x000000038ec00000 0x000000038ee00000 0x000000038ee00000 Y/136   Allocating 
 Small   0x000000038ee00000 0x000000038f000000 0x000000038f000000 Y/136   Allocating 
 Small   0x000000038f000000 0x000000038f008590 0x000000038f200000 Y/135   Relocatable
 Small   0x000000038f200000 0x000000038f400000 0x000000038f400000 Y/136   Allocating 
 Small   0x000000038f400000 0x000000038f5ffff8 0x000000038f600000 O/14    Allocating 
 Small   0x000000038f600000 0x000000038f800000 0x000000038f800000 Y/136   Allocating 
 Small   0x000000038f800000 0x000000038fa00000 0x000000038fa00000 Y/135   Relocatable
 Small   0x000000038fa00000 0x000000038fc00000 0x000000038fc00000 Y/136   Allocating 
 Small   0x000000038fc00000 0x000000038fe00000 0x000000038fe00000 Y/136   Allocating 
 Small   0x000000038fe00000 0x0000000390000000 0x0000000390000000 Y/136   Allocating 
 Small   0x0000000390000000 0x000000039000b0e0 0x0000000390200000 O/14    Allocating 
 Small   0x0000000390200000 0x0000000390400000 0x0000000390400000 Y/136   Allocating 
 Small   0x0000000390400000 0x0000000390600000 0x0000000390600000 Y/136   Allocating 
 Small   0x0000000390600000 0x0000000390800000 0x0000000390800000 Y/135   Relocatable
 Small   0x0000000390800000 0x0000000390a00000 0x0000000390a00000 Y/135   Relocatable
 Small   0x0000000390a00000 0x0000000390c00000 0x0000000390c00000 Y/135   Relocatable
 Small   0x0000000390c00000 0x0000000390e00000 0x0000000390e00000 Y/136   Allocating 
 Small   0x0000000390e00000 0x0000000391000000 0x0000000391000000 Y/135   Relocatable
 Small   0x0000000391000000 0x0000000391200000 0x0000000391200000 Y/136   Allocating 
 Small   0x0000000391200000 0x0000000391400000 0x0000000391400000 Y/136   Allocating 
 Small   0x0000000391400000 0x0000000391600000 0x0000000391600000 Y/136   Allocating 
 Small   0x0000000391600000 0x0000000391800000 0x0000000391800000 Y/136   Allocating 
 Small   0x0000000391800000 0x0000000391a00000 0x0000000391a00000 Y/135   Relocatable
 Small   0x0000000391a00000 0x0000000391c00000 0x0000000391c00000 Y/135   Relocatable
 Small   0x0000000391c00000 0x0000000391e00000 0x0000000391e00000 Y/135   Relocatable
 Small   0x0000000391e00000 0x0000000392000000 0x0000000392000000 O/14    Allocating 
 Small   0x0000000392000000 0x0000000392200000 0x0000000392200000 Y/135   Relocatable
 Small   0x0000000392200000 0x0000000392400000 0x0000000392400000 Y/136   Allocating 
 Small   0x0000000392400000 0x0000000392600000 0x0000000392600000 Y/135   Relocatable
 Small   0x0000000392600000 0x0000000392800000 0x0000000392800000 Y/135   Relocatable
 Small   0x0000000392800000 0x0000000392a00000 0x0000000392a00000 Y/136   Allocating 
 Small   0x0000000392a00000 0x0000000392c00000 0x0000000392c00000 Y/135   Relocatable
 Small   0x0000000392c00000 0x0000000392e00000 0x0000000392e00000 Y/135   Relocatable
 Small   0x0000000392e00000 0x0000000392e40000 0x0000000393000000 Y/136   Allocating 
 Small   0x0000000393000000 0x0000000393003188 0x0000000393200000 Y/135   Relocatable
 Small   0x0000000393200000 0x0000000393400000 0x0000000393400000 Y/136   Allocating 
 Small   0x0000000393400000 0x0000000393600000 0x0000000393600000 Y/135   Relocatable
 Small   0x0000000393600000 0x0000000393800000 0x0000000393800000 Y/135   Relocatable
 Small   0x0000000393800000 0x0000000393a00000 0x0000000393a00000 Y/135   Relocatable
 Small   0x0000000393a00000 0x0000000393c00000 0x0000000393c00000 Y/135   Relocatable
 Small   0x0000000393c00000 0x0000000393e00000 0x0000000393e00000 Y/135   Relocatable
 Small   0x0000000393e00000 0x0000000393fffe98 0x0000000394000000 Y/135   Relocatable
 Small   0x0000000394000000 0x0000000394200000 0x0000000394200000 Y/136   Allocating 
 Small   0x0000000394200000 0x0000000394400000 0x0000000394400000 Y/135   Relocatable
 Small   0x0000000394400000 0x0000000394437b88 0x0000000394600000 Y/135   Relocatable
 Small   0x0000000394600000 0x0000000394800000 0x0000000394800000 Y/135   Relocatable
 Small   0x0000000394800000 0x0000000394a00000 0x0000000394a00000 Y/136   Allocating 
 Small   0x0000000394a00000 0x0000000394c00000 0x0000000394c00000 Y/136   Allocating 
 Small   0x0000000394c00000 0x0000000394dfff80 0x0000000394e00000 Y/135   Relocatable
 Small   0x0000000394e00000 0x0000000395000000 0x0000000395000000 Y/135   Relocatable
 Small   0x0000000395000000 0x0000000395200000 0x0000000395200000 Y/135   Relocatable
 Small   0x0000000395200000 0x0000000395400000 0x0000000395400000 Y/136   Allocating 
 Small   0x0000000395400000 0x0000000395600000 0x0000000395600000 Y/135   Relocatable
 Small   0x0000000395600000 0x0000000395800000 0x0000000395800000 Y/135   Relocatable
 Small   0x0000000395800000 0x0000000395a00000 0x0000000395a00000 Y/136   Allocating 
 Small   0x0000000395a00000 0x0000000395c00000 0x0000000395c00000 Y/135   Relocatable
 Small   0x0000000395c00000 0x0000000395e00000 0x0000000395e00000 Y/135   Relocatable
 Small   0x0000000395e00000 0x0000000396000000 0x0000000396000000 Y/135   Relocatable
 Small   0x0000000396000000 0x0000000396200000 0x0000000396200000 Y/136   Allocating 
 Small   0x0000000396200000 0x0000000396400000 0x0000000396400000 Y/135   Relocatable
 Small   0x0000000396400000 0x0000000396600000 0x0000000396600000 Y/136   Allocating 
 Small   0x0000000396600000 0x0000000396635238 0x0000000396800000 Y/135   Relocatable
 Small   0x0000000396800000 0x0000000396a00000 0x0000000396a00000 Y/136   Allocating 
 Small   0x0000000396a00000 0x0000000396a1e140 0x0000000396c00000 Y/135   Relocatable
 Small   0x0000000396c00000 0x0000000396e00000 0x0000000396e00000 Y/135   Relocatable
 Small   0x0000000396e00000 0x0000000396e2a578 0x0000000397000000 Y/135   Relocatable
 Small   0x0000000397000000 0x0000000397200000 0x0000000397200000 Y/135   Relocatable
 Small   0x0000000397200000 0x0000000397400000 0x0000000397400000 Y/135   Relocatable
 Small   0x0000000397400000 0x00000003974390c8 0x0000000397600000 Y/135   Relocatable
 Small   0x0000000397600000 0x0000000397800000 0x0000000397800000 Y/135   Relocatable
 Small   0x0000000397800000 0x0000000397a00000 0x0000000397a00000 Y/135   Relocatable
 Small   0x0000000397a00000 0x0000000397c00000 0x0000000397c00000 Y/135   Relocatable
 Small   0x0000000397c00000 0x0000000397e00000 0x0000000397e00000 Y/135   Relocatable
 Small   0x0000000397e00000 0x0000000397ffff88 0x0000000398000000 Y/135   Relocatable
 Small   0x0000000398000000 0x0000000398200000 0x0000000398200000 Y/135   Relocatable
 Small   0x0000000398200000 0x0000000398400000 0x0000000398400000 Y/135   Relocatable
 Small   0x0000000398400000 0x0000000398600000 0x0000000398600000 Y/135   Relocatable
 Small   0x0000000398600000 0x00000003987fffd0 0x0000000398800000 O/14    Allocating 
 Small   0x0000000398800000 0x0000000398a00000 0x0000000398a00000 Y/135   Relocatable
 Small   0x0000000398a00000 0x0000000398c00000 0x0000000398c00000 Y/135   Relocatable
 Small   0x0000000398c00000 0x0000000398dfffe0 0x0000000398e00000 Y/135   Relocatable
 Small   0x0000000398e00000 0x0000000399000000 0x0000000399000000 Y/135   Relocatable
 Small   0x0000000399000000 0x0000000399200000 0x0000000399200000 Y/135   Relocatable
 Small   0x0000000399200000 0x0000000399400000 0x0000000399400000 Y/135   Relocatable
 Small   0x0000000399400000 0x0000000399600000 0x0000000399600000 Y/135   Relocatable
 Small   0x0000000399600000 0x0000000399800000 0x0000000399800000 Y/135   Relocatable
 Small   0x0000000399800000 0x0000000399a00000 0x0000000399a00000 Y/135   Relocatable
 Small   0x0000000399a00000 0x0000000399c00000 0x0000000399c00000 Y/135   Relocatable
 Small   0x0000000399c00000 0x0000000399e00000 0x0000000399e00000 Y/135   Relocatable
 Small   0x0000000399e00000 0x000000039a000000 0x000000039a000000 Y/135   Relocatable
 Small   0x000000039a000000 0x000000039a200000 0x000000039a200000 Y/135   Relocatable
 Small   0x000000039a200000 0x000000039a400000 0x000000039a400000 Y/135   Relocatable
 Small   0x000000039a400000 0x000000039a5f0e28 0x000000039a600000 Y/135   Relocatable
 Small   0x000000039a600000 0x000000039a800000 0x000000039a800000 Y/135   Relocatable
 Small   0x000000039a800000 0x000000039aa00000 0x000000039aa00000 Y/135   Relocatable
 Small   0x000000039aa00000 0x000000039ac00000 0x000000039ac00000 Y/135   Relocatable
 Small   0x000000039ac00000 0x000000039ae00000 0x000000039ae00000 Y/135   Relocatable
 Small   0x000000039ae00000 0x000000039b000000 0x000000039b000000 Y/135   Relocatable
 Small   0x000000039b000000 0x000000039b200000 0x000000039b200000 Y/135   Relocatable
 Small   0x000000039b200000 0x000000039b400000 0x000000039b400000 Y/135   Relocatable
 Small   0x000000039b400000 0x000000039b600000 0x000000039b600000 Y/136   Allocating 
 Small   0x000000039b600000 0x000000039b800000 0x000000039b800000 Y/135   Relocatable
 Small   0x000000039b800000 0x000000039ba00000 0x000000039ba00000 Y/135   Relocatable
 Small   0x000000039ba00000 0x000000039bbfffd8 0x000000039bc00000 O/14    Allocating 
 Small   0x000000039bc00000 0x000000039bdffff8 0x000000039be00000 O/14    Allocating 
 Small   0x000000039be00000 0x000000039c000000 0x000000039c000000 Y/136   Allocating 
 Small   0x000000039c000000 0x000000039c200000 0x000000039c200000 Y/136   Allocating 
 Small   0x000000039c200000 0x000000039c400000 0x000000039c400000 Y/135   Relocatable
 Small   0x000000039c400000 0x000000039c600000 0x000000039c600000 Y/135   Relocatable
 Small   0x000000039c600000 0x000000039c800000 0x000000039c800000 Y/136   Allocating 
 Small   0x000000039c800000 0x000000039ca00000 0x000000039ca00000 Y/136   Allocating 
 Small   0x000000039ca00000 0x000000039cbffff8 0x000000039cc00000 O/14    Allocating 
 Small   0x000000039cc00000 0x000000039ce00000 0x000000039ce00000 Y/135   Relocatable
 Small   0x000000039ce00000 0x000000039d000000 0x000000039d000000 Y/136   Allocating 
 Small   0x000000039d000000 0x000000039d200000 0x000000039d200000 Y/136   Allocating 
 Small   0x000000039d200000 0x000000039d400000 0x000000039d400000 Y/136   Allocating 
 Small   0x000000039d400000 0x000000039d5fffd8 0x000000039d600000 O/14    Allocating 
 Small   0x000000039d600000 0x000000039d800000 0x000000039d800000 Y/136   Allocating 
 Small   0x000000039d800000 0x000000039da00000 0x000000039da00000 Y/135   Relocatable
 Small   0x000000039da00000 0x000000039dc00000 0x000000039dc00000 Y/135   Relocatable
 Small   0x000000039dc00000 0x000000039de00000 0x000000039de00000 Y/136   Allocating 
 Small   0x000000039de00000 0x000000039e000000 0x000000039e000000 Y/135   Relocatable
 Small   0x000000039e000000 0x000000039e200000 0x000000039e200000 Y/135   Relocatable
 Small   0x000000039e200000 0x000000039e400000 0x000000039e400000 Y/135   Relocatable
 Small   0x000000039e400000 0x000000039e5fffa0 0x000000039e600000 O/14    Allocating 
 Small   0x000000039e600000 0x000000039e7ffff0 0x000000039e800000 O/14    Allocating 
 Small   0x000000039e800000 0x000000039e9fffe0 0x000000039ea00000 Y/135   Relocatable
 Small   0x000000039ea00000 0x000000039ec00000 0x000000039ec00000 Y/136   Allocating 
 Small   0x000000039ec00000 0x000000039ee00000 0x000000039ee00000 Y/135   Relocatable
 Small   0x000000039ee00000 0x000000039f000000 0x000000039f000000 Y/135   Relocatable
 Small   0x000000039f000000 0x000000039f200000 0x000000039f200000 Y/135   Relocatable
 Small   0x000000039f200000 0x000000039f400000 0x000000039f400000 Y/135   Relocatable
 Small   0x000000039f400000 0x000000039f600000 0x000000039f600000 Y/136   Allocating 
 Small   0x000000039f600000 0x000000039f800000 0x000000039f800000 Y/136   Allocating 
 Small   0x000000039f800000 0x000000039fa00000 0x000000039fa00000 Y/135   Relocatable
 Small   0x000000039fa00000 0x000000039fc00000 0x000000039fc00000 Y/135   Relocatable
 Small   0x000000039fc00000 0x000000039fe00000 0x000000039fe00000 Y/135   Relocatable
 Small   0x000000039fe00000 0x00000003a0000000 0x00000003a0000000 Y/135   Relocatable
 Small   0x00000003a0000000 0x00000003a0200000 0x00000003a0200000 Y/135   Relocatable
 Small   0x00000003a0200000 0x00000003a0400000 0x00000003a0400000 Y/135   Relocatable
 Small   0x00000003a0400000 0x00000003a0600000 0x00000003a0600000 Y/135   Relocatable
 Small   0x00000003a0600000 0x00000003a0800000 0x00000003a0800000 Y/135   Relocatable
 Small   0x00000003a0800000 0x00000003a0a00000 0x00000003a0a00000 Y/135   Relocatable
 Small   0x00000003a0a00000 0x00000003a0c00000 0x00000003a0c00000 Y/135   Relocatable
 Small   0x00000003a0c00000 0x00000003a0e00000 0x00000003a0e00000 Y/135   Relocatable

ZBarrierSet

Polling page: 0x000001af553a0000

Metaspace:

Usage:
  Non-class:    295.39 MB used.
      Class:     59.59 MB used.
       Both:    354.98 MB used.

Virtual space:
  Non-class space:      320.00 MB reserved,     297.56 MB ( 93%) committed,  5 nodes.
      Class space:        1.00 GB reserved,      61.44 MB (  6%) committed,  1 nodes.
             Both:        1.31 GB reserved,     359.00 MB ( 27%) committed. 

Chunk freelists:
   Non-Class:  6.07 MB
       Class:  2.39 MB
        Both:  8.46 MB

MaxMetaspaceSize: unlimited
CompressedClassSpaceSize: 1.00 GB
Initial GC threshold: 21.00 MB
Current GC threshold: 598.12 MB
CDS: off
 - commit_granule_bytes: 65536.
 - commit_granule_words: 8192.
 - virtual_space_node_default_size: 8388608.
 - enlarge_chunks_in_place: 1.
 - use_allocation_guard: 0.


Internal statistics:

num_allocs_failed_limit: 120.
num_arena_births: 7986.
num_arena_deaths: 978.
num_vsnodes_births: 6.
num_vsnodes_deaths: 0.
num_space_committed: 5737.
num_space_uncommitted: 0.
num_chunks_returned_to_freelist: 1475.
num_chunks_taken_from_freelist: 27840.
num_chunk_merges: 724.
num_chunk_splits: 15640.
num_chunks_enlarged: 8617.
num_inconsistent_stats: 0.

CodeHeap 'non-profiled nmethods': size=119168Kb used=53828Kb max_used=61169Kb free=65339Kb
 bounds [0x000001af62df0000, 0x000001af66aa0000, 0x000001af6a250000]
CodeHeap 'profiled nmethods': size=119104Kb used=54300Kb max_used=94496Kb free=64803Kb
 bounds [0x000001af5b250000, 0x000001af60f70000, 0x000001af626a0000]
CodeHeap 'non-nmethods': size=7488Kb used=4614Kb max_used=6492Kb free=2873Kb
 bounds [0x000001af626a0000, 0x000001af62d20000, 0x000001af62df0000]
 total_blobs=35525 nmethods=31913 adapters=3510
 compilation: enabled
              stopped_count=0, restarted_count=0
 full_count=0

Compilation events (250 events):
Event: 187.715 Thread 0x000001af57411550 79764       3       net.minecraft.Util::writeAndReadTypedOrThrow (29 bytes)
Event: 187.715 Thread 0x000001af57411550 nmethod 79764 0x000001af5b892c10 code [0x000001af5b892ee0, 0x000001af5b893e50]
Event: 187.715 Thread 0x000001af57411550 79765       3       com.mojang.datafixers.Typed::write (16 bytes)
Event: 187.715 Thread 0x000001af57411550 nmethod 79765 0x000001af5cfd9490 code [0x000001af5cfd9720, 0x000001af5cfda2c0]
Event: 187.715 Thread 0x000001af57411550 79766       3       net.minecraft.util.datafix.fixes.NamedEntityWriteReadFix$$Lambda/0x0000000083d89440::apply (12 bytes)
Event: 187.715 Thread 0x000001af57411550 nmethod 79766 0x000001af5b710e90 code [0x000001af5b711040, 0x000001af5b711318]
Event: 187.715 Thread 0x000001af57411550 79767   !   3       net.minecraft.Util::readTypedOrThrow (104 bytes)
Event: 187.716 Thread 0x000001af57411550 nmethod 79767 0x000001af5b79b790 code [0x000001af5b79bb20, 0x000001af5b79d2f8]
Event: 187.716 Thread 0x000001af57411550 79768       3       net.minecraft.util.datafix.fixes.RemoveEmptyItemInBrushableBlockFix::fix (39 bytes)
Event: 187.716 Thread 0x000001af57410c50 79769       4       com.mojang.datafixers.OpticFinder::findType (15 bytes)
Event: 187.716 Thread 0x000001af57411550 nmethod 79768 0x000001af5db2ef10 code [0x000001af5db2f1c0, 0x000001af5db2fe00]
Event: 187.717 Thread 0x000001af57410c50 nmethod 79769 0x000001af65a58390 code [0x000001af65a58540, 0x000001af65a587a0]
Event: 187.719 Thread 0x000001af57410c50 79770       4       net.minecraft.util.datafix.fixes.NamedEntityWriteReadFix$$Lambda/0x0000000080753970::apply (28 bytes)
Event: 187.720 Thread 0x000001af57410c50 nmethod 79770 0x000001af649c1310 code [0x000001af649c14e0, 0x000001af649c18b8]
Event: 187.726 Thread 0x000001af57411550 79771       3       net.minecraft.world.level.block.WallBlock::propagatesSkylightDown (22 bytes)
Event: 187.726 Thread 0x000001af57411550 nmethod 79771 0x000001af5c3bbd10 code [0x000001af5c3bbee0, 0x000001af5c3bc1f8]
Event: 187.762 Thread 0x000001af57411550 79772       3       net.minecraft.Util$$Lambda/0x0000000083d89690::apply (8 bytes)
Event: 187.763 Thread 0x000001af57411550 nmethod 79772 0x000001af5caf1f10 code [0x000001af5caf20c0, 0x000001af5caf2308]
Event: 187.832 Thread 0x000001af57410c50 79773       4       com.mojang.datafixers.optics.Forget$Instance$$Lambda/0x0000000083ae6e80::apply (12 bytes)
Event: 187.833 Thread 0x000001af57410c50 nmethod 79773 0x000001af6644e910 code [0x000001af6644eac0, 0x000001af6644ecc0]
Event: 187.874 Thread 0x000001af57410c50 79774       4       net.minecraft.util.datafix.fixes.NamedEntityWriteReadFix$$Lambda/0x0000000083ae8ed8::apply (29 bytes)
Event: 187.877 Thread 0x000001af57410c50 nmethod 79774 0x000001af669aaf10 code [0x000001af669ab180, 0x000001af669abaf0]
Event: 187.877 Thread 0x000001af57410c50 79775       4       net.minecraft.util.datafix.fixes.NamedEntityWriteReadFix::lambda$fix$1 (36 bytes)
Event: 187.879 Thread 0x000001af57410c50 nmethod 79775 0x000001af6408a390 code [0x000001af6408a5e0, 0x000001af6408acc0]
Event: 188.711 Thread 0x000001af57410c50 79776       4       dev.worldgen.lithostitched.worldgen.structure.AlternateJigsawGenerator$StructurePoolGenerator::getTemplatePoolKey (36 bytes)
Event: 188.715 Thread 0x000001af57410c50 nmethod 79776 0x000001af65c09410 code [0x000001af65c09640, 0x000001af65c09c00]
Event: 189.950 Thread 0x000001af57410c50 79777       4       net.minecraft.core.HolderLookup$RegistryLookup::filterFeatures (34 bytes)
Event: 189.953 Thread 0x000001af57410c50 nmethod 79777 0x000001af64e31410 code [0x000001af64e31600, 0x000001af64e31ad8]
Event: 189.982 Thread 0x000001af57411550 79778       3       com.blackgear.platform.client.v2.render.neoforge.BuiltinItemRendererRegistryImpl::get (18 bytes)
Event: 189.982 Thread 0x000001af57411550 nmethod 79778 0x000001af5cfa1010 code [0x000001af5cfa1200, 0x000001af5cfa1688]
Event: 190.048 Thread 0x000001af57411550 79779       3       com.seibel.distanthorizons.core.render.QuadTree.QuadTreeTickNodeHolder::getWorldGenNodesNearToFar (43 bytes)
Event: 190.048 Thread 0x000001af57411550 nmethod 79779 0x000001af5b535190 code [0x000001af5b535380, 0x000001af5b535880]
Event: 190.205 Thread 0x000001af57411550 79780       3       folk.sisby.surveyor.structure.RegionStructureSummary::contains (95 bytes)
Event: 190.206 Thread 0x000001af57411550 nmethod 79780 0x000001af5d2b5890 code [0x000001af5d2b5be0, 0x000001af5d2b72f8]
Event: 190.332 Thread 0x000001af57410c50 79781       4       net.minecraft.world.level.LevelReader::holderLookup (31 bytes)
Event: 190.342 Thread 0x000001af57410c50 nmethod 79781 0x000001af64b09710 code [0x000001af64b099e0, 0x000001af64b0ab20]
Event: 190.762 Thread 0x000001af57411550 79782       3       com.sun.media.sound.AbstractMidiDeviceProvider::<init> (5 bytes)
Event: 190.762 Thread 0x000001af57411550 nmethod 79782 0x000001af5cd21710 code [0x000001af5cd218c0, 0x000001af5cd21a88]
Event: 190.763 Thread 0x000001af57411550 79783       3       javax.sound.midi.spi.MidiDeviceProvider$$Lambda/0x0000000083062d48::test (12 bytes)
Event: 190.764 Thread 0x000001af57411550 nmethod 79783 0x000001af5c3dfc10 code [0x000001af5c3dfdc0, 0x000001af5c3e00f8]
Event: 190.840 Thread 0x000001af57410c50 79784       4       me.cg360.mod.bridging.util.GameSupport::isStackPlaceable (37 bytes)
Event: 190.859 Thread 0x000001af57410c50 nmethod 79784 0x000001af6690ed10 code [0x000001af6690f1a0, 0x000001af669113a0]
Event: 190.859 Thread 0x000001af57410c50 79785       4       net.neoforged.bus.EventListenerFactory$renderFrameEvent/0x0000000081e0cc00::invoke (7 bytes)
Event: 190.859 Thread 0x000001b3d9b84160 79786       4       net.neoforged.bus.EventListenerFactory$onRenderTickEnd/0x0000000081230800::invoke (11 bytes)
Event: 190.860 Thread 0x000001af57410c50 nmethod 79785 0x000001af664a6210 code [0x000001af664a63a0, 0x000001af664a6460]
Event: 190.860 Thread 0x000001af57410c50 79787       4       org.embeddedt.modernfix.neoforge.init.ModernFixClientForge::onRenderTickEnd (7 bytes)
Event: 190.885 Thread 0x000001af57410c50 nmethod 79787 0x000001af652dbe10 code [0x000001af652dc2e0, 0x000001af652def30]
Event: 190.886 Thread 0x000001af57410c50 79788       4       org.embeddedt.modernfix.ModernFixClient::onRenderTickEnd (134 bytes)
Event: 190.887 Thread 0x000001b3d9b84160 nmethod 79786 0x000001af631b3f90 code [0x000001af631b4480, 0x000001af631b7188]
Event: 190.907 Thread 0x000001b3d9b84160 79789       4       zume.Q$$Lambda/0x000000008128aea0::accept (12 bytes)
Event: 190.908 Thread 0x000001af57410c50 nmethod 79788 0x000001af6507cb90 code [0x000001af6507d060, 0x000001af6507fc48]
Event: 190.908 Thread 0x000001af57410c50 79790       4       zume.m::e (368 bytes)
Event: 190.908 Thread 0x000001b3d9b84160 nmethod 79789 0x000001af656ada10 code [0x000001af656adbc0, 0x000001af656add08]
Event: 190.908 Thread 0x000001b3d9b84160 79791       4       net.neoforged.bus.EventListenerFactory$onRender/0x00000000815a5000::invoke (11 bytes)
Event: 190.912 Thread 0x000001af57410c50 nmethod 79790 0x000001af64cb9b10 code [0x000001af64cb9d80, 0x000001af64cba668]
Event: 190.912 Thread 0x000001af57410c50 79792       4       net.mehvahdjukaar.polytone.neoforge.PolytoneForge::onRender (7 bytes)
Event: 190.924 Thread 0x000001b3d9b84160 nmethod 79791 0x000001af64b9e890 code [0x000001af64b9ec60, 0x000001af64ba0428]
Event: 190.925 Thread 0x000001b3d9b84160 79793       4       net.mehvahdjukaar.polytone.utils.ClientFrameTicker::onRenderTick (161 bytes)
Event: 190.926 Thread 0x000001af57410c50 nmethod 79792 0x000001af639a9190 code [0x000001af639a9560, 0x000001af639aac70]
Event: 190.935 Thread 0x000001b3d9b84160 nmethod 79793 0x000001af664bbd90 code [0x000001af664bc140, 0x000001af664bd780]
Event: 191.031 Thread 0x000001b3d9b84160 79794       4       java.lang.invoke.LambdaForm$MH/0x0000000083d08400::invoke (9 bytes)
Event: 191.032 Thread 0x000001b3d9b84160 nmethod 79794 0x000001af65266f10 code [0x000001af65267080, 0x000001af652670e8]
Event: 191.294 Thread 0x000001af57411550 79795       3       net.minecraft.world.level.chunk.ChunkGeneratorStructureState::hasStructureChunkInRange (73 bytes)
Event: 191.295 Thread 0x000001af57411550 nmethod 79795 0x000001af5c880e90 code [0x000001af5c881080, 0x000001af5c881658]
Event: 191.596 Thread 0x000001af57411550 79796       3       java.math.BigInteger::toByteArray (78 bytes)
Event: 191.597 Thread 0x000001af57411550 nmethod 79796 0x000001af5c4c1d10 code [0x000001af5c4c1ee0, 0x000001af5c4c2280]
Event: 191.986 Thread 0x000001af57410c50 79797       4       imgui.gl3.ImGuiImplGl3::renderDrawData (1120 bytes)
Event: 191.987 Thread 0x000001af57410c50 nmethod 79797 0x000001af659d4f10 code [0x000001af659d50e0, 0x000001af659d5300]
Event: 192.610 Thread 0x000001af57410c50 79798       4       net.minecraft.core.MappedRegistry::wrapAsHolder (27 bytes)
Event: 192.612 Thread 0x000001af57410c50 nmethod 79798 0x000001af66760710 code [0x000001af667608e0, 0x000001af66760cf0]
Event: 192.844 Thread 0x000001af57410c50 79799       4       dev.simulated_team.simulated.content.blocks.auger_shaft.AugerShaftBlock$PlacementHelper::getItemPredicate (6 bytes)
Event: 192.844 Thread 0x000001af57410c50 nmethod 79799 0x000001af65268390 code [0x000001af65268520, 0x000001af652685a0]
Event: 192.844 Thread 0x000001af57410c50 79800       4       com.copycatsplus.copycats.content.copycat.vertical_slope.CopycatVerticalSlopeBlock$PlacementHelper::getItemPredicate (6 bytes)
Event: 192.844 Thread 0x000001af57410c50 nmethod 79800 0x000001af6526c790 code [0x000001af6526c920, 0x000001af6526c9a0]
Event: 193.693 Thread 0x000001af57410c50 79801   !   4       de.maxhenkel.voicechat.plugins.PluginManager::dispatchEvent (116 bytes)
Event: 193.696 Thread 0x000001af57410c50 nmethod 79801 0x000001af63f53d10 code [0x000001af63f53f00, 0x000001af63f54490]
Event: 193.872 Thread 0x000001af57410c50 79802   !   4       de.maxhenkel.rnnoise4j.Denoiser::denoiseInPlace (21 bytes)
Event: 193.873 Thread 0x000001af57410c50 nmethod 79802 0x000001af65a2fd90 code [0x000001af65a2ff20, 0x000001af65a301d8]
Event: 193.873 Thread 0x000001af57410c50 79803   !   4       de.maxhenkel.speex4j.AutomaticGainControl::agc (21 bytes)
Event: 193.874 Thread 0x000001af57410c50 nmethod 79803 0x000001af65bdce10 code [0x000001af65bdcfa0, 0x000001af65bdd250]
Event: 193.890 Thread 0x000001af57410c50 79804       4       de.maxhenkel.voicechat.voice.client.microphone.ALMicrophone::read (107 bytes)
Event: 193.902 Thread 0x000001af57410c50 nmethod 79804 0x000001af66260d10 code [0x000001af66261040, 0x000001af662620a8]
Event: 193.903 Thread 0x000001af57410c50 79805   !   4       de.maxhenkel.speex4j.AutomaticGainControl::isClosed (26 bytes)
Event: 193.903 Thread 0x000001af57410c50 nmethod 79805 0x000001af66260810 code [0x000001af662609a0, 0x000001af66260b98]
Event: 194.379 Thread 0x000001af57410c50 79806   !   4       java.util.Collections$SynchronizedMap::values (50 bytes)
Event: 194.382 Thread 0x000001af57410c50 nmethod 79806 0x000001af65291f90 code [0x000001af652921a0, 0x000001af65292b20]
Event: 194.984 Thread 0x000001af57410c50 79807       4       com.seibel.distanthorizons.core.render.QuadTree.LodRenderSection::lambda$uploadToGpuAsync$0 (70 bytes)
Event: 194.986 Thread 0x000001af57410c50 nmethod 79807 0x000001af65ce8610 code [0x000001af65ce87c0, 0x000001af65ce8ad8]
Event: 195.457 Thread 0x000001af57411550 79808       3       net.minecraft.world.level.levelgen.feature.foliageplacers.MegaJungleFoliagePlacer::createFoliage (83 bytes)
Event: 195.458 Thread 0x000001af57411550 nmethod 79808 0x000001af5b542d10 code [0x000001af5b542ee0, 0x000001af5b5433a8]
Event: 195.465 Thread 0x000001af57411550 79809       3       net.minecraft.world.level.block.BambooStalkBlock::updateShape (103 bytes)
Event: 195.466 Thread 0x000001af57411550 nmethod 79809 0x000001af5cf15d90 code [0x000001af5cf16020, 0x000001af5cf170b0]
Event: 195.580 Thread 0x000001af57411550 79810       3       net.minecraft.world.level.levelgen.structure.BoundingBox::getCenter (62 bytes)
Event: 195.580 Thread 0x000001af57411550 nmethod 79810 0x000001af5beddc90 code [0x000001af5bedde40, 0x000001af5bede170]
Event: 195.894 Thread 0x000001af57410c50 79811   !   4       java.util.concurrent.ConcurrentHashMap$TreeBin::find (191 bytes)
Event: 195.898 Thread 0x000001af57410c50 nmethod 79811 0x000001af66143b10 code [0x000001af66143d00, 0x000001af66144388]
Event: 195.986 Thread 0x000001af57410c50 79812       4       com.seibel.distanthorizons.core.render.QuadTree.LodRenderSection$$Lambda/0x00000000838ee670::apply (20 bytes)
Event: 195.989 Thread 0x000001af57410c50 nmethod 79812 0x000001af6459c910 code [0x000001af6459cae0, 0x000001af6459cf40]
Event: 196.631 Thread 0x000001af57411550 79813       3       net.minecraft.world.level.levelgen.feature.BambooFeature::place (396 bytes)
Event: 196.632 Thread 0x000001af57411550 nmethod 79813 0x000001af5e6f8010 code [0x000001af5e6f8440, 0x000001af5e6fa928]
Event: 196.754 Thread 0x000001af57410c50 79814       4       com.mojang.datafixers.optics.Affine$Instance$$Lambda/0x0000000083afddd8::apply (16 bytes)
Event: 196.756 Thread 0x000001af57410c50 nmethod 79814 0x000001af64a2f690 code [0x000001af64a2f860, 0x000001af64a2fbd0]
Event: 197.330 Thread 0x000001af57410c50 79815       4       net.minecraft.world.level.levelgen.feature.foliageplacers.CherryFoliagePlacer::createFoliage (159 bytes)
Event: 197.334 Thread 0x000001af57410c50 nmethod 79815 0x000001af64f7e090 code [0x000001af64f7e260, 0x000001af64f7e720]
Event: 197.778 Thread 0x000001af57411550 79816       3       dev.worldgen.lithostitched.worldgen.structure.BoxOctree::<init> (7 bytes)
Event: 197.778 Thread 0x000001af57411550 nmethod 79816 0x000001af5c5fad10 code [0x000001af5c5faec0, 0x000001af5c5fb000]
Event: 198.076 Thread 0x000001af57411550 79817       3       com.yungnickyoung.minecraft.yungsapi.world.structure.jigsaw.element.YungJigsawSinglePoolElement::hasModifiers (18 bytes)
Event: 198.076 Thread 0x000001af57411550 nmethod 79817 0x000001af5ce61390 code [0x000001af5ce61540, 0x000001af5ce61790]
Event: 198.238 Thread 0x000001af57411550 79818  s    3       mezz.jei.common.config.file.FileWatcherThread::notifyChanges (119 bytes)
Event: 198.240 Thread 0x000001af57411550 nmethod 79818 0x000001af5d3e8610 code [0x000001af5d3e8a60, 0x000001af5d3ea7d8]
Event: 198.640 Thread 0x000001af57410c50 79819       4       java.math.BigInteger::getInt (63 bytes)
Event: 198.641 Thread 0x000001af57410c50 nmethod 79819 0x000001af66247c90 code [0x000001af66247e20, 0x000001af66247f98]
Event: 198.694 Thread 0x000001af57411550 79820       3       net.minecraft.world.level.block.ChestBlock::getConnectedDirection (36 bytes)
Event: 198.695 Thread 0x000001af57411550 nmethod 79820 0x000001af5d070a10 code [0x000001af5d070c00, 0x000001af5d071048]
Event: 199.389 Thread 0x000001af57410c50 79821       4       net.createmod.catnip.animation.LerpedFloat::updateChaseTarget (29 bytes)
Event: 199.390 Thread 0x000001af57410c50 nmethod 79821 0x000001af65274410 code [0x000001af652745a0, 0x000001af65274648]
Event: 199.501 Thread 0x000001af57411550 79822       3       com.yungnickyoung.minecraft.betterdeserttemples.world.placement.BetterDesertTemplePlacement$$Lambda/0x0000000083d9d128::test (8 bytes)
Event: 199.501 Thread 0x000001af57411550 nmethod 79822 0x000001af5d118910 code [0x000001af5d118ae0, 0x000001af5d118f50]
Event: 199.501 Thread 0x000001af57411550 79823       3       com.yungnickyoung.minecraft.betterdeserttemples.world.placement.BetterDesertTemplePlacement::lambda$isPlacementChunk$6 (30 bytes)
Event: 199.501 Thread 0x000001af57411550 nmethod 79823 0x000001af5c5a3a10 code [0x000001af5c5a3be0, 0x000001af5c5a3ee0]
Event: 199.899 Thread 0x000001af57410c50 79824 % !   4       com.seibel.distanthorizons.core.util.threading.PositionalLockProvider::removeExpiredLocks @ 17 (177 bytes)
Event: 199.910 Thread 0x000001af57410c50 nmethod 79824% 0x000001af64d9d390 code [0x000001af64d9d6a0, 0x000001af64d9ef38]
Event: 200.288 Thread 0x000001af57410c50 79825       4       net.minecraft.world.level.levelgen.feature.foliageplacers.CherryFoliagePlacer::createFoliage (159 bytes)
Event: 200.292 Thread 0x000001af57410c50 nmethod 79825 0x000001af647a2b90 code [0x000001af647a2d60, 0x000001af647a31f0]
Event: 200.523 Thread 0x000001af57410c50 79826       4       com.anthonyhilyard.iceberg.events.client.RenderTickEvents$$Lambda/0x0000000081d776b0::onStart (9 bytes)
Event: 200.558 Thread 0x000001af57410c50 nmethod 79826 0x000001af663da710 code [0x000001af663dad40, 0x000001af663de7e0]
Event: 200.558 Thread 0x000001af57410c50 79827       4       com.anthonyhilyard.iceberg.events.client.RenderTickEvents::lambda$static$0 (35 bytes)
Event: 200.559 Thread 0x000001b3d9b85ca0 79828       4       com.anthonyhilyard.legendarytooltips.client.LegendaryTooltipsClient$$Lambda/0x0000000081d75420::onStart (5 bytes)
Event: 200.559 Thread 0x000001b3d9b84830 79829       4       com.anthonyhilyard.legendarytooltips.LegendaryTooltips::onRenderTick (55 bytes)
Event: 200.585 Thread 0x000001b3d9b85ca0 nmethod 79828 0x000001af66530a90 code [0x000001af66531040, 0x000001af665339c0]
Event: 200.586 Thread 0x000001b3d9b84830 nmethod 79829 0x000001af65d12b90 code [0x000001af65d13140, 0x000001af65d15aa8]
Event: 200.589 Thread 0x000001b3d9b85ca0 79830       4       com.anthonyhilyard.iceberg.config.IcebergConfig::isLoaded (44 bytes)
Event: 200.589 Thread 0x000001b3d9b84830 79831       4       com.anthonyhilyard.legendarytooltips.tooltip.ItemModelComponent::updateTimer (59 bytes)
Event: 200.594 Thread 0x000001b3d9b84830 nmethod 79831 0x000001af6418a410 code [0x000001af6418a6a0, 0x000001af6418afc0]
Event: 200.595 Thread 0x000001b3d9b84830 79832       4       com.anthonyhilyard.iceberg.neoforge.config.NeoForgeIcebergConfigSpec$Builder$$Lambda/0x0000000081ca5810::get (12 bytes)
Event: 200.596 Thread 0x000001b3d9b84830 nmethod 79832 0x000001af662c0690 code [0x000001af662c0840, 0x000001af662c0a38]
Event: 200.597 Thread 0x000001b3d9b85ca0 nmethod 79830 0x000001af645ad310 code [0x000001af645ad5e0, 0x000001af645ae588]
Event: 200.602 Thread 0x000001af57410c50 nmethod 79827 0x000001af65723390 code [0x000001af657239c0, 0x000001af657272b8]
Event: 200.700 Thread 0x000001b3d9b84830 79833       4       java.lang.invoke.LambdaForm$MH/0x0000000083bf9400::invoke (9 bytes)
Event: 200.700 Thread 0x000001b3d9b84830 nmethod 79833 0x000001af65274d10 code [0x000001af65274e80, 0x000001af65274ee8]
Event: 201.627 Thread 0x000001af57411550 79834       3       com.yungnickyoung.minecraft.betterdungeons.world.processor.small_dungeon.SmallDungeonBannerProcessor::processBlock (223 bytes)
Event: 201.629 Thread 0x000001af57411550 nmethod 79834 0x000001af5be37c90 code [0x000001af5be381c0, 0x000001af5be3af88]
Event: 201.629 Thread 0x000001af57411550 79835       3       dev.hybridlabs.aquatic.entity.crustacean.HybridAquaticCrustaceanEntity::<init> (97 bytes)
Event: 201.630 Thread 0x000001af57411550 nmethod 79835 0x000001af5e67d590 code [0x000001af5e67d9c0, 0x000001af5e67f8e0]
Event: 201.630 Thread 0x000001af57411550 79836       3       dev.hybridlabs.aquatic.entity.crustacean.HybridAquaticCrustaceanEntity::defineSynchedData (37 bytes)
Event: 201.630 Thread 0x000001af57411550 nmethod 79836 0x000001af5cbdc290 code [0x000001af5cbdc520, 0x000001af5cbdce10]
Event: 201.836 Thread 0x000001af57410c50 79837       4       net.minecraft.util.debugchart.AbstractSampleLogger::logPartialSample (41 bytes)
Event: 201.837 Thread 0x000001af57410c50 nmethod 79837 0x000001af65d12790 code [0x000001af65d12920, 0x000001af65d12a78]
Event: 202.116 Thread 0x000001af57410c50 79838       4       org.apache.commons.lang3.tuple.Pair::getValue (5 bytes)
Event: 202.117 Thread 0x000001af57410c50 nmethod 79838 0x000001af64a38510 code [0x000001af64a386a0, 0x000001af64a387c8]
Event: 202.147 Thread 0x000001af57411550 79839       3       net.minecraft.world.entity.EntityType::create (46 bytes)
Event: 202.147 Thread 0x000001af57411550 nmethod 79839 0x000001af5bbd9c10 code [0x000001af5bbd9e60, 0x000001af5bbda710]
Event: 202.663 Thread 0x000001af57411550 79840       3       dev.hybridlabs.aquatic.entity.crustacean.HybridAquaticCrustaceanEntity::registerGoals (53 bytes)
Event: 202.664 Thread 0x000001af57411550 nmethod 79840 0x000001af5d1dcd90 code [0x000001af5d1dcfc0, 0x000001af5d1dd3e0]
Event: 202.664 Thread 0x000001af57411550 79842       3       net.minecraft.world.entity.Mob::createBodyControl (9 bytes)
Event: 202.664 Thread 0x000001af57411550 nmethod 79842 0x000001af5bc7c510 code [0x000001af5bc7c6c0, 0x000001af5bc7c958]
Event: 202.664 Thread 0x000001af57411550 79841       3       dev.hybridlabs.aquatic.entity.crustacean.HybridAquaticCrustaceanEntity::setSize (15 bytes)
Event: 202.664 Thread 0x000001af57411550 nmethod 79841 0x000001af5b881310 code [0x000001af5b881500, 0x000001af5b881998]
Event: 202.670 Thread 0x000001af57411550 79843       3       net.minecraft.world.entity.Entity::moveTo (19 bytes)
Event: 202.670 Thread 0x000001af57411550 nmethod 79843 0x000001af5ce51510 code [0x000001af5ce516c0, 0x000001af5ce518a0]
Event: 202.670 Thread 0x000001af57411550 79844       3       dev.hybridlabs.aquatic.entity.HybridAquaticEntityTypes$$Lambda/0x000000008232fa10::create (13 bytes)
Event: 202.670 Thread 0x000001af57411550 nmethod 79844 0x000001af5b9bfa90 code [0x000001af5b9bfd40, 0x000001af5b9c0888]
Event: 202.670 Thread 0x000001af57411550 79845       3       dev.hybridlabs.aquatic.entity.crustacean.YetiCrabEntity::<init> (20 bytes)
Event: 202.671 Thread 0x000001af57411550 nmethod 79845 0x000001af5b4b1890 code [0x000001af5b4b1b40, 0x000001af5b4b25c0]
Event: 202.702 Thread 0x000001af57411550 79846       3       dev.hybridlabs.aquatic.entity.crustacean.HybridAquaticCrustaceanEntity::finalizeSpawn (49 bytes)
Event: 202.703 Thread 0x000001af57411550 nmethod 79846 0x000001af5b766790 code [0x000001af5b766b20, 0x000001af5b767e68]
Event: 203.009 Thread 0x000001af57410c50 79847       4       dev.hybridlabs.aquatic.world.gen.feature.DunegrassFeature::place (393 bytes)
Event: 203.029 Thread 0x000001af57410c50 nmethod 79847 0x000001af6685e410 code [0x000001af6685ea80, 0x000001af66861800]
Event: 203.226 Thread 0x000001af57410c50 79848       4       dev.hybridlabs.aquatic.block.TubeWormBlock::mayPlaceOn (55 bytes)
Event: 203.230 Thread 0x000001af57410c50 nmethod 79848 0x000001af654abd90 code [0x000001af654abfe0, 0x000001af654ac990]
Event: 203.249 Thread 0x000001af57410c50 79849       4       net.minecraft.server.level.ServerLevel::enabledFeatures (13 bytes)
Event: 203.251 Thread 0x000001af57410c50 nmethod 79849 0x000001af64e0ce90 code [0x000001af64e0d040, 0x000001af64e0d288]
Event: 203.351 Thread 0x000001af57411550 79850       3       net.minecraft.world.entity.Mob::<init> (218 bytes)
Event: 203.352 Thread 0x000001af57411550 nmethod 79850 0x000001af5b844f10 code [0x000001af5b845340, 0x000001af5b847218]
Event: 203.384 Thread 0x000001af57411550 79851       1       net.minecraft.server.level.WorldGenRegion::isClientSide (2 bytes)
Event: 203.384 Thread 0x000001af57411550 nmethod 79851 0x000001af65278510 code [0x000001af652786a0, 0x000001af65278768]
Event: 203.384 Thread 0x000001af57411550 79852       3       net.minecraft.world.level.block.SlabBlock::getFluidState (30 bytes)
Event: 203.385 Thread 0x000001af57410c50 79854       4       malte0811.ferritecore.impl.BlockStateCacheImpl::deduplicateCachePost (58 bytes)
Event: 203.385 Thread 0x000001af57411550 nmethod 79852 0x000001af5b425810 code [0x000001af5b425a20, 0x000001af5b426208]
Event: 203.385 Thread 0x000001af57411550 79853       3       net.minecraft.world.level.block.CrossCollisionBlock::propagatesSkylightDown (22 bytes)
Event: 203.385 Thread 0x000001af57411550 nmethod 79853 0x000001af5c9bef10 code [0x000001af5c9bf0e0, 0x000001af5c9bf3f8]
Event: 203.385 Thread 0x000001af57411550 79855       3       net.minecraft.world.level.block.FenceBlock::updateShape (107 bytes)
Event: 203.386 Thread 0x000001af57411550 nmethod 79855 0x000001af5ce4f990 code [0x000001af5ce4fc40, 0x000001af5ce50ae8]
Event: 203.386 Thread 0x000001af57411550 79856       3       net.minecraft.world.level.block.Block::isExceptionForConnection (105 bytes)
Event: 203.387 Thread 0x000001af57411550 nmethod 79856 0x000001af5b6c6d90 code [0x000001af5b6c7100, 0x000001af5b6c9328]
Event: 203.387 Thread 0x000001af57411550 79857       3       net.minecraft.world.level.block.Block::handler$gpa000$another_furniture$onIsExceptionForConnection (19 bytes)
Event: 203.388 Thread 0x000001af57411550 nmethod 79857 0x000001af5c322790 code [0x000001af5c3229a0, 0x000001af5c3230c0]
Event: 203.403 Thread 0x000001af57410c50 nmethod 79854 0x000001af6434d290 code [0x000001af6434d780, 0x000001af64350220]
Event: 203.619 Thread 0x000001af57410c50 79858       4       net.minecraft.util.StaticCache2D::create (34 bytes)
Event: 203.621 Thread 0x000001af57410c50 nmethod 79858 0x000001af64a38110 code [0x000001af64a382a0, 0x000001af64a383e8]
Event: 204.179 Thread 0x000001af57411550 79859       3       net.minecraft.world.level.block.TallSeagrassBlock::canSurvive (100 bytes)
Event: 204.181 Thread 0x000001af57411550 nmethod 79859 0x000001af5e133e10 code [0x000001af5e1340c0, 0x000001af5e135098]
Event: 204.707 Thread 0x000001af57411550 79860       3       dev.worldgen.lithostitched.config.ConfigHandler::getConfig (4 bytes)
Event: 204.707 Thread 0x000001af57411550 nmethod 79860 0x000001af5b9b4a10 code [0x000001af5b9b4ba0, 0x000001af5b9b4cd0]
Event: 204.746 Thread 0x000001af57411550 79861       3       net.minecraft.world.level.levelgen.feature.IcebergFeature::heightDependentRadiusRound (101 bytes)
Event: 204.747 Thread 0x000001af57411550 nmethod 79861 0x000001af5c34fb10 code [0x000001af5c34fd40, 0x000001af5c3502f0]
Event: 204.747 Thread 0x000001af57410c50 79862       4       net.minecraft.world.level.levelgen.feature.IcebergFeature::heightDependentRadiusRound (101 bytes)
Event: 204.754 Thread 0x000001af57410c50 nmethod 79862 0x000001af652f7390 code [0x000001af652f7660, 0x000001af652f8bb0]
Event: 205.082 Thread 0x000001af57410c50 79863       4       org.apache.commons.lang3.tuple.Pair::getKey (5 bytes)
Event: 205.083 Thread 0x000001af57410c50 nmethod 79863 0x000001af64264d90 code [0x000001af64264f20, 0x000001af64265048]
Event: 205.600 Thread 0x000001af57410c50 79864       4       net.minecraft.util.datafix.fixes.BlockPosFormatAndRenamesFix$$Lambda/0x0000000080759830::apply (16 bytes)
Event: 205.602 Thread 0x000001af57410c50 nmethod 79864 0x000001af64ea6110 code [0x000001af64ea62e0, 0x000001af64ea65d8]
Event: 205.602 Thread 0x000001af57410c50 79865       4       dan200.computercraft.shared.datafix.ComponentizationFixers$$Lambda/0x000000008075a5a0::apply (16 bytes)
Event: 205.604 Thread 0x000001af57410c50 nmethod 79865 0x000001af63e5bb90 code [0x000001af63e5bd40, 0x000001af63e5bee0]
Event: 205.696 Thread 0x000001af57411550 79866       3       net.minecraft.world.level.levelgen.feature.IcebergFeature::isIcebergState (36 bytes)
Event: 205.697 Thread 0x000001af57411550 nmethod 79866 0x000001af5c862990 code [0x000001af5c862ba0, 0x000001af5c8635e0]
Event: 205.697 Thread 0x000001af57410c50 79867       4       net.minecraft.world.level.levelgen.feature.IcebergFeature::isIcebergState (36 bytes)
Event: 205.697 Thread 0x000001af57411550 79868 %     3       net.minecraft.world.level.levelgen.feature.IcebergFeature::place @ 439 (633 bytes)
Event: 205.699 Thread 0x000001af57411550 nmethod 79868% 0x000001af5ebd4310 code [0x000001af5ebd47e0, 0x000001af5ebd6fd0]
Event: 205.699 Thread 0x000001af57410c50 nmethod 79867 0x000001af6434cd10 code [0x000001af6434cea0, 0x000001af6434cfe0]
Event: 205.703 Thread 0x000001af57410c50 79869       4       net.minecraft.world.level.levelgen.feature.IcebergFeature::heightDependentRadiusEllipse (32 bytes)
Event: 205.703 Thread 0x000001af57411550 79870       3       net.minecraft.world.level.levelgen.feature.IcebergFeature::place (633 bytes)
Event: 205.703 Thread 0x000001af57410c50 nmethod 79869 0x000001af6527b390 code [0x000001af6527b540, 0x000001af6527b630]
Event: 205.704 Thread 0x000001af57411550 nmethod 79870 0x000001af5bfb5e90 code [0x000001af5bfb6340, 0x000001af5bfb8718]
Event: 205.783 Thread 0x000001af57411550 79871       3       java.util.ServiceLoader::load (20 bytes)
Event: 205.783 Thread 0x000001af57411550 nmethod 79871 0x000001af5b30ab90 code [0x000001af5b30ad60, 0x000001af5b30b038]
Event: 205.797 Thread 0x000001af57411550 79872       3       net.minecraft.world.level.levelgen.feature.rootplacers.RootPlacer$$Lambda/0x0000000083ce5cf0::test (11 bytes)
Event: 205.798 Thread 0x000001af57411550 nmethod 79872 0x000001af5b4d6990 code [0x000001af5b4d6b60, 0x000001af5b4d70d8]
Event: 205.871 Thread 0x000001af57410c50 79873       4       com.simibubi.create.content.contraptions.ContraptionHandler::tick (183 bytes)
Event: 205.874 Thread 0x000001af57411550 79874       3       org.lwjgl.openal.ALC10::nalcGetString (14 bytes)
Event: 205.874 Thread 0x000001af57411550 nmethod 79874 0x000001af5c55a790 code [0x000001af5c55a9a0, 0x000001af5c55af10]
Event: 205.912 Thread 0x000001af57410c50 nmethod 79873 0x000001af63149810 code [0x000001af63149ea0, 0x000001af6314ee80]
Event: 205.938 Thread 0x000001af57410c50 79875       4       com.simibubi.create.content.contraptions.minecart.capability.CapabilityMinecartController::tick (447 bytes)
Event: 206.050 Thread 0x000001af57410c50 nmethod 79875 0x000001af65d63c10 code [0x000001af65d64920, 0x000001af65d70268]
Event: 206.414 Thread 0x000001af57410c50 79876       4       net.minecraft.world.level.levelgen.feature.IcebergFeature::belowIsAir (14 bytes)
Event: 206.417 Thread 0x000001af57410c50 nmethod 79876 0x000001af65031290 code [0x000001af65031460, 0x000001af65031718]
Event: 206.597 Thread 0x000001af57411550 79877       3       com.yungnickyoung.minecraft.bettermineshafts.world.generator.pieces.BetterMineshaftPiece::<init> (14 bytes)
Event: 206.597 Thread 0x000001af57411550 nmethod 79877 0x000001af5bcfdf10 code [0x000001af5bcfe0e0, 0x000001af5bcfe468]
Event: 206.908 Thread 0x000001af57410c50 79878   !   4       com.seibel.distanthorizons.core.util.threading.PositionalLockProvider::removeExpiredLocks (177 bytes)
Event: 206.928 Thread 0x000001af57410c50 nmethod 79878 0x000001af62fff910 code [0x000001af62fffc80, 0x000001af63001b68]
Event: 207.013 Thread 0x000001af57410c50 79879       4       net.minecraft.client.renderer.entity.layers.ElytraLayer::render (222 bytes)
Event: 207.019 Thread 0x000001af57410c50 nmethod 79879 0x000001af66123d90 code [0x000001af66123fe0, 0x000001af66124e98]
Event: 207.019 Thread 0x000001af57410c50 79880       4       net.minecraft.client.renderer.entity.layers.ElytraLayer::shouldRender (16 bytes)
Event: 207.020 Thread 0x000001af57410c50 nmethod 79880 0x000001af647c9510 code [0x000001af647c96a0, 0x000001af647c97e8]
Event: 207.092 Thread 0x000001af57411550 79881       3       net.minecraft.server.packs.resources.FallbackResourceManager::getResourceStack (197 bytes)
Event: 207.093 Thread 0x000001af57411550 nmethod 79881 0x000001af5b62b810 code [0x000001af5b62bd20, 0x000001af5b62e640]
Event: 207.210 Thread 0x000001af57410c50 79882       4       com.yungnickyoung.minecraft.bettermineshafts.world.generator.pieces.BetterMineshaftPiece::addVines (237 bytes)
Event: 207.245 Thread 0x000001af57410c50 nmethod 79882 0x000001af650dcf10 code [0x000001af650dd3c0, 0x000001af650e0138]
Event: 207.833 Thread 0x000001af57411550 79883       3       com.yungnickyoung.minecraft.bettermineshafts.world.generator.pieces.SmallTunnelStairs::<init> (17 bytes)
Event: 207.833 Thread 0x000001af57410c50 79885       4       net.minecraft.world.level.levelgen.structure.pieces.StructurePiecesBuilder::findCollisionPiece (9 bytes)
Event: 207.834 Thread 0x000001af57411550 nmethod 79883 0x000001af5ba26190 code [0x000001af5ba26380, 0x000001af5ba26888]
Event: 207.834 Thread 0x000001af57411550 79884       3       com.yungnickyoung.minecraft.bettermineshafts.world.generator.pieces.SmallTunnelStairs::addChildren (214 bytes)
Event: 207.834 Thread 0x000001af57411550 nmethod 79884 0x000001af5b532690 code [0x000001af5b5328c0, 0x000001af5b532fa0]
Event: 207.838 Thread 0x000001af57410c50 nmethod 79885 0x000001af64979210 code [0x000001af649793e0, 0x000001af64979c10]
Event: 208.384 Thread 0x000001af57410c50 79886       4       net.minecraft.world.level.levelgen.structure.structures.JigsawStructure::type (4 bytes)
Event: 208.384 Thread 0x000001af57410c50 nmethod 79886 0x000001af65288b90 code [0x000001af65288d20, 0x000001af65288da0]
Event: 208.716 Thread 0x000001af57411550 79887       3       com.sun.crypto.provider.GaloisCounterMode$GCMDecrypt::findTag (110 bytes)
Event: 208.717 Thread 0x000001af57411550 nmethod 79887 0x000001af5b277210 code [0x000001af5b277420, 0x000001af5b277bf0]
Event: 208.717 Thread 0x000001af57411550 79888       3       com.sun.crypto.provider.GaloisCounterMode$GCMDecrypt::decryptBlocks (266 bytes)
Event: 208.717 Thread 0x000001af57411550 nmethod 79888 0x000001af5baab610 code [0x000001af5baab860, 0x000001af5baac6f8]

GC Heap History (250 events):
Event: 55.009 GC heap before
{Heap before GC invocations=14 (full 9):
 ZHeap           used 8318M, capacity 16384M, max capacity 16384M
 Metaspace       used 354312K, committed 358592K, reserved 1376256K
  class space    used 60485K, committed 62400K, reserved 1048576K
}
Event: 55.632 GC heap after
{Heap after GC invocations=15 (full 9):
 ZHeap           used 3672M, capacity 16384M, max capacity 16384M
 Metaspace       used 354762K, committed 359104K, reserved 1376256K
  class space    used 60515K, committed 62464K, reserved 1048576K
}
Event: 55.656 GC heap before
{Heap before GC invocations=15 (full 9):
 ZHeap           used 3730M, capacity 16384M, max capacity 16384M
 Metaspace       used 354769K, committed 359104K, reserved 1376256K
  class space    used 60518K, committed 62464K, reserved 1048576K
}
Event: 55.775 GC heap after
{Heap after GC invocations=16 (full 9):
 ZHeap           used 2754M, capacity 16384M, max capacity 16384M
 Metaspace       used 354838K, committed 359168K, reserved 1376256K
  class space    used 60519K, committed 62464K, reserved 1048576K
}
Event: 55.809 GC heap before
{Heap before GC invocations=16 (full 9):
 ZHeap           used 3016M, capacity 16384M, max capacity 16384M
 Metaspace       used 354859K, committed 359168K, reserved 1376256K
  class space    used 60519K, committed 62464K, reserved 1048576K
}
Event: 55.902 GC heap after
{Heap after GC invocations=17 (full 9):
 ZHeap           used 2888M, capacity 16384M, max capacity 16384M
 Metaspace       used 354951K, committed 359232K, reserved 1376256K
  class space    used 60519K, committed 62464K, reserved 1048576K
}
Event: 55.902 GC heap after
{Heap after GC invocations=17 (full 9):
 ZHeap           used 2888M, capacity 16384M, max capacity 16384M
 Metaspace       used 354951K, committed 359232K, reserved 1376256K
  class space    used 60519K, committed 62464K, reserved 1048576K
}
Event: 55.975 GC heap before
{Heap before GC invocations=17 (full 9):
 ZHeap           used 3144M, capacity 16384M, max capacity 16384M
 Metaspace       used 354992K, committed 359296K, reserved 1376256K
  class space    used 60521K, committed 62464K, reserved 1048576K
}
Event: 56.013 GC heap after
{Heap after GC invocations=18 (full 10):
 ZHeap           used 2424M, capacity 16384M, max capacity 16384M
 Metaspace       used 355010K, committed 359296K, reserved 1376256K
  class space    used 60522K, committed 62464K, reserved 1048576K
}
Event: 56.013 GC heap before
{Heap before GC invocations=18 (full 10):
 ZHeap           used 2424M, capacity 16384M, max capacity 16384M
 Metaspace       used 355010K, committed 359296K, reserved 1376256K
  class space    used 60522K, committed 62464K, reserved 1048576K
}
Event: 56.537 GC heap before
{Heap before GC invocations=18 (full 10):
 ZHeap           used 4952M, capacity 16384M, max capacity 16384M
 Metaspace       used 355379K, committed 359744K, reserved 1376256K
  class space    used 60531K, committed 62464K, reserved 1048576K
}
Event: 56.610 GC heap after
{Heap after GC invocations=19 (full 10):
 ZHeap           used 2942M, capacity 16384M, max capacity 16384M
 Metaspace       used 355433K, committed 359744K, reserved 1376256K
  class space    used 60531K, committed 62464K, reserved 1048576K
}
Event: 58.484 GC heap before
{Heap before GC invocations=19 (full 10):
 ZHeap           used 10966M, capacity 16384M, max capacity 16384M
 Metaspace       used 356570K, committed 360832K, reserved 1376256K
  class space    used 60556K, committed 62464K, reserved 1048576K
}
Event: 58.768 GC heap after
{Heap after GC invocations=20 (full 10):
 ZHeap           used 4000M, capacity 16384M, max capacity 16384M
 Metaspace       used 356643K, committed 360896K, reserved 1376256K
  class space    used 60556K, committed 62464K, reserved 1048576K
}
Event: 59.857 GC heap before
{Heap before GC invocations=20 (full 10):
 ZHeap           used 9602M, capacity 16384M, max capacity 16384M
 Metaspace       used 357026K, committed 361280K, reserved 1376256K
  class space    used 60573K, committed 62464K, reserved 1048576K
}
Event: 60.451 GC heap after
{Heap after GC invocations=21 (full 10):
 ZHeap           used 4704M, capacity 16384M, max capacity 16384M
 Metaspace       used 357200K, committed 361664K, reserved 1376256K
  class space    used 60509K, committed 62528K, reserved 1048576K
}
Event: 60.801 GC heap after
{Heap after GC invocations=21 (full 10):
 ZHeap           used 5584M, capacity 16384M, max capacity 16384M
 Metaspace       used 357349K, committed 361664K, reserved 1376256K
  class space    used 60512K, committed 62528K, reserved 1048576K
}
Event: 60.886 GC heap before
{Heap before GC invocations=21 (full 10):
 ZHeap           used 6204M, capacity 16384M, max capacity 16384M
 Metaspace       used 357395K, committed 361664K, reserved 1376256K
  class space    used 60521K, committed 62528K, reserved 1048576K
}
Event: 61.118 GC heap after
{Heap after GC invocations=22 (full 10):
 ZHeap           used 3678M, capacity 16384M, max capacity 16384M
 Metaspace       used 357449K, committed 361664K, reserved 1376256K
  class space    used 60522K, committed 62528K, reserved 1048576K
}
Event: 61.662 GC heap before
{Heap before GC invocations=22 (full 10):
 ZHeap           used 6692M, capacity 16384M, max capacity 16384M
 Metaspace       used 357574K, committed 361792K, reserved 1376256K
  class space    used 60523K, committed 62528K, reserved 1048576K
}
Event: 61.956 GC heap after
{Heap after GC invocations=23 (full 10):
 ZHeap           used 4024M, capacity 16384M, max capacity 16384M
 Metaspace       used 357703K, committed 361920K, reserved 1376256K
  class space    used 60523K, committed 62528K, reserved 1048576K
}
Event: 62.669 GC heap before
{Heap before GC invocations=23 (full 10):
 ZHeap           used 8608M, capacity 16384M, max capacity 16384M
 Metaspace       used 358098K, committed 362368K, reserved 1376256K
  class space    used 60531K, committed 62528K, reserved 1048576K
}
Event: 62.980 GC heap after
{Heap after GC invocations=24 (full 10):
 ZHeap           used 3954M, capacity 16384M, max capacity 16384M
 Metaspace       used 358116K, committed 362368K, reserved 1376256K
  class space    used 60531K, committed 62528K, reserved 1048576K
}
Event: 63.870 GC heap before
{Heap before GC invocations=24 (full 10):
 ZHeap           used 9746M, capacity 16384M, max capacity 16384M
 Metaspace       used 358520K, committed 362752K, reserved 1376256K
  class space    used 60551K, committed 62528K, reserved 1048576K
}
Event: 64.161 GC heap after
{Heap after GC invocations=25 (full 10):
 ZHeap           used 4688M, capacity 16384M, max capacity 16384M
 Metaspace       used 358614K, committed 362816K, reserved 1376256K
  class space    used 60559K, committed 62528K, reserved 1048576K
}
Event: 64.879 GC heap before
{Heap before GC invocations=25 (full 10):
 ZHeap           used 9976M, capacity 16384M, max capacity 16384M
 Metaspace       used 358865K, committed 363008K, reserved 1376256K
  class space    used 60577K, committed 62528K, reserved 1048576K
}
Event: 65.119 GC heap after
{Heap after GC invocations=26 (full 10):
 ZHeap           used 4180M, capacity 16384M, max capacity 16384M
 Metaspace       used 358883K, committed 363072K, reserved 1376256K
  class space    used 60577K, committed 62528K, reserved 1048576K
}
Event: 65.906 GC heap before
{Heap before GC invocations=26 (full 10):
 ZHeap           used 9146M, capacity 16384M, max capacity 16384M
 Metaspace       used 359113K, committed 363264K, reserved 1376256K
  class space    used 60578K, committed 62528K, reserved 1048576K
}
Event: 66.197 GC heap after
{Heap after GC invocations=27 (full 10):
 ZHeap           used 4236M, capacity 16384M, max capacity 16384M
 Metaspace       used 359134K, committed 363264K, reserved 1376256K
  class space    used 60581K, committed 62528K, reserved 1048576K
}
Event: 67.631 GC heap before
{Heap before GC invocations=27 (full 10):
 ZHeap           used 9538M, capacity 16384M, max capacity 16384M
 Metaspace       used 359213K, committed 363328K, reserved 1376256K
  class space    used 60583K, committed 62528K, reserved 1048576K
}
Event: 67.850 GC heap after
{Heap after GC invocations=28 (full 10):
 ZHeap           used 3090M, capacity 16384M, max capacity 16384M
 Metaspace       used 359249K, committed 363392K, reserved 1376256K
  class space    used 60583K, committed 62528K, reserved 1048576K
}
Event: 70.816 GC heap before
{Heap before GC invocations=28 (full 10):
 ZHeap           used 9938M, capacity 16384M, max capacity 16384M
 Metaspace       used 359297K, committed 363456K, reserved 1376256K
  class space    used 60584K, committed 62528K, reserved 1048576K
}
Event: 70.974 GC heap after
{Heap after GC invocations=29 (full 10):
 ZHeap           used 2950M, capacity 16384M, max capacity 16384M
 Metaspace       used 359321K, committed 363456K, reserved 1376256K
  class space    used 60589K, committed 62528K, reserved 1048576K
}
Event: 72.722 GC heap before
{Heap before GC invocations=29 (full 10):
 ZHeap           used 11512M, capacity 16384M, max capacity 16384M
 Metaspace       used 359647K, committed 363776K, reserved 1376256K
  class space    used 60606K, committed 62528K, reserved 1048576K
}
Event: 73.013 GC heap after
{Heap after GC invocations=30 (full 10):
 ZHeap           used 4380M, capacity 16384M, max capacity 16384M
 Metaspace       used 359673K, committed 363776K, reserved 1376256K
  class space    used 60608K, committed 62528K, reserved 1048576K
}
Event: 73.638 GC heap before
{Heap before GC invocations=30 (full 10):
 ZHeap           used 7922M, capacity 16384M, max capacity 16384M
 Metaspace       used 359884K, committed 363968K, reserved 1376256K
  class space    used 60664K, committed 62528K, reserved 1048576K
}
Event: 73.991 GC heap after
{Heap after GC invocations=31 (full 10):
 ZHeap           used 5098M, capacity 16384M, max capacity 16384M
 Metaspace       used 359904K, committed 363968K, reserved 1376256K
  class space    used 60668K, committed 62528K, reserved 1048576K
}
Event: 74.104 GC heap before
{Heap before GC invocations=31 (full 10):
 ZHeap           used 5948M, capacity 16384M, max capacity 16384M
 Metaspace       used 359911K, committed 363968K, reserved 1376256K
  class space    used 60668K, committed 62528K, reserved 1048576K
}
Event: 74.434 GC heap after
{Heap after GC invocations=32 (full 10):
 ZHeap           used 4508M, capacity 16384M, max capacity 16384M
 Metaspace       used 359915K, committed 363968K, reserved 1376256K
  class space    used 60668K, committed 62528K, reserved 1048576K
}
Event: 75.316 GC heap before
{Heap before GC invocations=32 (full 10):
 ZHeap           used 9598M, capacity 16384M, max capacity 16384M
 Metaspace       used 360290K, committed 364352K, reserved 1376256K
  class space    used 60729K, committed 62592K, reserved 1048576K
}
Event: 75.849 GC heap after
{Heap after GC invocations=33 (full 10):
 ZHeap           used 5392M, capacity 16384M, max capacity 16384M
 Metaspace       used 360317K, committed 364352K, reserved 1376256K
  class space    used 60730K, committed 62592K, reserved 1048576K
}
Event: 75.956 GC heap before
{Heap before GC invocations=33 (full 10):
 ZHeap           used 5772M, capacity 16384M, max capacity 16384M
 Metaspace       used 360319K, committed 364416K, reserved 1376256K
  class space    used 60730K, committed 62592K, reserved 1048576K
}
Event: 76.405 GC heap after
{Heap after GC invocations=34 (full 10):
 ZHeap           used 5118M, capacity 16384M, max capacity 16384M
 Metaspace       used 360328K, committed 364416K, reserved 1376256K
  class space    used 60730K, committed 62592K, reserved 1048576K
}
Event: 76.814 GC heap before
{Heap before GC invocations=34 (full 10):
 ZHeap           used 7378M, capacity 16384M, max capacity 16384M
 Metaspace       used 360393K, committed 364480K, reserved 1376256K
  class space    used 60738K, committed 62592K, reserved 1048576K
}
Event: 77.078 GC heap after
{Heap after GC invocations=35 (full 10):
 ZHeap           used 3640M, capacity 16384M, max capacity 16384M
 Metaspace       used 360405K, committed 364480K, reserved 1376256K
  class space    used 60739K, committed 62592K, reserved 1048576K
}
Event: 78.024 GC heap before
{Heap before GC invocations=35 (full 10):
 ZHeap           used 6912M, capacity 16384M, max capacity 16384M
 Metaspace       used 360421K, committed 364480K, reserved 1376256K
  class space    used 60740K, committed 62592K, reserved 1048576K
}
Event: 78.452 GC heap after
{Heap after GC invocations=36 (full 10):
 ZHeap           used 4766M, capacity 16384M, max capacity 16384M
 Metaspace       used 360458K, committed 364544K, reserved 1376256K
  class space    used 60741K, committed 62592K, reserved 1048576K
}
Event: 78.922 GC heap before
{Heap before GC invocations=36 (full 10):
 ZHeap           used 6776M, capacity 16384M, max capacity 16384M
 Metaspace       used 360500K, committed 364608K, reserved 1376256K
  class space    used 60746K, committed 62656K, reserved 1048576K
}
Event: 79.468 GC heap after
{Heap after GC invocations=37 (full 11):
 ZHeap           used 5360M, capacity 16384M, max capacity 16384M
 Metaspace       used 360507K, committed 364608K, reserved 1376256K
  class space    used 60746K, committed 62656K, reserved 1048576K
}
Event: 79.468 GC heap before
{Heap before GC invocations=37 (full 11):
 ZHeap           used 5360M, capacity 16384M, max capacity 16384M
 Metaspace       used 360507K, committed 364608K, reserved 1376256K
  class space    used 60746K, committed 62656K, reserved 1048576K
}
Event: 80.469 GC heap before
{Heap before GC invocations=37 (full 11):
 ZHeap           used 7790M, capacity 16384M, max capacity 16384M
 Metaspace       used 360534K, committed 364672K, reserved 1376256K
  class space    used 60746K, committed 62656K, reserved 1048576K
}
Event: 80.809 GC heap after
{Heap after GC invocations=38 (full 11):
 ZHeap           used 5094M, capacity 16384M, max capacity 16384M
 Metaspace       used 360539K, committed 364672K, reserved 1376256K
  class space    used 60746K, committed 62656K, reserved 1048576K
}
Event: 81.723 GC heap before
{Heap before GC invocations=38 (full 11):
 ZHeap           used 9542M, capacity 16384M, max capacity 16384M
 Metaspace       used 360541K, committed 364672K, reserved 1376256K
  class space    used 60746K, committed 62656K, reserved 1048576K
}
Event: 82.122 GC heap after
{Heap after GC invocations=39 (full 11):
 ZHeap           used 5662M, capacity 16384M, max capacity 16384M
 Metaspace       used 360544K, committed 364672K, reserved 1376256K
  class space    used 60746K, committed 62656K, reserved 1048576K
}
Event: 82.820 GC heap before
{Heap before GC invocations=39 (full 11):
 ZHeap           used 8544M, capacity 16384M, max capacity 16384M
 Metaspace       used 360591K, committed 364736K, reserved 1376256K
  class space    used 60750K, committed 62656K, reserved 1048576K
}
Event: 83.289 GC heap after
{Heap after GC invocations=40 (full 11):
 ZHeap           used 5306M, capacity 16384M, max capacity 16384M
 Metaspace       used 360780K, committed 364928K, reserved 1376256K
  class space    used 60765K, committed 62656K, reserved 1048576K
}
Event: 83.289 GC heap after
{Heap after GC invocations=40 (full 11):
 ZHeap           used 5306M, capacity 16384M, max capacity 16384M
 Metaspace       used 360780K, committed 364928K, reserved 1376256K
  class space    used 60765K, committed 62656K, reserved 1048576K
}
Event: 83.501 GC heap before
{Heap before GC invocations=40 (full 11):
 ZHeap           used 6512M, capacity 16384M, max capacity 16384M
 Metaspace       used 360794K, committed 364928K, reserved 1376256K
  class space    used 60765K, committed 62656K, reserved 1048576K
}
Event: 83.949 GC heap after
{Heap after GC invocations=41 (full 11):
 ZHeap           used 5194M, capacity 16384M, max capacity 16384M
 Metaspace       used 360830K, committed 364928K, reserved 1376256K
  class space    used 60768K, committed 62656K, reserved 1048576K
}
Event: 84.832 GC heap before
{Heap before GC invocations=41 (full 11):
 ZHeap           used 9230M, capacity 16384M, max capacity 16384M
 Metaspace       used 361044K, committed 365184K, reserved 1376256K
  class space    used 60772K, committed 62656K, reserved 1048576K
}
Event: 85.328 GC heap after
{Heap after GC invocations=42 (full 11):
 ZHeap           used 5146M, capacity 16384M, max capacity 16384M
 Metaspace       used 361117K, committed 365248K, reserved 1376256K
  class space    used 60773K, committed 62656K, reserved 1048576K
}
Event: 86.046 GC heap before
{Heap before GC invocations=42 (full 11):
 ZHeap           used 8792M, capacity 16384M, max capacity 16384M
 Metaspace       used 361222K, committed 365376K, reserved 1376256K
  class space    used 60775K, committed 62656K, reserved 1048576K
}
Event: 86.550 GC heap after
{Heap after GC invocations=43 (full 11):
 ZHeap           used 4536M, capacity 16384M, max capacity 16384M
 Metaspace       used 361256K, committed 365376K, reserved 1376256K
  class space    used 60777K, committed 62656K, reserved 1048576K
}
Event: 87.551 GC heap before
{Heap before GC invocations=43 (full 11):
 ZHeap           used 9626M, capacity 16384M, max capacity 16384M
 Metaspace       used 361680K, committed 365824K, reserved 1376256K
  class space    used 60836K, committed 62720K, reserved 1048576K
}
Event: 88.333 GC heap after
{Heap after GC invocations=44 (full 11):
 ZHeap           used 8606M, capacity 16384M, max capacity 16384M
 Metaspace       used 361772K, committed 365888K, reserved 1376256K
  class space    used 60838K, committed 62720K, reserved 1048576K
}
Event: 88.426 GC heap before
{Heap before GC invocations=44 (full 11):
 ZHeap           used 9260M, capacity 16384M, max capacity 16384M
 Metaspace       used 361776K, committed 365888K, reserved 1376256K
  class space    used 60838K, committed 62720K, reserved 1048576K
}
Event: 88.650 GC heap after
{Heap after GC invocations=45 (full 11):
 ZHeap           used 3624M, capacity 16384M, max capacity 16384M
 Metaspace       used 361785K, committed 365952K, reserved 1376256K
  class space    used 60838K, committed 62720K, reserved 1048576K
}
Event: 89.543 GC heap before
{Heap before GC invocations=45 (full 11):
 ZHeap           used 7888M, capacity 16384M, max capacity 16384M
 Metaspace       used 361879K, committed 366016K, reserved 1376256K
  class space    used 60843K, committed 62720K, reserved 1048576K
}
Event: 89.869 GC heap after
{Heap after GC invocations=46 (full 11):
 ZHeap           used 4126M, capacity 16384M, max capacity 16384M
 Metaspace       used 361910K, committed 366016K, reserved 1376256K
  class space    used 60843K, committed 62720K, reserved 1048576K
}
Event: 91.558 GC heap before
{Heap before GC invocations=46 (full 11):
 ZHeap           used 9442M, capacity 16384M, max capacity 16384M
 Metaspace       used 362110K, committed 366272K, reserved 1376256K
  class space    used 60872K, committed 62784K, reserved 1048576K
}
Event: 91.802 GC heap after
{Heap after GC invocations=47 (full 11):
 ZHeap           used 3738M, capacity 16384M, max capacity 16384M
 Metaspace       used 362131K, committed 366272K, reserved 1376256K
  class space    used 60875K, committed 62784K, reserved 1048576K
}
Event: 93.584 GC heap before
{Heap before GC invocations=47 (full 11):
 ZHeap           used 11950M, capacity 16384M, max capacity 16384M
 Metaspace       used 362669K, committed 366784K, reserved 1376256K
  class space    used 60970K, committed 62848K, reserved 1048576K
}
Event: 93.861 GC heap after
{Heap after GC invocations=48 (full 11):
 ZHeap           used 4108M, capacity 16384M, max capacity 16384M
 Metaspace       used 362670K, committed 366784K, reserved 1376256K
  class space    used 60970K, committed 62848K, reserved 1048576K
}
Event: 95.625 GC heap before
{Heap before GC invocations=48 (full 11):
 ZHeap           used 11884M, capacity 16384M, max capacity 16384M
 Metaspace       used 362726K, committed 366848K, reserved 1376256K
  class space    used 60980K, committed 62848K, reserved 1048576K
}
Event: 95.989 GC heap after
{Heap after GC invocations=49 (full 11):
 ZHeap           used 4900M, capacity 16384M, max capacity 16384M
 Metaspace       used 362728K, committed 366848K, reserved 1376256K
  class space    used 60980K, committed 62848K, reserved 1048576K
}
Event: 97.090 GC heap before
{Heap before GC invocations=49 (full 11):
 ZHeap           used 10870M, capacity 16384M, max capacity 16384M
 Metaspace       used 362847K, committed 366976K, reserved 1376256K
  class space    used 60987K, committed 62912K, reserved 1048576K
}
Event: 97.409 GC heap after
{Heap after GC invocations=50 (full 11):
 ZHeap           used 4648M, capacity 16384M, max capacity 16384M
 Metaspace       used 362892K, committed 367040K, reserved 1376256K
  class space    used 60987K, committed 62912K, reserved 1048576K
}
Event: 98.544 GC heap before
{Heap before GC invocations=50 (full 11):
 ZHeap           used 10488M, capacity 16384M, max capacity 16384M
 Metaspace       used 362942K, committed 367104K, reserved 1376256K
  class space    used 60989K, committed 62912K, reserved 1048576K
}
Event: 98.771 GC heap after
{Heap after GC invocations=51 (full 11):
 ZHeap           used 3722M, capacity 16384M, max capacity 16384M
 Metaspace       used 362945K, committed 367104K, reserved 1376256K
  class space    used 60989K, committed 62912K, reserved 1048576K
}
Event: 100.341 GC heap before
{Heap before GC invocations=51 (full 11):
 ZHeap           used 10764M, capacity 16384M, max capacity 16384M
 Metaspace       used 363002K, committed 367232K, reserved 1376256K
  class space    used 60993K, committed 62912K, reserved 1048576K
}
Event: 100.606 GC heap after
{Heap after GC invocations=52 (full 11):
 ZHeap           used 4516M, capacity 16384M, max capacity 16384M
 Metaspace       used 363002K, committed 367232K, reserved 1376256K
  class space    used 60993K, committed 62912K, reserved 1048576K
}
Event: 102.042 GC heap before
{Heap before GC invocations=52 (full 11):
 ZHeap           used 11752M, capacity 16384M, max capacity 16384M
 Metaspace       used 363013K, committed 367232K, reserved 1376256K
  class space    used 60995K, committed 62912K, reserved 1048576K
}
Event: 102.292 GC heap after
{Heap after GC invocations=53 (full 11):
 ZHeap           used 4190M, capacity 16384M, max capacity 16384M
 Metaspace       used 363015K, committed 367232K, reserved 1376256K
  class space    used 60995K, committed 62912K, reserved 1048576K
}
Event: 103.817 GC heap before
{Heap before GC invocations=53 (full 11):
 ZHeap           used 12584M, capacity 16384M, max capacity 16384M
 Metaspace       used 363030K, committed 367232K, reserved 1376256K
  class space    used 60995K, committed 62912K, reserved 1048576K
}
Event: 104.094 GC heap after
{Heap after GC invocations=54 (full 11):
 ZHeap           used 4734M, capacity 16384M, max capacity 16384M
 Metaspace       used 363031K, committed 367232K, reserved 1376256K
  class space    used 60995K, committed 62912K, reserved 1048576K
}
Event: 105.476 GC heap before
{Heap before GC invocations=54 (full 11):
 ZHeap           used 11944M, capacity 16384M, max capacity 16384M
 Metaspace       used 363038K, committed 367232K, reserved 1376256K
  class space    used 60995K, committed 62912K, reserved 1048576K
}
Event: 105.743 GC heap after
{Heap after GC invocations=55 (full 11):
 ZHeap           used 4438M, capacity 16384M, max capacity 16384M
 Metaspace       used 363041K, committed 367232K, reserved 1376256K
  class space    used 60995K, committed 62912K, reserved 1048576K
}
Event: 106.637 GC heap before
{Heap before GC invocations=55 (full 11):
 ZHeap           used 9038M, capacity 16384M, max capacity 16384M
 Metaspace       used 363041K, committed 367232K, reserved 1376256K
  class space    used 60995K, committed 62912K, reserved 1048576K
}
Event: 107.198 GC heap after
{Heap after GC invocations=56 (full 11):
 ZHeap           used 5632M, capacity 16384M, max capacity 16384M
 Metaspace       used 363041K, committed 367232K, reserved 1376256K
  class space    used 60995K, committed 62912K, reserved 1048576K
}
Event: 107.744 GC heap before
{Heap before GC invocations=56 (full 11):
 ZHeap           used 8728M, capacity 16384M, max capacity 16384M
 Metaspace       used 363041K, committed 367232K, reserved 1376256K
  class space    used 60995K, committed 62912K, reserved 1048576K
}
Event: 108.198 GC heap after
{Heap after GC invocations=57 (full 11):
 ZHeap           used 5458M, capacity 16384M, max capacity 16384M
 Metaspace       used 363041K, committed 367232K, reserved 1376256K
  class space    used 60995K, committed 62912K, reserved 1048576K
}
Event: 108.773 GC heap before
{Heap before GC invocations=57 (full 11):
 ZHeap           used 8824M, capacity 16384M, max capacity 16384M
 Metaspace       used 363043K, committed 367232K, reserved 1376256K
  class space    used 60995K, committed 62912K, reserved 1048576K
}
Event: 109.181 GC heap after
{Heap after GC invocations=58 (full 11):
 ZHeap           used 6022M, capacity 16384M, max capacity 16384M
 Metaspace       used 363044K, committed 367232K, reserved 1376256K
  class space    used 60995K, committed 62912K, reserved 1048576K
}
Event: 109.483 GC heap before
{Heap before GC invocations=58 (full 11):
 ZHeap           used 8010M, capacity 16384M, max capacity 16384M
 Metaspace       used 363047K, committed 367232K, reserved 1376256K
  class space    used 60995K, committed 62912K, reserved 1048576K
}
Event: 109.886 GC heap after
{Heap after GC invocations=59 (full 11):
 ZHeap           used 4906M, capacity 16384M, max capacity 16384M
 Metaspace       used 363047K, committed 367232K, reserved 1376256K
  class space    used 60995K, committed 62912K, reserved 1048576K
}
Event: 110.791 GC heap before
{Heap before GC invocations=59 (full 11):
 ZHeap           used 8914M, capacity 16384M, max capacity 16384M
 Metaspace       used 363048K, committed 367232K, reserved 1376256K
  class space    used 60995K, committed 62912K, reserved 1048576K
}
Event: 111.099 GC heap after
{Heap after GC invocations=60 (full 11):
 ZHeap           used 5146M, capacity 16384M, max capacity 16384M
 Metaspace       used 363054K, committed 367232K, reserved 1376256K
  class space    used 60995K, committed 62912K, reserved 1048576K
}
Event: 111.850 GC heap before
{Heap before GC invocations=60 (full 11):
 ZHeap           used 9440M, capacity 16384M, max capacity 16384M
 Metaspace       used 363061K, committed 367232K, reserved 1376256K
  class space    used 60995K, committed 62912K, reserved 1048576K
}
Event: 112.245 GC heap after
{Heap after GC invocations=61 (full 11):
 ZHeap           used 5580M, capacity 16384M, max capacity 16384M
 Metaspace       used 363069K, committed 367232K, reserved 1376256K
  class space    used 60995K, committed 62912K, reserved 1048576K
}
Event: 112.905 GC heap before
{Heap before GC invocations=61 (full 11):
 ZHeap           used 9356M, capacity 16384M, max capacity 16384M
 Metaspace       used 363133K, committed 367296K, reserved 1376256K
  class space    used 61003K, committed 62912K, reserved 1048576K
}
Event: 113.353 GC heap after
{Heap after GC invocations=62 (full 11):
 ZHeap           used 4668M, capacity 16384M, max capacity 16384M
 Metaspace       used 363150K, committed 367360K, reserved 1376256K
  class space    used 61008K, committed 62912K, reserved 1048576K
}
Event: 114.836 GC heap before
{Heap before GC invocations=62 (full 11):
 ZHeap           used 7972M, capacity 16384M, max capacity 16384M
 Metaspace       used 363182K, committed 367360K, reserved 1376256K
  class space    used 61012K, committed 62912K, reserved 1048576K
}
Event: 115.518 GC heap after
{Heap after GC invocations=63 (full 11):
 ZHeap           used 7686M, capacity 16384M, max capacity 16384M
 Metaspace       used 363206K, committed 367360K, reserved 1376256K
  class space    used 61014K, committed 62912K, reserved 1048576K
}
Event: 115.591 GC heap before
{Heap before GC invocations=63 (full 11):
 ZHeap           used 8176M, capacity 16384M, max capacity 16384M
 Metaspace       used 363206K, committed 367360K, reserved 1376256K
  class space    used 61014K, committed 62912K, reserved 1048576K
}
Event: 115.863 GC heap after
{Heap after GC invocations=64 (full 11):
 ZHeap           used 4092M, capacity 16384M, max capacity 16384M
 Metaspace       used 363206K, committed 367360K, reserved 1376256K
  class space    used 61014K, committed 62912K, reserved 1048576K
}
Event: 117.137 GC heap before
{Heap before GC invocations=64 (full 11):
 ZHeap           used 10780M, capacity 16384M, max capacity 16384M
 Metaspace       used 363238K, committed 367424K, reserved 1376256K
  class space    used 61015K, committed 62912K, reserved 1048576K
}
Event: 117.436 GC heap after
{Heap after GC invocations=65 (full 11):
 ZHeap           used 4420M, capacity 16384M, max capacity 16384M
 Metaspace       used 363261K, committed 367424K, reserved 1376256K
  class space    used 61015K, committed 62912K, reserved 1048576K
}
Event: 118.829 GC heap before
{Heap before GC invocations=65 (full 11):
 ZHeap           used 11076M, capacity 16384M, max capacity 16384M
 Metaspace       used 363266K, committed 367424K, reserved 1376256K
  class space    used 61015K, committed 62912K, reserved 1048576K
}
Event: 119.119 GC heap after
{Heap after GC invocations=66 (full 11):
 ZHeap           used 4622M, capacity 16384M, max capacity 16384M
 Metaspace       used 363266K, committed 367424K, reserved 1376256K
  class space    used 61015K, committed 62912K, reserved 1048576K
}
Event: 120.195 GC heap before
{Heap before GC invocations=66 (full 11):
 ZHeap           used 11644M, capacity 16384M, max capacity 16384M
 Metaspace       used 363268K, committed 367424K, reserved 1376256K
  class space    used 61015K, committed 62912K, reserved 1048576K
}
Event: 120.549 GC heap after
{Heap after GC invocations=67 (full 11):
 ZHeap           used 5054M, capacity 16384M, max capacity 16384M
 Metaspace       used 363269K, committed 367424K, reserved 1376256K
  class space    used 61015K, committed 62912K, reserved 1048576K
}
Event: 121.335 GC heap before
{Heap before GC invocations=67 (full 11):
 ZHeap           used 9650M, capacity 16384M, max capacity 16384M
 Metaspace       used 363280K, committed 367424K, reserved 1376256K
  class space    used 61016K, committed 62912K, reserved 1048576K
}
Event: 121.569 GC heap after
{Heap after GC invocations=68 (full 11):
 ZHeap           used 4226M, capacity 16384M, max capacity 16384M
 Metaspace       used 363280K, committed 367424K, reserved 1376256K
  class space    used 61016K, committed 62912K, reserved 1048576K
}
Event: 122.822 GC heap before
{Heap before GC invocations=68 (full 11):
 ZHeap           used 10322M, capacity 16384M, max capacity 16384M
 Metaspace       used 363281K, committed 367424K, reserved 1376256K
  class space    used 61016K, committed 62912K, reserved 1048576K
}
Event: 123.060 GC heap after
{Heap after GC invocations=69 (full 11):
 ZHeap           used 4624M, capacity 16384M, max capacity 16384M
 Metaspace       used 363281K, committed 367424K, reserved 1376256K
  class space    used 61016K, committed 62912K, reserved 1048576K
}
Event: 124.504 GC heap before
{Heap before GC invocations=69 (full 11):
 ZHeap           used 12386M, capacity 16384M, max capacity 16384M
 Metaspace       used 363292K, committed 367424K, reserved 1376256K
  class space    used 61016K, committed 62912K, reserved 1048576K
}
Event: 124.768 GC heap after
{Heap after GC invocations=70 (full 11):
 ZHeap           used 4246M, capacity 16384M, max capacity 16384M
 Metaspace       used 363292K, committed 367424K, reserved 1376256K
  class space    used 61016K, committed 62912K, reserved 1048576K
}
Event: 125.731 GC heap before
{Heap before GC invocations=70 (full 11):
 ZHeap           used 9090M, capacity 16384M, max capacity 16384M
 Metaspace       used 363296K, committed 367424K, reserved 1376256K
  class space    used 61016K, committed 62912K, reserved 1048576K
}
Event: 126.190 GC heap after
{Heap after GC invocations=71 (full 11):
 ZHeap           used 5544M, capacity 16384M, max capacity 16384M
 Metaspace       used 363296K, committed 367424K, reserved 1376256K
  class space    used 61016K, committed 62912K, reserved 1048576K
}
Event: 127.044 GC heap before
{Heap before GC invocations=71 (full 11):
 ZHeap           used 9758M, capacity 16384M, max capacity 16384M
 Metaspace       used 363301K, committed 367488K, reserved 1376256K
  class space    used 61016K, committed 62912K, reserved 1048576K
}
Event: 127.422 GC heap after
{Heap after GC invocations=72 (full 11):
 ZHeap           used 6026M, capacity 16384M, max capacity 16384M
 Metaspace       used 363301K, committed 367488K, reserved 1376256K
  class space    used 61016K, committed 62912K, reserved 1048576K
}
Event: 127.998 GC heap before
{Heap before GC invocations=72 (full 11):
 ZHeap           used 9326M, capacity 16384M, max capacity 16384M
 Metaspace       used 363301K, committed 367488K, reserved 1376256K
  class space    used 61016K, committed 62912K, reserved 1048576K
}
Event: 128.492 GC heap after
{Heap after GC invocations=73 (full 11):
 ZHeap           used 6748M, capacity 16384M, max capacity 16384M
 Metaspace       used 363302K, committed 367488K, reserved 1376256K
  class space    used 61016K, committed 62912K, reserved 1048576K
}
Event: 128.553 GC heap before
{Heap before GC invocations=73 (full 11):
 ZHeap           used 7118M, capacity 16384M, max capacity 16384M
 Metaspace       used 363302K, committed 367488K, reserved 1376256K
  class space    used 61016K, committed 62912K, reserved 1048576K
}
Event: 128.862 GC heap after
{Heap after GC invocations=74 (full 11):
 ZHeap           used 5306M, capacity 16384M, max capacity 16384M
 Metaspace       used 363302K, committed 367488K, reserved 1376256K
  class space    used 61016K, committed 62912K, reserved 1048576K
}
Event: 129.139 GC heap before
{Heap before GC invocations=74 (full 11):
 ZHeap           used 6422M, capacity 16384M, max capacity 16384M
 Metaspace       used 363302K, committed 367488K, reserved 1376256K
  class space    used 61016K, committed 62912K, reserved 1048576K
}
Event: 129.556 GC heap after
{Heap after GC invocations=75 (full 11):
 ZHeap           used 5512M, capacity 16384M, max capacity 16384M
 Metaspace       used 363302K, committed 367488K, reserved 1376256K
  class space    used 61016K, committed 62912K, reserved 1048576K
}
Event: 129.996 GC heap before
{Heap before GC invocations=75 (full 11):
 ZHeap           used 8070M, capacity 16384M, max capacity 16384M
 Metaspace       used 363302K, committed 367488K, reserved 1376256K
  class space    used 61016K, committed 62912K, reserved 1048576K
}
Event: 130.330 GC heap after
{Heap after GC invocations=76 (full 12):
 ZHeap           used 5474M, capacity 16384M, max capacity 16384M
 Metaspace       used 363302K, committed 367488K, reserved 1376256K
  class space    used 61016K, committed 62912K, reserved 1048576K
}
Event: 130.330 GC heap before
{Heap before GC invocations=76 (full 12):
 ZHeap           used 5474M, capacity 16384M, max capacity 16384M
 Metaspace       used 363302K, committed 367488K, reserved 1376256K
  class space    used 61016K, committed 62912K, reserved 1048576K
}
Event: 131.229 GC heap before
{Heap before GC invocations=76 (full 12):
 ZHeap           used 9296M, capacity 16384M, max capacity 16384M
 Metaspace       used 363304K, committed 367488K, reserved 1376256K
  class space    used 61016K, committed 62912K, reserved 1048576K
}
Event: 131.534 GC heap after
{Heap after GC invocations=77 (full 12):
 ZHeap           used 4780M, capacity 16384M, max capacity 16384M
 Metaspace       used 363304K, committed 367488K, reserved 1376256K
  class space    used 61016K, committed 62912K, reserved 1048576K
}
Event: 132.631 GC heap before
{Heap before GC invocations=77 (full 12):
 ZHeap           used 10800M, capacity 16384M, max capacity 16384M
 Metaspace       used 363305K, committed 367488K, reserved 1376256K
  class space    used 61016K, committed 62912K, reserved 1048576K
}
Event: 132.998 GC heap after
{Heap after GC invocations=78 (full 12):
 ZHeap           used 5800M, capacity 16384M, max capacity 16384M
 Metaspace       used 363312K, committed 367488K, reserved 1376256K
  class space    used 61016K, committed 62912K, reserved 1048576K
}
Event: 133.653 GC heap before
{Heap before GC invocations=78 (full 12):
 ZHeap           used 10122M, capacity 16384M, max capacity 16384M
 Metaspace       used 363321K, committed 367488K, reserved 1376256K
  class space    used 61016K, committed 62912K, reserved 1048576K
}
Event: 134.017 GC heap after
{Heap after GC invocations=79 (full 12):
 ZHeap           used 4016M, capacity 16384M, max capacity 16384M
 Metaspace       used 363321K, committed 367488K, reserved 1376256K
  class space    used 61016K, committed 62912K, reserved 1048576K
}
Event: 134.245 GC heap after
{Heap after GC invocations=79 (full 12):
 ZHeap           used 4646M, capacity 16384M, max capacity 16384M
 Metaspace       used 363325K, committed 367488K, reserved 1376256K
  class space    used 61016K, committed 62912K, reserved 1048576K
}
Event: 135.381 GC heap before
{Heap before GC invocations=79 (full 12):
 ZHeap           used 10888M, capacity 16384M, max capacity 16384M
 Metaspace       used 363332K, committed 367488K, reserved 1376256K
  class space    used 61016K, committed 62912K, reserved 1048576K
}
Event: 135.831 GC heap after
{Heap after GC invocations=80 (full 12):
 ZHeap           used 4802M, capacity 16384M, max capacity 16384M
 Metaspace       used 363332K, committed 367488K, reserved 1376256K
  class space    used 61016K, committed 62912K, reserved 1048576K
}
Event: 136.542 GC heap before
{Heap before GC invocations=80 (full 12):
 ZHeap           used 9464M, capacity 16384M, max capacity 16384M
 Metaspace       used 363333K, committed 367488K, reserved 1376256K
  class space    used 61016K, committed 62912K, reserved 1048576K
}
Event: 136.982 GC heap after
{Heap after GC invocations=81 (full 12):
 ZHeap           used 5230M, capacity 16384M, max capacity 16384M
 Metaspace       used 363335K, committed 367488K, reserved 1376256K
  class space    used 61016K, committed 62912K, reserved 1048576K
}
Event: 137.694 GC heap before
{Heap before GC invocations=81 (full 12):
 ZHeap           used 8650M, capacity 16384M, max capacity 16384M
 Metaspace       used 363339K, committed 367488K, reserved 1376256K
  class space    used 61016K, committed 62912K, reserved 1048576K
}
Event: 138.130 GC heap after
{Heap after GC invocations=82 (full 12):
 ZHeap           used 5130M, capacity 16384M, max capacity 16384M
 Metaspace       used 363339K, committed 367488K, reserved 1376256K
  class space    used 61016K, committed 62912K, reserved 1048576K
}
Event: 139.101 GC heap before
{Heap before GC invocations=82 (full 12):
 ZHeap           used 9928M, capacity 16384M, max capacity 16384M
 Metaspace       used 363350K, committed 367488K, reserved 1376256K
  class space    used 61016K, committed 62912K, reserved 1048576K
}
Event: 139.520 GC heap after
{Heap after GC invocations=83 (full 12):
 ZHeap           used 4282M, capacity 16384M, max capacity 16384M
 Metaspace       used 363351K, committed 367488K, reserved 1376256K
  class space    used 61016K, committed 62912K, reserved 1048576K
}
Event: 140.695 GC heap before
{Heap before GC invocations=83 (full 12):
 ZHeap           used 10572M, capacity 16384M, max capacity 16384M
 Metaspace       used 363351K, committed 367488K, reserved 1376256K
  class space    used 61016K, committed 62912K, reserved 1048576K
}
Event: 141.142 GC heap after
{Heap after GC invocations=84 (full 12):
 ZHeap           used 4830M, capacity 16384M, max capacity 16384M
 Metaspace       used 363351K, committed 367488K, reserved 1376256K
  class space    used 61016K, committed 62912K, reserved 1048576K
}
Event: 142.462 GC heap before
{Heap before GC invocations=84 (full 12):
 ZHeap           used 11028M, capacity 16384M, max capacity 16384M
 Metaspace       used 363354K, committed 367552K, reserved 1376256K
  class space    used 61016K, committed 62912K, reserved 1048576K
}
Event: 142.849 GC heap after
{Heap after GC invocations=85 (full 12):
 ZHeap           used 4470M, capacity 16384M, max capacity 16384M
 Metaspace       used 363355K, committed 367552K, reserved 1376256K
  class space    used 61016K, committed 62912K, reserved 1048576K
}
Event: 144.018 GC heap before
{Heap before GC invocations=85 (full 12):
 ZHeap           used 10992M, capacity 16384M, max capacity 16384M
 Metaspace       used 363357K, committed 367552K, reserved 1376256K
  class space    used 61016K, committed 62912K, reserved 1048576K
}
Event: 144.498 GC heap after
{Heap after GC invocations=86 (full 12):
 ZHeap           used 5642M, capacity 16384M, max capacity 16384M
 Metaspace       used 363370K, committed 367552K, reserved 1376256K
  class space    used 61016K, committed 62912K, reserved 1048576K
}
Event: 144.980 GC heap before
{Heap before GC invocations=86 (full 12):
 ZHeap           used 8616M, capacity 16384M, max capacity 16384M
 Metaspace       used 363370K, committed 367552K, reserved 1376256K
  class space    used 61016K, committed 62912K, reserved 1048576K
}
Event: 145.385 GC heap after
{Heap after GC invocations=87 (full 12):
 ZHeap           used 5434M, capacity 16384M, max capacity 16384M
 Metaspace       used 363370K, committed 367552K, reserved 1376256K
  class space    used 61016K, committed 62912K, reserved 1048576K
}
Event: 145.792 GC heap before
{Heap before GC invocations=87 (full 12):
 ZHeap           used 8174M, capacity 16384M, max capacity 16384M
 Metaspace       used 363370K, committed 367552K, reserved 1376256K
  class space    used 61016K, committed 62912K, reserved 1048576K
}
Event: 146.205 GC heap after
{Heap after GC invocations=88 (full 12):
 ZHeap           used 5640M, capacity 16384M, max capacity 16384M
 Metaspace       used 363370K, committed 367552K, reserved 1376256K
  class space    used 61016K, committed 62912K, reserved 1048576K
}
Event: 146.953 GC heap before
{Heap before GC invocations=88 (full 12):
 ZHeap           used 9192M, capacity 16384M, max capacity 16384M
 Metaspace       used 363370K, committed 367552K, reserved 1376256K
  class space    used 61016K, committed 62912K, reserved 1048576K
}
Event: 147.370 GC heap after
{Heap after GC invocations=89 (full 12):
 ZHeap           used 4908M, capacity 16384M, max capacity 16384M
 Metaspace       used 363372K, committed 367552K, reserved 1376256K
  class space    used 61016K, committed 62912K, reserved 1048576K
}
Event: 148.300 GC heap before
{Heap before GC invocations=89 (full 12):
 ZHeap           used 9716M, capacity 16384M, max capacity 16384M
 Metaspace       used 363372K, committed 367552K, reserved 1376256K
  class space    used 61016K, committed 62912K, reserved 1048576K
}
Event: 148.639 GC heap after
{Heap after GC invocations=90 (full 12):
 ZHeap           used 4212M, capacity 16384M, max capacity 16384M
 Metaspace       used 363376K, committed 367552K, reserved 1376256K
  class space    used 61016K, committed 62912K, reserved 1048576K
}
Event: 149.754 GC heap before
{Heap before GC invocations=90 (full 12):
 ZHeap           used 9958M, capacity 16384M, max capacity 16384M
 Metaspace       used 363376K, committed 367552K, reserved 1376256K
  class space    used 61016K, committed 62912K, reserved 1048576K
}
Event: 150.142 GC heap after
{Heap after GC invocations=91 (full 12):
 ZHeap           used 4542M, capacity 16384M, max capacity 16384M
 Metaspace       used 363377K, committed 367552K, reserved 1376256K
  class space    used 61016K, committed 62912K, reserved 1048576K
}
Event: 151.541 GC heap before
{Heap before GC invocations=91 (full 12):
 ZHeap           used 11068M, capacity 16384M, max capacity 16384M
 Metaspace       used 363377K, committed 367552K, reserved 1376256K
  class space    used 61016K, committed 62912K, reserved 1048576K
}
Event: 151.999 GC heap after
{Heap after GC invocations=92 (full 12):
 ZHeap           used 5128M, capacity 16384M, max capacity 16384M
 Metaspace       used 363377K, committed 367552K, reserved 1376256K
  class space    used 61016K, committed 62912K, reserved 1048576K
}
Event: 153.252 GC heap before
{Heap before GC invocations=92 (full 12):
 ZHeap           used 10170M, capacity 16384M, max capacity 16384M
 Metaspace       used 363377K, committed 367552K, reserved 1376256K
  class space    used 61016K, committed 62912K, reserved 1048576K
}
Event: 153.620 GC heap after
{Heap after GC invocations=93 (full 12):
 ZHeap           used 4716M, capacity 16384M, max capacity 16384M
 Metaspace       used 363377K, committed 367552K, reserved 1376256K
  class space    used 61016K, committed 62912K, reserved 1048576K
}
Event: 154.892 GC heap before
{Heap before GC invocations=93 (full 12):
 ZHeap           used 10866M, capacity 16384M, max capacity 16384M
 Metaspace       used 363381K, committed 367552K, reserved 1376256K
  class space    used 61016K, committed 62912K, reserved 1048576K
}
Event: 155.271 GC heap after
{Heap after GC invocations=94 (full 12):
 ZHeap           used 4892M, capacity 16384M, max capacity 16384M
 Metaspace       used 363381K, committed 367552K, reserved 1376256K
  class space    used 61016K, committed 62912K, reserved 1048576K
}
Event: 156.250 GC heap before
{Heap before GC invocations=94 (full 12):
 ZHeap           used 10606M, capacity 16384M, max capacity 16384M
 Metaspace       used 363381K, committed 367552K, reserved 1376256K
  class space    used 61016K, committed 62912K, reserved 1048576K
}
Event: 156.729 GC heap after
{Heap after GC invocations=95 (full 12):
 ZHeap           used 6012M, capacity 16384M, max capacity 16384M
 Metaspace       used 363381K, committed 367552K, reserved 1376256K
  class space    used 61016K, committed 62912K, reserved 1048576K
}
Event: 156.973 GC heap before
{Heap before GC invocations=95 (full 12):
 ZHeap           used 7504M, capacity 16384M, max capacity 16384M
 Metaspace       used 363381K, committed 367552K, reserved 1376256K
  class space    used 61016K, committed 62912K, reserved 1048576K
}
Event: 157.419 GC heap after
{Heap after GC invocations=96 (full 12):
 ZHeap           used 5700M, capacity 16384M, max capacity 16384M
 Metaspace       used 363381K, committed 367552K, reserved 1376256K
  class space    used 61016K, committed 62912K, reserved 1048576K
}
Event: 157.849 GC heap before
{Heap before GC invocations=96 (full 12):
 ZHeap           used 8288M, capacity 16384M, max capacity 16384M
 Metaspace       used 363381K, committed 367552K, reserved 1376256K
  class space    used 61016K, committed 62912K, reserved 1048576K
}
Event: 158.178 GC heap after
{Heap after GC invocations=97 (full 12):
 ZHeap           used 5402M, capacity 16384M, max capacity 16384M
 Metaspace       used 363381K, committed 367552K, reserved 1376256K
  class space    used 61016K, committed 62912K, reserved 1048576K
}
Event: 158.544 GC heap before
{Heap before GC invocations=97 (full 12):
 ZHeap           used 7876M, capacity 16384M, max capacity 16384M
 Metaspace       used 363381K, committed 367552K, reserved 1376256K
  class space    used 61016K, committed 62912K, reserved 1048576K
}
Event: 158.874 GC heap after
{Heap after GC invocations=98 (full 12):
 ZHeap           used 4510M, capacity 16384M, max capacity 16384M
 Metaspace       used 363381K, committed 367552K, reserved 1376256K
  class space    used 61016K, committed 62912K, reserved 1048576K
}
Event: 159.972 GC heap before
{Heap before GC invocations=98 (full 12):
 ZHeap           used 9792M, capacity 16384M, max capacity 16384M
 Metaspace       used 363381K, committed 367552K, reserved 1376256K
  class space    used 61016K, committed 62912K, reserved 1048576K
}
Event: 160.387 GC heap after
{Heap after GC invocations=99 (full 12):
 ZHeap           used 5200M, capacity 16384M, max capacity 16384M
 Metaspace       used 363382K, committed 367552K, reserved 1376256K
  class space    used 61016K, committed 62912K, reserved 1048576K
}
Event: 160.979 GC heap before
{Heap before GC invocations=99 (full 12):
 ZHeap           used 8854M, capacity 16384M, max capacity 16384M
 Metaspace       used 363386K, committed 367552K, reserved 1376256K
  class space    used 61017K, committed 62912K, reserved 1048576K
}
Event: 161.382 GC heap after
{Heap after GC invocations=100 (full 12):
 ZHeap           used 5708M, capacity 16384M, max capacity 16384M
 Metaspace       used 363389K, committed 367552K, reserved 1376256K
  class space    used 61017K, committed 62912K, reserved 1048576K
}
Event: 162.155 GC heap before
{Heap before GC invocations=100 (full 12):
 ZHeap           used 9676M, capacity 16384M, max capacity 16384M
 Metaspace       used 363389K, committed 367552K, reserved 1376256K
  class space    used 61017K, committed 62912K, reserved 1048576K
}
Event: 162.492 GC heap after
{Heap after GC invocations=101 (full 12):
 ZHeap           used 5244M, capacity 16384M, max capacity 16384M
 Metaspace       used 363397K, committed 367552K, reserved 1376256K
  class space    used 61017K, committed 62912K, reserved 1048576K
}
Event: 163.662 GC heap before
{Heap before GC invocations=101 (full 12):
 ZHeap           used 10138M, capacity 16384M, max capacity 16384M
 Metaspace       used 363400K, committed 367552K, reserved 1376256K
  class space    used 61017K, committed 62912K, reserved 1048576K
}
Event: 164.062 GC heap after
{Heap after GC invocations=102 (full 12):
 ZHeap           used 4464M, capacity 16384M, max capacity 16384M
 Metaspace       used 363400K, committed 367552K, reserved 1376256K
  class space    used 61017K, committed 62912K, reserved 1048576K
}
Event: 165.173 GC heap before
{Heap before GC invocations=102 (full 12):
 ZHeap           used 9650M, capacity 16384M, max capacity 16384M
 Metaspace       used 363401K, committed 367552K, reserved 1376256K
  class space    used 61017K, committed 62912K, reserved 1048576K
}
Event: 165.548 GC heap after
{Heap after GC invocations=103 (full 12):
 ZHeap           used 4692M, capacity 16384M, max capacity 16384M
 Metaspace       used 363401K, committed 367552K, reserved 1376256K
  class space    used 61017K, committed 62912K, reserved 1048576K
}
Event: 166.872 GC heap before
{Heap before GC invocations=103 (full 12):
 ZHeap           used 11564M, capacity 16384M, max capacity 16384M
 Metaspace       used 363408K, committed 367552K, reserved 1376256K
  class space    used 61017K, committed 62912K, reserved 1048576K
}
Event: 167.365 GC heap after
{Heap after GC invocations=104 (full 12):
 ZHeap           used 6096M, capacity 16384M, max capacity 16384M
 Metaspace       used 363408K, committed 367552K, reserved 1376256K
  class space    used 61017K, committed 62912K, reserved 1048576K
}
Event: 167.787 GC heap before
{Heap before GC invocations=104 (full 12):
 ZHeap           used 8114M, capacity 16384M, max capacity 16384M
 Metaspace       used 363408K, committed 367552K, reserved 1376256K
  class space    used 61017K, committed 62912K, reserved 1048576K
}
Event: 168.128 GC heap after
{Heap after GC invocations=105 (full 12):
 ZHeap           used 4996M, capacity 16384M, max capacity 16384M
 Metaspace       used 363408K, committed 367552K, reserved 1376256K
  class space    used 61017K, committed 62912K, reserved 1048576K
}
Event: 168.990 GC heap before
{Heap before GC invocations=105 (full 12):
 ZHeap           used 9332M, capacity 16384M, max capacity 16384M
 Metaspace       used 363408K, committed 367552K, reserved 1376256K
  class space    used 61017K, committed 62912K, reserved 1048576K
}
Event: 169.300 GC heap after
{Heap after GC invocations=106 (full 12):
 ZHeap           used 4774M, capacity 16384M, max capacity 16384M
 Metaspace       used 363408K, committed 367552K, reserved 1376256K
  class space    used 61017K, committed 62912K, reserved 1048576K
}
Event: 170.401 GC heap before
{Heap before GC invocations=106 (full 12):
 ZHeap           used 10848M, capacity 16384M, max capacity 16384M
 Metaspace       used 363408K, committed 367552K, reserved 1376256K
  class space    used 61017K, committed 62912K, reserved 1048576K
}
Event: 170.872 GC heap after
{Heap after GC invocations=107 (full 12):
 ZHeap           used 6318M, capacity 16384M, max capacity 16384M
 Metaspace       used 363408K, committed 367552K, reserved 1376256K
  class space    used 61017K, committed 62912K, reserved 1048576K
}
Event: 171.106 GC heap before
{Heap before GC invocations=107 (full 12):
 ZHeap           used 7780M, capacity 16384M, max capacity 16384M
 Metaspace       used 363408K, committed 367552K, reserved 1376256K
  class space    used 61017K, committed 62912K, reserved 1048576K
}
Event: 171.378 GC heap after
{Heap after GC invocations=108 (full 12):
 ZHeap           used 5326M, capacity 16384M, max capacity 16384M
 Metaspace       used 363408K, committed 367552K, reserved 1376256K
  class space    used 61017K, committed 62912K, reserved 1048576K
}
Event: 171.858 GC heap before
{Heap before GC invocations=108 (full 12):
 ZHeap           used 7596M, capacity 16384M, max capacity 16384M
 Metaspace       used 363409K, committed 367552K, reserved 1376256K
  class space    used 61017K, committed 62912K, reserved 1048576K
}
Event: 172.244 GC heap after
{Heap after GC invocations=109 (full 12):
 ZHeap           used 5476M, capacity 16384M, max capacity 16384M
 Metaspace       used 363412K, committed 367552K, reserved 1376256K
  class space    used 61017K, committed 62912K, reserved 1048576K
}
Event: 173.784 GC heap before
{Heap before GC invocations=109 (full 12):
 ZHeap           used 8260M, capacity 16384M, max capacity 16384M
 Metaspace       used 363418K, committed 367552K, reserved 1376256K
  class space    used 61017K, committed 62912K, reserved 1048576K
}
Event: 174.019 GC heap after
{Heap after GC invocations=110 (full 12):
 ZHeap           used 3754M, capacity 16384M, max capacity 16384M
 Metaspace       used 363418K, committed 367552K, reserved 1376256K
  class space    used 61017K, committed 62912K, reserved 1048576K
}
Event: 175.777 GC heap before
{Heap before GC invocations=110 (full 12):
 ZHeap           used 7236M, capacity 16384M, max capacity 16384M
 Metaspace       used 363430K, committed 367552K, reserved 1376256K
  class space    used 61017K, committed 62912K, reserved 1048576K
}
Event: 176.088 GC heap after
{Heap after GC invocations=111 (full 12):
 ZHeap           used 4640M, capacity 16384M, max capacity 16384M
 Metaspace       used 363430K, committed 367552K, reserved 1376256K
  class space    used 61017K, committed 62912K, reserved 1048576K
}
Event: 177.787 GC heap before
{Heap before GC invocations=111 (full 12):
 ZHeap           used 12984M, capacity 16384M, max capacity 16384M
 Metaspace       used 363440K, committed 367552K, reserved 1376256K
  class space    used 61017K, committed 62912K, reserved 1048576K
}
Event: 178.112 GC heap after
{Heap after GC invocations=112 (full 12):
 ZHeap           used 5064M, capacity 16384M, max capacity 16384M
 Metaspace       used 363440K, committed 367552K, reserved 1376256K
  class space    used 61017K, committed 62912K, reserved 1048576K
}
Event: 179.112 GC heap before
{Heap before GC invocations=112 (full 12):
 ZHeap           used 9568M, capacity 16384M, max capacity 16384M
 Metaspace       used 363441K, committed 367552K, reserved 1376256K
  class space    used 61017K, committed 62912K, reserved 1048576K
}
Event: 179.410 GC heap after
{Heap after GC invocations=113 (full 12):
 ZHeap           used 5308M, capacity 16384M, max capacity 16384M
 Metaspace       used 363446K, committed 367616K, reserved 1376256K
  class space    used 61017K, committed 62912K, reserved 1048576K
}
Event: 180.847 GC heap before
{Heap before GC invocations=113 (full 12):
 ZHeap           used 12418M, capacity 16384M, max capacity 16384M
 Metaspace       used 363447K, committed 367616K, reserved 1376256K
  class space    used 61017K, committed 62912K, reserved 1048576K
}
Event: 181.272 GC heap after
{Heap after GC invocations=114 (full 12):
 ZHeap           used 5524M, capacity 16384M, max capacity 16384M
 Metaspace       used 363447K, committed 367616K, reserved 1376256K
  class space    used 61017K, committed 62912K, reserved 1048576K
}
Event: 182.223 GC heap before
{Heap before GC invocations=114 (full 12):
 ZHeap           used 9702M, capacity 16384M, max capacity 16384M
 Metaspace       used 363450K, committed 367616K, reserved 1376256K
  class space    used 61017K, committed 62912K, reserved 1048576K
}
Event: 182.621 GC heap after
{Heap after GC invocations=115 (full 12):
 ZHeap           used 6076M, capacity 16384M, max capacity 16384M
 Metaspace       used 363450K, committed 367616K, reserved 1376256K
  class space    used 61017K, committed 62912K, reserved 1048576K
}
Event: 183.713 GC heap before
{Heap before GC invocations=115 (full 12):
 ZHeap           used 10550M, capacity 16384M, max capacity 16384M
 Metaspace       used 363459K, committed 367616K, reserved 1376256K
  class space    used 61017K, committed 62912K, reserved 1048576K
}
Event: 184.148 GC heap after
{Heap after GC invocations=116 (full 12):
 ZHeap           used 6294M, capacity 16384M, max capacity 16384M
 Metaspace       used 363459K, committed 367616K, reserved 1376256K
  class space    used 61017K, committed 62912K, reserved 1048576K
}
Event: 185.073 GC heap before
{Heap before GC invocations=116 (full 12):
 ZHeap           used 10614M, capacity 16384M, max capacity 16384M
 Metaspace       used 363459K, committed 367616K, reserved 1376256K
  class space    used 61017K, committed 62912K, reserved 1048576K
}
Event: 185.476 GC heap after
{Heap after GC invocations=117 (full 12):
 ZHeap           used 6134M, capacity 16384M, max capacity 16384M
 Metaspace       used 363459K, committed 367616K, reserved 1376256K
  class space    used 61017K, committed 62912K, reserved 1048576K
}
Event: 186.228 GC heap before
{Heap before GC invocations=117 (full 12):
 ZHeap           used 10430M, capacity 16384M, max capacity 16384M
 Metaspace       used 363459K, committed 367616K, reserved 1376256K
  class space    used 61017K, committed 62912K, reserved 1048576K
}
Event: 186.650 GC heap after
{Heap after GC invocations=118 (full 12):
 ZHeap           used 6708M, capacity 16384M, max capacity 16384M
 Metaspace       used 363460K, committed 367616K, reserved 1376256K
  class space    used 61017K, committed 62912K, reserved 1048576K
}
Event: 186.924 GC heap before
{Heap before GC invocations=118 (full 12):
 ZHeap           used 8910M, capacity 16384M, max capacity 16384M
 Metaspace       used 363460K, committed 367616K, reserved 1376256K
  class space    used 61017K, committed 62912K, reserved 1048576K
}
Event: 187.282 GC heap after
{Heap after GC invocations=119 (full 12):
 ZHeap           used 5142M, capacity 16384M, max capacity 16384M
 Metaspace       used 363460K, committed 367616K, reserved 1376256K
  class space    used 61017K, committed 62912K, reserved 1048576K
}
Event: 188.736 GC heap before
{Heap before GC invocations=119 (full 12):
 ZHeap           used 9032M, capacity 16384M, max capacity 16384M
 Metaspace       used 363466K, committed 367616K, reserved 1376256K
  class space    used 61017K, committed 62912K, reserved 1048576K
}
Event: 189.059 GC heap after
{Heap after GC invocations=120 (full 12):
 ZHeap           used 4076M, capacity 16384M, max capacity 16384M
 Metaspace       used 363466K, committed 367616K, reserved 1376256K
  class space    used 61017K, committed 62912K, reserved 1048576K
}
Event: 190.223 GC heap before
{Heap before GC invocations=120 (full 12):
 ZHeap           used 8360M, capacity 16384M, max capacity 16384M
 Metaspace       used 363468K, committed 367616K, reserved 1376256K
  class space    used 61017K, committed 62912K, reserved 1048576K
}
Event: 190.503 GC heap after
{Heap after GC invocations=121 (full 12):
 ZHeap           used 5594M, capacity 16384M, max capacity 16384M
 Metaspace       used 363468K, committed 367616K, reserved 1376256K
  class space    used 61017K, committed 62912K, reserved 1048576K
}
Event: 191.880 GC heap before
{Heap before GC invocations=121 (full 12):
 ZHeap           used 12418M, capacity 16384M, max capacity 16384M
 Metaspace       used 363477K, committed 367616K, reserved 1376256K
  class space    used 61019K, committed 62912K, reserved 1048576K
}
Event: 192.230 GC heap after
{Heap after GC invocations=122 (full 12):
 ZHeap           used 4920M, capacity 16384M, max capacity 16384M
 Metaspace       used 363477K, committed 367616K, reserved 1376256K
  class space    used 61019K, committed 62912K, reserved 1048576K
}
Event: 193.911 GC heap before
{Heap before GC invocations=122 (full 12):
 ZHeap           used 9678M, capacity 16384M, max capacity 16384M
 Metaspace       used 363477K, committed 367616K, reserved 1376256K
  class space    used 61019K, committed 62912K, reserved 1048576K
}
Event: 194.198 GC heap after
{Heap after GC invocations=123 (full 12):
 ZHeap           used 4092M, capacity 16384M, max capacity 16384M
 Metaspace       used 363477K, committed 367616K, reserved 1376256K
  class space    used 61019K, committed 62912K, reserved 1048576K
}
Event: 196.227 GC heap before
{Heap before GC invocations=123 (full 12):
 ZHeap           used 11104M, capacity 16384M, max capacity 16384M
 Metaspace       used 363479K, committed 367616K, reserved 1376256K
  class space    used 61019K, committed 62912K, reserved 1048576K
}
Event: 196.585 GC heap after
{Heap after GC invocations=124 (full 12):
 ZHeap           used 4778M, capacity 16384M, max capacity 16384M
 Metaspace       used 363479K, committed 367616K, reserved 1376256K
  class space    used 61019K, committed 62912K, reserved 1048576K
}
Event: 198.056 GC heap before
{Heap before GC invocations=124 (full 12):
 ZHeap           used 11542M, capacity 16384M, max capacity 16384M
 Metaspace       used 363481K, committed 367616K, reserved 1376256K
  class space    used 61019K, committed 62912K, reserved 1048576K
}
Event: 198.498 GC heap after
{Heap after GC invocations=125 (full 12):
 ZHeap           used 5626M, capacity 16384M, max capacity 16384M
 Metaspace       used 363483K, committed 367616K, reserved 1376256K
  class space    used 61019K, committed 62912K, reserved 1048576K
}
Event: 198.930 GC heap before
{Heap before GC invocations=125 (full 12):
 ZHeap           used 7772M, capacity 16384M, max capacity 16384M
 Metaspace       used 363483K, committed 367616K, reserved 1376256K
  class space    used 61019K, committed 62912K, reserved 1048576K
}
Event: 199.346 GC heap after
{Heap after GC invocations=126 (full 12):
 ZHeap           used 5956M, capacity 16384M, max capacity 16384M
 Metaspace       used 363483K, committed 367616K, reserved 1376256K
  class space    used 61019K, committed 62912K, reserved 1048576K
}
Event: 200.215 GC heap before
{Heap before GC invocations=126 (full 12):
 ZHeap           used 10040M, capacity 16384M, max capacity 16384M
 Metaspace       used 363484K, committed 367616K, reserved 1376256K
  class space    used 61019K, committed 62912K, reserved 1048576K
}
Event: 200.686 GC heap after
{Heap after GC invocations=127 (full 13):
 ZHeap           used 6092M, capacity 16384M, max capacity 16384M
 Metaspace       used 363484K, committed 367616K, reserved 1376256K
  class space    used 61019K, committed 62912K, reserved 1048576K
}
Event: 200.686 GC heap before
{Heap before GC invocations=127 (full 13):
 ZHeap           used 6092M, capacity 16384M, max capacity 16384M
 Metaspace       used 363484K, committed 367616K, reserved 1376256K
  class space    used 61019K, committed 62912K, reserved 1048576K
}
Event: 201.218 GC heap before
{Heap before GC invocations=127 (full 13):
 ZHeap           used 9410M, capacity 16384M, max capacity 16384M
 Metaspace       used 363484K, committed 367616K, reserved 1376256K
  class space    used 61019K, committed 62912K, reserved 1048576K
}
Event: 201.547 GC heap after
{Heap after GC invocations=128 (full 13):
 ZHeap           used 5024M, capacity 16384M, max capacity 16384M
 Metaspace       used 363484K, committed 367616K, reserved 1376256K
  class space    used 61019K, committed 62912K, reserved 1048576K
}
Event: 202.442 GC heap before
{Heap before GC invocations=128 (full 13):
 ZHeap           used 9838M, capacity 16384M, max capacity 16384M
 Metaspace       used 363485K, committed 367616K, reserved 1376256K
  class space    used 61019K, committed 62912K, reserved 1048576K
}
Event: 202.792 GC heap after
{Heap after GC invocations=129 (full 13):
 ZHeap           used 5866M, capacity 16384M, max capacity 16384M
 Metaspace       used 363487K, committed 367616K, reserved 1376256K
  class space    used 61019K, committed 62912K, reserved 1048576K
}
Event: 203.645 GC heap before
{Heap before GC invocations=129 (full 13):
 ZHeap           used 10668M, capacity 16384M, max capacity 16384M
 Metaspace       used 363492K, committed 367616K, reserved 1376256K
  class space    used 61019K, committed 62912K, reserved 1048576K
}
Event: 204.120 GC heap after
{Heap after GC invocations=130 (full 13):
 ZHeap           used 6782M, capacity 16384M, max capacity 16384M
 Metaspace       used 363492K, committed 367616K, reserved 1376256K
  class space    used 61019K, committed 62912K, reserved 1048576K
}
Event: 204.294 GC heap after
{Heap after GC invocations=130 (full 13):
 ZHeap           used 6748M, capacity 16384M, max capacity 16384M
 Metaspace       used 363492K, committed 367616K, reserved 1376256K
  class space    used 61019K, committed 62912K, reserved 1048576K
}
Event: 204.355 GC heap before
{Heap before GC invocations=130 (full 13):
 ZHeap           used 7112M, capacity 16384M, max capacity 16384M
 Metaspace       used 363492K, committed 367616K, reserved 1376256K
  class space    used 61019K, committed 62912K, reserved 1048576K
}
Event: 204.753 GC heap after
{Heap after GC invocations=131 (full 13):
 ZHeap           used 5296M, capacity 16384M, max capacity 16384M
 Metaspace       used 363492K, committed 367616K, reserved 1376256K
  class space    used 61019K, committed 62912K, reserved 1048576K
}
Event: 205.117 GC heap before
{Heap before GC invocations=131 (full 13):
 ZHeap           used 7796M, capacity 16384M, max capacity 16384M
 Metaspace       used 363492K, committed 367616K, reserved 1376256K
  class space    used 61019K, committed 62912K, reserved 1048576K
}
Event: 205.516 GC heap after
{Heap after GC invocations=132 (full 13):
 ZHeap           used 5270M, capacity 16384M, max capacity 16384M
 Metaspace       used 363492K, committed 367616K, reserved 1376256K
  class space    used 61019K, committed 62912K, reserved 1048576K
}
Event: 206.325 GC heap before
{Heap before GC invocations=132 (full 13):
 ZHeap           used 9100M, capacity 16384M, max capacity 16384M
 Metaspace       used 363493K, committed 367616K, reserved 1376256K
  class space    used 61019K, committed 62912K, reserved 1048576K
}
Event: 206.619 GC heap after
{Heap after GC invocations=133 (full 13):
 ZHeap           used 4176M, capacity 16384M, max capacity 16384M
 Metaspace       used 363493K, committed 367616K, reserved 1376256K
  class space    used 61019K, committed 62912K, reserved 1048576K
}
Event: 207.443 GC heap before
{Heap before GC invocations=133 (full 13):
 ZHeap           used 8502M, capacity 16384M, max capacity 16384M
 Metaspace       used 363493K, committed 367616K, reserved 1376256K
  class space    used 61019K, committed 62912K, reserved 1048576K
}
Event: 207.806 GC heap after
{Heap after GC invocations=134 (full 13):
 ZHeap           used 4224M, capacity 16384M, max capacity 16384M
 Metaspace       used 363493K, committed 367616K, reserved 1376256K
  class space    used 61019K, committed 62912K, reserved 1048576K
}
Event: 208.955 GC heap before
{Heap before GC invocations=134 (full 13):
 ZHeap           used 10016M, capacity 16384M, max capacity 16384M
 Metaspace       used 363494K, committed 367616K, reserved 1376256K
  class space    used 61019K, committed 62912K, reserved 1048576K
}

Dll operation events (27 events):
Event: 0.005 Loaded shared library C:\Users\justi\AppData\Roaming\PrismLauncher\java\java-runtime-delta\bin\java.dll
Event: 0.006 Loaded shared library KernelBase
Event: 0.302 Loaded shared library C:\Users\justi\AppData\Roaming\PrismLauncher\java\java-runtime-delta\bin\zip.dll
Event: 0.327 Loaded shared library C:\Users\justi\AppData\Roaming\PrismLauncher\java\java-runtime-delta\bin\jsvml.dll
Event: 0.371 Loaded shared library C:\Users\justi\AppData\Roaming\PrismLauncher\java\java-runtime-delta\bin\net.dll
Event: 0.372 Loaded shared library C:\Users\justi\AppData\Roaming\PrismLauncher\java\java-runtime-delta\bin\nio.dll
Event: 0.375 Loaded shared library C:\Users\justi\AppData\Roaming\PrismLauncher\java\java-runtime-delta\bin\zip.dll
Event: 0.422 Loaded shared library C:\Users\justi\AppData\Roaming\PrismLauncher\java\java-runtime-delta\bin\jimage.dll
Event: 0.914 Loaded shared library C:\Users\justi\AppData\Roaming\PrismLauncher\java\java-runtime-delta\bin\verify.dll
Event: 1.829 Loaded shared library C:\Users\justi\AppData\Roaming\PrismLauncher\java\java-runtime-delta\bin\management.dll
Event: 1.831 Loaded shared library C:\Users\justi\AppData\Roaming\PrismLauncher\java\java-runtime-delta\bin\management_ext.dll
Event: 2.821 Loaded shared library C:\Users\justi\AppData\Local\Temp\lwjgl_justi\3.3.3+5\x64\lwjgl.dll
Event: 3.003 Loaded shared library C:\Users\justi\AppData\Local\Temp\lwjgl_justi\3.3.3+5\x64\lwjgl_stb.dll
Event: 3.066 Loaded shared library C:\Users\justi\AppData\Local\Temp\lwjgl_justi\3.3.3+5\x64\lwjgl_opengl.dll
Event: 10.586 Loaded shared library C:\Users\justi\AppData\Local\Temp\jna-101492989\jna1066304855360479310.dll
Event: 15.254 Loaded shared library C:\Users\justi\AppData\Roaming\PrismLauncher\java\java-runtime-delta\bin\sunmscapi.dll
Event: 15.374 Loaded shared library C:\Users\justi\AppData\Roaming\PrismLauncher\java\java-runtime-delta\bin\extnet.dll
Event: 16.412 Loaded shared library C:\Users\justi\AppData\Roaming\PrismLauncher\java\java-runtime-delta\bin\awt.dll
Event: 22.007 Loaded shared library C:\Users\justi\AppData\Local\Temp\imgui-java-natives\1.88.0\imgui-java64.dll
Event: 24.118 Loaded shared library C:\Users\justi\AppData\Local\Temp\libopus4j-9783d0e001158567d1e08f6bb3b2c5b5\libopus4j.dll
Event: 24.156 Loaded shared library C:\Users\justi\AppData\Local\Temp\librnnoise4j-40cc1fdd40ca1100a850ddee14466799\librnnoise4j.dll
Event: 24.206 Loaded shared library C:\Users\justi\AppData\Local\Temp\libspeex4j-e39751f08962f3611e66c90baf107894\libspeex4j.dll
Event: 24.232 Loaded shared library C:\Users\justi\AppData\Local\Temp\liblame4j-290c3436fe9f7c2b8e165ddcb5ad66ce\liblame4j.dll
Event: 24.386 Loaded shared library C:\Users\justi\AppData\Local\Temp\libzstd-jni_dh-1.5.7-616034249750718835377.dll
Event: 24.820 Loaded shared library C:\Users\justi\AppData\Local\Temp\sqlite-3.47.2.0-c4ccfd1c-6977-4531-9eca-0638f4f2ee7d-sqlitejdbc.dll
Event: 35.577 Loaded shared library C:\Users\justi\AppData\Roaming\PrismLauncher\java\java-runtime-delta\bin\jsound.dll
Event: 38.845 Loaded shared library C:\Users\justi\AppData\Local\Temp\sable_rapier_natives7222516244026975762.tmp

Deoptimization events (250 events):
Event: 152.283 Thread 0x000001af0cb07180 Uncommon trap: trap_request=0xffffff45 fr.pc=0x000001af6615ea60 relative=0x0000000000000940
Event: 152.283 Thread 0x000001af0cb07180 Uncommon trap: reason=unstable_if action=reinterpret pc=0x000001af6615ea60 method=java.util.concurrent.SynchronousQueue.poll(JLjava/util/concurrent/TimeUnit;)Ljava/lang/Object; @ 21 c2
Event: 152.283 Thread 0x000001af0cb07180 DEOPT PACKING pc=0x000001af6615ea60 sp=0x000000ab95aff470
Event: 152.283 Thread 0x000001af0cb07180 DEOPT UNPACKING pc=0x000001af626f73a2 sp=0x000000ab95aff2f8 mode 2
Event: 152.295 Thread 0x000001af0cb02950 Uncommon trap: trap_request=0xffffff45 fr.pc=0x000001af652f804c relative=0x00000000000009ec
Event: 152.295 Thread 0x000001af0cb02950 Uncommon trap: reason=unstable_if action=reinterpret pc=0x000001af652f804c method=java.util.concurrent.LinkedTransferQueue$DualNode.await(Ljava/lang/Object;JLjava/lang/Object;Z)Ljava/lang/Object; @ 158 c2
Event: 152.295 Thread 0x000001af0cb02950 DEOPT PACKING pc=0x000001af652f804c sp=0x000000ab959ff270
Event: 152.295 Thread 0x000001af0cb02950 DEOPT UNPACKING pc=0x000001af626f73a2 sp=0x000000ab959ff158 mode 2
Event: 152.295 Thread 0x000001af0cb02950 Uncommon trap: trap_request=0xffffff45 fr.pc=0x000001af6615ea60 relative=0x0000000000000940
Event: 152.295 Thread 0x000001af0cb02950 Uncommon trap: reason=unstable_if action=reinterpret pc=0x000001af6615ea60 method=java.util.concurrent.SynchronousQueue.poll(JLjava/util/concurrent/TimeUnit;)Ljava/lang/Object; @ 21 c2
Event: 152.295 Thread 0x000001af0cb02950 DEOPT PACKING pc=0x000001af6615ea60 sp=0x000000ab959ff310
Event: 152.295 Thread 0x000001af0cb02950 DEOPT UNPACKING pc=0x000001af626f73a2 sp=0x000000ab959ff198 mode 2
Event: 152.304 Thread 0x000001af30c7b630 Uncommon trap: trap_request=0xffffff45 fr.pc=0x000001af652f807c relative=0x0000000000000a1c
Event: 152.304 Thread 0x000001af30c7b630 Uncommon trap: reason=unstable_if action=reinterpret pc=0x000001af652f807c method=java.util.concurrent.LinkedTransferQueue$DualNode.await(Ljava/lang/Object;JLjava/lang/Object;Z)Ljava/lang/Object; @ 190 c2
Event: 152.304 Thread 0x000001af30c7b630 DEOPT PACKING pc=0x000001af652f807c sp=0x000000ab97dff310
Event: 152.304 Thread 0x000001af30c7b630 DEOPT UNPACKING pc=0x000001af626f73a2 sp=0x000000ab97dff1f8 mode 2
Event: 152.304 Thread 0x000001af30c7b630 Uncommon trap: trap_request=0xffffff45 fr.pc=0x000001af66081e74 relative=0x00000000000009f4
Event: 152.304 Thread 0x000001af30c7b630 Uncommon trap: reason=unstable_if action=reinterpret pc=0x000001af66081e74 method=java.util.concurrent.SynchronousQueue.poll(JLjava/util/concurrent/TimeUnit;)Ljava/lang/Object; @ 21 c2
Event: 152.304 Thread 0x000001af30c7b630 DEOPT PACKING pc=0x000001af66081e74 sp=0x000000ab97dff3b0
Event: 152.304 Thread 0x000001af30c7b630 DEOPT UNPACKING pc=0x000001af626f73a2 sp=0x000000ab97dff268 mode 2
Event: 155.335 Thread 0x000001af221430d0 Uncommon trap: trap_request=0xffffff45 fr.pc=0x000001af652f804c relative=0x00000000000009ec
Event: 155.335 Thread 0x000001af221430d0 Uncommon trap: reason=unstable_if action=reinterpret pc=0x000001af652f804c method=java.util.concurrent.LinkedTransferQueue$DualNode.await(Ljava/lang/Object;JLjava/lang/Object;Z)Ljava/lang/Object; @ 158 c2
Event: 155.335 Thread 0x000001af221430d0 DEOPT PACKING pc=0x000001af652f804c sp=0x000000ab940ff340
Event: 155.335 Thread 0x000001af221430d0 DEOPT UNPACKING pc=0x000001af626f73a2 sp=0x000000ab940ff228 mode 2
Event: 155.335 Thread 0x000001af221430d0 Uncommon trap: trap_request=0xffffff45 fr.pc=0x000001af653f3848 relative=0x0000000000000408
Event: 155.335 Thread 0x000001af221430d0 Uncommon trap: reason=unstable_if action=reinterpret pc=0x000001af653f3848 method=java.util.concurrent.SynchronousQueue.poll(JLjava/util/concurrent/TimeUnit;)Ljava/lang/Object; @ 21 c2
Event: 155.335 Thread 0x000001af221430d0 DEOPT PACKING pc=0x000001af653f3848 sp=0x000000ab940ff3e0
Event: 155.335 Thread 0x000001af221430d0 DEOPT UNPACKING pc=0x000001af626f73a2 sp=0x000000ab940ff2d8 mode 2
Event: 159.591 Thread 0x000001af0caf7eb0 Uncommon trap: trap_request=0xffffff45 fr.pc=0x000001af663a1c34 relative=0x00000000000001f4
Event: 159.591 Thread 0x000001af0caf7eb0 Uncommon trap: reason=unstable_if action=reinterpret pc=0x000001af663a1c34 method=net.minecraft.world.level.block.SculkBehaviour$1.attemptSpreadVein(Lnet/minecraft/world/level/LevelAccessor;Lnet/minecraft/core/BlockPos;Lnet/minecraft/world/level/block/sta
Event: 159.591 Thread 0x000001af0caf7eb0 DEOPT PACKING pc=0x000001af663a1c34 sp=0x000000aba41fe3c0
Event: 159.591 Thread 0x000001af0caf7eb0 DEOPT UNPACKING pc=0x000001af626f73a2 sp=0x000000aba41fe350 mode 2
Event: 159.934 Thread 0x000001af0cb015a0 Uncommon trap: trap_request=0xffffff45 fr.pc=0x000001af652f804c relative=0x00000000000009ec
Event: 159.934 Thread 0x000001b39a3676f0 Uncommon trap: trap_request=0xffffff45 fr.pc=0x000001af652f804c relative=0x00000000000009ec
Event: 159.934 Thread 0x000001af0cb015a0 Uncommon trap: reason=unstable_if action=reinterpret pc=0x000001af652f804c method=java.util.concurrent.LinkedTransferQueue$DualNode.await(Ljava/lang/Object;JLjava/lang/Object;Z)Ljava/lang/Object; @ 158 c2
Event: 159.934 Thread 0x000001b39a3676f0 Uncommon trap: reason=unstable_if action=reinterpret pc=0x000001af652f804c method=java.util.concurrent.LinkedTransferQueue$DualNode.await(Ljava/lang/Object;JLjava/lang/Object;Z)Ljava/lang/Object; @ 158 c2
Event: 159.934 Thread 0x000001b39a3676f0 DEOPT PACKING pc=0x000001af652f804c sp=0x000000ab9b0ff100
Event: 159.934 Thread 0x000001af0cb015a0 DEOPT PACKING pc=0x000001af652f804c sp=0x000000ab951ff230
Event: 159.934 Thread 0x000001b39a3676f0 DEOPT UNPACKING pc=0x000001af626f73a2 sp=0x000000ab9b0fefe8 mode 2
Event: 159.934 Thread 0x000001af0cb015a0 DEOPT UNPACKING pc=0x000001af626f73a2 sp=0x000000ab951ff118 mode 2
Event: 159.934 Thread 0x000001b39a3676f0 Uncommon trap: trap_request=0xffffff45 fr.pc=0x000001af653f3848 relative=0x0000000000000408
Event: 159.934 Thread 0x000001af0cb015a0 Uncommon trap: trap_request=0xffffff45 fr.pc=0x000001af6615ea60 relative=0x0000000000000940
Event: 159.934 Thread 0x000001b39a3676f0 Uncommon trap: reason=unstable_if action=reinterpret pc=0x000001af653f3848 method=java.util.concurrent.SynchronousQueue.poll(JLjava/util/concurrent/TimeUnit;)Ljava/lang/Object; @ 21 c2
Event: 159.934 Thread 0x000001af0cb015a0 Uncommon trap: reason=unstable_if action=reinterpret pc=0x000001af6615ea60 method=java.util.concurrent.SynchronousQueue.poll(JLjava/util/concurrent/TimeUnit;)Ljava/lang/Object; @ 21 c2
Event: 159.934 Thread 0x000001b39a3676f0 DEOPT PACKING pc=0x000001af653f3848 sp=0x000000ab9b0ff1a0
Event: 159.934 Thread 0x000001af0cb015a0 DEOPT PACKING pc=0x000001af6615ea60 sp=0x000000ab951ff2d0
Event: 159.934 Thread 0x000001b39a3676f0 DEOPT UNPACKING pc=0x000001af626f73a2 sp=0x000000ab9b0ff098 mode 2
Event: 159.934 Thread 0x000001af0cb015a0 DEOPT UNPACKING pc=0x000001af626f73a2 sp=0x000000ab951ff158 mode 2
Event: 159.943 Thread 0x000001b37421cd10 Uncommon trap: trap_request=0xffffff45 fr.pc=0x000001af652f804c relative=0x00000000000009ec
Event: 159.943 Thread 0x000001b37421cd10 Uncommon trap: reason=unstable_if action=reinterpret pc=0x000001af652f804c method=java.util.concurrent.LinkedTransferQueue$DualNode.await(Ljava/lang/Object;JLjava/lang/Object;Z)Ljava/lang/Object; @ 158 c2
Event: 159.943 Thread 0x000001b37421cd10 DEOPT PACKING pc=0x000001af652f804c sp=0x000000aba50ff5a0
Event: 159.943 Thread 0x000001b37421cd10 DEOPT UNPACKING pc=0x000001af626f73a2 sp=0x000000aba50ff488 mode 2
Event: 159.943 Thread 0x000001b37421cd10 Uncommon trap: trap_request=0xffffff45 fr.pc=0x000001af6615ea60 relative=0x0000000000000940
Event: 159.943 Thread 0x000001b37421cd10 Uncommon trap: reason=unstable_if action=reinterpret pc=0x000001af6615ea60 method=java.util.concurrent.SynchronousQueue.poll(JLjava/util/concurrent/TimeUnit;)Ljava/lang/Object; @ 21 c2
Event: 159.943 Thread 0x000001b37421cd10 DEOPT PACKING pc=0x000001af6615ea60 sp=0x000000aba50ff640
Event: 159.943 Thread 0x000001b37421cd10 DEOPT UNPACKING pc=0x000001af626f73a2 sp=0x000000aba50ff4c8 mode 2
Event: 159.977 Thread 0x000001b374227120 Uncommon trap: trap_request=0xffffff45 fr.pc=0x000001af652f804c relative=0x00000000000009ec
Event: 159.977 Thread 0x000001b374227120 Uncommon trap: reason=unstable_if action=reinterpret pc=0x000001af652f804c method=java.util.concurrent.LinkedTransferQueue$DualNode.await(Ljava/lang/Object;JLjava/lang/Object;Z)Ljava/lang/Object; @ 158 c2
Event: 159.977 Thread 0x000001b374227120 DEOPT PACKING pc=0x000001af652f804c sp=0x000000ab99eff3e0
Event: 159.977 Thread 0x000001b374227120 DEOPT UNPACKING pc=0x000001af626f73a2 sp=0x000000ab99eff2c8 mode 2
Event: 159.977 Thread 0x000001b374227120 Uncommon trap: trap_request=0xffffff45 fr.pc=0x000001af66081e74 relative=0x00000000000009f4
Event: 159.977 Thread 0x000001b374227120 Uncommon trap: reason=unstable_if action=reinterpret pc=0x000001af66081e74 method=java.util.concurrent.SynchronousQueue.poll(JLjava/util/concurrent/TimeUnit;)Ljava/lang/Object; @ 21 c2
Event: 159.977 Thread 0x000001b374227120 DEOPT PACKING pc=0x000001af66081e74 sp=0x000000ab99eff480
Event: 159.977 Thread 0x000001b374227120 DEOPT UNPACKING pc=0x000001af626f73a2 sp=0x000000ab99eff338 mode 2
Event: 160.644 Thread 0x000001af0caf7eb0 Uncommon trap: trap_request=0xffffff45 fr.pc=0x000001af647c9764 relative=0x00000000000000a4
Event: 160.644 Thread 0x000001af0caf7eb0 Uncommon trap: reason=unstable_if action=reinterpret pc=0x000001af647c9764 method=com.yungnickyoung.minecraft.betterdeserttemples.world.placement.BetterDesertTemplePlacement.isPlacementChunk(Lnet/minecraft/world/level/chunk/ChunkGeneratorStructureState;II
Event: 160.644 Thread 0x000001af0caf7eb0 DEOPT PACKING pc=0x000001af647c9764 sp=0x000000aba41fec60
Event: 160.644 Thread 0x000001af0caf7eb0 DEOPT UNPACKING pc=0x000001af626f73a2 sp=0x000000aba41febb0 mode 2
Event: 161.131 Thread 0x000001af0caf98f0 Uncommon trap: trap_request=0xffffff45 fr.pc=0x000001af64ea1404 relative=0x0000000000002124
Event: 161.131 Thread 0x000001af0caf98f0 Uncommon trap: reason=unstable_if action=reinterpret pc=0x000001af64ea1404 method=com.seibel.distanthorizons.common.wrappers.block.BlockStateWrapper_neoforge.calculateEDhApiBlockMaterialId(Lnet/minecraft/world/level/block/state/BlockState;Ljava/lang/Strin
Event: 161.131 Thread 0x000001af0caf98f0 DEOPT PACKING pc=0x000001af64ea1404 sp=0x000000aba44fefd0
Event: 161.131 Thread 0x000001af0caf98f0 DEOPT UNPACKING pc=0x000001af626f73a2 sp=0x000000aba44fef68 mode 2
Event: 163.779 Thread 0x000001af0caf98f0 Uncommon trap: trap_request=0xffffffde fr.pc=0x000001af644f7804 relative=0x0000000000000384
Event: 163.779 Thread 0x000001af0caf98f0 Uncommon trap: reason=class_check action=maybe_recompile pc=0x000001af644f7804 method=net.minecraft.world.level.levelgen.blockpredicates.AnyOfPredicate.test(Ljava/lang/Object;Ljava/lang/Object;)Z @ 6 c2
Event: 163.779 Thread 0x000001af0caf98f0 DEOPT PACKING pc=0x000001af644f7804 sp=0x000000aba44fe8f0
Event: 163.779 Thread 0x000001af0caf98f0 DEOPT UNPACKING pc=0x000001af626f73a2 sp=0x000000aba44fe878 mode 2
Event: 166.294 Thread 0x000001af0caf7190 Uncommon trap: trap_request=0xffffff45 fr.pc=0x000001af65483d5c relative=0x0000000000000e7c
Event: 166.294 Thread 0x000001af0caf7190 Uncommon trap: reason=unstable_if action=reinterpret pc=0x000001af65483d5c method=net.minecraft.world.level.levelgen.SurfaceSystem.frozenOceanExtension(ILnet/minecraft/world/level/biome/Biome;Lnet/minecraft/world/level/chunk/BlockColumn;Lnet/minecraft/cor
Event: 166.294 Thread 0x000001af0caf7190 DEOPT PACKING pc=0x000001af65483d5c sp=0x000000aba3ffec60
Event: 166.294 Thread 0x000001af0caf7190 DEOPT UNPACKING pc=0x000001af626f73a2 sp=0x000000aba3ffeb50 mode 2
Event: 166.296 Thread 0x000001af0caf7190 DEOPT PACKING pc=0x000001af5ddd6c78 sp=0x000000aba3ffeb80
Event: 166.296 Thread 0x000001af0caf7190 DEOPT UNPACKING pc=0x000001af626f7ee2 sp=0x000000aba3ffe050 mode 0
Event: 166.300 Thread 0x000001af0caf7190 DEOPT PACKING pc=0x000001af5ddd6c78 sp=0x000000aba3ffeb80
Event: 166.300 Thread 0x000001af0caf7190 DEOPT UNPACKING pc=0x000001af626f7ee2 sp=0x000000aba3ffe050 mode 0
Event: 166.306 Thread 0x000001af0caf8540 DEOPT PACKING pc=0x000001af5ddd6c78 sp=0x000000aba3dfe7d0
Event: 166.306 Thread 0x000001af0caf8540 DEOPT UNPACKING pc=0x000001af626f7ee2 sp=0x000000aba3dfdca0 mode 0
Event: 166.313 Thread 0x000001af0caf6b00 DEOPT PACKING pc=0x000001af5ddd6c78 sp=0x000000aba3efe9a0
Event: 166.313 Thread 0x000001af0caf6b00 DEOPT UNPACKING pc=0x000001af626f7ee2 sp=0x000000aba3efde70 mode 0
Event: 166.332 Thread 0x000001af0caf6b00 Uncommon trap: trap_request=0xffffff45 fr.pc=0x000001af64edf670 relative=0x00000000000000d0
Event: 166.332 Thread 0x000001af0caf6b00 Uncommon trap: reason=unstable_if action=reinterpret pc=0x000001af64edf670 method=net.minecraft.world.level.levelgen.feature.IcebergFeature.isIcebergState(Lnet/minecraft/world/level/block/state/BlockState;)Z @ 17 c2
Event: 166.333 Thread 0x000001af0caf6b00 DEOPT PACKING pc=0x000001af64edf670 sp=0x000000aba3efe360
Event: 166.333 Thread 0x000001af0caf6b00 DEOPT UNPACKING pc=0x000001af626f73a2 sp=0x000000aba3efe2f0 mode 2
Event: 166.390 Thread 0x000001af0caf8540 Uncommon trap: trap_request=0xffffff45 fr.pc=0x000001af6478af94 relative=0x0000000000000634
Event: 166.390 Thread 0x000001af0caf8540 Uncommon trap: reason=unstable_if action=reinterpret pc=0x000001af6478af94 method=net.minecraft.world.level.levelgen.feature.IcebergFeature.generateIcebergBlock(Lnet/minecraft/world/level/LevelAccessor;Lnet/minecraft/util/RandomSource;Lnet/minecraft/core/
Event: 166.390 Thread 0x000001af0caf8540 DEOPT PACKING pc=0x000001af6478af94 sp=0x000000aba3dfe320
Event: 166.390 Thread 0x000001af0caf8540 DEOPT UNPACKING pc=0x000001af626f73a2 sp=0x000000aba3dfe248 mode 2
Event: 166.653 Thread 0x000001af0caf8540 DEOPT PACKING pc=0x000001af5bfb8488 sp=0x000000aba3dfe380
Event: 166.653 Thread 0x000001af0caf8540 DEOPT UNPACKING pc=0x000001af626f7ee2 sp=0x000000aba3dfd8b8 mode 0
Event: 169.440 Thread 0x000001af0cb050b0 Uncommon trap: trap_request=0xffffff45 fr.pc=0x000001af652f804c relative=0x00000000000009ec
Event: 169.440 Thread 0x000001af0cb050b0 Uncommon trap: reason=unstable_if action=reinterpret pc=0x000001af652f804c method=java.util.concurrent.LinkedTransferQueue$DualNode.await(Ljava/lang/Object;JLjava/lang/Object;Z)Ljava/lang/Object; @ 158 c2
Event: 169.440 Thread 0x000001af0cb050b0 DEOPT PACKING pc=0x000001af652f804c sp=0x000000ab952ff0f0
Event: 169.440 Thread 0x000001af0cb050b0 DEOPT UNPACKING pc=0x000001af626f73a2 sp=0x000000ab952fefd8 mode 2
Event: 169.440 Thread 0x000001af0cb050b0 Uncommon trap: trap_request=0xffffff45 fr.pc=0x000001af6615ea60 relative=0x0000000000000940
Event: 169.440 Thread 0x000001af0cb050b0 Uncommon trap: reason=unstable_if action=reinterpret pc=0x000001af6615ea60 method=java.util.concurrent.SynchronousQueue.poll(JLjava/util/concurrent/TimeUnit;)Ljava/lang/Object; @ 21 c2
Event: 169.440 Thread 0x000001af0cb050b0 DEOPT PACKING pc=0x000001af6615ea60 sp=0x000000ab952ff190
Event: 169.440 Thread 0x000001af0cb050b0 DEOPT UNPACKING pc=0x000001af626f73a2 sp=0x000000ab952ff018 mode 2
Event: 172.267 Thread 0x000001af0caf7eb0 Uncommon trap: trap_request=0xffffff66 fr.pc=0x000001af64c36cf8 relative=0x00000000000018d8
Event: 172.267 Thread 0x000001af0caf7eb0 Uncommon trap: reason=speculate_class_check action=maybe_recompile pc=0x000001af64c36cf8 method=malte0811.ferritecore.hash.VoxelShapeHash.hashCode(Lmalte0811/ferritecore/mixin/accessors/VoxelShapeAccess;)I @ 1 c2
Event: 172.267 Thread 0x000001af0caf7eb0 DEOPT PACKING pc=0x000001af64c36cf8 sp=0x000000aba41fd820
Event: 172.267 Thread 0x000001af0caf7eb0 DEOPT UNPACKING pc=0x000001af626f73a2 sp=0x000000aba41fd560 mode 2
Event: 172.274 Thread 0x000001af0caf7eb0 Uncommon trap: trap_request=0xffffff66 fr.pc=0x000001af64c36cf8 relative=0x00000000000018d8
Event: 172.274 Thread 0x000001af0caf7eb0 Uncommon trap: reason=speculate_class_check action=maybe_recompile pc=0x000001af64c36cf8 method=malte0811.ferritecore.hash.VoxelShapeHash.hashCode(Lmalte0811/ferritecore/mixin/accessors/VoxelShapeAccess;)I @ 1 c2
Event: 172.274 Thread 0x000001af0caf7eb0 DEOPT PACKING pc=0x000001af64c36cf8 sp=0x000000aba41fd820
Event: 172.274 Thread 0x000001af0caf7eb0 DEOPT UNPACKING pc=0x000001af626f73a2 sp=0x000000aba41fd560 mode 2
Event: 172.274 Thread 0x000001af0caf7eb0 Uncommon trap: trap_request=0xffffff66 fr.pc=0x000001af64c36cf8 relative=0x00000000000018d8
Event: 172.274 Thread 0x000001af0caf7eb0 Uncommon trap: reason=speculate_class_check action=maybe_recompile pc=0x000001af64c36cf8 method=malte0811.ferritecore.hash.VoxelShapeHash.hashCode(Lmalte0811/ferritecore/mixin/accessors/VoxelShapeAccess;)I @ 1 c2
Event: 172.274 Thread 0x000001af0caf7eb0 DEOPT PACKING pc=0x000001af64c36cf8 sp=0x000000aba41fd820
Event: 172.274 Thread 0x000001af0caf7eb0 DEOPT UNPACKING pc=0x000001af626f73a2 sp=0x000000aba41fd560 mode 2
Event: 172.285 Thread 0x000001af0caf7eb0 Uncommon trap: trap_request=0xffffff66 fr.pc=0x000001af64c36cf8 relative=0x00000000000018d8
Event: 172.285 Thread 0x000001af0caf7eb0 Uncommon trap: reason=speculate_class_check action=maybe_recompile pc=0x000001af64c36cf8 method=malte0811.ferritecore.hash.VoxelShapeHash.hashCode(Lmalte0811/ferritecore/mixin/accessors/VoxelShapeAccess;)I @ 1 c2
Event: 172.285 Thread 0x000001af0caf7eb0 DEOPT PACKING pc=0x000001af64c36cf8 sp=0x000000aba41fd820
Event: 172.285 Thread 0x000001af0caf7eb0 DEOPT UNPACKING pc=0x000001af626f73a2 sp=0x000000aba41fd560 mode 2
Event: 176.006 Thread 0x000001af0caf7eb0 Uncommon trap: trap_request=0xffffff6e fr.pc=0x000001af65ca4604 relative=0x00000000000001c4
Event: 176.006 Thread 0x000001af0caf7eb0 Uncommon trap: reason=loop_limit_check action=maybe_recompile pc=0x000001af65ca4604 method=it.unimi.dsi.fastutil.objects.AbstractReference2ObjectMap.putAll(Ljava/util/Map;)V @ 80 c2
Event: 176.006 Thread 0x000001af0caf7eb0 DEOPT PACKING pc=0x000001af65ca4604 sp=0x000000aba41fda30
Event: 176.006 Thread 0x000001af0caf7eb0 DEOPT UNPACKING pc=0x000001af626f73a2 sp=0x000000aba41fd980 mode 2
Event: 181.866 Thread 0x000001af0cafa610 Uncommon trap: trap_request=0xffffffbe fr.pc=0x000001af65a15588 relative=0x0000000000000c68
Event: 181.866 Thread 0x000001af0cafa610 Uncommon trap: reason=profile_predicate action=maybe_recompile pc=0x000001af65a15588 method=it.unimi.dsi.fastutil.objects.Object2ObjectOpenCustomHashMap.get(Ljava/lang/Object;)Ljava/lang/Object; @ 114 c2
Event: 181.866 Thread 0x000001af0cafa610 DEOPT PACKING pc=0x000001af65a15588 sp=0x000000aba46fde70
Event: 181.866 Thread 0x000001af0cafa610 DEOPT UNPACKING pc=0x000001af626f73a2 sp=0x000000aba46fde38 mode 2
Event: 182.123 Thread 0x000001af0caf7190 Uncommon trap: trap_request=0xffffffbe fr.pc=0x000001af662425b8 relative=0x0000000000000058
Event: 182.124 Thread 0x000001af0caf7190 Uncommon trap: reason=profile_predicate action=maybe_recompile pc=0x000001af662425b8 method=java.util.concurrent.ConcurrentHashMap$TreeNode.findTreeNode(ILjava/lang/Object;Ljava/lang/Class;)Ljava/util/concurrent/ConcurrentHashMap$TreeNode; @ 7 c2
Event: 182.124 Thread 0x000001af0caf7190 DEOPT PACKING pc=0x000001af662425b8 sp=0x000000aba3ffed90
Event: 182.124 Thread 0x000001af0caf7190 DEOPT UNPACKING pc=0x000001af626f73a2 sp=0x000000aba3ffed10 mode 2
Event: 182.124 Thread 0x000001af0caf7190 Uncommon trap: trap_request=0xffffffbe fr.pc=0x000001af662425b8 relative=0x0000000000000058
Event: 182.124 Thread 0x000001af0caf7190 Uncommon trap: reason=profile_predicate action=maybe_recompile pc=0x000001af662425b8 method=java.util.concurrent.ConcurrentHashMap$TreeNode.findTreeNode(ILjava/lang/Object;Ljava/lang/Class;)Ljava/util/concurrent/ConcurrentHashMap$TreeNode; @ 7 c2
Event: 182.124 Thread 0x000001af0caf7190 DEOPT PACKING pc=0x000001af662425b8 sp=0x000000aba3ffed90
Event: 182.124 Thread 0x000001af0caf7190 DEOPT UNPACKING pc=0x000001af626f73a2 sp=0x000000aba3ffed10 mode 2
Event: 182.124 Thread 0x000001af0caf7190 Uncommon trap: trap_request=0xffffffbe fr.pc=0x000001af662425b8 relative=0x0000000000000058
Event: 182.124 Thread 0x000001af0caf7190 Uncommon trap: reason=profile_predicate action=maybe_recompile pc=0x000001af662425b8 method=java.util.concurrent.ConcurrentHashMap$TreeNode.findTreeNode(ILjava/lang/Object;Ljava/lang/Class;)Ljava/util/concurrent/ConcurrentHashMap$TreeNode; @ 7 c2
Event: 182.124 Thread 0x000001af0caf7190 DEOPT PACKING pc=0x000001af662425b8 sp=0x000000aba3ffed90
Event: 182.124 Thread 0x000001af0caf7190 DEOPT UNPACKING pc=0x000001af626f73a2 sp=0x000000aba3ffed10 mode 2
Event: 183.199 Thread 0x000001af0caf7eb0 Uncommon trap: trap_request=0xffffffde fr.pc=0x000001af64cea824 relative=0x0000000000000284
Event: 183.199 Thread 0x000001af0caf7eb0 Uncommon trap: reason=class_check action=maybe_recompile pc=0x000001af64cea824 method=net.minecraft.world.level.levelgen.structure.pools.alias.PoolAliasLookup.lambda$create$3(Ljava/util/Map;Lnet/minecraft/resources/ResourceKey;)Lnet/minecraft/resources/Re
Event: 183.199 Thread 0x000001af0caf7eb0 DEOPT PACKING pc=0x000001af64cea824 sp=0x000000aba41fe560
Event: 183.199 Thread 0x000001af0caf7eb0 DEOPT UNPACKING pc=0x000001af626f73a2 sp=0x000000aba41fe410 mode 2
Event: 183.199 Thread 0x000001af0caf7eb0 Uncommon trap: trap_request=0xffffffde fr.pc=0x000001af64cea824 relative=0x0000000000000284
Event: 183.199 Thread 0x000001af0caf7eb0 Uncommon trap: reason=class_check action=maybe_recompile pc=0x000001af64cea824 method=net.minecraft.world.level.levelgen.structure.pools.alias.PoolAliasLookup.lambda$create$3(Ljava/util/Map;Lnet/minecraft/resources/ResourceKey;)Lnet/minecraft/resources/Re
Event: 183.199 Thread 0x000001af0caf7eb0 DEOPT PACKING pc=0x000001af64cea824 sp=0x000000aba41fe560
Event: 183.199 Thread 0x000001af0caf7eb0 DEOPT UNPACKING pc=0x000001af626f73a2 sp=0x000000aba41fe410 mode 2
Event: 183.199 Thread 0x000001af0caf7eb0 Uncommon trap: trap_request=0xffffffde fr.pc=0x000001af64cea824 relative=0x0000000000000284
Event: 183.199 Thread 0x000001af0caf7eb0 Uncommon trap: reason=class_check action=maybe_recompile pc=0x000001af64cea824 method=net.minecraft.world.level.levelgen.structure.pools.alias.PoolAliasLookup.lambda$create$3(Ljava/util/Map;Lnet/minecraft/resources/ResourceKey;)Lnet/minecraft/resources/Re
Event: 183.199 Thread 0x000001af0caf7eb0 DEOPT PACKING pc=0x000001af64cea824 sp=0x000000aba41fe560
Event: 183.199 Thread 0x000001af0caf7eb0 DEOPT UNPACKING pc=0x000001af626f73a2 sp=0x000000aba41fe410 mode 2
Event: 183.199 Thread 0x000001af0caf7eb0 Uncommon trap: trap_request=0xffffffde fr.pc=0x000001af64cea824 relative=0x0000000000000284
Event: 183.199 Thread 0x000001af0caf7eb0 Uncommon trap: reason=class_check action=maybe_recompile pc=0x000001af64cea824 method=net.minecraft.world.level.levelgen.structure.pools.alias.PoolAliasLookup.lambda$create$3(Ljava/util/Map;Lnet/minecraft/resources/ResourceKey;)Lnet/minecraft/resources/Re
Event: 183.199 Thread 0x000001af0caf7eb0 DEOPT PACKING pc=0x000001af64cea824 sp=0x000000aba41fe560
Event: 183.199 Thread 0x000001af0caf7eb0 DEOPT UNPACKING pc=0x000001af626f73a2 sp=0x000000aba41fe410 mode 2
Event: 183.493 Thread 0x000001af0caf98f0 Uncommon trap: trap_request=0xffffffc6 fr.pc=0x000001af65416e38 relative=0x0000000000000838
Event: 183.493 Thread 0x000001af0caf98f0 Uncommon trap: reason=bimorphic_or_optimized_type_check action=maybe_recompile pc=0x000001af65416e38 method=com.yungnickyoung.minecraft.yungsapi.api.world.randomize.BlockStateRandomizer.get(Lnet/minecraft/util/RandomSource;)Lnet/minecraft/world/level/bloc
Event: 183.493 Thread 0x000001af0caf98f0 DEOPT PACKING pc=0x000001af65416e38 sp=0x000000aba44feab0
Event: 183.493 Thread 0x000001af0caf98f0 DEOPT UNPACKING pc=0x000001af626f73a2 sp=0x000000aba44fea50 mode 2
Event: 183.494 Thread 0x000001af0caf98f0 Uncommon trap: trap_request=0xffffffc6 fr.pc=0x000001af65416e38 relative=0x0000000000000838
Event: 183.494 Thread 0x000001af0caf98f0 Uncommon trap: reason=bimorphic_or_optimized_type_check action=maybe_recompile pc=0x000001af65416e38 method=com.yungnickyoung.minecraft.yungsapi.api.world.randomize.BlockStateRandomizer.get(Lnet/minecraft/util/RandomSource;)Lnet/minecraft/world/level/bloc
Event: 183.494 Thread 0x000001af0caf98f0 DEOPT PACKING pc=0x000001af65416e38 sp=0x000000aba44feab0
Event: 183.494 Thread 0x000001af0caf98f0 DEOPT UNPACKING pc=0x000001af626f73a2 sp=0x000000aba44fea50 mode 2
Event: 183.494 Thread 0x000001af0caf98f0 Uncommon trap: trap_request=0xffffffc6 fr.pc=0x000001af65416e38 relative=0x0000000000000838
Event: 183.494 Thread 0x000001af0caf98f0 Uncommon trap: reason=bimorphic_or_optimized_type_check action=maybe_recompile pc=0x000001af65416e38 method=com.yungnickyoung.minecraft.yungsapi.api.world.randomize.BlockStateRandomizer.get(Lnet/minecraft/util/RandomSource;)Lnet/minecraft/world/level/bloc
Event: 183.494 Thread 0x000001af0caf98f0 DEOPT PACKING pc=0x000001af65416e38 sp=0x000000aba44feab0
Event: 183.494 Thread 0x000001af0caf98f0 DEOPT UNPACKING pc=0x000001af626f73a2 sp=0x000000aba44fea50 mode 2
Event: 183.494 Thread 0x000001af0caf98f0 Uncommon trap: trap_request=0xffffffc6 fr.pc=0x000001af65416e38 relative=0x0000000000000838
Event: 183.494 Thread 0x000001af0caf98f0 Uncommon trap: reason=bimorphic_or_optimized_type_check action=maybe_recompile pc=0x000001af65416e38 method=com.yungnickyoung.minecraft.yungsapi.api.world.randomize.BlockStateRandomizer.get(Lnet/minecraft/util/RandomSource;)Lnet/minecraft/world/level/bloc
Event: 183.494 Thread 0x000001af0caf98f0 DEOPT PACKING pc=0x000001af65416e38 sp=0x000000aba44feab0
Event: 183.494 Thread 0x000001af0caf98f0 DEOPT UNPACKING pc=0x000001af626f73a2 sp=0x000000aba44fea50 mode 2
Event: 184.563 Thread 0x000001b39a376330 DEOPT PACKING pc=0x000001af5c162914 sp=0x000000ab9d2fe980
Event: 184.563 Thread 0x000001b39a376330 DEOPT UNPACKING pc=0x000001af626f7ee2 sp=0x000000ab9d2fde58 mode 0
Event: 184.634 Thread 0x000001af0caf9260 Uncommon trap: trap_request=0xffffffbe fr.pc=0x000001af65a15588 relative=0x0000000000000c68
Event: 184.634 Thread 0x000001af0caf9260 Uncommon trap: reason=profile_predicate action=maybe_recompile pc=0x000001af65a15588 method=it.unimi.dsi.fastutil.objects.Object2ObjectOpenCustomHashMap.get(Ljava/lang/Object;)Ljava/lang/Object; @ 114 c2
Event: 184.634 Thread 0x000001af0caf9260 DEOPT PACKING pc=0x000001af65a15588 sp=0x000000aba43fda20
Event: 184.634 Thread 0x000001af0caf9260 DEOPT UNPACKING pc=0x000001af626f73a2 sp=0x000000aba43fd9e8 mode 2
Event: 185.287 Thread 0x000001af0caf9260 Uncommon trap: trap_request=0xffffffbe fr.pc=0x000001af662425b8 relative=0x0000000000000058
Event: 185.287 Thread 0x000001af0caf9260 Uncommon trap: reason=profile_predicate action=maybe_recompile pc=0x000001af662425b8 method=java.util.concurrent.ConcurrentHashMap$TreeNode.findTreeNode(ILjava/lang/Object;Ljava/lang/Class;)Ljava/util/concurrent/ConcurrentHashMap$TreeNode; @ 7 c2
Event: 185.287 Thread 0x000001af0caf9260 DEOPT PACKING pc=0x000001af662425b8 sp=0x000000aba43feb20
Event: 185.287 Thread 0x000001af0caf9260 DEOPT UNPACKING pc=0x000001af626f73a2 sp=0x000000aba43feaa0 mode 2
Event: 192.357 Thread 0x000001af0caf6b00 Uncommon trap: trap_request=0xffffff45 fr.pc=0x000001af64a548e4 relative=0x0000000000001164
Event: 192.357 Thread 0x000001af0caf6b00 Uncommon trap: reason=unstable_if action=reinterpret pc=0x000001af64a548e4 method=com.ninni.spawn.server.level.feature.ZombifiedFlowerFeature.place(Lnet/minecraft/world/level/levelgen/feature/FeaturePlaceContext;)Z @ 205 c2
Event: 192.357 Thread 0x000001af0caf6b00 DEOPT PACKING pc=0x000001af64a548e4 sp=0x000000aba3efe550
Event: 192.357 Thread 0x000001af0caf6b00 DEOPT UNPACKING pc=0x000001af626f73a2 sp=0x000000aba3efe520 mode 2
Event: 197.429 Thread 0x000001af0caf6b00 Uncommon trap: trap_request=0xffffff6e fr.pc=0x000001af64f7e630 relative=0x00000000000003d0
Event: 197.429 Thread 0x000001af0caf6b00 Uncommon trap: reason=loop_limit_check action=maybe_recompile pc=0x000001af64f7e630 method=net.minecraft.world.level.levelgen.feature.foliageplacers.CherryFoliagePlacer.createFoliage(Lnet/minecraft/world/level/LevelSimulatedReader;Lnet/minecraft/world/lev
Event: 197.429 Thread 0x000001af0caf6b00 DEOPT PACKING pc=0x000001af64f7e630 sp=0x000000aba3efe000
Event: 197.429 Thread 0x000001af0caf6b00 DEOPT UNPACKING pc=0x000001af626f73a2 sp=0x000000aba3efdf80 mode 2
Event: 198.318 Thread 0x000001af0caf9260 Uncommon trap: trap_request=0xffffff45 fr.pc=0x000001af66309558 relative=0x00000000000006f8
Event: 198.318 Thread 0x000001af0caf9260 Uncommon trap: reason=unstable_if action=reinterpret pc=0x000001af66309558 method=com.yungnickyoung.minecraft.betterdungeons.world.processor.small_dungeon.SmallDungeonBannerProcessor.processBlock(Lnet/minecraft/world/level/LevelReader;Lnet/minecraft/core/
Event: 198.318 Thread 0x000001af0caf9260 DEOPT PACKING pc=0x000001af66309558 sp=0x000000aba43fe3d0
Event: 198.318 Thread 0x000001af0caf9260 DEOPT UNPACKING pc=0x000001af626f73a2 sp=0x000000aba43fe310 mode 2
Event: 203.371 Thread 0x000001af0cafa610 Uncommon trap: trap_request=0xffffff45 fr.pc=0x000001af645c54c8 relative=0x0000000000000a28
Event: 203.371 Thread 0x000001af0cafa610 Uncommon trap: reason=unstable_if action=reinterpret pc=0x000001af645c54c8 method=net.minecraft.world.level.block.TallSeagrassBlock.mayPlaceOn(Lnet/minecraft/world/level/block/state/BlockState;Lnet/minecraft/world/level/BlockGetter;Lnet/minecraft/core/Blo
Event: 203.371 Thread 0x000001af0cafa610 DEOPT PACKING pc=0x000001af645c54c8 sp=0x000000aba46fe7f0
Event: 203.371 Thread 0x000001af0cafa610 DEOPT UNPACKING pc=0x000001af626f73a2 sp=0x000000aba46fe630 mode 2
Event: 203.805 Thread 0x000001af0caf7eb0 Uncommon trap: trap_request=0xffffff66 fr.pc=0x000001af6434efb4 relative=0x0000000000001834
Event: 203.805 Thread 0x000001af0caf7eb0 Uncommon trap: reason=speculate_class_check action=maybe_recompile pc=0x000001af6434efb4 method=malte0811.ferritecore.hash.VoxelShapeHash.hashCode(Lmalte0811/ferritecore/mixin/accessors/VoxelShapeAccess;)I @ 21 c2
Event: 203.805 Thread 0x000001af0caf7eb0 DEOPT PACKING pc=0x000001af6434efb4 sp=0x000000aba41fea10
Event: 203.805 Thread 0x000001af0caf7eb0 DEOPT UNPACKING pc=0x000001af626f73a2 sp=0x000000aba41fe750 mode 2
Event: 203.805 Thread 0x000001af0caf7eb0 Uncommon trap: trap_request=0xffffff66 fr.pc=0x000001af6434efb4 relative=0x0000000000001834
Event: 203.805 Thread 0x000001af0caf7eb0 Uncommon trap: reason=speculate_class_check action=maybe_recompile pc=0x000001af6434efb4 method=malte0811.ferritecore.hash.VoxelShapeHash.hashCode(Lmalte0811/ferritecore/mixin/accessors/VoxelShapeAccess;)I @ 21 c2
Event: 203.805 Thread 0x000001af0caf7eb0 DEOPT PACKING pc=0x000001af6434efb4 sp=0x000000aba41fea10
Event: 203.805 Thread 0x000001af0caf7eb0 DEOPT UNPACKING pc=0x000001af626f73a2 sp=0x000000aba41fe750 mode 2
Event: 204.746 Thread 0x000001af0cafa610 Uncommon trap: trap_request=0xffffff45 fr.pc=0x000001af649c4c14 relative=0x0000000000000514
Event: 204.746 Thread 0x000001af0cafa610 Uncommon trap: reason=unstable_if action=reinterpret pc=0x000001af649c4c14 method=net.minecraft.world.level.levelgen.feature.IcebergFeature.heightDependentRadiusRound(Lnet/minecraft/util/RandomSource;III)I @ 46 c2
Event: 204.746 Thread 0x000001af0cafa610 DEOPT PACKING pc=0x000001af649c4c14 sp=0x000000aba46fe840
Event: 204.746 Thread 0x000001af0cafa610 DEOPT UNPACKING pc=0x000001af626f73a2 sp=0x000000aba46fe7b8 mode 2
Event: 204.757 Thread 0x000001af0cafa610 Uncommon trap: trap_request=0xffffffde fr.pc=0x000001af64e61e2c relative=0x000000000000064c
Event: 204.757 Thread 0x000001af0cafa610 Uncommon trap: reason=class_check action=maybe_recompile pc=0x000001af64e61e2c method=net.minecraft.world.level.levelgen.feature.stateproviders.RandomizedIntStateProvider.getState(Lnet/minecraft/util/RandomSource;Lnet/minecraft/core/BlockPos;)Lnet/minecra
Event: 204.757 Thread 0x000001af0cafa610 DEOPT PACKING pc=0x000001af64e61e2c sp=0x000000aba46fe390
Event: 204.757 Thread 0x000001af0cafa610 DEOPT UNPACKING pc=0x000001af626f73a2 sp=0x000000aba46fe318 mode 2
Event: 204.757 Thread 0x000001af0cafa610 Uncommon trap: trap_request=0xffffffde fr.pc=0x000001af64e61e2c relative=0x000000000000064c
Event: 204.757 Thread 0x000001af0cafa610 Uncommon trap: reason=class_check action=maybe_recompile pc=0x000001af64e61e2c method=net.minecraft.world.level.levelgen.feature.stateproviders.RandomizedIntStateProvider.getState(Lnet/minecraft/util/RandomSource;Lnet/minecraft/core/BlockPos;)Lnet/minecra
Event: 204.757 Thread 0x000001af0cafa610 DEOPT PACKING pc=0x000001af64e61e2c sp=0x000000aba46fe390
Event: 204.757 Thread 0x000001af0cafa610 DEOPT UNPACKING pc=0x000001af626f73a2 sp=0x000000aba46fe318 mode 2
Event: 204.757 Thread 0x000001af0cafa610 Uncommon trap: trap_request=0xffffffde fr.pc=0x000001af64e61e2c relative=0x000000000000064c
Event: 204.757 Thread 0x000001af0cafa610 Uncommon trap: reason=class_check action=maybe_recompile pc=0x000001af64e61e2c method=net.minecraft.world.level.levelgen.feature.stateproviders.RandomizedIntStateProvider.getState(Lnet/minecraft/util/RandomSource;Lnet/minecraft/core/BlockPos;)Lnet/minecra
Event: 204.757 Thread 0x000001af0cafa610 DEOPT PACKING pc=0x000001af64e61e2c sp=0x000000aba46fe390
Event: 204.757 Thread 0x000001af0cafa610 DEOPT UNPACKING pc=0x000001af626f73a2 sp=0x000000aba46fe318 mode 2
Event: 204.757 Thread 0x000001af0cafa610 Uncommon trap: trap_request=0xffffffde fr.pc=0x000001af64e61e2c relative=0x000000000000064c
Event: 204.757 Thread 0x000001af0cafa610 Uncommon trap: reason=class_check action=maybe_recompile pc=0x000001af64e61e2c method=net.minecraft.world.level.levelgen.feature.stateproviders.RandomizedIntStateProvider.getState(Lnet/minecraft/util/RandomSource;Lnet/minecraft/core/BlockPos;)Lnet/minecra
Event: 204.757 Thread 0x000001af0cafa610 DEOPT PACKING pc=0x000001af64e61e2c sp=0x000000aba46fe390
Event: 204.757 Thread 0x000001af0cafa610 DEOPT UNPACKING pc=0x000001af626f73a2 sp=0x000000aba46fe318 mode 2
Event: 205.696 Thread 0x000001af0cafb330 Uncommon trap: trap_request=0xffffff45 fr.pc=0x000001af637208e4 relative=0x0000000000006024
Event: 205.696 Thread 0x000001af0cafb330 Uncommon trap: reason=unstable_if action=reinterpret pc=0x000001af637208e4 method=net.minecraft.world.level.levelgen.feature.IcebergFeature.isIcebergState(Lnet/minecraft/world/level/block/state/BlockState;)Z @ 27 c2
Event: 205.696 Thread 0x000001af0cafb330 DEOPT PACKING pc=0x000001af637208e4 sp=0x000000aba48fe950
Event: 205.696 Thread 0x000001af0cafb330 DEOPT UNPACKING pc=0x000001af626f73a2 sp=0x000000aba48fe810 mode 2
Event: 205.696 Thread 0x000001af0cafb330 Uncommon trap: trap_request=0xffffff45 fr.pc=0x000001af6502cac8 relative=0x00000000000000a8
Event: 205.696 Thread 0x000001af0cafb330 Uncommon trap: reason=unstable_if action=reinterpret pc=0x000001af6502cac8 method=net.minecraft.world.level.levelgen.feature.IcebergFeature.isIcebergState(Lnet/minecraft/world/level/block/state/BlockState;)Z @ 27 c2
Event: 205.696 Thread 0x000001af0cafb330 DEOPT PACKING pc=0x000001af6502cac8 sp=0x000000aba48fe880
Event: 205.696 Thread 0x000001af0cafb330 DEOPT UNPACKING pc=0x000001af626f73a2 sp=0x000000aba48fe810 mode 2
Event: 205.909 Thread 0x000001af0caf6b00 DEOPT PACKING pc=0x000001af5bfb8488 sp=0x000000aba3efe550
Event: 205.909 Thread 0x000001af0caf6b00 DEOPT UNPACKING pc=0x000001af626f7ee2 sp=0x000000aba3efda88 mode 0
Event: 206.230 Thread 0x000001af0caf50c0 DEOPT PACKING pc=0x000001af5bfb8488 sp=0x000000aba42fe3f0
Event: 206.230 Thread 0x000001af0caf50c0 DEOPT UNPACKING pc=0x000001af626f7ee2 sp=0x000000aba42fd928 mode 0
Event: 206.474 Thread 0x000001af0caf50c0 DEOPT PACKING pc=0x000001af5bfb8488 sp=0x000000aba42fe3f0
Event: 206.474 Thread 0x000001af0caf50c0 DEOPT UNPACKING pc=0x000001af626f7ee2 sp=0x000000aba42fd928 mode 0
Event: 206.908 Thread 0x000001af0cafc6e0 DEOPT PACKING pc=0x000001af5e06259a sp=0x000000ab975ff030
Event: 206.908 Thread 0x000001af0cafc6e0 DEOPT UNPACKING pc=0x000001af626f7ee2 sp=0x000000ab975fe550 mode 0
Event: 207.210 Thread 0x000001af0caf7eb0 DEOPT PACKING pc=0x000001af5e948933 sp=0x000000aba41fe640
Event: 207.210 Thread 0x000001af0caf7eb0 DEOPT UNPACKING pc=0x000001af626f7ee2 sp=0x000000aba41fdbd0 mode 0
Event: 209.012 Thread 0x000001af56e73600 Uncommon trap: trap_request=0xffffff45 fr.pc=0x000001af635df218 relative=0x0000000000000958
Event: 209.012 Thread 0x000001af56e73600 Uncommon trap: reason=unstable_if action=reinterpret pc=0x000001af635df218 method=com.seibel.distanthorizons.common.render.openGl.glObject.buffer.GLBuffer.destroyBufferIdNow(I)V @ 78 c2
Event: 209.012 Thread 0x000001af56e73600 DEOPT PACKING pc=0x000001af635df218 sp=0x000000ab8cdfd490
Event: 209.012 Thread 0x000001af56e73600 DEOPT UNPACKING pc=0x000001af626f73a2 sp=0x000000ab8cdfd448 mode 2

Classes loaded (250 events):
Event: 39.332 Loading class java/util/stream/ReferencePipeline$6
Event: 39.332 Loading class java/util/stream/DoublePipeline$StatelessOp
Event: 39.332 Loading class java/util/stream/DoublePipeline
Event: 39.333 Loading class java/util/stream/DoubleStream
Event: 39.333 Loading class java/util/stream/DoubleStream done
Event: 39.333 Loading class java/util/stream/DoublePipeline done
Event: 39.333 Loading class java/util/stream/DoublePipeline$StatelessOp done
Event: 39.333 Loading class java/util/stream/ReferencePipeline$6 done
Event: 39.333 Loading class java/util/stream/Nodes$DoubleFixedNodeBuilder
Event: 39.333 Loading class java/util/stream/Node$Builder$OfDouble
Event: 39.333 Loading class java/util/stream/Sink$OfDouble
Event: 39.333 Loading class java/util/stream/Sink$OfDouble done
Event: 39.333 Loading class java/util/stream/Node$Builder$OfDouble done
Event: 39.333 Loading class java/util/stream/Nodes$DoubleArrayNode
Event: 39.333 Loading class java/util/stream/Nodes$DoubleArrayNode done
Event: 39.334 Loading class java/util/stream/Nodes$DoubleFixedNodeBuilder done
Event: 39.334 Loading class java/util/stream/ReferencePipeline$6$1
Event: 39.334 Loading class java/util/stream/ReferencePipeline$6$1 done
Event: 39.436 Loading class java/nio/DirectIntBufferS
Event: 39.436 Loading class java/nio/DirectIntBufferS done
Event: 39.618 Loading class java/util/concurrent/locks/StampedLock$WriterNode
Event: 39.619 Loading class java/util/concurrent/locks/StampedLock$WriterNode done
Event: 39.619 Loading class java/util/concurrent/locks/StampedLock$ReaderNode
Event: 39.619 Loading class java/util/concurrent/locks/StampedLock$ReaderNode done
Event: 40.020 Loading class java/util/stream/LongPipeline$1
Event: 40.020 Loading class java/util/stream/LongPipeline$1 done
Event: 40.022 Loading class java/util/stream/LongPipeline$1$1
Event: 40.022 Loading class java/util/stream/LongPipeline$1$1 done
Event: 40.330 Loading class sun/reflect/generics/tree/IntSignature
Event: 40.330 Loading class sun/reflect/generics/tree/IntSignature done
Event: 40.363 Loading class javax/management/InstanceAlreadyExistsException
Event: 40.363 Loading class javax/management/InstanceAlreadyExistsException done
Event: 40.363 Loading class javax/management/NotCompliantMBeanException
Event: 40.363 Loading class javax/management/NotCompliantMBeanException done
Event: 40.363 Loading class javax/management/MalformedObjectNameException
Event: 40.363 Loading class javax/management/MalformedObjectNameException done
Event: 40.363 Loading class javax/management/AttributeNotFoundException
Event: 40.363 Loading class javax/management/AttributeNotFoundException done
Event: 40.363 Loading class javax/management/InvalidAttributeValueException
Event: 40.363 Loading class javax/management/InvalidAttributeValueException done
Event: 40.413 Loading class java/util/ReverseOrderListView$DescendingIterator
Event: 40.413 Loading class java/util/ReverseOrderListView$DescendingIterator done
Event: 40.623 Loading class java/net/BindException
Event: 40.623 Loading class java/net/BindException done
Event: 40.636 Loading class java/net/DatagramSocket
Event: 40.636 Loading class java/net/DatagramSocket done
Event: 40.636 Loading class java/net/DatagramSocket$1
Event: 40.636 Loading class java/net/DatagramSocket$1 done
Event: 40.636 Loading class java/net/MulticastSocket
Event: 40.637 Loading class java/net/MulticastSocket done
Event: 40.637 Loading class sun/nio/ch/DatagramChannelImpl
Event: 40.638 Loading class java/nio/channels/DatagramChannel
Event: 40.638 Loading class java/nio/channels/MulticastChannel
Event: 40.638 Loading class java/nio/channels/MulticastChannel done
Event: 40.638 Loading class java/nio/channels/DatagramChannel done
Event: 40.638 Loading class sun/nio/ch/DatagramChannelImpl done
Event: 40.638 Loading class javax/imageio/ImageTypeSpecifier$Interleaved
Event: 40.638 Loading class javax/imageio/ImageTypeSpecifier$Interleaved done
Event: 40.638 Loading class sun/nio/ch/DatagramDispatcher
Event: 40.638 Loading class java/awt/image/ComponentColorModel
Event: 40.638 Loading class sun/nio/ch/DatagramDispatcher done
Event: 40.639 Loading class sun/net/ResourceManager
Event: 40.639 Loading class sun/net/ResourceManager done
Event: 40.639 Loading class sun/nio/ch/NativeSocketAddress
Event: 40.639 Loading class sun/nio/ch/NativeSocketAddress done
Event: 40.640 Loading class sun/nio/ch/DatagramSocketAdaptor
Event: 40.640 Loading class sun/nio/ch/DatagramSocketAdaptor done
Event: 40.641 Loading class sun/nio/ch/DatagramSocketAdaptor$DatagramSockets
Event: 40.641 Loading class sun/nio/ch/DatagramSocketAdaptor$DatagramSockets done
Event: 40.642 Loading class sun/nio/ch/DatagramChannelImpl$DefaultOptionsHolder
Event: 40.642 Loading class sun/nio/ch/DatagramChannelImpl$DefaultOptionsHolder done
Event: 40.642 Loading class java/net/DatagramPacket
Event: 40.642 Loading class java/awt/image/ComponentColorModel done
Event: 40.643 Loading class java/net/DatagramPacket done
Event: 40.643 Loading class sun/nio/ch/DatagramChannelImpl$DatagramPackets
Event: 40.643 Loading class sun/nio/ch/DatagramChannelImpl$DatagramPackets done
Event: 40.646 Loading class javax/imageio/ImageTypeSpecifier$Packed
Event: 40.646 Loading class javax/imageio/ImageTypeSpecifier$Packed done
Event: 40.647 Loading class sun/awt/image/ShortComponentRaster
Event: 40.648 Loading class sun/awt/image/ShortComponentRaster done
Event: 40.649 Loading class javax/imageio/stream/FileCacheImageOutputStream
Event: 40.649 Loading class javax/imageio/stream/ImageOutputStreamImpl
Event: 40.650 Loading class javax/imageio/stream/ImageOutputStreamImpl done
Event: 40.650 Loading class javax/imageio/stream/FileCacheImageOutputStream done
Event: 40.650 Loading class com/sun/imageio/stream/StreamCloser
Event: 40.651 Loading class com/sun/imageio/stream/StreamCloser done
Event: 40.651 Loading class com/sun/imageio/stream/StreamCloser$CloseAction
Event: 40.651 Loading class com/sun/imageio/stream/StreamCloser$CloseAction done
Event: 40.651 Loading class com/sun/imageio/stream/StreamCloser$1
Event: 40.651 Loading class com/sun/imageio/stream/StreamCloser$1 done
Event: 40.651 Loading class javax/imageio/ImageIO$CanEncodeImageAndFormatFilter
Event: 40.651 Loading class javax/imageio/ImageIO$CanEncodeImageAndFormatFilter done
Event: 40.651 Loading class javax/imageio/ImageIO$ImageWriterIterator
Event: 40.652 Loading class javax/imageio/ImageIO$ImageWriterIterator done
Event: 40.652 Loading class com/sun/imageio/plugins/png/PNGImageWriter
Event: 40.653 Loading class com/sun/imageio/plugins/png/PNGImageWriter done
Event: 40.653 Loading class com/sun/imageio/plugins/png/RowFilter
Event: 40.653 Loading class com/sun/imageio/plugins/png/RowFilter done
Event: 40.653 Loading class javax/imageio/IIOImage
Event: 40.653 Loading class javax/imageio/IIOImage done
Event: 40.654 Loading class com/sun/imageio/plugins/png/ChunkStream
Event: 40.654 Loading class com/sun/imageio/plugins/png/ChunkStream done
Event: 40.654 Loading class com/sun/imageio/plugins/png/CRC
Event: 40.654 Loading class com/sun/imageio/plugins/png/CRC done
Event: 40.655 Loading class com/sun/imageio/plugins/png/IDATOutputStream
Event: 40.655 Loading class com/sun/imageio/plugins/png/IDATOutputStream done
Event: 40.689 Loading class java/util/WeakHashMap$EntrySet
Event: 40.689 Loading class java/util/WeakHashMap$EntrySet done
Event: 40.689 Loading class java/util/WeakHashMap$EntryIterator
Event: 40.689 Loading class java/util/WeakHashMap$EntryIterator done
Event: 40.700 Loading class java/util/PriorityQueue$Itr
Event: 40.700 Loading class java/util/PriorityQueue$Itr done
Event: 40.877 Loading class java/lang/ProcessHandle
Event: 40.877 Loading class java/lang/ProcessHandle done
Event: 40.877 Loading class java/lang/ProcessHandle$Info
Event: 40.878 Loading class java/lang/ProcessHandle$Info done
Event: 40.878 Loading class java/lang/ProcessHandleImpl
Event: 40.878 Loading class java/lang/ProcessHandleImpl done
Event: 40.898 Loading class java/net/NoRouteToHostException
Event: 40.898 Loading class java/net/NoRouteToHostException done
Event: 40.898 Loading class java/nio/channels/NotYetConnectedException
Event: 40.898 Loading class java/nio/channels/NotYetConnectedException done
Event: 40.908 Loading class java/util/concurrent/atomic/AtomicLongFieldUpdater
Event: 40.908 Loading class java/util/concurrent/atomic/AtomicLongFieldUpdater done
Event: 40.908 Loading class java/util/concurrent/atomic/AtomicLongFieldUpdater$CASUpdater
Event: 40.908 Loading class java/util/concurrent/atomic/AtomicLongFieldUpdater$CASUpdater done
Event: 40.909 Loading class java/util/concurrent/atomic/AtomicLongFieldUpdater$CASUpdater$1
Event: 40.909 Loading class java/util/concurrent/atomic/AtomicLongFieldUpdater$CASUpdater$1 done
Event: 40.961 Loading class java/nio/channels/AlreadyConnectedException
Event: 40.961 Loading class java/nio/channels/AlreadyConnectedException done
Event: 40.961 Loading class java/nio/channels/ConnectionPendingException
Event: 40.961 Loading class java/nio/channels/ConnectionPendingException done
Event: 40.965 Loading class java/nio/channels/UnsupportedAddressTypeException
Event: 40.965 Loading class java/nio/channels/UnsupportedAddressTypeException done
Event: 41.117 Loading class java/util/IdentityHashMap$ValueSpliterator
Event: 41.117 Loading class java/util/IdentityHashMap$ValueSpliterator done
Event: 41.554 Loading class java/util/concurrent/ConcurrentHashMap$EntrySpliterator
Event: 41.554 Loading class java/util/concurrent/ConcurrentHashMap$EntrySpliterator done
Event: 41.695 Loading class java/util/stream/StreamSpliterators$InfiniteSupplyingSpliterator$OfRef
Event: 41.696 Loading class java/util/stream/StreamSpliterators$InfiniteSupplyingSpliterator
Event: 41.696 Loading class java/util/stream/StreamSpliterators$InfiniteSupplyingSpliterator done
Event: 41.696 Loading class java/util/stream/StreamSpliterators$InfiniteSupplyingSpliterator$OfRef done
Event: 41.762 Loading class java/nio/channels/ClosedByInterruptException
Event: 41.762 Loading class java/nio/channels/AsynchronousCloseException
Event: 41.762 Loading class java/nio/channels/AsynchronousCloseException done
Event: 41.762 Loading class java/nio/channels/ClosedByInterruptException done
Event: 42.197 Loading class java/util/BitSet$1BitSetSpliterator
Event: 42.198 Loading class java/util/BitSet$1BitSetSpliterator done
Event: 42.221 Loading class java/util/concurrent/atomic/Striped64$Cell
Event: 42.222 Loading class java/util/concurrent/atomic/Striped64$Cell done
Event: 44.191 Loading class java/util/concurrent/ConcurrentLinkedQueue$Itr
Event: 44.191 Loading class java/util/concurrent/ConcurrentLinkedQueue$Itr done
Event: 44.246 Loading class java/util/stream/ForEachOps$ForEachTask
Event: 44.246 Loading class java/util/stream/ForEachOps$ForEachTask done
Event: 44.318 Loading class java/util/concurrent/ConcurrentHashMap$KeySpliterator
Event: 44.318 Loading class java/util/concurrent/ConcurrentHashMap$KeySpliterator done
Event: 44.475 Loading class java/util/stream/LongPipeline$9
Event: 44.476 Loading class java/util/stream/LongPipeline$9 done
Event: 44.476 Loading class java/util/stream/Nodes$LongSpinedNodeBuilder
Event: 44.476 Loading class java/util/stream/SpinedBuffer$OfLong
Event: 44.477 Loading class java/util/stream/SpinedBuffer$OfLong done
Event: 44.477 Loading class java/util/stream/Nodes$LongSpinedNodeBuilder done
Event: 44.482 Loading class java/util/stream/LongPipeline$9$1
Event: 44.482 Loading class java/util/stream/LongPipeline$9$1 done
Event: 45.153 Loading class java/util/concurrent/ConcurrentHashMap$TreeNode
Event: 45.153 Loading class java/util/concurrent/ConcurrentHashMap$TreeNode done
Event: 45.153 Loading class java/util/concurrent/ConcurrentHashMap$TreeBin
Event: 45.153 Loading class java/util/concurrent/ConcurrentHashMap$TreeBin done
Event: 45.476 Loading class java/text/BreakIterator
Event: 45.477 Loading class java/text/BreakIterator done
Event: 45.477 Loading class sun/util/locale/provider/BreakIteratorProviderImpl
Event: 45.477 Loading class sun/util/locale/provider/BreakIteratorProviderImpl done
Event: 45.478 Loading class sun/text/resources/BreakIteratorInfo
Event: 45.478 Loading class sun/text/resources/BreakIteratorInfo done
Event: 45.479 Loading class sun/text/resources/BreakIteratorResources
Event: 45.479 Loading class sun/util/resources/BreakIteratorResourceBundle
Event: 45.479 Loading class sun/util/resources/BreakIteratorResourceBundle done
Event: 45.479 Loading class sun/text/resources/BreakIteratorResources done
Event: 45.479 Loading class sun/text/resources/BreakIteratorResources_en
Event: 45.479 Loading class sun/text/resources/BreakIteratorResources_en done
Event: 45.479 Loading class sun/text/resources/BreakIteratorResources_en_US
Event: 45.479 Loading class sun/text/resources/BreakIteratorResources_en_US done
Event: 45.480 Loading class sun/text/RuleBasedBreakIterator
Event: 45.480 Loading class sun/text/RuleBasedBreakIterator done
Event: 45.481 Loading class sun/text/CompactByteArray
Event: 45.481 Loading class sun/text/CompactByteArray done
Event: 45.481 Loading class sun/text/SupplementaryCharacterData
Event: 45.481 Loading class sun/text/SupplementaryCharacterData done
Event: 45.481 Loading class java/text/BreakIterator$BreakIteratorCache
Event: 45.481 Loading class java/text/BreakIterator$BreakIteratorCache done
Event: 45.481 Loading class java/text/StringCharacterIterator
Event: 45.482 Loading class java/text/StringCharacterIterator done
Event: 45.620 Loading class java/util/Spliterators$LongIteratorSpliterator
Event: 45.620 Loading class java/util/Spliterators$LongIteratorSpliterator done
Event: 45.796 Loading class java/util/stream/Nodes$CollectorTask$OfRef
Event: 45.797 Loading class java/util/stream/Nodes$CollectorTask
Event: 45.797 Loading class java/util/stream/Nodes$CollectorTask done
Event: 45.797 Loading class java/util/stream/Nodes$CollectorTask$OfRef done
Event: 45.798 Loading class java/util/stream/Nodes$ConcNode
Event: 45.798 Loading class java/util/stream/Nodes$AbstractConcNode
Event: 45.798 Loading class java/util/stream/Nodes$AbstractConcNode done
Event: 45.798 Loading class java/util/stream/Nodes$ConcNode done
Event: 45.800 Loading class java/util/stream/Nodes$ToArrayTask$OfRef
Event: 45.800 Loading class java/util/stream/Nodes$ToArrayTask
Event: 45.800 Loading class java/util/stream/Nodes$ToArrayTask done
Event: 45.801 Loading class java/util/stream/Nodes$ToArrayTask$OfRef done
Event: 45.803 Loading class java/util/stream/Nodes$SizedCollectorTask$OfRef
Event: 45.803 Loading class java/util/stream/Nodes$SizedCollectorTask
Event: 45.804 Loading class java/util/stream/Nodes$SizedCollectorTask done
Event: 45.804 Loading class java/util/stream/Nodes$SizedCollectorTask$OfRef done
Event: 46.076 Loading class java/lang/Class$EnclosingMethodInfo
Event: 46.076 Loading class java/lang/Class$EnclosingMethodInfo done
Event: 46.785 Loading class java/nio/HeapFloatBuffer
Event: 46.785 Loading class java/nio/HeapFloatBuffer done
Event: 46.872 Loading class java/util/Collections$EmptyListIterator
Event: 46.872 Loading class java/util/Collections$EmptyListIterator done
Event: 46.945 Loading class sun/security/rsa/RSASignature$SHA1withRSA
Event: 46.945 Loading class sun/security/rsa/RSASignature$SHA1withRSA done
Event: 46.973 Loading class java/util/ArrayList$SubList$2
Event: 46.973 Loading class java/util/ArrayList$SubList$2 done
Event: 47.076 Loading class java/util/concurrent/CompletableFuture$Canceller
Event: 47.076 Loading class java/util/concurrent/CompletableFuture$Canceller done
Event: 47.076 Loading class java/util/concurrent/CompletableFuture$DelayedCompleter
Event: 47.076 Loading class java/util/concurrent/CompletableFuture$DelayedCompleter done
Event: 47.076 Loading class java/util/concurrent/CompletableFuture$Delayer
Event: 47.076 Loading class java/util/concurrent/CompletableFuture$Delayer done
Event: 47.076 Loading class java/util/concurrent/CompletableFuture$Delayer$DaemonThreadFactory
Event: 47.077 Loading class java/util/concurrent/CompletableFuture$Delayer$DaemonThreadFactory done
Event: 47.157 Loading class java/lang/FdLibm$Acos
Event: 47.157 Loading class java/lang/FdLibm$Acos done
Event: 47.296 Loading class java/util/concurrent/ConcurrentHashMap$MapReduceEntriesTask
Event: 47.297 Loading class java/util/concurrent/ConcurrentHashMap$BulkTask
Event: 47.297 Loading class java/util/concurrent/ConcurrentHashMap$BulkTask done
Event: 47.297 Loading class java/util/concurrent/ConcurrentHashMap$MapReduceEntriesTask done
Event: 49.004 Loading class java/util/IdentityHashMap$KeySpliterator
Event: 49.004 Loading class java/util/IdentityHashMap$KeySpliterator done
Event: 51.420 Loading class java/lang/FdLibm$Cbrt
Event: 51.420 Loading class java/lang/FdLibm$Cbrt done
Event: 51.462 Loading class java/lang/FdLibm$Log1p
Event: 51.463 Loading class java/lang/FdLibm$Log1p done
Event: 62.992 Loading class java/util/DualPivotQuicksort$Sorter
Event: 62.992 Loading class java/util/DualPivotQuicksort$Sorter done
Event: 73.029 Loading class java/lang/FdLibm$Hypot
Event: 73.030 Loading class java/lang/FdLibm$Hypot done
Event: 91.469 Loading class java/util/WeakHashMap$KeySpliterator
Event: 91.469 Loading class java/util/WeakHashMap$WeakHashMapSpliterator
Event: 91.469 Loading class java/util/WeakHashMap$WeakHashMapSpliterator done
Event: 91.469 Loading class java/util/WeakHashMap$KeySpliterator done
Event: 92.121 Loading class java/nio/StringCharBuffer
Event: 92.122 Loading class java/nio/StringCharBuffer done

Classes unloaded (250 events):
Event: 38.309 Thread 0x000001af56f8ecf0 Unloading class 0x00000000804bbc00 'java/lang/invoke/LambdaForm$MH+0x00000000804bbc00'
Event: 38.309 Thread 0x000001af56f8ecf0 Unloading class 0x00000000804bb800 'java/lang/invoke/LambdaForm$MH+0x00000000804bb800'
Event: 38.309 Thread 0x000001af56f8ecf0 Unloading class 0x00000000804bb000 'java/lang/invoke/LambdaForm$MH+0x00000000804bb000'
Event: 38.309 Thread 0x000001af56f8ecf0 Unloading class 0x00000000804bac00 'java/lang/invoke/LambdaForm$MH+0x00000000804bac00'
Event: 38.309 Thread 0x000001af56f8ecf0 Unloading class 0x00000000804ba800 'java/lang/invoke/LambdaForm$MH+0x00000000804ba800'
Event: 38.309 Thread 0x000001af56f8ecf0 Unloading class 0x00000000804ba400 'java/lang/invoke/LambdaForm$MH+0x00000000804ba400'
Event: 38.309 Thread 0x000001af56f8ecf0 Unloading class 0x00000000804ba000 'java/lang/invoke/LambdaForm$MH+0x00000000804ba000'
Event: 38.309 Thread 0x000001af56f8ecf0 Unloading class 0x00000000804b9c00 'java/lang/invoke/LambdaForm$MH+0x00000000804b9c00'
Event: 38.309 Thread 0x000001af56f8ecf0 Unloading class 0x00000000804b9800 'java/lang/invoke/LambdaForm$MH+0x00000000804b9800'
Event: 38.309 Thread 0x000001af56f8ecf0 Unloading class 0x00000000804b9400 'java/lang/invoke/LambdaForm$MH+0x00000000804b9400'
Event: 38.309 Thread 0x000001af56f8ecf0 Unloading class 0x00000000804b9000 'java/lang/invoke/LambdaForm$MH+0x00000000804b9000'
Event: 38.309 Thread 0x000001af56f8ecf0 Unloading class 0x00000000804b8c00 'java/lang/invoke/LambdaForm$MH+0x00000000804b8c00'
Event: 38.309 Thread 0x000001af56f8ecf0 Unloading class 0x00000000804b8800 'java/lang/invoke/LambdaForm$MH+0x00000000804b8800'
Event: 38.309 Thread 0x000001af56f8ecf0 Unloading class 0x00000000804b8400 'java/lang/invoke/LambdaForm$MH+0x00000000804b8400'
Event: 38.309 Thread 0x000001af56f8ecf0 Unloading class 0x00000000804b8000 'java/lang/invoke/LambdaForm$MH+0x00000000804b8000'
Event: 38.309 Thread 0x000001af56f8ecf0 Unloading class 0x00000000804b7800 'java/lang/invoke/LambdaForm$MH+0x00000000804b7800'
Event: 38.309 Thread 0x000001af56f8ecf0 Unloading class 0x00000000804b7c00 'java/lang/invoke/LambdaForm$MH+0x00000000804b7c00'
Event: 38.309 Thread 0x000001af56f8ecf0 Unloading class 0x00000000804b7400 'java/lang/invoke/LambdaForm$MH+0x00000000804b7400'
Event: 38.309 Thread 0x000001af56f8ecf0 Unloading class 0x00000000804b7000 'java/lang/invoke/LambdaForm$MH+0x00000000804b7000'
Event: 38.309 Thread 0x000001af56f8ecf0 Unloading class 0x00000000804b6c00 'java/lang/invoke/LambdaForm$MH+0x00000000804b6c00'
Event: 38.309 Thread 0x000001af56f8ecf0 Unloading class 0x00000000804b6800 'java/lang/invoke/LambdaForm$MH+0x00000000804b6800'
Event: 38.309 Thread 0x000001af56f8ecf0 Unloading class 0x00000000804b6000 'java/lang/invoke/LambdaForm$MH+0x00000000804b6000'
Event: 38.309 Thread 0x000001af56f8ecf0 Unloading class 0x00000000804b5c00 'java/lang/invoke/LambdaForm$MH+0x00000000804b5c00'
Event: 38.309 Thread 0x000001af56f8ecf0 Unloading class 0x00000000804b5800 'java/lang/invoke/LambdaForm$MH+0x00000000804b5800'
Event: 38.309 Thread 0x000001af56f8ecf0 Unloading class 0x00000000804b5400 'java/lang/invoke/LambdaForm$MH+0x00000000804b5400'
Event: 38.309 Thread 0x000001af56f8ecf0 Unloading class 0x00000000804b5000 'java/lang/invoke/LambdaForm$MH+0x00000000804b5000'
Event: 38.309 Thread 0x000001af56f8ecf0 Unloading class 0x00000000804b4c00 'java/lang/invoke/LambdaForm$MH+0x00000000804b4c00'
Event: 38.309 Thread 0x000001af56f8ecf0 Unloading class 0x00000000804b4800 'java/lang/invoke/LambdaForm$MH+0x00000000804b4800'
Event: 38.309 Thread 0x000001af56f8ecf0 Unloading class 0x00000000804b4400 'java/lang/invoke/LambdaForm$MH+0x00000000804b4400'
Event: 38.309 Thread 0x000001af56f8ecf0 Unloading class 0x00000000804b4000 'java/lang/invoke/LambdaForm$MH+0x00000000804b4000'
Event: 38.309 Thread 0x000001af56f8ecf0 Unloading class 0x00000000804b3c00 'java/lang/invoke/LambdaForm$MH+0x00000000804b3c00'
Event: 38.309 Thread 0x000001af56f8ecf0 Unloading class 0x00000000804b3800 'java/lang/invoke/LambdaForm$MH+0x00000000804b3800'
Event: 38.309 Thread 0x000001af56f8ecf0 Unloading class 0x00000000804b3400 'java/lang/invoke/LambdaForm$MH+0x00000000804b3400'
Event: 38.309 Thread 0x000001af56f8ecf0 Unloading class 0x00000000804b3000 'java/lang/invoke/LambdaForm$MH+0x00000000804b3000'
Event: 38.309 Thread 0x000001af56f8ecf0 Unloading class 0x00000000804b2c00 'java/lang/invoke/LambdaForm$MH+0x00000000804b2c00'
Event: 38.309 Thread 0x000001af56f8ecf0 Unloading class 0x00000000804b2800 'java/lang/invoke/LambdaForm$MH+0x00000000804b2800'
Event: 38.309 Thread 0x000001af56f8ecf0 Unloading class 0x00000000804b2400 'java/lang/invoke/LambdaForm$MH+0x00000000804b2400'
Event: 38.309 Thread 0x000001af56f8ecf0 Unloading class 0x00000000804b2000 'java/lang/invoke/LambdaForm$MH+0x00000000804b2000'
Event: 38.309 Thread 0x000001af56f8ecf0 Unloading class 0x00000000804b1c00 'java/lang/invoke/LambdaForm$MH+0x00000000804b1c00'
Event: 38.309 Thread 0x000001af56f8ecf0 Unloading class 0x00000000804b1800 'java/lang/invoke/LambdaForm$MH+0x00000000804b1800'
Event: 38.309 Thread 0x000001af56f8ecf0 Unloading class 0x00000000804b1000 'java/lang/invoke/LambdaForm$MH+0x00000000804b1000'
Event: 38.309 Thread 0x000001af56f8ecf0 Unloading class 0x00000000804b0c00 'java/lang/invoke/LambdaForm$MH+0x00000000804b0c00'
Event: 38.309 Thread 0x000001af56f8ecf0 Unloading class 0x00000000804b0800 'java/lang/invoke/LambdaForm$MH+0x00000000804b0800'
Event: 38.309 Thread 0x000001af56f8ecf0 Unloading class 0x00000000804b0400 'java/lang/invoke/LambdaForm$MH+0x00000000804b0400'
Event: 38.309 Thread 0x000001af56f8ecf0 Unloading class 0x00000000804b0000 'java/lang/invoke/LambdaForm$MH+0x00000000804b0000'
Event: 38.309 Thread 0x000001af56f8ecf0 Unloading class 0x00000000804afc00 'java/lang/invoke/LambdaForm$MH+0x00000000804afc00'
Event: 38.309 Thread 0x000001af56f8ecf0 Unloading class 0x00000000804af800 'java/lang/invoke/LambdaForm$MH+0x00000000804af800'
Event: 38.309 Thread 0x000001af56f8ecf0 Unloading class 0x00000000804af400 'java/lang/invoke/LambdaForm$MH+0x00000000804af400'
Event: 38.309 Thread 0x000001af56f8ecf0 Unloading class 0x00000000804af000 'java/lang/invoke/LambdaForm$MH+0x00000000804af000'
Event: 38.309 Thread 0x000001af56f8ecf0 Unloading class 0x00000000804aec00 'java/lang/invoke/LambdaForm$MH+0x00000000804aec00'
Event: 38.309 Thread 0x000001af56f8ecf0 Unloading class 0x00000000804ae800 'java/lang/invoke/LambdaForm$MH+0x00000000804ae800'
Event: 38.309 Thread 0x000001af56f8ecf0 Unloading class 0x00000000804ae400 'java/lang/invoke/LambdaForm$MH+0x00000000804ae400'
Event: 38.309 Thread 0x000001af56f8ecf0 Unloading class 0x00000000804ae000 'java/lang/invoke/LambdaForm$MH+0x00000000804ae000'
Event: 38.309 Thread 0x000001af56f8ecf0 Unloading class 0x00000000804adc00 'java/lang/invoke/LambdaForm$MH+0x00000000804adc00'
Event: 38.309 Thread 0x000001af56f8ecf0 Unloading class 0x00000000804ad800 'java/lang/invoke/LambdaForm$MH+0x00000000804ad800'
Event: 38.309 Thread 0x000001af56f8ecf0 Unloading class 0x00000000804ad400 'java/lang/invoke/LambdaForm$MH+0x00000000804ad400'
Event: 38.309 Thread 0x000001af56f8ecf0 Unloading class 0x00000000804acc00 'java/lang/invoke/LambdaForm$MH+0x00000000804acc00'
Event: 38.309 Thread 0x000001af56f8ecf0 Unloading class 0x00000000804ad000 'java/lang/invoke/LambdaForm$MH+0x00000000804ad000'
Event: 38.309 Thread 0x000001af56f8ecf0 Unloading class 0x00000000804ac800 'java/lang/invoke/LambdaForm$MH+0x00000000804ac800'
Event: 38.309 Thread 0x000001af56f8ecf0 Unloading class 0x00000000804ac400 'java/lang/invoke/LambdaForm$MH+0x00000000804ac400'
Event: 38.309 Thread 0x000001af56f8ecf0 Unloading class 0x00000000804ac000 'java/lang/invoke/LambdaForm$MH+0x00000000804ac000'
Event: 38.309 Thread 0x000001af56f8ecf0 Unloading class 0x00000000804ab800 'java/lang/invoke/LambdaForm$MH+0x00000000804ab800'
Event: 38.309 Thread 0x000001af56f8ecf0 Unloading class 0x00000000804abc00 'java/lang/invoke/LambdaForm$MH+0x00000000804abc00'
Event: 38.309 Thread 0x000001af56f8ecf0 Unloading class 0x00000000804ab000 'java/lang/invoke/LambdaForm$MH+0x00000000804ab000'
Event: 38.309 Thread 0x000001af56f8ecf0 Unloading class 0x00000000804ab400 'java/lang/invoke/LambdaForm$MH+0x00000000804ab400'
Event: 38.309 Thread 0x000001af56f8ecf0 Unloading class 0x00000000804aac00 'java/lang/invoke/LambdaForm$MH+0x00000000804aac00'
Event: 38.309 Thread 0x000001af56f8ecf0 Unloading class 0x00000000804aa800 'java/lang/invoke/LambdaForm$MH+0x00000000804aa800'
Event: 38.309 Thread 0x000001af56f8ecf0 Unloading class 0x00000000804aa400 'java/lang/invoke/LambdaForm$MH+0x00000000804aa400'
Event: 38.309 Thread 0x000001af56f8ecf0 Unloading class 0x00000000804a9c00 'java/lang/invoke/LambdaForm$MH+0x00000000804a9c00'
Event: 38.309 Thread 0x000001af56f8ecf0 Unloading class 0x00000000804aa000 'java/lang/invoke/LambdaForm$MH+0x00000000804aa000'
Event: 38.309 Thread 0x000001af56f8ecf0 Unloading class 0x00000000804a9800 'java/lang/invoke/LambdaForm$MH+0x00000000804a9800'
Event: 38.309 Thread 0x000001af56f8ecf0 Unloading class 0x00000000804a9400 'java/lang/invoke/LambdaForm$MH+0x00000000804a9400'
Event: 38.309 Thread 0x000001af56f8ecf0 Unloading class 0x00000000804a9000 'java/lang/invoke/LambdaForm$MH+0x00000000804a9000'
Event: 38.309 Thread 0x000001af56f8ecf0 Unloading class 0x00000000804a8c00 'java/lang/invoke/LambdaForm$MH+0x00000000804a8c00'
Event: 38.309 Thread 0x000001af56f8ecf0 Unloading class 0x00000000804a8400 'java/lang/invoke/LambdaForm$MH+0x00000000804a8400'
Event: 38.309 Thread 0x000001af56f8ecf0 Unloading class 0x00000000804a8800 'java/lang/invoke/LambdaForm$MH+0x00000000804a8800'
Event: 52.553 Thread 0x000001af56f8ecf0 Unloading class 0x0000000081350400 'java/lang/invoke/LambdaForm$MH+0x0000000081350400'
Event: 52.553 Thread 0x000001af56f8ecf0 Unloading class 0x00000000811d7c00 'java/lang/invoke/LambdaForm$MH+0x00000000811d7c00'
Event: 52.553 Thread 0x000001af56f8ecf0 Unloading class 0x00000000811d7400 'java/lang/invoke/LambdaForm$MH+0x00000000811d7400'
Event: 52.553 Thread 0x000001af56f8ecf0 Unloading class 0x00000000811d6400 'java/lang/invoke/LambdaForm$MH+0x00000000811d6400'
Event: 52.553 Thread 0x000001af56f8ecf0 Unloading class 0x00000000811d7000 'java/lang/invoke/LambdaForm$MH+0x00000000811d7000'
Event: 52.553 Thread 0x000001af56f8ecf0 Unloading class 0x00000000811d6c00 'java/lang/invoke/LambdaForm$MH+0x00000000811d6c00'
Event: 52.553 Thread 0x000001af56f8ecf0 Unloading class 0x00000000811d6800 'java/lang/invoke/LambdaForm$MH+0x00000000811d6800'
Event: 52.553 Thread 0x000001af56f8ecf0 Unloading class 0x00000000811d5400 'java/lang/invoke/LambdaForm$MH+0x00000000811d5400'
Event: 52.553 Thread 0x000001af56f8ecf0 Unloading class 0x00000000811d5c00 'java/lang/invoke/LambdaForm$MH+0x00000000811d5c00'
Event: 52.553 Thread 0x000001af56f8ecf0 Unloading class 0x00000000811d5800 'java/lang/invoke/LambdaForm$MH+0x00000000811d5800'
Event: 52.553 Thread 0x000001af56f8ecf0 Unloading class 0x00000000811d5000 'java/lang/invoke/LambdaForm$MH+0x00000000811d5000'
Event: 52.553 Thread 0x000001af56f8ecf0 Unloading class 0x00000000811d4c00 'java/lang/invoke/LambdaForm$MH+0x00000000811d4c00'
Event: 52.553 Thread 0x000001af56f8ecf0 Unloading class 0x00000000811d4800 'java/lang/invoke/LambdaForm$MH+0x00000000811d4800'
Event: 59.600 Thread 0x000001af56f8ecf0 Unloading class 0x0000000083cf0800 'java/lang/invoke/LambdaForm$MH+0x0000000083cf0800'
Event: 59.600 Thread 0x000001af56f8ecf0 Unloading class 0x0000000083cf0000 'java/lang/invoke/LambdaForm$DMH+0x0000000083cf0000'
Event: 59.600 Thread 0x000001af56f8ecf0 Unloading class 0x0000000083cea800 'java/lang/invoke/LambdaForm$DMH+0x0000000083cea800'
Event: 59.600 Thread 0x000001af56f8ecf0 Unloading class 0x0000000083ce9c00 'java/lang/invoke/LambdaForm$DMH+0x0000000083ce9c00'
Event: 59.600 Thread 0x000001af56f8ecf0 Unloading class 0x0000000083be2400 'java/lang/invoke/LambdaForm$DMH+0x0000000083be2400'
Event: 59.600 Thread 0x000001af56f8ecf0 Unloading class 0x0000000083be2000 'java/lang/invoke/LambdaForm$DMH+0x0000000083be2000'
Event: 59.600 Thread 0x000001af56f8ecf0 Unloading class 0x0000000083bcac00 'java/lang/invoke/LambdaForm$MH+0x0000000083bcac00'
Event: 59.600 Thread 0x000001af56f8ecf0 Unloading class 0x0000000083bca800 'java/lang/invoke/LambdaForm$MH+0x0000000083bca800'
Event: 59.600 Thread 0x000001af56f8ecf0 Unloading class 0x0000000083bca400 'java/lang/invoke/LambdaForm$MH+0x0000000083bca400'
Event: 59.600 Thread 0x000001af56f8ecf0 Unloading class 0x0000000083bca000 'java/lang/invoke/LambdaForm$MH+0x0000000083bca000'
Event: 59.600 Thread 0x000001af56f8ecf0 Unloading class 0x0000000083bc9c00 'java/lang/invoke/LambdaForm$MH+0x0000000083bc9c00'
Event: 59.600 Thread 0x000001af56f8ecf0 Unloading class 0x0000000083bc9800 'java/lang/invoke/LambdaForm$MH+0x0000000083bc9800'
Event: 59.600 Thread 0x000001af56f8ecf0 Unloading class 0x0000000083bc9400 'java/lang/invoke/LambdaForm$MH+0x0000000083bc9400'
Event: 59.600 Thread 0x000001af56f8ecf0 Unloading class 0x0000000083bc9000 'java/lang/invoke/LambdaForm$MH+0x0000000083bc9000'
Event: 59.600 Thread 0x000001af56f8ecf0 Unloading class 0x0000000083bc8c00 'java/lang/invoke/LambdaForm$MH+0x0000000083bc8c00'
Event: 59.600 Thread 0x000001af56f8ecf0 Unloading class 0x0000000083bc8800 'java/lang/invoke/LambdaForm$MH+0x0000000083bc8800'
Event: 59.600 Thread 0x000001af56f8ecf0 Unloading class 0x0000000083bc8000 'java/lang/invoke/LambdaForm$DMH+0x0000000083bc8000'
Event: 59.600 Thread 0x000001af56f8ecf0 Unloading class 0x0000000083bc7c00 'java/lang/invoke/LambdaForm$DMH+0x0000000083bc7c00'
Event: 59.600 Thread 0x000001af56f8ecf0 Unloading class 0x0000000083bc7800 'java/lang/invoke/LambdaForm$DMH+0x0000000083bc7800'
Event: 59.600 Thread 0x000001af56f8ecf0 Unloading class 0x0000000083bc7400 'java/lang/invoke/LambdaForm$DMH+0x0000000083bc7400'
Event: 59.600 Thread 0x000001af56f8ecf0 Unloading class 0x0000000083bc7000 'java/lang/invoke/LambdaForm$DMH+0x0000000083bc7000'
Event: 59.600 Thread 0x000001af56f8ecf0 Unloading class 0x0000000083bc6c00 'java/lang/invoke/LambdaForm$DMH+0x0000000083bc6c00'
Event: 59.600 Thread 0x000001af56f8ecf0 Unloading class 0x0000000083bc6800 'java/lang/invoke/LambdaForm$DMH+0x0000000083bc6800'
Event: 59.600 Thread 0x000001af56f8ecf0 Unloading class 0x0000000083bc6400 'java/lang/invoke/LambdaForm$DMH+0x0000000083bc6400'
Event: 59.600 Thread 0x000001af56f8ecf0 Unloading class 0x0000000083bc5c00 'java/lang/invoke/LambdaForm$DMH+0x0000000083bc5c00'
Event: 59.600 Thread 0x000001af56f8ecf0 Unloading class 0x0000000083bc6000 'java/lang/invoke/LambdaForm$DMH+0x0000000083bc6000'
Event: 59.600 Thread 0x000001af56f8ecf0 Unloading class 0x0000000083bc5400 'java/lang/invoke/LambdaForm$DMH+0x0000000083bc5400'
Event: 59.600 Thread 0x000001af56f8ecf0 Unloading class 0x0000000083bc5000 'java/lang/invoke/LambdaForm$DMH+0x0000000083bc5000'
Event: 59.600 Thread 0x000001af56f8ecf0 Unloading class 0x0000000083bc4c00 'java/lang/invoke/LambdaForm$DMH+0x0000000083bc4c00'
Event: 59.600 Thread 0x000001af56f8ecf0 Unloading class 0x0000000083bc4800 'java/lang/invoke/LambdaForm$DMH+0x0000000083bc4800'
Event: 59.600 Thread 0x000001af56f8ecf0 Unloading class 0x0000000083bc4400 'java/lang/invoke/LambdaForm$DMH+0x0000000083bc4400'
Event: 59.600 Thread 0x000001af56f8ecf0 Unloading class 0x0000000083bc4000 'java/lang/invoke/LambdaForm$DMH+0x0000000083bc4000'
Event: 59.600 Thread 0x000001af56f8ecf0 Unloading class 0x0000000083bc3c00 'java/lang/invoke/LambdaForm$DMH+0x0000000083bc3c00'
Event: 59.600 Thread 0x000001af56f8ecf0 Unloading class 0x0000000083bc3800 'java/lang/invoke/LambdaForm$DMH+0x0000000083bc3800'
Event: 59.600 Thread 0x000001af56f8ecf0 Unloading class 0x0000000083bc3400 'java/lang/invoke/LambdaForm$DMH+0x0000000083bc3400'
Event: 59.600 Thread 0x000001af56f8ecf0 Unloading class 0x0000000083bc3000 'java/lang/invoke/LambdaForm$DMH+0x0000000083bc3000'
Event: 59.600 Thread 0x000001af56f8ecf0 Unloading class 0x0000000083bc2800 'java/lang/invoke/LambdaForm$DMH+0x0000000083bc2800'
Event: 59.600 Thread 0x000001af56f8ecf0 Unloading class 0x0000000083bc2400 'java/lang/invoke/LambdaForm$DMH+0x0000000083bc2400'
Event: 59.600 Thread 0x000001af56f8ecf0 Unloading class 0x0000000083bc2000 'java/lang/invoke/LambdaForm$DMH+0x0000000083bc2000'
Event: 59.600 Thread 0x000001af56f8ecf0 Unloading class 0x0000000083bc1c00 'java/lang/invoke/LambdaForm$DMH+0x0000000083bc1c00'
Event: 59.600 Thread 0x000001af56f8ecf0 Unloading class 0x0000000083bc1800 'java/lang/invoke/LambdaForm$DMH+0x0000000083bc1800'
Event: 59.600 Thread 0x000001af56f8ecf0 Unloading class 0x0000000083bc0c00 'java/lang/invoke/LambdaForm$DMH+0x0000000083bc0c00'
Event: 59.600 Thread 0x000001af56f8ecf0 Unloading class 0x0000000083bc1400 'java/lang/invoke/LambdaForm$DMH+0x0000000083bc1400'
Event: 59.600 Thread 0x000001af56f8ecf0 Unloading class 0x0000000083bc0800 'java/lang/invoke/LambdaForm$DMH+0x0000000083bc0800'
Event: 59.600 Thread 0x000001af56f8ecf0 Unloading class 0x0000000083bc1000 'java/lang/invoke/LambdaForm$DMH+0x0000000083bc1000'
Event: 59.600 Thread 0x000001af56f8ecf0 Unloading class 0x0000000083bc0400 'java/lang/invoke/LambdaForm$DMH+0x0000000083bc0400'
Event: 59.600 Thread 0x000001af56f8ecf0 Unloading class 0x0000000083bb0000 'java/lang/invoke/LambdaForm$MH+0x0000000083bb0000'
Event: 59.600 Thread 0x000001af56f8ecf0 Unloading class 0x0000000083bafc00 'java/lang/invoke/LambdaForm$MH+0x0000000083bafc00'
Event: 59.600 Thread 0x000001af56f8ecf0 Unloading class 0x0000000083baf800 'java/lang/invoke/LambdaForm$MH+0x0000000083baf800'
Event: 59.600 Thread 0x000001af56f8ecf0 Unloading class 0x0000000083baf400 'java/lang/invoke/LambdaForm$MH+0x0000000083baf400'
Event: 59.600 Thread 0x000001af56f8ecf0 Unloading class 0x0000000083baf000 'java/lang/invoke/LambdaForm$MH+0x0000000083baf000'
Event: 59.600 Thread 0x000001af56f8ecf0 Unloading class 0x0000000083baec00 'java/lang/invoke/LambdaForm$MH+0x0000000083baec00'
Event: 59.600 Thread 0x000001af56f8ecf0 Unloading class 0x0000000083bae800 'java/lang/invoke/LambdaForm$MH+0x0000000083bae800'
Event: 59.600 Thread 0x000001af56f8ecf0 Unloading class 0x0000000083bae400 'java/lang/invoke/LambdaForm$MH+0x0000000083bae400'
Event: 59.600 Thread 0x000001af56f8ecf0 Unloading class 0x0000000083bae000 'java/lang/invoke/LambdaForm$MH+0x0000000083bae000'
Event: 59.600 Thread 0x000001af56f8ecf0 Unloading class 0x0000000083badc00 'java/lang/invoke/LambdaForm$MH+0x0000000083badc00'
Event: 59.600 Thread 0x000001af56f8ecf0 Unloading class 0x0000000083bad400 'java/lang/invoke/LambdaForm$DMH+0x0000000083bad400'
Event: 59.600 Thread 0x000001af56f8ecf0 Unloading class 0x0000000083bad000 'java/lang/invoke/LambdaForm$DMH+0x0000000083bad000'
Event: 59.600 Thread 0x000001af56f8ecf0 Unloading class 0x0000000083bac000 'java/lang/invoke/LambdaForm$DMH+0x0000000083bac000'
Event: 59.600 Thread 0x000001af56f8ecf0 Unloading class 0x0000000083bac800 'java/lang/invoke/LambdaForm$DMH+0x0000000083bac800'
Event: 59.600 Thread 0x000001af56f8ecf0 Unloading class 0x0000000083bacc00 'java/lang/invoke/LambdaForm$DMH+0x0000000083bacc00'
Event: 59.600 Thread 0x000001af56f8ecf0 Unloading class 0x0000000083babc00 'java/lang/invoke/LambdaForm$DMH+0x0000000083babc00'
Event: 59.600 Thread 0x000001af56f8ecf0 Unloading class 0x0000000083bac400 'java/lang/invoke/LambdaForm$DMH+0x0000000083bac400'
Event: 59.600 Thread 0x000001af56f8ecf0 Unloading class 0x0000000083bab400 'java/lang/invoke/LambdaForm$DMH+0x0000000083bab400'
Event: 59.600 Thread 0x000001af56f8ecf0 Unloading class 0x0000000083bab800 'java/lang/invoke/LambdaForm$DMH+0x0000000083bab800'
Event: 59.600 Thread 0x000001af56f8ecf0 Unloading class 0x0000000083bab000 'java/lang/invoke/LambdaForm$DMH+0x0000000083bab000'
Event: 59.600 Thread 0x000001af56f8ecf0 Unloading class 0x0000000083baa000 'java/lang/invoke/LambdaForm$DMH+0x0000000083baa000'
Event: 59.600 Thread 0x000001af56f8ecf0 Unloading class 0x0000000083baa800 'java/lang/invoke/LambdaForm$DMH+0x0000000083baa800'
Event: 59.600 Thread 0x000001af56f8ecf0 Unloading class 0x0000000083baa400 'java/lang/invoke/LambdaForm$DMH+0x0000000083baa400'
Event: 59.600 Thread 0x000001af56f8ecf0 Unloading class 0x0000000083ba9c00 'java/lang/invoke/LambdaForm$DMH+0x0000000083ba9c00'
Event: 59.600 Thread 0x000001af56f8ecf0 Unloading class 0x0000000083ba8c00 'java/lang/invoke/LambdaForm$DMH+0x0000000083ba8c00'
Event: 59.600 Thread 0x000001af56f8ecf0 Unloading class 0x0000000083ba9000 'java/lang/invoke/LambdaForm$DMH+0x0000000083ba9000'
Event: 59.600 Thread 0x000001af56f8ecf0 Unloading class 0x0000000083ba8400 'java/lang/invoke/LambdaForm$DMH+0x0000000083ba8400'
Event: 59.600 Thread 0x000001af56f8ecf0 Unloading class 0x0000000083ba9800 'java/lang/invoke/LambdaForm$DMH+0x0000000083ba9800'
Event: 59.600 Thread 0x000001af56f8ecf0 Unloading class 0x0000000083ba8800 'java/lang/invoke/LambdaForm$DMH+0x0000000083ba8800'
Event: 59.600 Thread 0x000001af56f8ecf0 Unloading class 0x0000000083ba9400 'java/lang/invoke/LambdaForm$DMH+0x0000000083ba9400'
Event: 59.600 Thread 0x000001af56f8ecf0 Unloading class 0x0000000083b30800 'java/lang/invoke/LambdaForm$DMH+0x0000000083b30800'
Event: 59.600 Thread 0x000001af56f8ecf0 Unloading class 0x0000000083b30400 'java/lang/invoke/LambdaForm$DMH+0x0000000083b30400'
Event: 59.600 Thread 0x000001af56f8ecf0 Unloading class 0x0000000082ea8000 'java/lang/invoke/LambdaForm$MH+0x0000000082ea8000'
Event: 59.600 Thread 0x000001af56f8ecf0 Unloading class 0x0000000082ea1400 'java/lang/invoke/LambdaForm$DMH+0x0000000082ea1400'
Event: 59.600 Thread 0x000001af56f8ecf0 Unloading class 0x0000000082dd4000 'java/lang/invoke/LambdaForm$DMH+0x0000000082dd4000'
Event: 59.600 Thread 0x000001af56f8ecf0 Unloading class 0x0000000082d61000 'java/lang/invoke/LambdaForm$MH+0x0000000082d61000'
Event: 59.600 Thread 0x000001af56f8ecf0 Unloading class 0x0000000082d60c00 'java/lang/invoke/LambdaForm$MH+0x0000000082d60c00'
Event: 59.600 Thread 0x000001af56f8ecf0 Unloading class 0x0000000082d61400 'java/lang/invoke/LambdaForm$MH+0x0000000082d61400'
Event: 59.600 Thread 0x000001af56f8ecf0 Unloading class 0x0000000082d5fc00 'java/lang/invoke/LambdaForm$MH+0x0000000082d5fc00'
Event: 59.600 Thread 0x000001af56f8ecf0 Unloading class 0x0000000082d60000 'java/lang/invoke/LambdaForm$MH+0x0000000082d60000'
Event: 59.600 Thread 0x000001af56f8ecf0 Unloading class 0x0000000082d60400 'java/lang/invoke/LambdaForm$MH+0x0000000082d60400'
Event: 59.600 Thread 0x000001af56f8ecf0 Unloading class 0x0000000082d5f800 'java/lang/invoke/LambdaForm$MH+0x0000000082d5f800'
Event: 59.600 Thread 0x000001af56f8ecf0 Unloading class 0x0000000082d5ec00 'java/lang/invoke/LambdaForm$MH+0x0000000082d5ec00'
Event: 59.600 Thread 0x000001af56f8ecf0 Unloading class 0x0000000082d5e800 'java/lang/invoke/LambdaForm$MH+0x0000000082d5e800'
Event: 59.600 Thread 0x000001af56f8ecf0 Unloading class 0x0000000082d5f000 'java/lang/invoke/LambdaForm$MH+0x0000000082d5f000'
Event: 59.600 Thread 0x000001af56f8ecf0 Unloading class 0x0000000082d5f400 'java/lang/invoke/LambdaForm$MH+0x0000000082d5f400'
Event: 59.600 Thread 0x000001af56f8ecf0 Unloading class 0x0000000082d5e400 'java/lang/invoke/LambdaForm$MH+0x0000000082d5e400'
Event: 59.600 Thread 0x000001af56f8ecf0 Unloading class 0x0000000082d5e000 'java/lang/invoke/LambdaForm$MH+0x0000000082d5e000'
Event: 59.600 Thread 0x000001af56f8ecf0 Unloading class 0x0000000082d5dc00 'java/lang/invoke/LambdaForm$MH+0x0000000082d5dc00'
Event: 59.600 Thread 0x000001af56f8ecf0 Unloading class 0x0000000082d5c800 'java/lang/invoke/LambdaForm$MH+0x0000000082d5c800'
Event: 59.600 Thread 0x000001af56f8ecf0 Unloading class 0x0000000082d5bc00 'java/lang/invoke/LambdaForm$MH+0x0000000082d5bc00'
Event: 59.600 Thread 0x000001af56f8ecf0 Unloading class 0x0000000082d5d400 'java/lang/invoke/LambdaForm$MH+0x0000000082d5d400'
Event: 59.600 Thread 0x000001af56f8ecf0 Unloading class 0x0000000082d5d000 'java/lang/invoke/LambdaForm$MH+0x0000000082d5d000'
Event: 59.600 Thread 0x000001af56f8ecf0 Unloading class 0x0000000082d5cc00 'java/lang/invoke/LambdaForm$MH+0x0000000082d5cc00'
Event: 59.600 Thread 0x000001af56f8ecf0 Unloading class 0x0000000082d5c400 'java/lang/invoke/LambdaForm$MH+0x0000000082d5c400'
Event: 59.600 Thread 0x000001af56f8ecf0 Unloading class 0x0000000082d5c000 'java/lang/invoke/LambdaForm$MH+0x0000000082d5c000'
Event: 59.600 Thread 0x000001af56f8ecf0 Unloading class 0x0000000082d5b800 'java/lang/invoke/LambdaForm$MH+0x0000000082d5b800'
Event: 59.600 Thread 0x000001af56f8ecf0 Unloading class 0x0000000082d5ac00 'java/lang/invoke/LambdaForm$MH+0x0000000082d5ac00'
Event: 59.600 Thread 0x000001af56f8ecf0 Unloading class 0x0000000082d5b000 'java/lang/invoke/LambdaForm$MH+0x0000000082d5b000'
Event: 59.600 Thread 0x000001af56f8ecf0 Unloading class 0x0000000082d5b400 'java/lang/invoke/LambdaForm$MH+0x0000000082d5b400'
Event: 59.600 Thread 0x000001af56f8ecf0 Unloading class 0x0000000082d5a000 'java/lang/invoke/LambdaForm$MH+0x0000000082d5a000'
Event: 59.600 Thread 0x000001af56f8ecf0 Unloading class 0x0000000082d5a800 'java/lang/invoke/LambdaForm$MH+0x0000000082d5a800'
Event: 59.600 Thread 0x000001af56f8ecf0 Unloading class 0x0000000082d5a400 'java/lang/invoke/LambdaForm$MH+0x0000000082d5a400'
Event: 59.600 Thread 0x000001af56f8ecf0 Unloading class 0x0000000082d59800 'java/lang/invoke/LambdaForm$MH+0x0000000082d59800'
Event: 59.600 Thread 0x000001af56f8ecf0 Unloading class 0x0000000082d59400 'java/lang/invoke/LambdaForm$MH+0x0000000082d59400'
Event: 59.600 Thread 0x000001af56f8ecf0 Unloading class 0x0000000082d59000 'java/lang/invoke/LambdaForm$MH+0x0000000082d59000'
Event: 59.600 Thread 0x000001af56f8ecf0 Unloading class 0x0000000082d58c00 'java/lang/invoke/LambdaForm$MH+0x0000000082d58c00'
Event: 59.600 Thread 0x000001af56f8ecf0 Unloading class 0x0000000082d58800 'java/lang/invoke/LambdaForm$MH+0x0000000082d58800'
Event: 59.600 Thread 0x000001af56f8ecf0 Unloading class 0x0000000082d58400 'java/lang/invoke/LambdaForm$MH+0x0000000082d58400'
Event: 59.600 Thread 0x000001af56f8ecf0 Unloading class 0x0000000082d58000 'java/lang/invoke/LambdaForm$MH+0x0000000082d58000'
Event: 59.600 Thread 0x000001af56f8ecf0 Unloading class 0x0000000082d57800 'java/lang/invoke/LambdaForm$MH+0x0000000082d57800'
Event: 59.600 Thread 0x000001af56f8ecf0 Unloading class 0x0000000082d57c00 'java/lang/invoke/LambdaForm$MH+0x0000000082d57c00'
Event: 59.600 Thread 0x000001af56f8ecf0 Unloading class 0x0000000082d57400 'java/lang/invoke/LambdaForm$MH+0x0000000082d57400'
Event: 59.600 Thread 0x000001af56f8ecf0 Unloading class 0x0000000082d57000 'java/lang/invoke/LambdaForm$MH+0x0000000082d57000'
Event: 59.600 Thread 0x000001af56f8ecf0 Unloading class 0x0000000082d56c00 'java/lang/invoke/LambdaForm$MH+0x0000000082d56c00'
Event: 59.600 Thread 0x000001af56f8ecf0 Unloading class 0x0000000082d56800 'java/lang/invoke/LambdaForm$MH+0x0000000082d56800'
Event: 59.600 Thread 0x000001af56f8ecf0 Unloading class 0x0000000082d56400 'java/lang/invoke/LambdaForm$MH+0x0000000082d56400'
Event: 59.600 Thread 0x000001af56f8ecf0 Unloading class 0x0000000082d55400 'java/lang/invoke/LambdaForm$MH+0x0000000082d55400'
Event: 59.600 Thread 0x000001af56f8ecf0 Unloading class 0x0000000082d55c00 'java/lang/invoke/LambdaForm$MH+0x0000000082d55c00'
Event: 59.600 Thread 0x000001af56f8ecf0 Unloading class 0x0000000082d55000 'java/lang/invoke/LambdaForm$MH+0x0000000082d55000'
Event: 59.600 Thread 0x000001af56f8ecf0 Unloading class 0x0000000082d55800 'java/lang/invoke/LambdaForm$MH+0x0000000082d55800'
Event: 59.600 Thread 0x000001af56f8ecf0 Unloading class 0x0000000082d54c00 'java/lang/invoke/LambdaForm$MH+0x0000000082d54c00'
Event: 59.600 Thread 0x000001af56f8ecf0 Unloading class 0x0000000082d54800 'java/lang/invoke/LambdaForm$MH+0x0000000082d54800'
Event: 59.600 Thread 0x000001af56f8ecf0 Unloading class 0x0000000082d54000 'java/lang/invoke/LambdaForm$MH+0x0000000082d54000'
Event: 59.600 Thread 0x000001af56f8ecf0 Unloading class 0x0000000082d54400 'java/lang/invoke/LambdaForm$MH+0x0000000082d54400'
Event: 59.600 Thread 0x000001af56f8ecf0 Unloading class 0x0000000082d53000 'java/lang/invoke/LambdaForm$MH+0x0000000082d53000'
Event: 59.600 Thread 0x000001af56f8ecf0 Unloading class 0x0000000082d53400 'java/lang/invoke/LambdaForm$MH+0x0000000082d53400'
Event: 59.600 Thread 0x000001af56f8ecf0 Unloading class 0x0000000082d53c00 'java/lang/invoke/LambdaForm$MH+0x0000000082d53c00'
Event: 59.600 Thread 0x000001af56f8ecf0 Unloading class 0x0000000082d53800 'java/lang/invoke/LambdaForm$MH+0x0000000082d53800'
Event: 59.600 Thread 0x000001af56f8ecf0 Unloading class 0x0000000082d52800 'java/lang/invoke/LambdaForm$BMH+0x0000000082d52800'
Event: 59.600 Thread 0x000001af56f8ecf0 Unloading class 0x0000000082d52400 'java/lang/invoke/LambdaForm$BMH+0x0000000082d52400'
Event: 59.600 Thread 0x000001af56f8ecf0 Unloading class 0x0000000082d51400 'java/lang/invoke/LambdaForm$BMH+0x0000000082d51400'
Event: 59.600 Thread 0x000001af56f8ecf0 Unloading class 0x0000000082d51c00 'java/lang/invoke/LambdaForm$BMH+0x0000000082d51c00'
Event: 59.600 Thread 0x000001af56f8ecf0 Unloading class 0x0000000082d51800 'java/lang/invoke/LambdaForm$BMH+0x0000000082d51800'
Event: 59.600 Thread 0x000001af56f8ecf0 Unloading class 0x0000000082d52000 'java/lang/invoke/LambdaForm$BMH+0x0000000082d52000'
Event: 59.600 Thread 0x000001af56f8ecf0 Unloading class 0x0000000082d51000 'java/lang/invoke/LambdaForm$BMH+0x0000000082d51000'
Event: 59.600 Thread 0x000001af56f8ecf0 Unloading class 0x0000000082d50c00 'java/lang/invoke/LambdaForm$BMH+0x0000000082d50c00'
Event: 59.600 Thread 0x000001af56f8ecf0 Unloading class 0x0000000082d50400 'java/lang/invoke/LambdaForm$BMH+0x0000000082d50400'
Event: 59.600 Thread 0x000001af56f8ecf0 Unloading class 0x0000000082d50800 'java/lang/invoke/LambdaForm$BMH+0x0000000082d50800'
Event: 59.600 Thread 0x000001af56f8ecf0 Unloading class 0x0000000082d4f800 'java/lang/invoke/LambdaForm$BMH+0x0000000082d4f800'
Event: 59.600 Thread 0x000001af56f8ecf0 Unloading class 0x0000000082d50000 'java/lang/invoke/LambdaForm$BMH+0x0000000082d50000'
Event: 59.600 Thread 0x000001af56f8ecf0 Unloading class 0x0000000082d4fc00 'java/lang/invoke/LambdaForm$BMH+0x0000000082d4fc00'
Event: 59.600 Thread 0x000001af56f8ecf0 Unloading class 0x0000000082d4f400 'java/lang/invoke/LambdaForm$DMH+0x0000000082d4f400'
Event: 59.600 Thread 0x000001af56f8ecf0 Unloading class 0x0000000082d4f000 'java/lang/invoke/LambdaForm$DMH+0x0000000082d4f000'
Event: 59.600 Thread 0x000001af56f8ecf0 Unloading class 0x0000000082d4e400 'java/lang/invoke/LambdaForm$DMH+0x0000000082d4e400'
Event: 59.600 Thread 0x000001af56f8ecf0 Unloading class 0x0000000082d4e000 'java/lang/invoke/LambdaForm$DMH+0x0000000082d4e000'
Event: 59.600 Thread 0x000001af56f8ecf0 Unloading class 0x0000000082d4ec00 'java/lang/invoke/LambdaForm$DMH+0x0000000082d4ec00'
Event: 59.600 Thread 0x000001af56f8ecf0 Unloading class 0x0000000082d4dc00 'java/lang/invoke/LambdaForm$DMH+0x0000000082d4dc00'
Event: 59.600 Thread 0x000001af56f8ecf0 Unloading class 0x0000000082d4e800 'java/lang/invoke/LambdaForm$DMH+0x0000000082d4e800'
Event: 59.600 Thread 0x000001af56f8ecf0 Unloading class 0x0000000082d4d400 'java/lang/invoke/LambdaForm$DMH+0x0000000082d4d400'
Event: 59.600 Thread 0x000001af56f8ecf0 Unloading class 0x0000000082d4d800 'java/lang/invoke/LambdaForm$DMH+0x0000000082d4d800'
Event: 59.600 Thread 0x000001af56f8ecf0 Unloading class 0x0000000082d4cc00 'java/lang/invoke/LambdaForm$DMH+0x0000000082d4cc00'
Event: 59.600 Thread 0x000001af56f8ecf0 Unloading class 0x0000000082d4d000 'java/lang/invoke/LambdaForm$DMH+0x0000000082d4d000'
Event: 59.600 Thread 0x000001af56f8ecf0 Unloading class 0x0000000082d4c000 'java/lang/invoke/LambdaForm$DMH+0x0000000082d4c000'
Event: 59.600 Thread 0x000001af56f8ecf0 Unloading class 0x0000000082d4c800 'java/lang/invoke/LambdaForm$DMH+0x0000000082d4c800'

Classes redefined (0 events):
No events

Internal exceptions (250 events):
Event: 172.259 Thread 0x000001af0caf7eb0 Exception <a 'sun/nio/fs/WindowsException'{0x0000040378470758}> (0x0000040378470758) 
thrown [s\src\hotspot\share\prims\jni.cpp, line 520]
Event: 172.260 Thread 0x000001af0caf7eb0 Exception <a 'sun/nio/fs/WindowsException'{0x000004012f6bfaa0}> (0x000004012f6bfaa0) 
thrown [s\src\hotspot\share\prims\jni.cpp, line 520]
Event: 172.261 Thread 0x000001af0caf7eb0 Exception <a 'sun/nio/fs/WindowsException'{0x00000400f05d9148}> (0x00000400f05d9148) 
thrown [s\src\hotspot\share\prims\jni.cpp, line 520]
Event: 172.263 Thread 0x000001af0caf7eb0 Exception <a 'sun/nio/fs/WindowsException'{0x000004037a74e018}> (0x000004037a74e018) 
thrown [s\src\hotspot\share\prims\jni.cpp, line 520]
Event: 172.264 Thread 0x000001af0caf7eb0 Exception <a 'sun/nio/fs/WindowsException'{0x000004034a273ce8}> (0x000004034a273ce8) 
thrown [s\src\hotspot\share\prims\jni.cpp, line 520]
Event: 172.266 Thread 0x000001af0caf7eb0 Exception <a 'sun/nio/fs/WindowsException'{0x000004033f71e878}> (0x000004033f71e878) 
thrown [s\src\hotspot\share\prims\jni.cpp, line 520]
Event: 172.267 Thread 0x000001af0caf7eb0 Exception <a 'sun/nio/fs/WindowsException'{0x000004019521ef10}> (0x000004019521ef10) 
thrown [s\src\hotspot\share\prims\jni.cpp, line 520]
Event: 172.269 Thread 0x000001af0caf7eb0 Exception <a 'sun/nio/fs/WindowsException'{0x0000040350c1abc8}> (0x0000040350c1abc8) 
thrown [s\src\hotspot\share\prims\jni.cpp, line 520]
Event: 172.270 Thread 0x000001af0caf7eb0 Exception <a 'sun/nio/fs/WindowsException'{0x000004032fd35f50}> (0x000004032fd35f50) 
thrown [s\src\hotspot\share\prims\jni.cpp, line 520]
Event: 172.271 Thread 0x000001af0caf7eb0 Exception <a 'sun/nio/fs/WindowsException'{0x000004016706c110}> (0x000004016706c110) 
thrown [s\src\hotspot\share\prims\jni.cpp, line 520]
Event: 172.272 Thread 0x000001af0caf7eb0 Exception <a 'sun/nio/fs/WindowsException'{0x0000040135fd05b0}> (0x0000040135fd05b0) 
thrown [s\src\hotspot\share\prims\jni.cpp, line 520]
Event: 172.273 Thread 0x000001af0caf7eb0 Exception <a 'sun/nio/fs/WindowsException'{0x0000040288cb9eb0}> (0x0000040288cb9eb0) 
thrown [s\src\hotspot\share\prims\jni.cpp, line 520]
Event: 172.274 Thread 0x000001af0caf7eb0 Exception <a 'sun/nio/fs/WindowsException'{0x00000401f813bd90}> (0x00000401f813bd90) 
thrown [s\src\hotspot\share\prims\jni.cpp, line 520]
Event: 172.275 Thread 0x000001af0caf7eb0 Exception <a 'sun/nio/fs/WindowsException'{0x0000040269c0f4a0}> (0x0000040269c0f4a0) 
thrown [s\src\hotspot\share\prims\jni.cpp, line 520]
Event: 172.276 Thread 0x000001af0caf7eb0 Exception <a 'sun/nio/fs/WindowsException'{0x00000401d0cc0110}> (0x00000401d0cc0110) 
thrown [s\src\hotspot\share\prims\jni.cpp, line 520]
Event: 172.278 Thread 0x000001af0caf7eb0 Exception <a 'sun/nio/fs/WindowsException'{0x000004037e327810}> (0x000004037e327810) 
thrown [s\src\hotspot\share\prims\jni.cpp, line 520]
Event: 172.279 Thread 0x000001af0caf7eb0 Exception <a 'sun/nio/fs/WindowsException'{0x0000040287e82418}> (0x0000040287e82418) 
thrown [s\src\hotspot\share\prims\jni.cpp, line 520]
Event: 172.279 Thread 0x000001af0caf7eb0 Exception <a 'sun/nio/fs/WindowsException'{0x0000040251b06100}> (0x0000040251b06100) 
thrown [s\src\hotspot\share\prims\jni.cpp, line 520]
Event: 172.280 Thread 0x000001af0caf7eb0 Exception <a 'sun/nio/fs/WindowsException'{0x000004016eefbf90}> (0x000004016eefbf90) 
thrown [s\src\hotspot\share\prims\jni.cpp, line 520]
Event: 172.281 Thread 0x000001af0caf7eb0 Exception <a 'sun/nio/fs/WindowsException'{0x000004005e9b6968}> (0x000004005e9b6968) 
thrown [s\src\hotspot\share\prims\jni.cpp, line 520]
Event: 172.282 Thread 0x000001af0caf7eb0 Exception <a 'sun/nio/fs/WindowsException'{0x0000040361bb24e8}> (0x0000040361bb24e8) 
thrown [s\src\hotspot\share\prims\jni.cpp, line 520]
Event: 172.283 Thread 0x000001af0caf7eb0 Exception <a 'sun/nio/fs/WindowsException'{0x0000040316ca40b0}> (0x0000040316ca40b0) 
thrown [s\src\hotspot\share\prims\jni.cpp, line 520]
Event: 172.284 Thread 0x000001af0caf7eb0 Exception <a 'sun/nio/fs/WindowsException'{0x0000040301e54278}> (0x0000040301e54278) 
thrown [s\src\hotspot\share\prims\jni.cpp, line 520]
Event: 172.285 Thread 0x000001af0caf7eb0 Exception <a 'sun/nio/fs/WindowsException'{0x0000040301fabcd8}> (0x0000040301fabcd8) 
thrown [s\src\hotspot\share\prims\jni.cpp, line 520]
Event: 172.285 Thread 0x000001af0caf7eb0 Exception <a 'sun/nio/fs/WindowsException'{0x0000040300c8d570}> (0x0000040300c8d570) 
thrown [s\src\hotspot\share\prims\jni.cpp, line 520]
Event: 172.285 Thread 0x000001af0caf7eb0 Exception <a 'sun/nio/fs/WindowsException'{0x0000040300d47288}> (0x0000040300d47288) 
thrown [s\src\hotspot\share\prims\jni.cpp, line 520]
Event: 172.286 Thread 0x000001af0caf7eb0 Exception <a 'sun/nio/fs/WindowsException'{0x0000040300a6aa18}> (0x0000040300a6aa18) 
thrown [s\src\hotspot\share\prims\jni.cpp, line 520]
Event: 172.286 Thread 0x000001af0caf7eb0 Exception <a 'sun/nio/fs/WindowsException'{0x00000402f2854c60}> (0x00000402f2854c60) 
thrown [s\src\hotspot\share\prims\jni.cpp, line 520]
Event: 172.286 Thread 0x000001af0caf7eb0 Exception <a 'sun/nio/fs/WindowsException'{0x00000402f28cfc68}> (0x00000402f28cfc68) 
thrown [s\src\hotspot\share\prims\jni.cpp, line 520]
Event: 172.288 Thread 0x000001af0caf7eb0 Exception <a 'sun/nio/fs/WindowsException'{0x00000402e0e35480}> (0x00000402e0e35480) 
thrown [s\src\hotspot\share\prims\jni.cpp, line 520]
Event: 172.288 Thread 0x000001af0caf7eb0 Exception <a 'sun/nio/fs/WindowsException'{0x00000402dd79eb00}> (0x00000402dd79eb00) 
thrown [s\src\hotspot\share\prims\jni.cpp, line 520]
Event: 172.289 Thread 0x000001af0caf7eb0 Exception <a 'sun/nio/fs/WindowsException'{0x00000402d46174e0}> (0x00000402d46174e0) 
thrown [s\src\hotspot\share\prims\jni.cpp, line 520]
Event: 172.308 Thread 0x000001af0caf7eb0 Exception <a 'sun/nio/fs/WindowsException'{0x00000401fb5c7b60}> (0x00000401fb5c7b60) 
thrown [s\src\hotspot\share\prims\jni.cpp, line 520]
Event: 172.316 Thread 0x000001af0caf7eb0 Exception <a 'sun/nio/fs/WindowsException'{0x000004016966dd00}> (0x000004016966dd00) 
thrown [s\src\hotspot\share\prims\jni.cpp, line 520]
Event: 172.316 Thread 0x000001af0caf7eb0 Exception <a 'sun/nio/fs/WindowsException'{0x00000401696cbf18}> (0x00000401696cbf18) 
thrown [s\src\hotspot\share\prims\jni.cpp, line 520]
Event: 172.316 Thread 0x000001af0caf7eb0 Exception <a 'sun/nio/fs/WindowsException'{0x0000040169724710}> (0x0000040169724710) 
thrown [s\src\hotspot\share\prims\jni.cpp, line 520]
Event: 172.316 Thread 0x000001af0caf7eb0 Exception <a 'sun/nio/fs/WindowsException'{0x0000040169785bd0}> (0x0000040169785bd0) 
thrown [s\src\hotspot\share\prims\jni.cpp, line 520]
Event: 172.335 Thread 0x000001af0caf7eb0 Exception <a 'sun/nio/fs/WindowsException'{0x00000400fe6f6eb0}> (0x00000400fe6f6eb0) 
thrown [s\src\hotspot\share\prims\jni.cpp, line 520]
Event: 172.355 Thread 0x000001af0caf7eb0 Exception <a 'sun/nio/fs/WindowsException'{0x0000040262d69bb0}> (0x0000040262d69bb0) 
thrown [s\src\hotspot\share\prims\jni.cpp, line 520]
Event: 172.399 Thread 0x000001af0caf7eb0 Exception <a 'sun/nio/fs/WindowsException'{0x000004038425ad48}> (0x000004038425ad48) 
thrown [s\src\hotspot\share\prims\jni.cpp, line 520]
Event: 172.401 Thread 0x000001af0caf7eb0 Exception <a 'sun/nio/fs/WindowsException'{0x000004035c44e298}> (0x000004035c44e298) 
thrown [s\src\hotspot\share\prims\jni.cpp, line 520]
Event: 172.401 Thread 0x000001af0caf7eb0 Exception <a 'sun/nio/fs/WindowsException'{0x000004035c5122b8}> (0x000004035c5122b8) 
thrown [s\src\hotspot\share\prims\jni.cpp, line 520]
Event: 172.402 Thread 0x000001af0caf7eb0 Exception <a 'sun/nio/fs/WindowsException'{0x000004035c5ac0d0}> (0x000004035c5ac0d0) 
thrown [s\src\hotspot\share\prims\jni.cpp, line 520]
Event: 172.402 Thread 0x000001af0caf7eb0 Exception <a 'sun/nio/fs/WindowsException'{0x00000401da58e3f8}> (0x00000401da58e3f8) 
thrown [s\src\hotspot\share\prims\jni.cpp, line 520]
Event: 172.403 Thread 0x000001af0caf7eb0 Exception <a 'sun/nio/fs/WindowsException'{0x0000040183f6f450}> (0x0000040183f6f450) 
thrown [s\src\hotspot\share\prims\jni.cpp, line 520]
Event: 172.404 Thread 0x000001af0caf7eb0 Exception <a 'sun/nio/fs/WindowsException'{0x0000040121b02ba8}> (0x0000040121b02ba8) 
thrown [s\src\hotspot\share\prims\jni.cpp, line 520]
Event: 172.405 Thread 0x000001af0caf7eb0 Exception <a 'sun/nio/fs/WindowsException'{0x00000400f0b29e58}> (0x00000400f0b29e58) 
thrown [s\src\hotspot\share\prims\jni.cpp, line 520]
Event: 172.406 Thread 0x000001af0caf7eb0 Exception <a 'sun/nio/fs/WindowsException'{0x0000040383c9dee8}> (0x0000040383c9dee8) 
thrown [s\src\hotspot\share\prims\jni.cpp, line 520]
Event: 172.406 Thread 0x000001af0caf7eb0 Exception <a 'sun/nio/fs/WindowsException'{0x0000040383d4dca8}> (0x0000040383d4dca8) 
thrown [s\src\hotspot\share\prims\jni.cpp, line 520]
Event: 172.407 Thread 0x000001af0caf7eb0 Exception <a 'sun/nio/fs/WindowsException'{0x00000403675a7070}> (0x00000403675a7070) 
thrown [s\src\hotspot\share\prims\jni.cpp, line 520]
Event: 172.407 Thread 0x000001af0caf7eb0 Exception <a 'sun/nio/fs/WindowsException'{0x00000402ad13ac50}> (0x00000402ad13ac50) 
thrown [s\src\hotspot\share\prims\jni.cpp, line 520]
Event: 172.474 Thread 0x000001af0caf7eb0 Exception <a 'sun/nio/fs/WindowsException'{0x00000400503b2d70}> (0x00000400503b2d70) 
thrown [s\src\hotspot\share\prims\jni.cpp, line 520]
Event: 172.475 Thread 0x000001af0caf7eb0 Exception <a 'sun/nio/fs/WindowsException'{0x000004036d8b1498}> (0x000004036d8b1498) 
thrown [s\src\hotspot\share\prims\jni.cpp, line 520]
Event: 172.476 Thread 0x000001af0caf7eb0 Exception <a 'sun/nio/fs/WindowsException'{0x000004036d9afbd8}> (0x000004036d9afbd8) 
thrown [s\src\hotspot\share\prims\jni.cpp, line 520]
Event: 172.476 Thread 0x000001af0caf7eb0 Exception <a 'sun/nio/fs/WindowsException'{0x0000040325c5bb70}> (0x0000040325c5bb70) 
thrown [s\src\hotspot\share\prims\jni.cpp, line 520]
Event: 181.847 Thread 0x000001af0cafa610 Exception <a 'sun/nio/fs/WindowsException'{0x0000040280fc9af8}> (0x0000040280fc9af8) 
thrown [s\src\hotspot\share\prims\jni.cpp, line 520]
Event: 183.199 Thread 0x000001af0caf7eb0 Exception <a 'sun/nio/fs/WindowsException'{0x0000040290f76b68}> (0x0000040290f76b68) 
thrown [s\src\hotspot\share\prims\jni.cpp, line 520]
Event: 183.213 Thread 0x000001af0caf7eb0 Exception <a 'sun/nio/fs/WindowsException'{0x00000401bb296f48}> (0x00000401bb296f48) 
thrown [s\src\hotspot\share\prims\jni.cpp, line 520]
Event: 183.220 Thread 0x000001af0caf7eb0 Exception <a 'sun/nio/fs/WindowsException'{0x00000400cc67bd88}> (0x00000400cc67bd88) 
thrown [s\src\hotspot\share\prims\jni.cpp, line 520]
Event: 183.225 Thread 0x000001af0caf7eb0 Exception <a 'sun/nio/fs/WindowsException'{0x000004009d33dbb8}> (0x000004009d33dbb8) 
thrown [s\src\hotspot\share\prims\jni.cpp, line 520]
Event: 183.228 Thread 0x000001af0caf7eb0 Exception <a 'sun/nio/fs/WindowsException'{0x000004001ed9ce48}> (0x000004001ed9ce48) 
thrown [s\src\hotspot\share\prims\jni.cpp, line 520]
Event: 183.235 Thread 0x000001af0caf7eb0 Exception <a 'sun/nio/fs/WindowsException'{0x0000040323545a40}> (0x0000040323545a40) 
thrown [s\src\hotspot\share\prims\jni.cpp, line 520]
Event: 184.629 Thread 0x000001af0caf9260 Exception <a 'sun/nio/fs/WindowsException'{0x00000403693cc9c0}> (0x00000403693cc9c0) 
thrown [s\src\hotspot\share\prims\jni.cpp, line 520]
Event: 187.418 Thread 0x000001af0caf7190 Exception <a 'sun/nio/fs/WindowsException'{0x00000402b65465b8}> (0x00000402b65465b8) 
thrown [s\src\hotspot\share\prims\jni.cpp, line 520]
Event: 187.445 Thread 0x000001af0caf7190 Exception <a 'sun/nio/fs/WindowsException'{0x00000402ba8b2190}> (0x00000402ba8b2190) 
thrown [s\src\hotspot\share\prims\jni.cpp, line 520]
Event: 187.450 Thread 0x000001af0caf7190 Exception <a 'sun/nio/fs/WindowsException'{0x0000040195002a80}> (0x0000040195002a80) 
thrown [s\src\hotspot\share\prims\jni.cpp, line 520]
Event: 187.452 Thread 0x000001af0caf7190 Exception <a 'sun/nio/fs/WindowsException'{0x000004019519c4a8}> (0x000004019519c4a8) 
thrown [s\src\hotspot\share\prims\jni.cpp, line 520]
Event: 187.464 Thread 0x000001af0caf7190 Exception <a 'sun/nio/fs/WindowsException'{0x00000402c0650de8}> (0x00000402c0650de8) 
thrown [s\src\hotspot\share\prims\jni.cpp, line 520]
Event: 187.482 Thread 0x000001af0caf7190 Exception <a 'sun/nio/fs/WindowsException'{0x00000402b7a8f508}> (0x00000402b7a8f508) 
thrown [s\src\hotspot\share\prims\jni.cpp, line 520]
Event: 187.503 Thread 0x000001af0caf7190 Exception <a 'sun/nio/fs/WindowsException'{0x000004039d08cda0}> (0x000004039d08cda0) 
thrown [s\src\hotspot\share\prims\jni.cpp, line 520]
Event: 187.514 Thread 0x000001af0caf7190 Exception <a 'sun/nio/fs/WindowsException'{0x00000402e41d92d8}> (0x00000402e41d92d8) 
thrown [s\src\hotspot\share\prims\jni.cpp, line 520]
Event: 187.534 Thread 0x000001af0caf7190 Exception <a 'sun/nio/fs/WindowsException'{0x0000040230120c18}> (0x0000040230120c18) 
thrown [s\src\hotspot\share\prims\jni.cpp, line 520]
Event: 187.553 Thread 0x000001af0caf7190 Exception <a 'sun/nio/fs/WindowsException'{0x00000401b6911f40}> (0x00000401b6911f40) 
thrown [s\src\hotspot\share\prims\jni.cpp, line 520]
Event: 187.563 Thread 0x000001af0caf7190 Exception <a 'sun/nio/fs/WindowsException'{0x00000401316b0fe0}> (0x00000401316b0fe0) 
thrown [s\src\hotspot\share\prims\jni.cpp, line 520]
Event: 187.563 Thread 0x000001af0caf7190 Exception <a 'sun/nio/fs/WindowsException'{0x000004012324d658}> (0x000004012324d658) 
thrown [s\src\hotspot\share\prims\jni.cpp, line 520]
Event: 187.564 Thread 0x000001af0caf7190 Exception <a 'sun/nio/fs/WindowsException'{0x0000040123250fb8}> (0x0000040123250fb8) 
thrown [s\src\hotspot\share\prims\jni.cpp, line 520]
Event: 187.564 Thread 0x000001af0caf7190 Exception <a 'sun/nio/fs/WindowsException'{0x0000040122e4e9a8}> (0x0000040122e4e9a8) 
thrown [s\src\hotspot\share\prims\jni.cpp, line 520]
Event: 187.565 Thread 0x000001af0caf7190 Exception <a 'sun/nio/fs/WindowsException'{0x00000400ea0105c0}> (0x00000400ea0105c0) 
thrown [s\src\hotspot\share\prims\jni.cpp, line 520]
Event: 187.583 Thread 0x000001af0caf7190 Exception <a 'sun/nio/fs/WindowsException'{0x00000403705ab270}> (0x00000403705ab270) 
thrown [s\src\hotspot\share\prims\jni.cpp, line 520]
Event: 187.596 Thread 0x000001af0caf7190 Exception <a 'sun/nio/fs/WindowsException'{0x00000402ff7e76d8}> (0x00000402ff7e76d8) 
thrown [s\src\hotspot\share\prims\jni.cpp, line 520]
Event: 187.600 Thread 0x000001af0caf7190 Exception <a 'sun/nio/fs/WindowsException'{0x00000402df2b9a18}> (0x00000402df2b9a18) 
thrown [s\src\hotspot\share\prims\jni.cpp, line 520]
Event: 187.634 Thread 0x000001af0caf7190 Exception <a 'sun/nio/fs/WindowsException'{0x000004023a693bb0}> (0x000004023a693bb0) 
thrown [s\src\hotspot\share\prims\jni.cpp, line 520]
Event: 187.642 Thread 0x000001af0caf7190 Exception <a 'sun/nio/fs/WindowsException'{0x00000401ec4fb8c0}> (0x00000401ec4fb8c0) 
thrown [s\src\hotspot\share\prims\jni.cpp, line 520]
Event: 187.650 Thread 0x000001af0caf7190 Exception <a 'sun/nio/fs/WindowsException'{0x0000040181478400}> (0x0000040181478400) 
thrown [s\src\hotspot\share\prims\jni.cpp, line 520]
Event: 187.663 Thread 0x000001af0caf7190 Exception <a 'sun/nio/fs/WindowsException'{0x0000040078ec1988}> (0x0000040078ec1988) 
thrown [s\src\hotspot\share\prims\jni.cpp, line 520]
Event: 187.663 Thread 0x000001af0caf7190 Exception <a 'sun/nio/fs/WindowsException'{0x000004007782edc8}> (0x000004007782edc8) 
thrown [s\src\hotspot\share\prims\jni.cpp, line 520]
Event: 187.680 Thread 0x000001af0caf7190 Exception <a 'sun/nio/fs/WindowsException'{0x0000040344b4ca78}> (0x0000040344b4ca78) 
thrown [s\src\hotspot\share\prims\jni.cpp, line 520]
Event: 187.690 Thread 0x000001af0caf7190 Exception <a 'sun/nio/fs/WindowsException'{0x000004020da1d558}> (0x000004020da1d558) 
thrown [s\src\hotspot\share\prims\jni.cpp, line 520]
Event: 187.690 Thread 0x000001af0caf7190 Exception <a 'sun/nio/fs/WindowsException'{0x000004020da665f0}> (0x000004020da665f0) 
thrown [s\src\hotspot\share\prims\jni.cpp, line 520]
Event: 187.705 Thread 0x000001af0caf7190 Exception <a 'sun/nio/fs/WindowsException'{0x000004039da5da58}> (0x000004039da5da58) 
thrown [s\src\hotspot\share\prims\jni.cpp, line 520]
Event: 187.711 Thread 0x000001af0caf7190 Exception <a 'sun/nio/fs/WindowsException'{0x000004034c53f538}> (0x000004034c53f538) 
thrown [s\src\hotspot\share\prims\jni.cpp, line 520]
Event: 187.712 Thread 0x000001af0caf7190 Exception <a 'sun/nio/fs/WindowsException'{0x00000403250345c8}> (0x00000403250345c8) 
thrown [s\src\hotspot\share\prims\jni.cpp, line 520]
Event: 187.713 Thread 0x000001af0caf7190 Exception <a 'sun/nio/fs/WindowsException'{0x000004031dc461f8}> (0x000004031dc461f8) 
thrown [s\src\hotspot\share\prims\jni.cpp, line 520]
Event: 187.721 Thread 0x000001af0caf7190 Exception <a 'sun/nio/fs/WindowsException'{0x000004029730a400}> (0x000004029730a400) 
thrown [s\src\hotspot\share\prims\jni.cpp, line 520]
Event: 187.721 Thread 0x000001af0caf7190 Exception <a 'sun/nio/fs/WindowsException'{0x0000040294ad14b8}> (0x0000040294ad14b8) 
thrown [s\src\hotspot\share\prims\jni.cpp, line 520]
Event: 187.726 Thread 0x000001af0caf7190 Exception <a 'sun/nio/fs/WindowsException'{0x0000040265c34358}> (0x0000040265c34358) 
thrown [s\src\hotspot\share\prims\jni.cpp, line 520]
Event: 187.730 Thread 0x000001af0caf7190 Exception <a 'sun/nio/fs/WindowsException'{0x0000040256109b08}> (0x0000040256109b08) 
thrown [s\src\hotspot\share\prims\jni.cpp, line 520]
Event: 187.731 Thread 0x000001af0caf7190 Exception <a 'sun/nio/fs/WindowsException'{0x000004024d9ed460}> (0x000004024d9ed460) 
thrown [s\src\hotspot\share\prims\jni.cpp, line 520]
Event: 187.732 Thread 0x000001af0caf7190 Exception <a 'sun/nio/fs/WindowsException'{0x000004023b8ceb88}> (0x000004023b8ceb88) 
thrown [s\src\hotspot\share\prims\jni.cpp, line 520]
Event: 187.740 Thread 0x000001af0caf7190 Exception <a 'sun/nio/fs/WindowsException'{0x000004019dbac120}> (0x000004019dbac120) 
thrown [s\src\hotspot\share\prims\jni.cpp, line 520]
Event: 187.741 Thread 0x000001af0caf7190 Exception <a 'sun/nio/fs/WindowsException'{0x000004017cd24ae0}> (0x000004017cd24ae0) 
thrown [s\src\hotspot\share\prims\jni.cpp, line 520]
Event: 187.743 Thread 0x000001af0caf7190 Exception <a 'sun/nio/fs/WindowsException'{0x000004015c496db8}> (0x000004015c496db8) 
thrown [s\src\hotspot\share\prims\jni.cpp, line 520]
Event: 187.743 Thread 0x000001af0caf7190 Exception <a 'sun/nio/fs/WindowsException'{0x000004014b8814b8}> (0x000004014b8814b8) 
thrown [s\src\hotspot\share\prims\jni.cpp, line 520]
Event: 187.744 Thread 0x000001af0caf7190 Exception <a 'sun/nio/fs/WindowsException'{0x000004013f4783d0}> (0x000004013f4783d0) 
thrown [s\src\hotspot\share\prims\jni.cpp, line 520]
Event: 187.748 Thread 0x000001af0caf7190 Exception <a 'sun/nio/fs/WindowsException'{0x0000040125a873a8}> (0x0000040125a873a8) 
thrown [s\src\hotspot\share\prims\jni.cpp, line 520]
Event: 187.760 Thread 0x000001af0caf7190 Exception <a 'sun/nio/fs/WindowsException'{0x0000040391694160}> (0x0000040391694160) 
thrown [s\src\hotspot\share\prims\jni.cpp, line 520]
Event: 187.777 Thread 0x000001af0caf7190 Exception <a 'sun/nio/fs/WindowsException'{0x0000040309d525b0}> (0x0000040309d525b0) 
thrown [s\src\hotspot\share\prims\jni.cpp, line 520]
Event: 187.778 Thread 0x000001af0caf7190 Exception <a 'sun/nio/fs/WindowsException'{0x00000403088b5c68}> (0x00000403088b5c68) 
thrown [s\src\hotspot\share\prims\jni.cpp, line 520]
Event: 187.780 Thread 0x000001af0caf7190 Exception <a 'sun/nio/fs/WindowsException'{0x0000040301f2e578}> (0x0000040301f2e578) 
thrown [s\src\hotspot\share\prims\jni.cpp, line 520]
Event: 187.781 Thread 0x000001af0caf7190 Exception <a 'sun/nio/fs/WindowsException'{0x00000402e8eeada0}> (0x00000402e8eeada0) 
thrown [s\src\hotspot\share\prims\jni.cpp, line 520]
Event: 187.782 Thread 0x000001af0caf7190 Exception <a 'sun/nio/fs/WindowsException'{0x00000402e8227dd8}> (0x00000402e8227dd8) 
thrown [s\src\hotspot\share\prims\jni.cpp, line 520]
Event: 187.783 Thread 0x000001af0caf7190 Exception <a 'sun/nio/fs/WindowsException'{0x00000402e1f12fd8}> (0x00000402e1f12fd8) 
thrown [s\src\hotspot\share\prims\jni.cpp, line 520]
Event: 187.800 Thread 0x000001af0caf7190 Exception <a 'sun/nio/fs/WindowsException'{0x000004027e12b940}> (0x000004027e12b940) 
thrown [s\src\hotspot\share\prims\jni.cpp, line 520]
Event: 187.803 Thread 0x000001af0caf7190 Exception <a 'sun/nio/fs/WindowsException'{0x000004026cf6d758}> (0x000004026cf6d758) 
thrown [s\src\hotspot\share\prims\jni.cpp, line 520]
Event: 187.817 Thread 0x000001af0caf7190 Exception <a 'sun/nio/fs/WindowsException'{0x00000401cd003480}> (0x00000401cd003480) 
thrown [s\src\hotspot\share\prims\jni.cpp, line 520]
Event: 187.821 Thread 0x000001af0caf7190 Exception <a 'sun/nio/fs/WindowsException'{0x00000401aabc5d20}> (0x00000401aabc5d20) 
thrown [s\src\hotspot\share\prims\jni.cpp, line 520]
Event: 187.826 Thread 0x000001af0caf7190 Exception <a 'sun/nio/fs/WindowsException'{0x0000040165345658}> (0x0000040165345658) 
thrown [s\src\hotspot\share\prims\jni.cpp, line 520]
Event: 187.834 Thread 0x000001af0caf7190 Exception <a 'sun/nio/fs/WindowsException'{0x00000401083d2c58}> (0x00000401083d2c58) 
thrown [s\src\hotspot\share\prims\jni.cpp, line 520]
Event: 187.839 Thread 0x000001af0caf7190 Exception <a 'sun/nio/fs/WindowsException'{0x00000400b14696d8}> (0x00000400b14696d8) 
thrown [s\src\hotspot\share\prims\jni.cpp, line 520]
Event: 187.849 Thread 0x000001af0caf7190 Exception <a 'sun/nio/fs/WindowsException'{0x000004001b981490}> (0x000004001b981490) 
thrown [s\src\hotspot\share\prims\jni.cpp, line 520]
Event: 187.850 Thread 0x000001af0caf7190 Exception <a 'sun/nio/fs/WindowsException'{0x000004000003f318}> (0x000004000003f318) 
thrown [s\src\hotspot\share\prims\jni.cpp, line 520]
Event: 187.851 Thread 0x000001af0caf7190 Exception <a 'sun/nio/fs/WindowsException'{0x000004039f1c3e38}> (0x000004039f1c3e38) 
thrown [s\src\hotspot\share\prims\jni.cpp, line 520]
Event: 187.855 Thread 0x000001af0caf7190 Exception <a 'sun/nio/fs/WindowsException'{0x000004038e965fb0}> (0x000004038e965fb0) 
thrown [s\src\hotspot\share\prims\jni.cpp, line 520]
Event: 187.856 Thread 0x000001af0caf7190 Exception <a 'sun/nio/fs/WindowsException'{0x000004038a11f398}> (0x000004038a11f398) 
thrown [s\src\hotspot\share\prims\jni.cpp, line 520]
Event: 187.859 Thread 0x000001af0caf7190 Exception <a 'sun/nio/fs/WindowsException'{0x0000040377cc98b0}> (0x0000040377cc98b0) 
thrown [s\src\hotspot\share\prims\jni.cpp, line 520]
Event: 187.860 Thread 0x000001af0caf7190 Exception <a 'sun/nio/fs/WindowsException'{0x0000040376d5e468}> (0x0000040376d5e468) 
thrown [s\src\hotspot\share\prims\jni.cpp, line 520]
Event: 187.861 Thread 0x000001af0caf7190 Exception <a 'sun/nio/fs/WindowsException'{0x0000040374d10af0}> (0x0000040374d10af0) 
thrown [s\src\hotspot\share\prims\jni.cpp, line 520]
Event: 187.861 Thread 0x000001af0caf7190 Exception <a 'sun/nio/fs/WindowsException'{0x000004036c11b648}> (0x000004036c11b648) 
thrown [s\src\hotspot\share\prims\jni.cpp, line 520]
Event: 187.864 Thread 0x000001af0caf7190 Exception <a 'sun/nio/fs/WindowsException'{0x0000040357faa890}> (0x0000040357faa890) 
thrown [s\src\hotspot\share\prims\jni.cpp, line 520]
Event: 187.871 Thread 0x000001af0caf7190 Exception <a 'sun/nio/fs/WindowsException'{0x000004033f2c3028}> (0x000004033f2c3028) 
thrown [s\src\hotspot\share\prims\jni.cpp, line 520]
Event: 187.876 Thread 0x000001af0caf7190 Exception <a 'sun/nio/fs/WindowsException'{0x000004030f021330}> (0x000004030f021330) 
thrown [s\src\hotspot\share\prims\jni.cpp, line 520]
Event: 187.892 Thread 0x000001af0caf7190 Exception <a 'sun/nio/fs/WindowsException'{0x00000402cde90d38}> (0x00000402cde90d38) 
thrown [s\src\hotspot\share\prims\jni.cpp, line 520]
Event: 187.907 Thread 0x000001af0caf7190 Exception <a 'sun/nio/fs/WindowsException'{0x0000040260561e40}> (0x0000040260561e40) 
thrown [s\src\hotspot\share\prims\jni.cpp, line 520]
Event: 187.908 Thread 0x000001af0caf7190 Exception <a 'sun/nio/fs/WindowsException'{0x0000040257c89ba0}> (0x0000040257c89ba0) 
thrown [s\src\hotspot\share\prims\jni.cpp, line 520]
Event: 187.910 Thread 0x000001af0caf7190 Exception <a 'sun/nio/fs/WindowsException'{0x0000040251ca29a8}> (0x0000040251ca29a8) 
thrown [s\src\hotspot\share\prims\jni.cpp, line 520]
Event: 187.914 Thread 0x000001af0caf7190 Exception <a 'sun/nio/fs/WindowsException'{0x00000402423570d8}> (0x00000402423570d8) 
thrown [s\src\hotspot\share\prims\jni.cpp, line 520]
Event: 187.919 Thread 0x000001af0caf7190 Exception <a 'sun/nio/fs/WindowsException'{0x0000040215564c28}> (0x0000040215564c28) 
thrown [s\src\hotspot\share\prims\jni.cpp, line 520]
Event: 187.922 Thread 0x000001af0caf7190 Exception <a 'sun/nio/fs/WindowsException'{0x00000401ff248090}> (0x00000401ff248090) 
thrown [s\src\hotspot\share\prims\jni.cpp, line 520]
Event: 187.930 Thread 0x000001af0caf7190 Exception <a 'sun/nio/fs/WindowsException'{0x00000401cd69c5a0}> (0x00000401cd69c5a0) 
thrown [s\src\hotspot\share\prims\jni.cpp, line 520]
Event: 187.939 Thread 0x000001af0caf7190 Exception <a 'sun/nio/fs/WindowsException'{0x0000040189ad0870}> (0x0000040189ad0870) 
thrown [s\src\hotspot\share\prims\jni.cpp, line 520]
Event: 187.951 Thread 0x000001af0caf7190 Exception <a 'sun/nio/fs/WindowsException'{0x0000040125697f00}> (0x0000040125697f00) 
thrown [s\src\hotspot\share\prims\jni.cpp, line 520]
Event: 187.955 Thread 0x000001af0caf7190 Exception <a 'sun/nio/fs/WindowsException'{0x000004011bdde1e0}> (0x000004011bdde1e0) 
thrown [s\src\hotspot\share\prims\jni.cpp, line 520]
Event: 187.956 Thread 0x000001af0caf7190 Exception <a 'sun/nio/fs/WindowsException'{0x0000040119c99b20}> (0x0000040119c99b20) 
thrown [s\src\hotspot\share\prims\jni.cpp, line 520]
Event: 187.959 Thread 0x000001af0caf7190 Exception <a 'sun/nio/fs/WindowsException'{0x00000400faa70588}> (0x00000400faa70588) 
thrown [s\src\hotspot\share\prims\jni.cpp, line 520]
Event: 187.962 Thread 0x000001af0caf7190 Exception <a 'sun/nio/fs/WindowsException'{0x00000400da089248}> (0x00000400da089248) 
thrown [s\src\hotspot\share\prims\jni.cpp, line 520]
Event: 187.968 Thread 0x000001af0caf7190 Exception <a 'sun/nio/fs/WindowsException'{0x00000400ba5c2850}> (0x00000400ba5c2850) 
thrown [s\src\hotspot\share\prims\jni.cpp, line 520]
Event: 187.969 Thread 0x000001af0caf7190 Exception <a 'sun/nio/fs/WindowsException'{0x00000400aae33030}> (0x00000400aae33030) 
thrown [s\src\hotspot\share\prims\jni.cpp, line 520]
Event: 187.972 Thread 0x000001af0caf7190 Exception <a 'sun/nio/fs/WindowsException'{0x000004009d681678}> (0x000004009d681678) 
thrown [s\src\hotspot\share\prims\jni.cpp, line 520]
Event: 187.975 Thread 0x000001af0caf7190 Exception <a 'sun/nio/fs/WindowsException'{0x000004009087abc8}> (0x000004009087abc8) 
thrown [s\src\hotspot\share\prims\jni.cpp, line 520]
Event: 187.975 Thread 0x000001af0caf7190 Exception <a 'sun/nio/fs/WindowsException'{0x000004008be753f0}> (0x000004008be753f0) 
thrown [s\src\hotspot\share\prims\jni.cpp, line 520]
Event: 187.983 Thread 0x000001af0caf7190 Exception <a 'sun/nio/fs/WindowsException'{0x000004002053d1f0}> (0x000004002053d1f0) 
thrown [s\src\hotspot\share\prims\jni.cpp, line 520]
Event: 187.984 Thread 0x000001af0caf7190 Exception <a 'sun/nio/fs/WindowsException'{0x000004001c9f85f8}> (0x000004001c9f85f8) 
thrown [s\src\hotspot\share\prims\jni.cpp, line 520]
Event: 187.987 Thread 0x000001af0caf7190 Exception <a 'sun/nio/fs/WindowsException'{0x000004039d3ddf50}> (0x000004039d3ddf50) 
thrown [s\src\hotspot\share\prims\jni.cpp, line 520]
Event: 187.989 Thread 0x000001af0caf7190 Exception <a 'sun/nio/fs/WindowsException'{0x000004039b49b120}> (0x000004039b49b120) 
thrown [s\src\hotspot\share\prims\jni.cpp, line 520]
Event: 187.997 Thread 0x000001af0caf7190 Exception <a 'sun/nio/fs/WindowsException'{0x000004039530be58}> (0x000004039530be58) 
thrown [s\src\hotspot\share\prims\jni.cpp, line 520]
Event: 187.998 Thread 0x000001af0caf7190 Exception <a 'sun/nio/fs/WindowsException'{0x000004039421cb30}> (0x000004039421cb30) 
thrown [s\src\hotspot\share\prims\jni.cpp, line 520]
Event: 187.999 Thread 0x000001af0caf7190 Exception <a 'sun/nio/fs/WindowsException'{0x0000040393039ce0}> (0x0000040393039ce0) 
thrown [s\src\hotspot\share\prims\jni.cpp, line 520]
Event: 188.432 Thread 0x000001af0caf7190 Exception <a 'sun/nio/fs/WindowsException'{0x0000040278570b08}> (0x0000040278570b08) 
thrown [s\src\hotspot\share\prims\jni.cpp, line 520]
Event: 188.434 Thread 0x000001af0caf7190 Exception <a 'sun/nio/fs/WindowsException'{0x00000402782b1408}> (0x00000402782b1408) 
thrown [s\src\hotspot\share\prims\jni.cpp, line 520]
Event: 188.435 Thread 0x000001af0caf7190 Exception <a 'sun/nio/fs/WindowsException'{0x00000402783ee530}> (0x00000402783ee530) 
thrown [s\src\hotspot\share\prims\jni.cpp, line 520]
Event: 188.436 Thread 0x000001af0caf7190 Exception <a 'sun/nio/fs/WindowsException'{0x00000402775346c0}> (0x00000402775346c0) 
thrown [s\src\hotspot\share\prims\jni.cpp, line 520]
Event: 188.438 Thread 0x000001af0caf7190 Exception <a 'sun/nio/fs/WindowsException'{0x00000402770786f8}> (0x00000402770786f8) 
thrown [s\src\hotspot\share\prims\jni.cpp, line 520]
Event: 188.439 Thread 0x000001af0caf7190 Exception <a 'sun/nio/fs/WindowsException'{0x00000402771c27a8}> (0x00000402771c27a8) 
thrown [s\src\hotspot\share\prims\jni.cpp, line 520]
Event: 188.439 Thread 0x000001af0caf7190 Exception <a 'sun/nio/fs/WindowsException'{0x0000040276b0aa90}> (0x0000040276b0aa90) 
thrown [s\src\hotspot\share\prims\jni.cpp, line 520]
Event: 188.440 Thread 0x000001af0caf7190 Exception <a 'sun/nio/fs/WindowsException'{0x0000040273e647f8}> (0x0000040273e647f8) 
thrown [s\src\hotspot\share\prims\jni.cpp, line 520]
Event: 191.497 Thread 0x000001af0cafc050 Exception <a 'sun/nio/fs/WindowsException'{0x000004012f3f9930}> (0x000004012f3f9930) 
thrown [s\src\hotspot\share\prims\jni.cpp, line 520]
Event: 196.744 Thread 0x000001af0cafc050 Exception <a 'sun/nio/fs/WindowsException'{0x00000400c8e1bc38}> (0x00000400c8e1bc38) 
thrown [s\src\hotspot\share\prims\jni.cpp, line 520]
Event: 196.761 Thread 0x000001af0cafc050 Exception <a 'sun/nio/fs/WindowsException'{0x00000401f7c33db0}> (0x00000401f7c33db0) 
thrown [s\src\hotspot\share\prims\jni.cpp, line 520]
Event: 196.764 Thread 0x000001af0cafc050 Exception <a 'sun/nio/fs/WindowsException'{0x00000400f03b6128}> (0x00000400f03b6128) 
thrown [s\src\hotspot\share\prims\jni.cpp, line 520]
Event: 196.765 Thread 0x000001af0cafc050 Exception <a 'sun/nio/fs/WindowsException'{0x000004029d370f28}> (0x000004029d370f28) 
thrown [s\src\hotspot\share\prims\jni.cpp, line 520]
Event: 196.767 Thread 0x000001af0cafc050 Exception <a 'sun/nio/fs/WindowsException'{0x00000401f3ae4678}> (0x00000401f3ae4678) 
thrown [s\src\hotspot\share\prims\jni.cpp, line 520]
Event: 196.767 Thread 0x000001af0cafc050 Exception <a 'sun/nio/fs/WindowsException'{0x00000401f3b23848}> (0x00000401f3b23848) 
thrown [s\src\hotspot\share\prims\jni.cpp, line 520]
Event: 196.769 Thread 0x000001af0cafc050 Exception <a 'sun/nio/fs/WindowsException'{0x000004007a4e6028}> (0x000004007a4e6028) 
thrown [s\src\hotspot\share\prims\jni.cpp, line 520]
Event: 196.772 Thread 0x000001af0cafc050 Exception <a 'sun/nio/fs/WindowsException'{0x00000401b8a89930}> (0x00000401b8a89930) 
thrown [s\src\hotspot\share\prims\jni.cpp, line 520]
Event: 196.775 Thread 0x000001af0cafc050 Exception <a 'sun/nio/fs/WindowsException'{0x00000402fe1f9978}> (0x00000402fe1f9978) 
thrown [s\src\hotspot\share\prims\jni.cpp, line 520]
Event: 196.783 Thread 0x000001af0cafc050 Exception <a 'sun/nio/fs/WindowsException'{0x0000040211cccf50}> (0x0000040211cccf50) 
thrown [s\src\hotspot\share\prims\jni.cpp, line 520]
Event: 196.791 Thread 0x000001af0cafc050 Exception <a 'sun/nio/fs/WindowsException'{0x00000401a81435b0}> (0x00000401a81435b0) 
thrown [s\src\hotspot\share\prims\jni.cpp, line 520]
Event: 196.793 Thread 0x000001af0cafc050 Exception <a 'sun/nio/fs/WindowsException'{0x000004016367ba50}> (0x000004016367ba50) 
thrown [s\src\hotspot\share\prims\jni.cpp, line 520]
Event: 196.813 Thread 0x000001af0cafc050 Exception <a 'sun/nio/fs/WindowsException'{0x0000040147272f70}> (0x0000040147272f70) 
thrown [s\src\hotspot\share\prims\jni.cpp, line 520]
Event: 196.816 Thread 0x000001af0cafc050 Exception <a 'sun/nio/fs/WindowsException'{0x0000040260656c10}> (0x0000040260656c10) 
thrown [s\src\hotspot\share\prims\jni.cpp, line 520]
Event: 196.821 Thread 0x000001af0cafc050 Exception <a 'sun/nio/fs/WindowsException'{0x00000402d6833128}> (0x00000402d6833128) 
thrown [s\src\hotspot\share\prims\jni.cpp, line 520]
Event: 196.823 Thread 0x000001af0cafc050 Exception <a 'sun/nio/fs/WindowsException'{0x0000040223474970}> (0x0000040223474970) 
thrown [s\src\hotspot\share\prims\jni.cpp, line 520]
Event: 196.826 Thread 0x000001af0cafc050 Exception <a 'sun/nio/fs/WindowsException'{0x000004003c8117b8}> (0x000004003c8117b8) 
thrown [s\src\hotspot\share\prims\jni.cpp, line 520]
Event: 196.828 Thread 0x000001af0cafc050 Exception <a 'sun/nio/fs/WindowsException'{0x0000040232d01aa0}> (0x0000040232d01aa0) 
thrown [s\src\hotspot\share\prims\jni.cpp, line 520]
Event: 196.831 Thread 0x000001af0cafc050 Exception <a 'sun/nio/fs/WindowsException'{0x000004015b8985f8}> (0x000004015b8985f8) 
thrown [s\src\hotspot\share\prims\jni.cpp, line 520]
Event: 196.834 Thread 0x000001af0cafc050 Exception <a 'sun/nio/fs/WindowsException'{0x00000400bff96df0}> (0x00000400bff96df0) 
thrown [s\src\hotspot\share\prims\jni.cpp, line 520]
Event: 196.836 Thread 0x000001af0cafc050 Exception <a 'sun/nio/fs/WindowsException'{0x000004017ff77358}> (0x000004017ff77358) 
thrown [s\src\hotspot\share\prims\jni.cpp, line 520]
Event: 196.838 Thread 0x000001af0cafc050 Exception <a 'sun/nio/fs/WindowsException'{0x0000040093f7e4e8}> (0x0000040093f7e4e8) 
thrown [s\src\hotspot\share\prims\jni.cpp, line 520]
Event: 196.841 Thread 0x000001af0cafc050 Exception <a 'sun/nio/fs/WindowsException'{0x00000402929afeb0}> (0x00000402929afeb0) 
thrown [s\src\hotspot\share\prims\jni.cpp, line 520]
Event: 196.845 Thread 0x000001af0cafc050 Exception <a 'sun/nio/fs/WindowsException'{0x00000402178958e0}> (0x00000402178958e0) 
thrown [s\src\hotspot\share\prims\jni.cpp, line 520]
Event: 196.846 Thread 0x000001af0cafc050 Exception <a 'sun/nio/fs/WindowsException'{0x000004019649d248}> (0x000004019649d248) 
thrown [s\src\hotspot\share\prims\jni.cpp, line 520]
Event: 196.848 Thread 0x000001af0cafc050 Exception <a 'sun/nio/fs/WindowsException'{0x0000040185e2acd0}> (0x0000040185e2acd0) 
thrown [s\src\hotspot\share\prims\jni.cpp, line 520]
Event: 196.850 Thread 0x000001af0cafc050 Exception <a 'sun/nio/fs/WindowsException'{0x0000040185fd9228}> (0x0000040185fd9228) 
thrown [s\src\hotspot\share\prims\jni.cpp, line 520]
Event: 196.851 Thread 0x000001af0cafc050 Exception <a 'sun/nio/fs/WindowsException'{0x000004014ea0c6f0}> (0x000004014ea0c6f0) 
thrown [s\src\hotspot\share\prims\jni.cpp, line 520]
Event: 196.852 Thread 0x000001af0cafc050 Exception <a 'sun/nio/fs/WindowsException'{0x000004014ebbf0b0}> (0x000004014ebbf0b0) 
thrown [s\src\hotspot\share\prims\jni.cpp, line 520]
Event: 197.748 Thread 0x000001af0cafa610 Exception <a 'sun/nio/fs/WindowsException'{0x000004029fe763a8}> (0x000004029fe763a8) 
thrown [s\src\hotspot\share\prims\jni.cpp, line 520]
Event: 197.778 Thread 0x000001af0cafa610 Exception <a 'sun/nio/fs/WindowsException'{0x000004027e044538}> (0x000004027e044538) 
thrown [s\src\hotspot\share\prims\jni.cpp, line 520]
Event: 197.782 Thread 0x000001af0cafa610 Exception <a 'sun/nio/fs/WindowsException'{0x0000040279a8cd98}> (0x0000040279a8cd98) 
thrown [s\src\hotspot\share\prims\jni.cpp, line 520]
Event: 197.782 Thread 0x000001af0cafa610 Exception <a 'sun/nio/fs/WindowsException'{0x00000402778c2970}> (0x00000402778c2970) 
thrown [s\src\hotspot\share\prims\jni.cpp, line 520]
Event: 197.783 Thread 0x000001af0cafa610 Exception <a 'sun/nio/fs/WindowsException'{0x0000040273e7b810}> (0x0000040273e7b810) 
thrown [s\src\hotspot\share\prims\jni.cpp, line 520]
Event: 197.786 Thread 0x000001af0cafa610 Exception <a 'sun/nio/fs/WindowsException'{0x000004026d9f07d8}> (0x000004026d9f07d8) 
thrown [s\src\hotspot\share\prims\jni.cpp, line 520]
Event: 197.786 Thread 0x000001af0cafa610 Exception <a 'sun/nio/fs/WindowsException'{0x000004026d0d1af8}> (0x000004026d0d1af8) 
thrown [s\src\hotspot\share\prims\jni.cpp, line 520]
Event: 197.789 Thread 0x000001af0cafa610 Exception <a 'sun/nio/fs/WindowsException'{0x0000040267a5c5f8}> (0x0000040267a5c5f8) 
thrown [s\src\hotspot\share\prims\jni.cpp, line 520]
Event: 197.792 Thread 0x000001af0cafa610 Exception <a 'sun/nio/fs/WindowsException'{0x0000040261c0f5d8}> (0x0000040261c0f5d8) 
thrown [s\src\hotspot\share\prims\jni.cpp, line 520]
Event: 197.798 Thread 0x000001af0cafa610 Exception <a 'sun/nio/fs/WindowsException'{0x0000040252da7b18}> (0x0000040252da7b18) 
thrown [s\src\hotspot\share\prims\jni.cpp, line 520]
Event: 197.810 Thread 0x000001af0cafa610 Exception <a 'sun/nio/fs/WindowsException'{0x00000402410e1f68}> (0x00000402410e1f68) 
thrown [s\src\hotspot\share\prims\jni.cpp, line 520]
Event: 197.811 Thread 0x000001af0cafa610 Exception <a 'sun/nio/fs/WindowsException'{0x000004023e27f3e0}> (0x000004023e27f3e0) 
thrown [s\src\hotspot\share\prims\jni.cpp, line 520]
Event: 197.814 Thread 0x000001af0cafa610 Exception <a 'sun/nio/fs/WindowsException'{0x000004023c9be958}> (0x000004023c9be958) 
thrown [s\src\hotspot\share\prims\jni.cpp, line 520]
Event: 197.815 Thread 0x000001af0cafa610 Exception <a 'sun/nio/fs/WindowsException'{0x000004023a017588}> (0x000004023a017588) 
thrown [s\src\hotspot\share\prims\jni.cpp, line 520]
Event: 197.827 Thread 0x000001af0cafa610 Exception <a 'sun/nio/fs/WindowsException'{0x0000040221db5888}> (0x0000040221db5888) 
thrown [s\src\hotspot\share\prims\jni.cpp, line 520]
Event: 197.828 Thread 0x000001af0cafa610 Exception <a 'sun/nio/fs/WindowsException'{0x000004021fc9a620}> (0x000004021fc9a620) 
thrown [s\src\hotspot\share\prims\jni.cpp, line 520]
Event: 197.830 Thread 0x000001af0cafa610 Exception <a 'sun/nio/fs/WindowsException'{0x000004021d912830}> (0x000004021d912830) 
thrown [s\src\hotspot\share\prims\jni.cpp, line 520]
Event: 197.835 Thread 0x000001af0cafa610 Exception <a 'sun/nio/fs/WindowsException'{0x00000402191292f8}> (0x00000402191292f8) 
thrown [s\src\hotspot\share\prims\jni.cpp, line 520]
Event: 197.837 Thread 0x000001af0cafa610 Exception <a 'sun/nio/fs/WindowsException'{0x0000040215b27c58}> (0x0000040215b27c58) 
thrown [s\src\hotspot\share\prims\jni.cpp, line 520]
Event: 197.851 Thread 0x000001af0cafa610 Exception <a 'sun/nio/fs/WindowsException'{0x000004020461d6d8}> (0x000004020461d6d8) 
thrown [s\src\hotspot\share\prims\jni.cpp, line 520]
Event: 197.852 Thread 0x000001af0cafa610 Exception <a 'sun/nio/fs/WindowsException'{0x0000040203c90780}> (0x0000040203c90780) 
thrown [s\src\hotspot\share\prims\jni.cpp, line 520]
Event: 197.855 Thread 0x000001af0cafa610 Exception <a 'sun/nio/fs/WindowsException'{0x0000040201509388}> (0x0000040201509388) 
thrown [s\src\hotspot\share\prims\jni.cpp, line 520]
Event: 197.857 Thread 0x000001af0cafa610 Exception <a 'sun/nio/fs/WindowsException'{0x00000401fd9b1f60}> (0x00000401fd9b1f60) 
thrown [s\src\hotspot\share\prims\jni.cpp, line 520]
Event: 197.858 Thread 0x000001af0cafa610 Exception <a 'sun/nio/fs/WindowsException'{0x00000401fb7498e8}> (0x00000401fb7498e8) 
thrown [s\src\hotspot\share\prims\jni.cpp, line 520]
Event: 197.859 Thread 0x000001af0cafa610 Exception <a 'sun/nio/fs/WindowsException'{0x00000401fb74d278}> (0x00000401fb74d278) 
thrown [s\src\hotspot\share\prims\jni.cpp, line 520]
Event: 197.859 Thread 0x000001af0cafa610 Exception <a 'sun/nio/fs/WindowsException'{0x00000401fb334b40}> (0x00000401fb334b40) 
thrown [s\src\hotspot\share\prims\jni.cpp, line 520]
Event: 197.861 Thread 0x000001af0cafa610 Exception <a 'sun/nio/fs/WindowsException'{0x00000401f586fd78}> (0x00000401f586fd78) 
thrown [s\src\hotspot\share\prims\jni.cpp, line 520]
Event: 197.862 Thread 0x000001af0cafa610 Exception <a 'sun/nio/fs/WindowsException'{0x00000401efa0da70}> (0x00000401efa0da70) 
thrown [s\src\hotspot\share\prims\jni.cpp, line 520]
Event: 197.863 Thread 0x000001af0cafa610 Exception <a 'sun/nio/fs/WindowsException'{0x00000401ed7a33b0}> (0x00000401ed7a33b0) 
thrown [s\src\hotspot\share\prims\jni.cpp, line 520]
Event: 197.869 Thread 0x000001af0cafa610 Exception <a 'sun/nio/fs/WindowsException'{0x00000401e3b2fdb0}> (0x00000401e3b2fdb0) 
thrown [s\src\hotspot\share\prims\jni.cpp, line 520]
Event: 197.871 Thread 0x000001af0cafa610 Exception <a 'sun/nio/fs/WindowsException'{0x00000401e06489b8}> (0x00000401e06489b8) 
thrown [s\src\hotspot\share\prims\jni.cpp, line 520]
Event: 197.872 Thread 0x000001af0cafa610 Exception <a 'sun/nio/fs/WindowsException'{0x00000401deeb8bb0}> (0x00000401deeb8bb0) 
thrown [s\src\hotspot\share\prims\jni.cpp, line 520]
Event: 197.878 Thread 0x000001af0cafa610 Exception <a 'sun/nio/fs/WindowsException'{0x00000401d5086df8}> (0x00000401d5086df8) 
thrown [s\src\hotspot\share\prims\jni.cpp, line 520]
Event: 197.880 Thread 0x000001af0cafa610 Exception <a 'sun/nio/fs/WindowsException'{0x00000401d2afb250}> (0x00000401d2afb250) 
thrown [s\src\hotspot\share\prims\jni.cpp, line 520]
Event: 197.882 Thread 0x000001af0cafa610 Exception <a 'sun/nio/fs/WindowsException'{0x00000401d0992df0}> (0x00000401d0992df0) 
thrown [s\src\hotspot\share\prims\jni.cpp, line 520]
Event: 197.882 Thread 0x000001af0cafa610 Exception <a 'sun/nio/fs/WindowsException'{0x00000401cf72d7f0}> (0x00000401cf72d7f0) 
thrown [s\src\hotspot\share\prims\jni.cpp, line 520]
Event: 197.884 Thread 0x000001af0cafa610 Exception <a 'sun/nio/fs/WindowsException'{0x00000401ce576280}> (0x00000401ce576280) 
thrown [s\src\hotspot\share\prims\jni.cpp, line 520]
Event: 197.886 Thread 0x000001af0cafa610 Exception <a 'sun/nio/fs/WindowsException'{0x00000401cc4fbf28}> (0x00000401cc4fbf28) 
thrown [s\src\hotspot\share\prims\jni.cpp, line 520]
Event: 197.889 Thread 0x000001af0cafa610 Exception <a 'sun/nio/fs/WindowsException'{0x00000401ca4004d0}> (0x00000401ca4004d0) 
thrown [s\src\hotspot\share\prims\jni.cpp, line 520]
Event: 197.895 Thread 0x000001af0cafa610 Exception <a 'sun/nio/fs/WindowsException'{0x00000401c4290608}> (0x00000401c4290608) 
thrown [s\src\hotspot\share\prims\jni.cpp, line 520]
Event: 197.897 Thread 0x000001af0cafa610 Exception <a 'sun/nio/fs/WindowsException'{0x00000401c0faffe0}> (0x00000401c0faffe0) 
thrown [s\src\hotspot\share\prims\jni.cpp, line 520]
Event: 197.899 Thread 0x000001af0cafa610 Exception <a 'sun/nio/fs/WindowsException'{0x00000401bf4e0818}> (0x00000401bf4e0818) 
thrown [s\src\hotspot\share\prims\jni.cpp, line 520]
Event: 197.900 Thread 0x000001af0cafa610 Exception <a 'sun/nio/fs/WindowsException'{0x00000401bbb52df8}> (0x00000401bbb52df8) 
thrown [s\src\hotspot\share\prims\jni.cpp, line 520]
Event: 197.914 Thread 0x000001af0cafa610 Exception <a 'sun/nio/fs/WindowsException'{0x00000401a0563598}> (0x00000401a0563598) 
thrown [s\src\hotspot\share\prims\jni.cpp, line 520]
Event: 197.923 Thread 0x000001af0cafa610 Exception <a 'sun/nio/fs/WindowsException'{0x000004018f80bdf8}> (0x000004018f80bdf8) 
thrown [s\src\hotspot\share\prims\jni.cpp, line 520]
Event: 197.925 Thread 0x000001af0cafa610 Exception <a 'sun/nio/fs/WindowsException'{0x000004018ea97a78}> (0x000004018ea97a78) 
thrown [s\src\hotspot\share\prims\jni.cpp, line 520]
Event: 197.927 Thread 0x000001af0cafa610 Exception <a 'sun/nio/fs/WindowsException'{0x000004018ae3f950}> (0x000004018ae3f950) 
thrown [s\src\hotspot\share\prims\jni.cpp, line 520]
Event: 197.933 Thread 0x000001af0cafa610 Exception <a 'sun/nio/fs/WindowsException'{0x0000040183860be8}> (0x0000040183860be8) 
thrown [s\src\hotspot\share\prims\jni.cpp, line 520]
Event: 197.933 Thread 0x000001af0cafa610 Exception <a 'sun/nio/fs/WindowsException'{0x0000040183942c60}> (0x0000040183942c60) 
thrown [s\src\hotspot\share\prims\jni.cpp, line 520]
Event: 197.936 Thread 0x000001af0cafa610 Exception <a 'sun/nio/fs/WindowsException'{0x000004017f045060}> (0x000004017f045060) 
thrown [s\src\hotspot\share\prims\jni.cpp, line 520]
Event: 199.797 Thread 0x000001af0caf50c0 Exception <a 'sun/nio/fs/WindowsException'{0x000004027af40500}> (0x000004027af40500) 
thrown [s\src\hotspot\share\prims\jni.cpp, line 520]
Event: 204.707 Thread 0x000001af0caf7eb0 Exception <a 'sun/nio/fs/WindowsException'{0x00000401bca895a8}> (0x00000401bca895a8) 
thrown [s\src\hotspot\share\prims\jni.cpp, line 520]
Event: 205.593 Thread 0x000001af0caf9260 Exception <a 'sun/nio/fs/WindowsException'{0x000004011a754820}> (0x000004011a754820) 
thrown [s\src\hotspot\share\prims\jni.cpp, line 520]
Event: 206.657 Thread 0x000001af0cafb330 Exception <a 'sun/nio/fs/WindowsException'{0x00000401eb13d090}> (0x00000401eb13d090) 
thrown [s\src\hotspot\share\prims\jni.cpp, line 520]
Event: 208.319 Thread 0x000001af0caf7eb0 Exception <a 'sun/nio/fs/WindowsException'{0x0000040205b46b30}> (0x0000040205b46b30) 
thrown [s\src\hotspot\share\prims\jni.cpp, line 520]

ZGC Phase Switch (250 events):
Event: 103.817 Young Mark Start        55
Event: 103.999 Young Mark End          55
Event: 104.013 Young Relocate Start    55
Event: 105.476 Young Mark Start        56
Event: 105.679 Young Mark End          56
Event: 105.684 Young Relocate Start    56
Event: 106.638 Young Mark Start        57
Event: 107.044 Young Mark End          57
Event: 107.066 Young Relocate Start    57
Event: 107.744 Young Mark Start        58
Event: 108.091 Young Mark End          58
Event: 108.114 Young Relocate Start    58
Event: 108.773 Young Mark Start        59
Event: 109.063 Young Mark End          59
Event: 109.087 Young Relocate Start    59
Event: 109.483 Young Mark Start        60
Event: 109.778 Young Mark End          60
Event: 109.792 Young Relocate Start    60
Event: 110.791 Young Mark Start        61
Event: 111.022 Young Mark End          61
Event: 111.039 Young Relocate Start    61
Event: 111.850 Young Mark Start        62
Event: 112.119 Young Mark End          62
Event: 112.132 Young Relocate Start    62
Event: 112.906 Young Mark Start        63
Event: 113.241 Young Mark End          63
Event: 113.258 Young Relocate Start    63
Event: 114.836 Young Mark Start        64
Event: 115.354 Young Mark End          64
Event: 115.375 Young Relocate Start    64
Event: 115.591 Young Mark Start        65
Event: 115.820 Young Mark End          65
Event: 115.824 Young Relocate Start    65
Event: 117.137 Young Mark Start        66
Event: 117.357 Young Mark End          66
Event: 117.372 Young Relocate Start    66
Event: 118.829 Young Mark Start        67
Event: 119.061 Young Mark End          67
Event: 119.065 Young Relocate Start    67
Event: 120.195 Young Mark Start        68
Event: 120.431 Young Mark End          68
Event: 120.461 Young Relocate Start    68
Event: 121.335 Young Mark Start        69
Event: 121.523 Young Mark End          69
Event: 121.528 Young Relocate Start    69
Event: 122.822 Young Mark Start        70
Event: 122.993 Young Mark End          70
Event: 123.004 Young Relocate Start    70
Event: 124.504 Young Mark Start        71
Event: 124.695 Young Mark End          71
Event: 124.706 Young Relocate Start    71
Event: 125.731 Young Mark Start        72
Event: 126.078 Young Mark End          72
Event: 126.089 Young Relocate Start    72
Event: 127.044 Young Mark Start        73
Event: 127.343 Young Mark End          73
Event: 127.351 Young Relocate Start    73
Event: 127.998 Young Mark Start        74
Event: 128.359 Young Mark End          74
Event: 128.389 Young Relocate Start    74
Event: 128.553 Young Mark Start        75
Event: 128.818 Young Mark End          75
Event: 128.823 Young Relocate Start    75
Event: 129.139 Young Mark Start        76
Event: 129.448 Young Mark End          76
Event: 129.475 Young Relocate Start    76
Event: 129.996 Young Mark Start        77
Event: 129.996 Old Mark Start          13
Event: 130.234 Young Mark End          77
Event: 130.256 Young Relocate Start    77
Event: 131.229 Young Mark Start        78
Event: 131.452 Young Mark End          78
Event: 131.460 Young Relocate Start    78
Event: 132.632 Young Mark Start        79
Event: 132.890 Young Mark End          79
Event: 132.901 Young Relocate Start    79
Event: 133.653 Young Mark Start        80
Event: 133.749 Old Mark End            13
Event: 133.929 Young Mark End          80
Event: 133.932 Young Relocate Start    80
Event: 134.064 Old Relocate Start      13
Event: 135.381 Young Mark Start        81
Event: 135.713 Young Mark End          81
Event: 135.736 Young Relocate Start    81
Event: 136.543 Young Mark Start        82
Event: 136.877 Young Mark End          82
Event: 136.890 Young Relocate Start    82
Event: 137.694 Young Mark Start        83
Event: 137.999 Young Mark End          83
Event: 138.018 Young Relocate Start    83
Event: 139.101 Young Mark Start        84
Event: 139.413 Young Mark End          84
Event: 139.423 Young Relocate Start    84
Event: 140.695 Young Mark Start        85
Event: 141.019 Young Mark End          85
Event: 141.032 Young Relocate Start    85
Event: 142.462 Young Mark Start        86
Event: 142.741 Young Mark End          86
Event: 142.745 Young Relocate Start    86
Event: 144.018 Young Mark Start        87
Event: 144.360 Young Mark End          87
Event: 144.374 Young Relocate Start    87
Event: 144.980 Young Mark Start        88
Event: 145.300 Young Mark End          88
Event: 145.306 Young Relocate Start    88
Event: 145.793 Young Mark Start        89
Event: 146.080 Young Mark End          89
Event: 146.108 Young Relocate Start    89
Event: 146.954 Young Mark Start        90
Event: 147.222 Young Mark End          90
Event: 147.246 Young Relocate Start    90
Event: 148.300 Young Mark Start        91
Event: 148.547 Young Mark End          91
Event: 148.558 Young Relocate Start    91
Event: 149.754 Young Mark Start        92
Event: 150.050 Young Mark End          92
Event: 150.055 Young Relocate Start    92
Event: 151.542 Young Mark Start        93
Event: 151.829 Young Mark End          93
Event: 151.867 Young Relocate Start    93
Event: 153.252 Young Mark Start        94
Event: 153.539 Young Mark End          94
Event: 153.544 Young Relocate Start    94
Event: 154.892 Young Mark Start        95
Event: 155.168 Young Mark End          95
Event: 155.178 Young Relocate Start    95
Event: 156.251 Young Mark Start        96
Event: 156.569 Young Mark End          96
Event: 156.584 Young Relocate Start    96
Event: 156.973 Young Mark Start        97
Event: 157.284 Young Mark End          97
Event: 157.318 Young Relocate Start    97
Event: 157.850 Young Mark Start        98
Event: 158.116 Young Mark End          98
Event: 158.122 Young Relocate Start    98
Event: 158.544 Young Mark Start        99
Event: 158.768 Young Mark End          99
Event: 158.788 Young Relocate Start    99
Event: 159.972 Young Mark Start       100
Event: 160.250 Young Mark End         100
Event: 160.267 Young Relocate Start   100
Event: 160.979 Young Mark Start       101
Event: 161.309 Young Mark End         101
Event: 161.323 Young Relocate Start   101
Event: 162.155 Young Mark Start       102
Event: 162.404 Young Mark End         102
Event: 162.414 Young Relocate Start   102
Event: 163.662 Young Mark Start       103
Event: 163.971 Young Mark End         103
Event: 163.981 Young Relocate Start   103
Event: 165.173 Young Mark Start       104
Event: 165.447 Young Mark End         104
Event: 165.463 Young Relocate Start   104
Event: 166.872 Young Mark Start       105
Event: 167.166 Young Mark End         105
Event: 167.205 Young Relocate Start   105
Event: 167.787 Young Mark Start       106
Event: 168.039 Young Mark End         106
Event: 168.045 Young Relocate Start   106
Event: 168.990 Young Mark Start       107
Event: 169.232 Young Mark End         107
Event: 169.237 Young Relocate Start   107
Event: 170.401 Young Mark Start       108
Event: 170.714 Young Mark End         108
Event: 170.747 Young Relocate Start   108
Event: 171.106 Young Mark Start       109
Event: 171.332 Young Mark End         109
Event: 171.339 Young Relocate Start   109
Event: 171.858 Young Mark Start       110
Event: 172.132 Young Mark End         110
Event: 172.157 Young Relocate Start   110
Event: 173.784 Young Mark Start       111
Event: 173.997 Young Mark End         111
Event: 174.002 Young Relocate Start   111
Event: 175.777 Young Mark Start       112
Event: 175.963 Young Mark End         112
Event: 176.000 Young Relocate Start   112
Event: 177.787 Young Mark Start       113
Event: 178.007 Young Mark End         113
Event: 178.022 Young Relocate Start   113
Event: 179.112 Young Mark Start       114
Event: 179.340 Young Mark End         114
Event: 179.346 Young Relocate Start   114
Event: 180.847 Young Mark Start       115
Event: 181.156 Young Mark End         115
Event: 181.168 Young Relocate Start   115
Event: 182.223 Young Mark Start       116
Event: 182.554 Young Mark End         116
Event: 182.562 Young Relocate Start   116
Event: 183.713 Young Mark Start       117
Event: 184.027 Young Mark End         117
Event: 184.052 Young Relocate Start   117
Event: 185.073 Young Mark Start       118
Event: 185.377 Young Mark End         118
Event: 185.397 Young Relocate Start   118
Event: 186.228 Young Mark Start       119
Event: 186.535 Young Mark End         119
Event: 186.547 Young Relocate Start   119
Event: 186.924 Young Mark Start       120
Event: 187.207 Young Mark End         120
Event: 187.212 Young Relocate Start   120
Event: 188.736 Young Mark Start       121
Event: 188.990 Young Mark End         121
Event: 189.012 Young Relocate Start   121
Event: 190.223 Young Mark Start       122
Event: 190.436 Young Mark End         122
Event: 190.452 Young Relocate Start   122
Event: 191.880 Young Mark Start       123
Event: 192.120 Young Mark End         123
Event: 192.130 Young Relocate Start   123
Event: 193.911 Young Mark Start       124
Event: 194.156 Young Mark End         124
Event: 194.161 Young Relocate Start   124
Event: 196.227 Young Mark Start       125
Event: 196.476 Young Mark End         125
Event: 196.491 Young Relocate Start   125
Event: 198.057 Young Mark Start       126
Event: 198.350 Young Mark End         126
Event: 198.368 Young Relocate Start   126
Event: 198.930 Young Mark Start       127
Event: 199.267 Young Mark End         127
Event: 199.282 Young Relocate Start   127
Event: 200.215 Young Mark Start       128
Event: 200.215 Old Mark Start          14
Event: 200.535 Young Mark End         128
Event: 200.573 Young Relocate Start   128
Event: 201.218 Young Mark Start       129
Event: 201.461 Young Mark End         129
Event: 201.467 Young Relocate Start   129
Event: 202.442 Young Mark Start       130
Event: 202.712 Young Mark End         130
Event: 202.717 Young Relocate Start   130
Event: 203.645 Young Mark Start       131
Event: 203.895 Old Mark End            14
Event: 203.998 Young Mark End         131
Event: 204.025 Young Relocate Start   131
Event: 204.167 Old Relocate Start      14
Event: 204.355 Young Mark Start       132
Event: 204.674 Young Mark End         132
Event: 204.684 Young Relocate Start   132
Event: 205.117 Young Mark Start       133
Event: 205.417 Young Mark End         133
Event: 205.444 Young Relocate Start   133
Event: 206.325 Young Mark Start       134
Event: 206.533 Young Mark End         134
Event: 206.544 Young Relocate Start   134
Event: 207.443 Young Mark Start       135
Event: 207.710 Young Mark End         135
Event: 207.721 Young Relocate Start   135
Event: 208.955 Young Mark Start       136

VM Operations (250 events):
Event: 192.119 Executing VM operation: ZMarkFlushOperation
Event: 192.119 Executing VM operation: ZMarkFlushOperation done
Event: 192.119 Executing VM operation: ZMarkEndYoung (Allocation Rate)
Event: 192.120 Executing VM operation: ZMarkEndYoung (Allocation Rate) done
Event: 192.130 Executing VM operation: ZRelocateStartYoung (Allocation Rate)
Event: 192.130 Executing VM operation: ZRelocateStartYoung (Allocation Rate) done
Event: 193.911 Executing VM operation: ZMarkStartYoung (Allocation Rate)
Event: 193.911 Executing VM operation: ZMarkStartYoung (Allocation Rate) done
Event: 194.156 Executing VM operation: HandshakeAllThreads (ZMarkFlushAndFreeStacks)
Event: 194.156 Executing VM operation: HandshakeAllThreads (ZMarkFlushAndFreeStacks) done
Event: 194.156 Executing VM operation: ZMarkFlushOperation
Event: 194.156 Executing VM operation: ZMarkFlushOperation done
Event: 194.156 Executing VM operation: HandshakeAllThreads (ZMarkFlushAndFreeStacks)
Event: 194.156 Executing VM operation: HandshakeAllThreads (ZMarkFlushAndFreeStacks) done
Event: 194.156 Executing VM operation: ZMarkFlushOperation
Event: 194.156 Executing VM operation: ZMarkFlushOperation done
Event: 194.156 Executing VM operation: HandshakeAllThreads (ZMarkFlushAndFreeStacks)
Event: 194.156 Executing VM operation: HandshakeAllThreads (ZMarkFlushAndFreeStacks) done
Event: 194.156 Executing VM operation: ZMarkFlushOperation
Event: 194.156 Executing VM operation: ZMarkFlushOperation done
Event: 194.156 Executing VM operation: ZMarkEndYoung (Allocation Rate)
Event: 194.156 Executing VM operation: ZMarkEndYoung (Allocation Rate) done
Event: 194.161 Executing VM operation: ZRelocateStartYoung (Allocation Rate)
Event: 194.161 Executing VM operation: ZRelocateStartYoung (Allocation Rate) done
Event: 196.160 Executing VM operation: Cleanup
Event: 196.160 Executing VM operation: Cleanup done
Event: 196.227 Executing VM operation: ZMarkStartYoung (Allocation Rate)
Event: 196.227 Executing VM operation: ZMarkStartYoung (Allocation Rate) done
Event: 196.461 Executing VM operation: HandshakeAllThreads (ZMarkFlushAndFreeStacks)
Event: 196.461 Executing VM operation: HandshakeAllThreads (ZMarkFlushAndFreeStacks) done
Event: 196.461 Executing VM operation: ZMarkFlushOperation
Event: 196.461 Executing VM operation: ZMarkFlushOperation done
Event: 196.476 Executing VM operation: HandshakeAllThreads (ZMarkFlushAndFreeStacks)
Event: 196.476 Executing VM operation: HandshakeAllThreads (ZMarkFlushAndFreeStacks) done
Event: 196.476 Executing VM operation: ZMarkFlushOperation
Event: 196.476 Executing VM operation: ZMarkFlushOperation done
Event: 196.476 Executing VM operation: HandshakeAllThreads (ZMarkFlushAndFreeStacks)
Event: 196.476 Executing VM operation: HandshakeAllThreads (ZMarkFlushAndFreeStacks) done
Event: 196.476 Executing VM operation: ZMarkFlushOperation
Event: 196.476 Executing VM operation: ZMarkFlushOperation done
Event: 196.476 Executing VM operation: ZMarkEndYoung (Allocation Rate)
Event: 196.476 Executing VM operation: ZMarkEndYoung (Allocation Rate) done
Event: 196.491 Executing VM operation: ZRelocateStartYoung (Allocation Rate)
Event: 196.491 Executing VM operation: ZRelocateStartYoung (Allocation Rate) done
Event: 198.057 Executing VM operation: ZMarkStartYoung (Allocation Rate)
Event: 198.057 Executing VM operation: ZMarkStartYoung (Allocation Rate) done
Event: 198.332 Executing VM operation: HandshakeAllThreads (ZMarkFlushAndFreeStacks)
Event: 198.333 Executing VM operation: HandshakeAllThreads (ZMarkFlushAndFreeStacks) done
Event: 198.333 Executing VM operation: ZMarkFlushOperation
Event: 198.333 Executing VM operation: ZMarkFlushOperation done
Event: 198.349 Executing VM operation: HandshakeAllThreads (ZMarkFlushAndFreeStacks)
Event: 198.349 Executing VM operation: HandshakeAllThreads (ZMarkFlushAndFreeStacks) done
Event: 198.349 Executing VM operation: ZMarkFlushOperation
Event: 198.349 Executing VM operation: ZMarkFlushOperation done
Event: 198.349 Executing VM operation: HandshakeAllThreads (ZMarkFlushAndFreeStacks)
Event: 198.349 Executing VM operation: HandshakeAllThreads (ZMarkFlushAndFreeStacks) done
Event: 198.349 Executing VM operation: ZMarkFlushOperation
Event: 198.349 Executing VM operation: ZMarkFlushOperation done
Event: 198.349 Executing VM operation: ZMarkEndYoung (Allocation Rate)
Event: 198.350 Executing VM operation: ZMarkEndYoung (Allocation Rate) done
Event: 198.368 Executing VM operation: ZRelocateStartYoung (Allocation Rate)
Event: 198.368 Executing VM operation: ZRelocateStartYoung (Allocation Rate) done
Event: 198.930 Executing VM operation: ZMarkStartYoung (Allocation Rate)
Event: 198.930 Executing VM operation: ZMarkStartYoung (Allocation Rate) done
Event: 199.265 Executing VM operation: HandshakeAllThreads (ZMarkFlushAndFreeStacks)
Event: 199.265 Executing VM operation: HandshakeAllThreads (ZMarkFlushAndFreeStacks) done
Event: 199.265 Executing VM operation: ZMarkFlushOperation
Event: 199.265 Executing VM operation: ZMarkFlushOperation done
Event: 199.266 Executing VM operation: HandshakeAllThreads (ZMarkFlushAndFreeStacks)
Event: 199.267 Executing VM operation: HandshakeAllThreads (ZMarkFlushAndFreeStacks) done
Event: 199.267 Executing VM operation: ZMarkFlushOperation
Event: 199.267 Executing VM operation: ZMarkFlushOperation done
Event: 199.267 Executing VM operation: HandshakeAllThreads (ZMarkFlushAndFreeStacks)
Event: 199.267 Executing VM operation: HandshakeAllThreads (ZMarkFlushAndFreeStacks) done
Event: 199.267 Executing VM operation: ZMarkFlushOperation
Event: 199.267 Executing VM operation: ZMarkFlushOperation done
Event: 199.267 Executing VM operation: ZMarkEndYoung (Allocation Rate)
Event: 199.267 Executing VM operation: ZMarkEndYoung (Allocation Rate) done
Event: 199.282 Executing VM operation: ZRelocateStartYoung (Allocation Rate)
Event: 199.282 Executing VM operation: ZRelocateStartYoung (Allocation Rate) done
Event: 200.215 Executing VM operation: ZMarkStartYoungAndOld (Allocation Rate)
Event: 200.215 Executing VM operation: ZMarkStartYoungAndOld (Allocation Rate) done
Event: 200.531 Executing VM operation: HandshakeAllThreads (ZMarkFlushAndFreeStacks)
Event: 200.531 Executing VM operation: HandshakeAllThreads (ZMarkFlushAndFreeStacks) done
Event: 200.531 Executing VM operation: ZMarkFlushOperation
Event: 200.531 Executing VM operation: ZMarkFlushOperation done
Event: 200.535 Executing VM operation: HandshakeAllThreads (ZMarkFlushAndFreeStacks)
Event: 200.535 Executing VM operation: HandshakeAllThreads (ZMarkFlushAndFreeStacks) done
Event: 200.535 Executing VM operation: ZMarkFlushOperation
Event: 200.535 Executing VM operation: ZMarkFlushOperation done
Event: 200.535 Executing VM operation: HandshakeAllThreads (ZMarkFlushAndFreeStacks)
Event: 200.535 Executing VM operation: HandshakeAllThreads (ZMarkFlushAndFreeStacks) done
Event: 200.535 Executing VM operation: ZMarkFlushOperation
Event: 200.535 Executing VM operation: ZMarkFlushOperation done
Event: 200.535 Executing VM operation: ZMarkEndYoung (Allocation Rate)
Event: 200.535 Executing VM operation: ZMarkEndYoung (Allocation Rate) done
Event: 200.573 Executing VM operation: ZRelocateStartYoung (Allocation Rate)
Event: 200.573 Executing VM operation: ZRelocateStartYoung (Allocation Rate) done
Event: 201.218 Executing VM operation: ZMarkStartYoung (Allocation Rate)
Event: 201.218 Executing VM operation: ZMarkStartYoung (Allocation Rate) done
Event: 201.459 Executing VM operation: HandshakeAllThreads (ZMarkFlushAndFreeStacks)
Event: 201.459 Executing VM operation: HandshakeAllThreads (ZMarkFlushAndFreeStacks) done
Event: 201.460 Executing VM operation: ZMarkFlushOperation
Event: 201.460 Executing VM operation: ZMarkFlushOperation done
Event: 201.461 Executing VM operation: HandshakeAllThreads (ZMarkFlushAndFreeStacks)
Event: 201.461 Executing VM operation: HandshakeAllThreads (ZMarkFlushAndFreeStacks) done
Event: 201.461 Executing VM operation: ZMarkFlushOperation
Event: 201.461 Executing VM operation: ZMarkFlushOperation done
Event: 201.461 Executing VM operation: HandshakeAllThreads (ZMarkFlushAndFreeStacks)
Event: 201.461 Executing VM operation: HandshakeAllThreads (ZMarkFlushAndFreeStacks) done
Event: 201.461 Executing VM operation: ZMarkFlushOperation
Event: 201.461 Executing VM operation: ZMarkFlushOperation done
Event: 201.461 Executing VM operation: ZMarkEndYoung (Allocation Rate)
Event: 201.461 Executing VM operation: ZMarkEndYoung (Allocation Rate) done
Event: 201.467 Executing VM operation: ZRelocateStartYoung (Allocation Rate)
Event: 201.467 Executing VM operation: ZRelocateStartYoung (Allocation Rate) done
Event: 202.442 Executing VM operation: ZMarkStartYoung (Allocation Rate)
Event: 202.442 Executing VM operation: ZMarkStartYoung (Allocation Rate) done
Event: 202.708 Executing VM operation: HandshakeAllThreads (ZMarkFlushAndFreeStacks)
Event: 202.708 Executing VM operation: HandshakeAllThreads (ZMarkFlushAndFreeStacks) done
Event: 202.708 Executing VM operation: ZMarkFlushOperation
Event: 202.708 Executing VM operation: ZMarkFlushOperation done
Event: 202.712 Executing VM operation: HandshakeAllThreads (ZMarkFlushAndFreeStacks)
Event: 202.712 Executing VM operation: HandshakeAllThreads (ZMarkFlushAndFreeStacks) done
Event: 202.712 Executing VM operation: ZMarkFlushOperation
Event: 202.712 Executing VM operation: ZMarkFlushOperation done
Event: 202.712 Executing VM operation: HandshakeAllThreads (ZMarkFlushAndFreeStacks)
Event: 202.712 Executing VM operation: HandshakeAllThreads (ZMarkFlushAndFreeStacks) done
Event: 202.712 Executing VM operation: ZMarkFlushOperation
Event: 202.712 Executing VM operation: ZMarkFlushOperation done
Event: 202.712 Executing VM operation: ZMarkEndYoung (Allocation Rate)
Event: 202.712 Executing VM operation: ZMarkEndYoung (Allocation Rate) done
Event: 202.717 Executing VM operation: ZRelocateStartYoung (Allocation Rate)
Event: 202.717 Executing VM operation: ZRelocateStartYoung (Allocation Rate) done
Event: 203.645 Executing VM operation: ZMarkStartYoung (Allocation Rate)
Event: 203.645 Executing VM operation: ZMarkStartYoung (Allocation Rate) done
Event: 203.894 Executing VM operation: HandshakeAllThreads (ZMarkFlushAndFreeStacks)
Event: 203.894 Executing VM operation: HandshakeAllThreads (ZMarkFlushAndFreeStacks) done
Event: 203.894 Executing VM operation: ZMarkFlushOperation
Event: 203.894 Executing VM operation: ZMarkFlushOperation done
Event: 203.895 Executing VM operation: HandshakeAllThreads (ZMarkFlushAndFreeStacks)
Event: 203.895 Executing VM operation: HandshakeAllThreads (ZMarkFlushAndFreeStacks) done
Event: 203.895 Executing VM operation: ZMarkFlushOperation
Event: 203.895 Executing VM operation: ZMarkFlushOperation done
Event: 203.895 Executing VM operation: HandshakeAllThreads (ZMarkFlushAndFreeStacks)
Event: 203.895 Executing VM operation: HandshakeAllThreads (ZMarkFlushAndFreeStacks) done
Event: 203.895 Executing VM operation: ZMarkFlushOperation
Event: 203.895 Executing VM operation: ZMarkFlushOperation done
Event: 203.895 Executing VM operation: ZMarkEndOld (Allocation Rate)
Event: 203.895 Executing VM operation: ZMarkEndOld (Allocation Rate) done
Event: 203.930 Executing VM operation: HandshakeAllThreads (ZMarkFlushAndFreeStacks)
Event: 203.930 Executing VM operation: HandshakeAllThreads (ZMarkFlushAndFreeStacks) done
Event: 203.930 Executing VM operation: ZMarkFlushOperation
Event: 203.930 Executing VM operation: ZMarkFlushOperation done
Event: 203.951 Executing VM operation: HandshakeAllThreads (ZMarkFlushAndFreeStacks)
Event: 203.951 Executing VM operation: HandshakeAllThreads (ZMarkFlushAndFreeStacks) done
Event: 203.952 Executing VM operation: ZMarkFlushOperation
Event: 203.952 Executing VM operation: ZMarkFlushOperation done
Event: 203.952 Executing VM operation: HandshakeAllThreads (ZMarkFlushAndFreeStacks)
Event: 203.952 Executing VM operation: HandshakeAllThreads (ZMarkFlushAndFreeStacks) done
Event: 203.952 Executing VM operation: ZMarkFlushOperation
Event: 203.952 Executing VM operation: ZMarkFlushOperation done
Event: 203.952 Executing VM operation: ZMarkEndYoung (Allocation Rate)
Event: 203.998 Executing VM operation: ZMarkEndYoung (Allocation Rate) done
Event: 203.998 Executing VM operation: HandshakeAllThreads (ZRendezvous)
Event: 203.999 Executing VM operation: HandshakeAllThreads (ZRendezvous) done
Event: 203.999 Executing VM operation: ZRendezvousGCThreads
Event: 203.999 Executing VM operation: ZRendezvousGCThreads done
Event: 204.025 Executing VM operation: ZRelocateStartYoung (Allocation Rate)
Event: 204.025 Executing VM operation: ZRelocateStartYoung (Allocation Rate) done
Event: 204.167 Executing VM operation: ZRelocateStartOld (Allocation Rate)
Event: 204.167 Executing VM operation: ZRelocateStartOld (Allocation Rate) done
Event: 204.355 Executing VM operation: ZMarkStartYoung (Allocation Rate)
Event: 204.355 Executing VM operation: ZMarkStartYoung (Allocation Rate) done
Event: 204.648 Executing VM operation: HandshakeAllThreads (ZMarkFlushAndFreeStacks)
Event: 204.648 Executing VM operation: HandshakeAllThreads (ZMarkFlushAndFreeStacks) done
Event: 204.648 Executing VM operation: ZMarkFlushOperation
Event: 204.648 Executing VM operation: ZMarkFlushOperation done
Event: 204.674 Executing VM operation: HandshakeAllThreads (ZMarkFlushAndFreeStacks)
Event: 204.674 Executing VM operation: HandshakeAllThreads (ZMarkFlushAndFreeStacks) done
Event: 204.674 Executing VM operation: ZMarkFlushOperation
Event: 204.674 Executing VM operation: ZMarkFlushOperation done
Event: 204.674 Executing VM operation: HandshakeAllThreads (ZMarkFlushAndFreeStacks)
Event: 204.674 Executing VM operation: HandshakeAllThreads (ZMarkFlushAndFreeStacks) done
Event: 204.674 Executing VM operation: ZMarkFlushOperation
Event: 204.674 Executing VM operation: ZMarkFlushOperation done
Event: 204.674 Executing VM operation: HandshakeAllThreads (ZMarkFlushAndFreeStacks)
Event: 204.674 Executing VM operation: HandshakeAllThreads (ZMarkFlushAndFreeStacks) done
Event: 204.674 Executing VM operation: ZMarkFlushOperation
Event: 204.674 Executing VM operation: ZMarkFlushOperation done
Event: 204.674 Executing VM operation: ZMarkEndYoung (Allocation Rate)
Event: 204.674 Executing VM operation: ZMarkEndYoung (Allocation Rate) done
Event: 204.684 Executing VM operation: ZRelocateStartYoung (Allocation Rate)
Event: 204.684 Executing VM operation: ZRelocateStartYoung (Allocation Rate) done
Event: 205.117 Executing VM operation: ZMarkStartYoung (Allocation Rate)
Event: 205.117 Executing VM operation: ZMarkStartYoung (Allocation Rate) done
Event: 205.367 Executing VM operation: HandshakeAllThreads (ZMarkFlushAndFreeStacks)
Event: 205.367 Executing VM operation: HandshakeAllThreads (ZMarkFlushAndFreeStacks) done
Event: 205.367 Executing VM operation: ZMarkFlushOperation
Event: 205.367 Executing VM operation: ZMarkFlushOperation done
Event: 205.416 Executing VM operation: HandshakeAllThreads (ZMarkFlushAndFreeStacks)
Event: 205.416 Executing VM operation: HandshakeAllThreads (ZMarkFlushAndFreeStacks) done
Event: 205.416 Executing VM operation: ZMarkFlushOperation
Event: 205.416 Executing VM operation: ZMarkFlushOperation done
Event: 205.416 Executing VM operation: HandshakeAllThreads (ZMarkFlushAndFreeStacks)
Event: 205.417 Executing VM operation: HandshakeAllThreads (ZMarkFlushAndFreeStacks) done
Event: 205.417 Executing VM operation: ZMarkFlushOperation
Event: 205.417 Executing VM operation: ZMarkFlushOperation done
Event: 205.417 Executing VM operation: ZMarkEndYoung (Allocation Rate)
Event: 205.417 Executing VM operation: ZMarkEndYoung (Allocation Rate) done
Event: 205.444 Executing VM operation: ZRelocateStartYoung (Allocation Rate)
Event: 205.444 Executing VM operation: ZRelocateStartYoung (Allocation Rate) done
Event: 206.325 Executing VM operation: ZMarkStartYoung (Allocation Rate)
Event: 206.325 Executing VM operation: ZMarkStartYoung (Allocation Rate) done
Event: 206.508 Executing VM operation: HandshakeAllThreads (ZMarkFlushAndFreeStacks)
Event: 206.508 Executing VM operation: HandshakeAllThreads (ZMarkFlushAndFreeStacks) done
Event: 206.508 Executing VM operation: ZMarkFlushOperation
Event: 206.508 Executing VM operation: ZMarkFlushOperation done
Event: 206.533 Executing VM operation: HandshakeAllThreads (ZMarkFlushAndFreeStacks)
Event: 206.533 Executing VM operation: HandshakeAllThreads (ZMarkFlushAndFreeStacks) done
Event: 206.533 Executing VM operation: ZMarkFlushOperation
Event: 206.533 Executing VM operation: ZMarkFlushOperation done
Event: 206.533 Executing VM operation: HandshakeAllThreads (ZMarkFlushAndFreeStacks)
Event: 206.533 Executing VM operation: HandshakeAllThreads (ZMarkFlushAndFreeStacks) done
Event: 206.533 Executing VM operation: ZMarkFlushOperation
Event: 206.533 Executing VM operation: ZMarkFlushOperation done
Event: 206.533 Executing VM operation: ZMarkEndYoung (Allocation Rate)
Event: 206.533 Executing VM operation: ZMarkEndYoung (Allocation Rate) done
Event: 206.543 Executing VM operation: ZRelocateStartYoung (Allocation Rate)
Event: 206.544 Executing VM operation: ZRelocateStartYoung (Allocation Rate) done
Event: 207.443 Executing VM operation: ZMarkStartYoung (Allocation Rate)
Event: 207.443 Executing VM operation: ZMarkStartYoung (Allocation Rate) done
Event: 207.709 Executing VM operation: HandshakeAllThreads (ZMarkFlushAndFreeStacks)
Event: 207.709 Executing VM operation: HandshakeAllThreads (ZMarkFlushAndFreeStacks) done
Event: 207.709 Executing VM operation: ZMarkFlushOperation
Event: 207.709 Executing VM operation: ZMarkFlushOperation done
Event: 207.709 Executing VM operation: HandshakeAllThreads (ZMarkFlushAndFreeStacks)
Event: 207.710 Executing VM operation: HandshakeAllThreads (ZMarkFlushAndFreeStacks) done
Event: 207.710 Executing VM operation: ZMarkFlushOperation
Event: 207.710 Executing VM operation: ZMarkFlushOperation done
Event: 207.710 Executing VM operation: HandshakeAllThreads (ZMarkFlushAndFreeStacks)
Event: 207.710 Executing VM operation: HandshakeAllThreads (ZMarkFlushAndFreeStacks) done
Event: 207.710 Executing VM operation: ZMarkFlushOperation
Event: 207.710 Executing VM operation: ZMarkFlushOperation done
Event: 207.710 Executing VM operation: ZMarkEndYoung (Allocation Rate)
Event: 207.710 Executing VM operation: ZMarkEndYoung (Allocation Rate) done
Event: 207.721 Executing VM operation: ZRelocateStartYoung (Allocation Rate)
Event: 207.721 Executing VM operation: ZRelocateStartYoung (Allocation Rate) done
Event: 208.955 Executing VM operation: ZMarkStartYoung (Allocation Rate)
Event: 208.955 Executing VM operation: ZMarkStartYoung (Allocation Rate) done

Memory protections (0 events):
No events

Nmethod flushes (250 events):
Event: 203.999 Thread 0x000001af56f8ecf0 flushing  nmethod 0x000001af5c373f90
Event: 203.999 Thread 0x000001af56f8ecf0 flushing  nmethod 0x000001af5fdb0710
Event: 203.999 Thread 0x000001af56f8ecf0 flushing  nmethod 0x000001af5ef28c90
Event: 203.999 Thread 0x000001af56f8ecf0 flushing  nmethod 0x000001af660ae790
Event: 203.999 Thread 0x000001af56f8ecf0 flushing  nmethod 0x000001af606ce890
Event: 203.999 Thread 0x000001af56f8ecf0 flushing  nmethod 0x000001af661cf110
Event: 203.999 Thread 0x000001af56f8ecf0 flushing  nmethod 0x000001af5fae0a90
Event: 203.999 Thread 0x000001af56f8ecf0 flushing  nmethod 0x000001af5de2a590
Event: 203.999 Thread 0x000001af56f8ecf0 flushing  nmethod 0x000001af5e700390
Event: 203.999 Thread 0x000001af56f8ecf0 flushing osr nmethod 0x000001af66535190
Event: 203.999 Thread 0x000001af56f8ecf0 flushing  nmethod 0x000001af63099810
Event: 203.999 Thread 0x000001af56f8ecf0 flushing  nmethod 0x000001af5bc86010
Event: 203.999 Thread 0x000001af56f8ecf0 flushing  nmethod 0x000001af5e71fc10
Event: 203.999 Thread 0x000001af56f8ecf0 flushing  nmethod 0x000001af5ec08390
Event: 203.999 Thread 0x000001af56f8ecf0 flushing  nmethod 0x000001af5c5df310
Event: 203.999 Thread 0x000001af56f8ecf0 flushing  nmethod 0x000001af65a9b310
Event: 203.999 Thread 0x000001af56f8ecf0 flushing  nmethod 0x000001af5de08110
Event: 203.999 Thread 0x000001af56f8ecf0 flushing  nmethod 0x000001af5eca8790
Event: 203.999 Thread 0x000001af56f8ecf0 flushing  nmethod 0x000001af5c227d10
Event: 203.999 Thread 0x000001af56f8ecf0 flushing  nmethod 0x000001af5ec2e290
Event: 203.999 Thread 0x000001af56f8ecf0 flushing  nmethod 0x000001af5b72f190
Event: 203.999 Thread 0x000001af56f8ecf0 flushing  nmethod 0x000001af60217390
Event: 203.999 Thread 0x000001af56f8ecf0 flushing  nmethod 0x000001af65a14610
Event: 203.999 Thread 0x000001af56f8ecf0 flushing  nmethod 0x000001af5b69a910
Event: 203.999 Thread 0x000001af56f8ecf0 flushing  nmethod 0x000001af5ff5c990
Event: 203.999 Thread 0x000001af56f8ecf0 flushing  nmethod 0x000001af5f54d710
Event: 203.999 Thread 0x000001af56f8ecf0 flushing  nmethod 0x000001af6075c010
Event: 203.999 Thread 0x000001af56f8ecf0 flushing  nmethod 0x000001af5fef3f90
Event: 203.999 Thread 0x000001af56f8ecf0 flushing  nmethod 0x000001af660b0610
Event: 203.999 Thread 0x000001af56f8ecf0 flushing  nmethod 0x000001af5c166690
Event: 203.999 Thread 0x000001af56f8ecf0 flushing  nmethod 0x000001af60220b90
Event: 203.999 Thread 0x000001af56f8ecf0 flushing  nmethod 0x000001af60362e90
Event: 203.999 Thread 0x000001af56f8ecf0 flushing  nmethod 0x000001af5c34fb10
Event: 203.999 Thread 0x000001af56f8ecf0 flushing  nmethod 0x000001af5d833e10
Event: 203.999 Thread 0x000001af56f8ecf0 flushing  nmethod 0x000001af65416310
Event: 203.999 Thread 0x000001af56f8ecf0 flushing  nmethod 0x000001af5b319d10
Event: 203.999 Thread 0x000001af56f8ecf0 flushing  nmethod 0x000001af5d2b8190
Event: 203.999 Thread 0x000001af56f8ecf0 flushing  nmethod 0x000001af5fdb5990
Event: 203.999 Thread 0x000001af56f8ecf0 flushing  nmethod 0x000001af5c4c0210
Event: 203.999 Thread 0x000001af56f8ecf0 flushing  nmethod 0x000001af5e536390
Event: 203.999 Thread 0x000001af56f8ecf0 flushing  nmethod 0x000001af5d2ba390
Event: 203.999 Thread 0x000001af56f8ecf0 flushing  nmethod 0x000001af5fa59610
Event: 203.999 Thread 0x000001af56f8ecf0 flushing  nmethod 0x000001af5d6cec90
Event: 203.999 Thread 0x000001af56f8ecf0 flushing  nmethod 0x000001af5f795b90
Event: 203.999 Thread 0x000001af56f8ecf0 flushing  nmethod 0x000001af5defe990
Event: 203.999 Thread 0x000001af56f8ecf0 flushing  nmethod 0x000001af64e6ed90
Event: 203.999 Thread 0x000001af56f8ecf0 flushing  nmethod 0x000001af60283c90
Event: 203.999 Thread 0x000001af56f8ecf0 flushing  nmethod 0x000001af5b532690
Event: 203.999 Thread 0x000001af56f8ecf0 flushing  nmethod 0x000001af5dee8e10
Event: 203.999 Thread 0x000001af56f8ecf0 flushing  nmethod 0x000001af5be26690
Event: 203.999 Thread 0x000001af56f8ecf0 flushing  nmethod 0x000001af5fdf9c10
Event: 203.999 Thread 0x000001af56f8ecf0 flushing  nmethod 0x000001af604eb110
Event: 203.999 Thread 0x000001af56f8ecf0 flushing  nmethod 0x000001af60375f90
Event: 203.999 Thread 0x000001af56f8ecf0 flushing  nmethod 0x000001af5c862990
Event: 203.999 Thread 0x000001af56f8ecf0 flushing  nmethod 0x000001af5b387090
Event: 203.999 Thread 0x000001af56f8ecf0 flushing  nmethod 0x000001af5b594410
Event: 203.999 Thread 0x000001af56f8ecf0 flushing  nmethod 0x000001af5ecc9710
Event: 203.999 Thread 0x000001af56f8ecf0 flushing  nmethod 0x000001af5d826690
Event: 203.999 Thread 0x000001af56f8ecf0 flushing  nmethod 0x000001af5f244910
Event: 203.999 Thread 0x000001af56f8ecf0 flushing  nmethod 0x000001af5d5d6a90
Event: 203.999 Thread 0x000001af56f8ecf0 flushing  nmethod 0x000001af5ef2f510
Event: 203.999 Thread 0x000001af56f8ecf0 flushing  nmethod 0x000001af60439990
Event: 203.999 Thread 0x000001af56f8ecf0 flushing  nmethod 0x000001af5ec0cc10
Event: 203.999 Thread 0x000001af56f8ecf0 flushing  nmethod 0x000001af5e15cf90
Event: 203.999 Thread 0x000001af56f8ecf0 flushing  nmethod 0x000001af5ee07b90
Event: 203.999 Thread 0x000001af56f8ecf0 flushing  nmethod 0x000001af64a50890
Event: 203.999 Thread 0x000001af56f8ecf0 flushing  nmethod 0x000001af5d3d9390
Event: 203.999 Thread 0x000001af56f8ecf0 flushing  nmethod 0x000001af5c09ca10
Event: 203.999 Thread 0x000001af56f8ecf0 flushing  nmethod 0x000001af6680d990
Event: 203.999 Thread 0x000001af56f8ecf0 flushing  nmethod 0x000001af5b6d0e90
Event: 203.999 Thread 0x000001af56f8ecf0 flushing  nmethod 0x000001af65834210
Event: 203.999 Thread 0x000001af56f8ecf0 flushing  nmethod 0x000001af5bc3d310
Event: 203.999 Thread 0x000001af56f8ecf0 flushing  nmethod 0x000001af5c64e290
Event: 203.999 Thread 0x000001af56f8ecf0 flushing  nmethod 0x000001af5c78b010
Event: 203.999 Thread 0x000001af56f8ecf0 flushing  nmethod 0x000001af5c5a4b90
Event: 203.999 Thread 0x000001af56f8ecf0 flushing  nmethod 0x000001af5fafc810
Event: 203.999 Thread 0x000001af56f8ecf0 flushing  nmethod 0x000001af60648590
Event: 203.999 Thread 0x000001af56f8ecf0 flushing  nmethod 0x000001af5f2b1b10
Event: 203.999 Thread 0x000001af56f8ecf0 flushing  nmethod 0x000001af5c0cb890
Event: 203.999 Thread 0x000001af56f8ecf0 flushing  nmethod 0x000001af5eb88310
Event: 203.999 Thread 0x000001af56f8ecf0 flushing  nmethod 0x000001af5bea5b90
Event: 203.999 Thread 0x000001af56f8ecf0 flushing  nmethod 0x000001af5edf5090
Event: 203.999 Thread 0x000001af56f8ecf0 flushing  nmethod 0x000001af5b5b0610
Event: 203.999 Thread 0x000001af56f8ecf0 flushing  nmethod 0x000001af5b93a290
Event: 203.999 Thread 0x000001af56f8ecf0 flushing  nmethod 0x000001af5bcfbb10
Event: 203.999 Thread 0x000001af56f8ecf0 flushing  nmethod 0x000001af5bf59e90
Event: 203.999 Thread 0x000001af56f8ecf0 flushing  nmethod 0x000001af5bc1f310
Event: 203.999 Thread 0x000001af56f8ecf0 flushing  nmethod 0x000001af65ca4190
Event: 203.999 Thread 0x000001af56f8ecf0 flushing  nmethod 0x000001af5ecc3a10
Event: 203.999 Thread 0x000001af56f8ecf0 flushing  nmethod 0x000001af5b25a310
Event: 203.999 Thread 0x000001af56f8ecf0 flushing  nmethod 0x000001af5e541d90
Event: 203.999 Thread 0x000001af56f8ecf0 flushing  nmethod 0x000001af5cb7d090
Event: 203.999 Thread 0x000001af56f8ecf0 flushing  nmethod 0x000001af65937010
Event: 203.999 Thread 0x000001af56f8ecf0 flushing  nmethod 0x000001af5ffe1f10
Event: 203.999 Thread 0x000001af56f8ecf0 flushing  nmethod 0x000001af5ce0c790
Event: 203.999 Thread 0x000001af56f8ecf0 flushing  nmethod 0x000001af5c933710
Event: 203.999 Thread 0x000001af56f8ecf0 flushing  nmethod 0x000001af5ee26310
Event: 203.999 Thread 0x000001af56f8ecf0 flushing osr nmethod 0x000001af5cf10310
Event: 203.999 Thread 0x000001af56f8ecf0 flushing  nmethod 0x000001af5ffe4a90
Event: 203.999 Thread 0x000001af56f8ecf0 flushing  nmethod 0x000001af5ccaef10
Event: 203.999 Thread 0x000001af56f8ecf0 flushing  nmethod 0x000001af5b9c9290
Event: 203.999 Thread 0x000001af56f8ecf0 flushing  nmethod 0x000001af5ea9df10
Event: 203.999 Thread 0x000001af56f8ecf0 flushing  nmethod 0x000001af5f6ff390
Event: 203.999 Thread 0x000001af56f8ecf0 flushing  nmethod 0x000001af5de44a90
Event: 203.999 Thread 0x000001af56f8ecf0 flushing osr nmethod 0x000001af5f30d990
Event: 203.999 Thread 0x000001af56f8ecf0 flushing  nmethod 0x000001af5b52aa90
Event: 203.999 Thread 0x000001af56f8ecf0 flushing  nmethod 0x000001af64cea390
Event: 203.999 Thread 0x000001af56f8ecf0 flushing  nmethod 0x000001af605d6810
Event: 203.999 Thread 0x000001af56f8ecf0 flushing  nmethod 0x000001af5b32d110
Event: 203.999 Thread 0x000001af56f8ecf0 flushing  nmethod 0x000001af5c3af710
Event: 203.999 Thread 0x000001af56f8ecf0 flushing  nmethod 0x000001af652f7390
Event: 203.999 Thread 0x000001af56f8ecf0 flushing  nmethod 0x000001af5baa7110
Event: 203.999 Thread 0x000001af56f8ecf0 flushing  nmethod 0x000001af605e3f10
Event: 203.999 Thread 0x000001af56f8ecf0 flushing  nmethod 0x000001af604fc610
Event: 203.999 Thread 0x000001af56f8ecf0 flushing  nmethod 0x000001af5b32b790
Event: 203.999 Thread 0x000001af56f8ecf0 flushing  nmethod 0x000001af64264d90
Event: 203.999 Thread 0x000001af56f8ecf0 flushing  nmethod 0x000001af6642ca90
Event: 203.999 Thread 0x000001af56f8ecf0 flushing  nmethod 0x000001af5d2e2d90
Event: 203.999 Thread 0x000001af56f8ecf0 flushing  nmethod 0x000001af5c059090
Event: 203.999 Thread 0x000001af56f8ecf0 flushing  nmethod 0x000001af6322e490
Event: 203.999 Thread 0x000001af56f8ecf0 flushing  nmethod 0x000001af5e5cd510
Event: 203.999 Thread 0x000001af56f8ecf0 flushing  nmethod 0x000001af605d7410
Event: 203.999 Thread 0x000001af56f8ecf0 flushing  nmethod 0x000001af5c50b890
Event: 203.999 Thread 0x000001af56f8ecf0 flushing  nmethod 0x000001af5dc1e410
Event: 203.999 Thread 0x000001af56f8ecf0 flushing  nmethod 0x000001af5da89190
Event: 203.999 Thread 0x000001af56f8ecf0 flushing  nmethod 0x000001af5eda9e90
Event: 203.999 Thread 0x000001af56f8ecf0 flushing  nmethod 0x000001af5c160a90
Event: 203.999 Thread 0x000001af56f8ecf0 flushing  nmethod 0x000001af5c460b90
Event: 203.999 Thread 0x000001af56f8ecf0 flushing  nmethod 0x000001af5c16e510
Event: 203.999 Thread 0x000001af56f8ecf0 flushing  nmethod 0x000001af5ba27010
Event: 203.999 Thread 0x000001af56f8ecf0 flushing  nmethod 0x000001af5b3b5b90
Event: 203.999 Thread 0x000001af56f8ecf0 flushing  nmethod 0x000001af5eda3210
Event: 203.999 Thread 0x000001af56f8ecf0 flushing  nmethod 0x000001af65594890
Event: 203.999 Thread 0x000001af56f8ecf0 flushing  nmethod 0x000001af5c187b90
Event: 203.999 Thread 0x000001af56f8ecf0 flushing  nmethod 0x000001af5e543310
Event: 203.999 Thread 0x000001af56f8ecf0 flushing  nmethod 0x000001af5d810c10
Event: 203.999 Thread 0x000001af56f8ecf0 flushing  nmethod 0x000001af5d039990
Event: 203.999 Thread 0x000001af56f8ecf0 flushing  nmethod 0x000001af5cef0f10
Event: 203.999 Thread 0x000001af56f8ecf0 flushing  nmethod 0x000001af5bcfdf10
Event: 203.999 Thread 0x000001af56f8ecf0 flushing  nmethod 0x000001af5d2cf010
Event: 203.999 Thread 0x000001af56f8ecf0 flushing  nmethod 0x000001af5f824d10
Event: 203.999 Thread 0x000001af56f8ecf0 flushing  nmethod 0x000001af5c629f90
Event: 203.999 Thread 0x000001af56f8ecf0 flushing  nmethod 0x000001af5ec09010
Event: 203.999 Thread 0x000001af56f8ecf0 flushing  nmethod 0x000001af5d086c90
Event: 203.999 Thread 0x000001af56f8ecf0 flushing  nmethod 0x000001af5d22d490
Event: 203.999 Thread 0x000001af56f8ecf0 flushing  nmethod 0x000001af5b4d6990
Event: 203.999 Thread 0x000001af56f8ecf0 flushing  nmethod 0x000001af5f1a1690
Event: 203.999 Thread 0x000001af56f8ecf0 flushing  nmethod 0x000001af5de06990
Event: 203.999 Thread 0x000001af56f8ecf0 flushing  nmethod 0x000001af5bbfab10
Event: 203.999 Thread 0x000001af56f8ecf0 flushing  nmethod 0x000001af5dd1e310
Event: 203.999 Thread 0x000001af56f8ecf0 flushing  nmethod 0x000001af5b80d890
Event: 203.999 Thread 0x000001af56f8ecf0 flushing  nmethod 0x000001af5c030b90
Event: 203.999 Thread 0x000001af56f8ecf0 flushing  nmethod 0x000001af5b3fa490
Event: 203.999 Thread 0x000001af56f8ecf0 flushing  nmethod 0x000001af5b6b6590
Event: 203.999 Thread 0x000001af56f8ecf0 flushing  nmethod 0x000001af5e649310
Event: 203.999 Thread 0x000001af56f8ecf0 flushing  nmethod 0x000001af5bd00290
Event: 203.999 Thread 0x000001af56f8ecf0 flushing  nmethod 0x000001af5c8c0410
Event: 203.999 Thread 0x000001af56f8ecf0 flushing  nmethod 0x000001af5b42d110
Event: 203.999 Thread 0x000001af56f8ecf0 flushing  nmethod 0x000001af6071ca90
Event: 203.999 Thread 0x000001af56f8ecf0 flushing  nmethod 0x000001af5f246510
Event: 203.999 Thread 0x000001af56f8ecf0 flushing  nmethod 0x000001af5b7bda10
Event: 203.999 Thread 0x000001af56f8ecf0 flushing  nmethod 0x000001af5b277210
Event: 203.999 Thread 0x000001af56f8ecf0 flushing  nmethod 0x000001af5edc1910
Event: 203.999 Thread 0x000001af56f8ecf0 flushing  nmethod 0x000001af5dd4d890
Event: 203.999 Thread 0x000001af56f8ecf0 flushing  nmethod 0x000001af65482990
Event: 203.999 Thread 0x000001af56f8ecf0 flushing  nmethod 0x000001af5db7fd90
Event: 203.999 Thread 0x000001af56f8ecf0 flushing  nmethod 0x000001af654ef190
Event: 203.999 Thread 0x000001af56f8ecf0 flushing  nmethod 0x000001af5c4bca90
Event: 203.999 Thread 0x000001af56f8ecf0 flushing  nmethod 0x000001af5f06cf10
Event: 203.999 Thread 0x000001af56f8ecf0 flushing  nmethod 0x000001af5fa4cf90
Event: 203.999 Thread 0x000001af56f8ecf0 flushing  nmethod 0x000001af66308b10
Event: 203.999 Thread 0x000001af56f8ecf0 flushing  nmethod 0x000001af5fe00610
Event: 203.999 Thread 0x000001af56f8ecf0 flushing  nmethod 0x000001af5ee5ab10
Event: 203.999 Thread 0x000001af56f8ecf0 flushing  nmethod 0x000001af5bc16b90
Event: 203.999 Thread 0x000001af56f8ecf0 flushing  nmethod 0x000001af5de37410
Event: 203.999 Thread 0x000001af56f8ecf0 flushing  nmethod 0x000001af5d49a310
Event: 203.999 Thread 0x000001af56f8ecf0 flushing  nmethod 0x000001af5de0a710
Event: 203.999 Thread 0x000001af56f8ecf0 flushing  nmethod 0x000001af6680de10
Event: 203.999 Thread 0x000001af56f8ecf0 flushing  nmethod 0x000001af5bf30a90
Event: 203.999 Thread 0x000001af56f8ecf0 flushing  nmethod 0x000001af60837490
Event: 203.999 Thread 0x000001af56f8ecf0 flushing  nmethod 0x000001af5de03910
Event: 203.999 Thread 0x000001af56f8ecf0 flushing  nmethod 0x000001af5be96010
Event: 203.999 Thread 0x000001af56f8ecf0 flushing  nmethod 0x000001af5d2bc210
Event: 203.999 Thread 0x000001af56f8ecf0 flushing  nmethod 0x000001af5b3da910
Event: 203.999 Thread 0x000001af56f8ecf0 flushing  nmethod 0x000001af5bb55d90
Event: 203.999 Thread 0x000001af56f8ecf0 flushing  nmethod 0x000001af5edab110
Event: 203.999 Thread 0x000001af56f8ecf0 flushing  nmethod 0x000001af5e24c990
Event: 203.999 Thread 0x000001af56f8ecf0 flushing  nmethod 0x000001af5bf90910
Event: 203.999 Thread 0x000001af56f8ecf0 flushing  nmethod 0x000001af5efd1190
Event: 203.999 Thread 0x000001af56f8ecf0 flushing  nmethod 0x000001af5f428f90
Event: 203.999 Thread 0x000001af56f8ecf0 flushing  nmethod 0x000001af650efe90
Event: 203.999 Thread 0x000001af56f8ecf0 flushing  nmethod 0x000001af64c34f10
Event: 203.999 Thread 0x000001af56f8ecf0 flushing  nmethod 0x000001af5ba26190
Event: 203.999 Thread 0x000001af56f8ecf0 flushing osr nmethod 0x000001af5df39e10
Event: 203.999 Thread 0x000001af56f8ecf0 flushing  nmethod 0x000001af5cc0b790
Event: 203.999 Thread 0x000001af56f8ecf0 flushing  nmethod 0x000001af5ff5cf10
Event: 203.999 Thread 0x000001af56f8ecf0 flushing  nmethod 0x000001af5f291490
Event: 203.999 Thread 0x000001af56f8ecf0 flushing  nmethod 0x000001af5b28d410
Event: 203.999 Thread 0x000001af56f8ecf0 flushing  nmethod 0x000001af5b34b190
Event: 203.999 Thread 0x000001af56f8ecf0 flushing  nmethod 0x000001af5e310910
Event: 203.999 Thread 0x000001af56f8ecf0 flushing  nmethod 0x000001af5d7d1290
Event: 203.999 Thread 0x000001af56f8ecf0 flushing  nmethod 0x000001af5d41de10
Event: 203.999 Thread 0x000001af56f8ecf0 flushing  nmethod 0x000001af663a1810
Event: 203.999 Thread 0x000001af56f8ecf0 flushing  nmethod 0x000001af66806910
Event: 203.999 Thread 0x000001af56f8ecf0 flushing  nmethod 0x000001af5d7ad510
Event: 203.999 Thread 0x000001af56f8ecf0 flushing  nmethod 0x000001af5dc53510
Event: 203.999 Thread 0x000001af56f8ecf0 flushing  nmethod 0x000001af5c423b90
Event: 203.999 Thread 0x000001af56f8ecf0 flushing  nmethod 0x000001af5fc2e190
Event: 203.999 Thread 0x000001af56f8ecf0 flushing  nmethod 0x000001af5cf63610
Event: 203.999 Thread 0x000001af56f8ecf0 flushing  nmethod 0x000001af5d831a90
Event: 203.999 Thread 0x000001af56f8ecf0 flushing  nmethod 0x000001af63475090
Event: 203.999 Thread 0x000001af56f8ecf0 flushing  nmethod 0x000001af5f4cbd10
Event: 203.999 Thread 0x000001af56f8ecf0 flushing  nmethod 0x000001af5c651910
Event: 203.999 Thread 0x000001af56f8ecf0 flushing  nmethod 0x000001af5b357190
Event: 203.999 Thread 0x000001af56f8ecf0 flushing  nmethod 0x000001af64edf410
Event: 203.999 Thread 0x000001af56f8ecf0 flushing  nmethod 0x000001af5de61d10
Event: 203.999 Thread 0x000001af56f8ecf0 flushing  nmethod 0x000001af5fead810
Event: 203.999 Thread 0x000001af56f8ecf0 flushing  nmethod 0x000001af5ce71c10
Event: 203.999 Thread 0x000001af56f8ecf0 flushing  nmethod 0x000001af5f257310
Event: 203.999 Thread 0x000001af56f8ecf0 flushing  nmethod 0x000001af641dee10
Event: 203.999 Thread 0x000001af56f8ecf0 flushing  nmethod 0x000001af5fce1310
Event: 203.999 Thread 0x000001af56f8ecf0 flushing  nmethod 0x000001af5b409390
Event: 203.999 Thread 0x000001af56f8ecf0 flushing  nmethod 0x000001af5e648790
Event: 203.999 Thread 0x000001af56f8ecf0 flushing  nmethod 0x000001af6033ff10
Event: 203.999 Thread 0x000001af56f8ecf0 flushing  nmethod 0x000001af601cad10
Event: 203.999 Thread 0x000001af56f8ecf0 flushing  nmethod 0x000001af5bc2bd90
Event: 203.999 Thread 0x000001af56f8ecf0 flushing  nmethod 0x000001af5ff02c90
Event: 203.999 Thread 0x000001af56f8ecf0 flushing  nmethod 0x000001af6478a690
Event: 203.999 Thread 0x000001af56f8ecf0 flushing  nmethod 0x000001af5dd21a90
Event: 203.999 Thread 0x000001af56f8ecf0 flushing  nmethod 0x000001af5c28d310
Event: 203.999 Thread 0x000001af56f8ecf0 flushing  nmethod 0x000001af5bbd8c90
Event: 203.999 Thread 0x000001af56f8ecf0 flushing  nmethod 0x000001af5e543f90
Event: 203.999 Thread 0x000001af56f8ecf0 flushing  nmethod 0x000001af5bc7ef90
Event: 203.999 Thread 0x000001af56f8ecf0 flushing  nmethod 0x000001af5fab6c90
Event: 203.999 Thread 0x000001af56f8ecf0 flushing  nmethod 0x000001af5c090290
Event: 203.999 Thread 0x000001af56f8ecf0 flushing  nmethod 0x000001af5fd0d790
Event: 203.999 Thread 0x000001af56f8ecf0 flushing  nmethod 0x000001af5de4fa90
Event: 203.999 Thread 0x000001af56f8ecf0 flushing  nmethod 0x000001af64a53290
Event: 203.999 Thread 0x000001af56f8ecf0 flushing  nmethod 0x000001af5edeb010
Event: 203.999 Thread 0x000001af56f8ecf0 flushing  nmethod 0x000001af5dc1dd10
Event: 203.999 Thread 0x000001af56f8ecf0 flushing osr nmethod 0x000001af65866a10
Event: 203.999 Thread 0x000001af56f8ecf0 flushing  nmethod 0x000001af5bcfb210
Event: 203.999 Thread 0x000001af56f8ecf0 flushing  nmethod 0x000001af5fd59f90
Event: 203.999 Thread 0x000001af56f8ecf0 flushing  nmethod 0x000001af5b30ab90
Event: 203.999 Thread 0x000001af56f8ecf0 flushing osr nmethod 0x000001af5dd94110
Event: 203.999 Thread 0x000001af56f8ecf0 flushing osr nmethod 0x000001af5b67f790
Event: 203.999 Thread 0x000001af56f8ecf0 flushing  nmethod 0x000001af5b907910
Event: 203.999 Thread 0x000001af56f8ecf0 flushing osr nmethod 0x000001af5b806e10
Event: 203.999 Thread 0x000001af56f8ecf0 flushing  nmethod 0x000001af5eb4c510
Event: 203.999 Thread 0x000001af56f8ecf0 flushing  nmethod 0x000001af5c4c8790

Events (250 events):
Event: 47.217 Thread 0x000001af56e73600 Thread added: 0x000001af0caf2960
Event: 47.217 Thread 0x000001af56e73600 Thread added: 0x000001af0caf6470
Event: 47.306 Thread 0x000001b3747cb560 Thread added: 0x000001af0caf8540
Event: 47.312 Thread 0x000001b3747cb560 Thread added: 0x000001af0caf6b00
Event: 47.313 Thread 0x000001b3747cb560 Thread added: 0x000001af0caf7190
Event: 47.313 Thread 0x000001b3747cb560 Thread added: 0x000001af0caf7820
Event: 47.313 Thread 0x000001b3747cb560 Thread added: 0x000001af0caf7eb0
Event: 47.314 Thread 0x000001b3747cb560 Thread added: 0x000001af0caf50c0
Event: 47.314 Thread 0x000001b3747cb560 Thread added: 0x000001af0caf9260
Event: 47.314 Thread 0x000001b3747cb560 Thread added: 0x000001af0caf98f0
Event: 47.324 Thread 0x000001b39a374260 Thread added: 0x000001af0caf9f80
Event: 47.326 Thread 0x000001b39a371470 Thread added: 0x000001af0cafa610
Event: 47.330 Thread 0x000001b39a3700c0 Thread added: 0x000001af0cafc050
Event: 48.354 Thread 0x000001af0caeee50 Thread added: 0x000001af0cafb330
Event: 49.404 Thread 0x000001af56e73600 Thread added: 0x000001af0cafcd70
Event: 49.405 Thread 0x000001af56e73600 Thread added: 0x000001af0caffb60
Event: 50.487 Thread 0x000001af0caffb60 Thread added: 0x000001af0cafe7b0
Event: 50.488 Thread 0x000001af0cafe7b0 Thread exited: 0x000001af0cafe7b0
Event: 50.489 Thread 0x000001af0caffb60 Thread added: 0x000001af0cafd400
Event: 50.489 Thread 0x000001af0cafd400 Thread exited: 0x000001af0cafd400
Event: 50.490 Thread 0x000001af0caffb60 Thread added: 0x000001af0cafe7b0
Event: 51.449 Thread 0x000001af0cafcd70 Thread exited: 0x000001af0cafcd70
Event: 54.540 Thread 0x000001b39a374260 Thread added: 0x000001af0cb02fe0
Event: 55.641 Thread 0x000001af0bd2fa10 Thread exited: 0x000001af0bd2fa10
Event: 56.708 Thread 0x000001b39a36b200 Thread added: 0x000001af0cb03670
Event: 59.312 Thread 0x000001b39a36b200 Thread added: 0x000001b3a6407ef0
Event: 60.207 Thread 0x000001af30c78840 Thread exited: 0x000001af30c78840
Event: 60.207 Thread 0x000001af30c7dd90 Thread exited: 0x000001af30c7dd90
Event: 60.207 Thread 0x000001af30c7c9e0 Thread exited: 0x000001af30c7c9e0
Event: 61.414 Thread 0x000001b39a36fa30 Thread added: 0x000001b3a6405e20
Event: 62.754 Thread 0x000001af0caf9260 Thread added: 0x000001af0cafc6e0
Event: 64.086 Thread 0x000001b39a370de0 Thread added: 0x000001b39a36dff0
Event: 64.189 Thread 0x000001b3d9b8a790 Thread exited: 0x000001b3d9b8a790
Event: 64.241 Thread 0x000001b3d9b84830 Thread exited: 0x000001b3d9b84830
Event: 64.372 Thread 0x000001af57411550 Thread added: 0x000001b3e5e09140
Event: 64.381 Thread 0x000001af57411550 Thread added: 0x000001b3e5e09810
Event: 65.042 Thread 0x000001b374227120 Thread added: 0x000001af30c78840
Event: 65.753 Thread 0x000001b3e5e09810 Thread exited: 0x000001b3e5e09810
Event: 66.154 Thread 0x000001b3e5e09140 Thread exited: 0x000001b3e5e09140
Event: 66.349 Thread 0x000001af35f40420 Thread exited: 0x000001af35f40420
Event: 66.592 Thread 0x000001af08f55730 Thread exited: 0x000001af08f55730
Event: 66.642 Thread 0x000001af1f2dc320 Thread exited: 0x000001af1f2dc320
Event: 66.818 Thread 0x000001b39a36d960 Thread added: 0x000001af30c7c9e0
Event: 67.235 Thread 0x000001b3c4df8ee0 Thread exited: 0x000001b3c4df8ee0
Event: 67.249 Thread 0x000001b3c4df8810 Thread exited: 0x000001b3c4df8810
Event: 67.347 Thread 0x000001af0501a8e0 Thread added: 0x000001b3e5e0c0f0
Event: 68.723 Thread 0x000001b3e5e0c0f0 Thread added: 0x000001b3e5e0ce90
Event: 68.854 Thread 0x000001b3a640cdb0 Thread added: 0x000001b3747cc910
Event: 69.949 Thread 0x000001b3e5e0ce90 Thread exited: 0x000001b3e5e0ce90
Event: 69.996 Thread 0x000001b3e5e0c0f0 Thread exited: 0x000001b3e5e0c0f0
Event: 70.890 Thread 0x000001af0501a8e0 Thread added: 0x000001b3e5e0c0f0
Event: 70.890 Thread 0x000001af0501a8e0 Thread added: 0x000001b3e5e09140
Event: 70.890 Thread 0x000001af0501a8e0 Thread added: 0x000001b3e5e0ce90
Event: 70.890 Thread 0x000001af0501a8e0 Thread added: 0x000001b3e5e0d560
Event: 71.107 Thread 0x000001b3e5e0d560 Thread exited: 0x000001b3e5e0d560
Event: 71.185 Thread 0x000001b3e5e0ce90 Thread exited: 0x000001b3e5e0ce90
Event: 71.248 Thread 0x000001b3e5e09140 Thread exited: 0x000001b3e5e09140
Event: 71.834 Thread 0x000001b3e5e0c0f0 Thread exited: 0x000001b3e5e0c0f0
Event: 72.103 Thread 0x000001af0501a8e0 Thread added: 0x000001b3e5e09140
Event: 72.103 Thread 0x000001af05025b10 Thread added: 0x000001b3e5e0ce90
Event: 72.499 Thread 0x000001af0caf7190 Thread added: 0x000001b376175b00
Event: 72.814 Thread 0x000001b3e5e0ce90 Thread exited: 0x000001b3e5e0ce90
Event: 74.561 Thread 0x000001b39a36ed10 Thread added: 0x000001af30c7dd90
Event: 74.967 Thread 0x000001af57411550 Thread added: 0x000001b3e5e0d560
Event: 74.967 Thread 0x000001af57411550 Thread added: 0x000001b3d9b877e0
Event: 74.975 Thread 0x000001af57411550 Thread added: 0x000001b3d9b84160
Event: 74.979 Thread 0x000001af05025b10 Thread added: 0x000001b3d9b87eb0
Event: 74.979 Thread 0x000001af0501a8e0 Thread added: 0x000001b3d9b84830
Event: 74.980 Thread 0x000001af05025b10 Thread added: 0x000001b3d9b88580
Event: 75.049 Thread 0x000001b3742228f0 Thread added: 0x000001b39a372190
Event: 76.352 Thread 0x000001b3d9b88580 Thread exited: 0x000001b3d9b88580
Event: 76.699 Thread 0x000001af05ae62e0 Thread exited: 0x000001af05ae62e0
Event: 76.700 Thread 0x000001af05ae8a40 Thread exited: 0x000001af05ae8a40
Event: 76.758 Thread 0x000001af05ae7d20 Thread exited: 0x000001af05ae7d20
Event: 76.851 Thread 0x000001af05ae5c50 Thread exited: 0x000001af05ae5c50
Event: 77.070 Thread 0x000001b3d9b84830 Thread exited: 0x000001b3d9b84830
Event: 77.198 Thread 0x000001b3d9b87eb0 Thread exited: 0x000001b3d9b87eb0
Event: 77.209 Thread 0x000001b3d9b84160 Thread exited: 0x000001b3d9b84160
Event: 77.209 Thread 0x000001b3d9b877e0 Thread exited: 0x000001b3d9b877e0
Event: 77.244 Thread 0x000001b3e5e0d560 Thread exited: 0x000001b3e5e0d560
Event: 77.912 Thread 0x000001b3e5e09140 Thread exited: 0x000001b3e5e09140
Event: 78.278 Thread 0x000001af57410c50 Thread added: 0x000001b3d9b877e0
Event: 78.398 Thread 0x000001af34694790 Thread exited: 0x000001af34694790
Event: 78.399 Thread 0x000001af0501a8e0 Thread added: 0x000001b3d9b899f0
Event: 78.662 Thread 0x000001b3d9b877e0 Thread added: 0x000001b3d9b8a790
Event: 78.916 Thread 0x000001af34697c10 Thread exited: 0x000001af34697c10
Event: 79.348 Thread 0x000001b3d9b8a790 Thread exited: 0x000001b3d9b8a790
Event: 79.349 Thread 0x000001b3d9b899f0 Thread exited: 0x000001b3d9b899f0
Event: 79.699 Thread 0x000001b3d9b877e0 Thread exited: 0x000001b3d9b877e0
Event: 80.141 Thread 0x000001af57410c50 Thread added: 0x000001b3d9b877e0
Event: 80.787 Thread 0x000001b3d9b877e0 Thread exited: 0x000001b3d9b877e0
Event: 81.179 Thread 0x000001af05c06a60 Thread added: 0x000001b3d9b877e0
Event: 81.564 Thread 0x000001af0501a8e0 Thread added: 0x000001b3d9b84830
Event: 82.442 Thread 0x000001b3d9b84830 Thread exited: 0x000001b3d9b84830
Event: 82.486 Thread 0x000001b3d9b877e0 Thread exited: 0x000001b3d9b877e0
Event: 82.530 Thread 0x000001af57410c50 Thread added: 0x000001b3d9b877e0
Event: 82.557 Thread 0x000001af089f17c0 Thread exited: 0x000001af089f17c0
Event: 83.436 Thread 0x000001b3d9b877e0 Thread exited: 0x000001b3d9b877e0
Event: 83.556 Thread 0x000001af57411550 Thread added: 0x000001b3d9b8a790
Event: 84.033 Thread 0x000001b3d9b8a790 Thread exited: 0x000001b3d9b8a790
Event: 84.385 Thread 0x000001af0501a8e0 Thread added: 0x000001b3d9b84830
Event: 84.385 Thread 0x000001af0501a8e0 Thread added: 0x000001b3d9b89320
Event: 84.387 Thread 0x000001af57410c50 Thread added: 0x000001b3d9b899f0
Event: 84.387 Thread 0x000001af57410c50 Thread added: 0x000001b3d9b8ae60
Event: 85.170 Thread 0x000001b3d9b8ae60 Thread exited: 0x000001b3d9b8ae60
Event: 85.170 Thread 0x000001b3d9b89320 Thread exited: 0x000001b3d9b89320
Event: 85.170 Thread 0x000001b3d9b899f0 Thread exited: 0x000001b3d9b899f0
Event: 85.508 Thread 0x000001af0501a8e0 Thread added: 0x000001b3d9b899f0
Event: 85.509 Thread 0x000001af57411550 Thread added: 0x000001b3d9b8a790
Event: 85.509 Thread 0x000001af57411550 Thread added: 0x000001b3d9b8ae60
Event: 85.509 Thread 0x000001af57411550 Thread added: 0x000001b3d9b8b530
Event: 85.626 Thread 0x000001b3d9b8b530 Thread exited: 0x000001b3d9b8b530
Event: 85.689 Thread 0x000001b3d9b8ae60 Thread exited: 0x000001b3d9b8ae60
Event: 85.793 Thread 0x000001b3d9b8a790 Thread exited: 0x000001b3d9b8a790
Event: 85.793 Thread 0x000001b3d9b899f0 Thread exited: 0x000001b3d9b899f0
Event: 85.956 Thread 0x000001b3d9b84830 Thread exited: 0x000001b3d9b84830
Event: 86.302 Thread 0x000001af22146550 Thread exited: 0x000001af22146550
Event: 86.635 Thread 0x000001af0501a8e0 Thread added: 0x000001af1f2dde60
Event: 86.635 Thread 0x000001af0501a8e0 Thread added: 0x000001af1f2dec00
Event: 86.882 Thread 0x000001af05c06a60 Thread added: 0x000001af1f2df9a0
Event: 88.607 Thread 0x000001af1f2dec00 Thread exited: 0x000001af1f2dec00
Event: 88.607 Thread 0x000001af1f2df9a0 Thread exited: 0x000001af1f2df9a0
Event: 89.112 Thread 0x000001af57411550 Thread added: 0x000001af1f2df9a0
Event: 90.552 Thread 0x000001af1f2df9a0 Thread exited: 0x000001af1f2df9a0
Event: 91.728 Thread 0x000001af1f2dde60 Thread exited: 0x000001af1f2dde60
Event: 92.093 Thread 0x000001af57410c50 Thread added: 0x000001af1f2dec00
Event: 92.094 Thread 0x000001af57410c50 Thread added: 0x000001af1f2e14e0
Event: 92.124 Thread 0x000001af0501a8e0 Thread added: 0x000001b3e5e09140
Event: 92.133 Thread 0x000001af05c06a60 Thread added: 0x000001b3e5e0ac80
Event: 92.223 Thread 0x000001b39a3676f0 Thread added: 0x000001af0cb00f10
Event: 92.223 Thread 0x000001b37421bff0 Thread added: 0x000001af0cb015a0
Event: 92.226 Thread 0x000001af0cb00f10 Thread added: 0x000001af0cb050b0
Event: 92.231 Thread 0x000001af30c7b630 Thread added: 0x000001af0cb05740
Event: 92.235 Thread 0x000001af0cb05740 Thread added: 0x000001af0cb022c0
Event: 92.237 Thread 0x000001af0cb00f10 Thread added: 0x000001af0cb02950
Event: 92.238 Thread 0x000001b37421bff0 Thread added: 0x000001af0cb07180
Event: 92.240 Thread 0x000001af0cb02950 Thread added: 0x000001af0cb06460
Event: 92.242 Thread 0x000001b37421bff0 Thread added: 0x000001b37421a5b0
Event: 92.242 Thread 0x000001b37421bff0 Thread added: 0x000001b37421ac40
Event: 92.243 Thread 0x000001af0cb06460 Thread added: 0x000001b37421ede0
Event: 92.243 Thread 0x000001b37421bff0 Thread added: 0x000001b37421cd10
Event: 92.558 Thread 0x000001b3e5e0ac80 Thread exited: 0x000001b3e5e0ac80
Event: 92.558 Thread 0x000001af1f2e14e0 Thread exited: 0x000001af1f2e14e0
Event: 92.558 Thread 0x000001af1f2dec00 Thread exited: 0x000001af1f2dec00
Event: 92.558 Thread 0x000001b3e5e09140 Thread exited: 0x000001b3e5e09140
Event: 94.698 Thread 0x000001af57410c50 Thread added: 0x000001b3e5e0ac80
Event: 95.110 Thread 0x000001b3e5e0ac80 Thread added: 0x000001b3e5e09ee0
Event: 96.014 Thread 0x000001b3e5e09ee0 Thread exited: 0x000001b3e5e09ee0
Event: 96.014 Thread 0x000001b3e5e0ac80 Thread exited: 0x000001b3e5e0ac80
Event: 96.376 Thread 0x000001af57410c50 Thread added: 0x000001b3e5e09ee0
Event: 96.491 Thread 0x000001af57411550 Thread added: 0x000001b3e5e0dc30
Event: 96.777 Thread 0x000001b3e5e09ee0 Thread added: 0x000001b3e5e0ac80
Event: 97.505 Thread 0x000001b3e5e0ac80 Thread exited: 0x000001b3e5e0ac80
Event: 97.509 Thread 0x000001b3e5e0dc30 Thread exited: 0x000001b3e5e0dc30
Event: 97.553 Thread 0x000001af30c77490 Thread exited: 0x000001af30c77490
Event: 97.665 Thread 0x000001b3e5e09ee0 Thread exited: 0x000001b3e5e09ee0
Event: 97.828 Thread 0x000001af05c06a60 Thread added: 0x000001b3e5e09140
Event: 97.847 Thread 0x000001af57410c50 Thread added: 0x000001b3e5e09ee0
Event: 97.847 Thread 0x000001af57410c50 Thread added: 0x000001b3e5e0ac80
Event: 97.852 Thread 0x000001af57410c50 Thread added: 0x000001b3e5e0dc30
Event: 99.031 Thread 0x000001b3e5e0dc30 Thread exited: 0x000001b3e5e0dc30
Event: 99.036 Thread 0x000001b3e5e0ac80 Thread exited: 0x000001b3e5e0ac80
Event: 99.049 Thread 0x000001b3e5e09ee0 Thread exited: 0x000001b3e5e09ee0
Event: 99.049 Thread 0x000001b3e5e09140 Thread exited: 0x000001b3e5e09140
Event: 99.904 Thread 0x000001af05025b10 Thread added: 0x000001b3ddc71050
Event: 100.052 Thread 0x000001b3ddc71050 Thread exited: 0x000001b3ddc71050
Event: 100.691 Thread 0x000001af05c06a60 Thread exited: 0x000001af05c06a60
Event: 101.700 Thread 0x000001af05025b10 Thread exited: 0x000001af05025b10
Event: 101.701 Thread 0x000001af0501a8e0 Thread exited: 0x000001af0501a8e0
Event: 101.767 Thread 0x000001af57410c50 Thread added: 0x000001b3ddc70980
Event: 102.327 Thread 0x000001b3ddc70980 Thread exited: 0x000001b3ddc70980
Event: 103.189 Thread 0x000001af57411550 Thread added: 0x000001b3ddc71050
Event: 105.639 Thread 0x000001b3ddc71050 Thread exited: 0x000001b3ddc71050
Event: 107.276 Thread 0x000001af2213fc50 Thread exited: 0x000001af2213fc50
Event: 112.746 Thread 0x000001af57411550 Thread added: 0x000001b3ddc6fbe0
Event: 112.959 Thread 0x000001b3ddc6fbe0 Thread exited: 0x000001b3ddc6fbe0
Event: 113.136 Thread 0x000001af57410c50 Thread added: 0x000001b3ddc70980
Event: 113.136 Thread 0x000001af57410c50 Thread added: 0x000001b3ddc6fbe0
Event: 113.590 Thread 0x000001b3ddc6fbe0 Thread exited: 0x000001b3ddc6fbe0
Event: 114.288 Thread 0x000001b3ddc70980 Thread exited: 0x000001b3ddc70980
Event: 115.459 Thread 0x000001af57411550 Thread added: 0x000001b3ddc6e770
Event: 116.273 Thread 0x000001b3ddc6e770 Thread exited: 0x000001b3ddc6e770
Event: 116.638 Thread 0x000001af57410c50 Thread added: 0x000001b3ddc70980
Event: 116.754 Thread 0x000001b3ddc70980 Thread exited: 0x000001b3ddc70980
Event: 116.886 Thread 0x000001af57411550 Thread added: 0x000001b3ddc71050
Event: 116.886 Thread 0x000001af57411550 Thread added: 0x000001b3ddc6e770
Event: 117.251 Thread 0x000001b3ddc6e770 Thread added: 0x000001b3ddc6fbe0
Event: 117.889 Thread 0x000001b3ddc6fbe0 Thread exited: 0x000001b3ddc6fbe0
Event: 118.186 Thread 0x000001b3ddc6e770 Thread exited: 0x000001b3ddc6e770
Event: 118.775 Thread 0x000001b3ddc71050 Thread exited: 0x000001b3ddc71050
Event: 132.217 Thread 0x000001af57410c50 Thread added: 0x000001b3ddc6fbe0
Event: 132.306 Thread 0x000001af57411550 Thread added: 0x000001b3ddc6e770
Event: 132.664 Thread 0x000001b3ddc6e770 Thread exited: 0x000001b3ddc6e770
Event: 132.664 Thread 0x000001b3ddc6fbe0 Thread exited: 0x000001b3ddc6fbe0
Event: 136.692 Thread 0x000001af57411550 Thread added: 0x000001b3ddc71df0
Event: 136.692 Thread 0x000001af57411550 Thread added: 0x000001b3ddc6e770
Event: 136.692 Thread 0x000001af57411550 Thread added: 0x000001b3ddc6f510
Event: 136.692 Thread 0x000001af57411550 Thread added: 0x000001b3ddc6fbe0
Event: 137.037 Thread 0x000001b3ddc6fbe0 Thread exited: 0x000001b3ddc6fbe0
Event: 137.037 Thread 0x000001b3ddc6f510 Thread exited: 0x000001b3ddc6f510
Event: 137.664 Thread 0x000001b3ddc6e770 Thread exited: 0x000001b3ddc6e770
Event: 137.664 Thread 0x000001b3ddc71df0 Thread exited: 0x000001b3ddc71df0
Event: 137.711 Thread 0x000001af57410c50 Thread added: 0x000001b3ddc71df0
Event: 137.712 Thread 0x000001af57410c50 Thread added: 0x000001b3ddc6fbe0
Event: 137.712 Thread 0x000001af57410c50 Thread added: 0x000001b3ddc6e770
Event: 137.712 Thread 0x000001af57410c50 Thread added: 0x000001b3ddc6f510
Event: 138.705 Thread 0x000001b3ddc6f510 Thread exited: 0x000001b3ddc6f510
Event: 138.705 Thread 0x000001b3ddc6e770 Thread exited: 0x000001b3ddc6e770
Event: 138.705 Thread 0x000001b3ddc6fbe0 Thread exited: 0x000001b3ddc6fbe0
Event: 138.732 Thread 0x000001b3ddc71df0 Thread exited: 0x000001b3ddc71df0
Event: 144.329 Thread 0x000001af57411550 Thread added: 0x000001b3ddc71df0
Event: 144.994 Thread 0x000001b3ddc71df0 Thread exited: 0x000001b3ddc71df0
Event: 146.302 Thread 0x000001af0bd2b1e0 Thread exited: 0x000001af0bd2b1e0
Event: 152.255 Thread 0x000001af0cb06460 Thread exited: 0x000001af0cb06460
Event: 152.262 Thread 0x000001af0cb05740 Thread exited: 0x000001af0cb05740
Event: 152.264 Thread 0x000001af0cb022c0 Thread exited: 0x000001af0cb022c0
Event: 152.275 Thread 0x000001b37421ede0 Thread exited: 0x000001b37421ede0
Event: 152.282 Thread 0x000001af0cb00f10 Thread exited: 0x000001af0cb00f10
Event: 152.282 Thread 0x000001af0caeb9d0 Thread exited: 0x000001af0caeb9d0
Event: 152.283 Thread 0x000001af0cb07180 Thread exited: 0x000001af0cb07180
Event: 152.296 Thread 0x000001af0cb02950 Thread exited: 0x000001af0cb02950
Event: 152.304 Thread 0x000001af30c7b630 Thread exited: 0x000001af30c7b630
Event: 154.437 Thread 0x000001af57410c50 Thread added: 0x000001b3ddc70980
Event: 154.437 Thread 0x000001af57410c50 Thread added: 0x000001b3ddc71050
Event: 154.708 Thread 0x000001b3ddc70980 Thread exited: 0x000001b3ddc70980
Event: 154.708 Thread 0x000001b3ddc71050 Thread exited: 0x000001b3ddc71050
Event: 155.335 Thread 0x000001af221430d0 Thread exited: 0x000001af221430d0
Event: 157.553 Thread 0x000001af089f45b0 Thread exited: 0x000001af089f45b0
Event: 159.714 Thread 0x000001af0ac36c80 Thread exited: 0x000001af0ac36c80
Event: 159.934 Thread 0x000001af0cb015a0 Thread exited: 0x000001af0cb015a0
Event: 159.934 Thread 0x000001b39a3676f0 Thread exited: 0x000001b39a3676f0
Event: 159.943 Thread 0x000001b37421cd10 Thread exited: 0x000001b37421cd10
Event: 159.978 Thread 0x000001b374227120 Thread exited: 0x000001b374227120
Event: 162.130 Thread 0x000001af57410c50 Thread added: 0x000001b3d9b84160
Event: 162.471 Thread 0x000001b3d9b84160 Thread exited: 0x000001b3d9b84160
Event: 169.440 Thread 0x000001af0cb050b0 Thread exited: 0x000001af0cb050b0
Event: 176.519 Thread 0x000001af57411550 Thread added: 0x000001b3d9b84160
Event: 177.104 Thread 0x000001b3d9b84160 Thread exited: 0x000001b3d9b84160
Event: 177.242 Thread 0x000001af0bd2dfd0 Thread exited: 0x000001af0bd2dfd0
Event: 183.436 Thread 0x000001af57410c50 Thread added: 0x000001b3d9b84830
Event: 183.436 Thread 0x000001af57410c50 Thread added: 0x000001b3d9b84160
Event: 183.699 Thread 0x000001b3d9b84160 Thread exited: 0x000001b3d9b84160
Event: 183.948 Thread 0x000001b3d9b84830 Thread exited: 0x000001b3d9b84830
Event: 190.859 Thread 0x000001af57410c50 Thread added: 0x000001b3d9b84160
Event: 191.294 Thread 0x000001b3d9b84160 Thread exited: 0x000001b3d9b84160
Event: 200.558 Thread 0x000001af57410c50 Thread added: 0x000001b3d9b85ca0
Event: 200.558 Thread 0x000001af57410c50 Thread added: 0x000001b3d9b84830
Event: 201.627 Thread 0x000001b3d9b84830 Thread exited: 0x000001b3d9b84830
Event: 201.629 Thread 0x000001b3d9b85ca0 Thread exited: 0x000001b3d9b85ca0
Event: 206.302 Thread 0x000001af0bd2b870 Thread exited: 0x000001af0bd2b870


Dynamic libraries:
0x00007ff68e650000 - 0x00007ff68e65e000 	C:\Users\justi\AppData\Roaming\PrismLauncher\java\java-runtime-delta\bin\javaw.exe
0x00007ff859da0000 - 0x00007ff85a007000 	C:\WINDOWS\SYSTEM32\ntdll.dll
0x00007ff858730000 - 0x00007ff8587f9000 	C:\WINDOWS\System32\KERNEL32.DLL
0x00007ff856880000 - 0x00007ff856c74000 	C:\WINDOWS\System32\KERNELBASE.dll
0x00007ff856670000 - 0x00007ff8567bb000 	C:\WINDOWS\System32\ucrtbase.dll
0x00007ff830230000 - 0x00007ff830248000 	C:\Users\justi\AppData\Roaming\PrismLauncher\java\java-runtime-delta\bin\jli.dll
0x00007ff82eaf0000 - 0x00007ff82eb0d000 	C:\Users\justi\AppData\Roaming\PrismLauncher\java\java-runtime-delta\bin\VCRUNTIME140.dll
0x00007ff8588d0000 - 0x00007ff858a95000 	C:\WINDOWS\System32\USER32.dll
0x00007ff857150000 - 0x00007ff857177000 	C:\WINDOWS\System32\win32u.dll
0x00007ff858020000 - 0x00007ff85804b000 	C:\WINDOWS\System32\GDI32.dll
0x00007ff83e100000 - 0x00007ff83e393000 	C:\WINDOWS\WinSxS\amd64_microsoft.windows.common-controls_6595b64144ccf1df_6.0.26100.8115_none_3e075c82e3354f9c\COMCTL32.dll
0x00007ff856df0000 - 0x00007ff856f1b000 	C:\WINDOWS\System32\gdi32full.dll
0x00007ff857db0000 - 0x00007ff857e59000 	C:\WINDOWS\System32\msvcrt.dll
0x00007ff8570a0000 - 0x00007ff857143000 	C:\WINDOWS\System32\msvcp_win.dll
0x00007ff858aa0000 - 0x00007ff858ad2000 	C:\WINDOWS\System32\IMM32.DLL
0x00007ff83c5f0000 - 0x00007ff83c5fc000 	C:\Users\justi\AppData\Roaming\PrismLauncher\java\java-runtime-delta\bin\vcruntime140_1.dll
0x00007fffe4700000 - 0x00007fffe478d000 	C:\Users\justi\AppData\Roaming\PrismLauncher\java\java-runtime-delta\bin\msvcp140.dll
0x00007fff2a640000 - 0x00007fff2b3d8000 	C:\Users\justi\AppData\Roaming\PrismLauncher\java\java-runtime-delta\bin\server\jvm.dll
0x00007ff859180000 - 0x00007ff859236000 	C:\WINDOWS\System32\ADVAPI32.dll
0x00007ff857f70000 - 0x00007ff858017000 	C:\WINDOWS\System32\sechost.dll
0x00007ff858de0000 - 0x00007ff858ef8000 	C:\WINDOWS\System32\RPCRT4.dll
0x00007ff858050000 - 0x00007ff8580d0000 	C:\WINDOWS\System32\WS2_32.dll
0x00007ff855e80000 - 0x00007ff855ede000 	C:\WINDOWS\SYSTEM32\POWRPROF.dll
0x00007ff850520000 - 0x00007ff85052b000 	C:\WINDOWS\SYSTEM32\VERSION.dll
0x00007ff8495a0000 - 0x00007ff8495d6000 	C:\WINDOWS\SYSTEM32\WINMM.dll
0x00007ff855e30000 - 0x00007ff855e44000 	C:\WINDOWS\SYSTEM32\UMPDC.dll
0x00007ff8553e0000 - 0x00007ff8553fb000 	C:\WINDOWS\SYSTEM32\kernel.appcore.dll
0x00007ff83c2e0000 - 0x00007ff83c2ea000 	C:\Users\justi\AppData\Roaming\PrismLauncher\java\java-runtime-delta\bin\jimage.dll
0x00007ff853d20000 - 0x00007ff853f62000 	C:\WINDOWS\SYSTEM32\DBGHELP.DLL
0x00007ff859260000 - 0x00007ff8595e2000 	C:\WINDOWS\System32\combase.dll
0x00007ff858ae0000 - 0x00007ff858bb8000 	C:\WINDOWS\System32\OLEAUT32.dll
0x00007ff839350000 - 0x00007ff83938b000 	C:\WINDOWS\SYSTEM32\dbgcore.DLL
0x00007ff857a80000 - 0x00007ff857b25000 	C:\WINDOWS\System32\bcryptPrimitives.dll
0x00007ff82e4b0000 - 0x00007ff82e4d0000 	C:\Users\justi\AppData\Roaming\PrismLauncher\java\java-runtime-delta\bin\java.dll
0x00007ff82cce0000 - 0x00007ff82ccf8000 	C:\Users\justi\AppData\Roaming\PrismLauncher\java\java-runtime-delta\bin\zip.dll
0x00007ff8595f0000 - 0x00007ff859d57000 	C:\WINDOWS\System32\SHELL32.dll
0x00007ff856c80000 - 0x00007ff856dea000 	C:\WINDOWS\System32\wintypes.dll
0x00007ff857180000 - 0x00007ff8579e8000 	C:\WINDOWS\System32\windows.storage.dll
0x00007ff858c60000 - 0x00007ff858d58000 	C:\WINDOWS\System32\SHCORE.dll
0x00007ff857b30000 - 0x00007ff857b96000 	C:\WINDOWS\System32\shlwapi.dll
0x00007ff856590000 - 0x00007ff8565b9000 	C:\WINDOWS\SYSTEM32\profapi.dll
0x00007fff2a560000 - 0x00007fff2a636000 	C:\Users\justi\AppData\Roaming\PrismLauncher\java\java-runtime-delta\bin\jsvml.dll
0x00007ff83a8e0000 - 0x00007ff83a8f0000 	C:\Users\justi\AppData\Roaming\PrismLauncher\java\java-runtime-delta\bin\net.dll
0x00007ff84aca0000 - 0x00007ff84adcd000 	C:\WINDOWS\SYSTEM32\WINHTTP.dll
0x00007ff855970000 - 0x00007ff8559dc000 	C:\WINDOWS\system32\mswsock.dll
0x00007ff82ccc0000 - 0x00007ff82ccd6000 	C:\Users\justi\AppData\Roaming\PrismLauncher\java\java-runtime-delta\bin\nio.dll
0x00007ff855cc0000 - 0x00007ff855cdb000 	C:\WINDOWS\SYSTEM32\CRYPTSP.dll
0x00007ff855340000 - 0x00007ff855379000 	C:\WINDOWS\system32\rsaenh.dll
0x00007ff855a20000 - 0x00007ff855a53000 	C:\WINDOWS\SYSTEM32\USERENV.dll
0x00007ff856560000 - 0x00007ff85658a000 	C:\WINDOWS\SYSTEM32\bcrypt.dll
0x00007ff855ce0000 - 0x00007ff855cec000 	C:\WINDOWS\SYSTEM32\CRYPTBASE.dll
0x00007ff854db0000 - 0x00007ff854de2000 	C:\WINDOWS\SYSTEM32\IPHLPAPI.DLL
0x00007ff858f00000 - 0x00007ff858f0a000 	C:\WINDOWS\System32\NSI.dll
0x00007ff83a7a0000 - 0x00007ff83a7b0000 	C:\Users\justi\AppData\Roaming\PrismLauncher\java\java-runtime-delta\bin\verify.dll
0x00007ff83a430000 - 0x00007ff83a43a000 	C:\Users\justi\AppData\Roaming\PrismLauncher\java\java-runtime-delta\bin\management.dll
0x00007ff83a130000 - 0x00007ff83a13b000 	C:\Users\justi\AppData\Roaming\PrismLauncher\java\java-runtime-delta\bin\management_ext.dll
0x00007ff858f10000 - 0x00007ff858f18000 	C:\WINDOWS\System32\PSAPI.DLL
0x00007ff83b580000 - 0x00007ff83b598000 	C:\WINDOWS\system32\napinsp.dll
0x00007ff854e40000 - 0x00007ff854f72000 	C:\WINDOWS\SYSTEM32\DNSAPI.dll
0x00007ff83b560000 - 0x00007ff83b573000 	C:\WINDOWS\System32\winrnr.dll
0x00007ff83b530000 - 0x00007ff83b552000 	C:\WINDOWS\system32\nlansp_c.dll
0x00007ff83b510000 - 0x00007ff83b526000 	C:\WINDOWS\system32\wshbth.dll
0x00007ff84a950000 - 0x00007ff84a9d6000 	C:\WINDOWS\System32\fwpuclnt.dll
0x00007ff849590000 - 0x00007ff84959b000 	C:\Windows\System32\rasadhlp.dll
0x00007ff81d3e0000 - 0x00007ff81d45b000 	C:\Users\justi\AppData\Local\Temp\lwjgl_justi\3.3.3+5\x64\lwjgl.dll
0x00007fffd3710000 - 0x00007fffd3792000 	C:\Users\justi\AppData\Local\Temp\lwjgl_justi\3.3.3+5\x64\glfw.dll
0x00007ff82c280000 - 0x00007ff82c2cb000 	C:\WINDOWS\SYSTEM32\dinput8.dll
0x00007ff83b310000 - 0x00007ff83b32e000 	C:\WINDOWS\SYSTEM32\xinput1_4.dll
0x00007ff8562d0000 - 0x00007ff8562fd000 	C:\WINDOWS\SYSTEM32\DEVOBJ.dll
0x00007ff856320000 - 0x00007ff856371000 	C:\WINDOWS\SYSTEM32\cfgmgr32.dll
0x00007ff8543e0000 - 0x00007ff85440f000 	C:\WINDOWS\SYSTEM32\dwmapi.dll
0x00007ff836730000 - 0x00007ff836913000 	C:\WINDOWS\SYSTEM32\inputhost.dll
0x00007ff853750000 - 0x00007ff853877000 	C:\WINDOWS\SYSTEM32\CoreMessaging.dll
0x00007ff854140000 - 0x00007ff8541e9000 	C:\WINDOWS\system32\uxtheme.dll
0x00007ff8580e0000 - 0x00007ff85823c000 	C:\WINDOWS\System32\MSCTF.dll
0x00007fffc08a0000 - 0x00007fffc09af000 	C:\WINDOWS\SYSTEM32\opengl32.dll
0x00007fffc07d0000 - 0x00007fffc07fd000 	C:\WINDOWS\SYSTEM32\GLU32.dll
0x00007ff854220000 - 0x00007ff854263000 	C:\WINDOWS\SYSTEM32\dxcore.dll
0x00007ff83b090000 - 0x00007ff83b0ad000 	C:\WINDOWS\SYSTEM32\windows.staterepositorycore.dll
0x00007fff50220000 - 0x00007fff52b45000 	C:\WINDOWS\System32\DriverStore\FileRepository\nv_dispig.inf_amd64_f4c7a2fd13e0f763\nvoglv64.dll
0x00007ff8582a0000 - 0x00007ff858727000 	C:\WINDOWS\System32\SETUPAPI.dll
0x00007ff858f20000 - 0x00007ff8590b7000 	C:\WINDOWS\System32\ole32.dll
0x00007ff853bf0000 - 0x00007ff853c19000 	C:\WINDOWS\SYSTEM32\WTSAPI32.dll
0x00007ff856f20000 - 0x00007ff857097000 	C:\WINDOWS\System32\CRYPT32.dll
0x00007ff8556a0000 - 0x00007ff8556e9000 	C:\WINDOWS\SYSTEM32\SspiCli.dll
0x00007ff855d30000 - 0x00007ff855d43000 	C:\WINDOWS\SYSTEM32\msasn1.dll
0x00007ff8502e0000 - 0x00007ff85031b000 	C:\WINDOWS\SYSTEM32\cryptnet.dll
0x00007ff855dc0000 - 0x00007ff855e28000 	C:\WINDOWS\SYSTEM32\wldp.dll
0x00007ff850060000 - 0x00007ff8501d8000 	C:\WINDOWS\SYSTEM32\drvstore.dll
0x00007ff8579f0000 - 0x00007ff857a72000 	C:\WINDOWS\System32\WINTRUST.dll
0x00007ff855520000 - 0x00007ff855556000 	C:\WINDOWS\SYSTEM32\ntmarta.dll
0x00007ff857ba0000 - 0x00007ff857bc0000 	C:\WINDOWS\System32\imagehlp.dll
0x00007ff84add0000 - 0x00007ff84facf000 	C:\WINDOWS\System32\DriverStore\FileRepository\nv_dispig.inf_amd64_f4c7a2fd13e0f763\nvgpucomp64.dll
0x00007ff855ab0000 - 0x00007ff855b12000 	C:\WINDOWS\SYSTEM32\WINSTA.dll
0x00007fff2a2f0000 - 0x00007fff2a560000 	C:\Users\justi\AppData\Local\Temp\lwjgl_justi\3.3.3+5\x64\jemalloc.dll
0x00007fff8a580000 - 0x00007fff8a602000 	C:\Users\justi\AppData\Local\Temp\lwjgl_justi\3.3.3+5\x64\lwjgl_stb.dll
0x00007ff83fa50000 - 0x00007ff83fb0f000 	C:\WINDOWS\SYSTEM32\mscms.dll
0x00007ff814ce0000 - 0x00007ff814d29000 	C:\WINDOWS\SYSTEM32\icm32.dll
0x00007ff834e70000 - 0x00007ff834fb8000 	C:\WINDOWS\SYSTEM32\textinputframework.dll
0x00007ff850c00000 - 0x00007ff850ee2000 	C:\WINDOWS\SYSTEM32\CoreUIComponents.dll
0x00007ff8590c0000 - 0x00007ff85916e000 	C:\WINDOWS\System32\clbcatq.dll
0x00007ff80ab90000 - 0x00007ff80abee000 	C:\Users\justi\AppData\Local\Temp\lwjgl_justi\3.3.3+5\x64\lwjgl_opengl.dll
0x00007ff842d20000 - 0x00007ff842d76000 	C:\WINDOWS\SYSTEM32\pdh.dll
0x00007ff83aa60000 - 0x00007ff83aa72000 	C:\WINDOWS\System32\perfproc.dll
0x00007ff83aa40000 - 0x00007ff83aa51000 	C:\WINDOWS\System32\perfos.dll
0x00007ff851b10000 - 0x00007ff851b22000 	C:\WINDOWS\SYSTEM32\pfclient.dll
0x00007fff481d0000 - 0x00007fff48215000 	C:\Users\justi\AppData\Local\Temp\jna-101492989\jna1066304855360479310.dll
0x00007ff8327c0000 - 0x00007ff8327dd000 	C:\WINDOWS\SYSTEM32\amsi.dll
0x00007ff8321a0000 - 0x00007ff832242000 	C:\ProgramData\Microsoft\Windows Defender\Platform\4.18.26030.3011-0\MpOav.dll
0x00007ff82e370000 - 0x00007ff82e37e000 	C:\Users\justi\AppData\Roaming\PrismLauncher\java\java-runtime-delta\bin\sunmscapi.dll
0x00007ff855f90000 - 0x00007ff855fc0000 	C:\WINDOWS\SYSTEM32\ncrypt.dll
0x00007ff855f40000 - 0x00007ff855f7f000 	C:\WINDOWS\SYSTEM32\NTASN1.dll
0x00007ff82e170000 - 0x00007ff82e179000 	C:\Users\justi\AppData\Roaming\PrismLauncher\java\java-runtime-delta\bin\extnet.dll
0x00007fff29950000 - 0x00007fff29ade000 	C:\Users\justi\AppData\Roaming\PrismLauncher\java\java-runtime-delta\bin\awt.dll
0x00007ff853b30000 - 0x00007ff853bcf000 	C:\WINDOWS\SYSTEM32\apphelp.dll
0x00007fffe4d70000 - 0x00007fffe4d78000 	C:\WINDOWS\system32\wshunix.dll
0x00007fff29780000 - 0x00007fff29947000 	C:\Users\justi\AppData\Local\Temp\lwjgl_justi\3.3.3+5\x64\OpenAL.dll
0x00007ff843260000 - 0x00007ff8432f7000 	C:\WINDOWS\System32\MMDevApi.dll
0x00007fff28850000 - 0x00007fff29777000 	C:\Users\justi\AppData\Local\Temp\imgui-java-natives\1.88.0\imgui-java64.dll
0x00007ff82e1f0000 - 0x00007ff82e363000 	C:\WINDOWS\System32\Speech\Common\sapi.dll
0x00007fff287d0000 - 0x00007fff28847000 	C:\Users\justi\AppData\Local\Temp\libopus4j-9783d0e001158567d1e08f6bb3b2c5b5\libopus4j.dll
0x00007ff82a6d0000 - 0x00007ff82a6ec000 	C:\Users\justi\AppData\Local\Temp\librnnoise4j-40cc1fdd40ca1100a850ddee14466799\librnnoise4j.dll
0x00007ff826900000 - 0x00007ff82691f000 	C:\Users\justi\AppData\Local\Temp\libspeex4j-e39751f08962f3611e66c90baf107894\libspeex4j.dll
0x00007fff2a0b0000 - 0x00007fff2a103000 	C:\Users\justi\AppData\Local\Temp\liblame4j-290c3436fe9f7c2b8e165ddcb5ad66ce\liblame4j.dll
0x00007fff286a0000 - 0x00007fff287c1000 	C:\Users\justi\AppData\Local\Temp\libzstd-jni_dh-1.5.7-616034249750718835377.dll
0x00007fff285a0000 - 0x00007fff28699000 	C:\Users\justi\AppData\Local\Temp\sqlite-3.47.2.0-c4ccfd1c-6977-4531-9eca-0638f4f2ee7d-sqlitejdbc.dll
0x00007ff841620000 - 0x00007ff8417d2000 	C:\WINDOWS\SYSTEM32\AUDIOSES.DLL
0x00007ff854720000 - 0x00007ff854734000 	C:\WINDOWS\SYSTEM32\resourcepolicyclient.dll

dbghelp: loaded successfully - version: 4.0.5 - missing functions: none
symbol engine: initialized successfully - sym options: 0x614 - pdb path: .;C:\Users\justi\AppData\Roaming\PrismLauncher\java\java-runtime-delta\bin;C:\WINDOWS\SYSTEM32;C:\WINDOWS\WinSxS\amd64_microsoft.windows.common-controls_6595b64144ccf1df_6.0.26100.8115_none_3e075c82e3354f9c;C:\Users\justi\AppData\Roaming\PrismLauncher\java\java-runtime-delta\bin\server;C:\Users\justi\AppData\Local\Temp\lwjgl_justi\3.3.3+5\x64;C:\WINDOWS\System32\DriverStore\FileRepository\nv_dispig.inf_amd64_f4c7a2fd13e0f763;C:\Users\justi\AppData\Local\Temp\jna-101492989;C:\ProgramData\Microsoft\Windows Defender\Platform\4.18.26030.3011-0;C:\Users\justi\AppData\Local\Temp\imgui-java-natives\1.88.0;C:\WINDOWS\System32\Speech\Common;C:\Users\justi\AppData\Local\Temp\libopus4j-9783d0e001158567d1e08f6bb3b2c5b5;C:\Users\justi\AppData\Local\Temp\librnnoise4j-40cc1fdd40ca1100a850ddee14466799;C:\Users\justi\AppData\Local\Temp\libspeex4j-e39751f08962f3611e66c90baf107894;C:\Users\justi\AppData\Local\Temp\liblame4j-290c3436fe9f7c2b8e165ddcb5ad66ce;C:\Users\justi\AppData\Local\Temp

VM Arguments:
jvm_args: -XX:+UseZGC -XX:+ZGenerational -XX:HeapDumpPath=MojangTricksIntelDriversForPerformance_javaw.exe_minecraft.exe.heapdump -Xms16384m -Xmx16384m -Duser.language=en -Djava.library.path=C:/Users/justi/AppData/Roaming/PrismLauncher/instances/Optimized fps/natives 
java_command: org.prismlauncher.EntryPoint
java_class_path (initial): C:/Users/justi/AppData/Local/Programs/PrismLauncher/jars/NewLaunch.jar;C:/Users/justi/AppData/Roaming/PrismLauncher/libraries/org/lwjgl/lwjgl-freetype-natives-windows-arm64/3.3.3/lwjgl-freetype-natives-windows-arm64-3.3.3.jar;C:/Users/justi/AppData/Roaming/PrismLauncher/libraries/org/lwjgl/lwjgl-freetype-natives-windows-x86/3.3.3/lwjgl-freetype-natives-windows-x86-3.3.3.jar;C:/Users/justi/AppData/Roaming/PrismLauncher/libraries/org/lwjgl/lwjgl-freetype-natives-windows/3.3.3/lwjgl-freetype-natives-windows-3.3.3.jar;C:/Users/justi/AppData/Roaming/PrismLauncher/libraries/org/lwjgl/lwjgl-freetype/3.3.3/lwjgl-freetype-3.3.3.jar;C:/Users/justi/AppData/Roaming/PrismLauncher/libraries/org/lwjgl/lwjgl-glfw-natives-windows-arm64/3.3.3/lwjgl-glfw-natives-windows-arm64-3.3.3.jar;C:/Users/justi/AppData/Roaming/PrismLauncher/libraries/org/lwjgl/lwjgl-glfw-natives-windows-x86/3.3.3/lwjgl-glfw-natives-windows-x86-3.3.3.jar;C:/Users/justi/AppData/Roaming/PrismLauncher/libraries/org/lwjgl/lwjgl-glfw-natives-windows/3.3.3/lwjgl-glfw-natives-windows-3.3.3.jar;C:/Users/justi/AppData/Roaming/PrismLauncher/libraries/org/lwjgl/lwjgl-glfw/3.3.3/lwjgl-glfw-3.3.3.jar;C:/Users/justi/AppData/Roaming/PrismLauncher/libraries/org/lwjgl/lwjgl-jemalloc-natives-windows-arm64/3.3.3/lwjgl-jemalloc-natives-windows-arm64-3.3.3.jar;C:/Users/justi/AppData/Roaming/PrismLauncher/libraries/org/lwjgl/lwjgl-jemalloc-natives-windows-x86/3.3.3/lwjgl-jemalloc-natives-windows-x86-3.3.3.jar;C:/Users/justi/AppData/Roaming/PrismLauncher/libraries/org/lwjgl/lwjgl-jemalloc-natives-windows/3.3.3/lwjgl-jemalloc-natives-windows-3.3.3.jar;C:/Users/justi/AppData/Roaming/PrismLauncher/libraries/org/lwjgl/lwjgl-jemalloc/3.3.3/lwjgl-jemalloc-3.3.3.jar;C:/Users/justi/AppData/Roaming/PrismLauncher/libraries/org/lwjgl/lwjgl-natives-windows-arm64/3.3.3/lwjgl-natives-windows-arm64-3.3.3.jar;C:/Users/justi/AppData/Roaming/PrismLauncher/libraries/org/lwjgl/lwjgl-natives-windows-x86/3.3.3/lwjgl-natives-windows-x86-3.3.3.jar;C:/Users/justi/AppData/Roaming/PrismLauncher/libraries/org/lwjgl/lwjgl-natives-windows/3.3.3/lwjgl-natives-windows-3.3.3.jar;C:/Users/justi/AppData/Roaming/PrismLauncher/libraries/org/lwjgl/lwjgl-openal-natives-windows-arm64/3.3.3/lwjgl-openal-natives-windows-arm64-3.3.3.jar;C:/Users/justi/AppData/Roaming/PrismLauncher/libraries/org/lwjgl/lwjgl-openal-natives-windows-x86/3.3.3/lwjgl-openal-natives-windows-x86-3.3.3.jar;C:/Users/justi/AppData/Roaming/PrismLauncher/libraries/org/lwjgl/lwjgl-openal-natives-windows/3.3.3/lwjgl-openal-natives-windows-3.3.3.jar;C:/Users/justi/AppData/Roaming/PrismLauncher/libraries/org/lwjgl/lwjgl-openal/3.3.3/lwjgl-openal-3.3.3.jar;C:/Users/justi/AppData/Roaming/PrismLauncher/libraries/org/lwjgl/lwjgl-opengl-natives-windows-arm64/3.3.3/lwjgl-opengl-natives-windows-arm64-3.3.3.jar;C:/Users/justi/AppData/Roaming/PrismLauncher/libraries/org/lwjgl/lwjgl-opengl-natives-windows-x86/3.3.3/lwjgl-opengl-natives-windows-x86-3.3.3.jar;C:/Users/justi/AppData/Roaming/PrismLauncher/libraries/org/lwjgl/lwjgl-opengl-natives-windows/3.3.3/lwjgl-opengl-natives-windows-3.3.3.jar;C:/Users/justi/AppData/Roaming/PrismLauncher/libraries/org/lwjgl/lwjgl-opengl/3.3.3/lwjgl-opengl-3.3.3.jar;C:/Users/justi/AppData/Roaming/PrismLauncher/libraries/org/lwjgl/lwjgl-stb-natives-windows-arm64/3.3.3/lwjgl-stb-natives-windows-arm64-3.3.3.jar;C:/Users/justi/AppData/Roaming/PrismLauncher/libraries/org/lwjgl/lwjgl-stb-natives-windows-x86/3.3.3/lwjgl-stb-natives-windows-x86-3.3.3.jar;C:/Users/justi/AppData/Roaming/PrismLauncher/libraries/org/lwjgl/lwjgl-stb-natives-windows/3.3.3/lwjgl-stb-natives-windows-3.3.3.jar;C:/Users/justi/AppData/Roaming/PrismLauncher/libraries/org/lwjgl/lwjgl-stb/3.3.3/lwjgl-stb-3.3.3.jar;C:/Users/justi/AppData/Roaming/PrismLauncher/libraries/org/lwjgl/lwjgl-tinyfd-natives-windows-arm64/3.3.3/lwjgl-tinyfd-natives-windows-arm64-3.3.3.jar;C:/Users/justi/AppData/Roaming/PrismLauncher/libraries/org/lwjgl/lwjgl-tinyfd-natives-windows-x86/3.3.3/lwjgl-tinyfd-natives-windows-x86-3.3.3.jar;C:/Users/justi/AppData/Roaming/PrismLauncher/libraries/org/lwjgl/lwjgl-tinyfd-natives-windows/3.3.3/lwjgl-tinyfd-natives-windows-3.3.3.jar;C:/Users/justi/AppData/Roaming/PrismLauncher/libraries/org/lwjgl/lwjgl-tinyfd/3.3.3/lwjgl-tinyfd-3.3.3.jar;C:/Users/justi/AppData/Roaming/PrismLauncher/libraries/org/lwjgl/lwjgl/3.3.3/lwjgl-3.3.3.jar;C:/Users/justi/AppData/Roaming/PrismLauncher/libraries/com/github/oshi/oshi-core/6.4.10/oshi-core-6.4.10.jar;C:/Users/justi/AppData/Roaming/PrismLauncher/libraries/com/google/code/gson/gson/2.10.1/gson-2.10.1.jar;C:/Users/justi/AppData/Roaming/PrismLauncher/libraries/com/google/guava/failureaccess/1.0.1/failureaccess-1.0.1.jar;C:/Users/justi/AppData/Roaming/PrismLauncher/libraries/com/google/guava/guava/32.1.2-jre/guava-32.1.2-jre.jar;C:/Users/justi/AppData/Roaming/PrismLauncher/libraries/com/ibm/icu/icu4j/73.2/icu4j-73.2.jar;C:/Users/justi/AppData/Roaming/PrismLauncher/libraries/com/mojang/authlib/6.0.54/authlib-6.0.54.jar;C:/Users/justi/AppData/Roaming/PrismLauncher/libraries/com/mojang/blocklist/1.0.10/blocklist-1.0.10.jar;C:/Users/justi/AppData/Roaming/PrismLauncher/libraries/com/mojang/brigadier/1.3.10/brigadier-1.3.10.jar;C:/Users/justi/AppData/Roaming/PrismLauncher/libraries/com/mojang/datafixerupper/8.0.16/datafixerupper-8.0.16.jar;C:/Users/justi/AppData/Roaming/PrismLauncher/libraries/com/mojang/logging/1.2.7/logging-1.2.7.jar;C:/Users/justi/AppData/Roaming/PrismLauncher/libraries/com/mojang/patchy/2.2.10/patchy-2.2.10.jar;C:/Users/justi/AppData/Roaming/PrismLauncher/libraries/com/mojang/text2speech/1.17.9/text2speech-1.17.9.jar;C:/Users/justi/AppData/Roaming/PrismLauncher/libraries/commons-codec/commons-codec/1.16.0/commons-codec-1.16.0.jar;C:/Users/justi/AppData/Roaming/PrismLauncher/libraries/commons-io/commons-io/2.15.1/commons-io-2.15.1.jar;C:/Users/justi/AppData/Roaming/PrismLauncher/libraries/commons-logging/commons-logging/1.2/commons-logging-1.2.jar;C:/Users/justi/AppData/Roaming/PrismLauncher/libraries/io/netty/netty-buffer/4.1.97.Final/netty-buffer-4.1.97.Final.jar;C:/Users/justi/AppData/Roaming/PrismLauncher/libraries/io/netty/netty-codec/4.1.97.Final/netty-codec-4.1.97.Final.jar;C:/Users/justi/AppData/Roaming/PrismLauncher/libraries/io/netty/netty-common/4.1.97.Final/netty-common-4.1.97.Final.jar;C:/Users/justi/AppData/Roaming/PrismLauncher/libraries/io/netty/netty-handler/4.1.97.Final/netty-handler-4.1.97.Final.jar;C:/Users/justi/AppData/Roaming/PrismLauncher/libraries/io/netty/netty-resolver/4.1.97.Final/netty-resolver-4.1.97.Final.jar;C:/Users/justi/AppData/Roaming/PrismLauncher/libraries/io/netty/netty-transport-classes-epoll/4.1.97.Final/netty-transport-classes-epoll-4.1.97.Final.jar;C:/Users/justi/AppData/Roaming/PrismLauncher/libraries/io/netty/netty-transport-native-unix-common/4.1.97.Final/netty-transport-native-unix-common-4.1.97.Final.jar;C:/Users/justi/AppData/Roaming/PrismLauncher/libraries/io/netty/netty-transport/4.1.97.Final/netty-transport-4.1.97.Final.jar;C:/Users/justi/AppData/Roaming/PrismLauncher/libraries/it/unimi/dsi/fastutil/8.5.12/fastutil-8.5.12.jar;C:/Users/justi/AppData/Roaming/PrismLauncher/libraries/net/java/dev/jna/jna-platform/5.14.0/jna-platform-5.14.0.jar;C:/Users/justi/AppData/Roaming/PrismLauncher/libraries/net/java/dev/jna/jna/5.14.0/jna-5.14.0.jar;C:/Users/justi/AppData/Roaming/PrismLauncher/libraries/net/sf/jopt-simple/jopt-simple/5.0.4/jopt-simple-5.0.4.jar;C:/Users/justi/AppData/Roaming/PrismLauncher/libraries/org/apache/commons/commons-compress/1.26.0/commons-compress-1.26.0.jar;C:/Users/justi/AppData/Roaming/PrismLauncher/libraries/org/apache/commons/commons-lang3/3.14.0/commons-lang3-3.14.0.jar;C:/Users/justi/AppData/Roaming/PrismLauncher/libraries/org/apache/httpcomponents/httpclient/4.5.13/httpclient-4.5.13.jar;C:/Users/justi/AppData/Roaming/PrismLauncher/libraries/org/apache/httpcomponents/httpcore/4.4.16/httpcore-4.4.16.jar;C:/Users/justi/AppData/Roaming/PrismLauncher/libraries/org/apache/logging/log4j/log4j-api/2.22.1/log4j-api-2.22.1.jar;C:/Users/justi/AppData/Roaming/PrismLauncher/libraries/org/apache/logging/log4j/log4j-core/2.22.1/log4j-core-2.22.1.jar;C:/Users/justi/AppData/Roaming/PrismLauncher/libraries/org/apache/logging/log4j/log4j-slf4j2-impl/2.22.1/log4j-slf4j2-impl-2.22.1.jar;C:/Users/justi/AppData/Roaming/PrismLauncher/libraries/org/jcraft/jorbis/0.0.17/jorbis-0.0.17.jar;C:/Users/justi/AppData/Roaming/PrismLauncher/libraries/org/joml/joml/1.10.5/joml-1.10.5.jar;C:/Users/justi/AppData/Roaming/PrismLauncher/libraries/org/lz4/lz4-java/1.8.0/lz4-java-1.8.0.jar;C:/Users/justi/AppData/Roaming/PrismLauncher/libraries/org/slf4j/slf4j-api/2.0.9/slf4j-api-2.0.9.jar;C:/Users/justi/AppData/Roaming/PrismLauncher/libraries/io/github/zekerzhayard/ForgeWrapper/prism-2025-12-07/ForgeWrapper-prism-2025-12-07.jar;C:/Users/justi/AppData/Roaming/PrismLauncher/libraries/net/neoforged/fancymodloader/earlydisplay/4.0.42/earlydisplay-4.0.42.jar;C:/Users/justi/AppData/Roaming/PrismLauncher/libraries/net/neoforged/fancymodloader/loader/4.0.42/loader-4.0.42.jar;C:/Users/justi/AppData/Roaming/PrismLauncher/libraries/net/neoforged/accesstransformers/at-modlauncher/10.0.1/at-modlauncher-10.0.1.jar;C:/Users/justi/AppData/Roaming/PrismLauncher/libraries/net/neoforged/accesstransformers/10.0.1/accesstransformers-10.0.1.jar;C:/Users/justi/AppData/Roaming/PrismLauncher/libraries/net/neoforged/bus/8.0.5/bus-8.0.5.jar;C:/Users/justi/AppData/Roaming/PrismLauncher/libraries/net/neoforged/coremods/7.0.3/coremods-7.0.3.jar;C:/Users/justi/AppData/Roaming/PrismLauncher/libraries/cpw/mods/modlauncher/11.0.5/modlauncher-11.0.5.jar;C:/Users/justi/AppData/Roaming/PrismLauncher/libraries/net/neoforged/mergetool/2.0.0/mergetool-2.0.0-api.jar;C:/Users/justi/AppData/Roaming/PrismLauncher/libraries/com/electronwill/night-config/toml/3.8.3/toml-3.8.3.jar;C:/Users/justi/AppData/Roaming/PrismLauncher/libraries/com/electronwill/night-config/core/3.8.3/core-3.8.3.jar;C:/Users/justi/AppData/Roaming/PrismLauncher/libraries/net/neoforged/JarJarSelector/0.4.1/JarJarSelector-0.4.1.jar;C:/Users/justi/AppData/Roaming/PrismLauncher/libraries/net/neoforged/JarJarMetadata/0.4.1/JarJarMetadata-0.4.1.jar;C:/Users/justi/AppData/Roaming/PrismLauncher/libraries/org/apache/maven/maven-artifact/3.8.5/maven-artifact-3.8.5.jar;C:/Users/justi/AppData/Roaming/PrismLauncher/libraries/net/jodah/typetools/0.6.3/typetools-0.6.3.jar;C:/Users/justi/AppData/Roaming/PrismLauncher/libraries/net/minecrell/terminalconsoleappender/1.3.0/terminalconsoleappender-1.3.0.jar;C:/Users/justi/AppData/Roaming/PrismLauncher/libraries/net/fabricmc/sponge-mixin/0.15.2+mixin.0.8.7/sponge-mixin-0.15.2+mixin.0.8.7.jar;C:/Users/justi/AppData/Roaming/PrismLauncher/libraries/org/openjdk/nashorn/nashorn-core/15.4/nashorn-core-15.4.jar;C:/Users/justi/AppData/Roaming/PrismLauncher/libraries/cpw/mods/bootstraplauncher/2.0.2/bootstraplauncher-2.0.2.jar;C:/Users/justi/AppData/Roaming/PrismLauncher/libraries/cpw/mods/securejarhandler/3.0.8/securejarhandler-3.0.8.jar;C:/Users/justi/AppData/Roaming/PrismLauncher/libraries/org/ow2/asm/asm-commons/9.8/asm-commons-9.8.jar;C:/Users/justi/AppData/Roaming/PrismLauncher/libraries/org/ow2/asm/asm-util/9.8/asm-util-9.8.jar;C:/Users/justi/AppData/Roaming/PrismLauncher/libraries/org/ow2/asm/asm-analysis/9.8/asm-analysis-9.8.jar;C:/Users/justi/AppData/Roaming/PrismLauncher/libraries/org/ow2/asm/asm-tree/9.8/asm-tree-9.8.jar;C:/Users/justi/AppData/Roaming/PrismLauncher/libraries/org/ow2/asm/asm/9.8/asm-9.8.jar;C:/Users/justi/AppData/Roaming/PrismLauncher/libraries/net/neoforged/JarJarFileSystems/0.4.1/JarJarFileSystems-0.4.1.jar;C:/Users/justi/AppData/Roaming/PrismLauncher/libraries/org/antlr/antlr4-runtime/4.13.1/antlr4-runtime-4.13.1.jar;C:/Users/justi/AppData/Roaming/PrismLauncher/libraries/org/jline/jline-reader/3.20.0/jline-reader-3.20.0.jar;C:/Users/justi/AppData/Roaming/PrismLauncher/libraries/org/jline/jline-terminal/3.20.0/jline-terminal-3.20.0.jar;C:/Users/justi/AppData/Roaming/PrismLauncher/libraries/net/minecraftforge/srgutils/0.4.15/srgutils-0.4.15.jar;C:/Users/justi/AppData/Roaming/PrismLauncher/libraries/com/google/guava/listenablefuture/9999.0-empty-to-avoid-conflict-with-guava/listenablefuture-9999.0-empty-to-avoid-conflict-with-guava.jar;C:/Users/justi/AppData/Roaming/PrismLauncher/libraries/com/google/code/findbugs/jsr305/3.0.2/jsr305-3.0.2.jar;C:/Users/justi/AppData/Roaming/PrismLauncher/libraries/org/checkerframework/checker-qual/3.33.0/checker-qual-3.33.0.jar;C:/Users/justi/AppData/Roaming/PrismLauncher/libraries/com/google/errorprone/error_prone_annotations/2.18.0/error_prone_annotations-2.18.0.jar;C:/Users/justi/AppData/Roaming/PrismLauncher/libraries/com/google/j2objc/j2objc-annotations/2.8/j2objc-annotations-2.8.jar;C:/Users/justi/AppData/Roaming/PrismLauncher/libraries/org/codehaus/plexus/plexus-utils/3.3.0/plexus-utils-3.3.0.jar;C:/Users/justi/AppData/Roaming/PrismLauncher/libraries/com/machinezoo/noexception/noexception/1.7.1/noexception-1.7.1.jar;C:/Users/justi/AppData/Roaming/PrismLauncher/libraries/com/mojang/minecraft/1.21.1/minecraft-1.21.1-client.jar
Launcher Type: SUN_STANDARD

[Global flags]
     intx CICompilerCount                          = 12                                        {product} {ergonomic}
    ccstr HeapDumpPath                             = MojangTricksIntelDriversForPerformance_javaw.exe_minecraft.exe.heapdump         {manageable} {command line}
   size_t InitialHeapSize                          = 17179869184                               {product} {command line}
   size_t MaxHeapSize                              = 17179869184                               {product} {command line}
   size_t MinHeapDeltaBytes                        = 2097152                                   {product} {ergonomic}
   size_t MinHeapSize                              = 17179869184                               {product} {command line}
    uintx NonNMethodCodeHeapSize                   = 7602480                                {pd product} {ergonomic}
    uintx NonProfiledCodeHeapSize                  = 122027880                              {pd product} {ergonomic}
    uintx ProfiledCodeHeapSize                     = 122027880                              {pd product} {ergonomic}
    uintx ReservedCodeCacheSize                    = 251658240                              {pd product} {ergonomic}
     bool SegmentedCodeCache                       = true                                      {product} {ergonomic}
   size_t SoftMaxHeapSize                          = 17179869184                            {manageable} {ergonomic}
     bool UseCompressedOops                        = false                          {product lp64_product} {ergonomic}
     bool UseLargePagesIndividualAllocation        = false                                  {pd product} {ergonomic}
     bool UseZGC                                   = true                                      {product} {command line}
     bool ZGenerational                            = true                                      {product} {command line}
     bool ZUncommit                                = false                                     {product} {ergonomic}

Logging:
Log output configuration:
 #0: stdout all=warning uptime,level,tags foldmultilines=false
 #1: stderr all=off uptime,level,tags foldmultilines=false

Environment Variables:
PATH=C:\Program Files\Common Files\Oracle\Java\javapath;C:\WINDOWS\system32;C:\WINDOWS;C:\WINDOWS\System32\Wbem;C:\WINDOWS\System32\WindowsPowerShell\v1.0\;C:\WINDOWS\System32\OpenSSH\;C:\Program Files (x86)\NVIDIA Corporation\PhysX\Common;C:\Program Files\Git\cmd;C:\Program Files\dotnet\;C:\Program Files\nodejs\;C:\Program Files (x86)\Windows Kits\10\Windows Performance Toolkit\;C:\Users\justi\AppData\Local\Programs\Python\Python314\Scripts\;C:\Users\justi\AppData\Local\Programs\Python\Python314\;C:\Users\justi\AppData\Local\Programs\Python\Launcher\;C:\Users\justi\AppData\Local\Microsoft\WindowsApps;C:\Users\justi\AppData\Local\JetBrains\Toolbox\scripts;C:\Users\justi\AppData\Local\PowerToys\DSCModules\;C:\Users\justi\AppData\Local\Programs\Microsoft VS Code\bin;C:\Users\justi\AppData\Roaming\npm;C:\Users\justi\AppData\Local\Programs\Ollama;C:\Users\justi\AppData\Local\Programs\Antigravity\bin;C:\Users\justi\AppData\Local\GitHubDesktop\bin
USERNAME=justi
OS=Windows_NT
PROCESSOR_IDENTIFIER=AMD64 Family 26 Model 68 Stepping 0, AuthenticAMD
TMP=C:\Users\justi\AppData\Local\Temp
TEMP=C:\Users\justi\AppData\Local\Temp




Periodic native trim disabled

---------------  S Y S T E M  ---------------

OS:
 Windows 11 , 64 bit Build 26100 (10.0.26100.8246)
OS uptime: 0 days 8:23 hours
Hyper-V role detected

CPU: total 24 (initial active 24) (24 cores per cpu, 2 threads per core) family 26 model 68 stepping 0 microcode 0xb40401a, cx8, cmov, fxsr, ht, mmx, 3dnowpref, sse, sse2, sse3, ssse3, sse4a, sse4.1, sse4.2, popcnt, lzcnt, tsc, tscinvbit, avx, avx2, aes, erms, clmul, bmi1, bmi2, adx, avx512f, avx512dq, avx512cd, avx512bw, avx512vl, sha, fma, vzeroupper, avx512_vpopcntdq, avx512_vpclmulqdq, avx512_vaes, avx512_vnni, clflush, clflushopt, avx512_vbmi2, avx512_vbmi, hv, rdtscp, rdpid, fsrm, gfni, avx512_bitalg, f16c, cet_ss, avx512_ifma
Processor Information for the first 24 processors :
  Max Mhz: 4400, Current Mhz: 4400, Mhz Limit: 4400

Memory: 4k page, system-wide physical 31848M (1906M free)
TotalPageFile size 50322M (AvailPageFile size 1010M)
current process WorkingSet (physical memory assigned to process): 18529M, peak: 18592M
current process commit charge ("private bytes"): 7513M, peak: 7596M

vm_info: OpenJDK 64-Bit Server VM (21.0.7+6-LTS) for windows-amd64 JRE (21.0.7+6-LTS), built on 2025-04-09T22:17:25Z by "MicrosoftCorporation" with unknown MS VC++:1939

END.
