#
# A fatal error has been detected by the Java Runtime Environment:
#
#  EXCEPTION_ACCESS_VIOLATION (0xc0000005) at pc=0x000002bf3401f9dc, pid=22128, tid=26284
#
# JRE version: OpenJDK Runtime Environment Microsoft-11369940 (21.0.7+6) (build 21.0.7+6-LTS)
# Java VM: OpenJDK 64-Bit Server VM Microsoft-11369940 (21.0.7+6-LTS, mixed mode, tiered, compressed oops, compressed class ptrs, g1 gc, windows-amd64)
# Problematic frame:
# C  0x000002bf3401f9dc
#
# No core dump will be written. Minidumps are not enabled by default on client versions of Windows
#
# If you would like to submit a bug report, please visit:
#   https://aka.ms/minecraftjavacrashes
# The crash happened outside the Java Virtual Machine in native code.
# See problematic frame for where to report the bug.
#

---------------  S U M M A R Y ------------

Command Line: -XX:HeapDumpPath=MojangTricksIntelDriversForPerformance_javaw.exe_minecraft.exe.heapdump -Xms512m -Xmx16384m -Duser.language=en -Djava.library.path=C:/Users/justi/AppData/Roaming/PrismLauncher/instances/Optimized fps/natives org.prismlauncher.EntryPoint

Host: AMD Ryzen 9 9900X 12-Core Processor            , 24 cores, 31G,  Windows 11 , 64 bit Build 26100 (10.0.26100.8246)
Time: Thu Apr 23 21:38:04 2026 Pacific Daylight Time elapsed time: 150.683050 seconds (0d 0h 2m 30s)

---------------  T H R E A D  ---------------

Current thread (0x000002bf79692b30):  JavaThread "Render thread"        [_thread_in_native, id=26284, stack(0x000000f90b100000,0x000000f90b200000) (1024K)]

Stack: [0x000000f90b100000,0x000000f90b200000],  sp=0x000000f90b1fcd20,  free space=1011k
Native frames: (J=compiled Java code, j=interpreted, Vv=VM code, C=native code)
C  0x000002bf3401f9dc

Java frames: (J=compiled Java code, j=interpreted, Vv=VM code)
J 6482  org.lwjgl.opengl.GL11C.nglDrawElements(IIIJ)V org.lwjgl.opengl@3.3.3+5 (0 bytes) @ 0x000002bf0801f926 [0x000002bf0801f8c0+0x0000000000000066]
J 26448 c2 org.lwjgl.opengl.GL11C.glDrawElements(IIIJ)V org.lwjgl.opengl@3.3.3+5 (8 bytes) @ 0x000002bf08e2bcc0 [0x000002bf08e2bca0+0x0000000000000020]
J 55289 c2 com.seibel.distanthorizons.common.render.openGl.terrain.GlDhTerrainShaderProgram_neoforge.render(Lcom/seibel/distanthorizons/core/render/RenderParams;ZLcom/seibel/distanthorizons/core/util/objects/SortedArraySet;Lcom/seibel/distanthorizons/core/wrapperInterfaces/minecraft/IProfilerWrapper;)V distanthorizons@3.0.1-b (406 bytes) @ 0x000002bf08ac87f8 [0x000002bf08ac8500+0x00000000000002f8]
J 67572 c2 com.seibel.distanthorizons.core.render.renderer.LodRenderer.renderTerrain(Lcom/seibel/distanthorizons/core/render/RenderParams;Lcom/seibel/distanthorizons/core/wrapperInterfaces/minecraft/IProfilerWrapper;Z)V distanthorizons@3.0.1-b (711 bytes) @ 0x000002bf09b031fc [0x000002bf09b02f40+0x00000000000002bc]
J 73107 c2 com.seibel.distanthorizons.core.api.internal.ClientApi.renderLodLayer(Z)V distanthorizons@3.0.1-b (799 bytes) @ 0x000002bf08ebc71c [0x000002bf08ebc040+0x00000000000006dc]
J 70794 c2 net.minecraft.client.renderer.LevelRenderer.renderSectionLayer(Lnet/minecraft/client/renderer/RenderType;DDDLorg/joml/Matrix4f;Lorg/joml/Matrix4f;)V minecraft@1.21.1 (134 bytes) @ 0x000002bf0a9ea2b8 [0x000002bf0a9e9a20+0x0000000000000898]
J 74009 c2 net.minecraft.client.renderer.LevelRenderer.renderLevel(Lnet/minecraft/client/DeltaTracker;ZLnet/minecraft/client/Camera;Lnet/minecraft/client/renderer/GameRenderer;Lnet/minecraft/client/renderer/LightTexture;Lorg/joml/Matrix4f;Lorg/joml/Matrix4f;)V minecraft@1.21.1 (4668 bytes) @ 0x000002bf0a45dfd4 [0x000002bf0a45b380+0x0000000000002c54]
J 72452 c2 net.minecraft.client.renderer.GameRenderer.renderLevel(Lnet/minecraft/client/DeltaTracker;)V minecraft@1.21.1 (844 bytes) @ 0x000002bf099271f8 [0x000002bf09925980+0x0000000000001878]
J 77424 c1 net.minecraft.client.renderer.GameRenderer.render(Lnet/minecraft/client/DeltaTracker;Z)V minecraft@1.21.1 (1225 bytes) @ 0x000002bf00e7045c [0x000002bf00e6f2c0+0x000000000000119c]
J 77439 c1 net.minecraft.client.Minecraft.runTick(Z)V minecraft@1.21.1 (1171 bytes) @ 0x000002bf00b9a49c [0x000002bf00b96bc0+0x00000000000038dc]
j  net.minecraft.client.Minecraft.run()V+97 minecraft@1.21.1
j  net.minecraft.client.main.Main.main([Ljava/lang/String;)V+1630 minecraft@1.21.1
j  java.lang.invoke.LambdaForm$DMH+0x0000000800004000.invokeStatic(Ljava/lang/Object;Ljava/lang/Object;)V+10 java.base@21.0.7
j  java.lang.invoke.LambdaForm$MH+0x000000080010a000.invoke(Ljava/lang/Object;Ljava/lang/Object;Ljava/lang/Object;)Ljava/lang/Object;+33 java.base@21.0.7
J 9198 c1 jdk.internal.reflect.DirectMethodHandleAccessor.invoke(Ljava/lang/Object;[Ljava/lang/Object;)Ljava/lang/Object; java.base@21.0.7 (92 bytes) @ 0x000002bf00fdd734 [0x000002bf00fdd340+0x00000000000003f4]
J 9543 c1 java.lang.reflect.Method.invoke(Ljava/lang/Object;[Ljava/lang/Object;)Ljava/lang/Object; java.base@21.0.7 (108 bytes) @ 0x000002bf010974dc [0x000002bf01096fc0+0x000000000000051c]
j  net.neoforged.fml.loading.targets.CommonLaunchHandler.runTarget(Ljava/lang/String;[Ljava/lang/String;Ljava/lang/ModuleLayer;)V+42 fml_loader@4.0.42
j  net.neoforged.fml.loading.targets.CommonLaunchHandler.clientService([Ljava/lang/String;Ljava/lang/ModuleLayer;)V+6 fml_loader@4.0.42
j  net.neoforged.fml.loading.targets.CommonClientLaunchHandler.runService([Ljava/lang/String;Ljava/lang/ModuleLayer;)V+3 fml_loader@4.0.42
j  net.neoforged.fml.loading.targets.CommonLaunchHandler.lambda$launchService$4([Ljava/lang/String;Ljava/lang/ModuleLayer;)V+3 fml_loader@4.0.42
j  net.neoforged.fml.loading.targets.CommonLaunchHandler$$Lambda+0x00000008005b1418.run()V+12 fml_loader@4.0.42
j  cpw.mods.modlauncher.LaunchServiceHandlerDecorator.launch([Ljava/lang/String;Ljava/lang/ModuleLayer;)V+11 cpw.mods.modlauncher@11.0.5
j  cpw.mods.modlauncher.LaunchServiceHandler.launch(Ljava/lang/String;[Ljava/lang/String;Ljava/lang/ModuleLayer;Lcpw/mods/modlauncher/TransformingClassLoader;Lcpw/mods/modlauncher/LaunchPluginHandler;)V+58 cpw.mods.modlauncher@11.0.5
j  cpw.mods.modlauncher.LaunchServiceHandler.launch(Lcpw/mods/modlauncher/ArgumentHandler;Ljava/lang/ModuleLayer;Lcpw/mods/modlauncher/TransformingClassLoader;Lcpw/mods/modlauncher/LaunchPluginHandler;)V+21 cpw.mods.modlauncher@11.0.5
j  cpw.mods.modlauncher.Launcher.run([Ljava/lang/String;)V+288 cpw.mods.modlauncher@11.0.5
j  cpw.mods.modlauncher.Launcher.main([Ljava/lang/String;)V+123 cpw.mods.modlauncher@11.0.5
j  cpw.mods.modlauncher.BootstrapLaunchConsumer.accept([Ljava/lang/String;)V+1 cpw.mods.modlauncher@11.0.5
j  cpw.mods.modlauncher.BootstrapLaunchConsumer.accept(Ljava/lang/Object;)V+5 cpw.mods.modlauncher@11.0.5
j  cpw.mods.bootstraplauncher.BootstrapLauncher.run(Z[Ljava/lang/String;)V+703 cpw.mods.bootstraplauncher@2.0.2
j  cpw.mods.bootstraplauncher.BootstrapLauncher.main([Ljava/lang/String;)V+2 cpw.mods.bootstraplauncher@2.0.2
j  java.lang.invoke.LambdaForm$DMH+0x0000000800004000.invokeStatic(Ljava/lang/Object;Ljava/lang/Object;)V+10 java.base@21.0.7
j  java.lang.invoke.LambdaForm$MH+0x000000080010a000.invoke(Ljava/lang/Object;Ljava/lang/Object;Ljava/lang/Object;)Ljava/lang/Object;+33 java.base@21.0.7
J 1087 c1 java.lang.invoke.Invokers$Holder.invokeExact_MT(Ljava/lang/Object;Ljava/lang/Object;Ljava/lang/Object;Ljava/lang/Object;)Ljava/lang/Object; java.base@21.0.7 (24 bytes) @ 0x000002bf001dd84c [0x000002bf001dd1a0+0x00000000000006ac]
j  jdk.internal.reflect.DirectMethodHandleAccessor.invokeImpl(Ljava/lang/Object;[Ljava/lang/Object;)Ljava/lang/Object;+55 java.base@21.0.7
j  jdk.internal.reflect.DirectMethodHandleAccessor.invoke(Ljava/lang/Object;[Ljava/lang/Object;)Ljava/lang/Object;+23 java.base@21.0.7
j  java.lang.reflect.Method.invoke(Ljava/lang/Object;[Ljava/lang/Object;)Ljava/lang/Object;+102 java.base@21.0.7
j  io.github.zekerzhayard.forgewrapper.installer.Main.main([Ljava/lang/String;)V+569
j  java.lang.invoke.LambdaForm$DMH+0x0000000800004400.invokeStaticInit(Ljava/lang/Object;Ljava/lang/Object;)V+10 java.base@21.0.7
j  java.lang.invoke.LambdaForm$MH+0x0000000800004c00.invokeExact_MT(Ljava/lang/Object;Ljava/lang/Object;Ljava/lang/Object;)V+19 java.base@21.0.7
j  org.prismlauncher.launcher.impl.StandardLauncher.launch()V+253
j  org.prismlauncher.EntryPoint.listen()Lorg/prismlauncher/EntryPoint$ExitCode;+344
j  org.prismlauncher.EntryPoint.main([Ljava/lang/String;)V+0
v  ~StubRoutines::call_stub 0x000002bf074510e7

siginfo: EXCEPTION_ACCESS_VIOLATION (0xc0000005), reading address 0x0000000000000000


Registers:
RAX=0x000002c013030000, RBX=0x000002bf34a80000, RCX=0x0000000000000000, RDX=0x000002bf8b3600c4
RSP=0x000000f90b1fcd20, RBP=0x000002bf8b3db558, RSI=0x0000000000000000, RDI=0x0000000000000000
R8 =0x000002bf8b3600c0, R9 =0x000000000001ed26, R10=0x000002bf34afefb8, R11=0x000002bf8b3db558
R12=0x000002bf8b3600c0, R13=0x00000000002686f8, R14=0x0000000000000000, R15=0x0000000000000000
RIP=0x000002bf3401f9dc, EFLAGS=0x0000000000010246

XMM[0]=0x0000000000000000 0x0000000000000003
XMM[1]=0x0000000000000000 0x0000000000000000
XMM[2]=0x0000000000000000 0x0000000000000000
XMM[3]=0x0000000000000000 0x0000000000000000
XMM[4]=0x0000000000000000 0x0000000000000000
XMM[5]=0x0000000000000000 0x0000000000000000
XMM[6]=0x0000000000000000 0x0000000080000000
XMM[7]=0x0000000000000000 0x00000000befd7acc
XMM[8]=0x0000000000000000 0x000000003e4806db
XMM[9]=0x0000000000000000 0x0000000080000000
XMM[10]=0x0000000000000000 0x0000000000000000
XMM[11]=0x0000000000000000 0x000000003f6e224d
XMM[12]=0x0000000000000000 0x0000000080000000
XMM[13]=0x0000000000000000 0x0000000000000000
XMM[14]=0x0000000000000000 0x000000003ebbeac9
XMM[15]=0x0000000000000000 0x0000000080000000
  MXCSR=0x00001fb7


Register to memory mapping:

RAX=0x000002c013030000 points into unknown readable memory: 0x00000301ff58612e | 2e 61 58 ff 01 03 00 00
RBX=0x000002bf34a80000 points into unknown readable memory: 0x000002bf2e67d660 | 60 d6 67 2e bf 02 00 00
RCX=0x0 is null
RDX=0x000002bf8b3600c4 points into unknown readable memory: 01 00 00 00
RSP=0x000000f90b1fcd20 is pointing into the stack for thread: 0x000002bf79692b30
RBP=0x000002bf8b3db558 points into unknown readable memory: 0x000148c5000148c4 | c4 48 01 00 c5 48 01 00
RSI=0x0 is null
RDI=0x0 is null
R8 =0x000002bf8b3600c0 points into unknown readable memory: 0x0000000100000000 | 00 00 00 00 01 00 00 00
R9 =0x000000000001ed26 is an unknown value
R10=0x000002bf34afefb8 points into unknown readable memory: 0x0000000000000000 | 00 00 00 00 00 00 00 00
R11=0x000002bf8b3db558 points into unknown readable memory: 0x000148c5000148c4 | c4 48 01 00 c5 48 01 00
R12=0x000002bf8b3600c0 points into unknown readable memory: 0x0000000100000000 | 00 00 00 00 01 00 00 00
R13=0x00000000002686f8 is an unknown value
R14=0x0 is null
R15=0x0 is null

Top of Stack: (sp=0x000000f90b1fcd20)
0x000000f90b1fcd20:   0000000000000000 000002bf3243c630
0x000000f90b1fcd30:   000002bf34a80000 000000000001ed26
0x000000f90b1fcd40:   0000000000000004 00007ffcfc092bd5
0x000000f90b1fcd50:   0000000000000004 000002bfb5c278f8
0x000000f90b1fcd60:   00000000002686f8 000002bf34a80000
0x000000f90b1fcd70:   0000000000000000 000002c07e583bf4
0x000000f90b1fcd80:   0000000000000000 000002c07e583458
0x000000f90b1fcd90:   0000000000000000 000002c013030000
0x000000f90b1fcda0:   0000000000000000 0000000000000000
0x000000f90b1fcdb0:   0000000000000000 000002bfb5c278f8
0x000000f90b1fcdc0:   000000000001ed26 000002bf3401f980
0x000000f90b1fcdd0:   000002bf3243c630 000002bf49101468
0x000000f90b1fcde0:   0000000000000000 000002bf49101328
0x000000f90b1fcdf0:   0000000000000000 0000000000000000
0x000000f90b1fce00:   000002bf31166180 0000000000000000
0x000000f90b1fce10:   0000000000000000 000000f90b1fd090
0x000000f90b1fce20:   000000f90b1fd090 00007ffcfb94ccfc
0x000000f90b1fce30:   0000000000000000 0000000000000001
0x000000f90b1fce40:   0000000000000000 00007ffc00000000
0x000000f90b1fce50:   000002bf00000004 00007ffcfc074199
0x000000f90b1fce60:   000000000000b3c8 00007ffcfc074199
0x000000f90b1fce70:   0000000000000018 000002bf79650000
0x000000f90b1fce80:   0000000000000004 00007ffe014fcd14
0x000000f90b1fce90:   0000000400000000 0000007800000000
0x000000f90b1fcea0:   0000000100000009 0000000000000000
0x000000f90b1fceb0:   0000000080000000 0000000000000000
0x000000f90b1fcec0:   000002bf2fc46f80 000002bf2fc46f80
0x000000f90b1fced0:   000002bf34a80000 000002bf2b6dffd0
0x000000f90b1fcee0:   000002bf3243c630 000002bf2fc46f80
0x000000f90b1fcef0:   0000000000000000 00007ffcfbf57bce
0x000000f90b1fcf00:   0000000000000000 0000000000000000
0x000000f90b1fcf10:   0000000000000001 000002bf00000100 

Instructions: (pc=0x000002bf3401f9dc)
0x000002bf3401f8dc:   00 00 00 00 00 00 00 00 00 00 00 00 00 00 00 00
0x000002bf3401f8ec:   00 00 00 00 00 00 00 00 00 00 00 00 00 00 00 00
0x000002bf3401f8fc:   00 00 00 00 00 00 00 00 00 00 00 00 00 00 00 00
0x000002bf3401f90c:   00 00 00 00 00 00 00 00 00 00 00 00 00 00 00 00
0x000002bf3401f91c:   00 00 00 00 00 00 00 00 00 00 00 00 00 00 00 00
0x000002bf3401f92c:   00 00 00 00 00 00 00 00 00 00 00 00 00 00 00 00
0x000002bf3401f93c:   00 00 00 00 00 00 00 00 00 00 00 00 00 00 00 00
0x000002bf3401f94c:   00 00 00 00 00 00 00 00 00 00 00 00 00 00 00 00
0x000002bf3401f95c:   00 00 00 00 00 00 00 00 00 00 00 00 00 00 00 00
0x000002bf3401f96c:   00 00 00 00 00 00 00 00 00 00 00 00 00 ff ff ff
0x000002bf3401f97c:   40 f9 00 00 48 83 ec 28 48 89 6c 24 20 48 89 5c
0x000002bf3401f98c:   24 18 48 89 74 24 10 48 89 7c 24 08 48 8b d9 48
0x000002bf3401f99c:   8b c2 49 8b e9 49 8b d0 48 8d 2c aa 4c 8b dd 8b
0x000002bf3401f9ac:   0a 49 ba b8 ef af 34 bf 02 00 00 41 03 0a 48 83
0x000002bf3401f9bc:   c2 04 48 be 68 8e ad 34 bf 02 00 00 48 8b 36 48
0x000002bf3401f9cc:   8b b6 08 03 00 00 48 8b f9 48 c1 e7 04 48 03 f7
0x000002bf3401f9dc:   0f b7 3e 89 38 0f b7 7e 02 89 78 04 0f b7 7e 04
0x000002bf3401f9ec:   89 78 08 0f b7 7e 06 89 78 0c 48 be 68 8e ad 34
0x000002bf3401f9fc:   bf 02 00 00 48 8b 36 48 8b b6 38 03 00 00 48 8b
0x000002bf3401fa0c:   f9 48 c1 e7 04 48 03 f7 8b 3e 89 78 10 48 83 c0
0x000002bf3401fa1c:   14 49 3b d3 75 89 48 8b 7c 24 08 48 8b 74 24 10
0x000002bf3401fa2c:   48 8b 5c 24 18 48 8b 6c 24 20 48 83 c4 28 c3 00
0x000002bf3401fa3c:   00 00 00 00 00 00 00 00 00 00 00 00 00 00 00 00
0x000002bf3401fa4c:   00 00 00 00 00 00 00 00 00 00 00 00 00 00 00 00
0x000002bf3401fa5c:   00 00 00 00 00 00 00 00 00 00 00 00 00 00 00 00
0x000002bf3401fa6c:   00 00 00 00 00 00 00 00 00 00 00 00 80 ff ff ff
0x000002bf3401fa7c:   00 01 00 00 55 48 8b ec 53 56 57 4c 8b da 4c 8b
0x000002bf3401fa8c:   d1 49 8b f2 49 8b fb 41 8b e8 85 ed 0f 84 33 00
0x000002bf3401fa9c:   00 00 b9 01 00 00 00 0f 8f 05 00 00 00 48 f7 d9
0x000002bf3401faac:   f7 dd 0f b6 1e 48 03 f1 48 83 c7 04 8b c3 8b d0
0x000002bf3401fabc:   81 e2 ff 00 00 00 8b da 81 cb 00 00 00 ff ff cd
0x000002bf3401facc:   89 5f fc 75 dd 5f 5e 5b 5d c3 00 00 00 00 00 00 


Stack slot to memory mapping:

stack at sp + 0 slots: 0x0 is null
stack at sp + 1 slots: 0x000002bf3243c630 points into unknown readable memory: 0x0000000000002000 | 00 20 00 00 00 00 00 00
stack at sp + 2 slots: 0x000002bf34a80000 points into unknown readable memory: 0x000002bf2e67d660 | 60 d6 67 2e bf 02 00 00
stack at sp + 3 slots: 0x000000000001ed26 is an unknown value
stack at sp + 4 slots: 0x0000000000000004 is an unknown value
stack at sp + 5 slots: 0x00007ffcfc092bd5 nvoglv64.dll
stack at sp + 6 slots: 0x0000000000000004 is an unknown value
stack at sp + 7 slots: 0x000002bfb5c278f8 points into unknown readable memory: 0x0000000000000000 | 00 00 00 00 00 00 00 00


Compiled method (n/a) 150789 6482     n 0       org.lwjgl.opengl.GL11C::nglDrawElements (native)
 total in heap  [0x000002bf0801f710,0x000002bf0801faf0] = 992
 relocation     [0x000002bf0801f870,0x000002bf0801f8a8] = 56
 main code      [0x000002bf0801f8c0,0x000002bf0801fae5] = 549
 stub code      [0x000002bf0801fae5,0x000002bf0801fae8] = 3
 oops           [0x000002bf0801fae8,0x000002bf0801faf0] = 8

[Constant Pool (empty)]

[MachCode]
[Entry Point]
  # {method} {0x000002bf28be5d00} 'nglDrawElements' '(IIIJ)V' in 'org/lwjgl/opengl/GL11C'
  # parm0:    rdx       = int
  # parm1:    r8        = int
  # parm2:    r9        = int
  # parm3:    rdi:rdi   = long
  #           [sp+0x80]  (sp of caller)
  0x000002bf0801f8c0: 448b 5208 | 49bb 0000 | 0000 0800 | 0000 4d03 | d349 3bc2 | 0f84 0600 

  0x000002bf0801f8d8: ;   {runtime_call ic_miss_stub}
  0x000002bf0801f8d8: 0000 e9a1 | f047 ff90 
[Verified Entry Point]
  0x000002bf0801f8e0: 8984 2400 | 80ff ff55 | 488b ec48 | 83ec 7090 | 4181 7f20 | 3700 0000 

  0x000002bf0801f8f8: ;   {runtime_call StubRoutines (final stubs)}
  0x000002bf0801f8f8: 7405 e8c1 | 6346 ff48 | 897c 2428 | 4c89 4c24 | 204d 8bc8 

  0x000002bf0801f90c: ;   {oop(a 'java/lang/Class'{0x0000000411b35e38} = 'org/lwjgl/opengl/GL11C')}
  0x000002bf0801f90c: 4c8b c249 | be38 5eb3 | 1104 0000 | 004c 8974 | 2460 4c8d | 7424 6049 | 8bd6 c5f8 

  0x000002bf0801f928: ;   {internal_word}
  0x000002bf0801f928: 7749 ba26 | f901 08bf | 0200 004d | 8997 a003 | 0000 4989 | a798 0300 

  0x000002bf0801f940: ;   {external_word}
  0x000002bf0801f940: 0049 ba2f | dc36 e4fc | 7f00 0041 | 803a 000f | 844e 0000 | 0052 4150 

  0x000002bf0801f958: ;   {metadata({method} {0x000002bf28be5d00} 'nglDrawElements' '(IIIJ)V' in 'org/lwjgl/opengl/GL11C')}
  0x000002bf0801f958: 4151 48ba | f85c be28 | bf02 0000 | 498b cf48 | 83ec 2040 | f6c4 0f0f | 8419 0000 | 0048 83ec 
  0x000002bf0801f978: ;   {runtime_call}
  0x000002bf0801f978: 0848 b830 | bbe0 e3fc | 7f00 00ff | d048 83c4 | 08e9 0c00 

  0x000002bf0801f98c: ;   {runtime_call}
  0x000002bf0801f98c: 0000 48b8 | 30bb e0e3 | fc7f 0000 | ffd0 4883 | c420 4159 | 4158 5a49 | 8d8f b803 | 0000 41c7 
  0x000002bf0801f9ac: 8744 0400 | 0004 0000 

  0x000002bf0801f9b4: ;   {runtime_call}
  0x000002bf0801f9b4: 0048 b8e0 | c661 ddfd | 7f00 00ff | d0c5 f877 | 41c7 8744 | 0400 0005 | 0000 00f0 | 8344 24c0 
  0x000002bf0801f9d4: 0049 3baf | 4804 0000 | 0f87 0e00 | 0000 4183 | bf40 0400 | 0000 0f84 | 2300 0000 | c5f8 7749 
  0x000002bf0801f9f4: 8bcf 4c8b | e448 83ec | 2048 83e4 

  0x000002bf0801fa00: ;   {runtime_call}
  0x000002bf0801fa00: f048 b8f0 | 27ac e3fc | 7f00 00ff | d049 8be4 | 4d33 e441 | c787 4404 | 0000 0800 | 0000 4183 
  0x000002bf0801fa20: bfc0 0400 | 0002 0f84 | 9400 0000 

  0x000002bf0801fa2c: ;   {external_word}
  0x000002bf0801fa2c: 49ba 2fdc | 36e4 fc7f | 0000 4180 | 3a00 0f84 | 4400 0000 

  0x000002bf0801fa40: ;   {metadata({method} {0x000002bf28be5d00} 'nglDrawElements' '(IIIJ)V' in 'org/lwjgl/opengl/GL11C')}
  0x000002bf0801fa40: 48ba f85c | be28 bf02 | 0000 498b | cf48 83ec | 2040 f6c4 | 0f0f 8419 | 0000 0048 

  0x000002bf0801fa5c: ;   {runtime_call}
  0x000002bf0801fa5c: 83ec 0848 | b830 bbe0 | e3fc 7f00 | 00ff d048 | 83c4 08e9 | 0c00 0000 

  0x000002bf0801fa74: ;   {runtime_call}
  0x000002bf0801fa74: 48b8 30bb | e0e3 fc7f | 0000 ffd0 | 4883 c420 | 49c7 8798 | 0300 0000 | 0000 0049 | c787 a003 
  0x000002bf0801fa94: 0000 0000 | 0000 c5f8 | 7749 8b8f | 2804 0000 | c781 0001 | 0000 0000 | 0000 c949 | 837f 0800 
  0x000002bf0801fab4: 0f85 0100 

  0x000002bf0801fab8: ;   {runtime_call StubRoutines (initial stubs)}
  0x000002bf0801fab8: 0000 c3e9 | 4014 43ff | c5f8 774c | 8be4 4883 | ec20 4883 

  0x000002bf0801facc: ;   {runtime_call}
  0x000002bf0801facc: e4f0 48b8 | 00f3 e0e3 | fc7f 0000 | ffd0 498b | e44d 33e4 | e947 ffff | fff4 f4f4 
[/MachCode]


Compiled method (c2) 150795 26448       4       org.lwjgl.opengl.GL11C::glDrawElements (8 bytes)
 total in heap  [0x000002bf08e2bb10,0x000002bf08e2bda8] = 664
 relocation     [0x000002bf08e2bc70,0x000002bf08e2bc90] = 32
 main code      [0x000002bf08e2bca0,0x000002bf08e2bd08] = 104
 stub code      [0x000002bf08e2bd08,0x000002bf08e2bd30] = 40
 oops           [0x000002bf08e2bd30,0x000002bf08e2bd38] = 8
 metadata       [0x000002bf08e2bd38,0x000002bf08e2bd40] = 8
 scopes data    [0x000002bf08e2bd40,0x000002bf08e2bd58] = 24
 scopes pcs     [0x000002bf08e2bd58,0x000002bf08e2bd88] = 48
 dependencies   [0x000002bf08e2bd88,0x000002bf08e2bd90] = 8
 handler table  [0x000002bf08e2bd90,0x000002bf08e2bda8] = 24

[Constant Pool (empty)]

[MachCode]
[Verified Entry Point]
  # {method} {0x000002bf28be5de8} 'glDrawElements' '(IIIJ)V' in 'org/lwjgl/opengl/GL11C'
  # parm0:    rdx       = int
  # parm1:    r8        = int
  # parm2:    r9        = int
  # parm3:    rdi:rdi   = long
  #           [sp+0x20]  (sp of caller)
  0x000002bf08e2bca0: 8984 2400 | 80ff ff55 | 4883 ec10 | 4181 7f20 | 3700 0000 | 0f85 4400 

  0x000002bf08e2bcb8: ;   {static_call}
  0x000002bf08e2bcb8: 0000 90e8 

  0x000002bf08e2bcbc: ; ImmutableOopMap {}
                      ;*invokestatic nglDrawElements {reexecute=0 rethrow=0 return_oop=0}
                      ; - org.lwjgl.opengl.GL11C::glDrawElements@4 (line 543)
  0x000002bf08e2bcbc: 203c 1fff 

  0x000002bf08e2bcc0: ;   {other}
  0x000002bf08e2bcc0: 0f1f 8400 | b001 0000 | 4883 c410 

  0x000002bf08e2bccc: ;   {poll_return}
  0x000002bf08e2bccc: 5d49 3ba7 | 4804 0000 | 0f87 0e00 | 0000 c348 | 8bd0 4883 

  0x000002bf08e2bce0: ;   {runtime_call _rethrow_Java}
  0x000002bf08e2bce0: c410 5de9 | 9881 75fe 

  0x000002bf08e2bce8: ;   {internal_word}
  0x000002bf08e2bce8: 49ba cdbc | e208 bf02 | 0000 4d89 | 9760 0400 

  0x000002bf08e2bcf8: ;   {runtime_call SafepointBlob}
  0x000002bf08e2bcf8: 00e9 82ae 

  0x000002bf08e2bcfc: ;   {runtime_call StubRoutines (final stubs)}
  0x000002bf08e2bcfc: 67fe e8bd | 9f65 fee9 | b2ff ffff 
[Stub Code]
  0x000002bf08e2bd08: ;   {no_reloc}
  0x000002bf08e2bd08: 48bb 0000 | 0000 0000 

  0x000002bf08e2bd10: ;   {runtime_call nmethod}
  0x000002bf08e2bd10: 0000 e9fb 

  0x000002bf08e2bd14: ;   {runtime_call ExceptionBlob}
  0x000002bf08e2bd14: ffff ffe9 | e4d1 74fe 
[Deopt Handler Code]
  0x000002bf08e2bd1c: e800 0000 | 0048 832c 

  0x000002bf08e2bd24: ;   {runtime_call DeoptimizationBlob}
  0x000002bf08e2bd24: 2405 e9f5 | c267 fef4 | f4f4 f4f4 
[/MachCode]


Compiled method (c2) 150796 55289       4       com.seibel.distanthorizons.common.render.openGl.terrain.GlDhTerrainShaderProgram_neoforge::render (406 bytes)
 total in heap  [0x000002bf08ac8110,0x000002bf08aca930] = 10272
 relocation     [0x000002bf08ac8270,0x000002bf08ac84e0] = 624
 constants      [0x000002bf08ac84e0,0x000002bf08ac8500] = 32
 main code      [0x000002bf08ac8500,0x000002bf08ac93f8] = 3832
 stub code      [0x000002bf08ac93f8,0x000002bf08ac9510] = 280
 oops           [0x000002bf08ac9510,0x000002bf08ac9540] = 48
 metadata       [0x000002bf08ac9540,0x000002bf08ac9770] = 560
 scopes data    [0x000002bf08ac9770,0x000002bf08aca098] = 2344
 scopes pcs     [0x000002bf08aca098,0x000002bf08aca568] = 1232
 dependencies   [0x000002bf08aca568,0x000002bf08aca5f8] = 144
 handler table  [0x000002bf08aca5f8,0x000002bf08aca880] = 648
 nul chk table  [0x000002bf08aca880,0x000002bf08aca930] = 176


[Constant Pool]
             Address          hex4                    hex8      
  0x000002bf08ac84e0:   0x00000000      0x3ff8000000000000      
  0x000002bf08ac84e4:   0x3ff80000                              
  0x000002bf08ac84e8:   0xf4f4f4f4      0xf4f4f4f4f4f4f4f4      
  0x000002bf08ac84ec:   0xf4f4f4f4                              
  0x000002bf08ac84f0:   0xf4f4f4f4      0xf4f4f4f4f4f4f4f4      
  0x000002bf08ac84f4:   0xf4f4f4f4                              
  0x000002bf08ac84f8:   0xf4f4f4f4      0xf4f4f4f4f4f4f4f4      
  0x000002bf08ac84fc:   0xf4f4f4f4                              

[MachCode]
[Entry Point]
  # {method} {0x000002bfc2dcfb50} 'render' '(Lcom/seibel/distanthorizons/core/render/RenderParams;ZLcom/seibel/distanthorizons/core/util/objects/SortedArraySet;Lcom/seibel/distanthorizons/core/wrapperInterfaces/minecraft/IProfilerWrapper;)V' in 'com/seibel/distanthorizons/common/render/openGl/terrain/GlDhTerrainShaderProgram_neoforge'
  # this:     rdx:rdx   = 'com/seibel/distanthorizons/common/render/openGl/terrain/GlDhTerrainShaderProgram_neoforge'
  # parm0:    r8:r8     = 'com/seibel/distanthorizons/core/render/RenderParams'
  # parm1:    r9        = boolean
  # parm2:    rdi:rdi   = 'com/seibel/distanthorizons/core/util/objects/SortedArraySet'
  # parm3:    rsi:rsi   = 'com/seibel/distanthorizons/core/wrapperInterfaces/minecraft/IProfilerWrapper'
  #           [sp+0x80]  (sp of caller)
  0x000002bf08ac8500: ;   {no_reloc}
  0x000002bf08ac8500: 448b 5208 | 49bb 0000 | 0000 0800 | 0000 4d03 | d349 3bc2 

  0x000002bf08ac8514: ;   {runtime_call ic_miss_stub}
  0x000002bf08ac8514: 0f85 6664 | 9dfe 6690 | 0f1f 4000 
[Verified Entry Point]
  0x000002bf08ac8520: 8984 2400 | 80ff ff55 | 4883 ec70 | 4181 7f20 | 3700 0000 | 0f85 b30e | 0000 4889 | 7c24 3044 
  0x000002bf08ac8540: 894c 2428 | 4c89 4424 

  0x000002bf08ac8548: ;   {oop(a 'java/lang/Class'{0x00000004250beae8} = 'com/seibel/distanthorizons/core/config/Config$Client$Advanced$Debugging')}
  0x000002bf08ac8548: 2049 bae8 | ea0b 2504 | 0000 0045 | 8b9a 8400 | 0000 430f | b66c dc0d | 85ed 0f84 | f80a 0000 
  0x000002bf08ac8568: 438b 6cdc | 3c85 ed0f | 8503 0b00 | 0043 8b6c | dc1c 458b 

  0x000002bf08ac857c: ;   {metadata('java/lang/Boolean')}
  0x000002bf08ac857c: 5cec 0841 | 81fb e073 | 0500 0f85 | 5c0b 0000 | 4d8d 14ec | 410f b66a | 0c85 ed0f | 85f3 0a00 
  0x000002bf08ac859c: 00ba 0804 | 0000 4d8b | 9780 0300 | 0049 8b2a | 41b8 021b 

  0x000002bf08ac85b0: ;   {static_call}
  0x000002bf08ac85b0: 0000 90e8 

  0x000002bf08ac85b4: ; ImmutableOopMap {rbp=Oop [32]=Oop [48]=Oop }
                      ;*invokestatic glPolygonMode {reexecute=0 rethrow=0 return_oop=0}
                      ; - org.lwjgl.opengl.GL11::glPolygonMode@2 (line 4987)
                      ; - com.seibel.distanthorizons.common.render.openGl.terrain.GlDhTerrainShaderProgram_neoforge::render@43 (line 276)
  0x000002bf08ac85b4: 28e8 50ff 

  0x000002bf08ac85b8: ;   {other}
  0x000002bf08ac85b8: 0f1f 8400 | a804 0000 | ba44 0b00 

  0x000002bf08ac85c4: ;   {static_call}
  0x000002bf08ac85c4: 0066 90e8 

  0x000002bf08ac85c8: ; ImmutableOopMap {rbp=Oop [32]=Oop [48]=Oop }
                      ;*invokestatic glEnable {reexecute=0 rethrow=0 return_oop=0}
                      ; - org.lwjgl.opengl.GL11::glEnable@1 (line 724)
                      ; - com.seibel.distanthorizons.common.wrappers.minecraft.MinecraftGLWrapper::enableFaceCulling@3 (line 192)
                      ; - com.seibel.distanthorizons.common.render.openGl.terrain.GlDhTerrainShaderProgram_neoforge::render@49 (line 277)
  0x000002bf08ac85c8: 9450 a9ff 

  0x000002bf08ac85cc: ;   {other}
  0x000002bf08ac85cc: 0f1f 8400 | bc04 0001 

  0x000002bf08ac85d4: ;   {oop(a 'java/lang/Class'{0x000000041fd22940} = 'com/mojang/blaze3d/systems/RenderSystem')}
  0x000002bf08ac85d4: 49ba 4029 | d21f 0400 | 0000 458b | 5a7c 4d8b | d349 c1e2 | 034c 8bc5 | 493b ea0f | 8527 0a00 
  0x000002bf08ac85f4: ;   {oop(a 'com/mojang/blaze3d/platform/GlStateManager$CullState'{0x000000042038af90})}
  0x000002bf08ac85f4: 0049 ba90 | af38 2004 | 0000 0045 | 8b4a 1043 | 0fb6 6ccc | 1185 ed0f | 8593 0a00 | 0047 0fb6 
  0x000002bf08ac8614: 5ccc 1041 | 83fb 0174 | 1e49 8be8 | 43c6 44cc | 1001 438b 

  0x000002bf08ac8628: ;   {static_call}
  0x000002bf08ac8628: 54cc 0ce8 

  0x000002bf08ac862c: ; ImmutableOopMap {rbp=Oop [32]=Oop [48]=Oop }
                      ;*invokestatic glEnable {reexecute=0 rethrow=0 return_oop=0}
                      ; - org.lwjgl.opengl.GL11::glEnable@1 (line 724)
                      ; - com.mojang.blaze3d.platform.GlStateManager$BooleanState::setEnabled@49 (line 777)
                      ; - com.mojang.blaze3d.platform.GlStateManager$BooleanState::enable@2 (line 769)
                      ; - com.mojang.blaze3d.platform.GlStateManager::_enableCull@9 (line 438)
                      ; - com.seibel.distanthorizons.common.wrappers.minecraft.MinecraftGLWrapper::enableFaceCulling@6 (line 193)
                      ; - com.seibel.distanthorizons.common.render.openGl.terrain.GlDhTerrainShaderProgram_neoforge::render@49 (line 277)
  0x000002bf08ac862c: 5072 9dfe 

  0x000002bf08ac8630: ;   {other}
  0x000002bf08ac8630: 0f1f 8400 | 2005 0002 | 4c8b c5ba | e20b 0000 | 8b6c 2428 | 85ed 7429 | 4c89 4424 

  0x000002bf08ac864c: ;   {static_call}
  0x000002bf08ac864c: 2866 90e8 

  0x000002bf08ac8650: ; ImmutableOopMap {[32]=Oop [40]=Oop [48]=Oop }
                      ;*invokestatic glDisable {reexecute=0 rethrow=0 return_oop=0}
                      ; - org.lwjgl.opengl.GL11::glDisable@1 (line 737)
                      ; - com.seibel.distanthorizons.common.wrappers.minecraft.MinecraftGLWrapper::disableBlend@3 (line 137)
                      ; - com.seibel.distanthorizons.common.render.openGl.terrain.GlDhTerrainShaderProgram_neoforge::render@96 (line 289)
  0x000002bf08ac8650: 0ce7 95ff 

  0x000002bf08ac8654: ;   {other}
  0x000002bf08ac8654: 0f1f 8400 | 4405 0003 

  0x000002bf08ac865c: ;   {static_call}
  0x000002bf08ac865c: 6666 90e8 

  0x000002bf08ac8660: ; ImmutableOopMap {[32]=Oop [40]=Oop [48]=Oop }
                      ;*invokestatic _disableBlend {reexecute=0 rethrow=0 return_oop=0}
                      ; - com.seibel.distanthorizons.common.wrappers.minecraft.MinecraftGLWrapper::disableBlend@6 (line 138)
                      ; - com.seibel.distanthorizons.common.render.openGl.terrain.GlDhTerrainShaderProgram_neoforge::render@96 (line 289)
  0x000002bf08ac8660: dcbb 1500 

  0x000002bf08ac8664: ;   {other}
  0x000002bf08ac8664: 0f1f 8400 | 5405 0004 | e9a5 0000 | 004c 8944 

  0x000002bf08ac8674: ;   {static_call}
  0x000002bf08ac8674: 2428 90e8 

  0x000002bf08ac8678: ; ImmutableOopMap {[32]=Oop [40]=Oop [48]=Oop }
                      ;*invokestatic glEnable {reexecute=0 rethrow=0 return_oop=0}
                      ; - org.lwjgl.opengl.GL11::glEnable@1 (line 724)
                      ; - com.seibel.distanthorizons.common.wrappers.minecraft.MinecraftGLWrapper::enableBlend@3 (line 131)
                      ; - com.seibel.distanthorizons.common.render.openGl.terrain.GlDhTerrainShaderProgram_neoforge::render@59 (line 282)
  0x000002bf08ac8678: e44f a9ff 

  0x000002bf08ac867c: ;   {other}
  0x000002bf08ac867c: 0f1f 8400 | 6c05 0005 

  0x000002bf08ac8684: ;   {static_call}
  0x000002bf08ac8684: 6666 90e8 

  0x000002bf08ac8688: ; ImmutableOopMap {[32]=Oop [40]=Oop [48]=Oop }
                      ;*invokestatic _enableBlend {reexecute=0 rethrow=0 return_oop=0}
                      ; - com.seibel.distanthorizons.common.wrappers.minecraft.MinecraftGLWrapper::enableBlend@6 (line 132)
                      ; - com.seibel.distanthorizons.common.render.openGl.terrain.GlDhTerrainShaderProgram_neoforge::render@59 (line 282)
  0x000002bf08ac8688: b449 3c00 

  0x000002bf08ac868c: ;   {other}
  0x000002bf08ac868c: 0f1f 8400 | 7c05 0006 | ba71 0b00 

  0x000002bf08ac8698: ;   {static_call}
  0x000002bf08ac8698: 0066 90e8 

  0x000002bf08ac869c: ; ImmutableOopMap {[32]=Oop [40]=Oop [48]=Oop }
                      ;*invokestatic glEnable {reexecute=0 rethrow=0 return_oop=0}
                      ; - org.lwjgl.opengl.GL11::glEnable@1 (line 724)
                      ; - com.seibel.distanthorizons.common.wrappers.minecraft.MinecraftGLWrapper::enableDepthTest@3 (line 95)
                      ; - com.seibel.distanthorizons.common.render.openGl.terrain.GlDhTerrainShaderProgram_neoforge::render@65 (line 283)
  0x000002bf08ac869c: c04f a9ff 

  0x000002bf08ac86a0: ;   {other}
  0x000002bf08ac86a0: 0f1f 8400 | 9005 0007 

  0x000002bf08ac86a8: ;   {static_call}
  0x000002bf08ac86a8: 6666 90e8 

  0x000002bf08ac86ac: ; ImmutableOopMap {[32]=Oop [40]=Oop [48]=Oop }
                      ;*invokestatic _enableDepthTest {reexecute=0 rethrow=0 return_oop=0}
                      ; - com.seibel.distanthorizons.common.wrappers.minecraft.MinecraftGLWrapper::enableDepthTest@6 (line 96)
                      ; - com.seibel.distanthorizons.common.render.openGl.terrain.GlDhTerrainShaderProgram_neoforge::render@65 (line 283)
  0x000002bf08ac86ac: 90a9 5300 

  0x000002bf08ac86b0: ;   {other}
  0x000002bf08ac86b0: 0f1f 8400 | a005 0008 | ba06 8000 

  0x000002bf08ac86bc: ;   {static_call}
  0x000002bf08ac86bc: 0066 90e8 

  0x000002bf08ac86c0: ; ImmutableOopMap {[32]=Oop [40]=Oop [48]=Oop }
                      ;*invokestatic glBlendEquation {reexecute=0 rethrow=0 return_oop=0}
                      ; - org.lwjgl.opengl.GL14::glBlendEquation@1 (line 196)
                      ; - com.seibel.distanthorizons.common.render.openGl.terrain.GlDhTerrainShaderProgram_neoforge::render@71 (line 284)
  0x000002bf08ac86c0: 1c27 4000 

  0x000002bf08ac86c4: ;   {other}
  0x000002bf08ac86c4: 0f1f 8400 | b405 0009 | ba02 0300 | 0041 b803 | 0300 0041 | b901 0000 | 00bf 0303 

  0x000002bf08ac86e0: ;   {static_call}
  0x000002bf08ac86e0: 0000 90e8 

  0x000002bf08ac86e4: ; ImmutableOopMap {[32]=Oop [40]=Oop [48]=Oop }
                      ;*invokestatic glBlendFuncSeparate {reexecute=0 rethrow=0 return_oop=0}
                      ; - com.seibel.distanthorizons.common.wrappers.minecraft.MinecraftGLWrapper::glBlendFuncSeparate@5 (line 153)
                      ; - com.seibel.distanthorizons.common.render.openGl.terrain.GlDhTerrainShaderProgram_neoforge::render@87 (line 285)
  0x000002bf08ac86e4: b8a8 6701 

  0x000002bf08ac86e8: ;   {other}
  0x000002bf08ac86e8: 0f1f 8400 | d805 000a | ba02 0300 | 0041 b803 | 0300 0041 | b901 0000 | 00bf 0303 

  0x000002bf08ac8704: ;   {static_call}
  0x000002bf08ac8704: 0000 90e8 

  0x000002bf08ac8708: ; ImmutableOopMap {[32]=Oop [40]=Oop [48]=Oop }
                      ;*invokestatic _blendFuncSeparate {reexecute=0 rethrow=0 return_oop=0}
                      ; - com.seibel.distanthorizons.common.wrappers.minecraft.MinecraftGLWrapper::glBlendFuncSeparate@13 (line 154)
                      ; - com.seibel.distanthorizons.common.render.openGl.terrain.GlDhTerrainShaderProgram_neoforge::render@87 (line 285)
  0x000002bf08ac8708: 3401 2e00 

  0x000002bf08ac870c: ;   {other}
  0x000002bf08ac870c: 0f1f 8400 | fc05 000b | 33ed 896c | 2438 ba44 

  0x000002bf08ac871c: ;   {static_call}
  0x000002bf08ac871c: 0b00 00e8 

  0x000002bf08ac8720: ; ImmutableOopMap {[32]=Oop [40]=Oop [48]=Oop }
                      ;*invokestatic glEnable {reexecute=0 rethrow=0 return_oop=0}
                      ; - org.lwjgl.opengl.GL11::glEnable@1 (line 724)
                      ; - com.seibel.distanthorizons.common.wrappers.minecraft.MinecraftGLWrapper::enableFaceCulling@3 (line 192)
                      ; - com.seibel.distanthorizons.common.render.openGl.terrain.GlDhTerrainShaderProgram_neoforge::render@108 (line 305)
  0x000002bf08ac8720: 3c4f a9ff 

  0x000002bf08ac8724: ;   {other}
  0x000002bf08ac8724: 0f1f 8400 | 1406 000c 

  0x000002bf08ac872c: ;   {oop(a 'java/lang/Class'{0x000000041fd22940} = 'com/mojang/blaze3d/systems/RenderSystem')}
  0x000002bf08ac872c: 49ba 4029 | d21f 0400 | 0000 458b | 5a7c 4d8b | d349 c1e2 | 034c 8b5c | 2428 4d3b | da0f 85f9 
  0x000002bf08ac874c: ;   {oop(a 'com/mojang/blaze3d/platform/GlStateManager$CullState'{0x000000042038af90})}
  0x000002bf08ac874c: 0800 0049 | ba90 af38 | 2004 0000 | 0045 8b42 | 1043 0fb6 | 6cc4 1185 | ed0f 8551 | 0900 0047 
  0x000002bf08ac876c: 0fb6 5cc4 | 1041 83fb | 0174 1943 | c644 c410 | 0143 8b54 

  0x000002bf08ac8780: ;   {static_call}
  0x000002bf08ac8780: c40c 90e8 

  0x000002bf08ac8784: ; ImmutableOopMap {[32]=Oop [48]=Oop }
                      ;*invokestatic glEnable {reexecute=0 rethrow=0 return_oop=0}
                      ; - org.lwjgl.opengl.GL11::glEnable@1 (line 724)
                      ; - com.mojang.blaze3d.platform.GlStateManager$BooleanState::setEnabled@49 (line 777)
                      ; - com.mojang.blaze3d.platform.GlStateManager$BooleanState::enable@2 (line 769)
                      ; - com.mojang.blaze3d.platform.GlStateManager::_enableCull@9 (line 438)
                      ; - com.seibel.distanthorizons.common.wrappers.minecraft.MinecraftGLWrapper::enableFaceCulling@6 (line 193)
                      ; - com.seibel.distanthorizons.common.render.openGl.terrain.GlDhTerrainShaderProgram_neoforge::render@108 (line 305)
  0x000002bf08ac8784: f870 9dfe 

  0x000002bf08ac8788: ;   {other}
  0x000002bf08ac8788: 0f1f 8400 | 7806 000d | 488b 5c24 | 3044 8b4b | 0c43 8b6c | cc10 85ed | 0f8e 6c05 | 0000 4c8b 
  0x000002bf08ac87a8: 5c24 204d | 85db 0f84 | 5408 0000 | 33c9 e9e6 

  0x000002bf08ac87b8: ;   {oop(a 'com/seibel/distanthorizons/common/render/openGl/GlDhRenderApiDefinition_neoforge'{0x0000000426a64708})}
  0x000002bf08ac87b8: 0000 0049 | ba08 47a6 | 2604 0000 | 0041 0fb6 | 6a0c 85ed | 0f84 0e08 

  0x000002bf08ac87d0: ;   {oop(a 'java/lang/Class'{0x000000041854d6b8} = 'com/seibel/distanthorizons/common/render/openGl/glObject/buffer/GLVertexBuffer')}
  0x000002bf08ac87d0: 0000 49ba | b8d6 5418 | 0400 0000 | 458b 5a74 

  0x000002bf08ac87e0: ; implicit exception: dispatches to 0x000002bf08ac9298
  0x000002bf08ac87e0: 478b 4cdc | 1cba 0400 | 0000 448b | 4424 5033 

  0x000002bf08ac87f0: ;   {static_call}
  0x000002bf08ac87f0: ff66 90e8 

  0x000002bf08ac87f4: ; ImmutableOopMap {[40]=Oop [48]=Oop [56]=NarrowOop [64]=Oop [72]=Oop }
                      ;*invokestatic glDrawElements {reexecute=0 rethrow=0 return_oop=0}
                      ; - org.lwjgl.opengl.GL11::glDrawElements@4 (line 1870)
                      ; - com.seibel.distanthorizons.common.render.openGl.terrain.GlDhTerrainShaderProgram_neoforge::render@357 (line 350)
  0x000002bf08ac87f4: a834 3600 

  0x000002bf08ac87f8: ;   {other}
  0x000002bf08ac87f8: 0f1f 8400 | e806 000e | ba92 8800 | 0045 33c0 

  0x000002bf08ac8808: ;   {static_call}
  0x000002bf08ac8808: 6666 90e8 

  0x000002bf08ac880c: ; ImmutableOopMap {[40]=Oop [48]=Oop [56]=NarrowOop [64]=Oop [72]=Oop }
                      ;*invokestatic glBindBuffer {reexecute=0 rethrow=0 return_oop=0}
                      ; - org.lwjgl.opengl.GL15::glBindBuffer@2 (line 129)
                      ; - com.seibel.distanthorizons.common.render.openGl.glObject.buffer.GLBuffer::unbind@5 (line 97)
                      ; - com.seibel.distanthorizons.common.render.openGl.terrain.GlDhTerrainShaderProgram_neoforge::render@362 (line 355)
  0x000002bf08ac880c: 5033 50ff 

  0x000002bf08ac8810: ;   {other}
  0x000002bf08ac8810: 0f1f 8400 | 0007 000f 

  0x000002bf08ac8818: ;   {oop(a 'com/seibel/distanthorizons/common/render/openGl/GlDhRenderApiDefinition_neoforge'{0x0000000426a64708})}
  0x000002bf08ac8818: 49ba 0847 | a626 0400 | 0000 410f | b66a 0c85 | ed0f 84c5 

  0x000002bf08ac882c: ;   {oop(a 'java/lang/Class'{0x000000041854d6b8} = 'com/seibel/distanthorizons/common/render/openGl/glObject/buffer/GLVertexBuffer')}
  0x000002bf08ac882c: 0700 0049 | bab8 d654 | 1804 0000 | 0045 3b62 | 740f 849d | 0600 00ba | 9388 0000 

  0x000002bf08ac8848: ;   {static_call}
  0x000002bf08ac8848: 4533 c0e8 

  0x000002bf08ac884c: ; ImmutableOopMap {[40]=Oop [48]=Oop [56]=NarrowOop [64]=Oop }
                      ;*invokestatic glBindBuffer {reexecute=0 rethrow=0 return_oop=0}
                      ; - org.lwjgl.opengl.GL15::glBindBuffer@2 (line 129)
                      ; - com.seibel.distanthorizons.common.render.openGl.glObject.buffer.GLBuffer::unbind@5 (line 97)
                      ; - com.seibel.distanthorizons.common.render.openGl.terrain.GlDhTerrainShaderProgram_neoforge::render@370 (line 356)
  0x000002bf08ac884c: 1033 50ff 

  0x000002bf08ac8850: ;   {other}
  0x000002bf08ac8850: 0f1f 8400 | 4007 0010 | 448b 4424 | 5441 ffc0 | 443b 4424 | 3c0f 8c4c | 0300 0044 | 8b54 2424 
  0x000002bf08ac8870: 4d8b 8750 | 0400 0048 | 8b5c 2430 | 448b 4b0c | 8b4c 2420 

  0x000002bf08ac8884: ; ImmutableOopMap {r9=NarrowOop rbx=Oop [40]=Oop [48]=Oop }
                      ;*goto {reexecute=1 rethrow=0 return_oop=0}
                      ; - (reexecute) com.seibel.distanthorizons.common.render.openGl.terrain.GlDhTerrainShaderProgram_neoforge::render@382 (line 311)
                      ;   {poll}
  0x000002bf08ac8884: ffc1 4185 | 0047 8b5c | cc10 413b | cb0f 8d7b | 0400 004c | 8b5c 2428 | 4489 5424 | 3847 8b44 
  0x000002bf08ac88a4: cc10 4585 | c00f 8ca1 | 0500 0041 | 3bc8 0f83 | 3905 0000 | 4889 5c24 | 304c 895c | 2428 478b 
  0x000002bf08ac88c4: 4ccc 1444 | 8bd9 478b | 54cc 0c45 | 3bda 0f83 | 4805 0000 | 4f8d 14cc | 478b 549a | 1047 8b44 
  0x000002bf08ac88e4: ;   {metadata('com/seibel/distanthorizons/core/dataObjects/render/bufferBuilding/LodBufferContainer')}
  0x000002bf08ac88e4: d408 4181 | f820 66c3 | 020f 8509 | 0800 0044 | 895c 2420 | 4d8b 8fb8 | 0100 004c | 8b5c 2428 
  0x000002bf08ac8904: 458b 5b54 | 4489 5c24 | 244d 8bd9 | 4983 c318 | 49c1 e203 | 4c89 5424 | 404d 3b9f | c801 0000 
  0x000002bf08ac8924: 0f83 8004 | 0000 4d89 | 9fb8 0100 | 0041 0f18 | 8300 0100 | 0049 c701 | 0100 0000 | 4d8b d149 
  0x000002bf08ac8944: ;   {metadata('com/seibel/distanthorizons/core/util/math/Vec3f')}
  0x000002bf08ac8944: 83c2 1041 | c741 0898 | 76ef 0245 | 8961 0cc5 | fdef c0c4 | c179 d602 | 4c89 4c24 | 484c 8b54 
  0x000002bf08ac8964: 2440 458b | 5a18 478b | 54dc 0c44 | 8b44 2424 

  0x000002bf08ac8974: ; implicit exception: dispatches to 0x000002bf08ac9198
  0x000002bf08ac8974: c481 7b10 | 44c4 10c4 | 817b 104c 

  0x000002bf08ac8980: ;   {oop(a 'com/seibel/distanthorizons/common/render/openGl/GlDhMetaRenderer_neoforge'{0x0000000426a65610})}
  0x000002bf08ac8980: c420 49b8 | 1056 a626 | 0400 0000 | 418b 6830 | 448b 4424 | 24c4 817b | 1054 c418 | 478b 4cdc 
  0x000002bf08ac89a0: 1447 8b5c | dc10 c4c1 | 796e dac5 | fae6 dbc5 | e35c c0c4 | c179 6edb | c5fa e6db | c4c1 796e 
  0x000002bf08ac89c0: e1c5 fae6 | e4c5 e35c | d2c5 db5c | c9c5 e35a | d84c 8b54 | 2448 c4c1 | 7a11 5a0c | c5fb 5ac1 
  0x000002bf08ac89e0: c4c1 7a11 | 4214 c5f3 | 5aca c4c1 | 7a11 4a10 

  0x000002bf08ac89f0: ; implicit exception: dispatches to 0x000002bf08ac91ac
  0x000002bf08ac89f0: 458b 54ec 

  0x000002bf08ac89f4: ;   {metadata('com/seibel/distanthorizons/common/render/openGl/terrain/GlDhTerrainShaderProgram_neoforge')}
  0x000002bf08ac89f4: 0841 81fa | 306a ef02 | 0f85 7e04 | 0000 4d8d | 14ec 4c89 | 5424 5041 | 0fb6 6a44 | 85ed 0f84 
  0x000002bf08ac8a14: 3105 0000 | 418b 520c 

  0x000002bf08ac8a1c: ;   {static_call}
  0x000002bf08ac8a1c: 6666 90e8 

  0x000002bf08ac8a20: ; ImmutableOopMap {[40]=Oop [48]=Oop [64]=Oop [72]=Oop [80]=Oop }
                      ;*invokestatic glUseProgram {reexecute=0 rethrow=0 return_oop=0}
                      ; - org.lwjgl.opengl.GL20::glUseProgram@1 (line 398)
                      ; - com.seibel.distanthorizons.common.render.openGl.glObject.shader.GlShaderProgram::bind@4 (line 99)
                      ; - com.seibel.distanthorizons.common.render.openGl.terrain.GlDhTerrainShaderProgram_neoforge::bind@5 (line 174)
                      ; - com.seibel.distanthorizons.common.render.openGl.terrain.GlDhTerrainShaderProgram_neoforge::render@207 (line 323)
  0x000002bf08ac8a20: bc00 64ff 

  0x000002bf08ac8a24: ;   {other}
  0x000002bf08ac8a24: 0f1f 8400 | 1409 0012 | 4c8b 5424 | 5045 8b5a | 4843 8b54 

  0x000002bf08ac8a38: ;   {static_call}
  0x000002bf08ac8a38: dc0c 90e8 

  0x000002bf08ac8a3c: ; ImmutableOopMap {[40]=Oop [48]=Oop [64]=Oop [72]=Oop }
                      ;*invokestatic glBindVertexArray {reexecute=0 rethrow=0 return_oop=0}
                      ; - org.lwjgl.opengl.GL30::glBindVertexArray@1 (line 2283)
                      ; - com.seibel.distanthorizons.common.render.openGl.glObject.vertexAttribute.GlAbstractVertexAttribute::bind@4 (line 67)
                      ; - com.seibel.distanthorizons.common.render.openGl.terrain.GlDhTerrainShaderProgram_neoforge::bind@12 (line 175)
                      ; - com.seibel.distanthorizons.common.render.openGl.terrain.GlDhTerrainShaderProgram_neoforge::render@207 (line 323)
  0x000002bf08ac8a3c: 204e 50ff 

  0x000002bf08ac8a40: ;   {other}
  0x000002bf08ac8a40: 0f1f 8400 | 3009 0013 

  0x000002bf08ac8a48: ;   {oop(a 'com/seibel/distanthorizons/common/render/openGl/GlDhMetaRenderer_neoforge'{0x0000000426a65610})}
  0x000002bf08ac8a48: 49ba 1056 | a626 0400 | 0000 418b | 6a30 458b 

  0x000002bf08ac8a58: ;   {metadata('com/seibel/distanthorizons/common/render/openGl/terrain/GlDhTerrainShaderProgram_neoforge')}
  0x000002bf08ac8a58: 5cec 0841 | 81fb 306a | ef02 0f85 | 4804 0000 | 4c8b 5424 | 48c4 c17a | 1042 0cc4 | c17a 104a 
  0x000002bf08ac8a78: 10c4 c17a | 1052 144d | 8d14 ec41 

  0x000002bf08ac8a84: ;   {static_call}
  0x000002bf08ac8a84: 8b52 14e8 

  0x000002bf08ac8a88: ; ImmutableOopMap {[40]=Oop [48]=Oop [64]=Oop [72]=Oop }
                      ;*invokestatic glUniform3f {reexecute=0 rethrow=0 return_oop=0}
                      ; - org.lwjgl.opengl.GL20::glUniform3f@4 (line 456)
                      ; - com.seibel.distanthorizons.common.render.openGl.glObject.shader.GlShaderProgram::setUniform@13 (line 184)
                      ; - com.seibel.distanthorizons.common.render.openGl.terrain.GlDhTerrainShaderProgram_neoforge::setModelOffsetPos@13 (line 244)
                      ; - com.seibel.distanthorizons.common.render.openGl.terrain.GlDhTerrainShaderProgram_neoforge::render@220 (line 324)
  0x000002bf08ac8a88: d465 4a00 

  0x000002bf08ac8a8c: ;   {other}
  0x000002bf08ac8a8c: 0f1f 8400 | 7c09 0014 | 498b 87b8 | 0100 004c | 8bd0 4983 | c240 4d3b | 97c8 0100 | 000f 8321 
  0x000002bf08ac8aac: 0300 004d | 8997 b801 | 0000 410f | 1882 0001 | 0000 48c7 | 0001 0000 | 004c 8bd0 | 4983 c210 
  0x000002bf08ac8acc: ;   {metadata('com/seibel/distanthorizons/api/methods/events/abstractEvents/DhApiBeforeBufferRenderEvent$EventParam')}
  0x000002bf08ac8acc: c740 0898 | 95f5 0244 | 8960 0cc5 | fdef c062 | d1fe 287f | 0262 d1fe | 087f 4202 | 488b e848 
  0x000002bf08ac8aec: 8bd5 4c8b 

  0x000002bf08ac8af0: ;   {optimized virtual_call}
  0x000002bf08ac8af0: 4424 28e8 

  0x000002bf08ac8af4: ; ImmutableOopMap {rbp=Oop [40]=Oop [48]=Oop [64]=Oop [72]=Oop }
                      ;*invokespecial <init> {reexecute=0 rethrow=0 return_oop=0}
                      ; - com.seibel.distanthorizons.api.methods.events.abstractEvents.DhApiBeforeBufferRenderEvent$EventParam::<init>@2 (line 67)
                      ; - com.seibel.distanthorizons.common.render.openGl.terrain.GlDhTerrainShaderProgram_neoforge::render@237 (line 326)
  0x000002bf08ac8af4: c8a0 d5ff 

  0x000002bf08ac8af8: ;   {other}
  0x000002bf08ac8af8: 0f1f 8400 | e809 0015 | 4180 7f40 | 000f 851a | 0200 004c | 8bd5 4c8b | 5c24 484d | 8bc3 49c1 
  0x000002bf08ac8b18: e803 4489 | 4538 4d33 | da49 c1eb | 174d 85db | 741a 49c1 | ea09 48b9 | 0000 560f | bf02 0000 
  0x000002bf08ac8b38: 4903 ca80 | 3902 0f85 | 1802 0000 

  0x000002bf08ac8b44: ;   {oop(a 'com/seibel/distanthorizons/coreapi/DependencyInjection/ApiEventInjector'{0x0000000420388240})}
  0x000002bf08ac8b44: 48ba 4082 | 3820 0400 

  0x000002bf08ac8b4c: ;   {oop(a 'java/lang/Class'{0x000000042622f370} = 'com/seibel/distanthorizons/api/methods/events/abstractEvents/DhApiBeforeBufferRenderEvent')}
  0x000002bf08ac8b4c: 0000 49b8 | 70f3 2226 | 0400 0000 

  0x000002bf08ac8b58: ;   {optimized virtual_call}
  0x000002bf08ac8b58: 4c8b cde8 

  0x000002bf08ac8b5c: ; ImmutableOopMap {[40]=Oop [48]=Oop [64]=Oop }
                      ;*invokevirtual fireAllEvents {reexecute=0 rethrow=0 return_oop=0}
                      ; - com.seibel.distanthorizons.common.render.openGl.terrain.GlDhTerrainShaderProgram_neoforge::render@240 (line 326)
  0x000002bf08ac8b5c: 6074 0800 

  0x000002bf08ac8b60: ;   {other}
  0x000002bf08ac8b60: 0f1f 8400 | 500a 0016 | 4c8b 5424 | 4045 8b4a | 2045 8b42 | 1c44 8b54 | 2438 4585 | d245 0f45 
  0x000002bf08ac8b80: c847 8b5c | cc0c 4585 | db0f 86e1 | fcff ff44 | 895c 243c | 4489 4c24 | 3844 8954 | 2424 458d 
  0x000002bf08ac8ba0: 53ff 453b | d30f 83d9 | 0300 004f | 8d14 cc4c | 8954 2440 | 4533 c04c | 8b54 2440 | 438b 6c82 
  0x000002bf08ac8bc0: 1045 8b54 

  0x000002bf08ac8bc4: ;   {metadata('com/seibel/distanthorizons/common/render/openGl/glObject/buffer/GLVertexBuffer')}
  0x000002bf08ac8bc4: ec08 4181 | fa08 7cea | 020f 854d | 0500 004d | 8d14 ec4c | 8954 2448 | 418b 6a18 | 85ed 0f84 
  0x000002bf08ac8be4: cc03 0000 | 4489 4424 | 5445 8b42 | 0cc5 f96e | c5c5 fae6 

  0x000002bf08ac8bf8: ;   {section_word}
  0x000002bf08ac8bf8: c0c5 fb59 | 05df f8ff | ffc5 7b2c | d041 81fa | 0000 0080 | 0f84 c607 | 0000 4489 | 5424 50ba 
  0x000002bf08ac8c18: 9288 0000 

  0x000002bf08ac8c1c: ;   {static_call}
  0x000002bf08ac8c1c: 6666 90e8 

  0x000002bf08ac8c20: ; ImmutableOopMap {[40]=Oop [48]=Oop [56]=NarrowOop [64]=Oop [72]=Oop }
                      ;*invokestatic glBindBuffer {reexecute=0 rethrow=0 return_oop=0}
                      ; - org.lwjgl.opengl.GL15::glBindBuffer@2 (line 129)
                      ; - com.seibel.distanthorizons.common.render.openGl.glObject.buffer.GLBuffer::bind@8 (line 96)
                      ; - com.seibel.distanthorizons.common.render.openGl.terrain.GlDhTerrainShaderProgram_neoforge::render@318 (line 346)
  0x000002bf08ac8c20: 3c2f 50ff 

  0x000002bf08ac8c24: ;   {other}
  0x000002bf08ac8c24: 0f1f 8400 | 140b 0017 

  0x000002bf08ac8c2c: ;   {oop(a 'com/seibel/distanthorizons/common/render/openGl/GlDhRenderApiDefinition_neoforge'{0x0000000426a64708})}
  0x000002bf08ac8c2c: 49ba 0847 | a626 0400 | 0000 410f | b66a 0c85 | ed0f 8489 

  0x000002bf08ac8c40: ;   {oop(a 'java/lang/Class'{0x000000041854d6b8} = 'com/seibel/distanthorizons/common/render/openGl/glObject/buffer/GLVertexBuffer')}
  0x000002bf08ac8c40: 0300 0049 | bab8 d654 | 1804 0000 | 0045 8b52 | 7447 8b44 | d40c ba93 

  0x000002bf08ac8c58: ;   {static_call}
  0x000002bf08ac8c58: 8800 00e8 

  0x000002bf08ac8c5c: ; ImmutableOopMap {[40]=Oop [48]=Oop [56]=NarrowOop [64]=Oop [72]=Oop }
                      ;*invokestatic glBindBuffer {reexecute=0 rethrow=0 return_oop=0}
                      ; - org.lwjgl.opengl.GL15::glBindBuffer@2 (line 129)
                      ; - com.seibel.distanthorizons.common.render.openGl.glObject.buffer.GLBuffer::bind@8 (line 96)
                      ; - com.seibel.distanthorizons.common.render.openGl.terrain.GlDhTerrainShaderProgram_neoforge::render@326 (line 347)
  0x000002bf08ac8c5c: 002f 50ff 

  0x000002bf08ac8c60: ;   {other}
  0x000002bf08ac8c60: 0f1f 8400 | 500b 0018 

  0x000002bf08ac8c68: ;   {oop(a 'com/seibel/distanthorizons/common/render/openGl/GlDhMetaRenderer_neoforge'{0x0000000426a65610})}
  0x000002bf08ac8c68: 49ba 1056 | a626 0400 | 0000 418b | 6a30 4c8b | 5424 4845 | 8b5a 0c44 | 895c 2458 

  0x000002bf08ac8c84: ; implicit exception: dispatches to 0x000002bf08ac9268
  0x000002bf08ac8c84: 458b 54ec 

  0x000002bf08ac8c88: ;   {metadata('com/seibel/distanthorizons/common/render/openGl/terrain/GlDhTerrainShaderProgram_neoforge')}
  0x000002bf08ac8c88: 0841 81fa | 306a ef02 | 0f85 5e02 | 0000 4d8d | 14ec 418b | 6a48 458b 

  0x000002bf08ac8ca0: ;   {metadata('com/seibel/distanthorizons/common/render/openGl/glObject/vertexAttribute/GlVertexAttributePostGL43')}
  0x000002bf08ac8ca0: 5cec 0841 | 81fb f06f | ef02 0f85 | 6002 0000 | 48c1 e503 | 448b 5510 | 4585 d20f | 8efa faff 
  0x000002bf08ac8cc0: ff45 33d2 | 4489 5424 | 5c0f 1f80 | 0000 0000 | 8b7d 148b | 5424 5c44 | 8b44 2458 

  0x000002bf08ac8cdc: ;   {static_call}
  0x000002bf08ac8cdc: 4533 c9e8 

  0x000002bf08ac8ce0: ; ImmutableOopMap {rbp=Oop [40]=Oop [48]=Oop [56]=NarrowOop [64]=Oop [72]=Oop }
                      ;*invokestatic glBindVertexBuffer {reexecute=0 rethrow=0 return_oop=0}
                      ; - org.lwjgl.opengl.GL43::glBindVertexBuffer@5 (line 1953)
                      ; - com.seibel.distanthorizons.common.render.openGl.glObject.vertexAttribute.GlVertexAttributePostGL43::bindBufferToAllBindingPoints@17 (line 71)
                      ; - com.seibel.distanthorizons.common.render.openGl.terrain.GlDhTerrainShaderProgram_neoforge::bindVertexBuffer@5 (line 192)
                      ; - com.seibel.distanthorizons.common.render.openGl.terrain.GlDhTerrainShaderProgram_neoforge::render@340 (line 349)
  0x000002bf08ac8ce0: fc5e 4a00 

  0x000002bf08ac8ce4: ;   {other}
  0x000002bf08ac8ce4: 0f1f 8400 | d40b 0019 | 4d8b 9750 | 0400 0044 | 8b45 1044 | 8b5c 245c 

  0x000002bf08ac8cfc: ; ImmutableOopMap {rbp=Oop [40]=Oop [48]=Oop [56]=NarrowOop [64]=Oop [72]=Oop }
                      ;*goto {reexecute=1 rethrow=0 return_oop=0}
                      ; - (reexecute) com.seibel.distanthorizons.common.render.openGl.glObject.vertexAttribute.GlVertexAttributePostGL43::bindBufferToAllBindingPoints@23 (line 69)
                      ; - com.seibel.distanthorizons.common.render.openGl.terrain.GlDhTerrainShaderProgram_neoforge::bindVertexBuffer@5 (line 192)
                      ; - com.seibel.distanthorizons.common.render.openGl.terrain.GlDhTerrainShaderProgram_neoforge::render@340 (line 349)
                      ;   {poll}
  0x000002bf08ac8cfc: 41ff c341 | 8502 453b | d80f 8db0 | faff ff44 | 895c 245c | ebbe 4883 

  0x000002bf08ac8d14: ;   {poll_return}
  0x000002bf08ac8d14: c470 5d49 | 3ba7 4804 | 0000 0f87 | 9e06 0000 | c344 8b55 | 3845 85d2 | 0f84 d9fd | ffff 4d8b 
  0x000002bf08ac8d34: 5f28 498b | ca48 c1e1 | 034d 85db | 0f84 e601 | 0000 4d8b | 5738 4b89 | 4c1a f849 | 83c3 f84d 
  0x000002bf08ac8d54: 895f 28e9 | affd ffff | 4d8b 5748 | 4d8b 5f58 | f083 4424 | c000 8039 | 000f 84d1 | fdff ff44 
  0x000002bf08ac8d74: 8821 4d85 | d275 1d49 | 8bd7 49ba | d06e 9fe3 | fc7f 0000 

  0x000002bf08ac8d88: ;   {other}
  0x000002bf08ac8d88: 41ff d20f | 1f84 0000 | 0000 00e9 | acfd ffff | 4b89 4c13 | f849 83c2 | f84d 8957 | 48e9 9afd 
  0x000002bf08ac8da8: ;   {metadata('com/seibel/distanthorizons/core/util/math/Vec3f')}
  0x000002bf08ac8da8: ffff 48ba | 9876 ef02 | 0800 0000 | 488b 6c24 

  0x000002bf08ac8db8: ;   {runtime_call _new_instance_Java}
  0x000002bf08ac8db8: 2866 90e8 

  0x000002bf08ac8dbc: ; ImmutableOopMap {rbp=Oop [36]=NarrowOop [40]=Oop [48]=Oop [64]=Oop }
                      ;*new {reexecute=0 rethrow=0 return_oop=1}
                      ; - com.seibel.distanthorizons.common.render.openGl.terrain.GlDhTerrainShaderProgram_neoforge::render@144 (line 318)
  0x000002bf08ac8dbc: c0f7 aafe 

  0x000002bf08ac8dc0: ;   {other}
  0x000002bf08ac8dc0: 0f1f 8400 | b00c 001b | 4c8b c8e9 | 8cfb ffff 

  0x000002bf08ac8dd0: ;   {metadata('com/seibel/distanthorizons/api/methods/events/abstractEvents/DhApiBeforeBufferRenderEvent$EventParam')}
  0x000002bf08ac8dd0: 48ba 9895 | f502 0800 | 0000 488b 

  0x000002bf08ac8ddc: ;   {runtime_call _new_instance_Java}
  0x000002bf08ac8ddc: 6c24 28e8 

  0x000002bf08ac8de0: ; ImmutableOopMap {rbp=Oop [40]=Oop [48]=Oop [64]=Oop [72]=Oop }
                      ;*new {reexecute=0 rethrow=0 return_oop=1}
                      ; - com.seibel.distanthorizons.common.render.openGl.terrain.GlDhTerrainShaderProgram_neoforge::render@230 (line 326)
  0x000002bf08ac8de0: 9cf7 aafe 

  0x000002bf08ac8de4: ;   {other}
  0x000002bf08ac8de4: 0f1f 8400 | d40c 001c | e9f7 fcff | ffba e4ff | ffff 4489 | 4c24 2089 | 4c24 2489 | 4c24 2844 
  0x000002bf08ac8e04: 8944 242c | 4c89 5c24 | 3048 895c 

  0x000002bf08ac8e10: ;   {runtime_call UncommonTrapBlob}
  0x000002bf08ac8e10: 2440 90e8 

  0x000002bf08ac8e14: ; ImmutableOopMap {[32]=NarrowOop [48]=Oop [64]=Oop }
                      ;*invokestatic checkIndex {reexecute=0 rethrow=0 return_oop=0}
                      ; - java.util.Objects::checkIndex@3 (line 385)
                      ; - java.util.ArrayList::get@5 (line 427)
                      ; - com.seibel.distanthorizons.core.util.objects.SortedArraySet::get@5 (line 63)
                      ; - com.seibel.distanthorizons.common.render.openGl.terrain.GlDhTerrainShaderProgram_neoforge::render@130 (line 313)
  0x000002bf08ac8e14: e8ee 9dfe 

  0x000002bf08ac8e18: ;   {other}
  0x000002bf08ac8e18: 0f1f 8400 | 080d 001d | bae4 ffff | ff8b e944 | 895c 2420 | 4889 4424 | f88b 4424 | 3889 4424 
  0x000002bf08ac8e38: 2448 8b44 | 24f8 4489 

  0x000002bf08ac8e40: ;   {runtime_call UncommonTrapBlob}
  0x000002bf08ac8e40: 4c24 38e8 

  0x000002bf08ac8e44: ; ImmutableOopMap {[40]=Oop [48]=Oop [56]=NarrowOop }
                      ;*aaload {reexecute=0 rethrow=0 return_oop=0}
                      ; - java.util.ArrayList::elementData@5 (line 411)
                      ; - java.util.ArrayList::get@11 (line 428)
                      ; - com.seibel.distanthorizons.core.util.objects.SortedArraySet::get@5 (line 63)
                      ; - com.seibel.distanthorizons.common.render.openGl.terrain.GlDhTerrainShaderProgram_neoforge::render@130 (line 313)
  0x000002bf08ac8e44: b8ee 9dfe 

  0x000002bf08ac8e48: ;   {other}
  0x000002bf08ac8e48: 0f1f 8400 | 380d 001e | bacc ffff | ff44 894c | 2420 894c | 2424 894c | 2428 4489 | 4424 2c4c 
  0x000002bf08ac8e68: 895c 2430 | 4889 5c24 

  0x000002bf08ac8e70: ;   {runtime_call UncommonTrapBlob}
  0x000002bf08ac8e70: 4066 90e8 

  0x000002bf08ac8e74: ; ImmutableOopMap {[32]=NarrowOop [48]=Oop [64]=Oop }
                      ;*invokestatic checkIndex {reexecute=0 rethrow=0 return_oop=0}
                      ; - java.util.Objects::checkIndex@3 (line 385)
                      ; - java.util.ArrayList::get@5 (line 427)
                      ; - com.seibel.distanthorizons.core.util.objects.SortedArraySet::get@5 (line 63)
                      ; - com.seibel.distanthorizons.common.render.openGl.terrain.GlDhTerrainShaderProgram_neoforge::render@130 (line 313)
  0x000002bf08ac8e74: 88ee 9dfe 

  0x000002bf08ac8e78: ;   {other}
  0x000002bf08ac8e78: 0f1f 8400 | 680d 001f | bade ffff | ff48 8944 | 24f8 8b44 | 2438 8944 | 2424 488b | 4424 f848 
  0x000002bf08ac8e98: ff74 2440 | 488f 4424 

  0x000002bf08ac8ea0: ;   {runtime_call UncommonTrapBlob}
  0x000002bf08ac8ea0: 3866 90e8 

  0x000002bf08ac8ea4: ; ImmutableOopMap {rbp=NarrowOop [40]=Oop [48]=Oop [56]=Oop [72]=Oop }
                      ;*invokeinterface bind {reexecute=0 rethrow=0 return_oop=0}
                      ; - com.seibel.distanthorizons.common.render.openGl.terrain.GlDhTerrainShaderProgram_neoforge::render@207 (line 323)
  0x000002bf08ac8ea4: 58ee 9dfe 

  0x000002bf08ac8ea8: ;   {other}
  0x000002bf08ac8ea8: 0f1f 8400 | 980d 0020 | bade ffff | ff48 8944 | 24f8 8b44 | 2438 8944 | 2424 488b | 4424 f848 
  0x000002bf08ac8ec8: ff74 2440 | 488f 4424 

  0x000002bf08ac8ed0: ;   {runtime_call UncommonTrapBlob}
  0x000002bf08ac8ed0: 3866 90e8 

  0x000002bf08ac8ed4: ; ImmutableOopMap {rbp=NarrowOop [40]=Oop [48]=Oop [56]=Oop [72]=Oop }
                      ;*invokeinterface setModelOffsetPos {reexecute=0 rethrow=0 return_oop=0}
                      ; - com.seibel.distanthorizons.common.render.openGl.terrain.GlDhTerrainShaderProgram_neoforge::render@220 (line 324)
  0x000002bf08ac8ed4: 28ee 9dfe 

  0x000002bf08ac8ed8: ;   {other}
  0x000002bf08ac8ed8: 0f1f 8400 | c80d 0021 | baf6 ffff 

  0x000002bf08ac8ee4: ;   {runtime_call UncommonTrapBlob}
  0x000002bf08ac8ee4: ff66 90e8 

  0x000002bf08ac8ee8: ; ImmutableOopMap {}
                      ;*invokevirtual unbind {reexecute=0 rethrow=0 return_oop=0}
                      ; - com.seibel.distanthorizons.common.render.openGl.terrain.GlDhTerrainShaderProgram_neoforge::render@370 (line 356)
  0x000002bf08ac8ee8: 14ee 9dfe 

  0x000002bf08ac8eec: ;   {other}
  0x000002bf08ac8eec: 0f1f 8400 | dc0d 0022 | bade ffff | ff48 ff74 | 2448 488f 

  0x000002bf08ac8f00: ;   {runtime_call UncommonTrapBlob}
  0x000002bf08ac8f00: 4424 40e8 

  0x000002bf08ac8f04: ; ImmutableOopMap {rbp=NarrowOop [40]=Oop [48]=Oop [56]=NarrowOop [64]=Oop }
                      ;*invokeinterface bindVertexBuffer {reexecute=0 rethrow=0 return_oop=0}
                      ; - com.seibel.distanthorizons.common.render.openGl.terrain.GlDhTerrainShaderProgram_neoforge::render@340 (line 349)
  0x000002bf08ac8f04: f8ed 9dfe 

  0x000002bf08ac8f08: ;   {other}
  0x000002bf08ac8f08: 0f1f 8400 | f80d 0023 | ba37 ffff | ff48 ff74 | 2448 488f 

  0x000002bf08ac8f1c: ;   {runtime_call UncommonTrapBlob}
  0x000002bf08ac8f1c: 4424 40e8 

  0x000002bf08ac8f20: ; ImmutableOopMap {rbp=NarrowOop [40]=Oop [48]=Oop [56]=NarrowOop [64]=Oop }
                      ;*invokevirtual bindBufferToAllBindingPoints {reexecute=0 rethrow=0 return_oop=0}
                      ; - com.seibel.distanthorizons.common.render.openGl.terrain.GlDhTerrainShaderProgram_neoforge::bindVertexBuffer@5 (line 192)
                      ; - com.seibel.distanthorizons.common.render.openGl.terrain.GlDhTerrainShaderProgram_neoforge::render@340 (line 349)
  0x000002bf08ac8f20: dced 9dfe 

  0x000002bf08ac8f24: ;   {other}
  0x000002bf08ac8f24: 0f1f 8400 | 140e 0024 | 498b d749 | baf0 6e9f | e3fc 7f00 | 0041 ffd2 

  0x000002bf08ac8f3c: ;   {other}
  0x000002bf08ac8f3c: 0f1f 8400 | 0000 0000 | e9c2 fbff | ffba 45ff | ffff 4889 | 4424 f88b | 4424 3889 | 4424 2448 
  0x000002bf08ac8f5c: 8b44 24f8 | 48ff 7424 | 4048 8f44 | 2438 48ff | 7424 4848 | 8f44 2440 

  0x000002bf08ac8f74: ;   {runtime_call UncommonTrapBlob}
  0x000002bf08ac8f74: 6666 90e8 

  0x000002bf08ac8f78: ; ImmutableOopMap {[40]=Oop [48]=Oop [56]=Oop [64]=Oop [80]=Oop }
                      ;*ifeq {reexecute=1 rethrow=0 return_oop=0}
                      ; - (reexecute) com.seibel.distanthorizons.common.render.openGl.terrain.GlDhTerrainShaderProgram_neoforge::tryInit@4 (line 98)
                      ; - com.seibel.distanthorizons.common.render.openGl.terrain.GlDhTerrainShaderProgram_neoforge::bind@1 (line 173)
                      ; - com.seibel.distanthorizons.common.render.openGl.terrain.GlDhTerrainShaderProgram_neoforge::render@207 (line 323)
  0x000002bf08ac8f78: 84ed 9dfe 

  0x000002bf08ac8f7c: ;   {other}
  0x000002bf08ac8f7c: 0f1f 8400 | 6c0e 0025 | ba76 ffff | ff8b 6c24 | 2048 8944 | 24f8 8b44 | 2424 8944 | 2420 488b 
  0x000002bf08ac8f9c: 4424 f844 | 894c 2424 

  0x000002bf08ac8fa4: ;   {runtime_call UncommonTrapBlob}
  0x000002bf08ac8fa4: 6666 90e8 

  0x000002bf08ac8fa8: ; ImmutableOopMap {[36]=NarrowOop [40]=Oop [48]=Oop }
                      ;*if_icmpge {reexecute=1 rethrow=0 return_oop=0}
                      ; - (reexecute) com.seibel.distanthorizons.common.render.openGl.terrain.GlDhTerrainShaderProgram_neoforge::render@271 (line 330)
  0x000002bf08ac8fa8: 54ed 9dfe 

  0x000002bf08ac8fac: ;   {other}
  0x000002bf08ac8fac: 0f1f 8400 | 9c0e 0026 | ba45 ffff | ff44 8944 

  0x000002bf08ac8fbc: ;   {runtime_call UncommonTrapBlob}
  0x000002bf08ac8fbc: 243c 90e8 

  0x000002bf08ac8fc0: ; ImmutableOopMap {[40]=Oop [48]=Oop [56]=NarrowOop }
                      ;*ifne {reexecute=1 rethrow=0 return_oop=0}
                      ; - (reexecute) com.seibel.distanthorizons.common.render.openGl.terrain.GlDhTerrainShaderProgram_neoforge::render@297 (line 338)
  0x000002bf08ac8fc0: 3ced 9dfe 

  0x000002bf08ac8fc4: ;   {other}
  0x000002bf08ac8fc4: 0f1f 8400 | b40e 0027 | ba45 ffff 

  0x000002bf08ac8fd0: ;   {runtime_call UncommonTrapBlob}
  0x000002bf08ac8fd0: ff66 90e8 

  0x000002bf08ac8fd4: ; ImmutableOopMap {[40]=Oop [48]=Oop [56]=NarrowOop [72]=Oop }
                      ;*ifeq {reexecute=1 rethrow=0 return_oop=0}
                      ; - (reexecute) com.seibel.distanthorizons.common.render.openGl.glObject.buffer.GLVertexBuffer::getQuadIBO@6 (line 59)
                      ; - com.seibel.distanthorizons.common.render.openGl.terrain.GlDhTerrainShaderProgram_neoforge::render@323 (line 347)
  0x000002bf08ac8fd4: 28ed 9dfe 

  0x000002bf08ac8fd8: ;   {other}
  0x000002bf08ac8fd8: 0f1f 8400 | c80e 0028 | ba45 ffff 

  0x000002bf08ac8fe4: ;   {runtime_call UncommonTrapBlob}
  0x000002bf08ac8fe4: ff66 90e8 

  0x000002bf08ac8fe8: ; ImmutableOopMap {[40]=Oop [48]=Oop [56]=NarrowOop [72]=Oop }
                      ;*ifeq {reexecute=1 rethrow=0 return_oop=0}
                      ; - (reexecute) com.seibel.distanthorizons.common.render.openGl.glObject.buffer.GLVertexBuffer::getQuadIBO@6 (line 59)
                      ; - com.seibel.distanthorizons.common.render.openGl.terrain.GlDhTerrainShaderProgram_neoforge::render@350 (line 353)
  0x000002bf08ac8fe8: 14ed 9dfe 

  0x000002bf08ac8fec: ;   {other}
  0x000002bf08ac8fec: 0f1f 8400 | dc0e 0029 | ba45 ffff 

  0x000002bf08ac8ff8: ;   {runtime_call UncommonTrapBlob}
  0x000002bf08ac8ff8: ff66 90e8 

  0x000002bf08ac8ffc: ; ImmutableOopMap {[40]=Oop [48]=Oop [56]=NarrowOop [72]=Oop }
                      ;*ifeq {reexecute=1 rethrow=0 return_oop=0}
                      ; - (reexecute) com.seibel.distanthorizons.common.render.openGl.glObject.buffer.GLVertexBuffer::getQuadIBO@6 (line 59)
                      ; - com.seibel.distanthorizons.common.render.openGl.terrain.GlDhTerrainShaderProgram_neoforge::render@367 (line 356)
  0x000002bf08ac8ffc: 00ed 9dfe 

  0x000002bf08ac9000: ;   {other}
  0x000002bf08ac9000: 0f1f 8400 | f00e 002a | ba76 ffff 

  0x000002bf08ac900c: ;   {runtime_call UncommonTrapBlob}
  0x000002bf08ac900c: ff66 90e8 

  0x000002bf08ac9010: ; ImmutableOopMap {[32]=Oop [48]=Oop }
                      ;*if_icmpge {reexecute=1 rethrow=0 return_oop=0}
                      ; - (reexecute) com.seibel.distanthorizons.common.render.openGl.terrain.GlDhTerrainShaderProgram_neoforge::render@124 (line 311)
  0x000002bf08ac9010: ecec 9dfe 

  0x000002bf08ac9014: ;   {other}
  0x000002bf08ac9014: 0f1f 8400 | 040f 002b | ba45 ffff | ff48 8b6c | 2420 4889 | 4424 f88b | 4424 2889 | 4424 2048 
  0x000002bf08ac9034: 8b44 24f8 

  0x000002bf08ac9038: ;   {runtime_call UncommonTrapBlob}
  0x000002bf08ac9038: 6666 90e8 

  0x000002bf08ac903c: ; ImmutableOopMap {rbp=Oop [48]=Oop }
                      ;*ifne {reexecute=1 rethrow=0 return_oop=0}
                      ; - (reexecute) com.mojang.blaze3d.systems.RenderSystem::assertOnRenderThread@3 (line 118)
                      ; - com.mojang.blaze3d.platform.GlStateManager::_enableCull@0 (line 437)
                      ; - com.seibel.distanthorizons.common.wrappers.minecraft.MinecraftGLWrapper::enableFaceCulling@6 (line 193)
                      ; - com.seibel.distanthorizons.common.render.openGl.terrain.GlDhTerrainShaderProgram_neoforge::render@49 (line 277)
  0x000002bf08ac903c: c0ec 9dfe 

  0x000002bf08ac9040: ;   {other}
  0x000002bf08ac9040: 0f1f 8400 | 300f 002c | ba45 ffff | ff48 8b6c 

  0x000002bf08ac9050: ;   {runtime_call UncommonTrapBlob}
  0x000002bf08ac9050: 2420 90e8 

  0x000002bf08ac9054: ; ImmutableOopMap {rbp=Oop [48]=Oop }
                      ;*ifne {reexecute=1 rethrow=0 return_oop=0}
                      ; - (reexecute) com.mojang.blaze3d.systems.RenderSystem::assertOnRenderThread@3 (line 118)
                      ; - com.mojang.blaze3d.platform.GlStateManager::_enableCull@0 (line 437)
                      ; - com.seibel.distanthorizons.common.wrappers.minecraft.MinecraftGLWrapper::enableFaceCulling@6 (line 193)
                      ; - com.seibel.distanthorizons.common.render.openGl.terrain.GlDhTerrainShaderProgram_neoforge::render@108 (line 305)
  0x000002bf08ac9054: a8ec 9dfe 

  0x000002bf08ac9058: ;   {other}
  0x000002bf08ac9058: 0f1f 8400 | 480f 002d | ba45 ffff | ff44 895c 

  0x000002bf08ac9068: ;   {runtime_call UncommonTrapBlob}
  0x000002bf08ac9068: 242c 90e8 

  0x000002bf08ac906c: ; ImmutableOopMap {[32]=Oop [44]=NarrowOop [48]=Oop }
                      ;*ifeq {reexecute=1 rethrow=0 return_oop=0}
                      ; - (reexecute) com.seibel.distanthorizons.core.config.types.ConfigEntry::get@4 (line 186)
                      ; - com.seibel.distanthorizons.common.render.openGl.terrain.GlDhTerrainShaderProgram_neoforge::render@3 (line 268)
  0x000002bf08ac906c: 90ec 9dfe 

  0x000002bf08ac9070: ;   {other}
  0x000002bf08ac9070: 0f1f 8400 | 600f 002e | ba45 ffff | ff44 895c 

  0x000002bf08ac9080: ;   {runtime_call UncommonTrapBlob}
  0x000002bf08ac9080: 242c 90e8 

  0x000002bf08ac9084: ; ImmutableOopMap {rbp=NarrowOop [32]=Oop [44]=NarrowOop [48]=Oop }
                      ;*ifnull {reexecute=1 rethrow=0 return_oop=0}
                      ; - (reexecute) com.seibel.distanthorizons.core.config.types.ConfigEntry::get@11 (line 186)
                      ; - com.seibel.distanthorizons.common.render.openGl.terrain.GlDhTerrainShaderProgram_neoforge::render@3 (line 268)
  0x000002bf08ac9084: 78ec 9dfe 

  0x000002bf08ac9088: ;   {other}
  0x000002bf08ac9088: 0f1f 8400 | 780f 002f | ba45 ffff 

  0x000002bf08ac9094: ;   {runtime_call UncommonTrapBlob}
  0x000002bf08ac9094: ff66 90e8 

  0x000002bf08ac9098: ; ImmutableOopMap {[32]=Oop [48]=Oop }
                      ;*ifeq {reexecute=1 rethrow=0 return_oop=0}
                      ; - (reexecute) com.seibel.distanthorizons.common.render.openGl.terrain.GlDhTerrainShaderProgram_neoforge::render@16 (line 269)
  0x000002bf08ac9098: 64ec 9dfe 

  0x000002bf08ac909c: ;   {other}
  0x000002bf08ac909c: 0f1f 8400 | 8c0f 0030 | ba45 ffff | ff44 894c 

  0x000002bf08ac90ac: ;   {runtime_call UncommonTrapBlob}
  0x000002bf08ac90ac: 2438 90e8 

  0x000002bf08ac90b0: ; ImmutableOopMap {[32]=Oop [48]=Oop [56]=NarrowOop }
                      ;*ifeq {reexecute=1 rethrow=0 return_oop=0}
                      ; - (reexecute) com.mojang.blaze3d.platform.GlStateManager$BooleanState::handler$zko000$iris$setUnknownState@4 (line 858)
                      ; - com.mojang.blaze3d.platform.GlStateManager$BooleanState::setEnabled@14
                      ; - com.mojang.blaze3d.platform.GlStateManager$BooleanState::enable@2 (line 769)
                      ; - com.mojang.blaze3d.platform.GlStateManager::_enableCull@9 (line 438)
                      ; - com.seibel.distanthorizons.common.wrappers.minecraft.MinecraftGLWrapper::enableFaceCulling@6 (line 193)
                      ; - com.seibel.distanthorizons.common.render.openGl.terrain.GlDhTerrainShaderProgram_neoforge::render@49 (line 277)
  0x000002bf08ac90b0: 4cec 9dfe 

  0x000002bf08ac90b4: ;   {other}
  0x000002bf08ac90b4: 0f1f 8400 | a40f 0031 | ba45 ffff | ff48 8944 | 24f8 8b44 | 2438 8944 | 2428 488b | 4424 f844 
  0x000002bf08ac90d4: 8944 2438 

  0x000002bf08ac90d8: ;   {runtime_call UncommonTrapBlob}
  0x000002bf08ac90d8: 6666 90e8 

  0x000002bf08ac90dc: ; ImmutableOopMap {[32]=Oop [48]=Oop [56]=NarrowOop }
                      ;*ifeq {reexecute=1 rethrow=0 return_oop=0}
                      ; - (reexecute) com.mojang.blaze3d.platform.GlStateManager$BooleanState::handler$zko000$iris$setUnknownState@4 (line 858)
                      ; - com.mojang.blaze3d.platform.GlStateManager$BooleanState::setEnabled@14
                      ; - com.mojang.blaze3d.platform.GlStateManager$BooleanState::enable@2 (line 769)
                      ; - com.mojang.blaze3d.platform.GlStateManager::_enableCull@9 (line 438)
                      ; - com.seibel.distanthorizons.common.wrappers.minecraft.MinecraftGLWrapper::enableFaceCulling@6 (line 193)
                      ; - com.seibel.distanthorizons.common.render.openGl.terrain.GlDhTerrainShaderProgram_neoforge::render@108 (line 305)
  0x000002bf08ac90dc: 20ec 9dfe 

  0x000002bf08ac90e0: ;   {other}
  0x000002bf08ac90e0: 0f1f 8400 | d00f 0032 | bade ffff 

  0x000002bf08ac90ec: ;   {runtime_call UncommonTrapBlob}
  0x000002bf08ac90ec: ff66 90e8 

  0x000002bf08ac90f0: ; ImmutableOopMap {rbp=NarrowOop [32]=Oop [48]=Oop }
                      ;*checkcast {reexecute=0 rethrow=0 return_oop=0}
                      ; - com.seibel.distanthorizons.common.render.openGl.terrain.GlDhTerrainShaderProgram_neoforge::render@6 (line 268)
  0x000002bf08ac90f0: 0cec 9dfe 

  0x000002bf08ac90f4: ;   {other}
  0x000002bf08ac90f4: 0f1f 8400 | e40f 0033 | bade ffff | ff41 8beb | 48ff 7424 | 2848 8f44 | 2420 4489 

  0x000002bf08ac9110: ;   {runtime_call UncommonTrapBlob}
  0x000002bf08ac9110: 5424 2ce8 

  0x000002bf08ac9114: ; ImmutableOopMap {[32]=Oop [44]=NarrowOop [48]=Oop }
                      ;*checkcast {reexecute=0 rethrow=0 return_oop=0}
                      ; - com.seibel.distanthorizons.common.render.openGl.terrain.GlDhTerrainShaderProgram_neoforge::render@133 (line 313)
  0x000002bf08ac9114: e8eb 9dfe 

  0x000002bf08ac9118: ;   {other}
  0x000002bf08ac9118: 0f1f 8400 | 0810 0034 | bade ffff | ff44 8944 

  0x000002bf08ac9128: ;   {runtime_call UncommonTrapBlob}
  0x000002bf08ac9128: 243c 90e8 

  0x000002bf08ac912c: ; ImmutableOopMap {rbp=NarrowOop [40]=Oop [48]=Oop [56]=NarrowOop }
                      ;*checkcast {reexecute=0 rethrow=0 return_oop=0}
                      ; - com.seibel.distanthorizons.common.render.openGl.terrain.GlDhTerrainShaderProgram_neoforge::render@279 (line 332)
  0x000002bf08ac912c: d0eb 9dfe 

  0x000002bf08ac9130: ;   {other}
  0x000002bf08ac9130: 0f1f 8400 | 2010 0035 | baf6 ffff 

  0x000002bf08ac913c: ;   {runtime_call UncommonTrapBlob}
  0x000002bf08ac913c: ff8b e9e8 

  0x000002bf08ac9140: ; ImmutableOopMap {}
                      ;*invokevirtual get {reexecute=0 rethrow=0 return_oop=0}
                      ; - com.seibel.distanthorizons.core.util.objects.SortedArraySet::get@5 (line 63)
                      ; - com.seibel.distanthorizons.common.render.openGl.terrain.GlDhTerrainShaderProgram_neoforge::render@130 (line 313)
  0x000002bf08ac9140: bceb 9dfe 

  0x000002bf08ac9144: ;   {other}
  0x000002bf08ac9144: 0f1f 8400 | 3410 0036 | baf6 ffff | ff41 8beb 

  0x000002bf08ac9154: ;   {runtime_call UncommonTrapBlob}
  0x000002bf08ac9154: 6666 90e8 

  0x000002bf08ac9158: ; ImmutableOopMap {}
                      ;*aaload {reexecute=0 rethrow=0 return_oop=0}
                      ; - java.util.ArrayList::elementData@5 (line 411)
                      ; - java.util.ArrayList::get@11 (line 428)
                      ; - com.seibel.distanthorizons.core.util.objects.SortedArraySet::get@5 (line 63)
                      ; - com.seibel.distanthorizons.common.render.openGl.terrain.GlDhTerrainShaderProgram_neoforge::render@130 (line 313)
  0x000002bf08ac9158: a4eb 9dfe 

  0x000002bf08ac915c: ;   {other}
  0x000002bf08ac915c: 0f1f 8400 | 4c10 0037 | baf4 ffff | ff41 8beb | 48ff 7424 | 2848 8f44 

  0x000002bf08ac9174: ;   {runtime_call UncommonTrapBlob}
  0x000002bf08ac9174: 2420 90e8 

  0x000002bf08ac9178: ; ImmutableOopMap {[32]=Oop [48]=Oop }
                      ;*checkcast {reexecute=0 rethrow=0 return_oop=0}
                      ; - com.seibel.distanthorizons.common.render.openGl.terrain.GlDhTerrainShaderProgram_neoforge::render@133 (line 313)
  0x000002bf08ac9178: 84eb 9dfe 

  0x000002bf08ac917c: ;   {other}
  0x000002bf08ac917c: 0f1f 8400 | 6c10 0038 | baf6 ffff 

  0x000002bf08ac9188: ;   {runtime_call UncommonTrapBlob}
  0x000002bf08ac9188: ff66 90e8 

  0x000002bf08ac918c: ; ImmutableOopMap {}
                      ;*invokevirtual getX {reexecute=0 rethrow=0 return_oop=0}
                      ; - com.seibel.distanthorizons.common.render.openGl.terrain.GlDhTerrainShaderProgram_neoforge::render@153 (line 319)
  0x000002bf08ac918c: 70eb 9dfe 

  0x000002bf08ac9190: ;   {other}
  0x000002bf08ac9190: 0f1f 8400 | 8010 0039 | baf6 ffff 

  0x000002bf08ac919c: ;   {runtime_call UncommonTrapBlob}
  0x000002bf08ac919c: ff66 90e8 

  0x000002bf08ac91a0: ; ImmutableOopMap {}
                      ;*getfield x {reexecute=1 rethrow=0 return_oop=0}
                      ; - (reexecute) com.seibel.distanthorizons.common.render.openGl.terrain.GlDhTerrainShaderProgram_neoforge::render@159 (line 319)
  0x000002bf08ac91a0: 5ceb 9dfe 

  0x000002bf08ac91a4: ;   {other}
  0x000002bf08ac91a4: 0f1f 8400 | 9410 003a | baf6 ffff 

  0x000002bf08ac91b0: ;   {runtime_call UncommonTrapBlob}
  0x000002bf08ac91b0: ff66 90e8 

  0x000002bf08ac91b4: ; ImmutableOopMap {}
                      ;*invokeinterface bind {reexecute=0 rethrow=0 return_oop=0}
                      ; - com.seibel.distanthorizons.common.render.openGl.terrain.GlDhTerrainShaderProgram_neoforge::render@207 (line 323)
  0x000002bf08ac91b4: 48eb 9dfe 

  0x000002bf08ac91b8: ;   {other}
  0x000002bf08ac91b8: 0f1f 8400 | a810 003b | baf6 ffff 

  0x000002bf08ac91c4: ;   {runtime_call UncommonTrapBlob}
  0x000002bf08ac91c4: ff66 90e8 

  0x000002bf08ac91c8: ; ImmutableOopMap {}
                      ;*invokevirtual bind {reexecute=0 rethrow=0 return_oop=0}
                      ; - com.seibel.distanthorizons.common.render.openGl.terrain.GlDhTerrainShaderProgram_neoforge::bind@12 (line 175)
                      ; - com.seibel.distanthorizons.common.render.openGl.terrain.GlDhTerrainShaderProgram_neoforge::render@207 (line 323)
  0x000002bf08ac91c8: 34eb 9dfe 

  0x000002bf08ac91cc: ;   {other}
  0x000002bf08ac91cc: 0f1f 8400 | bc10 003c | baf6 ffff | ff48 8b6c 

  0x000002bf08ac91dc: ;   {runtime_call UncommonTrapBlob}
  0x000002bf08ac91dc: 2448 90e8 

  0x000002bf08ac91e0: ; ImmutableOopMap {rbp=Oop }
                      ;*invokeinterface setModelOffsetPos {reexecute=0 rethrow=0 return_oop=0}
                      ; - com.seibel.distanthorizons.common.render.openGl.terrain.GlDhTerrainShaderProgram_neoforge::render@220 (line 324)
  0x000002bf08ac91e0: 1ceb 9dfe 

  0x000002bf08ac91e4: ;   {other}
  0x000002bf08ac91e4: 0f1f 8400 | d410 003d | baf6 ffff 

  0x000002bf08ac91f0: ;   {runtime_call UncommonTrapBlob}
  0x000002bf08ac91f0: ff66 90e8 

  0x000002bf08ac91f4: ; ImmutableOopMap {}
                      ;*arraylength {reexecute=0 rethrow=0 return_oop=0}
                      ; - com.seibel.distanthorizons.common.render.openGl.terrain.GlDhTerrainShaderProgram_neoforge::render@270 (line 330)
  0x000002bf08ac91f4: 08eb 9dfe 

  0x000002bf08ac91f8: ;   {other}
  0x000002bf08ac91f8: 0f1f 8400 | e810 003e | baf6 ffff 

  0x000002bf08ac9204: ;   {runtime_call UncommonTrapBlob}
  0x000002bf08ac9204: ff66 90e8 

  0x000002bf08ac9208: ; ImmutableOopMap {}
                      ;*invokevirtual size {reexecute=0 rethrow=0 return_oop=0}
                      ; - com.seibel.distanthorizons.core.util.objects.SortedArraySet::size@4 (line 65)
                      ; - com.seibel.distanthorizons.common.render.openGl.terrain.GlDhTerrainShaderProgram_neoforge::render@121 (line 311)
  0x000002bf08ac9208: f4ea 9dfe 

  0x000002bf08ac920c: ;   {other}
  0x000002bf08ac920c: 0f1f 8400 | fc10 003f | baf4 ffff | ff8b 6c24 | 2048 8944 | 24f8 8b44 | 2424 8944 | 2420 488b 
  0x000002bf08ac922c: 4424 f848 | 8944 24f8 | 8b44 2438 | 8944 2424 | 488b 4424 | f844 8944 

  0x000002bf08ac9244: ;   {runtime_call UncommonTrapBlob}
  0x000002bf08ac9244: 2438 90e8 

  0x000002bf08ac9248: ; ImmutableOopMap {[36]=NarrowOop [40]=Oop [48]=Oop }
                      ;*checkcast {reexecute=0 rethrow=0 return_oop=0}
                      ; - com.seibel.distanthorizons.common.render.openGl.terrain.GlDhTerrainShaderProgram_neoforge::render@279 (line 332)
  0x000002bf08ac9248: b4ea 9dfe 

  0x000002bf08ac924c: ;   {other}
  0x000002bf08ac924c: 0f1f 8400 | 3c11 0040 | baf6 ffff 

  0x000002bf08ac9258: ;   {runtime_call UncommonTrapBlob}
  0x000002bf08ac9258: ff66 90e8 

  0x000002bf08ac925c: ; ImmutableOopMap {}
                      ;*invokevirtual bind {reexecute=0 rethrow=0 return_oop=0}
                      ; - com.seibel.distanthorizons.common.render.openGl.terrain.GlDhTerrainShaderProgram_neoforge::render@326 (line 347)
  0x000002bf08ac925c: a0ea 9dfe 

  0x000002bf08ac9260: ;   {other}
  0x000002bf08ac9260: 0f1f 8400 | 5011 0041 | baf6 ffff | ff41 8beb 

  0x000002bf08ac9270: ;   {runtime_call UncommonTrapBlob}
  0x000002bf08ac9270: 6666 90e8 

  0x000002bf08ac9274: ; ImmutableOopMap {}
                      ;*invokeinterface bindVertexBuffer {reexecute=0 rethrow=0 return_oop=0}
                      ; - com.seibel.distanthorizons.common.render.openGl.terrain.GlDhTerrainShaderProgram_neoforge::render@340 (line 349)
  0x000002bf08ac9274: 88ea 9dfe 

  0x000002bf08ac9278: ;   {other}
  0x000002bf08ac9278: 0f1f 8400 | 6811 0042 | baf6 ffff | ff8b 6c24 

  0x000002bf08ac9288: ;   {runtime_call UncommonTrapBlob}
  0x000002bf08ac9288: 5866 90e8 

  0x000002bf08ac928c: ; ImmutableOopMap {}
                      ;*invokevirtual bindBufferToAllBindingPoints {reexecute=0 rethrow=0 return_oop=0}
                      ; - com.seibel.distanthorizons.common.render.openGl.terrain.GlDhTerrainShaderProgram_neoforge::bindVertexBuffer@5 (line 192)
                      ; - com.seibel.distanthorizons.common.render.openGl.terrain.GlDhTerrainShaderProgram_neoforge::render@340 (line 349)
  0x000002bf08ac928c: 70ea 9dfe 

  0x000002bf08ac9290: ;   {other}
  0x000002bf08ac9290: 0f1f 8400 | 8011 0043 | baf6 ffff 

  0x000002bf08ac929c: ;   {runtime_call UncommonTrapBlob}
  0x000002bf08ac929c: ff66 90e8 

  0x000002bf08ac92a0: ; ImmutableOopMap {}
                      ;*invokevirtual getGlType {reexecute=0 rethrow=0 return_oop=0}
                      ; - com.seibel.distanthorizons.common.render.openGl.terrain.GlDhTerrainShaderProgram_neoforge::render@353 (line 353)
  0x000002bf08ac92a0: 5cea 9dfe 

  0x000002bf08ac92a4: ;   {other}
  0x000002bf08ac92a4: 0f1f 8400 | 9411 0044 | baf6 ffff 

  0x000002bf08ac92b0: ;   {runtime_call UncommonTrapBlob}
  0x000002bf08ac92b0: ff66 90e8 

  0x000002bf08ac92b4: ; ImmutableOopMap {}
                      ;*invokevirtual get {reexecute=0 rethrow=0 return_oop=0}
                      ; - com.seibel.distanthorizons.common.render.openGl.terrain.GlDhTerrainShaderProgram_neoforge::render@3 (line 268)
  0x000002bf08ac92b4: 48ea 9dfe 

  0x000002bf08ac92b8: ;   {other}
  0x000002bf08ac92b8: 0f1f 8400 | a811 0045 | baf4 ffff | ff49 8be8 | 4489 4c24 

  0x000002bf08ac92cc: ;   {runtime_call UncommonTrapBlob}
  0x000002bf08ac92cc: 2066 90e8 

  0x000002bf08ac92d0: ; ImmutableOopMap {rbp=Oop [48]=Oop }
                      ;*checkcast {reexecute=0 rethrow=0 return_oop=0}
                      ; - com.seibel.distanthorizons.common.render.openGl.terrain.GlDhTerrainShaderProgram_neoforge::render@6 (line 268)
  0x000002bf08ac92d0: 2cea 9dfe 

  0x000002bf08ac92d4: ;   {other}
  0x000002bf08ac92d4: 0f1f 8400 | c411 0046 | baf6 ffff 

  0x000002bf08ac92e0: ;   {runtime_call UncommonTrapBlob}
  0x000002bf08ac92e0: ff66 90e8 

  0x000002bf08ac92e4: ; ImmutableOopMap {}
                      ;*invokevirtual enable {reexecute=0 rethrow=0 return_oop=0}
                      ; - com.mojang.blaze3d.platform.GlStateManager::_enableCull@9 (line 438)
                      ; - com.seibel.distanthorizons.common.wrappers.minecraft.MinecraftGLWrapper::enableFaceCulling@6 (line 193)
                      ; - com.seibel.distanthorizons.common.render.openGl.terrain.GlDhTerrainShaderProgram_neoforge::render@49 (line 277)
  0x000002bf08ac92e4: 18ea 9dfe 

  0x000002bf08ac92e8: ;   {other}
  0x000002bf08ac92e8: 0f1f 8400 | d811 0047 | baf6 ffff 

  0x000002bf08ac92f4: ;   {runtime_call UncommonTrapBlob}
  0x000002bf08ac92f4: ff66 90e8 

  0x000002bf08ac92f8: ; ImmutableOopMap {}
                      ;*invokevirtual enable {reexecute=0 rethrow=0 return_oop=0}
                      ; - com.mojang.blaze3d.platform.GlStateManager::_enableCull@9 (line 438)
                      ; - com.seibel.distanthorizons.common.wrappers.minecraft.MinecraftGLWrapper::enableFaceCulling@6 (line 193)
                      ; - com.seibel.distanthorizons.common.render.openGl.terrain.GlDhTerrainShaderProgram_neoforge::render@108 (line 305)
  0x000002bf08ac92f8: 04ea 9dfe 

  0x000002bf08ac92fc: ;   {other}
  0x000002bf08ac92fc: 0f1f 8400 | ec11 0048 | baf6 ffff 

  0x000002bf08ac9308: ;   {runtime_call UncommonTrapBlob}
  0x000002bf08ac9308: ff66 90e8 

  0x000002bf08ac930c: ; ImmutableOopMap {}
                      ;*invokevirtual size {reexecute=0 rethrow=0 return_oop=0}
                      ; - com.seibel.distanthorizons.core.util.objects.SortedArraySet::size@4 (line 65)
                      ; - com.seibel.distanthorizons.common.render.openGl.terrain.GlDhTerrainShaderProgram_neoforge::render@121 (line 311)
  0x000002bf08ac930c: f0e9 9dfe 

  0x000002bf08ac9310: ;   {other}
  0x000002bf08ac9310: 0f1f 8400 | 0012 0049 | ba45 ffff | ff48 895c 

  0x000002bf08ac9320: ;   {runtime_call UncommonTrapBlob}
  0x000002bf08ac9320: 2420 90e8 

  0x000002bf08ac9324: ; ImmutableOopMap {[32]=Oop [48]=Oop }
                      ;*ifnull {reexecute=1 rethrow=0 return_oop=0}
                      ; - (reexecute) com.seibel.distanthorizons.common.render.openGl.terrain.GlDhTerrainShaderProgram_neoforge::render@112 (line 309)
  0x000002bf08ac9324: d8e9 9dfe 

  0x000002bf08ac9328: ;   {other}
  0x000002bf08ac9328: 0f1f 8400 | 1812 004a | 488b d0e9 | 8000 0000 | 488b d0eb | 7b48 8bd0 | eb76 488b | d0eb 7148 
  0x000002bf08ac9348: 8bd0 eb6c | 488b d0eb | 6748 8bd0 | eb62 488b | d0eb 5d48 | 8bd0 eb58 | 488b d0eb | 5348 8bd0 
  0x000002bf08ac9368: eb4e 488b | d0eb 4948 | 8bd0 eb44 | 488b d0eb | 3f48 8bd0 | eb3a 488b | d0eb 3548 | 8bd0 eb30 
  0x000002bf08ac9388: 488b d0eb | 2b48 8bd0 | eb26 488b | d0eb 2148 | 8bd0 eb1c | 488b d0eb | 1748 8bd0 | eb12 488b 
  0x000002bf08ac93a8: d0eb 0d48 | 8bd0 eb08 | 488b d0eb | 0348 8bd0 | 4883 c470 

  0x000002bf08ac93bc: ;   {runtime_call _rethrow_Java}
  0x000002bf08ac93bc: 5de9 beaa 

  0x000002bf08ac93c0: ;   {internal_word}
  0x000002bf08ac93c0: abfe 49ba | 178d ac08 | bf02 0000 | 4d89 9760 

  0x000002bf08ac93d0: ;   {runtime_call SafepointBlob}
  0x000002bf08ac93d0: 0400 00e9 | a8d7 9dfe | 4883 ec08 | c5fb 1104 

  0x000002bf08ac93e0: ;   {runtime_call StubRoutines (initial stubs)}
  0x000002bf08ac93e0: 24e8 657f | 98fe 415a | e925 f8ff 

  0x000002bf08ac93ec: ;   {runtime_call StubRoutines (final stubs)}
  0x000002bf08ac93ec: ffe8 cec8 | 9bfe e943 | f1ff fff4 
[Stub Code]
  0x000002bf08ac93f8: ;   {no_reloc}
  0x000002bf08ac93f8: 48bb 0000 | 0000 0000 

  0x000002bf08ac9400: ;   {runtime_call nmethod}
  0x000002bf08ac9400: 0000 e9fb 

  0x000002bf08ac9404: ;   {static_stub}
  0x000002bf08ac9404: ffff ff48 | bb00 0000 | 0000 0000 

  0x000002bf08ac9410: ;   {runtime_call nmethod}
  0x000002bf08ac9410: 00e9 fbff 

  0x000002bf08ac9414: ;   {static_stub}
  0x000002bf08ac9414: ffff 48bb | 0000 0000 | 0000 0000 

  0x000002bf08ac9420: ;   {runtime_call nmethod}
  0x000002bf08ac9420: e9fb ffff 

  0x000002bf08ac9424: ;   {static_stub}
  0x000002bf08ac9424: ff48 bb00 | 0000 0000 

  0x000002bf08ac942c: ;   {runtime_call nmethod}
  0x000002bf08ac942c: 0000 00e9 | fbff ffff 

  0x000002bf08ac9434: ;   {static_stub}
  0x000002bf08ac9434: 48bb 0000 | 0000 0000 

  0x000002bf08ac943c: ;   {runtime_call nmethod}
  0x000002bf08ac943c: 0000 e9fb 

  0x000002bf08ac9440: ;   {static_stub}
  0x000002bf08ac9440: ffff ff48 | bb00 0000 | 0000 0000 

  0x000002bf08ac944c: ;   {runtime_call nmethod}
  0x000002bf08ac944c: 00e9 fbff 

  0x000002bf08ac9450: ;   {static_stub}
  0x000002bf08ac9450: ffff 48bb | 0000 0000 | 0000 0000 

  0x000002bf08ac945c: ;   {runtime_call nmethod}
  0x000002bf08ac945c: e9fb ffff 

  0x000002bf08ac9460: ;   {static_stub}
  0x000002bf08ac9460: ff48 bb00 | 0000 0000 

  0x000002bf08ac9468: ;   {runtime_call nmethod}
  0x000002bf08ac9468: 0000 00e9 | fbff ffff 

  0x000002bf08ac9470: ;   {static_stub}
  0x000002bf08ac9470: 48bb 0000 | 0000 0000 

  0x000002bf08ac9478: ;   {runtime_call nmethod}
  0x000002bf08ac9478: 0000 e9fb 

  0x000002bf08ac947c: ;   {static_stub}
  0x000002bf08ac947c: ffff ff48 | bb00 0000 | 0000 0000 

  0x000002bf08ac9488: ;   {runtime_call nmethod}
  0x000002bf08ac9488: 00e9 fbff 

  0x000002bf08ac948c: ;   {static_stub}
  0x000002bf08ac948c: ffff 48bb | 0000 0000 | 0000 0000 

  0x000002bf08ac9498: ;   {runtime_call nmethod}
  0x000002bf08ac9498: e9fb ffff 

  0x000002bf08ac949c: ;   {static_stub}
  0x000002bf08ac949c: ff48 bb00 | 0000 0000 

  0x000002bf08ac94a4: ;   {runtime_call nmethod}
  0x000002bf08ac94a4: 0000 00e9 | fbff ffff 

  0x000002bf08ac94ac: ;   {static_stub}
  0x000002bf08ac94ac: 48bb 0000 | 0000 0000 

  0x000002bf08ac94b4: ;   {runtime_call nmethod}
  0x000002bf08ac94b4: 0000 e9fb 

  0x000002bf08ac94b8: ;   {static_stub}
  0x000002bf08ac94b8: ffff ff48 | bb00 0000 | 0000 0000 

  0x000002bf08ac94c4: ;   {runtime_call nmethod}
  0x000002bf08ac94c4: 00e9 fbff 

  0x000002bf08ac94c8: ;   {static_stub}
  0x000002bf08ac94c8: ffff 48bb | 0000 0000 | 0000 0000 

  0x000002bf08ac94d4: ;   {runtime_call nmethod}
  0x000002bf08ac94d4: e9fb ffff 

  0x000002bf08ac94d8: ;   {static_stub}
  0x000002bf08ac94d8: ff48 bb00 | 0000 0000 

  0x000002bf08ac94e0: ;   {runtime_call nmethod}
  0x000002bf08ac94e0: 0000 00e9 | fbff ffff 

  0x000002bf08ac94e8: ;   {static_stub}
  0x000002bf08ac94e8: 48bb 0000 | 0000 0000 

  0x000002bf08ac94f0: ;   {runtime_call nmethod}
  0x000002bf08ac94f0: 0000 e9fb 

  0x000002bf08ac94f4: ;   {runtime_call ExceptionBlob}
  0x000002bf08ac94f4: ffff ffe9 | 04fa aafe 
[Deopt Handler Code]
  0x000002bf08ac94fc: e800 0000 | 0048 832c 

  0x000002bf08ac9504: ;   {runtime_call DeoptimizationBlob}
  0x000002bf08ac9504: 2405 e915 | eb9d fef4 | f4f4 f4f4 
[/MachCode]


---------------  P R O C E S S  ---------------

Threads class SMR info:
_java_thread_list=0x000002bf2f5063a0, length=263, elements={
0x000002bf79692b30, 0x000002bf26d1ff40, 0x000002bf26d20990, 0x000002bf26d2e7d0,
0x000002bf26d2f620, 0x000002bf26d2bbf0, 0x000002bf26d02130, 0x000002bf26d06fd0,
0x000002bf26d07e70, 0x000002bf26f1fa00, 0x000002bf26f16160, 0x000002bf2ba27800,
0x000002bf319d8210, 0x000002bf2fb84a90, 0x000002bf2fb850f0, 0x000002bf30f65380,
0x000002bf2e31ffb0, 0x000002bf2ff20de0, 0x000002bf2e53be20, 0x000002bf2e53b790,
0x000002bf2e53aa70, 0x000002bf2e53b100, 0x000002bf30bdd990, 0x000002bf30bde020,
0x000002bf30be00f0, 0x000002bf30bdd300, 0x000002bf30bded40, 0x000002bf30bdf3d0,
0x000002bf30be0780, 0x000002bf30be0e10, 0x000002bf30be14a0, 0x000002bf30bde6b0,
0x000002bf30be2850, 0x000002bf33303590, 0x000002bf333042b0, 0x000002bf33305cf0,
0x000002bf33306380, 0x000002bf30be3570, 0x000002bf2dfb6b80, 0x000002bf2dfb78a0,
0x000002bf2dfb5140, 0x000002bf2dfb8c50, 0x000002bf2dfb92e0, 0x000002bf2dfb7f30,
0x000002bf2dfb85c0, 0x000002bf2dfb9970, 0x000002bf2dfba000, 0x000002bf2dfba690,
0x000002bf2dfb7210, 0x000002bf2dfbba40, 0x000002bf2dfbb3b0, 0x000002bf2dfbc0d0,
0x000002bf2dfbc760, 0x000002bf2e526540, 0x000002bf2e523de0, 0x000002bf2e525820,
0x000002bf2e5230c0, 0x000002bf2e526bd0, 0x000002bf2e523750, 0x000002bf2e527260,
0x000002bf2e5278f0, 0x000002bf2e524470, 0x000002bf2e527f80, 0x000002bf2e524b00,
0x000002bf2e529330, 0x000002bf2e5299c0, 0x000002bf2e52a050, 0x000002bf333021e0,
0x000002bf333007a0, 0x000002bf332ff3f0, 0x000002bf333014c0, 0x000002bf33301b50,
0x000002bf42a92490, 0x000002bf42a93ed0, 0x000002bf42a91e00, 0x000002bf42a92b20,
0x000002bf42a931b0, 0x000002bf42a94560, 0x000002bf42a910e0, 0x000002bf42a94bf0,
0x000002bf42a93840, 0x000002bf42a91770, 0x000002bf42a96cc0, 0x000002bf42a95910,
0x000002bf42a95fa0, 0x000002bf42a96630, 0x000002bf42a98700, 0x000002bf42a95280,
0x000002bf42a97350, 0x000002bf42a98070, 0x000002bf42a979e0, 0x000002bf40c0c810,
0x000002bf40c0e8e0, 0x000002bf40c0cea0, 0x000002bf40c0d530, 0x000002bf40c0dbc0,
0x000002bf40c0e250, 0x000002bf40c0f600, 0x000002bf40c11d60, 0x000002bf4274ba80,
0x000002bf4274b3f0, 0x000002bf42748c90, 0x000002bf4274ad60, 0x000002bf4274ce30,
0x000002bf4274c110, 0x000002bf4274c7a0, 0x000002bf4274a6d0, 0x000002bf4274ef00,
0x000002bf4274f590, 0x000002bf40c0baf0, 0x000002bf40c10320, 0x000002bf40c0fc90,
0x000002bf44d58ad0, 0x000002bf33302f00, 0x000002bf3d486520, 0x000002bf3d485170,
0x000002bf3d487240, 0x000002bf44d55650, 0x000002bf431f2e30, 0x000002bf431f5590,
0x000002bf431f4f00, 0x000002bf431f6940, 0x000002bf431faae0, 0x000002bf431fcbb0,
0x000002bf431fb170, 0x000002bf431fbe90, 0x000002bf431fc520, 0x000002bf431fd240,
0x000002bf431fd8d0, 0x000002bf431fb800, 0x000002bf431fa450, 0x000002bf431fdf60,
0x000002bf431fe5f0, 0x000002bf431fec80, 0x000002bf431ff310, 0x000002bf40c0c180,
0x000002bf40c13110, 0x000002bf40c123f0, 0x000002bf33302870, 0x000002bf42749320,
0x000002bf43eaff40, 0x000002bf43eb05d0, 0x000002bf43ead7e0, 0x000002bf43ead150,
0x000002bf43eade70, 0x000002bf43eb0c60, 0x000002bf43eaeb90, 0x000002bf43eaf8b0,
0x000002bf43eb1980, 0x000002bf43eae500, 0x000002bf43eb5490, 0x000002bf43eb4770,
0x000002bf43eb2010, 0x000002bf43eb5b20, 0x000002bf43eb26a0, 0x000002bf43eb2d30,
0x000002bf43eb61b0, 0x000002bf43eb33c0, 0x000002bf43eb4e00, 0x000002bf43eb6840,
0x000002bf43eb6ed0, 0x000002bf43eb3a50, 0x000002bf43eb7560, 0x000002bf43eb7bf0,
0x000002bf43eb8910, 0x000002bf43ebb700, 0x000002bf43eb8280, 0x000002bf43ebc420,
0x000002bf43eb8fa0, 0x000002bf43ebbd90, 0x000002bf43eb9630, 0x000002bf43eba350,
0x000002bf43eba9e0, 0x000002bf43ebb070, 0x000002bf403032d0, 0x000002bf40304d10,
0x000002bf403053a0, 0x000002bf403025b0, 0x000002bf40304680, 0x000002bf40303960,
0x000002bf40303ff0, 0x000002bf40302c40, 0x000002bf40307b00, 0x000002bf40309540,
0x000002bf40309bd0, 0x000002bf40306750, 0x000002bf40307470, 0x000002bf40308190,
0x000002bf40308820, 0x000002bf4030a260, 0x000002bf4030a8f0, 0x000002bf40308eb0,
0x000002bf403104d0, 0x000002bf40310b60, 0x000002bf4030f7b0, 0x000002bf403111f0,
0x000002bf40311880, 0x000002bf431f5c20, 0x000002bf431f34c0, 0x000002bf431f7660,
0x000002bf431f9730, 0x000002bf431f8380, 0x000002bf431f62b0, 0x000002bf431f90a0,
0x000002bf431f9dc0, 0x000002bf8b449b30, 0x000002bf8b44b570, 0x000002bf8b44c290,
0x000002bf8b4494a0, 0x000002bf8b448e10, 0x000002bf8b44cfb0, 0x000002bf8b44bc00,
0x000002bf8b44c920, 0x000002bf8b44d640, 0x000002bf8b44a1c0, 0x000002bf8b44dcd0,
0x000002bf8b44aee0, 0x000002bf8b456010, 0x000002bf431f4870, 0x000002bf8b44a850,
0x000002bf8b451150, 0x000002bf2dfb5e60, 0x000002bf8b44fda0, 0x000002bf8b44e9f0,
0x000002bf8b450430, 0x000002bf8b4538b0, 0x000002bf8b4517e0, 0x000002bf8b4566a0,
0x000002bf8b4552f0, 0x000002bf8b457a50, 0x000002bf8b4573c0, 0x000002bf8b455980,
0x000002bf8b456d30, 0x000002bf8b4580e0, 0x000002bf40305a30, 0x000002bf40306de0,
0x000002bf4030d6e0, 0x000002bf43eb12f0, 0x000002bf44d53c10, 0x000002bf44d597f0,
0x000002bf4030af80, 0x000002bf4030f120, 0x000002bf4030d050, 0x000002bf427499b0,
0x000002bf42748600, 0x000002bf4274a040, 0x000002bf431f41e0, 0x000002bf431f2110,
0x000002bf8b451e70, 0x000002bf40c116d0, 0x000002bf8b7a3e80, 0x000002bf8b7ab4a0,
0x000002bf8b7afcd0, 0x000002bf8b7a86b0, 0x000002bf8b7b2430, 0x000002bf8b7abb30,
0x000002bf8b7b4b90, 0x000002bf8b7b5220, 0x000002bf8ae25850, 0x000002c015af8010,
0x000002bf413da2e0, 0x000002bf413d7a00, 0x000002c023b87de0
}

Java Threads: ( => current thread )
=>0x000002bf79692b30 JavaThread "Render thread"                     [_thread_in_native, id=26284, stack(0x000000f90b100000,0x000000f90b200000) (1024K)]
  0x000002bf26d1ff40 JavaThread "Reference Handler"          daemon [_thread_blocked, id=23184, stack(0x000000f90b900000,0x000000f90ba00000) (1024K)]
  0x000002bf26d20990 JavaThread "Finalizer"                  daemon [_thread_blocked, id=35440, stack(0x000000f90ba00000,0x000000f90bb00000) (1024K)]
  0x000002bf26d2e7d0 JavaThread "Signal Dispatcher"          daemon [_thread_blocked, id=25344, stack(0x000000f90bb00000,0x000000f90bc00000) (1024K)]
  0x000002bf26d2f620 JavaThread "Attach Listener"            daemon [_thread_blocked, id=1744, stack(0x000000f90bc00000,0x000000f90bd00000) (1024K)]
  0x000002bf26d2bbf0 JavaThread "Service Thread"             daemon [_thread_blocked, id=17352, stack(0x000000f90bd00000,0x000000f90be00000) (1024K)]
  0x000002bf26d02130 JavaThread "Monitor Deflation Thread"   daemon [_thread_blocked, id=36572, stack(0x000000f90be00000,0x000000f90bf00000) (1024K)]
  0x000002bf26d06fd0 JavaThread "C2 CompilerThread0"         daemon [_thread_blocked, id=35992, stack(0x000000f90bf00000,0x000000f90c000000) (1024K)]
  0x000002bf26d07e70 JavaThread "C1 CompilerThread0"         daemon [_thread_blocked, id=10708, stack(0x000000f90c000000,0x000000f90c100000) (1024K)]
  0x000002bf26f1fa00 JavaThread "Notification Thread"        daemon [_thread_blocked, id=7064, stack(0x000000f90c400000,0x000000f90c500000) (1024K)]
  0x000002bf26f16160 JavaThread "Common-Cleaner"             daemon [_thread_blocked, id=21844, stack(0x000000f90c500000,0x000000f90c600000) (1024K)]
  0x000002bf2ba27800 JavaThread "ForkJoinPool.commonPool-worker-1" daemon [_thread_blocked, id=22664, stack(0x000000f90d800000,0x000000f90d900000) (1024K)]
  0x000002bf319d8210 JavaThread "ForkJoinPool.commonPool-worker-2" daemon [_thread_blocked, id=17816, stack(0x000000f90d900000,0x000000f90da00000) (1024K)]
  0x000002bf2fb84a90 JavaThread "ForkJoinPool.commonPool-worker-3" daemon [_thread_blocked, id=31388, stack(0x000000f90da00000,0x000000f90db00000) (1024K)]
  0x000002bf2fb850f0 JavaThread "ForkJoinPool.commonPool-worker-4" daemon [_thread_blocked, id=7108, stack(0x000000f90db00000,0x000000f90dc00000) (1024K)]
  0x000002bf30f65380 JavaThread "ForkJoinPool.commonPool-worker-5" daemon [_thread_blocked, id=11748, stack(0x000000f90dc00000,0x000000f90dd00000) (1024K)]
  0x000002bf2e31ffb0 JavaThread "ForkJoinPool.commonPool-worker-7" daemon [_thread_blocked, id=20028, stack(0x000000f90dd00000,0x000000f90de00000) (1024K)]
  0x000002bf2ff20de0 JavaThread "ForkJoinPool.commonPool-worker-6" daemon [_thread_blocked, id=35040, stack(0x000000f90de00000,0x000000f90df00000) (1024K)]
  0x000002bf2e53be20 JavaThread "ForkJoinPool.commonPool-worker-8" daemon [_thread_blocked, id=24584, stack(0x000000f90df00000,0x000000f90e000000) (1024K)]
  0x000002bf2e53b790 JavaThread "ForkJoinPool.commonPool-worker-9" daemon [_thread_blocked, id=31164, stack(0x000000f90e000000,0x000000f90e100000) (1024K)]
  0x000002bf2e53aa70 JavaThread "ForkJoinPool.commonPool-worker-10" daemon [_thread_blocked, id=14140, stack(0x000000f90e100000,0x000000f90e200000) (1024K)]
  0x000002bf2e53b100 JavaThread "ForkJoinPool.commonPool-worker-11" daemon [_thread_blocked, id=21416, stack(0x000000f90e200000,0x000000f90e300000) (1024K)]
  0x000002bf30bdd990 JavaThread "ForkJoinPool.commonPool-worker-21" daemon [_thread_blocked, id=14904, stack(0x000000f90e300000,0x000000f90e400000) (1024K)]
  0x000002bf30bde020 JavaThread "ForkJoinPool.commonPool-worker-13" daemon [_thread_blocked, id=29100, stack(0x000000f90e400000,0x000000f90e500000) (1024K)]
  0x000002bf30be00f0 JavaThread "ForkJoinPool.commonPool-worker-14" daemon [_thread_blocked, id=34840, stack(0x000000f90e500000,0x000000f90e600000) (1024K)]
  0x000002bf30bdd300 JavaThread "ForkJoinPool.commonPool-worker-15" daemon [_thread_blocked, id=18464, stack(0x000000f90e600000,0x000000f90e700000) (1024K)]
  0x000002bf30bded40 JavaThread "ForkJoinPool.commonPool-worker-16" daemon [_thread_blocked, id=12880, stack(0x000000f90e700000,0x000000f90e800000) (1024K)]
  0x000002bf30bdf3d0 JavaThread "ForkJoinPool.commonPool-worker-17" daemon [_thread_blocked, id=2100, stack(0x000000f90e800000,0x000000f90e900000) (1024K)]
  0x000002bf30be0780 JavaThread "ForkJoinPool.commonPool-worker-18" daemon [_thread_blocked, id=27076, stack(0x000000f90e900000,0x000000f90ea00000) (1024K)]
  0x000002bf30be0e10 JavaThread "ForkJoinPool.commonPool-worker-20" daemon [_thread_blocked, id=20148, stack(0x000000f90eb00000,0x000000f90ec00000) (1024K)]
  0x000002bf30be14a0 JavaThread "ForkJoinPool.commonPool-worker-12" daemon [_thread_blocked, id=18976, stack(0x000000f90ec00000,0x000000f90ed00000) (1024K)]
  0x000002bf30bde6b0 JavaThread "ForkJoinPool.commonPool-worker-22" daemon [_thread_blocked, id=9752, stack(0x000000f90ed00000,0x000000f90ee00000) (1024K)]
  0x000002bf30be2850 JavaThread "ForkJoinPool.commonPool-worker-23" daemon [_thread_blocked, id=4712, stack(0x000000f90ee00000,0x000000f90ef00000) (1024K)]
  0x000002bf33303590 JavaThread "DFU cleaning thread"        daemon [_thread_blocked, id=528, stack(0x000000f911900000,0x000000f911a00000) (1024K)]
  0x000002bf333042b0 JavaThread "JNA Cleaner"                daemon [_thread_blocked, id=30208, stack(0x000000f911b00000,0x000000f911c00000) (1024K)]
  0x000002bf33305cf0 JavaThread "DH-Log Ticker Thread[0]"    daemon [_thread_blocked, id=11532, stack(0x000000f90d400000,0x000000f90d500000) (1024K)]
  0x000002bf33306380 JavaThread "Timer hack thread"          daemon [_thread_blocked, id=11276, stack(0x000000f90d500000,0x000000f90d600000) (1024K)]
  0x000002bf30be3570 JavaThread "Yggdrasil Key Fetcher"      daemon [_thread_blocked, id=12604, stack(0x000000f911e00000,0x000000f911f00000) (1024K)]
  0x000002bf2dfb6b80 JavaThread "Cleaner-0"                  daemon [_thread_blocked, id=28200, stack(0x000000f912100000,0x000000f912200000) (1024K)]
  0x000002bf2dfb78a0 JavaThread "modloading-worker-0"        daemon [_thread_blocked, id=13640, stack(0x000000f910300000,0x000000f910400000) (1024K)]
  0x000002bf2dfb5140 JavaThread "modloading-worker-0"        daemon [_thread_blocked, id=32612, stack(0x000000f910400000,0x000000f910500000) (1024K)]
  0x000002bf2dfb8c50 JavaThread "modloading-worker-0"        daemon [_thread_blocked, id=13964, stack(0x000000f910500000,0x000000f910600000) (1024K)]
  0x000002bf2dfb92e0 JavaThread "modloading-worker-0"        daemon [_thread_blocked, id=21880, stack(0x000000f910600000,0x000000f910700000) (1024K)]
  0x000002bf2dfb7f30 JavaThread "modloading-worker-0"        daemon [_thread_blocked, id=11556, stack(0x000000f910700000,0x000000f910800000) (1024K)]
  0x000002bf2dfb85c0 JavaThread "modloading-worker-0"        daemon [_thread_blocked, id=37460, stack(0x000000f910800000,0x000000f910900000) (1024K)]
  0x000002bf2dfb9970 JavaThread "modloading-worker-0"        daemon [_thread_blocked, id=35868, stack(0x000000f910900000,0x000000f910a00000) (1024K)]
  0x000002bf2dfba000 JavaThread "modloading-worker-0"        daemon [_thread_blocked, id=15740, stack(0x000000f910a00000,0x000000f910b00000) (1024K)]
  0x000002bf2dfba690 JavaThread "modloading-worker-0"        daemon [_thread_blocked, id=16508, stack(0x000000f910b00000,0x000000f910c00000) (1024K)]
  0x000002bf2dfb7210 JavaThread "modloading-worker-0"        daemon [_thread_blocked, id=34908, stack(0x000000f910c00000,0x000000f910d00000) (1024K)]
  0x000002bf2dfbba40 JavaThread "modloading-worker-0"        daemon [_thread_blocked, id=27768, stack(0x000000f910e00000,0x000000f910f00000) (1024K)]
  0x000002bf2dfbb3b0 JavaThread "modloading-worker-0"        daemon [_thread_blocked, id=15148, stack(0x000000f910f00000,0x000000f911000000) (1024K)]
  0x000002bf2dfbc0d0 JavaThread "modloading-worker-0"        daemon [_thread_blocked, id=26668, stack(0x000000f911000000,0x000000f911100000) (1024K)]
  0x000002bf2dfbc760 JavaThread "modloading-worker-0"        daemon [_thread_blocked, id=27916, stack(0x000000f911100000,0x000000f911200000) (1024K)]
  0x000002bf2e526540 JavaThread "modloading-worker-0"        daemon [_thread_blocked, id=22660, stack(0x000000f911200000,0x000000f911300000) (1024K)]
  0x000002bf2e523de0 JavaThread "modloading-worker-0"        daemon [_thread_blocked, id=35012, stack(0x000000f911300000,0x000000f911400000) (1024K)]
  0x000002bf2e525820 JavaThread "modloading-worker-0"        daemon [_thread_blocked, id=24920, stack(0x000000f911400000,0x000000f911500000) (1024K)]
  0x000002bf2e5230c0 JavaThread "modloading-worker-0"        daemon [_thread_blocked, id=32020, stack(0x000000f911500000,0x000000f911600000) (1024K)]
  0x000002bf2e526bd0 JavaThread "modloading-worker-0"        daemon [_thread_blocked, id=23200, stack(0x000000f911600000,0x000000f911700000) (1024K)]
  0x000002bf2e523750 JavaThread "modloading-worker-0"        daemon [_thread_blocked, id=27792, stack(0x000000f911700000,0x000000f911800000) (1024K)]
  0x000002bf2e527260 JavaThread "modloading-worker-0"        daemon [_thread_blocked, id=25476, stack(0x000000f911800000,0x000000f911900000) (1024K)]
  0x000002bf2e5278f0 JavaThread "modloading-worker-0"        daemon [_thread_blocked, id=26256, stack(0x000000f912400000,0x000000f912500000) (1024K)]
  0x000002bf2e524470 JavaThread "FileSystemWatchService"     daemon [_thread_in_native, id=28320, stack(0x000000f912500000,0x000000f912600000) (1024K)]
  0x000002bf2e527f80 JavaThread "Thread-4"                   daemon [_thread_blocked, id=2676, stack(0x000000f912600000,0x000000f912700000) (1024K)]
  0x000002bf2e524b00 JavaThread "FileSystemWatchService"     daemon [_thread_in_native, id=5340, stack(0x000000f912700000,0x000000f912800000) (1024K)]
  0x000002bf2e529330 JavaThread "Config Lib config file watcher" daemon [_thread_blocked, id=14104, stack(0x000000f912800000,0x000000f912900000) (1024K)]
  0x000002bf2e5299c0 JavaThread "FileSystemWatchService"     daemon [_thread_in_native, id=8800, stack(0x000000f912900000,0x000000f912a00000) (1024K)]
  0x000002bf2e52a050 JavaThread "Java2D Disposer"            daemon [_thread_blocked, id=16468, stack(0x000000f912a00000,0x000000f912b00000) (1024K)]
  0x000002bf333021e0 JavaThread "AWT-Windows"                daemon [_thread_in_native, id=17548, stack(0x000000f912c00000,0x000000f912d00000) (1024K)]
  0x000002bf333007a0 JavaThread "JEI Config File Watcher"    daemon [_thread_blocked, id=13548, stack(0x000000f912d00000,0x000000f912e00000) (1024K)]
  0x000002bf332ff3f0 JavaThread "modloading-sync-worker"     daemon [_thread_blocked, id=13828, stack(0x000000f911a00000,0x000000f911b00000) (1024K)]
  0x000002bf333014c0 JavaThread "FileSystemWatchService"     daemon [_thread_in_native, id=22284, stack(0x000000f90d600000,0x000000f90d700000) (1024K)]
  0x000002bf33301b50 JavaThread "config-file-watcher-0-0"    daemon [_thread_blocked, id=19028, stack(0x000000f90d700000,0x000000f90d800000) (1024K)]
  0x000002bf42a92490 JavaThread "Worker-Main-1"              daemon [_thread_blocked, id=8224, stack(0x000000f90d200000,0x000000f90d300000) (1024K)]
  0x000002bf42a93ed0 JavaThread "Worker-Main-2"              daemon [_thread_blocked, id=23400, stack(0x000000f90d300000,0x000000f90d400000) (1024K)]
  0x000002bf42a91e00 JavaThread "Worker-Main-3"              daemon [_thread_blocked, id=25720, stack(0x000000f912b00000,0x000000f912c00000) (1024K)]
  0x000002bf42a92b20 JavaThread "Worker-ResourceReload-0"    daemon [_thread_blocked, id=22124, stack(0x000000f912e00000,0x000000f912f00000) (1024K)]
  0x000002bf42a931b0 JavaThread "Worker-ResourceReload-1"    daemon [_thread_blocked, id=31372, stack(0x000000f912f00000,0x000000f913000000) (1024K)]
  0x000002bf42a94560 JavaThread "Worker-ResourceReload-2"    daemon [_thread_blocked, id=36212, stack(0x000000f913000000,0x000000f913100000) (1024K)]
  0x000002bf42a910e0 JavaThread "Worker-ResourceReload-3"    daemon [_thread_blocked, id=13124, stack(0x000000f913100000,0x000000f913200000) (1024K)]
  0x000002bf42a94bf0 JavaThread "Worker-ResourceReload-4"    daemon [_thread_blocked, id=20392, stack(0x000000f913200000,0x000000f913300000) (1024K)]
  0x000002bf42a93840 JavaThread "Worker-ResourceReload-5"    daemon [_thread_blocked, id=25504, stack(0x000000f913300000,0x000000f913400000) (1024K)]
  0x000002bf42a91770 JavaThread "Worker-ResourceReload-6"    daemon [_thread_blocked, id=12148, stack(0x000000f913400000,0x000000f913500000) (1024K)]
  0x000002bf42a96cc0 JavaThread "Worker-ResourceReload-7"    daemon [_thread_blocked, id=19652, stack(0x000000f913500000,0x000000f913600000) (1024K)]
  0x000002bf42a95910 JavaThread "Worker-ResourceReload-8"    daemon [_thread_blocked, id=15540, stack(0x000000f913600000,0x000000f913700000) (1024K)]
  0x000002bf42a95fa0 JavaThread "Worker-ResourceReload-9"    daemon [_thread_blocked, id=10852, stack(0x000000f913700000,0x000000f913800000) (1024K)]
  0x000002bf42a96630 JavaThread "Worker-ResourceReload-10"   daemon [_thread_blocked, id=22212, stack(0x000000f913800000,0x000000f913900000) (1024K)]
  0x000002bf42a98700 JavaThread "Worker-ResourceReload-11"   daemon [_thread_blocked, id=31032, stack(0x000000f913900000,0x000000f913a00000) (1024K)]
  0x000002bf42a95280 JavaThread "Worker-ResourceReload-12"   daemon [_thread_blocked, id=19304, stack(0x000000f913a00000,0x000000f913b00000) (1024K)]
  0x000002bf42a97350 JavaThread "Worker-ResourceReload-13"   daemon [_thread_blocked, id=29576, stack(0x000000f913b00000,0x000000f913c00000) (1024K)]
  0x000002bf42a98070 JavaThread "Worker-ResourceReload-14"   daemon [_thread_blocked, id=13536, stack(0x000000f913c00000,0x000000f913d00000) (1024K)]
  0x000002bf42a979e0 JavaThread "Worker-ResourceReload-15"   daemon [_thread_blocked, id=10908, stack(0x000000f913d00000,0x000000f913e00000) (1024K)]
  0x000002bf40c0c810 JavaThread "Worker-ResourceReload-16"   daemon [_thread_blocked, id=15404, stack(0x000000f913e00000,0x000000f913f00000) (1024K)]
  0x000002bf40c0e8e0 JavaThread "Worker-ResourceReload-17"   daemon [_thread_blocked, id=27680, stack(0x000000f913f00000,0x000000f914000000) (1024K)]
  0x000002bf40c0cea0 JavaThread "Worker-ResourceReload-18"   daemon [_thread_blocked, id=6624, stack(0x000000f914000000,0x000000f914100000) (1024K)]
  0x000002bf40c0d530 JavaThread "Worker-ResourceReload-19"   daemon [_thread_blocked, id=2900, stack(0x000000f914100000,0x000000f914200000) (1024K)]
  0x000002bf40c0dbc0 JavaThread "Worker-ResourceReload-20"   daemon [_thread_blocked, id=7680, stack(0x000000f914200000,0x000000f914300000) (1024K)]
  0x000002bf40c0e250 JavaThread "Worker-ResourceReload-21"   daemon [_thread_blocked, id=6248, stack(0x000000f914300000,0x000000f914400000) (1024K)]
  0x000002bf40c0f600 JavaThread "ConfigSaver"                daemon [_thread_blocked, id=32792, stack(0x000000f914c00000,0x000000f914d00000) (1024K)]
  0x000002bf40c11d60 JavaThread "Thread-9"                          [_thread_blocked, id=7988, stack(0x000000f915000000,0x000000f915100000) (1024K)]
  0x000002bf4274ba80 JavaThread "IO-Worker-1"                       [_thread_blocked, id=13948, stack(0x000000f915700000,0x000000f915800000) (1024K)]
  0x000002bf4274b3f0 JavaThread "Cleaner-1"                  daemon [_thread_blocked, id=30448, stack(0x000000f915900000,0x000000f915a00000) (1024K)]
  0x000002bf42748c90 JavaThread "Cleaner-2"                  daemon [_thread_blocked, id=29120, stack(0x000000f915a00000,0x000000f915b00000) (1024K)]
  0x000002bf4274ad60 JavaThread "Cleaner-3"                  daemon [_thread_blocked, id=4160, stack(0x000000f915b00000,0x000000f915c00000) (1024K)]
  0x000002bf4274ce30 JavaThread "Cleaner-4"                  daemon [_thread_blocked, id=3220, stack(0x000000f915c00000,0x000000f915d00000) (1024K)]
  0x000002bf4274c110 JavaThread "DH-ApplyConfigPresetTimer"  daemon [_thread_blocked, id=8776, stack(0x000000f915100000,0x000000f915200000) (1024K)]
  0x000002bf4274c7a0 JavaThread "DH-ApplyConfigPresetTimer"  daemon [_thread_blocked, id=23332, stack(0x000000f915200000,0x000000f915300000) (1024K)]
  0x000002bf4274a6d0 JavaThread "ReactiveMusic Player Thread" daemon [_thread_blocked, id=24228, stack(0x000000f915300000,0x000000f915400000) (1024K)]
  0x000002bf4274ef00 JavaThread "Worker-Main-4"              daemon [_thread_blocked, id=22320, stack(0x000000f914600000,0x000000f914700000) (1024K)]
  0x000002bf4274f590 JavaThread "Worker-Main-5"              daemon [_thread_blocked, id=4380, stack(0x000000f914800000,0x000000f914900000) (1024K)]
  0x000002bf40c0baf0 JavaThread "Worker-Main-6"              daemon [_thread_blocked, id=11036, stack(0x000000f914900000,0x000000f914a00000) (1024K)]
  0x000002bf40c10320 JavaThread "Worker-Main-7"              daemon [_thread_blocked, id=30404, stack(0x000000f914a00000,0x000000f914b00000) (1024K)]
  0x000002bf40c0fc90 JavaThread "Worker-Main-8"              daemon [_thread_blocked, id=32992, stack(0x000000f914b00000,0x000000f914c00000) (1024K)]
  0x000002bf44d58ad0 JavaThread "DH-RenderCacheClearConfigTimer" daemon [_thread_blocked, id=12060, stack(0x000000f916000000,0x000000f916100000) (1024K)]
  0x000002bf33302f00 JavaThread "Cleaner-5"                  daemon [_thread_blocked, id=11844, stack(0x000000f916200000,0x000000f916300000) (1024K)]
  0x000002bf3d486520 JavaThread "Thread-22"                         [_thread_blocked, id=14472, stack(0x000000f916100000,0x000000f916200000) (1024K)]
  0x000002bf3d485170 JavaThread "CullThread"                 daemon [_thread_blocked, id=8784, stack(0x000000f916300000,0x000000f916400000) (1024K)]
  0x000002bf3d487240 JavaThread "Java Sound Event Dispatcher" daemon [_thread_blocked, id=36984, stack(0x000000f916400000,0x000000f916500000) (1024K)]
  0x000002bf44d55650 JavaThread "pool-32-thread-1"                  [_thread_blocked, id=19668, stack(0x000000f90c600000,0x000000f90c700000) (1024K)]
  0x000002bf431f2e30 JavaThread "Java Sound Sequencer"              [_thread_blocked, id=33428, stack(0x000000f90f600000,0x000000f90f700000) (1024K)]
  0x000002bf431f5590 JavaThread "Server thread"                     [_thread_blocked, id=9284, stack(0x000000f911d00000,0x000000f911e00000) (1024K)]
  0x000002bf431f4f00 JavaThread "DH-ClientTickTimer"         daemon [_thread_blocked, id=21024, stack(0x000000f916b00000,0x000000f916c00000) (1024K)]
  0x000002bf431f6940 JavaThread "DH-delayed save cache cleaner Thread[0]" daemon [_thread_blocked, id=18416, stack(0x000000f914d00000,0x000000f914e00000) (1024K)]
  0x000002bf431faae0 JavaThread "DH-Phantom Array Recycler Thread[0]" daemon [_thread_blocked, id=2516, stack(0x000000f914e00000,0x000000f914f00000) (1024K)]
  0x000002bf431fcbb0 JavaThread "DH-Update Propagate Queue [minecraft:overworld] Thread[0]"        [_thread_blocked, id=20964, stack(0x000000f914f00000,0x000000f915000000) (1024K)]
  0x000002bf431fb170 JavaThread "DH-Full Data Migration Thread[0]"        [_thread_blocked, id=37856, stack(0x000000f916c00000,0x000000f916d00000) (1024K)]
  0x000002bf431fbe90 JavaThread "DH-Request Module Ticker [minecraft:overworld] Thread[0]" daemon [_thread_blocked, id=1796, stack(0x000000f916d00000,0x000000f916e00000) (1024K)]
  0x000002bf431fc520 JavaThread "DH-DataSource Request Ticker [minecraft:overworld] Thread[0]" daemon [_thread_blocked, id=10556, stack(0x000000f916e00000,0x000000f916f00000) (1024K)]
  0x000002bf431fd240 JavaThread "DH-Update Propagate Queue [minecraft:the_end] Thread[0]"        [_thread_blocked, id=18680, stack(0x000000f916f00000,0x000000f917000000) (1024K)]
  0x000002bf431fd8d0 JavaThread "DH-Request Module Ticker [minecraft:the_end] Thread[0]" daemon [_thread_blocked, id=556, stack(0x000000f917000000,0x000000f917100000) (1024K)]
  0x000002bf431fb800 JavaThread "DH-DataSource Request Ticker [minecraft:the_end] Thread[0]" daemon [_thread_blocked, id=33456, stack(0x000000f917100000,0x000000f917200000) (1024K)]
  0x000002bf431fa450 JavaThread "IO-Worker-2"                       [_thread_blocked, id=23704, stack(0x000000f917200000,0x000000f917300000) (1024K)]
  0x000002bf431fdf60 JavaThread "DH-Update Propagate Queue [minecraft:the_nether] Thread[0]"        [_thread_blocked, id=29996, stack(0x000000f917300000,0x000000f917400000) (1024K)]
  0x000002bf431fe5f0 JavaThread "DH-Request Module Ticker [minecraft:the_nether] Thread[0]" daemon [_thread_blocked, id=29272, stack(0x000000f917400000,0x000000f917500000) (1024K)]
  0x000002bf431fec80 JavaThread "DH-DataSource Request Ticker [minecraft:the_nether] Thread[0]" daemon [_thread_blocked, id=37148, stack(0x000000f917500000,0x000000f917600000) (1024K)]
  0x000002bf431ff310 JavaThread "Worker-Main-9"              daemon [_thread_blocked, id=30244, stack(0x000000f917600000,0x000000f917700000) (1024K)]
  0x000002bf40c0c180 JavaThread "Worker-Main-10"             daemon [_thread_blocked, id=3488, stack(0x000000f917700000,0x000000f917800000) (1024K)]
  0x000002bf40c13110 JavaThread "Worker-Main-11"             daemon [_thread_blocked, id=36200, stack(0x000000f917800000,0x000000f917900000) (1024K)]
  0x000002bf40c123f0 JavaThread "Worker-Main-18"             daemon [_thread_blocked, id=18392, stack(0x000000f917900000,0x000000f917a00000) (1024K)]
  0x000002bf33302870 JavaThread "Worker-Main-17"             daemon [_thread_blocked, id=28704, stack(0x000000f917a00000,0x000000f917b00000) (1024K)]
  0x000002bf42749320 JavaThread "Worker-Main-16"             daemon [_thread_blocked, id=11492, stack(0x000000f917b00000,0x000000f917c00000) (1024K)]
  0x000002bf43eaff40 JavaThread "Worker-Main-15"             daemon [_thread_blocked, id=9504, stack(0x000000f917c00000,0x000000f917d00000) (1024K)]
  0x000002bf43eb05d0 JavaThread "Worker-Main-19"             daemon [_thread_blocked, id=7452, stack(0x000000f917d00000,0x000000f917e00000) (1024K)]
  0x000002bf43ead7e0 JavaThread "Worker-Main-14"             daemon [_thread_blocked, id=37104, stack(0x000000f917e00000,0x000000f917f00000) (1024K)]
  0x000002bf43ead150 JavaThread "Worker-Main-13"             daemon [_thread_blocked, id=4660, stack(0x000000f917f00000,0x000000f918000000) (1024K)]
  0x000002bf43eade70 JavaThread "Worker-Main-12"             daemon [_thread_blocked, id=16044, stack(0x000000f918000000,0x000000f918100000) (1024K)]
  0x000002bf43eb0c60 JavaThread "Worker-Main-20"             daemon [_thread_blocked, id=35648, stack(0x000000f918100000,0x000000f918200000) (1024K)]
  0x000002bf43eaeb90 JavaThread "Worker-Main-21"             daemon [_thread_blocked, id=15460, stack(0x000000f918200000,0x000000f918300000) (1024K)]
  0x000002bf43eaf8b0 JavaThread "DH-Update Propagator Thread[0]"        [_thread_blocked, id=24636, stack(0x000000f918300000,0x000000f918400000) (1024K)]
  0x000002bf43eb1980 JavaThread "DH-Update Propagator Thread[1]"        [_thread_blocked, id=23536, stack(0x000000f918400000,0x000000f918500000) (1024K)]
  0x000002bf43eae500 JavaThread "DH-Update Propagator Thread[2]"        [_thread_blocked, id=12268, stack(0x000000f918500000,0x000000f918600000) (1024K)]
  0x000002bf43eb5490 JavaThread "DH-Update Propagator Thread[3]"        [_thread_blocked, id=25528, stack(0x000000f918600000,0x000000f918700000) (1024K)]
  0x000002bf43eb4770 JavaThread "DH-Update Propagator Thread[4]"        [_thread_blocked, id=27444, stack(0x000000f918700000,0x000000f918800000) (1024K)]
  0x000002bf43eb2010 JavaThread "DH-Update Propagator Thread[5]"        [_thread_blocked, id=24112, stack(0x000000f918800000,0x000000f918900000) (1024K)]
  0x000002bf43eb5b20 JavaThread "DH-Update Propagator Thread[6]"        [_thread_blocked, id=26324, stack(0x000000f918900000,0x000000f918a00000) (1024K)]
  0x000002bf43eb26a0 JavaThread "DH-Update Propagator Thread[7]"        [_thread_blocked, id=27176, stack(0x000000f918a00000,0x000000f918b00000) (1024K)]
  0x000002bf43eb2d30 JavaThread "DH-Update Propagator Thread[8]"        [_thread_blocked, id=31200, stack(0x000000f918b00000,0x000000f918c00000) (1024K)]
  0x000002bf43eb61b0 JavaThread "DH-LOD Builder Thread[0]"          [_thread_blocked, id=25828, stack(0x000000f918c00000,0x000000f918d00000) (1024K)]
  0x000002bf43eb33c0 JavaThread "DH-LOD Builder Thread[1]"          [_thread_blocked, id=3128, stack(0x000000f918d00000,0x000000f918e00000) (1024K)]
  0x000002bf43eb4e00 JavaThread "DH-LOD Builder Thread[2]"          [_thread_blocked, id=17100, stack(0x000000f918e00000,0x000000f918f00000) (1024K)]
  0x000002bf43eb6840 JavaThread "DH-LOD Builder Thread[3]"          [_thread_blocked, id=26532, stack(0x000000f918f00000,0x000000f919000000) (1024K)]
  0x000002bf43eb6ed0 JavaThread "DH-LOD Builder Thread[4]"          [_thread_blocked, id=29956, stack(0x000000f919000000,0x000000f919100000) (1024K)]
  0x000002bf43eb3a50 JavaThread "DH-LOD Builder Thread[5]"          [_thread_blocked, id=26644, stack(0x000000f919100000,0x000000f919200000) (1024K)]
  0x000002bf43eb7560 JavaThread "DH-LOD Builder Thread[6]"          [_thread_blocked, id=16696, stack(0x000000f919200000,0x000000f919300000) (1024K)]
  0x000002bf43eb7bf0 JavaThread "DH-LOD Builder Thread[7]"          [_thread_blocked, id=24276, stack(0x000000f919300000,0x000000f919400000) (1024K)]
  0x000002bf43eb8910 JavaThread "DH-LOD Builder Thread[8]"          [_thread_blocked, id=35924, stack(0x000000f919400000,0x000000f919500000) (1024K)]
  0x000002bf43ebb700 JavaThread "DH-LOD Builder Thread[9]"          [_thread_blocked, id=20328, stack(0x000000f919500000,0x000000f919600000) (1024K)]
  0x000002bf43eb8280 JavaThread "DH-LOD Builder Thread[10]"         [_thread_blocked, id=1876, stack(0x000000f919600000,0x000000f919700000) (1024K)]
  0x000002bf43ebc420 JavaThread "DH-LOD Builder Thread[11]"         [_thread_blocked, id=28332, stack(0x000000f919700000,0x000000f919800000) (1024K)]
  0x000002bf43eb8fa0 JavaThread "Thread-26"                  daemon [_thread_blocked, id=25936, stack(0x000000f919800000,0x000000f919900000) (1024K)]
  0x000002bf43ebbd90 JavaThread "Thread-27"                  daemon [_thread_blocked, id=25680, stack(0x000000f919900000,0x000000f919a00000) (1024K)]
  0x000002bf43eb9630 JavaThread "Thread-28"                  daemon [_thread_blocked, id=33848, stack(0x000000f919a00000,0x000000f919b00000) (1024K)]
  0x000002bf43eba350 JavaThread "DH-Update Propagator Thread[9]"        [_thread_blocked, id=21208, stack(0x000000f919b00000,0x000000f919c00000) (1024K)]
  0x000002bf43eba9e0 JavaThread "DH-Update Propagator Thread[10]"        [_thread_blocked, id=6204, stack(0x000000f919c00000,0x000000f919d00000) (1024K)]
  0x000002bf43ebb070 JavaThread "ModernFix integrated server watchdog" daemon [_thread_blocked, id=5540, stack(0x000000f919d00000,0x000000f919e00000) (1024K)]
  0x000002bf403032d0 JavaThread "DH-Update Propagator Thread[11]"        [_thread_blocked, id=22848, stack(0x000000f919e00000,0x000000f919f00000) (1024K)]
  0x000002bf40304d10 JavaThread "VoiceChatPacketProcessingThread" daemon [_thread_blocked, id=31292, stack(0x000000f919f00000,0x000000f91a000000) (1024K)]
  0x000002bf403053a0 JavaThread "VoiceChatServerThread"      daemon [_thread_in_native, id=31964, stack(0x000000f91a000000,0x000000f91a100000) (1024K)]
  0x000002bf403025b0 JavaThread "Netty Server IO #0"         daemon [_thread_in_native, id=32704, stack(0x000000f91b900000,0x000000f91ba00000) (1024K)]
  0x000002bf40304680 JavaThread "Netty Server IO #1"         daemon [_thread_in_native, id=29860, stack(0x000000f91d400000,0x000000f91d500000) (1024K)]
  0x000002bf40303960 JavaThread "Netty Local Client IO #0"   daemon [_thread_blocked, id=11692, stack(0x000000f91d500000,0x000000f91d600000) (1024K)]
  0x000002bf40303ff0 JavaThread "Netty Server IO #2"         daemon [_thread_in_native, id=5208, stack(0x000000f91d600000,0x000000f91d700000) (1024K)]
  0x000002bf40302c40 JavaThread "Netty Local Client IO #1"   daemon [_thread_blocked, id=24776, stack(0x000000f91d700000,0x000000f91d800000) (1024K)]
  0x000002bf40307b00 JavaThread "Netty Server IO #3"         daemon [_thread_in_native, id=14208, stack(0x000000f91d800000,0x000000f91d900000) (1024K)]
  0x000002bf40309540 JavaThread "IO-Worker-3"                       [_thread_blocked, id=18820, stack(0x000000f91d900000,0x000000f91da00000) (1024K)]
  0x000002bf40309bd0 JavaThread "Ingredient reference clearing thread" daemon [_thread_blocked, id=28276, stack(0x000000f91da00000,0x000000f91db00000) (1024K)]
  0x000002bf40306750 JavaThread "Sound engine"               daemon [_thread_blocked, id=33724, stack(0x000000f91db00000,0x000000f91dc00000) (1024K)]
  0x000002bf40307470 JavaThread "DH-FullDataPayloadSender"   daemon [_thread_blocked, id=29216, stack(0x000000f916a00000,0x000000f916b00000) (1024K)]
  0x000002bf40308190 JavaThread "DH-ChunkSaveIgnoreTimer"    daemon [_thread_blocked, id=37124, stack(0x000000f91dc00000,0x000000f91dd00000) (1024K)]
  0x000002bf40308820 JavaThread "DH-ChunkSaveIgnoreTimer"    daemon [_thread_blocked, id=19816, stack(0x000000f91dd00000,0x000000f91de00000) (1024K)]
  0x000002bf4030a260 JavaThread "DH-World Gen Queue Thread[0]"        [_thread_blocked, id=34288, stack(0x000000f91de00000,0x000000f91df00000) (1024K)]
  0x000002bf4030a8f0 JavaThread "DH-World Gen Progress Updater Thread[0]" daemon [_thread_blocked, id=25892, stack(0x000000f91df00000,0x000000f91e000000) (1024K)]
  0x000002bf40308eb0 JavaThread "IO-Worker-4"                       [_thread_blocked, id=18688, stack(0x000000f91e000000,0x000000f91e100000) (1024K)]
  0x000002bf403104d0 JavaThread "DH-Render Loader Thread[0]"        [_thread_blocked, id=2756, stack(0x000000f91eb00000,0x000000f91ec00000) (1024K)]
  0x000002bf40310b60 JavaThread "DH-Render Loader Thread[1]"        [_thread_blocked, id=23796, stack(0x000000f91ec00000,0x000000f91ed00000) (1024K)]
  0x000002bf4030f7b0 JavaThread "DH-Render Loader Thread[2]"        [_thread_blocked, id=36168, stack(0x000000f91ed00000,0x000000f91ee00000) (1024K)]
  0x000002bf403111f0 JavaThread "DH-Render Loader Thread[3]"        [_thread_blocked, id=27672, stack(0x000000f91ee00000,0x000000f91ef00000) (1024K)]
  0x000002bf40311880 JavaThread "DH-IO Thread[0]"                   [_thread_blocked, id=17092, stack(0x000000f91ef00000,0x000000f91f000000) (1024K)]
  0x000002bf431f5c20 JavaThread "DH-Render Loader Thread[4]"        [_thread_blocked, id=14884, stack(0x000000f91f000000,0x000000f91f100000) (1024K)]
  0x000002bf431f34c0 JavaThread "DH-Render Loader Thread[5]"        [_thread_blocked, id=14812, stack(0x000000f91f100000,0x000000f91f200000) (1024K)]
  0x000002bf431f7660 JavaThread "DH-Render Loader Thread[6]"        [_thread_blocked, id=6944, stack(0x000000f91f200000,0x000000f91f300000) (1024K)]
  0x000002bf431f9730 JavaThread "DH-Render Loader Thread[7]"        [_thread_blocked, id=36444, stack(0x000000f91f300000,0x000000f91f400000) (1024K)]
  0x000002bf431f8380 JavaThread "DH-Render Loader Thread[8]"        [_thread_blocked, id=20884, stack(0x000000f91f400000,0x000000f91f500000) (1024K)]
  0x000002bf431f62b0 JavaThread "DH-Render Loader Thread[9]"        [_thread_blocked, id=36960, stack(0x000000f91f500000,0x000000f91f600000) (1024K)]
  0x000002bf431f90a0 JavaThread "DH-Render Loader Thread[10]"        [_thread_blocked, id=23120, stack(0x000000f91f600000,0x000000f91f700000) (1024K)]
  0x000002bf431f9dc0 JavaThread "DH-Render Loader Thread[11]"        [_thread_blocked, id=23144, stack(0x000000f91f900000,0x000000f91fa00000) (1024K)]
  0x000002bf8b449b30 JavaThread "Flywheel Task Executor #0"         [_thread_blocked, id=35288, stack(0x000000f91fa00000,0x000000f91fb00000) (1024K)]
  0x000002bf8b44b570 JavaThread "Flywheel Task Executor #1"         [_thread_blocked, id=8976, stack(0x000000f91fb00000,0x000000f91fc00000) (1024K)]
  0x000002bf8b44c290 JavaThread "Flywheel Task Executor #2"         [_thread_blocked, id=8236, stack(0x000000f91fc00000,0x000000f91fd00000) (1024K)]
  0x000002bf8b4494a0 JavaThread "Flywheel Task Executor #3"         [_thread_blocked, id=11280, stack(0x000000f91fd00000,0x000000f91fe00000) (1024K)]
  0x000002bf8b448e10 JavaThread "Flywheel Task Executor #4"         [_thread_blocked, id=26044, stack(0x000000f91fe00000,0x000000f91ff00000) (1024K)]
  0x000002bf8b44cfb0 JavaThread "Flywheel Task Executor #5"         [_thread_blocked, id=20056, stack(0x000000f91ff00000,0x000000f920000000) (1024K)]
  0x000002bf8b44bc00 JavaThread "Flywheel Task Executor #6"         [_thread_blocked, id=35420, stack(0x000000f920000000,0x000000f920100000) (1024K)]
  0x000002bf8b44c920 JavaThread "Flywheel Task Executor #7"         [_thread_blocked, id=36088, stack(0x000000f920100000,0x000000f920200000) (1024K)]
  0x000002bf8b44d640 JavaThread "Flywheel Task Executor #8"         [_thread_blocked, id=24256, stack(0x000000f920200000,0x000000f920300000) (1024K)]
  0x000002bf8b44a1c0 JavaThread "Flywheel Task Executor #9"         [_thread_blocked, id=34404, stack(0x000000f920300000,0x000000f920400000) (1024K)]
  0x000002bf8b44dcd0 JavaThread "DH-Cleanup timer"           daemon [_thread_blocked, id=19716, stack(0x000000f920400000,0x000000f920500000) (1024K)]
  0x000002bf8b44aee0 JavaThread "JEI Deduplicating Run Executor 0"        [_thread_blocked, id=35064, stack(0x000000f920500000,0x000000f920600000) (1024K)]
  0x000002bf8b456010 JavaThread "DH-IO Thread[1]"                   [_thread_blocked, id=13780, stack(0x000000f920600000,0x000000f920700000) (1024K)]
  0x000002bf431f4870 JavaThread "DH-IO Thread[2]"                   [_thread_blocked, id=2064, stack(0x000000f920700000,0x000000f920800000) (1024K)]
  0x000002bf8b44a850 JavaThread "DH-GLBuffer Cleanup Thread[0]" daemon [_thread_blocked, id=18376, stack(0x000000f912300000,0x000000f912400000) (1024K)]
  0x000002bf8b451150 JavaThread "VoiceChatConnectionThread"  daemon [_thread_in_native, id=10632, stack(0x000000f920900000,0x000000f920a00000) (1024K)]
  0x000002bf2dfb5e60 JavaThread "DH-Beacon Culling Thread[0]"        [_thread_blocked, id=16688, stack(0x000000f920a00000,0x000000f920b00000) (1024K)]
  0x000002bf8b44fda0 JavaThread "DH-LodQuadTree Data Retrieval Queue Thread[0]"        [_thread_blocked, id=33640, stack(0x000000f920b00000,0x000000f920c00000) (1024K)]
  0x000002bf8b44e9f0 JavaThread "CompletableFutureDelayScheduler" daemon [_thread_blocked, id=7448, stack(0x000000f920c00000,0x000000f920d00000) (1024K)]
  0x000002bf8b450430 JavaThread "MicrophoneThread"           daemon [_thread_blocked, id=13836, stack(0x000000f920e00000,0x000000f920f00000) (1024K)]
  0x000002bf8b4538b0 JavaThread "DH-IO Thread[3]"                   [_thread_blocked, id=29772, stack(0x000000f920d00000,0x000000f920e00000) (1024K)]
  0x000002bf8b4517e0 JavaThread "Chunk Render Task Executor #0"        [_thread_blocked, id=36788, stack(0x000000f91e100000,0x000000f91e200000) (1024K)]
  0x000002bf8b4566a0 JavaThread "Chunk Render Task Executor #1"        [_thread_blocked, id=8680, stack(0x000000f91e200000,0x000000f91e300000) (1024K)]
  0x000002bf8b4552f0 JavaThread "Chunk Render Task Executor #2"        [_thread_blocked, id=19488, stack(0x000000f91e300000,0x000000f91e400000) (1024K)]
  0x000002bf8b457a50 JavaThread "Chunk Render Task Executor #3"        [_thread_blocked, id=16032, stack(0x000000f91e400000,0x000000f91e500000) (1024K)]
  0x000002bf8b4573c0 JavaThread "Chunk Render Task Executor #4"        [_thread_blocked, id=9100, stack(0x000000f91e500000,0x000000f91e600000) (1024K)]
  0x000002bf8b455980 JavaThread "Chunk Render Task Executor #5"        [_thread_blocked, id=22068, stack(0x000000f91e600000,0x000000f91e700000) (1024K)]
  0x000002bf8b456d30 JavaThread "Chunk Render Task Executor #6"        [_thread_blocked, id=9664, stack(0x000000f91e700000,0x000000f91e800000) (1024K)]
  0x000002bf8b4580e0 JavaThread "Chunk Render Task Executor #7"        [_thread_blocked, id=18072, stack(0x000000f91e800000,0x000000f91e900000) (1024K)]
  0x000002bf40305a30 JavaThread "Chunk Render Task Executor #8"        [_thread_blocked, id=34136, stack(0x000000f91e900000,0x000000f91ea00000) (1024K)]
  0x000002bf40306de0 JavaThread "Chunk Render Task Executor #9"        [_thread_blocked, id=25444, stack(0x000000f91ea00000,0x000000f91eb00000) (1024K)]
  0x000002bf4030d6e0 JavaThread "Download-3"                 daemon [_thread_blocked, id=34836, stack(0x000000f920f00000,0x000000f921000000) (1024K)]
  0x000002bf43eb12f0 JavaThread "DH-IO Thread[4]"                   [_thread_blocked, id=30552, stack(0x000000f920800000,0x000000f920900000) (1024K)]
  0x000002bf44d53c10 JavaThread "DH-World Gen Thread[0]"            [_thread_blocked, id=23084, stack(0x000000f921000000,0x000000f921100000) (1024K)]
  0x000002bf44d597f0 JavaThread "DH-World Gen Thread[1]"            [_thread_in_Java, id=36564, stack(0x000000f921100000,0x000000f921200000) (1024K)]
  0x000002bf4030af80 JavaThread "DH-World Gen Thread[2]"            [_thread_blocked, id=35932, stack(0x000000f921200000,0x000000f921300000) (1024K)]
  0x000002bf4030f120 JavaThread "DH-World Gen Thread[3]"            [_thread_blocked, id=17096, stack(0x000000f921300000,0x000000f921400000) (1024K)]
  0x000002bf4030d050 JavaThread "DH-World Gen Thread[4]"            [_thread_blocked, id=27568, stack(0x000000f921400000,0x000000f921500000) (1024K)]
  0x000002bf427499b0 JavaThread "DH-World Gen Thread[5]"            [_thread_blocked, id=33644, stack(0x000000f921500000,0x000000f921600000) (1024K)]
  0x000002bf42748600 JavaThread "DH-World Gen Thread[6]"            [_thread_blocked, id=16604, stack(0x000000f921600000,0x000000f921700000) (1024K)]
  0x000002bf4274a040 JavaThread "DH-World Gen Thread[7]"            [_thread_in_Java, id=30232, stack(0x000000f921700000,0x000000f921800000) (1024K)]
  0x000002bf431f41e0 JavaThread "DH-World Gen Thread[8]"            [_thread_blocked, id=14200, stack(0x000000f921800000,0x000000f921900000) (1024K)]
  0x000002bf431f2110 JavaThread "DH-World Gen Thread[9]"            [_thread_blocked, id=21664, stack(0x000000f921900000,0x000000f921a00000) (1024K)]
  0x000002bf8b451e70 JavaThread "DH-World Gen Thread[10]"           [_thread_in_Java, id=21912, stack(0x000000f921a00000,0x000000f921b00000) (1024K)]
  0x000002bf40c116d0 JavaThread "DH-World Gen Thread[11]"           [_thread_in_Java, id=34200, stack(0x000000f921b00000,0x000000f921c00000) (1024K)]
  0x000002bf8b7a3e80 JavaThread "DH-IO Thread[5]"                   [_thread_blocked, id=18268, stack(0x000000f916700000,0x000000f916800000) (1024K)]
  0x000002bf8b7ab4a0 JavaThread "DH-IO Thread[6]"                   [_thread_blocked, id=36948, stack(0x000000f915f00000,0x000000f916000000) (1024K)]
  0x000002bf8b7afcd0 JavaThread "DH-IO Thread[7]"                   [_thread_blocked, id=28072, stack(0x000000f916800000,0x000000f916900000) (1024K)]
  0x000002bf8b7a86b0 JavaThread "DH-IO Thread[8]"                   [_thread_blocked, id=12464, stack(0x000000f90af00000,0x000000f90b000000) (1024K)]
  0x000002bf8b7b2430 JavaThread "DH-IO Thread[9]"                   [_thread_blocked, id=18296, stack(0x000000f90ae00000,0x000000f90af00000) (1024K)]
  0x000002bf8b7abb30 JavaThread "DH-Positional Lock Cleanup Thread[0]" daemon [_thread_blocked, id=2332, stack(0x000000f914700000,0x000000f914800000) (1024K)]
  0x000002bf8b7b4b90 JavaThread "DH-IO Thread[10]"                  [_thread_blocked, id=34444, stack(0x000000f914500000,0x000000f914600000) (1024K)]
  0x000002bf8b7b5220 JavaThread "DH-IO Thread[11]"                  [_thread_blocked, id=36944, stack(0x000000f921d00000,0x000000f921e00000) (1024K)]
  0x000002bf8ae25850 JavaThread "DH-Task Picker Re-queue Schedule Thread[0]" daemon [_thread_blocked, id=32840, stack(0x000000f90c100000,0x000000f90c200000) (1024K)]
  0x000002c015af8010 JavaThread "Download-4"                 daemon [_thread_blocked, id=25452, stack(0x000000f90c300000,0x000000f90c400000) (1024K)]
  0x000002bf413da2e0 JavaThread "C2 CompilerThread1"         daemon [_thread_blocked, id=27652, stack(0x000000f90b000000,0x000000f90b100000) (1024K)]
  0x000002bf413d7a00 JavaThread "C2 CompilerThread2"         daemon [_thread_blocked, id=34280, stack(0x000000f90c200000,0x000000f90c300000) (1024K)]
  0x000002c023b87de0 JavaThread "C1 CompilerThread1"         daemon [_thread_blocked, id=26124, stack(0x000000f910d00000,0x000000f910e00000) (1024K)]
Total: 263

Other Threads:
  0x000002bf26c60f70 VMThread "VM Thread"                           [id=23468, stack(0x000000f90b800000,0x000000f90b900000) (1024K)]
  0x000002bf26c41920 WatcherThread "VM Periodic Task Thread"        [id=16908, stack(0x000000f90b700000,0x000000f90b800000) (1024K)]
  0x000002bf236b11c0 WorkerThread "GC Thread#0"                     [id=23248, stack(0x000000f90b200000,0x000000f90b300000) (1024K)]
  0x000002bf2b8257c0 WorkerThread "GC Thread#1"                     [id=9460, stack(0x000000f90c700000,0x000000f90c800000) (1024K)]
  0x000002bf2b825b60 WorkerThread "GC Thread#2"                     [id=1872, stack(0x000000f90c800000,0x000000f90c900000) (1024K)]
  0x000002bf2b826300 WorkerThread "GC Thread#3"                     [id=33880, stack(0x000000f90c900000,0x000000f90ca00000) (1024K)]
  0x000002bf2b7d4ab0 WorkerThread "GC Thread#4"                     [id=9712, stack(0x000000f90ca00000,0x000000f90cb00000) (1024K)]
  0x000002bf2b7d5cd0 WorkerThread "GC Thread#5"                     [id=11508, stack(0x000000f90cb00000,0x000000f90cc00000) (1024K)]
  0x000002bf2b7d5930 WorkerThread "GC Thread#6"                     [id=28944, stack(0x000000f90cc00000,0x000000f90cd00000) (1024K)]
  0x000002bf2b7d6070 WorkerThread "GC Thread#7"                     [id=23068, stack(0x000000f90cd00000,0x000000f90ce00000) (1024K)]
  0x000002bf2b7d4e50 WorkerThread "GC Thread#8"                     [id=12592, stack(0x000000f90ce00000,0x000000f90cf00000) (1024K)]
  0x000002bf2b7d51f0 WorkerThread "GC Thread#9"                     [id=2796, stack(0x000000f90cf00000,0x000000f90d000000) (1024K)]
  0x000002bf2b7d5590 WorkerThread "GC Thread#10"                    [id=27504, stack(0x000000f90d000000,0x000000f90d100000) (1024K)]
  0x000002bf2b7d6410 WorkerThread "GC Thread#11"                    [id=34488, stack(0x000000f90d100000,0x000000f90d200000) (1024K)]
  0x000002bf32a26380 WorkerThread "GC Thread#12"                    [id=21492, stack(0x000000f90fc00000,0x000000f90fd00000) (1024K)]
  0x000002bf32a24680 WorkerThread "GC Thread#13"                    [id=14460, stack(0x000000f90fd00000,0x000000f90fe00000) (1024K)]
  0x000002bf32a26720 WorkerThread "GC Thread#14"                    [id=29096, stack(0x000000f90fe00000,0x000000f90ff00000) (1024K)]
  0x000002bf32a27200 WorkerThread "GC Thread#15"                    [id=23004, stack(0x000000f90ff00000,0x000000f910000000) (1024K)]
  0x000002bf32a25c40 WorkerThread "GC Thread#16"                    [id=23148, stack(0x000000f910000000,0x000000f910100000) (1024K)]
  0x000002bf32a24dc0 WorkerThread "GC Thread#17"                    [id=34476, stack(0x000000f910100000,0x000000f910200000) (1024K)]
  0x000002bf236be2b0 ConcurrentGCThread "G1 Main Marker"            [id=31564, stack(0x000000f90b300000,0x000000f90b400000) (1024K)]
  0x000002bf236c0ee0 WorkerThread "G1 Conc#0"                       [id=1132, stack(0x000000f90b400000,0x000000f90b500000) (1024K)]
  0x000002bf2b688010 WorkerThread "G1 Conc#1"                       [id=27408, stack(0x000000f90ef00000,0x000000f90f000000) (1024K)]
  0x000002bf2b688750 WorkerThread "G1 Conc#2"                       [id=4504, stack(0x000000f90f000000,0x000000f90f100000) (1024K)]
  0x000002bf2b686310 WorkerThread "G1 Conc#3"                       [id=3856, stack(0x000000f90f100000,0x000000f90f200000) (1024K)]
  0x000002bf2b686df0 WorkerThread "G1 Conc#4"                       [id=36764, stack(0x000000f90f200000,0x000000f90f300000) (1024K)]
  0x000002bf2378a7f0 ConcurrentGCThread "G1 Refine#0"               [id=37712, stack(0x000000f90b500000,0x000000f90b600000) (1024K)]
  0x000002bf2378b200 ConcurrentGCThread "G1 Service"                [id=14192, stack(0x000000f90b600000,0x000000f90b700000) (1024K)]
Total: 28

Threads with active compile tasks:
Total: 0

VM state: not at safepoint (normal execution)

VM Mutex/Monitor currently owned by a thread: None

Heap address: 0x0000000400000000, size: 16384 MB, Compressed Oops mode: Zero based, Oop shift amount: 3

CDS archive(s) not mapped
Compressed class space mapped at: 0x0000000800000000-0x0000000840000000, reserved size: 1073741824
Narrow klass base: 0x0000000800000000, Narrow klass shift: 0, Narrow klass range: 0x40000000

GC Precious Log:
 CardTable entry size: 512
 Card Set container configuration: InlinePtr #cards 4 size 8 Array Of Cards #cards 64 size 144 Howl #buckets 8 coarsen threshold 14745 Howl Bitmap #cards 2048 size 272 coarsen threshold 1843 Card regions per heap region 1 cards per card region 16384
 CPUs: 24 total, 24 available
 Memory: 31848M
 Large Page Support: Disabled
 NUMA Support: Disabled
 Compressed Oops: Enabled (Zero based)
 Heap Region Size: 8M
 Heap Min Capacity: 512M
 Heap Initial Capacity: 512M
 Heap Max Capacity: 16G
 Pre-touch: Disabled
 Parallel Workers: 18
 Concurrent Workers: 5
 Concurrent Refinement Workers: 18
 Periodic GC: Disabled

Heap:
 garbage-first heap   total 7856128K, used 4527551K [0x0000000400000000, 0x0000000800000000)
  region size 8192K, 353 young (2891776K), 20 survivors (163840K)
 Metaspace       used 305787K, committed 309376K, reserved 1310720K
  class space    used 48197K, committed 49792K, reserved 1048576K

Heap Regions: E=young(eden), S=young(survivor), O=old, HS=humongous(starts), HC=humongous(continues), CS=collection set, F=free, TAMS=top-at-mark-start, PB=parsable bottom
|   0|0x0000000400000000, 0x0000000400800000, 0x0000000400800000|100%| O|  |TAMS 0x0000000400000000| PB 0x0000000400000000| Untracked 
|   1|0x0000000400800000, 0x0000000401000000, 0x0000000401000000|100%|HS|  |TAMS 0x0000000400800000| PB 0x0000000400800000| Complete 
|   2|0x0000000401000000, 0x0000000401800000, 0x0000000401800000|100%| O|  |TAMS 0x0000000401000000| PB 0x0000000401000000| Untracked 
|   3|0x0000000401800000, 0x0000000402000000, 0x0000000402000000|100%| O|  |TAMS 0x0000000401800000| PB 0x0000000401800000| Untracked 
|   4|0x0000000402000000, 0x0000000402800000, 0x0000000402800000|100%|HS|  |TAMS 0x0000000402000000| PB 0x0000000402000000| Complete 
|   5|0x0000000402800000, 0x0000000403000000, 0x0000000403000000|100%| O|  |TAMS 0x0000000402800000| PB 0x0000000402800000| Untracked 
|   6|0x0000000403000000, 0x0000000403800000, 0x0000000403800000|100%| O|  |TAMS 0x0000000403000000| PB 0x0000000403000000| Untracked 
|   7|0x0000000403800000, 0x0000000404000000, 0x0000000404000000|100%|HS|  |TAMS 0x0000000403800000| PB 0x0000000403800000| Complete 
|   8|0x0000000404000000, 0x0000000404800000, 0x0000000404800000|100%|HC|  |TAMS 0x0000000404000000| PB 0x0000000404000000| Complete 
|   9|0x0000000404800000, 0x0000000405000000, 0x0000000405000000|100%|HC|  |TAMS 0x0000000404800000| PB 0x0000000404800000| Complete 
|  10|0x0000000405000000, 0x0000000405800000, 0x0000000405800000|100%|HC|  |TAMS 0x0000000405000000| PB 0x0000000405000000| Complete 
|  11|0x0000000405800000, 0x0000000406000000, 0x0000000406000000|100%|HS|  |TAMS 0x0000000405800000| PB 0x0000000405800000| Complete 
|  12|0x0000000406000000, 0x0000000406800000, 0x0000000406800000|100%|HC|  |TAMS 0x0000000406000000| PB 0x0000000406000000| Complete 
|  13|0x0000000406800000, 0x0000000407000000, 0x0000000407000000|100%|HC|  |TAMS 0x0000000406800000| PB 0x0000000406800000| Complete 
|  14|0x0000000407000000, 0x0000000407800000, 0x0000000407800000|100%|HC|  |TAMS 0x0000000407000000| PB 0x0000000407000000| Complete 
|  15|0x0000000407800000, 0x0000000408000000, 0x0000000408000000|100%| O|  |TAMS 0x0000000407800000| PB 0x0000000407800000| Untracked 
|  16|0x0000000408000000, 0x0000000408800000, 0x0000000408800000|100%| O|  |TAMS 0x0000000408000000| PB 0x0000000408000000| Untracked 
|  17|0x0000000408800000, 0x0000000409000000, 0x0000000409000000|100%| O|  |TAMS 0x0000000408800000| PB 0x0000000408800000| Untracked 
|  18|0x0000000409000000, 0x0000000409800000, 0x0000000409800000|100%| O|  |TAMS 0x0000000409000000| PB 0x0000000409000000| Untracked 
|  19|0x0000000409800000, 0x000000040a000000, 0x000000040a000000|100%|HS|  |TAMS 0x0000000409800000| PB 0x0000000409800000| Complete 
|  20|0x000000040a000000, 0x000000040a800000, 0x000000040a800000|100%|HS|  |TAMS 0x000000040a000000| PB 0x000000040a000000| Complete 
|  21|0x000000040a800000, 0x000000040b000000, 0x000000040b000000|100%|HC|  |TAMS 0x000000040a800000| PB 0x000000040a800000| Complete 
|  22|0x000000040b000000, 0x000000040b800000, 0x000000040b800000|100%| O|  |TAMS 0x000000040b000000| PB 0x000000040b000000| Untracked 
|  23|0x000000040b800000, 0x000000040c000000, 0x000000040c000000|100%| O|  |TAMS 0x000000040b800000| PB 0x000000040b800000| Untracked 
|  24|0x000000040c000000, 0x000000040c800000, 0x000000040c800000|100%|HS|  |TAMS 0x000000040c000000| PB 0x000000040c000000| Complete 
|  25|0x000000040c800000, 0x000000040d000000, 0x000000040d000000|100%| O|  |TAMS 0x000000040c800000| PB 0x000000040c800000| Untracked 
|  26|0x000000040d000000, 0x000000040d800000, 0x000000040d800000|100%|HS|  |TAMS 0x000000040d000000| PB 0x000000040d000000| Complete 
|  27|0x000000040d800000, 0x000000040e000000, 0x000000040e000000|100%|HC|  |TAMS 0x000000040d800000| PB 0x000000040d800000| Complete 
|  28|0x000000040e000000, 0x000000040e800000, 0x000000040e800000|100%| O|  |TAMS 0x000000040e000000| PB 0x000000040e000000| Untracked 
|  29|0x000000040e800000, 0x000000040f000000, 0x000000040f000000|100%| O|  |TAMS 0x000000040e800000| PB 0x000000040e800000| Untracked 
|  30|0x000000040f000000, 0x000000040f800000, 0x000000040f800000|100%|HS|  |TAMS 0x000000040f000000| PB 0x000000040f000000| Complete 
|  31|0x000000040f800000, 0x0000000410000000, 0x0000000410000000|100%|HC|  |TAMS 0x000000040f800000| PB 0x000000040f800000| Complete 
|  32|0x0000000410000000, 0x0000000410800000, 0x0000000410800000|100%| O|  |TAMS 0x0000000410000000| PB 0x0000000410000000| Untracked 
|  33|0x0000000410800000, 0x0000000411000000, 0x0000000411000000|100%| O|  |TAMS 0x0000000410800000| PB 0x0000000410800000| Untracked 
|  34|0x0000000411000000, 0x0000000411800000, 0x0000000411800000|100%| O|  |TAMS 0x0000000411000000| PB 0x0000000411000000| Untracked 
|  35|0x0000000411800000, 0x0000000412000000, 0x0000000412000000|100%| O|  |TAMS 0x0000000411800000| PB 0x0000000411800000| Untracked 
|  36|0x0000000412000000, 0x0000000412800000, 0x0000000412800000|100%| O|  |TAMS 0x0000000412000000| PB 0x0000000412000000| Untracked 
|  37|0x0000000412800000, 0x0000000413000000, 0x0000000413000000|100%| O|  |TAMS 0x0000000412800000| PB 0x0000000412800000| Untracked 
|  38|0x0000000413000000, 0x0000000413800000, 0x0000000413800000|100%| O|  |TAMS 0x0000000413000000| PB 0x0000000413000000| Untracked 
|  39|0x0000000413800000, 0x0000000414000000, 0x0000000414000000|100%|HS|  |TAMS 0x0000000413800000| PB 0x0000000413800000| Complete 
|  40|0x0000000414000000, 0x0000000414800000, 0x0000000414800000|100%|HC|  |TAMS 0x0000000414000000| PB 0x0000000414000000| Complete 
|  41|0x0000000414800000, 0x0000000415000000, 0x0000000415000000|100%|HC|  |TAMS 0x0000000414800000| PB 0x0000000414800000| Complete 
|  42|0x0000000415000000, 0x0000000415800000, 0x0000000415800000|100%|HC|  |TAMS 0x0000000415000000| PB 0x0000000415000000| Complete 
|  43|0x0000000415800000, 0x0000000416000000, 0x0000000416000000|100%| O|  |TAMS 0x0000000415800000| PB 0x0000000415800000| Untracked 
|  44|0x0000000416000000, 0x0000000416800000, 0x0000000416800000|100%| O|  |TAMS 0x0000000416000000| PB 0x0000000416000000| Untracked 
|  45|0x0000000416800000, 0x0000000417000000, 0x0000000417000000|100%| O|  |TAMS 0x0000000416800000| PB 0x0000000416800000| Untracked 
|  46|0x0000000417000000, 0x0000000417800000, 0x0000000417800000|100%| O|  |TAMS 0x0000000417000000| PB 0x0000000417000000| Untracked 
|  47|0x0000000417800000, 0x0000000418000000, 0x0000000418000000|100%| O|  |TAMS 0x0000000417800000| PB 0x0000000417800000| Untracked 
|  48|0x0000000418000000, 0x0000000418800000, 0x0000000418800000|100%| O|  |TAMS 0x0000000418000000| PB 0x0000000418000000| Untracked 
|  49|0x0000000418800000, 0x0000000419000000, 0x0000000419000000|100%| O|  |TAMS 0x0000000418800000| PB 0x0000000418800000| Untracked 
|  50|0x0000000419000000, 0x0000000419800000, 0x0000000419800000|100%| O|  |TAMS 0x0000000419000000| PB 0x0000000419000000| Untracked 
|  51|0x0000000419800000, 0x000000041a000000, 0x000000041a000000|100%| O|  |TAMS 0x0000000419800000| PB 0x0000000419800000| Untracked 
|  52|0x000000041a000000, 0x000000041a800000, 0x000000041a800000|100%| O|  |TAMS 0x000000041a000000| PB 0x000000041a000000| Untracked 
|  53|0x000000041a800000, 0x000000041b000000, 0x000000041b000000|100%| O|  |TAMS 0x000000041a800000| PB 0x000000041a800000| Untracked 
|  54|0x000000041b000000, 0x000000041b800000, 0x000000041b800000|100%| O|  |TAMS 0x000000041b000000| PB 0x000000041b000000| Untracked 
|  55|0x000000041b800000, 0x000000041c000000, 0x000000041c000000|100%| O|  |TAMS 0x000000041b800000| PB 0x000000041b800000| Untracked 
|  56|0x000000041c000000, 0x000000041c800000, 0x000000041c800000|100%| O|  |TAMS 0x000000041c000000| PB 0x000000041c000000| Untracked 
|  57|0x000000041c800000, 0x000000041d000000, 0x000000041d000000|100%| O|  |TAMS 0x000000041c800000| PB 0x000000041c800000| Untracked 
|  58|0x000000041d000000, 0x000000041d800000, 0x000000041d800000|100%| O|  |TAMS 0x000000041d000000| PB 0x000000041d000000| Untracked 
|  59|0x000000041d800000, 0x000000041e000000, 0x000000041e000000|100%| O|  |TAMS 0x000000041d800000| PB 0x000000041d800000| Untracked 
|  60|0x000000041e000000, 0x000000041e800000, 0x000000041e800000|100%| O|  |TAMS 0x000000041e000000| PB 0x000000041e000000| Untracked 
|  61|0x000000041e800000, 0x000000041f000000, 0x000000041f000000|100%| O|  |TAMS 0x000000041e800000| PB 0x000000041e800000| Untracked 
|  62|0x000000041f000000, 0x000000041f800000, 0x000000041f800000|100%| O|  |TAMS 0x000000041f000000| PB 0x000000041f000000| Untracked 
|  63|0x000000041f800000, 0x0000000420000000, 0x0000000420000000|100%| O|  |TAMS 0x000000041f800000| PB 0x000000041f800000| Untracked 
|  64|0x0000000420000000, 0x0000000420800000, 0x0000000420800000|100%| O|  |TAMS 0x0000000420000000| PB 0x0000000420000000| Untracked 
|  65|0x0000000420800000, 0x0000000421000000, 0x0000000421000000|100%| O|  |TAMS 0x0000000420800000| PB 0x0000000420800000| Untracked 
|  66|0x0000000421000000, 0x0000000421800000, 0x0000000421800000|100%| O|  |TAMS 0x0000000421000000| PB 0x0000000421000000| Untracked 
|  67|0x0000000421800000, 0x0000000422000000, 0x0000000422000000|100%| O|  |TAMS 0x0000000421800000| PB 0x0000000421800000| Untracked 
|  68|0x0000000422000000, 0x0000000422800000, 0x0000000422800000|100%| O|  |TAMS 0x0000000422000000| PB 0x0000000422000000| Untracked 
|  69|0x0000000422800000, 0x0000000423000000, 0x0000000423000000|100%| O|  |TAMS 0x0000000422800000| PB 0x0000000422800000| Untracked 
|  70|0x0000000423000000, 0x0000000423800000, 0x0000000423800000|100%| O|  |TAMS 0x0000000423000000| PB 0x0000000423000000| Untracked 
|  71|0x0000000423800000, 0x0000000424000000, 0x0000000424000000|100%| O|  |TAMS 0x0000000423800000| PB 0x0000000423800000| Untracked 
|  72|0x0000000424000000, 0x0000000424800000, 0x0000000424800000|100%| O|  |TAMS 0x0000000424000000| PB 0x0000000424000000| Untracked 
|  73|0x0000000424800000, 0x0000000425000000, 0x0000000425000000|100%| O|  |TAMS 0x0000000424800000| PB 0x0000000424800000| Untracked 
|  74|0x0000000425000000, 0x0000000425800000, 0x0000000425800000|100%| O|  |TAMS 0x0000000425000000| PB 0x0000000425000000| Untracked 
|  75|0x0000000425800000, 0x0000000426000000, 0x0000000426000000|100%| O|  |TAMS 0x0000000425800000| PB 0x0000000425800000| Untracked 
|  76|0x0000000426000000, 0x0000000426800000, 0x0000000426800000|100%| O|  |TAMS 0x0000000426000000| PB 0x0000000426000000| Untracked 
|  77|0x0000000426800000, 0x0000000427000000, 0x0000000427000000|100%| O|  |TAMS 0x0000000426800000| PB 0x0000000426800000| Untracked 
|  78|0x0000000427000000, 0x0000000427800000, 0x0000000427800000|100%| O|  |TAMS 0x0000000427000000| PB 0x0000000427000000| Untracked 
|  79|0x0000000427800000, 0x0000000428000000, 0x0000000428000000|100%| O|  |TAMS 0x0000000427800000| PB 0x0000000427800000| Untracked 
|  80|0x0000000428000000, 0x0000000428800000, 0x0000000428800000|100%| O|  |TAMS 0x0000000428000000| PB 0x0000000428000000| Untracked 
|  81|0x0000000428800000, 0x0000000429000000, 0x0000000429000000|100%| O|  |TAMS 0x0000000428800000| PB 0x0000000428800000| Untracked 
|  82|0x0000000429000000, 0x0000000429800000, 0x0000000429800000|100%| O|  |TAMS 0x0000000429000000| PB 0x0000000429000000| Untracked 
|  83|0x0000000429800000, 0x000000042a000000, 0x000000042a000000|100%| O|  |TAMS 0x0000000429800000| PB 0x0000000429800000| Untracked 
|  84|0x000000042a000000, 0x000000042a800000, 0x000000042a800000|100%|HS|  |TAMS 0x000000042a000000| PB 0x000000042a000000| Complete 
|  85|0x000000042a800000, 0x000000042b000000, 0x000000042b000000|100%|HS|  |TAMS 0x000000042a800000| PB 0x000000042a800000| Complete 
|  86|0x000000042b000000, 0x000000042b800000, 0x000000042b800000|100%| O|  |TAMS 0x000000042b000000| PB 0x000000042b000000| Untracked 
|  87|0x000000042b800000, 0x000000042c000000, 0x000000042c000000|100%| O|  |TAMS 0x000000042b800000| PB 0x000000042b800000| Untracked 
|  88|0x000000042c000000, 0x000000042c800000, 0x000000042c800000|100%| O|  |TAMS 0x000000042c000000| PB 0x000000042c000000| Untracked 
|  89|0x000000042c800000, 0x000000042d000000, 0x000000042d000000|100%| O|  |TAMS 0x000000042c800000| PB 0x000000042c800000| Untracked 
|  90|0x000000042d000000, 0x000000042d800000, 0x000000042d800000|100%| O|  |TAMS 0x000000042d000000| PB 0x000000042d000000| Untracked 
|  91|0x000000042d800000, 0x000000042e000000, 0x000000042e000000|100%| O|  |TAMS 0x000000042d800000| PB 0x000000042d800000| Untracked 
|  92|0x000000042e000000, 0x000000042e800000, 0x000000042e800000|100%| O|  |TAMS 0x000000042e000000| PB 0x000000042e000000| Untracked 
|  93|0x000000042e800000, 0x000000042f000000, 0x000000042f000000|100%| O|  |TAMS 0x000000042e800000| PB 0x000000042e800000| Untracked 
|  94|0x000000042f000000, 0x000000042f800000, 0x000000042f800000|100%| O|  |TAMS 0x000000042f000000| PB 0x000000042f000000| Untracked 
|  95|0x000000042f800000, 0x0000000430000000, 0x0000000430000000|100%| O|  |TAMS 0x000000042f800000| PB 0x000000042f800000| Untracked 
|  96|0x0000000430000000, 0x0000000430800000, 0x0000000430800000|100%| O|  |TAMS 0x0000000430000000| PB 0x0000000430000000| Untracked 
|  97|0x0000000430800000, 0x0000000431000000, 0x0000000431000000|100%| O|  |TAMS 0x0000000430800000| PB 0x0000000430800000| Untracked 
|  98|0x0000000431000000, 0x0000000431800000, 0x0000000431800000|100%| O|  |TAMS 0x0000000431000000| PB 0x0000000431000000| Untracked 
|  99|0x0000000431800000, 0x0000000432000000, 0x0000000432000000|100%| O|  |TAMS 0x0000000431800000| PB 0x0000000431800000| Untracked 
| 100|0x0000000432000000, 0x0000000432800000, 0x0000000432800000|100%| O|  |TAMS 0x0000000432000000| PB 0x0000000432000000| Untracked 
| 101|0x0000000432800000, 0x0000000433000000, 0x0000000433000000|100%| O|  |TAMS 0x0000000432800000| PB 0x0000000432800000| Untracked 
| 102|0x0000000433000000, 0x0000000433800000, 0x0000000433800000|100%| O|  |TAMS 0x0000000433000000| PB 0x0000000433000000| Untracked 
| 103|0x0000000433800000, 0x0000000434000000, 0x0000000434000000|100%| O|  |TAMS 0x0000000433800000| PB 0x0000000433800000| Untracked 
| 104|0x0000000434000000, 0x0000000434800000, 0x0000000434800000|100%| O|  |TAMS 0x0000000434000000| PB 0x0000000434000000| Untracked 
| 105|0x0000000434800000, 0x0000000435000000, 0x0000000435000000|100%| O|  |TAMS 0x0000000434800000| PB 0x0000000434800000| Untracked 
| 106|0x0000000435000000, 0x0000000435800000, 0x0000000435800000|100%| O|  |TAMS 0x0000000435000000| PB 0x0000000435000000| Untracked 
| 107|0x0000000435800000, 0x0000000436000000, 0x0000000436000000|100%| O|  |TAMS 0x0000000435800000| PB 0x0000000435800000| Untracked 
| 108|0x0000000436000000, 0x0000000436800000, 0x0000000436800000|100%| O|  |TAMS 0x0000000436000000| PB 0x0000000436000000| Untracked 
| 109|0x0000000436800000, 0x0000000437000000, 0x0000000437000000|100%| O|  |TAMS 0x0000000436800000| PB 0x0000000436800000| Untracked 
| 110|0x0000000437000000, 0x0000000437800000, 0x0000000437800000|100%| O|  |TAMS 0x0000000437000000| PB 0x0000000437000000| Untracked 
| 111|0x0000000437800000, 0x0000000438000000, 0x0000000438000000|100%| O|  |TAMS 0x0000000437800000| PB 0x0000000437800000| Untracked 
| 112|0x0000000438000000, 0x0000000438800000, 0x0000000438800000|100%| O|  |TAMS 0x0000000438000000| PB 0x0000000438000000| Untracked 
| 113|0x0000000438800000, 0x0000000439000000, 0x0000000439000000|100%| O|  |TAMS 0x0000000438800000| PB 0x0000000438800000| Untracked 
| 114|0x0000000439000000, 0x0000000439800000, 0x0000000439800000|100%| O|  |TAMS 0x0000000439000000| PB 0x0000000439000000| Untracked 
| 115|0x0000000439800000, 0x000000043a000000, 0x000000043a000000|100%| O|  |TAMS 0x0000000439800000| PB 0x0000000439800000| Untracked 
| 116|0x000000043a000000, 0x000000043a800000, 0x000000043a800000|100%| O|  |TAMS 0x000000043a000000| PB 0x000000043a000000| Untracked 
| 117|0x000000043a800000, 0x000000043b000000, 0x000000043b000000|100%| O|  |TAMS 0x000000043a800000| PB 0x000000043a800000| Untracked 
| 118|0x000000043b000000, 0x000000043b800000, 0x000000043b800000|100%| O|  |TAMS 0x000000043b000000| PB 0x000000043b000000| Untracked 
| 119|0x000000043b800000, 0x000000043c000000, 0x000000043c000000|100%| O|  |TAMS 0x000000043b800000| PB 0x000000043b800000| Untracked 
| 120|0x000000043c000000, 0x000000043c800000, 0x000000043c800000|100%| O|  |TAMS 0x000000043c000000| PB 0x000000043c000000| Untracked 
| 121|0x000000043c800000, 0x000000043d000000, 0x000000043d000000|100%| O|  |TAMS 0x000000043c800000| PB 0x000000043c800000| Untracked 
| 122|0x000000043d000000, 0x000000043d800000, 0x000000043d800000|100%| O|  |TAMS 0x000000043d000000| PB 0x000000043d000000| Untracked 
| 123|0x000000043d800000, 0x000000043e000000, 0x000000043e000000|100%| O|  |TAMS 0x000000043d800000| PB 0x000000043d800000| Untracked 
| 124|0x000000043e000000, 0x000000043e800000, 0x000000043e800000|100%| O|  |TAMS 0x000000043e000000| PB 0x000000043e000000| Untracked 
| 125|0x000000043e800000, 0x000000043f000000, 0x000000043f000000|100%| O|  |TAMS 0x000000043e800000| PB 0x000000043e800000| Untracked 
| 126|0x000000043f000000, 0x000000043f800000, 0x000000043f800000|100%| O|  |TAMS 0x000000043f000000| PB 0x000000043f000000| Untracked 
| 127|0x000000043f800000, 0x0000000440000000, 0x0000000440000000|100%| O|  |TAMS 0x000000043f800000| PB 0x000000043f800000| Untracked 
| 128|0x0000000440000000, 0x0000000440800000, 0x0000000440800000|100%| O|  |TAMS 0x0000000440000000| PB 0x0000000440000000| Untracked 
| 129|0x0000000440800000, 0x0000000441000000, 0x0000000441000000|100%| O|  |TAMS 0x0000000440800000| PB 0x0000000440800000| Untracked 
| 130|0x0000000441000000, 0x0000000441800000, 0x0000000441800000|100%| O|  |TAMS 0x0000000441000000| PB 0x0000000441000000| Untracked 
| 131|0x0000000441800000, 0x0000000442000000, 0x0000000442000000|100%| O|  |TAMS 0x0000000441800000| PB 0x0000000441800000| Untracked 
| 132|0x0000000442000000, 0x0000000442800000, 0x0000000442800000|100%| O|  |TAMS 0x0000000442000000| PB 0x0000000442000000| Untracked 
| 133|0x0000000442800000, 0x0000000443000000, 0x0000000443000000|100%| O|  |TAMS 0x0000000442800000| PB 0x0000000442800000| Untracked 
| 134|0x0000000443000000, 0x0000000443800000, 0x0000000443800000|100%| O|  |TAMS 0x0000000443000000| PB 0x0000000443000000| Untracked 
| 135|0x0000000443800000, 0x0000000444000000, 0x0000000444000000|100%| O|  |TAMS 0x0000000443800000| PB 0x0000000443800000| Untracked 
| 136|0x0000000444000000, 0x0000000444800000, 0x0000000444800000|100%| O|  |TAMS 0x0000000444000000| PB 0x0000000444000000| Untracked 
| 137|0x0000000444800000, 0x0000000445000000, 0x0000000445000000|100%| O|  |TAMS 0x0000000444800000| PB 0x0000000444800000| Untracked 
| 138|0x0000000445000000, 0x0000000445800000, 0x0000000445800000|100%| O|  |TAMS 0x0000000445000000| PB 0x0000000445000000| Untracked 
| 139|0x0000000445800000, 0x0000000446000000, 0x0000000446000000|100%| O|  |TAMS 0x0000000445800000| PB 0x0000000445800000| Untracked 
| 140|0x0000000446000000, 0x0000000446800000, 0x0000000446800000|100%| O|  |TAMS 0x0000000446000000| PB 0x0000000446000000| Untracked 
| 141|0x0000000446800000, 0x0000000447000000, 0x0000000447000000|100%| O|  |TAMS 0x0000000446800000| PB 0x0000000446800000| Untracked 
| 142|0x0000000447000000, 0x0000000447800000, 0x0000000447800000|100%| O|  |TAMS 0x0000000447000000| PB 0x0000000447000000| Untracked 
| 143|0x0000000447800000, 0x0000000448000000, 0x0000000448000000|100%| O|  |TAMS 0x0000000447800000| PB 0x0000000447800000| Untracked 
| 144|0x0000000448000000, 0x0000000448800000, 0x0000000448800000|100%| O|  |TAMS 0x0000000448000000| PB 0x0000000448000000| Untracked 
| 145|0x0000000448800000, 0x0000000449000000, 0x0000000449000000|100%| O|  |TAMS 0x0000000448800000| PB 0x0000000448800000| Untracked 
| 146|0x0000000449000000, 0x0000000449800000, 0x0000000449800000|100%| O|  |TAMS 0x0000000449000000| PB 0x0000000449000000| Untracked 
| 147|0x0000000449800000, 0x000000044a000000, 0x000000044a000000|100%| O|  |TAMS 0x0000000449800000| PB 0x0000000449800000| Untracked 
| 148|0x000000044a000000, 0x000000044a800000, 0x000000044a800000|100%| O|  |TAMS 0x000000044a000000| PB 0x000000044a000000| Untracked 
| 149|0x000000044a800000, 0x000000044b000000, 0x000000044b000000|100%| O|  |TAMS 0x000000044a800000| PB 0x000000044a800000| Untracked 
| 150|0x000000044b000000, 0x000000044b800000, 0x000000044b800000|100%| O|  |TAMS 0x000000044b000000| PB 0x000000044b000000| Untracked 
| 151|0x000000044b800000, 0x000000044c000000, 0x000000044c000000|100%| O|  |TAMS 0x000000044b800000| PB 0x000000044b800000| Untracked 
| 152|0x000000044c000000, 0x000000044c800000, 0x000000044c800000|100%| O|  |TAMS 0x000000044c000000| PB 0x000000044c000000| Untracked 
| 153|0x000000044c800000, 0x000000044d000000, 0x000000044d000000|100%| O|  |TAMS 0x000000044c800000| PB 0x000000044c800000| Untracked 
| 154|0x000000044d000000, 0x000000044d800000, 0x000000044d800000|100%| O|  |TAMS 0x000000044d000000| PB 0x000000044d000000| Untracked 
| 155|0x000000044d800000, 0x000000044e000000, 0x000000044e000000|100%| O|  |TAMS 0x000000044d800000| PB 0x000000044d800000| Untracked 
| 156|0x000000044e000000, 0x000000044e800000, 0x000000044e800000|100%| O|  |TAMS 0x000000044e000000| PB 0x000000044e000000| Untracked 
| 157|0x000000044e800000, 0x000000044f000000, 0x000000044f000000|100%| O|  |TAMS 0x000000044e800000| PB 0x000000044e800000| Untracked 
| 158|0x000000044f000000, 0x000000044f800000, 0x000000044f800000|100%| O|  |TAMS 0x000000044f000000| PB 0x000000044f000000| Untracked 
| 159|0x000000044f800000, 0x0000000450000000, 0x0000000450000000|100%| O|  |TAMS 0x000000044f800000| PB 0x000000044f800000| Untracked 
| 160|0x0000000450000000, 0x000000045023f4c8, 0x0000000450800000| 28%| O|  |TAMS 0x0000000450000000| PB 0x0000000450000000| Untracked 
| 161|0x0000000450800000, 0x0000000451000000, 0x0000000451000000|100%| O|  |TAMS 0x0000000450800000| PB 0x0000000450800000| Untracked 
| 162|0x0000000451000000, 0x0000000451800000, 0x0000000451800000|100%| O|  |TAMS 0x0000000451000000| PB 0x0000000451000000| Untracked 
| 163|0x0000000451800000, 0x0000000452000000, 0x0000000452000000|100%| O|  |TAMS 0x0000000451800000| PB 0x0000000451800000| Untracked 
| 164|0x0000000452000000, 0x0000000452800000, 0x0000000452800000|100%| O|  |TAMS 0x0000000452000000| PB 0x0000000452000000| Untracked 
| 165|0x0000000452800000, 0x0000000453000000, 0x0000000453000000|100%| O|  |TAMS 0x0000000452800000| PB 0x0000000452800000| Untracked 
| 166|0x0000000453000000, 0x0000000453800000, 0x0000000453800000|100%| O|  |TAMS 0x0000000453000000| PB 0x0000000453000000| Untracked 
| 167|0x0000000453800000, 0x0000000454000000, 0x0000000454000000|100%| O|  |TAMS 0x0000000453800000| PB 0x0000000453800000| Untracked 
| 168|0x0000000454000000, 0x0000000454800000, 0x0000000454800000|100%| O|  |TAMS 0x0000000454000000| PB 0x0000000454000000| Untracked 
| 169|0x0000000454800000, 0x0000000455000000, 0x0000000455000000|100%| O|  |TAMS 0x0000000454800000| PB 0x0000000454800000| Untracked 
| 170|0x0000000455000000, 0x0000000455800000, 0x0000000455800000|100%| O|  |TAMS 0x0000000455000000| PB 0x0000000455000000| Untracked 
| 171|0x0000000455800000, 0x0000000456000000, 0x0000000456000000|100%| O|  |TAMS 0x0000000455800000| PB 0x0000000455800000| Untracked 
| 172|0x0000000456000000, 0x0000000456800000, 0x0000000456800000|100%| O|  |TAMS 0x0000000456000000| PB 0x0000000456000000| Untracked 
| 173|0x0000000456800000, 0x0000000457000000, 0x0000000457000000|100%| O|  |TAMS 0x0000000456800000| PB 0x0000000456800000| Untracked 
| 174|0x0000000457000000, 0x0000000457800000, 0x0000000457800000|100%| O|  |TAMS 0x0000000457000000| PB 0x0000000457000000| Untracked 
| 175|0x0000000457800000, 0x0000000458000000, 0x0000000458000000|100%| O|  |TAMS 0x0000000457800000| PB 0x0000000457800000| Untracked 
| 176|0x0000000458000000, 0x0000000458800000, 0x0000000458800000|100%| O|  |TAMS 0x0000000458000000| PB 0x0000000458000000| Untracked 
| 177|0x0000000458800000, 0x0000000459000000, 0x0000000459000000|100%| O|  |TAMS 0x0000000458800000| PB 0x0000000458800000| Untracked 
| 178|0x0000000459000000, 0x0000000459800000, 0x0000000459800000|100%| O|  |TAMS 0x0000000459000000| PB 0x0000000459000000| Untracked 
| 179|0x0000000459800000, 0x000000045a000000, 0x000000045a000000|100%| O|  |TAMS 0x0000000459800000| PB 0x0000000459800000| Untracked 
| 180|0x000000045a000000, 0x000000045a800000, 0x000000045a800000|100%| O|  |TAMS 0x000000045a000000| PB 0x000000045a000000| Untracked 
| 181|0x000000045a800000, 0x000000045b000000, 0x000000045b000000|100%| O|  |TAMS 0x000000045a800000| PB 0x000000045a800000| Untracked 
| 182|0x000000045b000000, 0x000000045b800000, 0x000000045b800000|100%| O|  |TAMS 0x000000045b000000| PB 0x000000045b000000| Untracked 
| 183|0x000000045b800000, 0x000000045c000000, 0x000000045c000000|100%| O|  |TAMS 0x000000045b800000| PB 0x000000045b800000| Untracked 
| 184|0x000000045c000000, 0x000000045c800000, 0x000000045c800000|100%| O|  |TAMS 0x000000045c000000| PB 0x000000045c000000| Untracked 
| 185|0x000000045c800000, 0x000000045d000000, 0x000000045d000000|100%| O|  |TAMS 0x000000045c800000| PB 0x000000045c800000| Untracked 
| 186|0x000000045d000000, 0x000000045d800000, 0x000000045d800000|100%| O|  |TAMS 0x000000045d000000| PB 0x000000045d000000| Untracked 
| 187|0x000000045d800000, 0x000000045e000000, 0x000000045e000000|100%| O|  |TAMS 0x000000045d800000| PB 0x000000045d800000| Untracked 
| 188|0x000000045e000000, 0x000000045e800000, 0x000000045e800000|100%| O|  |TAMS 0x000000045e000000| PB 0x000000045e000000| Untracked 
| 189|0x000000045e800000, 0x000000045f000000, 0x000000045f000000|100%| O|  |TAMS 0x000000045e800000| PB 0x000000045e800000| Untracked 
| 190|0x000000045f000000, 0x000000045f800000, 0x000000045f800000|100%| O|  |TAMS 0x000000045f000000| PB 0x000000045f000000| Untracked 
| 191|0x000000045f800000, 0x0000000460000000, 0x0000000460000000|100%| O|  |TAMS 0x000000045f800000| PB 0x000000045f800000| Untracked 
| 192|0x0000000460000000, 0x0000000460800000, 0x0000000460800000|100%| O|  |TAMS 0x0000000460000000| PB 0x0000000460000000| Untracked 
| 193|0x0000000460800000, 0x0000000461000000, 0x0000000461000000|100%| O|  |TAMS 0x0000000460800000| PB 0x0000000460800000| Untracked 
| 194|0x0000000461000000, 0x0000000461000000, 0x0000000461800000|  0%| F|  |TAMS 0x0000000461000000| PB 0x0000000461000000| Untracked 
| 195|0x0000000461800000, 0x0000000461800000, 0x0000000462000000|  0%| F|  |TAMS 0x0000000461800000| PB 0x0000000461800000| Untracked 
| 196|0x0000000462000000, 0x0000000462000000, 0x0000000462800000|  0%| F|  |TAMS 0x0000000462000000| PB 0x0000000462000000| Untracked 
| 197|0x0000000462800000, 0x0000000462800000, 0x0000000463000000|  0%| F|  |TAMS 0x0000000462800000| PB 0x0000000462800000| Untracked 
| 198|0x0000000463000000, 0x0000000463000000, 0x0000000463800000|  0%| F|  |TAMS 0x0000000463000000| PB 0x0000000463000000| Untracked 
| 199|0x0000000463800000, 0x0000000463800000, 0x0000000464000000|  0%| F|  |TAMS 0x0000000463800000| PB 0x0000000463800000| Untracked 
| 200|0x0000000464000000, 0x0000000464000000, 0x0000000464800000|  0%| F|  |TAMS 0x0000000464000000| PB 0x0000000464000000| Untracked 
| 201|0x0000000464800000, 0x0000000464800000, 0x0000000465000000|  0%| F|  |TAMS 0x0000000464800000| PB 0x0000000464800000| Untracked 
| 202|0x0000000465000000, 0x0000000465000000, 0x0000000465800000|  0%| F|  |TAMS 0x0000000465000000| PB 0x0000000465000000| Untracked 
| 203|0x0000000465800000, 0x0000000465800000, 0x0000000466000000|  0%| F|  |TAMS 0x0000000465800000| PB 0x0000000465800000| Untracked 
| 204|0x0000000466000000, 0x0000000466000000, 0x0000000466800000|  0%| F|  |TAMS 0x0000000466000000| PB 0x0000000466000000| Untracked 
| 205|0x0000000466800000, 0x0000000466800000, 0x0000000467000000|  0%| F|  |TAMS 0x0000000466800000| PB 0x0000000466800000| Untracked 
| 206|0x0000000467000000, 0x0000000467000000, 0x0000000467800000|  0%| F|  |TAMS 0x0000000467000000| PB 0x0000000467000000| Untracked 
| 207|0x0000000467800000, 0x0000000467800000, 0x0000000468000000|  0%| F|  |TAMS 0x0000000467800000| PB 0x0000000467800000| Untracked 
| 208|0x0000000468000000, 0x0000000468000000, 0x0000000468800000|  0%| F|  |TAMS 0x0000000468000000| PB 0x0000000468000000| Untracked 
| 209|0x0000000468800000, 0x0000000468800000, 0x0000000469000000|  0%| F|  |TAMS 0x0000000468800000| PB 0x0000000468800000| Untracked 
| 210|0x0000000469000000, 0x0000000469000000, 0x0000000469800000|  0%| F|  |TAMS 0x0000000469000000| PB 0x0000000469000000| Untracked 
| 211|0x0000000469800000, 0x0000000469800000, 0x000000046a000000|  0%| F|  |TAMS 0x0000000469800000| PB 0x0000000469800000| Untracked 
| 212|0x000000046a000000, 0x000000046a000000, 0x000000046a800000|  0%| F|  |TAMS 0x000000046a000000| PB 0x000000046a000000| Untracked 
| 213|0x000000046a800000, 0x000000046a800000, 0x000000046b000000|  0%| F|  |TAMS 0x000000046a800000| PB 0x000000046a800000| Untracked 
| 214|0x000000046b000000, 0x000000046b000000, 0x000000046b800000|  0%| F|  |TAMS 0x000000046b000000| PB 0x000000046b000000| Untracked 
| 215|0x000000046b800000, 0x000000046b800000, 0x000000046c000000|  0%| F|  |TAMS 0x000000046b800000| PB 0x000000046b800000| Untracked 
| 216|0x000000046c000000, 0x000000046c000000, 0x000000046c800000|  0%| F|  |TAMS 0x000000046c000000| PB 0x000000046c000000| Untracked 
| 217|0x000000046c800000, 0x000000046c800000, 0x000000046d000000|  0%| F|  |TAMS 0x000000046c800000| PB 0x000000046c800000| Untracked 
| 218|0x000000046d000000, 0x000000046d000000, 0x000000046d800000|  0%| F|  |TAMS 0x000000046d000000| PB 0x000000046d000000| Untracked 
| 219|0x000000046d800000, 0x000000046d800000, 0x000000046e000000|  0%| F|  |TAMS 0x000000046d800000| PB 0x000000046d800000| Untracked 
| 220|0x000000046e000000, 0x000000046e000000, 0x000000046e800000|  0%| F|  |TAMS 0x000000046e000000| PB 0x000000046e000000| Untracked 
| 221|0x000000046e800000, 0x000000046e800000, 0x000000046f000000|  0%| F|  |TAMS 0x000000046e800000| PB 0x000000046e800000| Untracked 
| 222|0x000000046f000000, 0x000000046f000000, 0x000000046f800000|  0%| F|  |TAMS 0x000000046f000000| PB 0x000000046f000000| Untracked 
| 223|0x000000046f800000, 0x000000046f800000, 0x0000000470000000|  0%| F|  |TAMS 0x000000046f800000| PB 0x000000046f800000| Untracked 
| 224|0x0000000470000000, 0x0000000470000000, 0x0000000470800000|  0%| F|  |TAMS 0x0000000470000000| PB 0x0000000470000000| Untracked 
| 225|0x0000000470800000, 0x0000000470800000, 0x0000000471000000|  0%| F|  |TAMS 0x0000000470800000| PB 0x0000000470800000| Untracked 
| 226|0x0000000471000000, 0x0000000471000000, 0x0000000471800000|  0%| F|  |TAMS 0x0000000471000000| PB 0x0000000471000000| Untracked 
| 227|0x0000000471800000, 0x0000000471800000, 0x0000000472000000|  0%| F|  |TAMS 0x0000000471800000| PB 0x0000000471800000| Untracked 
| 228|0x0000000472000000, 0x0000000472000000, 0x0000000472800000|  0%| F|  |TAMS 0x0000000472000000| PB 0x0000000472000000| Untracked 
| 229|0x0000000472800000, 0x0000000472800000, 0x0000000473000000|  0%| F|  |TAMS 0x0000000472800000| PB 0x0000000472800000| Untracked 
| 230|0x0000000473000000, 0x0000000473000000, 0x0000000473800000|  0%| F|  |TAMS 0x0000000473000000| PB 0x0000000473000000| Untracked 
| 231|0x0000000473800000, 0x0000000473800000, 0x0000000474000000|  0%| F|  |TAMS 0x0000000473800000| PB 0x0000000473800000| Untracked 
| 232|0x0000000474000000, 0x0000000474000000, 0x0000000474800000|  0%| F|  |TAMS 0x0000000474000000| PB 0x0000000474000000| Untracked 
| 233|0x0000000474800000, 0x0000000474800000, 0x0000000475000000|  0%| F|  |TAMS 0x0000000474800000| PB 0x0000000474800000| Untracked 
| 234|0x0000000475000000, 0x0000000475000000, 0x0000000475800000|  0%| F|  |TAMS 0x0000000475000000| PB 0x0000000475000000| Untracked 
| 235|0x0000000475800000, 0x0000000475800000, 0x0000000476000000|  0%| F|  |TAMS 0x0000000475800000| PB 0x0000000475800000| Untracked 
| 236|0x0000000476000000, 0x0000000476000000, 0x0000000476800000|  0%| F|  |TAMS 0x0000000476000000| PB 0x0000000476000000| Untracked 
| 237|0x0000000476800000, 0x0000000476800000, 0x0000000477000000|  0%| F|  |TAMS 0x0000000476800000| PB 0x0000000476800000| Untracked 
| 238|0x0000000477000000, 0x0000000477000000, 0x0000000477800000|  0%| F|  |TAMS 0x0000000477000000| PB 0x0000000477000000| Untracked 
| 239|0x0000000477800000, 0x0000000477800000, 0x0000000478000000|  0%| F|  |TAMS 0x0000000477800000| PB 0x0000000477800000| Untracked 
| 240|0x0000000478000000, 0x0000000478000000, 0x0000000478800000|  0%| F|  |TAMS 0x0000000478000000| PB 0x0000000478000000| Untracked 
| 241|0x0000000478800000, 0x0000000478800000, 0x0000000479000000|  0%| F|  |TAMS 0x0000000478800000| PB 0x0000000478800000| Untracked 
| 242|0x0000000479000000, 0x0000000479000000, 0x0000000479800000|  0%| F|  |TAMS 0x0000000479000000| PB 0x0000000479000000| Untracked 
| 243|0x0000000479800000, 0x0000000479800000, 0x000000047a000000|  0%| F|  |TAMS 0x0000000479800000| PB 0x0000000479800000| Untracked 
| 244|0x000000047a000000, 0x000000047a000000, 0x000000047a800000|  0%| F|  |TAMS 0x000000047a000000| PB 0x000000047a000000| Untracked 
| 245|0x000000047a800000, 0x000000047a800000, 0x000000047b000000|  0%| F|  |TAMS 0x000000047a800000| PB 0x000000047a800000| Untracked 
| 246|0x000000047b000000, 0x000000047b000000, 0x000000047b800000|  0%| F|  |TAMS 0x000000047b000000| PB 0x000000047b000000| Untracked 
| 247|0x000000047b800000, 0x000000047b800000, 0x000000047c000000|  0%| F|  |TAMS 0x000000047b800000| PB 0x000000047b800000| Untracked 
| 248|0x000000047c000000, 0x000000047c000000, 0x000000047c800000|  0%| F|  |TAMS 0x000000047c000000| PB 0x000000047c000000| Untracked 
| 249|0x000000047c800000, 0x000000047c800000, 0x000000047d000000|  0%| F|  |TAMS 0x000000047c800000| PB 0x000000047c800000| Untracked 
| 250|0x000000047d000000, 0x000000047d000000, 0x000000047d800000|  0%| F|  |TAMS 0x000000047d000000| PB 0x000000047d000000| Untracked 
| 251|0x000000047d800000, 0x000000047d800000, 0x000000047e000000|  0%| F|  |TAMS 0x000000047d800000| PB 0x000000047d800000| Untracked 
| 252|0x000000047e000000, 0x000000047e000000, 0x000000047e800000|  0%| F|  |TAMS 0x000000047e000000| PB 0x000000047e000000| Untracked 
| 253|0x000000047e800000, 0x000000047e800000, 0x000000047f000000|  0%| F|  |TAMS 0x000000047e800000| PB 0x000000047e800000| Untracked 
| 254|0x000000047f000000, 0x000000047f000000, 0x000000047f800000|  0%| F|  |TAMS 0x000000047f000000| PB 0x000000047f000000| Untracked 
| 255|0x000000047f800000, 0x000000047f800000, 0x0000000480000000|  0%| F|  |TAMS 0x000000047f800000| PB 0x000000047f800000| Untracked 
| 256|0x0000000480000000, 0x0000000480000000, 0x0000000480800000|  0%| F|  |TAMS 0x0000000480000000| PB 0x0000000480000000| Untracked 
| 257|0x0000000480800000, 0x0000000480800000, 0x0000000481000000|  0%| F|  |TAMS 0x0000000480800000| PB 0x0000000480800000| Untracked 
| 258|0x0000000481000000, 0x0000000481000000, 0x0000000481800000|  0%| F|  |TAMS 0x0000000481000000| PB 0x0000000481000000| Untracked 
| 259|0x0000000481800000, 0x0000000481800000, 0x0000000482000000|  0%| F|  |TAMS 0x0000000481800000| PB 0x0000000481800000| Untracked 
| 260|0x0000000482000000, 0x0000000482000000, 0x0000000482800000|  0%| F|  |TAMS 0x0000000482000000| PB 0x0000000482000000| Untracked 
| 261|0x0000000482800000, 0x0000000482800000, 0x0000000483000000|  0%| F|  |TAMS 0x0000000482800000| PB 0x0000000482800000| Untracked 
| 262|0x0000000483000000, 0x0000000483000000, 0x0000000483800000|  0%| F|  |TAMS 0x0000000483000000| PB 0x0000000483000000| Untracked 
| 263|0x0000000483800000, 0x0000000483800000, 0x0000000484000000|  0%| F|  |TAMS 0x0000000483800000| PB 0x0000000483800000| Untracked 
| 264|0x0000000484000000, 0x0000000484000000, 0x0000000484800000|  0%| F|  |TAMS 0x0000000484000000| PB 0x0000000484000000| Untracked 
| 265|0x0000000484800000, 0x0000000484800000, 0x0000000485000000|  0%| F|  |TAMS 0x0000000484800000| PB 0x0000000484800000| Untracked 
| 266|0x0000000485000000, 0x0000000485000000, 0x0000000485800000|  0%| F|  |TAMS 0x0000000485000000| PB 0x0000000485000000| Untracked 
| 267|0x0000000485800000, 0x0000000485800000, 0x0000000486000000|  0%| F|  |TAMS 0x0000000485800000| PB 0x0000000485800000| Untracked 
| 268|0x0000000486000000, 0x0000000486000000, 0x0000000486800000|  0%| F|  |TAMS 0x0000000486000000| PB 0x0000000486000000| Untracked 
| 269|0x0000000486800000, 0x0000000486800000, 0x0000000487000000|  0%| F|  |TAMS 0x0000000486800000| PB 0x0000000486800000| Untracked 
| 270|0x0000000487000000, 0x0000000487000000, 0x0000000487800000|  0%| F|  |TAMS 0x0000000487000000| PB 0x0000000487000000| Untracked 
| 271|0x0000000487800000, 0x0000000487800000, 0x0000000488000000|  0%| F|  |TAMS 0x0000000487800000| PB 0x0000000487800000| Untracked 
| 272|0x0000000488000000, 0x0000000488000000, 0x0000000488800000|  0%| F|  |TAMS 0x0000000488000000| PB 0x0000000488000000| Untracked 
| 273|0x0000000488800000, 0x0000000488800000, 0x0000000489000000|  0%| F|  |TAMS 0x0000000488800000| PB 0x0000000488800000| Untracked 
| 274|0x0000000489000000, 0x0000000489000000, 0x0000000489800000|  0%| F|  |TAMS 0x0000000489000000| PB 0x0000000489000000| Untracked 
| 275|0x0000000489800000, 0x0000000489800000, 0x000000048a000000|  0%| F|  |TAMS 0x0000000489800000| PB 0x0000000489800000| Untracked 
| 276|0x000000048a000000, 0x000000048a000000, 0x000000048a800000|  0%| F|  |TAMS 0x000000048a000000| PB 0x000000048a000000| Untracked 
| 277|0x000000048a800000, 0x000000048a800000, 0x000000048b000000|  0%| F|  |TAMS 0x000000048a800000| PB 0x000000048a800000| Untracked 
| 278|0x000000048b000000, 0x000000048b000000, 0x000000048b800000|  0%| F|  |TAMS 0x000000048b000000| PB 0x000000048b000000| Untracked 
| 279|0x000000048b800000, 0x000000048b800000, 0x000000048c000000|  0%| F|  |TAMS 0x000000048b800000| PB 0x000000048b800000| Untracked 
| 280|0x000000048c000000, 0x000000048c000000, 0x000000048c800000|  0%| F|  |TAMS 0x000000048c000000| PB 0x000000048c000000| Untracked 
| 281|0x000000048c800000, 0x000000048c800000, 0x000000048d000000|  0%| F|  |TAMS 0x000000048c800000| PB 0x000000048c800000| Untracked 
| 282|0x000000048d000000, 0x000000048d000000, 0x000000048d800000|  0%| F|  |TAMS 0x000000048d000000| PB 0x000000048d000000| Untracked 
| 283|0x000000048d800000, 0x000000048d800000, 0x000000048e000000|  0%| F|  |TAMS 0x000000048d800000| PB 0x000000048d800000| Untracked 
| 284|0x000000048e000000, 0x000000048e000000, 0x000000048e800000|  0%| F|  |TAMS 0x000000048e000000| PB 0x000000048e000000| Untracked 
| 285|0x000000048e800000, 0x000000048e800000, 0x000000048f000000|  0%| F|  |TAMS 0x000000048e800000| PB 0x000000048e800000| Untracked 
| 286|0x000000048f000000, 0x000000048f000000, 0x000000048f800000|  0%| F|  |TAMS 0x000000048f000000| PB 0x000000048f000000| Untracked 
| 287|0x000000048f800000, 0x000000048f800000, 0x0000000490000000|  0%| F|  |TAMS 0x000000048f800000| PB 0x000000048f800000| Untracked 
| 288|0x0000000490000000, 0x0000000490000000, 0x0000000490800000|  0%| F|  |TAMS 0x0000000490000000| PB 0x0000000490000000| Untracked 
| 289|0x0000000490800000, 0x0000000490800000, 0x0000000491000000|  0%| F|  |TAMS 0x0000000490800000| PB 0x0000000490800000| Untracked 
| 290|0x0000000491000000, 0x0000000491000000, 0x0000000491800000|  0%| F|  |TAMS 0x0000000491000000| PB 0x0000000491000000| Untracked 
| 291|0x0000000491800000, 0x0000000491800000, 0x0000000492000000|  0%| F|  |TAMS 0x0000000491800000| PB 0x0000000491800000| Untracked 
| 292|0x0000000492000000, 0x0000000492000000, 0x0000000492800000|  0%| F|  |TAMS 0x0000000492000000| PB 0x0000000492000000| Untracked 
| 293|0x0000000492800000, 0x0000000492800000, 0x0000000493000000|  0%| F|  |TAMS 0x0000000492800000| PB 0x0000000492800000| Untracked 
| 294|0x0000000493000000, 0x0000000493000000, 0x0000000493800000|  0%| F|  |TAMS 0x0000000493000000| PB 0x0000000493000000| Untracked 
| 295|0x0000000493800000, 0x0000000493800000, 0x0000000494000000|  0%| F|  |TAMS 0x0000000493800000| PB 0x0000000493800000| Untracked 
| 296|0x0000000494000000, 0x0000000494000000, 0x0000000494800000|  0%| F|  |TAMS 0x0000000494000000| PB 0x0000000494000000| Untracked 
| 297|0x0000000494800000, 0x0000000494800000, 0x0000000495000000|  0%| F|  |TAMS 0x0000000494800000| PB 0x0000000494800000| Untracked 
| 298|0x0000000495000000, 0x0000000495000000, 0x0000000495800000|  0%| F|  |TAMS 0x0000000495000000| PB 0x0000000495000000| Untracked 
| 299|0x0000000495800000, 0x0000000495800000, 0x0000000496000000|  0%| F|  |TAMS 0x0000000495800000| PB 0x0000000495800000| Untracked 
| 300|0x0000000496000000, 0x0000000496000000, 0x0000000496800000|  0%| F|  |TAMS 0x0000000496000000| PB 0x0000000496000000| Untracked 
| 301|0x0000000496800000, 0x0000000496800000, 0x0000000497000000|  0%| F|  |TAMS 0x0000000496800000| PB 0x0000000496800000| Untracked 
| 302|0x0000000497000000, 0x0000000497000000, 0x0000000497800000|  0%| F|  |TAMS 0x0000000497000000| PB 0x0000000497000000| Untracked 
| 303|0x0000000497800000, 0x0000000497800000, 0x0000000498000000|  0%| F|  |TAMS 0x0000000497800000| PB 0x0000000497800000| Untracked 
| 304|0x0000000498000000, 0x0000000498000000, 0x0000000498800000|  0%| F|  |TAMS 0x0000000498000000| PB 0x0000000498000000| Untracked 
| 305|0x0000000498800000, 0x0000000498800000, 0x0000000499000000|  0%| F|  |TAMS 0x0000000498800000| PB 0x0000000498800000| Untracked 
| 306|0x0000000499000000, 0x0000000499000000, 0x0000000499800000|  0%| F|  |TAMS 0x0000000499000000| PB 0x0000000499000000| Untracked 
| 307|0x0000000499800000, 0x0000000499800000, 0x000000049a000000|  0%| F|  |TAMS 0x0000000499800000| PB 0x0000000499800000| Untracked 
| 308|0x000000049a000000, 0x000000049a000000, 0x000000049a800000|  0%| F|  |TAMS 0x000000049a000000| PB 0x000000049a000000| Untracked 
| 309|0x000000049a800000, 0x000000049a800000, 0x000000049b000000|  0%| F|  |TAMS 0x000000049a800000| PB 0x000000049a800000| Untracked 
| 310|0x000000049b000000, 0x000000049b000000, 0x000000049b800000|  0%| F|  |TAMS 0x000000049b000000| PB 0x000000049b000000| Untracked 
| 311|0x000000049b800000, 0x000000049b800000, 0x000000049c000000|  0%| F|  |TAMS 0x000000049b800000| PB 0x000000049b800000| Untracked 
| 312|0x000000049c000000, 0x000000049c000000, 0x000000049c800000|  0%| F|  |TAMS 0x000000049c000000| PB 0x000000049c000000| Untracked 
| 313|0x000000049c800000, 0x000000049c800000, 0x000000049d000000|  0%| F|  |TAMS 0x000000049c800000| PB 0x000000049c800000| Untracked 
| 314|0x000000049d000000, 0x000000049d000000, 0x000000049d800000|  0%| F|  |TAMS 0x000000049d000000| PB 0x000000049d000000| Untracked 
| 315|0x000000049d800000, 0x000000049d800000, 0x000000049e000000|  0%| F|  |TAMS 0x000000049d800000| PB 0x000000049d800000| Untracked 
| 316|0x000000049e000000, 0x000000049e000000, 0x000000049e800000|  0%| F|  |TAMS 0x000000049e000000| PB 0x000000049e000000| Untracked 
| 317|0x000000049e800000, 0x000000049e800000, 0x000000049f000000|  0%| F|  |TAMS 0x000000049e800000| PB 0x000000049e800000| Untracked 
| 318|0x000000049f000000, 0x000000049f000000, 0x000000049f800000|  0%| F|  |TAMS 0x000000049f000000| PB 0x000000049f000000| Untracked 
| 319|0x000000049f800000, 0x000000049f800000, 0x00000004a0000000|  0%| F|  |TAMS 0x000000049f800000| PB 0x000000049f800000| Untracked 
| 320|0x00000004a0000000, 0x00000004a0000000, 0x00000004a0800000|  0%| F|  |TAMS 0x00000004a0000000| PB 0x00000004a0000000| Untracked 
| 321|0x00000004a0800000, 0x00000004a0800000, 0x00000004a1000000|  0%| F|  |TAMS 0x00000004a0800000| PB 0x00000004a0800000| Untracked 
| 322|0x00000004a1000000, 0x00000004a1000000, 0x00000004a1800000|  0%| F|  |TAMS 0x00000004a1000000| PB 0x00000004a1000000| Untracked 
| 323|0x00000004a1800000, 0x00000004a1800000, 0x00000004a2000000|  0%| F|  |TAMS 0x00000004a1800000| PB 0x00000004a1800000| Untracked 
| 324|0x00000004a2000000, 0x00000004a2000000, 0x00000004a2800000|  0%| F|  |TAMS 0x00000004a2000000| PB 0x00000004a2000000| Untracked 
| 325|0x00000004a2800000, 0x00000004a2800000, 0x00000004a3000000|  0%| F|  |TAMS 0x00000004a2800000| PB 0x00000004a2800000| Untracked 
| 326|0x00000004a3000000, 0x00000004a3000000, 0x00000004a3800000|  0%| F|  |TAMS 0x00000004a3000000| PB 0x00000004a3000000| Untracked 
| 327|0x00000004a3800000, 0x00000004a3800000, 0x00000004a4000000|  0%| F|  |TAMS 0x00000004a3800000| PB 0x00000004a3800000| Untracked 
| 328|0x00000004a4000000, 0x00000004a4000000, 0x00000004a4800000|  0%| F|  |TAMS 0x00000004a4000000| PB 0x00000004a4000000| Untracked 
| 329|0x00000004a4800000, 0x00000004a4800000, 0x00000004a5000000|  0%| F|  |TAMS 0x00000004a4800000| PB 0x00000004a4800000| Untracked 
| 330|0x00000004a5000000, 0x00000004a5000000, 0x00000004a5800000|  0%| F|  |TAMS 0x00000004a5000000| PB 0x00000004a5000000| Untracked 
| 331|0x00000004a5800000, 0x00000004a5800000, 0x00000004a6000000|  0%| F|  |TAMS 0x00000004a5800000| PB 0x00000004a5800000| Untracked 
| 332|0x00000004a6000000, 0x00000004a6000000, 0x00000004a6800000|  0%| F|  |TAMS 0x00000004a6000000| PB 0x00000004a6000000| Untracked 
| 333|0x00000004a6800000, 0x00000004a6800000, 0x00000004a7000000|  0%| F|  |TAMS 0x00000004a6800000| PB 0x00000004a6800000| Untracked 
| 334|0x00000004a7000000, 0x00000004a7000000, 0x00000004a7800000|  0%| F|  |TAMS 0x00000004a7000000| PB 0x00000004a7000000| Untracked 
| 335|0x00000004a7800000, 0x00000004a7800000, 0x00000004a8000000|  0%| F|  |TAMS 0x00000004a7800000| PB 0x00000004a7800000| Untracked 
| 336|0x00000004a8000000, 0x00000004a8000000, 0x00000004a8800000|  0%| F|  |TAMS 0x00000004a8000000| PB 0x00000004a8000000| Untracked 
| 337|0x00000004a8800000, 0x00000004a8800000, 0x00000004a9000000|  0%| F|  |TAMS 0x00000004a8800000| PB 0x00000004a8800000| Untracked 
| 338|0x00000004a9000000, 0x00000004a9000000, 0x00000004a9800000|  0%| F|  |TAMS 0x00000004a9000000| PB 0x00000004a9000000| Untracked 
| 339|0x00000004a9800000, 0x00000004a9800000, 0x00000004aa000000|  0%| F|  |TAMS 0x00000004a9800000| PB 0x00000004a9800000| Untracked 
| 340|0x00000004aa000000, 0x00000004aa000000, 0x00000004aa800000|  0%| F|  |TAMS 0x00000004aa000000| PB 0x00000004aa000000| Untracked 
| 341|0x00000004aa800000, 0x00000004aa800000, 0x00000004ab000000|  0%| F|  |TAMS 0x00000004aa800000| PB 0x00000004aa800000| Untracked 
| 342|0x00000004ab000000, 0x00000004ab000000, 0x00000004ab800000|  0%| F|  |TAMS 0x00000004ab000000| PB 0x00000004ab000000| Untracked 
| 343|0x00000004ab800000, 0x00000004ab800000, 0x00000004ac000000|  0%| F|  |TAMS 0x00000004ab800000| PB 0x00000004ab800000| Untracked 
| 344|0x00000004ac000000, 0x00000004ac000000, 0x00000004ac800000|  0%| F|  |TAMS 0x00000004ac000000| PB 0x00000004ac000000| Untracked 
| 345|0x00000004ac800000, 0x00000004ac800000, 0x00000004ad000000|  0%| F|  |TAMS 0x00000004ac800000| PB 0x00000004ac800000| Untracked 
| 346|0x00000004ad000000, 0x00000004ad000000, 0x00000004ad800000|  0%| F|  |TAMS 0x00000004ad000000| PB 0x00000004ad000000| Untracked 
| 347|0x00000004ad800000, 0x00000004ad800000, 0x00000004ae000000|  0%| F|  |TAMS 0x00000004ad800000| PB 0x00000004ad800000| Untracked 
| 348|0x00000004ae000000, 0x00000004ae000000, 0x00000004ae800000|  0%| F|  |TAMS 0x00000004ae000000| PB 0x00000004ae000000| Untracked 
| 349|0x00000004ae800000, 0x00000004ae800000, 0x00000004af000000|  0%| F|  |TAMS 0x00000004ae800000| PB 0x00000004ae800000| Untracked 
| 350|0x00000004af000000, 0x00000004af000000, 0x00000004af800000|  0%| F|  |TAMS 0x00000004af000000| PB 0x00000004af000000| Untracked 
| 351|0x00000004af800000, 0x00000004af800000, 0x00000004b0000000|  0%| F|  |TAMS 0x00000004af800000| PB 0x00000004af800000| Untracked 
| 352|0x00000004b0000000, 0x00000004b0000000, 0x00000004b0800000|  0%| F|  |TAMS 0x00000004b0000000| PB 0x00000004b0000000| Untracked 
| 353|0x00000004b0800000, 0x00000004b0800000, 0x00000004b1000000|  0%| F|  |TAMS 0x00000004b0800000| PB 0x00000004b0800000| Untracked 
| 354|0x00000004b1000000, 0x00000004b1000000, 0x00000004b1800000|  0%| F|  |TAMS 0x00000004b1000000| PB 0x00000004b1000000| Untracked 
| 355|0x00000004b1800000, 0x00000004b1800000, 0x00000004b2000000|  0%| F|  |TAMS 0x00000004b1800000| PB 0x00000004b1800000| Untracked 
| 356|0x00000004b2000000, 0x00000004b2000000, 0x00000004b2800000|  0%| F|  |TAMS 0x00000004b2000000| PB 0x00000004b2000000| Untracked 
| 357|0x00000004b2800000, 0x00000004b2800000, 0x00000004b3000000|  0%| F|  |TAMS 0x00000004b2800000| PB 0x00000004b2800000| Untracked 
| 358|0x00000004b3000000, 0x00000004b3000000, 0x00000004b3800000|  0%| F|  |TAMS 0x00000004b3000000| PB 0x00000004b3000000| Untracked 
| 359|0x00000004b3800000, 0x00000004b3800000, 0x00000004b4000000|  0%| F|  |TAMS 0x00000004b3800000| PB 0x00000004b3800000| Untracked 
| 360|0x00000004b4000000, 0x00000004b4000000, 0x00000004b4800000|  0%| F|  |TAMS 0x00000004b4000000| PB 0x00000004b4000000| Untracked 
| 361|0x00000004b4800000, 0x00000004b4800000, 0x00000004b5000000|  0%| F|  |TAMS 0x00000004b4800000| PB 0x00000004b4800000| Untracked 
| 362|0x00000004b5000000, 0x00000004b5000000, 0x00000004b5800000|  0%| F|  |TAMS 0x00000004b5000000| PB 0x00000004b5000000| Untracked 
| 363|0x00000004b5800000, 0x00000004b5800000, 0x00000004b6000000|  0%| F|  |TAMS 0x00000004b5800000| PB 0x00000004b5800000| Untracked 
| 364|0x00000004b6000000, 0x00000004b6000000, 0x00000004b6800000|  0%| F|  |TAMS 0x00000004b6000000| PB 0x00000004b6000000| Untracked 
| 365|0x00000004b6800000, 0x00000004b6800000, 0x00000004b7000000|  0%| F|  |TAMS 0x00000004b6800000| PB 0x00000004b6800000| Untracked 
| 366|0x00000004b7000000, 0x00000004b7000000, 0x00000004b7800000|  0%| F|  |TAMS 0x00000004b7000000| PB 0x00000004b7000000| Untracked 
| 367|0x00000004b7800000, 0x00000004b7800000, 0x00000004b8000000|  0%| F|  |TAMS 0x00000004b7800000| PB 0x00000004b7800000| Untracked 
| 368|0x00000004b8000000, 0x00000004b8000000, 0x00000004b8800000|  0%| F|  |TAMS 0x00000004b8000000| PB 0x00000004b8000000| Untracked 
| 369|0x00000004b8800000, 0x00000004b8800000, 0x00000004b9000000|  0%| F|  |TAMS 0x00000004b8800000| PB 0x00000004b8800000| Untracked 
| 370|0x00000004b9000000, 0x00000004b9000000, 0x00000004b9800000|  0%| F|  |TAMS 0x00000004b9000000| PB 0x00000004b9000000| Untracked 
| 371|0x00000004b9800000, 0x00000004b9800000, 0x00000004ba000000|  0%| F|  |TAMS 0x00000004b9800000| PB 0x00000004b9800000| Untracked 
| 372|0x00000004ba000000, 0x00000004ba000000, 0x00000004ba800000|  0%| F|  |TAMS 0x00000004ba000000| PB 0x00000004ba000000| Untracked 
| 373|0x00000004ba800000, 0x00000004ba800000, 0x00000004bb000000|  0%| F|  |TAMS 0x00000004ba800000| PB 0x00000004ba800000| Untracked 
| 374|0x00000004bb000000, 0x00000004bb000000, 0x00000004bb800000|  0%| F|  |TAMS 0x00000004bb000000| PB 0x00000004bb000000| Untracked 
| 375|0x00000004bb800000, 0x00000004bbb30900, 0x00000004bc000000| 39%| S|CS|TAMS 0x00000004bb800000| PB 0x00000004bb800000| Complete 
| 376|0x00000004bc000000, 0x00000004bc800000, 0x00000004bc800000|100%| S|CS|TAMS 0x00000004bc000000| PB 0x00000004bc000000| Complete 
| 377|0x00000004bc800000, 0x00000004bd000000, 0x00000004bd000000|100%| S|CS|TAMS 0x00000004bc800000| PB 0x00000004bc800000| Complete 
| 378|0x00000004bd000000, 0x00000004bd800000, 0x00000004bd800000|100%| S|CS|TAMS 0x00000004bd000000| PB 0x00000004bd000000| Complete 
| 379|0x00000004bd800000, 0x00000004be000000, 0x00000004be000000|100%| S|CS|TAMS 0x00000004bd800000| PB 0x00000004bd800000| Complete 
| 380|0x00000004be000000, 0x00000004be800000, 0x00000004be800000|100%| S|CS|TAMS 0x00000004be000000| PB 0x00000004be000000| Complete 
| 381|0x00000004be800000, 0x00000004bf000000, 0x00000004bf000000|100%| S|CS|TAMS 0x00000004be800000| PB 0x00000004be800000| Complete 
| 382|0x00000004bf000000, 0x00000004bf800000, 0x00000004bf800000|100%| S|CS|TAMS 0x00000004bf000000| PB 0x00000004bf000000| Complete 
| 383|0x00000004bf800000, 0x00000004c0000000, 0x00000004c0000000|100%| S|CS|TAMS 0x00000004bf800000| PB 0x00000004bf800000| Complete 
| 384|0x00000004c0000000, 0x00000004c0800000, 0x00000004c0800000|100%| S|CS|TAMS 0x00000004c0000000| PB 0x00000004c0000000| Complete 
| 385|0x00000004c0800000, 0x00000004c1000000, 0x00000004c1000000|100%| S|CS|TAMS 0x00000004c0800000| PB 0x00000004c0800000| Complete 
| 386|0x00000004c1000000, 0x00000004c1800000, 0x00000004c1800000|100%| S|CS|TAMS 0x00000004c1000000| PB 0x00000004c1000000| Complete 
| 387|0x00000004c1800000, 0x00000004c2000000, 0x00000004c2000000|100%| S|CS|TAMS 0x00000004c1800000| PB 0x00000004c1800000| Complete 
| 388|0x00000004c2000000, 0x00000004c2800000, 0x00000004c2800000|100%| S|CS|TAMS 0x00000004c2000000| PB 0x00000004c2000000| Complete 
| 389|0x00000004c2800000, 0x00000004c3000000, 0x00000004c3000000|100%| S|CS|TAMS 0x00000004c2800000| PB 0x00000004c2800000| Complete 
| 390|0x00000004c3000000, 0x00000004c3800000, 0x00000004c3800000|100%| S|CS|TAMS 0x00000004c3000000| PB 0x00000004c3000000| Complete 
| 391|0x00000004c3800000, 0x00000004c4000000, 0x00000004c4000000|100%| S|CS|TAMS 0x00000004c3800000| PB 0x00000004c3800000| Complete 
| 392|0x00000004c4000000, 0x00000004c4800000, 0x00000004c4800000|100%| S|CS|TAMS 0x00000004c4000000| PB 0x00000004c4000000| Complete 
| 393|0x00000004c4800000, 0x00000004c5000000, 0x00000004c5000000|100%| S|CS|TAMS 0x00000004c4800000| PB 0x00000004c4800000| Complete 
| 394|0x00000004c5000000, 0x00000004c5800000, 0x00000004c5800000|100%| S|CS|TAMS 0x00000004c5000000| PB 0x00000004c5000000| Complete 
| 395|0x00000004c5800000, 0x00000004c5800000, 0x00000004c6000000|  0%| F|  |TAMS 0x00000004c5800000| PB 0x00000004c5800000| Untracked 
| 396|0x00000004c6000000, 0x00000004c6000000, 0x00000004c6800000|  0%| F|  |TAMS 0x00000004c6000000| PB 0x00000004c6000000| Untracked 
| 397|0x00000004c6800000, 0x00000004c6800000, 0x00000004c7000000|  0%| F|  |TAMS 0x00000004c6800000| PB 0x00000004c6800000| Untracked 
| 398|0x00000004c7000000, 0x00000004c7000000, 0x00000004c7800000|  0%| F|  |TAMS 0x00000004c7000000| PB 0x00000004c7000000| Untracked 
| 399|0x00000004c7800000, 0x00000004c7800000, 0x00000004c8000000|  0%| F|  |TAMS 0x00000004c7800000| PB 0x00000004c7800000| Untracked 
| 400|0x00000004c8000000, 0x00000004c8000000, 0x00000004c8800000|  0%| F|  |TAMS 0x00000004c8000000| PB 0x00000004c8000000| Untracked 
| 401|0x00000004c8800000, 0x00000004c8800000, 0x00000004c9000000|  0%| F|  |TAMS 0x00000004c8800000| PB 0x00000004c8800000| Untracked 
| 402|0x00000004c9000000, 0x00000004c9000000, 0x00000004c9800000|  0%| F|  |TAMS 0x00000004c9000000| PB 0x00000004c9000000| Untracked 
| 403|0x00000004c9800000, 0x00000004c9800000, 0x00000004ca000000|  0%| F|  |TAMS 0x00000004c9800000| PB 0x00000004c9800000| Untracked 
| 404|0x00000004ca000000, 0x00000004ca000000, 0x00000004ca800000|  0%| F|  |TAMS 0x00000004ca000000| PB 0x00000004ca000000| Untracked 
| 405|0x00000004ca800000, 0x00000004ca800000, 0x00000004cb000000|  0%| F|  |TAMS 0x00000004ca800000| PB 0x00000004ca800000| Untracked 
| 406|0x00000004cb000000, 0x00000004cb000000, 0x00000004cb800000|  0%| F|  |TAMS 0x00000004cb000000| PB 0x00000004cb000000| Untracked 
| 407|0x00000004cb800000, 0x00000004cb800000, 0x00000004cc000000|  0%| F|  |TAMS 0x00000004cb800000| PB 0x00000004cb800000| Untracked 
| 408|0x00000004cc000000, 0x00000004cc000000, 0x00000004cc800000|  0%| F|  |TAMS 0x00000004cc000000| PB 0x00000004cc000000| Untracked 
| 409|0x00000004cc800000, 0x00000004cc800000, 0x00000004cd000000|  0%| F|  |TAMS 0x00000004cc800000| PB 0x00000004cc800000| Untracked 
| 410|0x00000004cd000000, 0x00000004cd000000, 0x00000004cd800000|  0%| F|  |TAMS 0x00000004cd000000| PB 0x00000004cd000000| Untracked 
| 411|0x00000004cd800000, 0x00000004cd800000, 0x00000004ce000000|  0%| F|  |TAMS 0x00000004cd800000| PB 0x00000004cd800000| Untracked 
| 412|0x00000004ce000000, 0x00000004ce000000, 0x00000004ce800000|  0%| F|  |TAMS 0x00000004ce000000| PB 0x00000004ce000000| Untracked 
| 413|0x00000004ce800000, 0x00000004ce800000, 0x00000004cf000000|  0%| F|  |TAMS 0x00000004ce800000| PB 0x00000004ce800000| Untracked 
| 414|0x00000004cf000000, 0x00000004cf000000, 0x00000004cf800000|  0%| F|  |TAMS 0x00000004cf000000| PB 0x00000004cf000000| Untracked 
| 415|0x00000004cf800000, 0x00000004cf800000, 0x00000004d0000000|  0%| F|  |TAMS 0x00000004cf800000| PB 0x00000004cf800000| Untracked 
| 416|0x00000004d0000000, 0x00000004d0000000, 0x00000004d0800000|  0%| F|  |TAMS 0x00000004d0000000| PB 0x00000004d0000000| Untracked 
| 417|0x00000004d0800000, 0x00000004d0800000, 0x00000004d1000000|  0%| F|  |TAMS 0x00000004d0800000| PB 0x00000004d0800000| Untracked 
| 418|0x00000004d1000000, 0x00000004d1000000, 0x00000004d1800000|  0%| F|  |TAMS 0x00000004d1000000| PB 0x00000004d1000000| Untracked 
| 419|0x00000004d1800000, 0x00000004d1800000, 0x00000004d2000000|  0%| F|  |TAMS 0x00000004d1800000| PB 0x00000004d1800000| Untracked 
| 420|0x00000004d2000000, 0x00000004d2000000, 0x00000004d2800000|  0%| F|  |TAMS 0x00000004d2000000| PB 0x00000004d2000000| Untracked 
| 421|0x00000004d2800000, 0x00000004d2800000, 0x00000004d3000000|  0%| F|  |TAMS 0x00000004d2800000| PB 0x00000004d2800000| Untracked 
| 422|0x00000004d3000000, 0x00000004d3000000, 0x00000004d3800000|  0%| F|  |TAMS 0x00000004d3000000| PB 0x00000004d3000000| Untracked 
| 423|0x00000004d3800000, 0x00000004d3800000, 0x00000004d4000000|  0%| F|  |TAMS 0x00000004d3800000| PB 0x00000004d3800000| Untracked 
| 424|0x00000004d4000000, 0x00000004d4000000, 0x00000004d4800000|  0%| F|  |TAMS 0x00000004d4000000| PB 0x00000004d4000000| Untracked 
| 425|0x00000004d4800000, 0x00000004d4800000, 0x00000004d5000000|  0%| F|  |TAMS 0x00000004d4800000| PB 0x00000004d4800000| Untracked 
| 426|0x00000004d5000000, 0x00000004d5000000, 0x00000004d5800000|  0%| F|  |TAMS 0x00000004d5000000| PB 0x00000004d5000000| Untracked 
| 427|0x00000004d5800000, 0x00000004d5800000, 0x00000004d6000000|  0%| F|  |TAMS 0x00000004d5800000| PB 0x00000004d5800000| Untracked 
| 428|0x00000004d6000000, 0x00000004d6000000, 0x00000004d6800000|  0%| F|  |TAMS 0x00000004d6000000| PB 0x00000004d6000000| Untracked 
| 429|0x00000004d6800000, 0x00000004d6800000, 0x00000004d7000000|  0%| F|  |TAMS 0x00000004d6800000| PB 0x00000004d6800000| Untracked 
| 430|0x00000004d7000000, 0x00000004d7000000, 0x00000004d7800000|  0%| F|  |TAMS 0x00000004d7000000| PB 0x00000004d7000000| Untracked 
| 431|0x00000004d7800000, 0x00000004d7800000, 0x00000004d8000000|  0%| F|  |TAMS 0x00000004d7800000| PB 0x00000004d7800000| Untracked 
| 432|0x00000004d8000000, 0x00000004d8000000, 0x00000004d8800000|  0%| F|  |TAMS 0x00000004d8000000| PB 0x00000004d8000000| Untracked 
| 433|0x00000004d8800000, 0x00000004d8800000, 0x00000004d9000000|  0%| F|  |TAMS 0x00000004d8800000| PB 0x00000004d8800000| Untracked 
| 434|0x00000004d9000000, 0x00000004d9000000, 0x00000004d9800000|  0%| F|  |TAMS 0x00000004d9000000| PB 0x00000004d9000000| Untracked 
| 435|0x00000004d9800000, 0x00000004d9800000, 0x00000004da000000|  0%| F|  |TAMS 0x00000004d9800000| PB 0x00000004d9800000| Untracked 
| 436|0x00000004da000000, 0x00000004da000000, 0x00000004da800000|  0%| F|  |TAMS 0x00000004da000000| PB 0x00000004da000000| Untracked 
| 437|0x00000004da800000, 0x00000004da800000, 0x00000004db000000|  0%| F|  |TAMS 0x00000004da800000| PB 0x00000004da800000| Untracked 
| 438|0x00000004db000000, 0x00000004db000000, 0x00000004db800000|  0%| F|  |TAMS 0x00000004db000000| PB 0x00000004db000000| Untracked 
| 439|0x00000004db800000, 0x00000004db800000, 0x00000004dc000000|  0%| F|  |TAMS 0x00000004db800000| PB 0x00000004db800000| Untracked 
| 440|0x00000004dc000000, 0x00000004dc000000, 0x00000004dc800000|  0%| F|  |TAMS 0x00000004dc000000| PB 0x00000004dc000000| Untracked 
| 441|0x00000004dc800000, 0x00000004dc800000, 0x00000004dd000000|  0%| F|  |TAMS 0x00000004dc800000| PB 0x00000004dc800000| Untracked 
| 442|0x00000004dd000000, 0x00000004dd000000, 0x00000004dd800000|  0%| F|  |TAMS 0x00000004dd000000| PB 0x00000004dd000000| Untracked 
| 443|0x00000004dd800000, 0x00000004dd800000, 0x00000004de000000|  0%| F|  |TAMS 0x00000004dd800000| PB 0x00000004dd800000| Untracked 
| 444|0x00000004de000000, 0x00000004de000000, 0x00000004de800000|  0%| F|  |TAMS 0x00000004de000000| PB 0x00000004de000000| Untracked 
| 445|0x00000004de800000, 0x00000004de800000, 0x00000004df000000|  0%| F|  |TAMS 0x00000004de800000| PB 0x00000004de800000| Untracked 
| 446|0x00000004df000000, 0x00000004df000000, 0x00000004df800000|  0%| F|  |TAMS 0x00000004df000000| PB 0x00000004df000000| Untracked 
| 447|0x00000004df800000, 0x00000004df800000, 0x00000004e0000000|  0%| F|  |TAMS 0x00000004df800000| PB 0x00000004df800000| Untracked 
| 448|0x00000004e0000000, 0x00000004e0000000, 0x00000004e0800000|  0%| F|  |TAMS 0x00000004e0000000| PB 0x00000004e0000000| Untracked 
| 449|0x00000004e0800000, 0x00000004e0800000, 0x00000004e1000000|  0%| F|  |TAMS 0x00000004e0800000| PB 0x00000004e0800000| Untracked 
| 450|0x00000004e1000000, 0x00000004e1000000, 0x00000004e1800000|  0%| F|  |TAMS 0x00000004e1000000| PB 0x00000004e1000000| Untracked 
| 451|0x00000004e1800000, 0x00000004e1800000, 0x00000004e2000000|  0%| F|  |TAMS 0x00000004e1800000| PB 0x00000004e1800000| Untracked 
| 452|0x00000004e2000000, 0x00000004e2000000, 0x00000004e2800000|  0%| F|  |TAMS 0x00000004e2000000| PB 0x00000004e2000000| Untracked 
| 453|0x00000004e2800000, 0x00000004e2800000, 0x00000004e3000000|  0%| F|  |TAMS 0x00000004e2800000| PB 0x00000004e2800000| Untracked 
| 454|0x00000004e3000000, 0x00000004e3000000, 0x00000004e3800000|  0%| F|  |TAMS 0x00000004e3000000| PB 0x00000004e3000000| Untracked 
| 455|0x00000004e3800000, 0x00000004e3800000, 0x00000004e4000000|  0%| F|  |TAMS 0x00000004e3800000| PB 0x00000004e3800000| Untracked 
| 456|0x00000004e4000000, 0x00000004e4000000, 0x00000004e4800000|  0%| F|  |TAMS 0x00000004e4000000| PB 0x00000004e4000000| Untracked 
| 457|0x00000004e4800000, 0x00000004e4800000, 0x00000004e5000000|  0%| F|  |TAMS 0x00000004e4800000| PB 0x00000004e4800000| Untracked 
| 458|0x00000004e5000000, 0x00000004e5000000, 0x00000004e5800000|  0%| F|  |TAMS 0x00000004e5000000| PB 0x00000004e5000000| Untracked 
| 459|0x00000004e5800000, 0x00000004e5800000, 0x00000004e6000000|  0%| F|  |TAMS 0x00000004e5800000| PB 0x00000004e5800000| Untracked 
| 460|0x00000004e6000000, 0x00000004e6000000, 0x00000004e6800000|  0%| F|  |TAMS 0x00000004e6000000| PB 0x00000004e6000000| Untracked 
| 461|0x00000004e6800000, 0x00000004e6800000, 0x00000004e7000000|  0%| F|  |TAMS 0x00000004e6800000| PB 0x00000004e6800000| Untracked 
| 462|0x00000004e7000000, 0x00000004e7000000, 0x00000004e7800000|  0%| F|  |TAMS 0x00000004e7000000| PB 0x00000004e7000000| Untracked 
| 463|0x00000004e7800000, 0x00000004e7800000, 0x00000004e8000000|  0%| F|  |TAMS 0x00000004e7800000| PB 0x00000004e7800000| Untracked 
| 464|0x00000004e8000000, 0x00000004e8000000, 0x00000004e8800000|  0%| F|  |TAMS 0x00000004e8000000| PB 0x00000004e8000000| Untracked 
| 465|0x00000004e8800000, 0x00000004e8800000, 0x00000004e9000000|  0%| F|  |TAMS 0x00000004e8800000| PB 0x00000004e8800000| Untracked 
| 466|0x00000004e9000000, 0x00000004e9000000, 0x00000004e9800000|  0%| F|  |TAMS 0x00000004e9000000| PB 0x00000004e9000000| Untracked 
| 467|0x00000004e9800000, 0x00000004e9800000, 0x00000004ea000000|  0%| F|  |TAMS 0x00000004e9800000| PB 0x00000004e9800000| Untracked 
| 468|0x00000004ea000000, 0x00000004ea000000, 0x00000004ea800000|  0%| F|  |TAMS 0x00000004ea000000| PB 0x00000004ea000000| Untracked 
| 469|0x00000004ea800000, 0x00000004ea800000, 0x00000004eb000000|  0%| F|  |TAMS 0x00000004ea800000| PB 0x00000004ea800000| Untracked 
| 470|0x00000004eb000000, 0x00000004eb000000, 0x00000004eb800000|  0%| F|  |TAMS 0x00000004eb000000| PB 0x00000004eb000000| Untracked 
| 471|0x00000004eb800000, 0x00000004eb800000, 0x00000004ec000000|  0%| F|  |TAMS 0x00000004eb800000| PB 0x00000004eb800000| Untracked 
| 472|0x00000004ec000000, 0x00000004ec000000, 0x00000004ec800000|  0%| F|  |TAMS 0x00000004ec000000| PB 0x00000004ec000000| Untracked 
| 473|0x00000004ec800000, 0x00000004ec800000, 0x00000004ed000000|  0%| F|  |TAMS 0x00000004ec800000| PB 0x00000004ec800000| Untracked 
| 474|0x00000004ed000000, 0x00000004ed000000, 0x00000004ed800000|  0%| F|  |TAMS 0x00000004ed000000| PB 0x00000004ed000000| Untracked 
| 475|0x00000004ed800000, 0x00000004ed800000, 0x00000004ee000000|  0%| F|  |TAMS 0x00000004ed800000| PB 0x00000004ed800000| Untracked 
| 476|0x00000004ee000000, 0x00000004ee000000, 0x00000004ee800000|  0%| F|  |TAMS 0x00000004ee000000| PB 0x00000004ee000000| Untracked 
| 477|0x00000004ee800000, 0x00000004ee800000, 0x00000004ef000000|  0%| F|  |TAMS 0x00000004ee800000| PB 0x00000004ee800000| Untracked 
| 478|0x00000004ef000000, 0x00000004ef000000, 0x00000004ef800000|  0%| F|  |TAMS 0x00000004ef000000| PB 0x00000004ef000000| Untracked 
| 479|0x00000004ef800000, 0x00000004ef800000, 0x00000004f0000000|  0%| F|  |TAMS 0x00000004ef800000| PB 0x00000004ef800000| Untracked 
| 480|0x00000004f0000000, 0x00000004f0000000, 0x00000004f0800000|  0%| F|  |TAMS 0x00000004f0000000| PB 0x00000004f0000000| Untracked 
| 481|0x00000004f0800000, 0x00000004f0800000, 0x00000004f1000000|  0%| F|  |TAMS 0x00000004f0800000| PB 0x00000004f0800000| Untracked 
| 482|0x00000004f1000000, 0x00000004f1000000, 0x00000004f1800000|  0%| F|  |TAMS 0x00000004f1000000| PB 0x00000004f1000000| Untracked 
| 483|0x00000004f1800000, 0x00000004f1800000, 0x00000004f2000000|  0%| F|  |TAMS 0x00000004f1800000| PB 0x00000004f1800000| Untracked 
| 484|0x00000004f2000000, 0x00000004f2000000, 0x00000004f2800000|  0%| F|  |TAMS 0x00000004f2000000| PB 0x00000004f2000000| Untracked 
| 485|0x00000004f2800000, 0x00000004f2800000, 0x00000004f3000000|  0%| F|  |TAMS 0x00000004f2800000| PB 0x00000004f2800000| Untracked 
| 486|0x00000004f3000000, 0x00000004f3000000, 0x00000004f3800000|  0%| F|  |TAMS 0x00000004f3000000| PB 0x00000004f3000000| Untracked 
| 487|0x00000004f3800000, 0x00000004f3800000, 0x00000004f4000000|  0%| F|  |TAMS 0x00000004f3800000| PB 0x00000004f3800000| Untracked 
| 488|0x00000004f4000000, 0x00000004f4000000, 0x00000004f4800000|  0%| F|  |TAMS 0x00000004f4000000| PB 0x00000004f4000000| Untracked 
| 489|0x00000004f4800000, 0x00000004f4800000, 0x00000004f5000000|  0%| F|  |TAMS 0x00000004f4800000| PB 0x00000004f4800000| Untracked 
| 490|0x00000004f5000000, 0x00000004f5000000, 0x00000004f5800000|  0%| F|  |TAMS 0x00000004f5000000| PB 0x00000004f5000000| Untracked 
| 491|0x00000004f5800000, 0x00000004f5800000, 0x00000004f6000000|  0%| F|  |TAMS 0x00000004f5800000| PB 0x00000004f5800000| Untracked 
| 492|0x00000004f6000000, 0x00000004f6000000, 0x00000004f6800000|  0%| F|  |TAMS 0x00000004f6000000| PB 0x00000004f6000000| Untracked 
| 493|0x00000004f6800000, 0x00000004f6800000, 0x00000004f7000000|  0%| F|  |TAMS 0x00000004f6800000| PB 0x00000004f6800000| Untracked 
| 494|0x00000004f7000000, 0x00000004f7000000, 0x00000004f7800000|  0%| F|  |TAMS 0x00000004f7000000| PB 0x00000004f7000000| Untracked 
| 495|0x00000004f7800000, 0x00000004f7800000, 0x00000004f8000000|  0%| F|  |TAMS 0x00000004f7800000| PB 0x00000004f7800000| Untracked 
| 496|0x00000004f8000000, 0x00000004f8000000, 0x00000004f8800000|  0%| F|  |TAMS 0x00000004f8000000| PB 0x00000004f8000000| Untracked 
| 497|0x00000004f8800000, 0x00000004f8800000, 0x00000004f9000000|  0%| F|  |TAMS 0x00000004f8800000| PB 0x00000004f8800000| Untracked 
| 498|0x00000004f9000000, 0x00000004f9000000, 0x00000004f9800000|  0%| F|  |TAMS 0x00000004f9000000| PB 0x00000004f9000000| Untracked 
| 499|0x00000004f9800000, 0x00000004f9800000, 0x00000004fa000000|  0%| F|  |TAMS 0x00000004f9800000| PB 0x00000004f9800000| Untracked 
| 500|0x00000004fa000000, 0x00000004fa000000, 0x00000004fa800000|  0%| F|  |TAMS 0x00000004fa000000| PB 0x00000004fa000000| Untracked 
| 501|0x00000004fa800000, 0x00000004fa800000, 0x00000004fb000000|  0%| F|  |TAMS 0x00000004fa800000| PB 0x00000004fa800000| Untracked 
| 502|0x00000004fb000000, 0x00000004fb000000, 0x00000004fb800000|  0%| F|  |TAMS 0x00000004fb000000| PB 0x00000004fb000000| Untracked 
| 503|0x00000004fb800000, 0x00000004fb800000, 0x00000004fc000000|  0%| F|  |TAMS 0x00000004fb800000| PB 0x00000004fb800000| Untracked 
| 504|0x00000004fc000000, 0x00000004fc000000, 0x00000004fc800000|  0%| F|  |TAMS 0x00000004fc000000| PB 0x00000004fc000000| Untracked 
| 505|0x00000004fc800000, 0x00000004fc800000, 0x00000004fd000000|  0%| F|  |TAMS 0x00000004fc800000| PB 0x00000004fc800000| Untracked 
| 506|0x00000004fd000000, 0x00000004fd000000, 0x00000004fd800000|  0%| F|  |TAMS 0x00000004fd000000| PB 0x00000004fd000000| Untracked 
| 507|0x00000004fd800000, 0x00000004fd800000, 0x00000004fe000000|  0%| F|  |TAMS 0x00000004fd800000| PB 0x00000004fd800000| Untracked 
| 508|0x00000004fe000000, 0x00000004fe000000, 0x00000004fe800000|  0%| F|  |TAMS 0x00000004fe000000| PB 0x00000004fe000000| Untracked 
| 509|0x00000004fe800000, 0x00000004fe800000, 0x00000004ff000000|  0%| F|  |TAMS 0x00000004fe800000| PB 0x00000004fe800000| Untracked 
| 510|0x00000004ff000000, 0x00000004ff000000, 0x00000004ff800000|  0%| F|  |TAMS 0x00000004ff000000| PB 0x00000004ff000000| Untracked 
| 511|0x00000004ff800000, 0x00000004ff800000, 0x0000000500000000|  0%| F|  |TAMS 0x00000004ff800000| PB 0x00000004ff800000| Untracked 
| 512|0x0000000500000000, 0x0000000500000000, 0x0000000500800000|  0%| F|  |TAMS 0x0000000500000000| PB 0x0000000500000000| Untracked 
| 513|0x0000000500800000, 0x0000000500800000, 0x0000000501000000|  0%| F|  |TAMS 0x0000000500800000| PB 0x0000000500800000| Untracked 
| 514|0x0000000501000000, 0x0000000501000000, 0x0000000501800000|  0%| F|  |TAMS 0x0000000501000000| PB 0x0000000501000000| Untracked 
| 515|0x0000000501800000, 0x0000000501800000, 0x0000000502000000|  0%| F|  |TAMS 0x0000000501800000| PB 0x0000000501800000| Untracked 
| 516|0x0000000502000000, 0x0000000502000000, 0x0000000502800000|  0%| F|  |TAMS 0x0000000502000000| PB 0x0000000502000000| Untracked 
| 517|0x0000000502800000, 0x0000000502800000, 0x0000000503000000|  0%| F|  |TAMS 0x0000000502800000| PB 0x0000000502800000| Untracked 
| 518|0x0000000503000000, 0x0000000503000000, 0x0000000503800000|  0%| F|  |TAMS 0x0000000503000000| PB 0x0000000503000000| Untracked 
| 519|0x0000000503800000, 0x0000000503800000, 0x0000000504000000|  0%| F|  |TAMS 0x0000000503800000| PB 0x0000000503800000| Untracked 
| 520|0x0000000504000000, 0x0000000504000000, 0x0000000504800000|  0%| F|  |TAMS 0x0000000504000000| PB 0x0000000504000000| Untracked 
| 521|0x0000000504800000, 0x0000000504800000, 0x0000000505000000|  0%| F|  |TAMS 0x0000000504800000| PB 0x0000000504800000| Untracked 
| 522|0x0000000505000000, 0x0000000505000000, 0x0000000505800000|  0%| F|  |TAMS 0x0000000505000000| PB 0x0000000505000000| Untracked 
| 523|0x0000000505800000, 0x0000000505800000, 0x0000000506000000|  0%| F|  |TAMS 0x0000000505800000| PB 0x0000000505800000| Untracked 
| 524|0x0000000506000000, 0x0000000506000000, 0x0000000506800000|  0%| F|  |TAMS 0x0000000506000000| PB 0x0000000506000000| Untracked 
| 525|0x0000000506800000, 0x0000000506800000, 0x0000000507000000|  0%| F|  |TAMS 0x0000000506800000| PB 0x0000000506800000| Untracked 
| 526|0x0000000507000000, 0x0000000507000000, 0x0000000507800000|  0%| F|  |TAMS 0x0000000507000000| PB 0x0000000507000000| Untracked 
| 527|0x0000000507800000, 0x0000000507800000, 0x0000000508000000|  0%| F|  |TAMS 0x0000000507800000| PB 0x0000000507800000| Untracked 
| 528|0x0000000508000000, 0x0000000508000000, 0x0000000508800000|  0%| F|  |TAMS 0x0000000508000000| PB 0x0000000508000000| Untracked 
| 529|0x0000000508800000, 0x0000000508800000, 0x0000000509000000|  0%| F|  |TAMS 0x0000000508800000| PB 0x0000000508800000| Untracked 
| 530|0x0000000509000000, 0x0000000509000000, 0x0000000509800000|  0%| F|  |TAMS 0x0000000509000000| PB 0x0000000509000000| Untracked 
| 531|0x0000000509800000, 0x0000000509800000, 0x000000050a000000|  0%| F|  |TAMS 0x0000000509800000| PB 0x0000000509800000| Untracked 
| 532|0x000000050a000000, 0x000000050a000000, 0x000000050a800000|  0%| F|  |TAMS 0x000000050a000000| PB 0x000000050a000000| Untracked 
| 533|0x000000050a800000, 0x000000050a800000, 0x000000050b000000|  0%| F|  |TAMS 0x000000050a800000| PB 0x000000050a800000| Untracked 
| 534|0x000000050b000000, 0x000000050b000000, 0x000000050b800000|  0%| F|  |TAMS 0x000000050b000000| PB 0x000000050b000000| Untracked 
| 535|0x000000050b800000, 0x000000050b800000, 0x000000050c000000|  0%| F|  |TAMS 0x000000050b800000| PB 0x000000050b800000| Untracked 
| 536|0x000000050c000000, 0x000000050c000000, 0x000000050c800000|  0%| F|  |TAMS 0x000000050c000000| PB 0x000000050c000000| Untracked 
| 537|0x000000050c800000, 0x000000050c800000, 0x000000050d000000|  0%| F|  |TAMS 0x000000050c800000| PB 0x000000050c800000| Untracked 
| 538|0x000000050d000000, 0x000000050d000000, 0x000000050d800000|  0%| F|  |TAMS 0x000000050d000000| PB 0x000000050d000000| Untracked 
| 539|0x000000050d800000, 0x000000050d800000, 0x000000050e000000|  0%| F|  |TAMS 0x000000050d800000| PB 0x000000050d800000| Untracked 
| 540|0x000000050e000000, 0x000000050e000000, 0x000000050e800000|  0%| F|  |TAMS 0x000000050e000000| PB 0x000000050e000000| Untracked 
| 541|0x000000050e800000, 0x000000050e800000, 0x000000050f000000|  0%| F|  |TAMS 0x000000050e800000| PB 0x000000050e800000| Untracked 
| 542|0x000000050f000000, 0x000000050f000000, 0x000000050f800000|  0%| F|  |TAMS 0x000000050f000000| PB 0x000000050f000000| Untracked 
| 543|0x000000050f800000, 0x000000050f800000, 0x0000000510000000|  0%| F|  |TAMS 0x000000050f800000| PB 0x000000050f800000| Untracked 
| 544|0x0000000510000000, 0x0000000510000000, 0x0000000510800000|  0%| F|  |TAMS 0x0000000510000000| PB 0x0000000510000000| Untracked 
| 545|0x0000000510800000, 0x0000000510800000, 0x0000000511000000|  0%| F|  |TAMS 0x0000000510800000| PB 0x0000000510800000| Untracked 
| 546|0x0000000511000000, 0x0000000511000000, 0x0000000511800000|  0%| F|  |TAMS 0x0000000511000000| PB 0x0000000511000000| Untracked 
| 547|0x0000000511800000, 0x0000000511800000, 0x0000000512000000|  0%| F|  |TAMS 0x0000000511800000| PB 0x0000000511800000| Untracked 
| 548|0x0000000512000000, 0x0000000512000000, 0x0000000512800000|  0%| F|  |TAMS 0x0000000512000000| PB 0x0000000512000000| Untracked 
| 549|0x0000000512800000, 0x0000000512800000, 0x0000000513000000|  0%| F|  |TAMS 0x0000000512800000| PB 0x0000000512800000| Untracked 
| 550|0x0000000513000000, 0x0000000513000000, 0x0000000513800000|  0%| F|  |TAMS 0x0000000513000000| PB 0x0000000513000000| Untracked 
| 551|0x0000000513800000, 0x0000000513800000, 0x0000000514000000|  0%| F|  |TAMS 0x0000000513800000| PB 0x0000000513800000| Untracked 
| 552|0x0000000514000000, 0x0000000514000000, 0x0000000514800000|  0%| F|  |TAMS 0x0000000514000000| PB 0x0000000514000000| Untracked 
| 553|0x0000000514800000, 0x0000000514800000, 0x0000000515000000|  0%| F|  |TAMS 0x0000000514800000| PB 0x0000000514800000| Untracked 
| 554|0x0000000515000000, 0x0000000515000000, 0x0000000515800000|  0%| F|  |TAMS 0x0000000515000000| PB 0x0000000515000000| Untracked 
| 555|0x0000000515800000, 0x0000000515800000, 0x0000000516000000|  0%| F|  |TAMS 0x0000000515800000| PB 0x0000000515800000| Untracked 
| 556|0x0000000516000000, 0x0000000516000000, 0x0000000516800000|  0%| F|  |TAMS 0x0000000516000000| PB 0x0000000516000000| Untracked 
| 557|0x0000000516800000, 0x0000000516800000, 0x0000000517000000|  0%| F|  |TAMS 0x0000000516800000| PB 0x0000000516800000| Untracked 
| 558|0x0000000517000000, 0x0000000517000000, 0x0000000517800000|  0%| F|  |TAMS 0x0000000517000000| PB 0x0000000517000000| Untracked 
| 559|0x0000000517800000, 0x0000000517800000, 0x0000000518000000|  0%| F|  |TAMS 0x0000000517800000| PB 0x0000000517800000| Untracked 
| 560|0x0000000518000000, 0x0000000518000000, 0x0000000518800000|  0%| F|  |TAMS 0x0000000518000000| PB 0x0000000518000000| Untracked 
| 561|0x0000000518800000, 0x0000000518800000, 0x0000000519000000|  0%| F|  |TAMS 0x0000000518800000| PB 0x0000000518800000| Untracked 
| 562|0x0000000519000000, 0x0000000519000000, 0x0000000519800000|  0%| F|  |TAMS 0x0000000519000000| PB 0x0000000519000000| Untracked 
| 563|0x0000000519800000, 0x0000000519800000, 0x000000051a000000|  0%| F|  |TAMS 0x0000000519800000| PB 0x0000000519800000| Untracked 
| 564|0x000000051a000000, 0x000000051a000000, 0x000000051a800000|  0%| F|  |TAMS 0x000000051a000000| PB 0x000000051a000000| Untracked 
| 565|0x000000051a800000, 0x000000051a800000, 0x000000051b000000|  0%| F|  |TAMS 0x000000051a800000| PB 0x000000051a800000| Untracked 
| 566|0x000000051b000000, 0x000000051b000000, 0x000000051b800000|  0%| F|  |TAMS 0x000000051b000000| PB 0x000000051b000000| Untracked 
| 567|0x000000051b800000, 0x000000051b800000, 0x000000051c000000|  0%| F|  |TAMS 0x000000051b800000| PB 0x000000051b800000| Untracked 
| 568|0x000000051c000000, 0x000000051c000000, 0x000000051c800000|  0%| F|  |TAMS 0x000000051c000000| PB 0x000000051c000000| Untracked 
| 569|0x000000051c800000, 0x000000051c800000, 0x000000051d000000|  0%| F|  |TAMS 0x000000051c800000| PB 0x000000051c800000| Untracked 
| 570|0x000000051d000000, 0x000000051d000000, 0x000000051d800000|  0%| F|  |TAMS 0x000000051d000000| PB 0x000000051d000000| Untracked 
| 571|0x000000051d800000, 0x000000051d800000, 0x000000051e000000|  0%| F|  |TAMS 0x000000051d800000| PB 0x000000051d800000| Untracked 
| 572|0x000000051e000000, 0x000000051e000000, 0x000000051e800000|  0%| F|  |TAMS 0x000000051e000000| PB 0x000000051e000000| Untracked 
| 573|0x000000051e800000, 0x000000051e800000, 0x000000051f000000|  0%| F|  |TAMS 0x000000051e800000| PB 0x000000051e800000| Untracked 
| 574|0x000000051f000000, 0x000000051f000000, 0x000000051f800000|  0%| F|  |TAMS 0x000000051f000000| PB 0x000000051f000000| Untracked 
| 575|0x000000051f800000, 0x000000051f800000, 0x0000000520000000|  0%| F|  |TAMS 0x000000051f800000| PB 0x000000051f800000| Untracked 
| 576|0x0000000520000000, 0x0000000520000000, 0x0000000520800000|  0%| F|  |TAMS 0x0000000520000000| PB 0x0000000520000000| Untracked 
| 577|0x0000000520800000, 0x0000000520800000, 0x0000000521000000|  0%| F|  |TAMS 0x0000000520800000| PB 0x0000000520800000| Untracked 
| 578|0x0000000521000000, 0x0000000521000000, 0x0000000521800000|  0%| F|  |TAMS 0x0000000521000000| PB 0x0000000521000000| Untracked 
| 579|0x0000000521800000, 0x0000000521800000, 0x0000000522000000|  0%| F|  |TAMS 0x0000000521800000| PB 0x0000000521800000| Untracked 
| 580|0x0000000522000000, 0x0000000522000000, 0x0000000522800000|  0%| F|  |TAMS 0x0000000522000000| PB 0x0000000522000000| Untracked 
| 581|0x0000000522800000, 0x0000000522800000, 0x0000000523000000|  0%| F|  |TAMS 0x0000000522800000| PB 0x0000000522800000| Untracked 
| 582|0x0000000523000000, 0x0000000523000000, 0x0000000523800000|  0%| F|  |TAMS 0x0000000523000000| PB 0x0000000523000000| Untracked 
| 583|0x0000000523800000, 0x0000000523800000, 0x0000000524000000|  0%| F|  |TAMS 0x0000000523800000| PB 0x0000000523800000| Untracked 
| 584|0x0000000524000000, 0x0000000524000000, 0x0000000524800000|  0%| F|  |TAMS 0x0000000524000000| PB 0x0000000524000000| Untracked 
| 585|0x0000000524800000, 0x0000000524800000, 0x0000000525000000|  0%| F|  |TAMS 0x0000000524800000| PB 0x0000000524800000| Untracked 
| 586|0x0000000525000000, 0x0000000525000000, 0x0000000525800000|  0%| F|  |TAMS 0x0000000525000000| PB 0x0000000525000000| Untracked 
| 587|0x0000000525800000, 0x0000000525800000, 0x0000000526000000|  0%| F|  |TAMS 0x0000000525800000| PB 0x0000000525800000| Untracked 
| 588|0x0000000526000000, 0x0000000526000000, 0x0000000526800000|  0%| F|  |TAMS 0x0000000526000000| PB 0x0000000526000000| Untracked 
| 589|0x0000000526800000, 0x0000000526800000, 0x0000000527000000|  0%| F|  |TAMS 0x0000000526800000| PB 0x0000000526800000| Untracked 
| 590|0x0000000527000000, 0x0000000527000000, 0x0000000527800000|  0%| F|  |TAMS 0x0000000527000000| PB 0x0000000527000000| Untracked 
| 591|0x0000000527800000, 0x0000000527800000, 0x0000000528000000|  0%| F|  |TAMS 0x0000000527800000| PB 0x0000000527800000| Untracked 
| 592|0x0000000528000000, 0x0000000528000000, 0x0000000528800000|  0%| F|  |TAMS 0x0000000528000000| PB 0x0000000528000000| Untracked 
| 593|0x0000000528800000, 0x0000000528800000, 0x0000000529000000|  0%| F|  |TAMS 0x0000000528800000| PB 0x0000000528800000| Untracked 
| 594|0x0000000529000000, 0x0000000529000000, 0x0000000529800000|  0%| F|  |TAMS 0x0000000529000000| PB 0x0000000529000000| Untracked 
| 595|0x0000000529800000, 0x0000000529800000, 0x000000052a000000|  0%| F|  |TAMS 0x0000000529800000| PB 0x0000000529800000| Untracked 
| 596|0x000000052a000000, 0x000000052a000000, 0x000000052a800000|  0%| F|  |TAMS 0x000000052a000000| PB 0x000000052a000000| Untracked 
| 597|0x000000052a800000, 0x000000052a800000, 0x000000052b000000|  0%| F|  |TAMS 0x000000052a800000| PB 0x000000052a800000| Untracked 
| 598|0x000000052b000000, 0x000000052b000000, 0x000000052b800000|  0%| F|  |TAMS 0x000000052b000000| PB 0x000000052b000000| Untracked 
| 599|0x000000052b800000, 0x000000052b800000, 0x000000052c000000|  0%| F|  |TAMS 0x000000052b800000| PB 0x000000052b800000| Untracked 
| 600|0x000000052c000000, 0x000000052c000000, 0x000000052c800000|  0%| F|  |TAMS 0x000000052c000000| PB 0x000000052c000000| Untracked 
| 601|0x000000052c800000, 0x000000052c800000, 0x000000052d000000|  0%| F|  |TAMS 0x000000052c800000| PB 0x000000052c800000| Untracked 
| 602|0x000000052d000000, 0x000000052d000000, 0x000000052d800000|  0%| F|  |TAMS 0x000000052d000000| PB 0x000000052d000000| Untracked 
| 603|0x000000052d800000, 0x000000052d800000, 0x000000052e000000|  0%| F|  |TAMS 0x000000052d800000| PB 0x000000052d800000| Untracked 
| 604|0x000000052e000000, 0x000000052e000000, 0x000000052e800000|  0%| F|  |TAMS 0x000000052e000000| PB 0x000000052e000000| Untracked 
| 605|0x000000052e800000, 0x000000052e800000, 0x000000052f000000|  0%| F|  |TAMS 0x000000052e800000| PB 0x000000052e800000| Untracked 
| 606|0x000000052f000000, 0x000000052f000000, 0x000000052f800000|  0%| F|  |TAMS 0x000000052f000000| PB 0x000000052f000000| Untracked 
| 607|0x000000052f800000, 0x000000052f800000, 0x0000000530000000|  0%| F|  |TAMS 0x000000052f800000| PB 0x000000052f800000| Untracked 
| 608|0x0000000530000000, 0x0000000530000000, 0x0000000530800000|  0%| F|  |TAMS 0x0000000530000000| PB 0x0000000530000000| Untracked 
| 609|0x0000000530800000, 0x0000000530800000, 0x0000000531000000|  0%| F|  |TAMS 0x0000000530800000| PB 0x0000000530800000| Untracked 
| 610|0x0000000531000000, 0x0000000531000000, 0x0000000531800000|  0%| F|  |TAMS 0x0000000531000000| PB 0x0000000531000000| Untracked 
| 611|0x0000000531800000, 0x0000000531800000, 0x0000000532000000|  0%| F|  |TAMS 0x0000000531800000| PB 0x0000000531800000| Untracked 
| 612|0x0000000532000000, 0x0000000532401eb0, 0x0000000532800000| 50%| E|  |TAMS 0x0000000532000000| PB 0x0000000532000000| Complete 
| 613|0x0000000532800000, 0x0000000533000000, 0x0000000533000000|100%| E|CS|TAMS 0x0000000532800000| PB 0x0000000532800000| Complete 
| 614|0x0000000533000000, 0x0000000533800000, 0x0000000533800000|100%| E|CS|TAMS 0x0000000533000000| PB 0x0000000533000000| Complete 
| 615|0x0000000533800000, 0x0000000534000000, 0x0000000534000000|100%| E|CS|TAMS 0x0000000533800000| PB 0x0000000533800000| Complete 
| 616|0x0000000534000000, 0x0000000534800000, 0x0000000534800000|100%| E|CS|TAMS 0x0000000534000000| PB 0x0000000534000000| Complete 
| 617|0x0000000534800000, 0x0000000535000000, 0x0000000535000000|100%| E|CS|TAMS 0x0000000534800000| PB 0x0000000534800000| Complete 
| 618|0x0000000535000000, 0x0000000535800000, 0x0000000535800000|100%| E|CS|TAMS 0x0000000535000000| PB 0x0000000535000000| Complete 
| 619|0x0000000535800000, 0x0000000536000000, 0x0000000536000000|100%| E|CS|TAMS 0x0000000535800000| PB 0x0000000535800000| Complete 
| 620|0x0000000536000000, 0x0000000536800000, 0x0000000536800000|100%| E|CS|TAMS 0x0000000536000000| PB 0x0000000536000000| Complete 
| 621|0x0000000536800000, 0x0000000537000000, 0x0000000537000000|100%| E|CS|TAMS 0x0000000536800000| PB 0x0000000536800000| Complete 
| 622|0x0000000537000000, 0x0000000537800000, 0x0000000537800000|100%| E|CS|TAMS 0x0000000537000000| PB 0x0000000537000000| Complete 
| 623|0x0000000537800000, 0x0000000538000000, 0x0000000538000000|100%| E|CS|TAMS 0x0000000537800000| PB 0x0000000537800000| Complete 
| 624|0x0000000538000000, 0x0000000538800000, 0x0000000538800000|100%| E|CS|TAMS 0x0000000538000000| PB 0x0000000538000000| Complete 
| 625|0x0000000538800000, 0x0000000539000000, 0x0000000539000000|100%| E|CS|TAMS 0x0000000538800000| PB 0x0000000538800000| Complete 
| 626|0x0000000539000000, 0x0000000539800000, 0x0000000539800000|100%| E|CS|TAMS 0x0000000539000000| PB 0x0000000539000000| Complete 
| 627|0x0000000539800000, 0x000000053a000000, 0x000000053a000000|100%| E|CS|TAMS 0x0000000539800000| PB 0x0000000539800000| Complete 
| 628|0x000000053a000000, 0x000000053a800000, 0x000000053a800000|100%| E|CS|TAMS 0x000000053a000000| PB 0x000000053a000000| Complete 
| 629|0x000000053a800000, 0x000000053b000000, 0x000000053b000000|100%| E|CS|TAMS 0x000000053a800000| PB 0x000000053a800000| Complete 
| 630|0x000000053b000000, 0x000000053b800000, 0x000000053b800000|100%| E|CS|TAMS 0x000000053b000000| PB 0x000000053b000000| Complete 
| 631|0x000000053b800000, 0x000000053c000000, 0x000000053c000000|100%| E|CS|TAMS 0x000000053b800000| PB 0x000000053b800000| Complete 
| 632|0x000000053c000000, 0x000000053c800000, 0x000000053c800000|100%| E|CS|TAMS 0x000000053c000000| PB 0x000000053c000000| Complete 
| 633|0x000000053c800000, 0x000000053d000000, 0x000000053d000000|100%| E|CS|TAMS 0x000000053c800000| PB 0x000000053c800000| Complete 
| 634|0x000000053d000000, 0x000000053d800000, 0x000000053d800000|100%| E|CS|TAMS 0x000000053d000000| PB 0x000000053d000000| Complete 
| 635|0x000000053d800000, 0x000000053e000000, 0x000000053e000000|100%| E|CS|TAMS 0x000000053d800000| PB 0x000000053d800000| Complete 
| 636|0x000000053e000000, 0x000000053e800000, 0x000000053e800000|100%| E|CS|TAMS 0x000000053e000000| PB 0x000000053e000000| Complete 
| 637|0x000000053e800000, 0x000000053f000000, 0x000000053f000000|100%| E|CS|TAMS 0x000000053e800000| PB 0x000000053e800000| Complete 
| 638|0x000000053f000000, 0x000000053f800000, 0x000000053f800000|100%| E|CS|TAMS 0x000000053f000000| PB 0x000000053f000000| Complete 
| 639|0x000000053f800000, 0x0000000540000000, 0x0000000540000000|100%| E|CS|TAMS 0x000000053f800000| PB 0x000000053f800000| Complete 
| 640|0x0000000540000000, 0x0000000540800000, 0x0000000540800000|100%| E|CS|TAMS 0x0000000540000000| PB 0x0000000540000000| Complete 
| 641|0x0000000540800000, 0x0000000541000000, 0x0000000541000000|100%| E|CS|TAMS 0x0000000540800000| PB 0x0000000540800000| Complete 
| 642|0x0000000541000000, 0x0000000541800000, 0x0000000541800000|100%| E|CS|TAMS 0x0000000541000000| PB 0x0000000541000000| Complete 
| 643|0x0000000541800000, 0x0000000542000000, 0x0000000542000000|100%| E|CS|TAMS 0x0000000541800000| PB 0x0000000541800000| Complete 
| 644|0x0000000542000000, 0x0000000542800000, 0x0000000542800000|100%| E|CS|TAMS 0x0000000542000000| PB 0x0000000542000000| Complete 
| 645|0x0000000542800000, 0x0000000543000000, 0x0000000543000000|100%| E|CS|TAMS 0x0000000542800000| PB 0x0000000542800000| Complete 
| 646|0x0000000543000000, 0x0000000543800000, 0x0000000543800000|100%| E|CS|TAMS 0x0000000543000000| PB 0x0000000543000000| Complete 
| 647|0x0000000543800000, 0x0000000544000000, 0x0000000544000000|100%| E|CS|TAMS 0x0000000543800000| PB 0x0000000543800000| Complete 
| 648|0x0000000544000000, 0x0000000544800000, 0x0000000544800000|100%| E|CS|TAMS 0x0000000544000000| PB 0x0000000544000000| Complete 
| 649|0x0000000544800000, 0x0000000545000000, 0x0000000545000000|100%| E|CS|TAMS 0x0000000544800000| PB 0x0000000544800000| Complete 
| 650|0x0000000545000000, 0x0000000545800000, 0x0000000545800000|100%| E|CS|TAMS 0x0000000545000000| PB 0x0000000545000000| Complete 
| 651|0x0000000545800000, 0x0000000546000000, 0x0000000546000000|100%| E|CS|TAMS 0x0000000545800000| PB 0x0000000545800000| Complete 
| 652|0x0000000546000000, 0x0000000546800000, 0x0000000546800000|100%| E|CS|TAMS 0x0000000546000000| PB 0x0000000546000000| Complete 
| 653|0x0000000546800000, 0x0000000547000000, 0x0000000547000000|100%| E|CS|TAMS 0x0000000546800000| PB 0x0000000546800000| Complete 
| 654|0x0000000547000000, 0x0000000547800000, 0x0000000547800000|100%| E|CS|TAMS 0x0000000547000000| PB 0x0000000547000000| Complete 
| 655|0x0000000547800000, 0x0000000548000000, 0x0000000548000000|100%| E|CS|TAMS 0x0000000547800000| PB 0x0000000547800000| Complete 
| 656|0x0000000548000000, 0x0000000548800000, 0x0000000548800000|100%| E|CS|TAMS 0x0000000548000000| PB 0x0000000548000000| Complete 
| 657|0x0000000548800000, 0x0000000549000000, 0x0000000549000000|100%| E|CS|TAMS 0x0000000548800000| PB 0x0000000548800000| Complete 
| 658|0x0000000549000000, 0x0000000549800000, 0x0000000549800000|100%| E|CS|TAMS 0x0000000549000000| PB 0x0000000549000000| Complete 
| 659|0x0000000549800000, 0x000000054a000000, 0x000000054a000000|100%| E|CS|TAMS 0x0000000549800000| PB 0x0000000549800000| Complete 
| 660|0x000000054a000000, 0x000000054a800000, 0x000000054a800000|100%| E|CS|TAMS 0x000000054a000000| PB 0x000000054a000000| Complete 
| 661|0x000000054a800000, 0x000000054b000000, 0x000000054b000000|100%| E|CS|TAMS 0x000000054a800000| PB 0x000000054a800000| Complete 
| 662|0x000000054b000000, 0x000000054b800000, 0x000000054b800000|100%| E|CS|TAMS 0x000000054b000000| PB 0x000000054b000000| Complete 
| 663|0x000000054b800000, 0x000000054c000000, 0x000000054c000000|100%| E|CS|TAMS 0x000000054b800000| PB 0x000000054b800000| Complete 
| 664|0x000000054c000000, 0x000000054c800000, 0x000000054c800000|100%| E|CS|TAMS 0x000000054c000000| PB 0x000000054c000000| Complete 
| 665|0x000000054c800000, 0x000000054d000000, 0x000000054d000000|100%| E|CS|TAMS 0x000000054c800000| PB 0x000000054c800000| Complete 
| 666|0x000000054d000000, 0x000000054d800000, 0x000000054d800000|100%| E|CS|TAMS 0x000000054d000000| PB 0x000000054d000000| Complete 
| 667|0x000000054d800000, 0x000000054e000000, 0x000000054e000000|100%| E|CS|TAMS 0x000000054d800000| PB 0x000000054d800000| Complete 
| 668|0x000000054e000000, 0x000000054e800000, 0x000000054e800000|100%| E|CS|TAMS 0x000000054e000000| PB 0x000000054e000000| Complete 
| 669|0x000000054e800000, 0x000000054f000000, 0x000000054f000000|100%| E|CS|TAMS 0x000000054e800000| PB 0x000000054e800000| Complete 
| 670|0x000000054f000000, 0x000000054f800000, 0x000000054f800000|100%| E|CS|TAMS 0x000000054f000000| PB 0x000000054f000000| Complete 
| 671|0x000000054f800000, 0x0000000550000000, 0x0000000550000000|100%| E|CS|TAMS 0x000000054f800000| PB 0x000000054f800000| Complete 
| 672|0x0000000550000000, 0x0000000550800000, 0x0000000550800000|100%| E|CS|TAMS 0x0000000550000000| PB 0x0000000550000000| Complete 
| 673|0x0000000550800000, 0x0000000551000000, 0x0000000551000000|100%| E|CS|TAMS 0x0000000550800000| PB 0x0000000550800000| Complete 
| 674|0x0000000551000000, 0x0000000551800000, 0x0000000551800000|100%| E|CS|TAMS 0x0000000551000000| PB 0x0000000551000000| Complete 
| 675|0x0000000551800000, 0x0000000552000000, 0x0000000552000000|100%| E|CS|TAMS 0x0000000551800000| PB 0x0000000551800000| Complete 
| 676|0x0000000552000000, 0x0000000552800000, 0x0000000552800000|100%| E|CS|TAMS 0x0000000552000000| PB 0x0000000552000000| Complete 
| 677|0x0000000552800000, 0x0000000553000000, 0x0000000553000000|100%| E|CS|TAMS 0x0000000552800000| PB 0x0000000552800000| Complete 
| 678|0x0000000553000000, 0x0000000553800000, 0x0000000553800000|100%| E|CS|TAMS 0x0000000553000000| PB 0x0000000553000000| Complete 
| 679|0x0000000553800000, 0x0000000554000000, 0x0000000554000000|100%| E|CS|TAMS 0x0000000553800000| PB 0x0000000553800000| Complete 
| 680|0x0000000554000000, 0x0000000554800000, 0x0000000554800000|100%| E|CS|TAMS 0x0000000554000000| PB 0x0000000554000000| Complete 
| 681|0x0000000554800000, 0x0000000555000000, 0x0000000555000000|100%| E|CS|TAMS 0x0000000554800000| PB 0x0000000554800000| Complete 
| 682|0x0000000555000000, 0x0000000555800000, 0x0000000555800000|100%| E|CS|TAMS 0x0000000555000000| PB 0x0000000555000000| Complete 
| 683|0x0000000555800000, 0x0000000556000000, 0x0000000556000000|100%| E|CS|TAMS 0x0000000555800000| PB 0x0000000555800000| Complete 
| 684|0x0000000556000000, 0x0000000556800000, 0x0000000556800000|100%| E|CS|TAMS 0x0000000556000000| PB 0x0000000556000000| Complete 
| 685|0x0000000556800000, 0x0000000557000000, 0x0000000557000000|100%| E|CS|TAMS 0x0000000556800000| PB 0x0000000556800000| Complete 
| 686|0x0000000557000000, 0x0000000557800000, 0x0000000557800000|100%| E|CS|TAMS 0x0000000557000000| PB 0x0000000557000000| Complete 
| 687|0x0000000557800000, 0x0000000558000000, 0x0000000558000000|100%| E|CS|TAMS 0x0000000557800000| PB 0x0000000557800000| Complete 
| 688|0x0000000558000000, 0x0000000558800000, 0x0000000558800000|100%| E|CS|TAMS 0x0000000558000000| PB 0x0000000558000000| Complete 
| 689|0x0000000558800000, 0x0000000559000000, 0x0000000559000000|100%| E|CS|TAMS 0x0000000558800000| PB 0x0000000558800000| Complete 
| 690|0x0000000559000000, 0x0000000559800000, 0x0000000559800000|100%| E|CS|TAMS 0x0000000559000000| PB 0x0000000559000000| Complete 
| 691|0x0000000559800000, 0x000000055a000000, 0x000000055a000000|100%| E|CS|TAMS 0x0000000559800000| PB 0x0000000559800000| Complete 
| 692|0x000000055a000000, 0x000000055a800000, 0x000000055a800000|100%| E|CS|TAMS 0x000000055a000000| PB 0x000000055a000000| Complete 
| 693|0x000000055a800000, 0x000000055b000000, 0x000000055b000000|100%| E|CS|TAMS 0x000000055a800000| PB 0x000000055a800000| Complete 
| 694|0x000000055b000000, 0x000000055b800000, 0x000000055b800000|100%| E|CS|TAMS 0x000000055b000000| PB 0x000000055b000000| Complete 
| 695|0x000000055b800000, 0x000000055c000000, 0x000000055c000000|100%| E|CS|TAMS 0x000000055b800000| PB 0x000000055b800000| Complete 
| 696|0x000000055c000000, 0x000000055c800000, 0x000000055c800000|100%| E|CS|TAMS 0x000000055c000000| PB 0x000000055c000000| Complete 
| 697|0x000000055c800000, 0x000000055d000000, 0x000000055d000000|100%| E|CS|TAMS 0x000000055c800000| PB 0x000000055c800000| Complete 
| 698|0x000000055d000000, 0x000000055d800000, 0x000000055d800000|100%| E|CS|TAMS 0x000000055d000000| PB 0x000000055d000000| Complete 
| 699|0x000000055d800000, 0x000000055e000000, 0x000000055e000000|100%| E|CS|TAMS 0x000000055d800000| PB 0x000000055d800000| Complete 
| 700|0x000000055e000000, 0x000000055e800000, 0x000000055e800000|100%| E|CS|TAMS 0x000000055e000000| PB 0x000000055e000000| Complete 
| 701|0x000000055e800000, 0x000000055f000000, 0x000000055f000000|100%| E|CS|TAMS 0x000000055e800000| PB 0x000000055e800000| Complete 
| 702|0x000000055f000000, 0x000000055f800000, 0x000000055f800000|100%| E|CS|TAMS 0x000000055f000000| PB 0x000000055f000000| Complete 
| 703|0x000000055f800000, 0x0000000560000000, 0x0000000560000000|100%| E|CS|TAMS 0x000000055f800000| PB 0x000000055f800000| Complete 
| 704|0x0000000560000000, 0x0000000560800000, 0x0000000560800000|100%| E|CS|TAMS 0x0000000560000000| PB 0x0000000560000000| Complete 
| 705|0x0000000560800000, 0x0000000561000000, 0x0000000561000000|100%| E|CS|TAMS 0x0000000560800000| PB 0x0000000560800000| Complete 
| 706|0x0000000561000000, 0x0000000561800000, 0x0000000561800000|100%| E|CS|TAMS 0x0000000561000000| PB 0x0000000561000000| Complete 
| 707|0x0000000561800000, 0x0000000562000000, 0x0000000562000000|100%| E|CS|TAMS 0x0000000561800000| PB 0x0000000561800000| Complete 
| 708|0x0000000562000000, 0x0000000562800000, 0x0000000562800000|100%| E|CS|TAMS 0x0000000562000000| PB 0x0000000562000000| Complete 
| 709|0x0000000562800000, 0x0000000563000000, 0x0000000563000000|100%| E|CS|TAMS 0x0000000562800000| PB 0x0000000562800000| Complete 
| 710|0x0000000563000000, 0x0000000563800000, 0x0000000563800000|100%| E|CS|TAMS 0x0000000563000000| PB 0x0000000563000000| Complete 
| 711|0x0000000563800000, 0x0000000564000000, 0x0000000564000000|100%| E|CS|TAMS 0x0000000563800000| PB 0x0000000563800000| Complete 
| 712|0x0000000564000000, 0x0000000564800000, 0x0000000564800000|100%| E|CS|TAMS 0x0000000564000000| PB 0x0000000564000000| Complete 
| 713|0x0000000564800000, 0x0000000565000000, 0x0000000565000000|100%| E|CS|TAMS 0x0000000564800000| PB 0x0000000564800000| Complete 
| 714|0x0000000565000000, 0x0000000565800000, 0x0000000565800000|100%| E|CS|TAMS 0x0000000565000000| PB 0x0000000565000000| Complete 
| 715|0x0000000565800000, 0x0000000566000000, 0x0000000566000000|100%| E|CS|TAMS 0x0000000565800000| PB 0x0000000565800000| Complete 
| 716|0x0000000566000000, 0x0000000566800000, 0x0000000566800000|100%| E|CS|TAMS 0x0000000566000000| PB 0x0000000566000000| Complete 
| 717|0x0000000566800000, 0x0000000567000000, 0x0000000567000000|100%| E|CS|TAMS 0x0000000566800000| PB 0x0000000566800000| Complete 
| 718|0x0000000567000000, 0x0000000567800000, 0x0000000567800000|100%| E|CS|TAMS 0x0000000567000000| PB 0x0000000567000000| Complete 
| 719|0x0000000567800000, 0x0000000568000000, 0x0000000568000000|100%| E|CS|TAMS 0x0000000567800000| PB 0x0000000567800000| Complete 
| 720|0x0000000568000000, 0x0000000568800000, 0x0000000568800000|100%| E|CS|TAMS 0x0000000568000000| PB 0x0000000568000000| Complete 
| 721|0x0000000568800000, 0x0000000569000000, 0x0000000569000000|100%| E|CS|TAMS 0x0000000568800000| PB 0x0000000568800000| Complete 
| 722|0x0000000569000000, 0x0000000569800000, 0x0000000569800000|100%| E|CS|TAMS 0x0000000569000000| PB 0x0000000569000000| Complete 
| 723|0x0000000569800000, 0x000000056a000000, 0x000000056a000000|100%| E|CS|TAMS 0x0000000569800000| PB 0x0000000569800000| Complete 
| 724|0x000000056a000000, 0x000000056a800000, 0x000000056a800000|100%| E|CS|TAMS 0x000000056a000000| PB 0x000000056a000000| Complete 
| 725|0x000000056a800000, 0x000000056b000000, 0x000000056b000000|100%| E|CS|TAMS 0x000000056a800000| PB 0x000000056a800000| Complete 
| 726|0x000000056b000000, 0x000000056b800000, 0x000000056b800000|100%| E|CS|TAMS 0x000000056b000000| PB 0x000000056b000000| Complete 
| 727|0x000000056b800000, 0x000000056c000000, 0x000000056c000000|100%| E|CS|TAMS 0x000000056b800000| PB 0x000000056b800000| Complete 
| 728|0x000000056c000000, 0x000000056c800000, 0x000000056c800000|100%| E|CS|TAMS 0x000000056c000000| PB 0x000000056c000000| Complete 
| 729|0x000000056c800000, 0x000000056d000000, 0x000000056d000000|100%| E|CS|TAMS 0x000000056c800000| PB 0x000000056c800000| Complete 
| 730|0x000000056d000000, 0x000000056d800000, 0x000000056d800000|100%| E|CS|TAMS 0x000000056d000000| PB 0x000000056d000000| Complete 
| 731|0x000000056d800000, 0x000000056e000000, 0x000000056e000000|100%| E|CS|TAMS 0x000000056d800000| PB 0x000000056d800000| Complete 
| 732|0x000000056e000000, 0x000000056e800000, 0x000000056e800000|100%| E|CS|TAMS 0x000000056e000000| PB 0x000000056e000000| Complete 
| 733|0x000000056e800000, 0x000000056f000000, 0x000000056f000000|100%| E|CS|TAMS 0x000000056e800000| PB 0x000000056e800000| Complete 
| 734|0x000000056f000000, 0x000000056f800000, 0x000000056f800000|100%| E|CS|TAMS 0x000000056f000000| PB 0x000000056f000000| Complete 
| 735|0x000000056f800000, 0x0000000570000000, 0x0000000570000000|100%| E|CS|TAMS 0x000000056f800000| PB 0x000000056f800000| Complete 
| 736|0x0000000570000000, 0x0000000570800000, 0x0000000570800000|100%| E|CS|TAMS 0x0000000570000000| PB 0x0000000570000000| Complete 
| 737|0x0000000570800000, 0x0000000571000000, 0x0000000571000000|100%| E|CS|TAMS 0x0000000570800000| PB 0x0000000570800000| Complete 
| 738|0x0000000571000000, 0x0000000571800000, 0x0000000571800000|100%| E|CS|TAMS 0x0000000571000000| PB 0x0000000571000000| Complete 
| 739|0x0000000571800000, 0x0000000572000000, 0x0000000572000000|100%| E|CS|TAMS 0x0000000571800000| PB 0x0000000571800000| Complete 
| 740|0x0000000572000000, 0x0000000572800000, 0x0000000572800000|100%| E|CS|TAMS 0x0000000572000000| PB 0x0000000572000000| Complete 
| 741|0x0000000572800000, 0x0000000573000000, 0x0000000573000000|100%| E|CS|TAMS 0x0000000572800000| PB 0x0000000572800000| Complete 
| 742|0x0000000573000000, 0x0000000573800000, 0x0000000573800000|100%| E|CS|TAMS 0x0000000573000000| PB 0x0000000573000000| Complete 
| 743|0x0000000573800000, 0x0000000574000000, 0x0000000574000000|100%| E|CS|TAMS 0x0000000573800000| PB 0x0000000573800000| Complete 
| 744|0x0000000574000000, 0x0000000574800000, 0x0000000574800000|100%| E|CS|TAMS 0x0000000574000000| PB 0x0000000574000000| Complete 
| 745|0x0000000574800000, 0x0000000575000000, 0x0000000575000000|100%| E|CS|TAMS 0x0000000574800000| PB 0x0000000574800000| Complete 
| 746|0x0000000575000000, 0x0000000575800000, 0x0000000575800000|100%| E|CS|TAMS 0x0000000575000000| PB 0x0000000575000000| Complete 
| 747|0x0000000575800000, 0x0000000576000000, 0x0000000576000000|100%| E|CS|TAMS 0x0000000575800000| PB 0x0000000575800000| Complete 
| 748|0x0000000576000000, 0x0000000576800000, 0x0000000576800000|100%| E|CS|TAMS 0x0000000576000000| PB 0x0000000576000000| Complete 
| 749|0x0000000576800000, 0x0000000577000000, 0x0000000577000000|100%| E|CS|TAMS 0x0000000576800000| PB 0x0000000576800000| Complete 
| 750|0x0000000577000000, 0x0000000577800000, 0x0000000577800000|100%| E|CS|TAMS 0x0000000577000000| PB 0x0000000577000000| Complete 
| 751|0x0000000577800000, 0x0000000578000000, 0x0000000578000000|100%| E|CS|TAMS 0x0000000577800000| PB 0x0000000577800000| Complete 
| 752|0x0000000578000000, 0x0000000578800000, 0x0000000578800000|100%| E|CS|TAMS 0x0000000578000000| PB 0x0000000578000000| Complete 
| 753|0x0000000578800000, 0x0000000579000000, 0x0000000579000000|100%| E|CS|TAMS 0x0000000578800000| PB 0x0000000578800000| Complete 
| 754|0x0000000579000000, 0x0000000579800000, 0x0000000579800000|100%| E|CS|TAMS 0x0000000579000000| PB 0x0000000579000000| Complete 
| 755|0x0000000579800000, 0x000000057a000000, 0x000000057a000000|100%| E|CS|TAMS 0x0000000579800000| PB 0x0000000579800000| Complete 
| 756|0x000000057a000000, 0x000000057a800000, 0x000000057a800000|100%| E|CS|TAMS 0x000000057a000000| PB 0x000000057a000000| Complete 
| 757|0x000000057a800000, 0x000000057b000000, 0x000000057b000000|100%| E|CS|TAMS 0x000000057a800000| PB 0x000000057a800000| Complete 
| 758|0x000000057b000000, 0x000000057b800000, 0x000000057b800000|100%| E|CS|TAMS 0x000000057b000000| PB 0x000000057b000000| Complete 
| 759|0x000000057b800000, 0x000000057c000000, 0x000000057c000000|100%| E|CS|TAMS 0x000000057b800000| PB 0x000000057b800000| Complete 
| 760|0x000000057c000000, 0x000000057c800000, 0x000000057c800000|100%| E|CS|TAMS 0x000000057c000000| PB 0x000000057c000000| Complete 
| 761|0x000000057c800000, 0x000000057d000000, 0x000000057d000000|100%| E|CS|TAMS 0x000000057c800000| PB 0x000000057c800000| Complete 
| 762|0x000000057d000000, 0x000000057d800000, 0x000000057d800000|100%| E|CS|TAMS 0x000000057d000000| PB 0x000000057d000000| Complete 
| 763|0x000000057d800000, 0x000000057e000000, 0x000000057e000000|100%| E|CS|TAMS 0x000000057d800000| PB 0x000000057d800000| Complete 
| 764|0x000000057e000000, 0x000000057e800000, 0x000000057e800000|100%| E|CS|TAMS 0x000000057e000000| PB 0x000000057e000000| Complete 
| 765|0x000000057e800000, 0x000000057f000000, 0x000000057f000000|100%| E|CS|TAMS 0x000000057e800000| PB 0x000000057e800000| Complete 
| 766|0x000000057f000000, 0x000000057f800000, 0x000000057f800000|100%| E|CS|TAMS 0x000000057f000000| PB 0x000000057f000000| Complete 
| 767|0x000000057f800000, 0x0000000580000000, 0x0000000580000000|100%| E|CS|TAMS 0x000000057f800000| PB 0x000000057f800000| Complete 
| 768|0x0000000580000000, 0x0000000580800000, 0x0000000580800000|100%| E|CS|TAMS 0x0000000580000000| PB 0x0000000580000000| Complete 
| 769|0x0000000580800000, 0x0000000581000000, 0x0000000581000000|100%| E|CS|TAMS 0x0000000580800000| PB 0x0000000580800000| Complete 
| 770|0x0000000581000000, 0x0000000581800000, 0x0000000581800000|100%| E|CS|TAMS 0x0000000581000000| PB 0x0000000581000000| Complete 
| 771|0x0000000581800000, 0x0000000582000000, 0x0000000582000000|100%| E|CS|TAMS 0x0000000581800000| PB 0x0000000581800000| Complete 
| 772|0x0000000582000000, 0x0000000582800000, 0x0000000582800000|100%| E|CS|TAMS 0x0000000582000000| PB 0x0000000582000000| Complete 
| 773|0x0000000582800000, 0x0000000583000000, 0x0000000583000000|100%| E|CS|TAMS 0x0000000582800000| PB 0x0000000582800000| Complete 
| 774|0x0000000583000000, 0x0000000583800000, 0x0000000583800000|100%| E|CS|TAMS 0x0000000583000000| PB 0x0000000583000000| Complete 
| 775|0x0000000583800000, 0x0000000584000000, 0x0000000584000000|100%| E|CS|TAMS 0x0000000583800000| PB 0x0000000583800000| Complete 
| 776|0x0000000584000000, 0x0000000584800000, 0x0000000584800000|100%| E|CS|TAMS 0x0000000584000000| PB 0x0000000584000000| Complete 
| 777|0x0000000584800000, 0x0000000585000000, 0x0000000585000000|100%| E|CS|TAMS 0x0000000584800000| PB 0x0000000584800000| Complete 
| 778|0x0000000585000000, 0x0000000585800000, 0x0000000585800000|100%| E|CS|TAMS 0x0000000585000000| PB 0x0000000585000000| Complete 
| 779|0x0000000585800000, 0x0000000586000000, 0x0000000586000000|100%| E|CS|TAMS 0x0000000585800000| PB 0x0000000585800000| Complete 
| 780|0x0000000586000000, 0x0000000586800000, 0x0000000586800000|100%| E|CS|TAMS 0x0000000586000000| PB 0x0000000586000000| Complete 
| 781|0x0000000586800000, 0x0000000587000000, 0x0000000587000000|100%| E|CS|TAMS 0x0000000586800000| PB 0x0000000586800000| Complete 
| 782|0x0000000587000000, 0x0000000587800000, 0x0000000587800000|100%| E|CS|TAMS 0x0000000587000000| PB 0x0000000587000000| Complete 
| 783|0x0000000587800000, 0x0000000588000000, 0x0000000588000000|100%| E|CS|TAMS 0x0000000587800000| PB 0x0000000587800000| Complete 
| 784|0x0000000588000000, 0x0000000588800000, 0x0000000588800000|100%| E|CS|TAMS 0x0000000588000000| PB 0x0000000588000000| Complete 
| 785|0x0000000588800000, 0x0000000589000000, 0x0000000589000000|100%| E|CS|TAMS 0x0000000588800000| PB 0x0000000588800000| Complete 
| 786|0x0000000589000000, 0x0000000589800000, 0x0000000589800000|100%| E|CS|TAMS 0x0000000589000000| PB 0x0000000589000000| Complete 
| 787|0x0000000589800000, 0x000000058a000000, 0x000000058a000000|100%| E|CS|TAMS 0x0000000589800000| PB 0x0000000589800000| Complete 
| 788|0x000000058a000000, 0x000000058a800000, 0x000000058a800000|100%| E|CS|TAMS 0x000000058a000000| PB 0x000000058a000000| Complete 
| 789|0x000000058a800000, 0x000000058b000000, 0x000000058b000000|100%| E|CS|TAMS 0x000000058a800000| PB 0x000000058a800000| Complete 
| 790|0x000000058b000000, 0x000000058b800000, 0x000000058b800000|100%| E|CS|TAMS 0x000000058b000000| PB 0x000000058b000000| Complete 
| 791|0x000000058b800000, 0x000000058c000000, 0x000000058c000000|100%| E|CS|TAMS 0x000000058b800000| PB 0x000000058b800000| Complete 
| 792|0x000000058c000000, 0x000000058c800000, 0x000000058c800000|100%| E|CS|TAMS 0x000000058c000000| PB 0x000000058c000000| Complete 
| 793|0x000000058c800000, 0x000000058d000000, 0x000000058d000000|100%| E|CS|TAMS 0x000000058c800000| PB 0x000000058c800000| Complete 
| 794|0x000000058d000000, 0x000000058d800000, 0x000000058d800000|100%| E|CS|TAMS 0x000000058d000000| PB 0x000000058d000000| Complete 
| 795|0x000000058d800000, 0x000000058e000000, 0x000000058e000000|100%| E|CS|TAMS 0x000000058d800000| PB 0x000000058d800000| Complete 
| 796|0x000000058e000000, 0x000000058e800000, 0x000000058e800000|100%| E|CS|TAMS 0x000000058e000000| PB 0x000000058e000000| Complete 
| 797|0x000000058e800000, 0x000000058f000000, 0x000000058f000000|100%| E|CS|TAMS 0x000000058e800000| PB 0x000000058e800000| Complete 
| 798|0x000000058f000000, 0x000000058f800000, 0x000000058f800000|100%| E|CS|TAMS 0x000000058f000000| PB 0x000000058f000000| Complete 
| 799|0x000000058f800000, 0x0000000590000000, 0x0000000590000000|100%| E|CS|TAMS 0x000000058f800000| PB 0x000000058f800000| Complete 
| 800|0x0000000590000000, 0x0000000590800000, 0x0000000590800000|100%| E|CS|TAMS 0x0000000590000000| PB 0x0000000590000000| Complete 
| 801|0x0000000590800000, 0x0000000591000000, 0x0000000591000000|100%| E|CS|TAMS 0x0000000590800000| PB 0x0000000590800000| Complete 
| 802|0x0000000591000000, 0x0000000591800000, 0x0000000591800000|100%| E|CS|TAMS 0x0000000591000000| PB 0x0000000591000000| Complete 
| 803|0x0000000591800000, 0x0000000592000000, 0x0000000592000000|100%| E|CS|TAMS 0x0000000591800000| PB 0x0000000591800000| Complete 
| 804|0x0000000592000000, 0x0000000592800000, 0x0000000592800000|100%| E|CS|TAMS 0x0000000592000000| PB 0x0000000592000000| Complete 
| 805|0x0000000592800000, 0x0000000593000000, 0x0000000593000000|100%| E|CS|TAMS 0x0000000592800000| PB 0x0000000592800000| Complete 
| 806|0x0000000593000000, 0x0000000593800000, 0x0000000593800000|100%| E|CS|TAMS 0x0000000593000000| PB 0x0000000593000000| Complete 
| 807|0x0000000593800000, 0x0000000594000000, 0x0000000594000000|100%| E|CS|TAMS 0x0000000593800000| PB 0x0000000593800000| Complete 
| 808|0x0000000594000000, 0x0000000594800000, 0x0000000594800000|100%| E|CS|TAMS 0x0000000594000000| PB 0x0000000594000000| Complete 
| 809|0x0000000594800000, 0x0000000595000000, 0x0000000595000000|100%| E|CS|TAMS 0x0000000594800000| PB 0x0000000594800000| Complete 
| 810|0x0000000595000000, 0x0000000595800000, 0x0000000595800000|100%| E|CS|TAMS 0x0000000595000000| PB 0x0000000595000000| Complete 
| 811|0x0000000595800000, 0x0000000596000000, 0x0000000596000000|100%| E|CS|TAMS 0x0000000595800000| PB 0x0000000595800000| Complete 
| 812|0x0000000596000000, 0x0000000596800000, 0x0000000596800000|100%| E|CS|TAMS 0x0000000596000000| PB 0x0000000596000000| Complete 
| 813|0x0000000596800000, 0x0000000597000000, 0x0000000597000000|100%| E|CS|TAMS 0x0000000596800000| PB 0x0000000596800000| Complete 
| 814|0x0000000597000000, 0x0000000597800000, 0x0000000597800000|100%| E|CS|TAMS 0x0000000597000000| PB 0x0000000597000000| Complete 
| 815|0x0000000597800000, 0x0000000598000000, 0x0000000598000000|100%| E|CS|TAMS 0x0000000597800000| PB 0x0000000597800000| Complete 
| 816|0x0000000598000000, 0x0000000598800000, 0x0000000598800000|100%| E|CS|TAMS 0x0000000598000000| PB 0x0000000598000000| Complete 
| 817|0x0000000598800000, 0x0000000599000000, 0x0000000599000000|100%| E|CS|TAMS 0x0000000598800000| PB 0x0000000598800000| Complete 
| 818|0x0000000599000000, 0x0000000599800000, 0x0000000599800000|100%| E|CS|TAMS 0x0000000599000000| PB 0x0000000599000000| Complete 
| 819|0x0000000599800000, 0x000000059a000000, 0x000000059a000000|100%| E|CS|TAMS 0x0000000599800000| PB 0x0000000599800000| Complete 
| 820|0x000000059a000000, 0x000000059a800000, 0x000000059a800000|100%| E|CS|TAMS 0x000000059a000000| PB 0x000000059a000000| Complete 
| 821|0x000000059a800000, 0x000000059b000000, 0x000000059b000000|100%| E|CS|TAMS 0x000000059a800000| PB 0x000000059a800000| Complete 
| 822|0x000000059b000000, 0x000000059b800000, 0x000000059b800000|100%| E|CS|TAMS 0x000000059b000000| PB 0x000000059b000000| Complete 
| 823|0x000000059b800000, 0x000000059c000000, 0x000000059c000000|100%| E|CS|TAMS 0x000000059b800000| PB 0x000000059b800000| Complete 
| 824|0x000000059c000000, 0x000000059c800000, 0x000000059c800000|100%| E|CS|TAMS 0x000000059c000000| PB 0x000000059c000000| Complete 
| 825|0x000000059c800000, 0x000000059d000000, 0x000000059d000000|100%| E|CS|TAMS 0x000000059c800000| PB 0x000000059c800000| Complete 
| 826|0x000000059d000000, 0x000000059d800000, 0x000000059d800000|100%| E|CS|TAMS 0x000000059d000000| PB 0x000000059d000000| Complete 
| 827|0x000000059d800000, 0x000000059e000000, 0x000000059e000000|100%| E|CS|TAMS 0x000000059d800000| PB 0x000000059d800000| Complete 
| 828|0x000000059e000000, 0x000000059e800000, 0x000000059e800000|100%| E|CS|TAMS 0x000000059e000000| PB 0x000000059e000000| Complete 
| 829|0x000000059e800000, 0x000000059f000000, 0x000000059f000000|100%| E|CS|TAMS 0x000000059e800000| PB 0x000000059e800000| Complete 
| 830|0x000000059f000000, 0x000000059f800000, 0x000000059f800000|100%| E|CS|TAMS 0x000000059f000000| PB 0x000000059f000000| Complete 
| 831|0x000000059f800000, 0x00000005a0000000, 0x00000005a0000000|100%| E|CS|TAMS 0x000000059f800000| PB 0x000000059f800000| Complete 
| 832|0x00000005a0000000, 0x00000005a0800000, 0x00000005a0800000|100%| E|CS|TAMS 0x00000005a0000000| PB 0x00000005a0000000| Complete 
| 833|0x00000005a0800000, 0x00000005a1000000, 0x00000005a1000000|100%| E|CS|TAMS 0x00000005a0800000| PB 0x00000005a0800000| Complete 
| 834|0x00000005a1000000, 0x00000005a1800000, 0x00000005a1800000|100%| E|CS|TAMS 0x00000005a1000000| PB 0x00000005a1000000| Complete 
| 835|0x00000005a1800000, 0x00000005a2000000, 0x00000005a2000000|100%| E|CS|TAMS 0x00000005a1800000| PB 0x00000005a1800000| Complete 
| 836|0x00000005a2000000, 0x00000005a2800000, 0x00000005a2800000|100%| E|CS|TAMS 0x00000005a2000000| PB 0x00000005a2000000| Complete 
| 837|0x00000005a2800000, 0x00000005a3000000, 0x00000005a3000000|100%| E|CS|TAMS 0x00000005a2800000| PB 0x00000005a2800000| Complete 
| 838|0x00000005a3000000, 0x00000005a3800000, 0x00000005a3800000|100%| E|CS|TAMS 0x00000005a3000000| PB 0x00000005a3000000| Complete 
| 839|0x00000005a3800000, 0x00000005a4000000, 0x00000005a4000000|100%| E|CS|TAMS 0x00000005a3800000| PB 0x00000005a3800000| Complete 
| 840|0x00000005a4000000, 0x00000005a4800000, 0x00000005a4800000|100%| E|CS|TAMS 0x00000005a4000000| PB 0x00000005a4000000| Complete 
| 841|0x00000005a4800000, 0x00000005a5000000, 0x00000005a5000000|100%| E|CS|TAMS 0x00000005a4800000| PB 0x00000005a4800000| Complete 
| 842|0x00000005a5000000, 0x00000005a5800000, 0x00000005a5800000|100%| E|CS|TAMS 0x00000005a5000000| PB 0x00000005a5000000| Complete 
| 843|0x00000005a5800000, 0x00000005a6000000, 0x00000005a6000000|100%| E|CS|TAMS 0x00000005a5800000| PB 0x00000005a5800000| Complete 
| 844|0x00000005a6000000, 0x00000005a6800000, 0x00000005a6800000|100%| E|CS|TAMS 0x00000005a6000000| PB 0x00000005a6000000| Complete 
| 845|0x00000005a6800000, 0x00000005a7000000, 0x00000005a7000000|100%| E|CS|TAMS 0x00000005a6800000| PB 0x00000005a6800000| Complete 
| 846|0x00000005a7000000, 0x00000005a7800000, 0x00000005a7800000|100%| E|CS|TAMS 0x00000005a7000000| PB 0x00000005a7000000| Complete 
| 847|0x00000005a7800000, 0x00000005a8000000, 0x00000005a8000000|100%| E|CS|TAMS 0x00000005a7800000| PB 0x00000005a7800000| Complete 
| 848|0x00000005a8000000, 0x00000005a8800000, 0x00000005a8800000|100%| E|CS|TAMS 0x00000005a8000000| PB 0x00000005a8000000| Complete 
| 849|0x00000005a8800000, 0x00000005a9000000, 0x00000005a9000000|100%| E|CS|TAMS 0x00000005a8800000| PB 0x00000005a8800000| Complete 
| 850|0x00000005a9000000, 0x00000005a9800000, 0x00000005a9800000|100%| E|CS|TAMS 0x00000005a9000000| PB 0x00000005a9000000| Complete 
| 851|0x00000005a9800000, 0x00000005aa000000, 0x00000005aa000000|100%| E|CS|TAMS 0x00000005a9800000| PB 0x00000005a9800000| Complete 
| 852|0x00000005aa000000, 0x00000005aa800000, 0x00000005aa800000|100%| E|CS|TAMS 0x00000005aa000000| PB 0x00000005aa000000| Complete 
| 853|0x00000005aa800000, 0x00000005ab000000, 0x00000005ab000000|100%| E|CS|TAMS 0x00000005aa800000| PB 0x00000005aa800000| Complete 
| 854|0x00000005ab000000, 0x00000005ab800000, 0x00000005ab800000|100%| E|CS|TAMS 0x00000005ab000000| PB 0x00000005ab000000| Complete 
| 855|0x00000005ab800000, 0x00000005ac000000, 0x00000005ac000000|100%| E|CS|TAMS 0x00000005ab800000| PB 0x00000005ab800000| Complete 
| 856|0x00000005ac000000, 0x00000005ac800000, 0x00000005ac800000|100%| E|CS|TAMS 0x00000005ac000000| PB 0x00000005ac000000| Complete 
| 857|0x00000005ac800000, 0x00000005ad000000, 0x00000005ad000000|100%| E|CS|TAMS 0x00000005ac800000| PB 0x00000005ac800000| Complete 
| 858|0x00000005ad000000, 0x00000005ad800000, 0x00000005ad800000|100%| E|CS|TAMS 0x00000005ad000000| PB 0x00000005ad000000| Complete 
| 859|0x00000005ad800000, 0x00000005ae000000, 0x00000005ae000000|100%| E|CS|TAMS 0x00000005ad800000| PB 0x00000005ad800000| Complete 
| 860|0x00000005ae000000, 0x00000005ae800000, 0x00000005ae800000|100%| E|CS|TAMS 0x00000005ae000000| PB 0x00000005ae000000| Complete 
| 861|0x00000005ae800000, 0x00000005af000000, 0x00000005af000000|100%| E|CS|TAMS 0x00000005ae800000| PB 0x00000005ae800000| Complete 
| 862|0x00000005af000000, 0x00000005af800000, 0x00000005af800000|100%| E|CS|TAMS 0x00000005af000000| PB 0x00000005af000000| Complete 
| 863|0x00000005af800000, 0x00000005b0000000, 0x00000005b0000000|100%| E|CS|TAMS 0x00000005af800000| PB 0x00000005af800000| Complete 
| 864|0x00000005b0000000, 0x00000005b0800000, 0x00000005b0800000|100%| E|CS|TAMS 0x00000005b0000000| PB 0x00000005b0000000| Complete 
| 865|0x00000005b0800000, 0x00000005b1000000, 0x00000005b1000000|100%| E|CS|TAMS 0x00000005b0800000| PB 0x00000005b0800000| Complete 
| 866|0x00000005b1000000, 0x00000005b1800000, 0x00000005b1800000|100%| E|CS|TAMS 0x00000005b1000000| PB 0x00000005b1000000| Complete 
| 867|0x00000005b1800000, 0x00000005b2000000, 0x00000005b2000000|100%| E|CS|TAMS 0x00000005b1800000| PB 0x00000005b1800000| Complete 
| 868|0x00000005b2000000, 0x00000005b2800000, 0x00000005b2800000|100%| E|CS|TAMS 0x00000005b2000000| PB 0x00000005b2000000| Complete 
| 869|0x00000005b2800000, 0x00000005b3000000, 0x00000005b3000000|100%| E|CS|TAMS 0x00000005b2800000| PB 0x00000005b2800000| Complete 
| 870|0x00000005b3000000, 0x00000005b3800000, 0x00000005b3800000|100%| E|CS|TAMS 0x00000005b3000000| PB 0x00000005b3000000| Complete 
| 871|0x00000005b3800000, 0x00000005b4000000, 0x00000005b4000000|100%| E|CS|TAMS 0x00000005b3800000| PB 0x00000005b3800000| Complete 
| 872|0x00000005b4000000, 0x00000005b4800000, 0x00000005b4800000|100%| E|CS|TAMS 0x00000005b4000000| PB 0x00000005b4000000| Complete 
| 873|0x00000005b4800000, 0x00000005b5000000, 0x00000005b5000000|100%| E|CS|TAMS 0x00000005b4800000| PB 0x00000005b4800000| Complete 
| 874|0x00000005b5000000, 0x00000005b5800000, 0x00000005b5800000|100%| E|CS|TAMS 0x00000005b5000000| PB 0x00000005b5000000| Complete 
| 875|0x00000005b5800000, 0x00000005b6000000, 0x00000005b6000000|100%| E|CS|TAMS 0x00000005b5800000| PB 0x00000005b5800000| Complete 
| 876|0x00000005b6000000, 0x00000005b6800000, 0x00000005b6800000|100%| E|CS|TAMS 0x00000005b6000000| PB 0x00000005b6000000| Complete 
| 877|0x00000005b6800000, 0x00000005b7000000, 0x00000005b7000000|100%| E|CS|TAMS 0x00000005b6800000| PB 0x00000005b6800000| Complete 
| 878|0x00000005b7000000, 0x00000005b7800000, 0x00000005b7800000|100%| E|CS|TAMS 0x00000005b7000000| PB 0x00000005b7000000| Complete 
| 879|0x00000005b7800000, 0x00000005b8000000, 0x00000005b8000000|100%| E|CS|TAMS 0x00000005b7800000| PB 0x00000005b7800000| Complete 
| 880|0x00000005b8000000, 0x00000005b8800000, 0x00000005b8800000|100%| E|CS|TAMS 0x00000005b8000000| PB 0x00000005b8000000| Complete 
| 881|0x00000005b8800000, 0x00000005b9000000, 0x00000005b9000000|100%| E|CS|TAMS 0x00000005b8800000| PB 0x00000005b8800000| Complete 
| 882|0x00000005b9000000, 0x00000005b9800000, 0x00000005b9800000|100%| E|CS|TAMS 0x00000005b9000000| PB 0x00000005b9000000| Complete 
| 883|0x00000005b9800000, 0x00000005ba000000, 0x00000005ba000000|100%| E|CS|TAMS 0x00000005b9800000| PB 0x00000005b9800000| Complete 
| 884|0x00000005ba000000, 0x00000005ba800000, 0x00000005ba800000|100%| E|CS|TAMS 0x00000005ba000000| PB 0x00000005ba000000| Complete 
| 885|0x00000005ba800000, 0x00000005bb000000, 0x00000005bb000000|100%| E|CS|TAMS 0x00000005ba800000| PB 0x00000005ba800000| Complete 
| 886|0x00000005bb000000, 0x00000005bb800000, 0x00000005bb800000|100%| E|CS|TAMS 0x00000005bb000000| PB 0x00000005bb000000| Complete 
| 887|0x00000005bb800000, 0x00000005bc000000, 0x00000005bc000000|100%| E|CS|TAMS 0x00000005bb800000| PB 0x00000005bb800000| Complete 
| 888|0x00000005bc000000, 0x00000005bc800000, 0x00000005bc800000|100%| E|CS|TAMS 0x00000005bc000000| PB 0x00000005bc000000| Complete 
| 889|0x00000005bc800000, 0x00000005bd000000, 0x00000005bd000000|100%| E|CS|TAMS 0x00000005bc800000| PB 0x00000005bc800000| Complete 
| 890|0x00000005bd000000, 0x00000005bd800000, 0x00000005bd800000|100%| E|CS|TAMS 0x00000005bd000000| PB 0x00000005bd000000| Complete 
| 891|0x00000005bd800000, 0x00000005be000000, 0x00000005be000000|100%| E|CS|TAMS 0x00000005bd800000| PB 0x00000005bd800000| Complete 
| 892|0x00000005be000000, 0x00000005be800000, 0x00000005be800000|100%| E|CS|TAMS 0x00000005be000000| PB 0x00000005be000000| Complete 
| 893|0x00000005be800000, 0x00000005bf000000, 0x00000005bf000000|100%| E|CS|TAMS 0x00000005be800000| PB 0x00000005be800000| Complete 
| 894|0x00000005bf000000, 0x00000005bf800000, 0x00000005bf800000|100%| E|CS|TAMS 0x00000005bf000000| PB 0x00000005bf000000| Complete 
| 895|0x00000005bf800000, 0x00000005c0000000, 0x00000005c0000000|100%| E|CS|TAMS 0x00000005bf800000| PB 0x00000005bf800000| Complete 
| 896|0x00000005c0000000, 0x00000005c0800000, 0x00000005c0800000|100%| E|CS|TAMS 0x00000005c0000000| PB 0x00000005c0000000| Complete 
| 897|0x00000005c0800000, 0x00000005c1000000, 0x00000005c1000000|100%| E|CS|TAMS 0x00000005c0800000| PB 0x00000005c0800000| Complete 
| 898|0x00000005c1000000, 0x00000005c1800000, 0x00000005c1800000|100%| E|CS|TAMS 0x00000005c1000000| PB 0x00000005c1000000| Complete 
| 899|0x00000005c1800000, 0x00000005c2000000, 0x00000005c2000000|100%| E|CS|TAMS 0x00000005c1800000| PB 0x00000005c1800000| Complete 
| 900|0x00000005c2000000, 0x00000005c2800000, 0x00000005c2800000|100%| E|CS|TAMS 0x00000005c2000000| PB 0x00000005c2000000| Complete 
| 901|0x00000005c2800000, 0x00000005c3000000, 0x00000005c3000000|100%| E|CS|TAMS 0x00000005c2800000| PB 0x00000005c2800000| Complete 
| 902|0x00000005c3000000, 0x00000005c3800000, 0x00000005c3800000|100%| E|CS|TAMS 0x00000005c3000000| PB 0x00000005c3000000| Complete 
| 903|0x00000005c3800000, 0x00000005c4000000, 0x00000005c4000000|100%| E|CS|TAMS 0x00000005c3800000| PB 0x00000005c3800000| Complete 
| 904|0x00000005c4000000, 0x00000005c4800000, 0x00000005c4800000|100%| E|CS|TAMS 0x00000005c4000000| PB 0x00000005c4000000| Complete 
| 905|0x00000005c4800000, 0x00000005c5000000, 0x00000005c5000000|100%| E|CS|TAMS 0x00000005c4800000| PB 0x00000005c4800000| Complete 
| 906|0x00000005c5000000, 0x00000005c5800000, 0x00000005c5800000|100%| E|CS|TAMS 0x00000005c5000000| PB 0x00000005c5000000| Complete 
| 907|0x00000005c5800000, 0x00000005c6000000, 0x00000005c6000000|100%| E|CS|TAMS 0x00000005c5800000| PB 0x00000005c5800000| Complete 
| 908|0x00000005c6000000, 0x00000005c6800000, 0x00000005c6800000|100%| E|CS|TAMS 0x00000005c6000000| PB 0x00000005c6000000| Complete 
| 909|0x00000005c6800000, 0x00000005c7000000, 0x00000005c7000000|100%| E|CS|TAMS 0x00000005c6800000| PB 0x00000005c6800000| Complete 
| 910|0x00000005c7000000, 0x00000005c7800000, 0x00000005c7800000|100%| E|CS|TAMS 0x00000005c7000000| PB 0x00000005c7000000| Complete 
| 911|0x00000005c7800000, 0x00000005c8000000, 0x00000005c8000000|100%| E|CS|TAMS 0x00000005c7800000| PB 0x00000005c7800000| Complete 
| 912|0x00000005c8000000, 0x00000005c8800000, 0x00000005c8800000|100%| E|CS|TAMS 0x00000005c8000000| PB 0x00000005c8000000| Complete 
| 913|0x00000005c8800000, 0x00000005c9000000, 0x00000005c9000000|100%| E|CS|TAMS 0x00000005c8800000| PB 0x00000005c8800000| Complete 
| 914|0x00000005c9000000, 0x00000005c9800000, 0x00000005c9800000|100%| E|CS|TAMS 0x00000005c9000000| PB 0x00000005c9000000| Complete 
| 915|0x00000005c9800000, 0x00000005ca000000, 0x00000005ca000000|100%| E|CS|TAMS 0x00000005c9800000| PB 0x00000005c9800000| Complete 
| 916|0x00000005ca000000, 0x00000005ca800000, 0x00000005ca800000|100%| E|CS|TAMS 0x00000005ca000000| PB 0x00000005ca000000| Complete 
| 917|0x00000005ca800000, 0x00000005cb000000, 0x00000005cb000000|100%| E|CS|TAMS 0x00000005ca800000| PB 0x00000005ca800000| Complete 
| 918|0x00000005cb000000, 0x00000005cb800000, 0x00000005cb800000|100%| E|CS|TAMS 0x00000005cb000000| PB 0x00000005cb000000| Complete 
| 919|0x00000005cb800000, 0x00000005cc000000, 0x00000005cc000000|100%| E|CS|TAMS 0x00000005cb800000| PB 0x00000005cb800000| Complete 
| 920|0x00000005cc000000, 0x00000005cc800000, 0x00000005cc800000|100%| E|CS|TAMS 0x00000005cc000000| PB 0x00000005cc000000| Complete 
| 921|0x00000005cc800000, 0x00000005cd000000, 0x00000005cd000000|100%| E|CS|TAMS 0x00000005cc800000| PB 0x00000005cc800000| Complete 
| 922|0x00000005cd000000, 0x00000005cd800000, 0x00000005cd800000|100%| E|CS|TAMS 0x00000005cd000000| PB 0x00000005cd000000| Complete 
| 923|0x00000005cd800000, 0x00000005ce000000, 0x00000005ce000000|100%| E|CS|TAMS 0x00000005cd800000| PB 0x00000005cd800000| Complete 
| 924|0x00000005ce000000, 0x00000005ce800000, 0x00000005ce800000|100%| E|CS|TAMS 0x00000005ce000000| PB 0x00000005ce000000| Complete 
| 925|0x00000005ce800000, 0x00000005cf000000, 0x00000005cf000000|100%| E|CS|TAMS 0x00000005ce800000| PB 0x00000005ce800000| Complete 
| 926|0x00000005cf000000, 0x00000005cf800000, 0x00000005cf800000|100%| E|CS|TAMS 0x00000005cf000000| PB 0x00000005cf000000| Complete 
| 927|0x00000005cf800000, 0x00000005d0000000, 0x00000005d0000000|100%| E|CS|TAMS 0x00000005cf800000| PB 0x00000005cf800000| Complete 
| 928|0x00000005d0000000, 0x00000005d0800000, 0x00000005d0800000|100%| E|CS|TAMS 0x00000005d0000000| PB 0x00000005d0000000| Complete 
| 929|0x00000005d0800000, 0x00000005d1000000, 0x00000005d1000000|100%| E|CS|TAMS 0x00000005d0800000| PB 0x00000005d0800000| Complete 
| 930|0x00000005d1000000, 0x00000005d1800000, 0x00000005d1800000|100%| E|CS|TAMS 0x00000005d1000000| PB 0x00000005d1000000| Complete 
| 931|0x00000005d1800000, 0x00000005d2000000, 0x00000005d2000000|100%| E|CS|TAMS 0x00000005d1800000| PB 0x00000005d1800000| Complete 
| 932|0x00000005d2000000, 0x00000005d2800000, 0x00000005d2800000|100%| E|CS|TAMS 0x00000005d2000000| PB 0x00000005d2000000| Complete 
| 933|0x00000005d2800000, 0x00000005d3000000, 0x00000005d3000000|100%| E|CS|TAMS 0x00000005d2800000| PB 0x00000005d2800000| Complete 
| 934|0x00000005d3000000, 0x00000005d3800000, 0x00000005d3800000|100%| E|CS|TAMS 0x00000005d3000000| PB 0x00000005d3000000| Complete 
| 935|0x00000005d3800000, 0x00000005d4000000, 0x00000005d4000000|100%| E|CS|TAMS 0x00000005d3800000| PB 0x00000005d3800000| Complete 
| 936|0x00000005d4000000, 0x00000005d4800000, 0x00000005d4800000|100%| E|CS|TAMS 0x00000005d4000000| PB 0x00000005d4000000| Complete 
| 937|0x00000005d4800000, 0x00000005d5000000, 0x00000005d5000000|100%| E|CS|TAMS 0x00000005d4800000| PB 0x00000005d4800000| Complete 
| 938|0x00000005d5000000, 0x00000005d5800000, 0x00000005d5800000|100%| E|CS|TAMS 0x00000005d5000000| PB 0x00000005d5000000| Complete 
| 939|0x00000005d5800000, 0x00000005d6000000, 0x00000005d6000000|100%| E|CS|TAMS 0x00000005d5800000| PB 0x00000005d5800000| Complete 
| 940|0x00000005d6000000, 0x00000005d6800000, 0x00000005d6800000|100%| E|CS|TAMS 0x00000005d6000000| PB 0x00000005d6000000| Complete 
| 941|0x00000005d6800000, 0x00000005d7000000, 0x00000005d7000000|100%| E|CS|TAMS 0x00000005d6800000| PB 0x00000005d6800000| Complete 
| 942|0x00000005d7000000, 0x00000005d7800000, 0x00000005d7800000|100%| E|CS|TAMS 0x00000005d7000000| PB 0x00000005d7000000| Complete 
| 943|0x00000005d7800000, 0x00000005d8000000, 0x00000005d8000000|100%| E|CS|TAMS 0x00000005d7800000| PB 0x00000005d7800000| Complete 
| 944|0x00000005d8000000, 0x00000005d8800000, 0x00000005d8800000|100%| E|CS|TAMS 0x00000005d8000000| PB 0x00000005d8000000| Complete 
| 945|0x00000005d8800000, 0x00000005d9000000, 0x00000005d9000000|100%| E|CS|TAMS 0x00000005d8800000| PB 0x00000005d8800000| Complete 
| 946|0x00000005d9000000, 0x00000005d9800000, 0x00000005d9800000|100%| E|CS|TAMS 0x00000005d9000000| PB 0x00000005d9000000| Complete 
| 947|0x00000005d9800000, 0x00000005da000000, 0x00000005da000000|100%| E|CS|TAMS 0x00000005d9800000| PB 0x00000005d9800000| Complete 
|2037|0x00000007fa800000, 0x00000007fb000000, 0x00000007fb000000|100%| O|  |TAMS 0x00000007fa800000| PB 0x00000007fa800000| Untracked 
|2038|0x00000007fb000000, 0x00000007fb800000, 0x00000007fb800000|100%| E|  |TAMS 0x00000007fb000000| PB 0x00000007fb000000| Complete 
|2039|0x00000007fb800000, 0x00000007fc000000, 0x00000007fc000000|100%| O|  |TAMS 0x00000007fb800000| PB 0x00000007fb800000| Untracked 
|2040|0x00000007fc000000, 0x00000007fc800000, 0x00000007fc800000|100%| O|  |TAMS 0x00000007fc000000| PB 0x00000007fc000000| Untracked 
|2041|0x00000007fc800000, 0x00000007fd000000, 0x00000007fd000000|100%| O|  |TAMS 0x00000007fc800000| PB 0x00000007fc800000| Untracked 
|2042|0x00000007fd000000, 0x00000007fd800000, 0x00000007fd800000|100%| O|  |TAMS 0x00000007fd000000| PB 0x00000007fd000000| Untracked 
|2043|0x00000007fd800000, 0x00000007fe000000, 0x00000007fe000000|100%| O|  |TAMS 0x00000007fd800000| PB 0x00000007fd800000| Untracked 
|2044|0x00000007fe000000, 0x00000007fe800000, 0x00000007fe800000|100%| O|  |TAMS 0x00000007fe000000| PB 0x00000007fe000000| Untracked 
|2045|0x00000007fe800000, 0x00000007ff000000, 0x00000007ff000000|100%| O|  |TAMS 0x00000007fe800000| PB 0x00000007fe800000| Untracked 
|2046|0x00000007ff000000, 0x00000007ff800000, 0x00000007ff800000|100%| E|CS|TAMS 0x00000007ff000000| PB 0x00000007ff000000| Complete 
|2047|0x00000007ff800000, 0x0000000800000000, 0x0000000800000000|100%| O|  |TAMS 0x00000007ff800000| PB 0x00000007ff800000| Untracked 

Card table byte_map: [0x000002bf11560000,0x000002bf13560000] _byte_map_base: 0x000002bf0f560000

Marking Bits: (CMBitMap*) 0x000002bf236b18c0
 Bits: [0x000002bf13560000, 0x000002bf23560000)

Polling page: 0x000002bf79960000

Metaspace:

Usage:
  Non-class:    251.55 MB used.
      Class:     47.07 MB used.
       Both:    298.62 MB used.

Virtual space:
  Non-class space:      256.00 MB reserved,     253.50 MB (>99%) committed,  4 nodes.
      Class space:        1.00 GB reserved,      48.62 MB (  5%) committed,  1 nodes.
             Both:        1.25 GB reserved,     302.12 MB ( 24%) committed. 

Chunk freelists:
   Non-Class:  1.92 MB
       Class:  15.39 MB
        Both:  17.31 MB

MaxMetaspaceSize: unlimited
CompressedClassSpaceSize: 1.00 GB
Initial GC threshold: 21.00 MB
Current GC threshold: 500.56 MB
CDS: off
 - commit_granule_bytes: 65536.
 - commit_granule_words: 8192.
 - virtual_space_node_default_size: 8388608.
 - enlarge_chunks_in_place: 1.
 - use_allocation_guard: 0.


Internal statistics:

num_allocs_failed_limit: 29.
num_arena_births: 6676.
num_arena_deaths: 782.
num_vsnodes_births: 5.
num_vsnodes_deaths: 0.
num_space_committed: 4827.
num_space_uncommitted: 0.
num_chunks_returned_to_freelist: 1104.
num_chunks_taken_from_freelist: 22301.
num_chunk_merges: 510.
num_chunk_splits: 12974.
num_chunks_enlarged: 7587.
num_inconsistent_stats: 0.

CodeHeap 'non-profiled nmethods': size=119168Kb used=41182Kb max_used=49319Kb free=77986Kb
 bounds [0x000002bf07ba0000, 0x000002bf0abd0000, 0x000002bf0f000000]
CodeHeap 'profiled nmethods': size=119104Kb used=31052Kb max_used=63709Kb free=88051Kb
 bounds [0x000002bf00000000, 0x000002bf03f70000, 0x000002bf07450000]
CodeHeap 'non-nmethods': size=7488Kb used=6344Kb max_used=7420Kb free=1143Kb
 bounds [0x000002bf07450000, 0x000002bf07ba0000, 0x000002bf07ba0000]
 total_blobs=23260 nmethods=19812 adapters=3346
 compilation: enabled
              stopped_count=0, restarted_count=0
 full_count=0

Compilation events (20 events):
Event: 150.251 Thread 0x000002bf413da2e0 77859       4       jdk.internal.util.ByteArray::getUnsignedShort (12 bytes)
Event: 150.251 Thread 0x000002c023b89250 77870       4       java.util.ArrayDeque::getFirst (26 bytes)
Event: 150.253 Thread 0x000002c023b89250 nmethod 77870 0x000002bf09003810 code [0x000002bf090039a0, 0x000002bf09003a90]
Event: 150.254 Thread 0x000002c023b89250 77882       4       net.minecraft.nbt.visitors.CollectToTag::visitEntry (4 bytes)
Event: 150.254 Thread 0x000002bf413d6c60 nmethod 77856 0x000002bf09013810 code [0x000002bf090139e0, 0x000002bf09013cf0]
Event: 150.254 Thread 0x000002bf413da2e0 nmethod 77859 0x000002bf09003390 code [0x000002bf09003520, 0x000002bf09003600]
Event: 150.255 Thread 0x000002bf413da2e0 77901       4       net.minecraft.nbt.IntTag$1::readAccounted (14 bytes)
Event: 150.255 Thread 0x000002c023b89250 nmethod 77882 0x000002bf09013510 code [0x000002bf090136a0, 0x000002bf09013730]
Event: 150.256 Thread 0x000002bf413dc4f0 nmethod 77912 0x000002bf09062310 code [0x000002bf090624e0, 0x000002bf09062790]
Event: 150.256 Thread 0x000002bf413d8e70 nmethod 77884 0x000002bf08cc8310 code [0x000002bf08cc8500, 0x000002bf08cc8c80]
Event: 150.257 Thread 0x000002bf413da2e0 nmethod 77901 0x000002bf090f3290 code [0x000002bf090f3460, 0x000002bf090f3670]
Event: 150.258 Thread 0x000002bf413d7a00 nmethod 77886 0x000002bf098e7110 code [0x000002bf098e7360, 0x000002bf098e86a0]
Event: 150.267 Thread 0x000002bf413db080 nmethod 77880 0x000002bf09fd5e10 code [0x000002bf09fd6220, 0x000002bf09fd80d0]
Event: 150.294 Thread 0x000002bf26d06fd0 nmethod 77897 0x000002bf08431a90 code [0x000002bf08432180, 0x000002bf08436638]
Event: 150.502 Thread 0x000002bf413d6c60 77913       4       java.util.HashMap::compute (339 bytes)
Event: 150.507 Thread 0x000002bf413d6c60 nmethod 77913 0x000002bf09c7a790 code [0x000002bf09c7a9a0, 0x000002bf09c7b2d0]
Event: 150.666 Thread 0x000002c023b87de0 77914       3       com.seibel.distanthorizons.common.wrappers.minecraft.MinecraftGLWrapper::glDeleteBuffers (5 bytes)
Event: 150.666 Thread 0x000002c023b87de0 nmethod 77914 0x000002bf01d03d90 code [0x000002bf01d03f40, 0x000002bf01d040d8]
Event: 150.666 Thread 0x000002bf26d06fd0 77915       4       java.lang.ref.Reference::clear (5 bytes)
Event: 150.667 Thread 0x000002bf26d06fd0 nmethod 77915 0x000002bf09061e90 code [0x000002bf09062020, 0x000002bf090620d0]

GC Heap History (20 events):
Event: 142.132 GC heap before
{Heap before GC invocations=219 (full 0):
 garbage-first heap   total 7856128K, used 6336078K [0x0000000400000000, 0x0000000800000000)
  region size 8192K, 575 young (4710400K), 20 survivors (163840K)
 Metaspace       used 305730K, committed 309312K, reserved 1310720K
  class space    used 48186K, committed 49792K, reserved 1048576K
}
Event: 142.151 GC heap after
{Heap after GC invocations=220 (full 0):
 garbage-first heap   total 7856128K, used 1828931K [0x0000000400000000, 0x0000000800000000)
  region size 8192K, 23 young (188416K), 23 survivors (188416K)
 Metaspace       used 305730K, committed 309312K, reserved 1310720K
  class space    used 48186K, committed 49792K, reserved 1048576K
}
Event: 143.479 GC heap before
{Heap before GC invocations=220 (full 0):
 garbage-first heap   total 7856128K, used 6342723K [0x0000000400000000, 0x0000000800000000)
  region size 8192K, 575 young (4710400K), 23 survivors (188416K)
 Metaspace       used 305731K, committed 309312K, reserved 1310720K
  class space    used 48186K, committed 49792K, reserved 1048576K
}
Event: 143.493 GC heap after
{Heap after GC invocations=221 (full 0):
 garbage-first heap   total 7856128K, used 1801890K [0x0000000400000000, 0x0000000800000000)
  region size 8192K, 19 young (155648K), 19 survivors (155648K)
 Metaspace       used 305731K, committed 309312K, reserved 1310720K
  class space    used 48186K, committed 49792K, reserved 1048576K
}
Event: 144.344 GC heap before
{Heap before GC invocations=221 (full 0):
 garbage-first heap   total 7856128K, used 6348450K [0x0000000400000000, 0x0000000800000000)
  region size 8192K, 575 young (4710400K), 19 survivors (155648K)
 Metaspace       used 305746K, committed 309312K, reserved 1310720K
  class space    used 48190K, committed 49792K, reserved 1048576K
}
Event: 144.359 GC heap after
{Heap after GC invocations=222 (full 0):
 garbage-first heap   total 7856128K, used 1820667K [0x0000000400000000, 0x0000000800000000)
  region size 8192K, 21 young (172032K), 21 survivors (172032K)
 Metaspace       used 305746K, committed 309312K, reserved 1310720K
  class space    used 48190K, committed 49792K, reserved 1048576K
}
Event: 144.998 GC heap before
{Heap before GC invocations=222 (full 0):
 garbage-first heap   total 7856128K, used 6350843K [0x0000000400000000, 0x0000000800000000)
  region size 8192K, 575 young (4710400K), 21 survivors (172032K)
 Metaspace       used 305753K, committed 309312K, reserved 1310720K
  class space    used 48190K, committed 49792K, reserved 1048576K
}
Event: 145.012 GC heap after
{Heap after GC invocations=223 (full 0):
 garbage-first heap   total 7856128K, used 1809200K [0x0000000400000000, 0x0000000800000000)
  region size 8192K, 20 young (163840K), 20 survivors (163840K)
 Metaspace       used 305753K, committed 309312K, reserved 1310720K
  class space    used 48190K, committed 49792K, reserved 1048576K
}
Event: 145.560 GC heap before
{Heap before GC invocations=223 (full 0):
 garbage-first heap   total 7856128K, used 6347568K [0x0000000400000000, 0x0000000800000000)
  region size 8192K, 575 young (4710400K), 20 survivors (163840K)
 Metaspace       used 305758K, committed 309312K, reserved 1310720K
  class space    used 48190K, committed 49792K, reserved 1048576K
}
Event: 145.576 GC heap after
{Heap after GC invocations=224 (full 0):
 garbage-first heap   total 7856128K, used 1829841K [0x0000000400000000, 0x0000000800000000)
  region size 8192K, 22 young (180224K), 22 survivors (180224K)
 Metaspace       used 305758K, committed 309312K, reserved 1310720K
  class space    used 48190K, committed 49792K, reserved 1048576K
}
Event: 146.685 GC heap before
{Heap before GC invocations=224 (full 0):
 garbage-first heap   total 7856128K, used 6351825K [0x0000000400000000, 0x0000000800000000)
  region size 8192K, 575 young (4710400K), 22 survivors (180224K)
 Metaspace       used 305759K, committed 309312K, reserved 1310720K
  class space    used 48190K, committed 49792K, reserved 1048576K
}
Event: 146.698 GC heap after
{Heap after GC invocations=225 (full 0):
 garbage-first heap   total 7856128K, used 1799388K [0x0000000400000000, 0x0000000800000000)
  region size 8192K, 18 young (147456K), 18 survivors (147456K)
 Metaspace       used 305759K, committed 309312K, reserved 1310720K
  class space    used 48190K, committed 49792K, reserved 1048576K
}
Event: 147.711 GC heap before
{Heap before GC invocations=225 (full 0):
 garbage-first heap   total 7856128K, used 6362332K [0x0000000400000000, 0x0000000800000000)
  region size 8192K, 575 young (4710400K), 18 survivors (147456K)
 Metaspace       used 305767K, committed 309376K, reserved 1310720K
  class space    used 48191K, committed 49792K, reserved 1048576K
}
Event: 147.723 GC heap after
{Heap after GC invocations=226 (full 0):
 garbage-first heap   total 7856128K, used 1803600K [0x0000000400000000, 0x0000000800000000)
  region size 8192K, 19 young (155648K), 19 survivors (155648K)
 Metaspace       used 305767K, committed 309376K, reserved 1310720K
  class space    used 48191K, committed 49792K, reserved 1048576K
}
Event: 148.477 GC heap before
{Heap before GC invocations=226 (full 0):
 garbage-first heap   total 7856128K, used 6350160K [0x0000000400000000, 0x0000000800000000)
  region size 8192K, 575 young (4710400K), 19 survivors (155648K)
 Metaspace       used 305767K, committed 309376K, reserved 1310720K
  class space    used 48191K, committed 49792K, reserved 1048576K
}
Event: 148.490 GC heap after
{Heap after GC invocations=227 (full 0):
 garbage-first heap   total 7856128K, used 1800037K [0x0000000400000000, 0x0000000800000000)
  region size 8192K, 18 young (147456K), 18 survivors (147456K)
 Metaspace       used 305767K, committed 309376K, reserved 1310720K
  class space    used 48191K, committed 49792K, reserved 1048576K
}
Event: 149.194 GC heap before
{Heap before GC invocations=227 (full 0):
 garbage-first heap   total 7856128K, used 6354789K [0x0000000400000000, 0x0000000800000000)
  region size 8192K, 575 young (4710400K), 18 survivors (147456K)
 Metaspace       used 305767K, committed 309376K, reserved 1310720K
  class space    used 48191K, committed 49792K, reserved 1048576K
}
Event: 149.209 GC heap after
{Heap after GC invocations=228 (full 0):
 garbage-first heap   total 7856128K, used 1820278K [0x0000000400000000, 0x0000000800000000)
  region size 8192K, 20 young (163840K), 20 survivors (163840K)
 Metaspace       used 305767K, committed 309376K, reserved 1310720K
  class space    used 48191K, committed 49792K, reserved 1048576K
}
Event: 150.112 GC heap before
{Heap before GC invocations=228 (full 0):
 garbage-first heap   total 7856128K, used 6358646K [0x0000000400000000, 0x0000000800000000)
  region size 8192K, 575 young (4710400K), 20 survivors (163840K)
 Metaspace       used 305787K, committed 309376K, reserved 1310720K
  class space    used 48197K, committed 49792K, reserved 1048576K
}
Event: 150.126 GC heap after
{Heap after GC invocations=229 (full 0):
 garbage-first heap   total 7856128K, used 1815999K [0x0000000400000000, 0x0000000800000000)
  region size 8192K, 20 young (163840K), 20 survivors (163840K)
 Metaspace       used 305787K, committed 309376K, reserved 1310720K
  class space    used 48197K, committed 49792K, reserved 1048576K
}

Dll operation events (20 events):
Event: 0.124 Loaded shared library C:\Users\justi\AppData\Roaming\PrismLauncher\java\java-runtime-delta\bin\jimage.dll
Event: 0.570 Loaded shared library C:\Users\justi\AppData\Roaming\PrismLauncher\java\java-runtime-delta\bin\verify.dll
Event: 1.453 Loaded shared library C:\Users\justi\AppData\Roaming\PrismLauncher\java\java-runtime-delta\bin\management.dll
Event: 1.454 Loaded shared library C:\Users\justi\AppData\Roaming\PrismLauncher\java\java-runtime-delta\bin\management_ext.dll
Event: 2.275 Loaded shared library C:\Users\justi\AppData\Local\Temp\lwjgl_justi\3.3.3+5\x64\lwjgl.dll
Event: 2.501 Loaded shared library C:\Users\justi\AppData\Local\Temp\lwjgl_justi\3.3.3+5\x64\lwjgl_stb.dll
Event: 2.558 Loaded shared library C:\Users\justi\AppData\Local\Temp\lwjgl_justi\3.3.3+5\x64\lwjgl_opengl.dll
Event: 8.909 Loaded shared library C:\Users\justi\AppData\Local\Temp\jna-101492989\jna7032447384381657094.dll
Event: 13.513 Loaded shared library C:\Users\justi\AppData\Roaming\PrismLauncher\java\java-runtime-delta\bin\sunmscapi.dll
Event: 13.555 Loaded shared library C:\Users\justi\AppData\Roaming\PrismLauncher\java\java-runtime-delta\bin\extnet.dll
Event: 14.392 Loaded shared library C:\Users\justi\AppData\Roaming\PrismLauncher\java\java-runtime-delta\bin\awt.dll
Event: 18.828 Loaded shared library C:\Users\justi\AppData\Local\Temp\imgui-java-natives\1.88.0\imgui-java64.dll
Event: 20.635 Loaded shared library C:\Users\justi\AppData\Local\Temp\libzstd-jni_dh-1.5.7-615134046202405547110.dll
Event: 20.641 Loaded shared library C:\Users\justi\AppData\Local\Temp\libopus4j-9783d0e001158567d1e08f6bb3b2c5b5\libopus4j.dll
Event: 20.664 Loaded shared library C:\Users\justi\AppData\Local\Temp\librnnoise4j-40cc1fdd40ca1100a850ddee14466799\librnnoise4j.dll
Event: 20.697 Loaded shared library C:\Users\justi\AppData\Local\Temp\libspeex4j-e39751f08962f3611e66c90baf107894\libspeex4j.dll
Event: 20.712 Loaded shared library C:\Users\justi\AppData\Local\Temp\liblame4j-290c3436fe9f7c2b8e165ddcb5ad66ce\liblame4j.dll
Event: 20.771 Loaded shared library C:\Users\justi\AppData\Local\Temp\sqlite-3.47.2.0-820c542f-6bb9-48d4-8f4b-6da243d99012-sqlitejdbc.dll
Event: 26.104 Loaded shared library C:\Users\justi\AppData\Roaming\PrismLauncher\java\java-runtime-delta\bin\jsound.dll
Event: 35.168 Loaded shared library C:\Users\justi\AppData\Local\Temp\sable_rapier_natives80148301230504570.tmp

Deoptimization events (20 events):
Event: 147.035 Thread 0x000002bf40c116d0 Uncommon trap: trap_request=0xffffffc6 fr.pc=0x000002bf0821c548 relative=0x0000000000000168
Event: 147.035 Thread 0x000002bf40c116d0 Uncommon trap: reason=bimorphic_or_optimized_type_check action=maybe_recompile pc=0x000002bf0821c548 method=net.minecraft.world.level.levelgen.feature.foliageplacers.FoliagePlacer.shouldSkipLocationSigned(Lnet/minecraft/util/RandomSource;IIIIZ)Z @ 64 c2
Event: 147.035 Thread 0x000002bf40c116d0 DEOPT PACKING pc=0x000002bf0821c548 sp=0x000000f921bfd560
Event: 147.035 Thread 0x000002bf40c116d0 DEOPT UNPACKING pc=0x000002bf074a7da2 sp=0x000000f921bfd4d0 mode 2
Event: 147.035 Thread 0x000002bf40c116d0 Uncommon trap: trap_request=0xffffffc6 fr.pc=0x000002bf0821c548 relative=0x0000000000000168
Event: 147.035 Thread 0x000002bf40c116d0 Uncommon trap: reason=bimorphic_or_optimized_type_check action=maybe_recompile pc=0x000002bf0821c548 method=net.minecraft.world.level.levelgen.feature.foliageplacers.FoliagePlacer.shouldSkipLocationSigned(Lnet/minecraft/util/RandomSource;IIIIZ)Z @ 64 c2
Event: 147.035 Thread 0x000002bf40c116d0 DEOPT PACKING pc=0x000002bf0821c548 sp=0x000000f921bfd560
Event: 147.035 Thread 0x000002bf40c116d0 DEOPT UNPACKING pc=0x000002bf074a7da2 sp=0x000000f921bfd4d0 mode 2
Event: 147.060 Thread 0x000002bf40c116d0 Uncommon trap: trap_request=0xffffff45 fr.pc=0x000002bf0991cfbc relative=0x00000000000003bc
Event: 147.060 Thread 0x000002bf40c116d0 Uncommon trap: reason=unstable_if action=reinterpret pc=0x000002bf0991cfbc method=net.minecraft.world.level.block.LeavesBlock.updateShape(Lnet/minecraft/world/level/block/state/BlockState;Lnet/minecraft/core/Direction;Lnet/minecraft/world/level/block/stat
Event: 147.060 Thread 0x000002bf40c116d0 DEOPT PACKING pc=0x000002bf0991cfbc sp=0x000000f921bfd660
Event: 147.060 Thread 0x000002bf40c116d0 DEOPT UNPACKING pc=0x000002bf074a7da2 sp=0x000000f921bfd5f8 mode 2
Event: 149.665 Thread 0x000002bf79692b30 Uncommon trap: trap_request=0xffffff45 fr.pc=0x000002bf091a6e5c relative=0x000000000000095c
Event: 149.665 Thread 0x000002bf79692b30 Uncommon trap: reason=unstable_if action=reinterpret pc=0x000002bf091a6e5c method=com.seibel.distanthorizons.common.render.openGl.glObject.buffer.GLBuffer.destroyBufferIdNow(I)V @ 78 c2
Event: 149.665 Thread 0x000002bf79692b30 DEOPT PACKING pc=0x000002bf091a6e5c sp=0x000000f90b1fd4a0
Event: 149.665 Thread 0x000002bf79692b30 DEOPT UNPACKING pc=0x000002bf074a7da2 sp=0x000000f90b1fd458 mode 2
Event: 150.668 Thread 0x000002bf79692b30 Uncommon trap: trap_request=0xffffff45 fr.pc=0x000002bf07d9a700 relative=0x00000000000011c0
Event: 150.668 Thread 0x000002bf79692b30 Uncommon trap: reason=unstable_if action=reinterpret pc=0x000002bf07d9a700 method=com.seibel.distanthorizons.common.render.openGl.glObject.buffer.GLBuffer.destroyBufferIdNow(I)V @ 27 c2
Event: 150.668 Thread 0x000002bf79692b30 DEOPT PACKING pc=0x000002bf07d9a700 sp=0x000000f90b1fd400
Event: 150.668 Thread 0x000002bf79692b30 DEOPT UNPACKING pc=0x000002bf074a7da2 sp=0x000000f90b1fd380 mode 2

Classes loaded (20 events):
Event: 44.313 Loading class java/util/concurrent/CompletableFuture$Delayer$DaemonThreadFactory
Event: 44.313 Loading class java/util/concurrent/CompletableFuture$Delayer$DaemonThreadFactory done
Event: 44.476 Loading class java/lang/FdLibm$Acos
Event: 44.476 Loading class java/lang/FdLibm$Acos done
Event: 44.902 Loading class java/util/IdentityHashMap$KeySpliterator
Event: 44.902 Loading class java/util/IdentityHashMap$KeySpliterator done
Event: 46.266 Loading class java/util/BitSet$1BitSetSpliterator
Event: 46.266 Loading class java/util/BitSet$1BitSetSpliterator done
Event: 47.431 Loading class java/util/concurrent/ConcurrentHashMap$MapReduceEntriesTask
Event: 47.431 Loading class java/util/concurrent/ConcurrentHashMap$BulkTask
Event: 47.431 Loading class java/util/concurrent/ConcurrentHashMap$BulkTask done
Event: 47.431 Loading class java/util/concurrent/ConcurrentHashMap$MapReduceEntriesTask done
Event: 51.488 Loading class java/lang/FdLibm$Cbrt
Event: 51.488 Loading class java/lang/FdLibm$Cbrt done
Event: 59.163 Loading class java/util/DualPivotQuicksort$Sorter
Event: 59.163 Loading class java/util/DualPivotQuicksort$Sorter done
Event: 133.504 Loading class java/util/WeakHashMap$KeySpliterator
Event: 133.504 Loading class java/util/WeakHashMap$WeakHashMapSpliterator
Event: 133.504 Loading class java/util/WeakHashMap$WeakHashMapSpliterator done
Event: 133.504 Loading class java/util/WeakHashMap$KeySpliterator done

Classes unloaded (20 events):
Event: 59.958 Thread 0x000002bf26c60f70 Unloading class 0x0000000802fab800 'java/lang/invoke/LambdaForm$DMH+0x0000000802fab800'
Event: 59.958 Thread 0x000002bf26c60f70 Unloading class 0x0000000802fac800 'java/lang/invoke/LambdaForm$DMH+0x0000000802fac800'
Event: 59.958 Thread 0x000002bf26c60f70 Unloading class 0x0000000802fac400 'java/lang/invoke/LambdaForm$DMH+0x0000000802fac400'
Event: 59.958 Thread 0x000002bf26c60f70 Unloading class 0x0000000802facc00 'java/lang/invoke/LambdaForm$DMH+0x0000000802facc00'
Event: 59.958 Thread 0x000002bf26c60f70 Unloading class 0x0000000802fabc00 'java/lang/invoke/LambdaForm$DMH+0x0000000802fabc00'
Event: 59.958 Thread 0x000002bf26c60f70 Unloading class 0x0000000802fab000 'java/lang/invoke/LambdaForm$DMH+0x0000000802fab000'
Event: 59.959 Thread 0x000002bf26c60f70 Unloading class 0x0000000802fab400 'java/lang/invoke/LambdaForm$DMH+0x0000000802fab400'
Event: 59.959 Thread 0x000002bf26c60f70 Unloading class 0x0000000802faac00 'java/lang/invoke/LambdaForm$DMH+0x0000000802faac00'
Event: 59.959 Thread 0x000002bf26c60f70 Unloading class 0x0000000802faa400 'java/lang/invoke/LambdaForm$DMH+0x0000000802faa400'
Event: 59.959 Thread 0x000002bf26c60f70 Unloading class 0x0000000802fa9800 'java/lang/invoke/LambdaForm$DMH+0x0000000802fa9800'
Event: 59.959 Thread 0x000002bf26c60f70 Unloading class 0x0000000802faa000 'java/lang/invoke/LambdaForm$DMH+0x0000000802faa000'
Event: 59.959 Thread 0x000002bf26c60f70 Unloading class 0x0000000802fa9000 'java/lang/invoke/LambdaForm$DMH+0x0000000802fa9000'
Event: 59.959 Thread 0x000002bf26c60f70 Unloading class 0x0000000802fa8c00 'java/lang/invoke/LambdaForm$DMH+0x0000000802fa8c00'
Event: 59.959 Thread 0x000002bf26c60f70 Unloading class 0x0000000802fa8800 'java/lang/invoke/LambdaForm$DMH+0x0000000802fa8800'
Event: 59.959 Thread 0x000002bf26c60f70 Unloading class 0x0000000802fa9400 'java/lang/invoke/LambdaForm$DMH+0x0000000802fa9400'
Event: 59.959 Thread 0x000002bf26c60f70 Unloading class 0x0000000802fa9c00 'java/lang/invoke/LambdaForm$DMH+0x0000000802fa9c00'
Event: 59.959 Thread 0x000002bf26c60f70 Unloading class 0x0000000802fa8400 'java/lang/invoke/LambdaForm$DMH+0x0000000802fa8400'
Event: 59.959 Thread 0x000002bf26c60f70 Unloading class 0x0000000802f70c00 'java/lang/invoke/LambdaForm$DMH+0x0000000802f70c00'
Event: 59.959 Thread 0x000002bf26c60f70 Unloading class 0x0000000802f70800 'java/lang/invoke/LambdaForm$DMH+0x0000000802f70800'
Event: 59.959 Thread 0x000002bf26c60f70 Unloading class 0x0000000802f70400 'java/lang/invoke/LambdaForm$DMH+0x0000000802f70400'

Classes redefined (0 events):
No events

Internal exceptions (20 events):
Event: 150.206 Thread 0x000002bf4274a040 Exception <a 'java/lang/NullPointerException'{0x00000005c689f5b0}> (0x00000005c689f5b0) 
thrown [s\src\hotspot\share\runtime\sharedRuntime.cpp, line 625]
Event: 150.206 Thread 0x000002bf4274a040 Implicit null exception at 0x000002bf02a0b63a to 0x000002bf02a0d7f5
Event: 150.206 Thread 0x000002bf4274a040 Exception <a 'java/lang/NullPointerException'{0x00000005c68a6f28}> (0x00000005c68a6f28) 
thrown [s\src\hotspot\share\runtime\sharedRuntime.cpp, line 625]
Event: 150.206 Thread 0x000002bf4274a040 Implicit null exception at 0x000002bf02a0b63a to 0x000002bf02a0d7f5
Event: 150.206 Thread 0x000002bf4274a040 Exception <a 'java/lang/NullPointerException'{0x00000005c68ae8a0}> (0x00000005c68ae8a0) 
thrown [s\src\hotspot\share\runtime\sharedRuntime.cpp, line 625]
Event: 150.206 Thread 0x000002bf4274a040 Implicit null exception at 0x000002bf02a0b63a to 0x000002bf02a0d7f5
Event: 150.206 Thread 0x000002bf4274a040 Exception <a 'java/lang/NullPointerException'{0x00000005c68b6218}> (0x00000005c68b6218) 
thrown [s\src\hotspot\share\runtime\sharedRuntime.cpp, line 625]
Event: 150.206 Thread 0x000002bf4274a040 Implicit null exception at 0x000002bf02a0b63a to 0x000002bf02a0d7f5
Event: 150.206 Thread 0x000002bf4274a040 Exception <a 'java/lang/NullPointerException'{0x00000005c68bdb90}> (0x00000005c68bdb90) 
thrown [s\src\hotspot\share\runtime\sharedRuntime.cpp, line 625]
Event: 150.206 Thread 0x000002bf4274a040 Implicit null exception at 0x000002bf02a0b63a to 0x000002bf02a0d7f5
Event: 150.206 Thread 0x000002bf4274a040 Exception <a 'java/lang/NullPointerException'{0x00000005c68c5508}> (0x00000005c68c5508) 
thrown [s\src\hotspot\share\runtime\sharedRuntime.cpp, line 625]
Event: 150.206 Thread 0x000002bf4274a040 Implicit null exception at 0x000002bf02a0b63a to 0x000002bf02a0d7f5
Event: 150.206 Thread 0x000002bf4274a040 Exception <a 'java/lang/NullPointerException'{0x00000005c68ccfa0}> (0x00000005c68ccfa0) 
thrown [s\src\hotspot\share\runtime\sharedRuntime.cpp, line 625]
Event: 150.206 Thread 0x000002bf4274a040 Implicit null exception at 0x000002bf02a0b63a to 0x000002bf02a0d7f5
Event: 150.206 Thread 0x000002bf4274a040 Exception <a 'java/lang/NullPointerException'{0x00000005c68d4918}> (0x00000005c68d4918) 
thrown [s\src\hotspot\share\runtime\sharedRuntime.cpp, line 625]
Event: 150.206 Thread 0x000002bf4274a040 Implicit null exception at 0x000002bf02a0b63a to 0x000002bf02a0d7f5
Event: 150.206 Thread 0x000002bf4274a040 Exception <a 'java/lang/NullPointerException'{0x00000005c68dc290}> (0x00000005c68dc290) 
thrown [s\src\hotspot\share\runtime\sharedRuntime.cpp, line 625]
Event: 150.209 Thread 0x000002bf431fa450 Exception <a 'sun/nio/fs/WindowsException'{0x00000005c5800850}> (0x00000005c5800850) 
thrown [s\src\hotspot\share\prims\jni.cpp, line 520]
Event: 150.222 Thread 0x000002bf4274ba80 Exception <a 'sun/nio/fs/WindowsException'{0x00000005c2002d48}> (0x00000005c2002d48) 
thrown [s\src\hotspot\share\prims\jni.cpp, line 520]
Event: 150.668 Thread 0x000002bf79692b30 Implicit null exception at 0x000002bf07d99673 to 0x000002bf07d9a6dd

ZGC Phase Switch (0 events):
No events

VM Operations (20 events):
Event: 144.344 Executing VM operation: G1CollectForAllocation (G1 Evacuation Pause)
Event: 144.359 Executing VM operation: G1CollectForAllocation (G1 Evacuation Pause) done
Event: 144.998 Executing VM operation: G1CollectForAllocation (G1 Evacuation Pause)
Event: 145.012 Executing VM operation: G1CollectForAllocation (G1 Evacuation Pause) done
Event: 145.560 Executing VM operation: G1CollectForAllocation (G1 Evacuation Pause)
Event: 145.576 Executing VM operation: G1CollectForAllocation (G1 Evacuation Pause) done
Event: 146.576 Executing VM operation: Cleanup
Event: 146.576 Executing VM operation: Cleanup done
Event: 146.685 Executing VM operation: G1CollectForAllocation (G1 Evacuation Pause)
Event: 146.698 Executing VM operation: G1CollectForAllocation (G1 Evacuation Pause) done
Event: 147.698 Executing VM operation: Cleanup
Event: 147.698 Executing VM operation: Cleanup done
Event: 147.711 Executing VM operation: G1CollectForAllocation (G1 Evacuation Pause)
Event: 147.723 Executing VM operation: G1CollectForAllocation (G1 Evacuation Pause) done
Event: 148.477 Executing VM operation: G1CollectForAllocation (G1 Evacuation Pause)
Event: 148.490 Executing VM operation: G1CollectForAllocation (G1 Evacuation Pause) done
Event: 149.194 Executing VM operation: G1CollectForAllocation (G1 Evacuation Pause)
Event: 149.209 Executing VM operation: G1CollectForAllocation (G1 Evacuation Pause) done
Event: 150.112 Executing VM operation: G1CollectForAllocation (G1 Evacuation Pause)
Event: 150.126 Executing VM operation: G1CollectForAllocation (G1 Evacuation Pause) done

Memory protections (0 events):
No events

Nmethod flushes (20 events):
Event: 117.740 Thread 0x000002bf26c60f70 flushing  nmethod 0x000002bf01e56490
Event: 117.740 Thread 0x000002bf26c60f70 flushing  nmethod 0x000002bf01e5ee90
Event: 117.740 Thread 0x000002bf26c60f70 flushing  nmethod 0x000002bf01e79c90
Event: 117.740 Thread 0x000002bf26c60f70 flushing  nmethod 0x000002bf02784990
Event: 117.740 Thread 0x000002bf26c60f70 flushing  nmethod 0x000002bf02d90a90
Event: 117.740 Thread 0x000002bf26c60f70 flushing  nmethod 0x000002bf02f53b10
Event: 117.740 Thread 0x000002bf26c60f70 flushing  nmethod 0x000002bf02f69990
Event: 117.740 Thread 0x000002bf26c60f70 flushing  nmethod 0x000002bf032ed490
Event: 117.740 Thread 0x000002bf26c60f70 flushing  nmethod 0x000002bf03433210
Event: 117.740 Thread 0x000002bf26c60f70 flushing  nmethod 0x000002bf0aa63110
Event: 117.740 Thread 0x000002bf26c60f70 flushing  nmethod 0x000002bf00d78510
Event: 117.740 Thread 0x000002bf26c60f70 flushing  nmethod 0x000002bf00d95890
Event: 117.740 Thread 0x000002bf26c60f70 flushing  nmethod 0x000002bf015b2b10
Event: 117.740 Thread 0x000002bf26c60f70 flushing  nmethod 0x000002bf02f92e10
Event: 117.740 Thread 0x000002bf26c60f70 flushing  nmethod 0x000002bf0052e690
Event: 117.740 Thread 0x000002bf26c60f70 flushing  nmethod 0x000002bf0282da90
Event: 117.740 Thread 0x000002bf26c60f70 flushing  nmethod 0x000002bf02d23990
Event: 117.740 Thread 0x000002bf26c60f70 flushing  nmethod 0x000002bf03657f10
Event: 117.740 Thread 0x000002bf26c60f70 flushing  nmethod 0x000002bf03678d90
Event: 117.740 Thread 0x000002bf26c60f70 flushing  nmethod 0x000002bf0387d890

Events (20 events):
Event: 147.925 Thread 0x000002bf413da2e0 Thread exited: 0x000002bf413da2e0
Event: 147.925 Thread 0x000002bf413d8e70 Thread exited: 0x000002bf413d8e70
Event: 148.172 Thread 0x000002bf413d6c60 Thread exited: 0x000002bf413d6c60
Event: 149.129 Thread 0x000002bf26d06fd0 Thread added: 0x000002bf413d8e70
Event: 149.515 Thread 0x000002bf413d8e70 Thread exited: 0x000002bf413d8e70
Event: 149.668 Thread 0x000002bf26d07e70 Thread added: 0x000002bf413d7a00
Event: 150.222 Thread 0x000002bf413d7a00 Thread exited: 0x000002bf413d7a00
Event: 150.223 Thread 0x000002bf26d07e70 Thread added: 0x000002bf413da2e0
Event: 150.223 Thread 0x000002bf26d07e70 Thread added: 0x000002bf413d7a00
Event: 150.223 Thread 0x000002bf26d07e70 Thread added: 0x000002bf413d6c60
Event: 150.223 Thread 0x000002bf26d07e70 Thread added: 0x000002bf413dc4f0
Event: 150.223 Thread 0x000002bf26d07e70 Thread added: 0x000002bf413d8e70
Event: 150.223 Thread 0x000002bf26d07e70 Thread added: 0x000002bf413db080
Event: 150.224 Thread 0x000002bf26d07e70 Thread added: 0x000002c023b89250
Event: 150.239 Thread 0x000002bf413dc4f0 Thread added: 0x000002c023b87de0
Event: 150.502 Thread 0x000002c023b89250 Thread exited: 0x000002c023b89250
Event: 150.666 Thread 0x000002bf413db080 Thread exited: 0x000002bf413db080
Event: 150.666 Thread 0x000002bf413d8e70 Thread exited: 0x000002bf413d8e70
Event: 150.666 Thread 0x000002bf413dc4f0 Thread exited: 0x000002bf413dc4f0
Event: 150.666 Thread 0x000002bf413d6c60 Thread exited: 0x000002bf413d6c60


Dynamic libraries:
0x00007ff71f6c0000 - 0x00007ff71f6ce000 	C:\Users\justi\AppData\Roaming\PrismLauncher\java\java-runtime-delta\bin\javaw.exe
0x00007ffe014e0000 - 0x00007ffe01747000 	C:\WINDOWS\SYSTEM32\ntdll.dll
0x00007ffe00a90000 - 0x00007ffe00b59000 	C:\WINDOWS\System32\KERNEL32.DLL
0x00007ffdfe1a0000 - 0x00007ffdfe594000 	C:\WINDOWS\System32\KERNELBASE.dll
0x00007ffdfe050000 - 0x00007ffdfe19b000 	C:\WINDOWS\System32\ucrtbase.dll
0x00007ffde6c80000 - 0x00007ffde6c98000 	C:\Users\justi\AppData\Roaming\PrismLauncher\java\java-runtime-delta\bin\jli.dll
0x00007ffdf9090000 - 0x00007ffdf90ad000 	C:\Users\justi\AppData\Roaming\PrismLauncher\java\java-runtime-delta\bin\VCRUNTIME140.dll
0x00007ffdff790000 - 0x00007ffdff955000 	C:\WINDOWS\System32\USER32.dll
0x00007ffdfe7d0000 - 0x00007ffdfe7f7000 	C:\WINDOWS\System32\win32u.dll
0x00007ffdff760000 - 0x00007ffdff78b000 	C:\WINDOWS\System32\GDI32.dll
0x00007ffde53b0000 - 0x00007ffde5643000 	C:\WINDOWS\WinSxS\amd64_microsoft.windows.common-controls_6595b64144ccf1df_6.0.26100.8115_none_3e075c82e3354f9c\COMCTL32.dll
0x00007ffdfddb0000 - 0x00007ffdfdedb000 	C:\WINDOWS\System32\gdi32full.dll
0x00007ffdfe8c0000 - 0x00007ffdfe963000 	C:\WINDOWS\System32\msvcp_win.dll
0x00007ffe01160000 - 0x00007ffe01209000 	C:\WINDOWS\System32\msvcrt.dll
0x00007ffdff960000 - 0x00007ffdff992000 	C:\WINDOWS\System32\IMM32.DLL
0x00007ffdea160000 - 0x00007ffdea16c000 	C:\Users\justi\AppData\Roaming\PrismLauncher\java\java-runtime-delta\bin\vcruntime140_1.dll
0x00007ffddde10000 - 0x00007ffddde9d000 	C:\Users\justi\AppData\Roaming\PrismLauncher\java\java-runtime-delta\bin\msvcp140.dll
0x00007ffce36d0000 - 0x00007ffce4468000 	C:\Users\justi\AppData\Roaming\PrismLauncher\java\java-runtime-delta\bin\server\jvm.dll
0x00007ffdff9a0000 - 0x00007ffdffa56000 	C:\WINDOWS\System32\ADVAPI32.dll
0x00007ffe00c20000 - 0x00007ffe00cc7000 	C:\WINDOWS\System32\sechost.dll
0x00007ffe01380000 - 0x00007ffe01498000 	C:\WINDOWS\System32\RPCRT4.dll
0x00007ffe00a00000 - 0x00007ffe00a80000 	C:\WINDOWS\System32\WS2_32.dll
0x00007ffdfd7a0000 - 0x00007ffdfd7fe000 	C:\WINDOWS\SYSTEM32\POWRPROF.dll
0x00007ffdf0be0000 - 0x00007ffdf0c16000 	C:\WINDOWS\SYSTEM32\WINMM.dll
0x00007ffdf7ce0000 - 0x00007ffdf7ceb000 	C:\WINDOWS\SYSTEM32\VERSION.dll
0x00007ffdfd680000 - 0x00007ffdfd694000 	C:\WINDOWS\SYSTEM32\UMPDC.dll
0x00007ffdfcb20000 - 0x00007ffdfcb3b000 	C:\WINDOWS\SYSTEM32\kernel.appcore.dll
0x00007ffde40b0000 - 0x00007ffde40ba000 	C:\Users\justi\AppData\Roaming\PrismLauncher\java\java-runtime-delta\bin\jimage.dll
0x00007ffdfb590000 - 0x00007ffdfb7d2000 	C:\WINDOWS\SYSTEM32\DBGHELP.DLL
0x00007ffdffe20000 - 0x00007ffe001a2000 	C:\WINDOWS\System32\combase.dll
0x00007ffe001b0000 - 0x00007ffe00288000 	C:\WINDOWS\System32\OLEAUT32.dll
0x00007ffde0580000 - 0x00007ffde05bb000 	C:\WINDOWS\SYSTEM32\dbgcore.DLL
0x00007ffdfe5a0000 - 0x00007ffdfe645000 	C:\WINDOWS\System32\bcryptPrimitives.dll
0x00007ffde3540000 - 0x00007ffde3560000 	C:\Users\justi\AppData\Roaming\PrismLauncher\java\java-runtime-delta\bin\java.dll
0x00007ffde0be0000 - 0x00007ffde0bf8000 	C:\Users\justi\AppData\Roaming\PrismLauncher\java\java-runtime-delta\bin\zip.dll
0x00007ffe00290000 - 0x00007ffe009f7000 	C:\WINDOWS\System32\SHELL32.dll
0x00007ffdfdee0000 - 0x00007ffdfe04a000 	C:\WINDOWS\System32\wintypes.dll
0x00007ffdfea00000 - 0x00007ffdff268000 	C:\WINDOWS\System32\windows.storage.dll
0x00007ffdff2c0000 - 0x00007ffdff3b8000 	C:\WINDOWS\System32\SHCORE.dll
0x00007ffe01310000 - 0x00007ffe01376000 	C:\WINDOWS\System32\shlwapi.dll
0x00007ffdfdcd0000 - 0x00007ffdfdcf9000 	C:\WINDOWS\SYSTEM32\profapi.dll
0x00007ffddcc80000 - 0x00007ffddcd56000 	C:\Users\justi\AppData\Roaming\PrismLauncher\java\java-runtime-delta\bin\jsvml.dll
0x00007ffde40a0000 - 0x00007ffde40b0000 	C:\Users\justi\AppData\Roaming\PrismLauncher\java\java-runtime-delta\bin\net.dll
0x00007ffdf23c0000 - 0x00007ffdf24ed000 	C:\WINDOWS\SYSTEM32\WINHTTP.dll
0x00007ffdfd0b0000 - 0x00007ffdfd11c000 	C:\WINDOWS\system32\mswsock.dll
0x00007ffde02d0000 - 0x00007ffde02e6000 	C:\Users\justi\AppData\Roaming\PrismLauncher\java\java-runtime-delta\bin\nio.dll
0x00007ffdfd390000 - 0x00007ffdfd3ab000 	C:\WINDOWS\SYSTEM32\CRYPTSP.dll
0x00007ffdfca80000 - 0x00007ffdfcab9000 	C:\WINDOWS\system32\rsaenh.dll
0x00007ffdfd160000 - 0x00007ffdfd193000 	C:\WINDOWS\SYSTEM32\USERENV.dll
0x00007ffdfdca0000 - 0x00007ffdfdcca000 	C:\WINDOWS\SYSTEM32\bcrypt.dll
0x00007ffdfd3b0000 - 0x00007ffdfd3bc000 	C:\WINDOWS\SYSTEM32\CRYPTBASE.dll
0x00007ffdfc4f0000 - 0x00007ffdfc522000 	C:\WINDOWS\SYSTEM32\IPHLPAPI.DLL
0x00007ffe01270000 - 0x00007ffe0127a000 	C:\WINDOWS\System32\NSI.dll
0x00007ffde2140000 - 0x00007ffde2150000 	C:\Users\justi\AppData\Roaming\PrismLauncher\java\java-runtime-delta\bin\verify.dll
0x00007ffde1c90000 - 0x00007ffde1c9a000 	C:\Users\justi\AppData\Roaming\PrismLauncher\java\java-runtime-delta\bin\management.dll
0x00007ffde1250000 - 0x00007ffde125b000 	C:\Users\justi\AppData\Roaming\PrismLauncher\java\java-runtime-delta\bin\management_ext.dll
0x00007ffdffd00000 - 0x00007ffdffd08000 	C:\WINDOWS\System32\PSAPI.DLL
0x00007ffde1a70000 - 0x00007ffde1a88000 	C:\WINDOWS\system32\napinsp.dll
0x00007ffdfc580000 - 0x00007ffdfc6b2000 	C:\WINDOWS\SYSTEM32\DNSAPI.dll
0x00007ffde24a0000 - 0x00007ffde24b3000 	C:\WINDOWS\System32\winrnr.dll
0x00007ffde2660000 - 0x00007ffde2682000 	C:\WINDOWS\system32\nlansp_c.dll
0x00007ffde2600000 - 0x00007ffde2616000 	C:\WINDOWS\system32\wshbth.dll
0x00007ffdf1c90000 - 0x00007ffdf1d16000 	C:\WINDOWS\System32\fwpuclnt.dll
0x00007ffdf0b60000 - 0x00007ffdf0b6b000 	C:\Windows\System32\rasadhlp.dll
0x00007ffddcae0000 - 0x00007ffddcb5b000 	C:\Users\justi\AppData\Local\Temp\lwjgl_justi\3.3.3+5\x64\lwjgl.dll
0x00007ffddca50000 - 0x00007ffddcad2000 	C:\Users\justi\AppData\Local\Temp\lwjgl_justi\3.3.3+5\x64\glfw.dll
0x00007ffd02290000 - 0x00007ffd022db000 	C:\WINDOWS\SYSTEM32\dinput8.dll
0x00007ffdf90b0000 - 0x00007ffdf90ce000 	C:\WINDOWS\SYSTEM32\xinput1_4.dll
0x00007ffdfda40000 - 0x00007ffdfda91000 	C:\WINDOWS\SYSTEM32\cfgmgr32.dll
0x00007ffdfda10000 - 0x00007ffdfda3d000 	C:\WINDOWS\SYSTEM32\DEVOBJ.dll
0x00007ffdfbb50000 - 0x00007ffdfbb7f000 	C:\WINDOWS\SYSTEM32\dwmapi.dll
0x00007ffddb480000 - 0x00007ffddb663000 	C:\WINDOWS\SYSTEM32\inputhost.dll
0x00007ffdfae90000 - 0x00007ffdfafb7000 	C:\WINDOWS\SYSTEM32\CoreMessaging.dll
0x00007ffdfb390000 - 0x00007ffdfb439000 	C:\WINDOWS\system32\uxtheme.dll
0x00007ffdff420000 - 0x00007ffdff57c000 	C:\WINDOWS\System32\MSCTF.dll
0x00007ffd69750000 - 0x00007ffd6985f000 	C:\WINDOWS\SYSTEM32\opengl32.dll
0x00007ffd76a10000 - 0x00007ffd76a3d000 	C:\WINDOWS\SYSTEM32\GLU32.dll
0x00007ffdfb540000 - 0x00007ffdfb583000 	C:\WINDOWS\SYSTEM32\dxcore.dll
0x00007ffde02b0000 - 0x00007ffde02cd000 	C:\WINDOWS\SYSTEM32\windows.staterepositorycore.dll
0x00007ffcfb490000 - 0x00007ffcfddb5000 	C:\WINDOWS\System32\DriverStore\FileRepository\nv_dispig.inf_amd64_f4c7a2fd13e0f763\nvoglv64.dll
0x00007ffe00cd0000 - 0x00007ffe01157000 	C:\WINDOWS\System32\SETUPAPI.dll
0x00007ffdffb60000 - 0x00007ffdffcf7000 	C:\WINDOWS\System32\ole32.dll
0x00007ffdfb330000 - 0x00007ffdfb359000 	C:\WINDOWS\SYSTEM32\WTSAPI32.dll
0x00007ffdfe650000 - 0x00007ffdfe7c7000 	C:\WINDOWS\System32\CRYPT32.dll
0x00007ffdfcde0000 - 0x00007ffdfce29000 	C:\WINDOWS\SYSTEM32\SspiCli.dll
0x00007ffdfd400000 - 0x00007ffdfd413000 	C:\WINDOWS\SYSTEM32\msasn1.dll
0x00007ffdf7a50000 - 0x00007ffdf7a8b000 	C:\WINDOWS\SYSTEM32\cryptnet.dll
0x00007ffdfd4e0000 - 0x00007ffdfd548000 	C:\WINDOWS\SYSTEM32\wldp.dll
0x00007ffdf78a0000 - 0x00007ffdf7a18000 	C:\WINDOWS\SYSTEM32\drvstore.dll
0x00007ffdfe970000 - 0x00007ffdfe9f2000 	C:\WINDOWS\System32\WINTRUST.dll
0x00007ffdfcc60000 - 0x00007ffdfcc96000 	C:\WINDOWS\SYSTEM32\ntmarta.dll
0x00007ffe01240000 - 0x00007ffe01260000 	C:\WINDOWS\System32\imagehlp.dll
0x00007ffdf24f0000 - 0x00007ffdf71ef000 	C:\WINDOWS\System32\DriverStore\FileRepository\nv_dispig.inf_amd64_f4c7a2fd13e0f763\nvgpucomp64.dll
0x00007ffdfd470000 - 0x00007ffdfd4d2000 	C:\WINDOWS\SYSTEM32\WINSTA.dll
0x00007ffdd6360000 - 0x00007ffdd65d0000 	C:\Users\justi\AppData\Local\Temp\lwjgl_justi\3.3.3+5\x64\jemalloc.dll
0x00007ffddb720000 - 0x00007ffddb7a2000 	C:\Users\justi\AppData\Local\Temp\lwjgl_justi\3.3.3+5\x64\lwjgl_stb.dll
0x00007ffde7770000 - 0x00007ffde782f000 	C:\WINDOWS\SYSTEM32\mscms.dll
0x00007ffdba4a0000 - 0x00007ffdba4e9000 	C:\WINDOWS\SYSTEM32\icm32.dll
0x00007ffddd9d0000 - 0x00007ffdddb18000 	C:\WINDOWS\SYSTEM32\textinputframework.dll
0x00007ffdf8450000 - 0x00007ffdf8732000 	C:\WINDOWS\SYSTEM32\CoreUIComponents.dll
0x00007ffe00b60000 - 0x00007ffe00c0e000 	C:\WINDOWS\System32\clbcatq.dll
0x00007ffddd610000 - 0x00007ffddd66e000 	C:\Users\justi\AppData\Local\Temp\lwjgl_justi\3.3.3+5\x64\lwjgl_opengl.dll
0x00007ffdea100000 - 0x00007ffdea156000 	C:\WINDOWS\SYSTEM32\pdh.dll
0x00007ffdf90e0000 - 0x00007ffdf90f2000 	C:\WINDOWS\System32\perfproc.dll
0x00007ffde0680000 - 0x00007ffde0691000 	C:\WINDOWS\System32\perfos.dll
0x00007ffdf9250000 - 0x00007ffdf9262000 	C:\WINDOWS\SYSTEM32\pfclient.dll
0x00007ffdd62b0000 - 0x00007ffdd62f5000 	C:\Users\justi\AppData\Local\Temp\jna-101492989\jna7032447384381657094.dll
0x00007ffdda4c0000 - 0x00007ffdda4dd000 	C:\WINDOWS\SYSTEM32\amsi.dll
0x00007ffdda360000 - 0x00007ffdda402000 	C:\ProgramData\Microsoft\Windows Defender\Platform\4.18.26030.3011-0\MpOav.dll
0x00007ffde0bd0000 - 0x00007ffde0bde000 	C:\Users\justi\AppData\Roaming\PrismLauncher\java\java-runtime-delta\bin\sunmscapi.dll
0x00007ffdfd640000 - 0x00007ffdfd670000 	C:\WINDOWS\SYSTEM32\ncrypt.dll
0x00007ffdfd5d0000 - 0x00007ffdfd60f000 	C:\WINDOWS\SYSTEM32\NTASN1.dll
0x00007ffde0100000 - 0x00007ffde0109000 	C:\Users\justi\AppData\Roaming\PrismLauncher\java\java-runtime-delta\bin\extnet.dll
0x00007ffd07ca0000 - 0x00007ffd07e2e000 	C:\Users\justi\AppData\Roaming\PrismLauncher\java\java-runtime-delta\bin\awt.dll
0x00007ffdfb270000 - 0x00007ffdfb30f000 	C:\WINDOWS\SYSTEM32\apphelp.dll
0x00007ffd03870000 - 0x00007ffd03a37000 	C:\Users\justi\AppData\Local\Temp\lwjgl_justi\3.3.3+5\x64\OpenAL.dll
0x00007ffdea720000 - 0x00007ffdea7b7000 	C:\WINDOWS\System32\MMDevApi.dll
0x00007ffccbce0000 - 0x00007ffcccc07000 	C:\Users\justi\AppData\Local\Temp\imgui-java-natives\1.88.0\imgui-java64.dll
0x00007ffcf8380000 - 0x00007ffcf84f3000 	C:\WINDOWS\System32\Speech\Common\sapi.dll
0x00007ffdc4180000 - 0x00007ffdc4188000 	C:\WINDOWS\system32\wshunix.dll
0x00007ffd01810000 - 0x00007ffd01931000 	C:\Users\justi\AppData\Local\Temp\libzstd-jni_dh-1.5.7-615134046202405547110.dll
0x00007ffdd91d0000 - 0x00007ffdd9247000 	C:\Users\justi\AppData\Local\Temp\libopus4j-9783d0e001158567d1e08f6bb3b2c5b5\libopus4j.dll
0x00007ffdde2c0000 - 0x00007ffdde2dc000 	C:\Users\justi\AppData\Local\Temp\librnnoise4j-40cc1fdd40ca1100a850ddee14466799\librnnoise4j.dll
0x00007ffddddf0000 - 0x00007ffddde0f000 	C:\Users\justi\AppData\Local\Temp\libspeex4j-e39751f08962f3611e66c90baf107894\libspeex4j.dll
0x00007ffddb2e0000 - 0x00007ffddb333000 	C:\Users\justi\AppData\Local\Temp\liblame4j-290c3436fe9f7c2b8e165ddcb5ad66ce\liblame4j.dll
0x00007ffd01710000 - 0x00007ffd01809000 	C:\Users\justi\AppData\Local\Temp\sqlite-3.47.2.0-820c542f-6bb9-48d4-8f4b-6da243d99012-sqlitejdbc.dll
0x00007ffde8cb0000 - 0x00007ffde8e62000 	C:\WINDOWS\SYSTEM32\AUDIOSES.DLL
0x00007ffdfbdb0000 - 0x00007ffdfbdc4000 	C:\WINDOWS\SYSTEM32\resourcepolicyclient.dll

dbghelp: loaded successfully - version: 4.0.5 - missing functions: none
symbol engine: initialized successfully - sym options: 0x614 - pdb path: .;C:\Users\justi\AppData\Roaming\PrismLauncher\java\java-runtime-delta\bin;C:\WINDOWS\SYSTEM32;C:\WINDOWS\WinSxS\amd64_microsoft.windows.common-controls_6595b64144ccf1df_6.0.26100.8115_none_3e075c82e3354f9c;C:\Users\justi\AppData\Roaming\PrismLauncher\java\java-runtime-delta\bin\server;C:\Users\justi\AppData\Local\Temp\lwjgl_justi\3.3.3+5\x64;C:\WINDOWS\System32\DriverStore\FileRepository\nv_dispig.inf_amd64_f4c7a2fd13e0f763;C:\Users\justi\AppData\Local\Temp\jna-101492989;C:\ProgramData\Microsoft\Windows Defender\Platform\4.18.26030.3011-0;C:\Users\justi\AppData\Local\Temp\imgui-java-natives\1.88.0;C:\WINDOWS\System32\Speech\Common;C:\Users\justi\AppData\Local\Temp;C:\Users\justi\AppData\Local\Temp\libopus4j-9783d0e001158567d1e08f6bb3b2c5b5;C:\Users\justi\AppData\Local\Temp\librnnoise4j-40cc1fdd40ca1100a850ddee14466799;C:\Users\justi\AppData\Local\Temp\libspeex4j-e39751f08962f3611e66c90baf107894;C:\Users\justi\AppData\Local\Temp\liblame4j-290c3436fe9f7c2b8e165ddcb5ad66ce

VM Arguments:
jvm_args: -XX:HeapDumpPath=MojangTricksIntelDriversForPerformance_javaw.exe_minecraft.exe.heapdump -Xms512m -Xmx16384m -Duser.language=en -Djava.library.path=C:/Users/justi/AppData/Roaming/PrismLauncher/instances/Optimized fps/natives 
java_command: org.prismlauncher.EntryPoint
java_class_path (initial): C:/Users/justi/AppData/Local/Programs/PrismLauncher/jars/NewLaunch.jar;C:/Users/justi/AppData/Roaming/PrismLauncher/libraries/org/lwjgl/lwjgl-freetype-natives-windows-arm64/3.3.3/lwjgl-freetype-natives-windows-arm64-3.3.3.jar;C:/Users/justi/AppData/Roaming/PrismLauncher/libraries/org/lwjgl/lwjgl-freetype-natives-windows-x86/3.3.3/lwjgl-freetype-natives-windows-x86-3.3.3.jar;C:/Users/justi/AppData/Roaming/PrismLauncher/libraries/org/lwjgl/lwjgl-freetype-natives-windows/3.3.3/lwjgl-freetype-natives-windows-3.3.3.jar;C:/Users/justi/AppData/Roaming/PrismLauncher/libraries/org/lwjgl/lwjgl-freetype/3.3.3/lwjgl-freetype-3.3.3.jar;C:/Users/justi/AppData/Roaming/PrismLauncher/libraries/org/lwjgl/lwjgl-glfw-natives-windows-arm64/3.3.3/lwjgl-glfw-natives-windows-arm64-3.3.3.jar;C:/Users/justi/AppData/Roaming/PrismLauncher/libraries/org/lwjgl/lwjgl-glfw-natives-windows-x86/3.3.3/lwjgl-glfw-natives-windows-x86-3.3.3.jar;C:/Users/justi/AppData/Roaming/PrismLauncher/libraries/org/lwjgl/lwjgl-glfw-natives-windows/3.3.3/lwjgl-glfw-natives-windows-3.3.3.jar;C:/Users/justi/AppData/Roaming/PrismLauncher/libraries/org/lwjgl/lwjgl-glfw/3.3.3/lwjgl-glfw-3.3.3.jar;C:/Users/justi/AppData/Roaming/PrismLauncher/libraries/org/lwjgl/lwjgl-jemalloc-natives-windows-arm64/3.3.3/lwjgl-jemalloc-natives-windows-arm64-3.3.3.jar;C:/Users/justi/AppData/Roaming/PrismLauncher/libraries/org/lwjgl/lwjgl-jemalloc-natives-windows-x86/3.3.3/lwjgl-jemalloc-natives-windows-x86-3.3.3.jar;C:/Users/justi/AppData/Roaming/PrismLauncher/libraries/org/lwjgl/lwjgl-jemalloc-natives-windows/3.3.3/lwjgl-jemalloc-natives-windows-3.3.3.jar;C:/Users/justi/AppData/Roaming/PrismLauncher/libraries/org/lwjgl/lwjgl-jemalloc/3.3.3/lwjgl-jemalloc-3.3.3.jar;C:/Users/justi/AppData/Roaming/PrismLauncher/libraries/org/lwjgl/lwjgl-natives-windows-arm64/3.3.3/lwjgl-natives-windows-arm64-3.3.3.jar;C:/Users/justi/AppData/Roaming/PrismLauncher/libraries/org/lwjgl/lwjgl-natives-windows-x86/3.3.3/lwjgl-natives-windows-x86-3.3.3.jar;C:/Users/justi/AppData/Roaming/PrismLauncher/libraries/org/lwjgl/lwjgl-natives-windows/3.3.3/lwjgl-natives-windows-3.3.3.jar;C:/Users/justi/AppData/Roaming/PrismLauncher/libraries/org/lwjgl/lwjgl-openal-natives-windows-arm64/3.3.3/lwjgl-openal-natives-windows-arm64-3.3.3.jar;C:/Users/justi/AppData/Roaming/PrismLauncher/libraries/org/lwjgl/lwjgl-openal-natives-windows-x86/3.3.3/lwjgl-openal-natives-windows-x86-3.3.3.jar;C:/Users/justi/AppData/Roaming/PrismLauncher/libraries/org/lwjgl/lwjgl-openal-natives-windows/3.3.3/lwjgl-openal-natives-windows-3.3.3.jar;C:/Users/justi/AppData/Roaming/PrismLauncher/libraries/org/lwjgl/lwjgl-openal/3.3.3/lwjgl-openal-3.3.3.jar;C:/Users/justi/AppData/Roaming/PrismLauncher/libraries/org/lwjgl/lwjgl-opengl-natives-windows-arm64/3.3.3/lwjgl-opengl-natives-windows-arm64-3.3.3.jar;C:/Users/justi/AppData/Roaming/PrismLauncher/libraries/org/lwjgl/lwjgl-opengl-natives-windows-x86/3.3.3/lwjgl-opengl-natives-windows-x86-3.3.3.jar;C:/Users/justi/AppData/Roaming/PrismLauncher/libraries/org/lwjgl/lwjgl-opengl-natives-windows/3.3.3/lwjgl-opengl-natives-windows-3.3.3.jar;C:/Users/justi/AppData/Roaming/PrismLauncher/libraries/org/lwjgl/lwjgl-opengl/3.3.3/lwjgl-opengl-3.3.3.jar;C:/Users/justi/AppData/Roaming/PrismLauncher/libraries/org/lwjgl/lwjgl-stb-natives-windows-arm64/3.3.3/lwjgl-stb-natives-windows-arm64-3.3.3.jar;C:/Users/justi/AppData/Roaming/PrismLauncher/libraries/org/lwjgl/lwjgl-stb-natives-windows-x86/3.3.3/lwjgl-stb-natives-windows-x86-3.3.3.jar;C:/Users/justi/AppData/Roaming/PrismLauncher/libraries/org/lwjgl/lwjgl-stb-natives-windows/3.3.3/lwjgl-stb-natives-windows-3.3.3.jar;C:/Users/justi/AppData/Roaming/PrismLauncher/libraries/org/lwjgl/lwjgl-stb/3.3.3/lwjgl-stb-3.3.3.jar;C:/Users/justi/AppData/Roaming/PrismLauncher/libraries/org/lwjgl/lwjgl-tinyfd-natives-windows-arm64/3.3.3/lwjgl-tinyfd-natives-windows-arm64-3.3.3.jar;C:/Users/justi/AppData/Roaming/PrismLauncher/libraries/org/lwjgl/lwjgl-tinyfd-natives-windows-x86/3.3.3/lwjgl-tinyfd-natives-windows-x86-3.3.3.jar;C:/Users/justi/AppData/Roaming/PrismLauncher/libraries/org/lwjgl/lwjgl-tinyfd-natives-windows/3.3.3/lwjgl-tinyfd-natives-windows-3.3.3.jar;C:/Users/justi/AppData/Roaming/PrismLauncher/libraries/org/lwjgl/lwjgl-tinyfd/3.3.3/lwjgl-tinyfd-3.3.3.jar;C:/Users/justi/AppData/Roaming/PrismLauncher/libraries/org/lwjgl/lwjgl/3.3.3/lwjgl-3.3.3.jar;C:/Users/justi/AppData/Roaming/PrismLauncher/libraries/com/github/oshi/oshi-core/6.4.10/oshi-core-6.4.10.jar;C:/Users/justi/AppData/Roaming/PrismLauncher/libraries/com/google/code/gson/gson/2.10.1/gson-2.10.1.jar;C:/Users/justi/AppData/Roaming/PrismLauncher/libraries/com/google/guava/failureaccess/1.0.1/failureaccess-1.0.1.jar;C:/Users/justi/AppData/Roaming/PrismLauncher/libraries/com/google/guava/guava/32.1.2-jre/guava-32.1.2-jre.jar;C:/Users/justi/AppData/Roaming/PrismLauncher/libraries/com/ibm/icu/icu4j/73.2/icu4j-73.2.jar;C:/Users/justi/AppData/Roaming/PrismLauncher/libraries/com/mojang/authlib/6.0.54/authlib-6.0.54.jar;C:/Users/justi/AppData/Roaming/PrismLauncher/libraries/com/mojang/blocklist/1.0.10/blocklist-1.0.10.jar;C:/Users/justi/AppData/Roaming/PrismLauncher/libraries/com/mojang/brigadier/1.3.10/brigadier-1.3.10.jar;C:/Users/justi/AppData/Roaming/PrismLauncher/libraries/com/mojang/datafixerupper/8.0.16/datafixerupper-8.0.16.jar;C:/Users/justi/AppData/Roaming/PrismLauncher/libraries/com/mojang/logging/1.2.7/logging-1.2.7.jar;C:/Users/justi/AppData/Roaming/PrismLauncher/libraries/com/mojang/patchy/2.2.10/patchy-2.2.10.jar;C:/Users/justi/AppData/Roaming/PrismLauncher/libraries/com/mojang/text2speech/1.17.9/text2speech-1.17.9.jar;C:/Users/justi/AppData/Roaming/PrismLauncher/libraries/commons-codec/commons-codec/1.16.0/commons-codec-1.16.0.jar;C:/Users/justi/AppData/Roaming/PrismLauncher/libraries/commons-io/commons-io/2.15.1/commons-io-2.15.1.jar;C:/Users/justi/AppData/Roaming/PrismLauncher/libraries/commons-logging/commons-logging/1.2/commons-logging-1.2.jar;C:/Users/justi/AppData/Roaming/PrismLauncher/libraries/io/netty/netty-buffer/4.1.97.Final/netty-buffer-4.1.97.Final.jar;C:/Users/justi/AppData/Roaming/PrismLauncher/libraries/io/netty/netty-codec/4.1.97.Final/netty-codec-4.1.97.Final.jar;C:/Users/justi/AppData/Roaming/PrismLauncher/libraries/io/netty/netty-common/4.1.97.Final/netty-common-4.1.97.Final.jar;C:/Users/justi/AppData/Roaming/PrismLauncher/libraries/io/netty/netty-handler/4.1.97.Final/netty-handler-4.1.97.Final.jar;C:/Users/justi/AppData/Roaming/PrismLauncher/libraries/io/netty/netty-resolver/4.1.97.Final/netty-resolver-4.1.97.Final.jar;C:/Users/justi/AppData/Roaming/PrismLauncher/libraries/io/netty/netty-transport-classes-epoll/4.1.97.Final/netty-transport-classes-epoll-4.1.97.Final.jar;C:/Users/justi/AppData/Roaming/PrismLauncher/libraries/io/netty/netty-transport-native-unix-common/4.1.97.Final/netty-transport-native-unix-common-4.1.97.Final.jar;C:/Users/justi/AppData/Roaming/PrismLauncher/libraries/io/netty/netty-transport/4.1.97.Final/netty-transport-4.1.97.Final.jar;C:/Users/justi/AppData/Roaming/PrismLauncher/libraries/it/unimi/dsi/fastutil/8.5.12/fastutil-8.5.12.jar;C:/Users/justi/AppData/Roaming/PrismLauncher/libraries/net/java/dev/jna/jna-platform/5.14.0/jna-platform-5.14.0.jar;C:/Users/justi/AppData/Roaming/PrismLauncher/libraries/net/java/dev/jna/jna/5.14.0/jna-5.14.0.jar;C:/Users/justi/AppData/Roaming/PrismLauncher/libraries/net/sf/jopt-simple/jopt-simple/5.0.4/jopt-simple-5.0.4.jar;C:/Users/justi/AppData/Roaming/PrismLauncher/libraries/org/apache/commons/commons-compress/1.26.0/commons-compress-1.26.0.jar;C:/Users/justi/AppData/Roaming/PrismLauncher/libraries/org/apache/commons/commons-lang3/3.14.0/commons-lang3-3.14.0.jar;C:/Users/justi/AppData/Roaming/PrismLauncher/libraries/org/apache/httpcomponents/httpclient/4.5.13/httpclient-4.5.13.jar;C:/Users/justi/AppData/Roaming/PrismLauncher/libraries/org/apache/httpcomponents/httpcore/4.4.16/httpcore-4.4.16.jar;C:/Users/justi/AppData/Roaming/PrismLauncher/libraries/org/apache/logging/log4j/log4j-api/2.22.1/log4j-api-2.22.1.jar;C:/Users/justi/AppData/Roaming/PrismLauncher/libraries/org/apache/logging/log4j/log4j-core/2.22.1/log4j-core-2.22.1.jar;C:/Users/justi/AppData/Roaming/PrismLauncher/libraries/org/apache/logging/log4j/log4j-slf4j2-impl/2.22.1/log4j-slf4j2-impl-2.22.1.jar;C:/Users/justi/AppData/Roaming/PrismLauncher/libraries/org/jcraft/jorbis/0.0.17/jorbis-0.0.17.jar;C:/Users/justi/AppData/Roaming/PrismLauncher/libraries/org/joml/joml/1.10.5/joml-1.10.5.jar;C:/Users/justi/AppData/Roaming/PrismLauncher/libraries/org/lz4/lz4-java/1.8.0/lz4-java-1.8.0.jar;C:/Users/justi/AppData/Roaming/PrismLauncher/libraries/org/slf4j/slf4j-api/2.0.9/slf4j-api-2.0.9.jar;C:/Users/justi/AppData/Roaming/PrismLauncher/libraries/io/github/zekerzhayard/ForgeWrapper/prism-2025-12-07/ForgeWrapper-prism-2025-12-07.jar;C:/Users/justi/AppData/Roaming/PrismLauncher/libraries/net/neoforged/fancymodloader/earlydisplay/4.0.42/earlydisplay-4.0.42.jar;C:/Users/justi/AppData/Roaming/PrismLauncher/libraries/net/neoforged/fancymodloader/loader/4.0.42/loader-4.0.42.jar;C:/Users/justi/AppData/Roaming/PrismLauncher/libraries/net/neoforged/accesstransformers/at-modlauncher/10.0.1/at-modlauncher-10.0.1.jar;C:/Users/justi/AppData/Roaming/PrismLauncher/libraries/net/neoforged/accesstransformers/10.0.1/accesstransformers-10.0.1.jar;C:/Users/justi/AppData/Roaming/PrismLauncher/libraries/net/neoforged/bus/8.0.5/bus-8.0.5.jar;C:/Users/justi/AppData/Roaming/PrismLauncher/libraries/net/neoforged/coremods/7.0.3/coremods-7.0.3.jar;C:/Users/justi/AppData/Roaming/PrismLauncher/libraries/cpw/mods/modlauncher/11.0.5/modlauncher-11.0.5.jar;C:/Users/justi/AppData/Roaming/PrismLauncher/libraries/net/neoforged/mergetool/2.0.0/mergetool-2.0.0-api.jar;C:/Users/justi/AppData/Roaming/PrismLauncher/libraries/com/electronwill/night-config/toml/3.8.3/toml-3.8.3.jar;C:/Users/justi/AppData/Roaming/PrismLauncher/libraries/com/electronwill/night-config/core/3.8.3/core-3.8.3.jar;C:/Users/justi/AppData/Roaming/PrismLauncher/libraries/net/neoforged/JarJarSelector/0.4.1/JarJarSelector-0.4.1.jar;C:/Users/justi/AppData/Roaming/PrismLauncher/libraries/net/neoforged/JarJarMetadata/0.4.1/JarJarMetadata-0.4.1.jar;C:/Users/justi/AppData/Roaming/PrismLauncher/libraries/org/apache/maven/maven-artifact/3.8.5/maven-artifact-3.8.5.jar;C:/Users/justi/AppData/Roaming/PrismLauncher/libraries/net/jodah/typetools/0.6.3/typetools-0.6.3.jar;C:/Users/justi/AppData/Roaming/PrismLauncher/libraries/net/minecrell/terminalconsoleappender/1.3.0/terminalconsoleappender-1.3.0.jar;C:/Users/justi/AppData/Roaming/PrismLauncher/libraries/net/fabricmc/sponge-mixin/0.15.2+mixin.0.8.7/sponge-mixin-0.15.2+mixin.0.8.7.jar;C:/Users/justi/AppData/Roaming/PrismLauncher/libraries/org/openjdk/nashorn/nashorn-core/15.4/nashorn-core-15.4.jar;C:/Users/justi/AppData/Roaming/PrismLauncher/libraries/cpw/mods/bootstraplauncher/2.0.2/bootstraplauncher-2.0.2.jar;C:/Users/justi/AppData/Roaming/PrismLauncher/libraries/cpw/mods/securejarhandler/3.0.8/securejarhandler-3.0.8.jar;C:/Users/justi/AppData/Roaming/PrismLauncher/libraries/org/ow2/asm/asm-commons/9.8/asm-commons-9.8.jar;C:/Users/justi/AppData/Roaming/PrismLauncher/libraries/org/ow2/asm/asm-util/9.8/asm-util-9.8.jar;C:/Users/justi/AppData/Roaming/PrismLauncher/libraries/org/ow2/asm/asm-analysis/9.8/asm-analysis-9.8.jar;C:/Users/justi/AppData/Roaming/PrismLauncher/libraries/org/ow2/asm/asm-tree/9.8/asm-tree-9.8.jar;C:/Users/justi/AppData/Roaming/PrismLauncher/libraries/org/ow2/asm/asm/9.8/asm-9.8.jar;C:/Users/justi/AppData/Roaming/PrismLauncher/libraries/net/neoforged/JarJarFileSystems/0.4.1/JarJarFileSystems-0.4.1.jar;C:/Users/justi/AppData/Roaming/PrismLauncher/libraries/org/antlr/antlr4-runtime/4.13.1/antlr4-runtime-4.13.1.jar;C:/Users/justi/AppData/Roaming/PrismLauncher/libraries/org/jline/jline-reader/3.20.0/jline-reader-3.20.0.jar;C:/Users/justi/AppData/Roaming/PrismLauncher/libraries/org/jline/jline-terminal/3.20.0/jline-terminal-3.20.0.jar;C:/Users/justi/AppData/Roaming/PrismLauncher/libraries/net/minecraftforge/srgutils/0.4.15/srgutils-0.4.15.jar;C:/Users/justi/AppData/Roaming/PrismLauncher/libraries/com/google/guava/listenablefuture/9999.0-empty-to-avoid-conflict-with-guava/listenablefuture-9999.0-empty-to-avoid-conflict-with-guava.jar;C:/Users/justi/AppData/Roaming/PrismLauncher/libraries/com/google/code/findbugs/jsr305/3.0.2/jsr305-3.0.2.jar;C:/Users/justi/AppData/Roaming/PrismLauncher/libraries/org/checkerframework/checker-qual/3.33.0/checker-qual-3.33.0.jar;C:/Users/justi/AppData/Roaming/PrismLauncher/libraries/com/google/errorprone/error_prone_annotations/2.18.0/error_prone_annotations-2.18.0.jar;C:/Users/justi/AppData/Roaming/PrismLauncher/libraries/com/google/j2objc/j2objc-annotations/2.8/j2objc-annotations-2.8.jar;C:/Users/justi/AppData/Roaming/PrismLauncher/libraries/org/codehaus/plexus/plexus-utils/3.3.0/plexus-utils-3.3.0.jar;C:/Users/justi/AppData/Roaming/PrismLauncher/libraries/com/machinezoo/noexception/noexception/1.7.1/noexception-1.7.1.jar;C:/Users/justi/AppData/Roaming/PrismLauncher/libraries/com/mojang/minecraft/1.21.1/minecraft-1.21.1-client.jar
Launcher Type: SUN_STANDARD

[Global flags]
     intx CICompilerCount                          = 12                                        {product} {ergonomic}
     uint ConcGCThreads                            = 5                                         {product} {ergonomic}
     uint G1ConcRefinementThreads                  = 18                                        {product} {ergonomic}
   size_t G1HeapRegionSize                         = 8388608                                   {product} {ergonomic}
    uintx GCDrainStackTargetSize                   = 64                                        {product} {ergonomic}
    ccstr HeapDumpPath                             = MojangTricksIntelDriversForPerformance_javaw.exe_minecraft.exe.heapdump         {manageable} {command line}
   size_t InitialHeapSize                          = 536870912                                 {product} {command line}
   size_t MarkStackSize                            = 4194304                                   {product} {ergonomic}
   size_t MaxHeapSize                              = 17179869184                               {product} {command line}
   size_t MaxNewSize                               = 10301210624                               {product} {ergonomic}
   size_t MinHeapDeltaBytes                        = 8388608                                   {product} {ergonomic}
   size_t MinHeapSize                              = 536870912                                 {product} {command line}
    uintx NonNMethodCodeHeapSize                   = 7602480                                {pd product} {ergonomic}
    uintx NonProfiledCodeHeapSize                  = 122027880                              {pd product} {ergonomic}
    uintx ProfiledCodeHeapSize                     = 122027880                              {pd product} {ergonomic}
    uintx ReservedCodeCacheSize                    = 251658240                              {pd product} {ergonomic}
     bool SegmentedCodeCache                       = true                                      {product} {ergonomic}
   size_t SoftMaxHeapSize                          = 17179869184                            {manageable} {ergonomic}
     bool UseCompressedOops                        = true                           {product lp64_product} {ergonomic}
     bool UseG1GC                                  = true                                      {product} {ergonomic}
     bool UseLargePagesIndividualAllocation        = false                                  {pd product} {ergonomic}

Logging:
Log output configuration:
 #0: stdout all=warning uptime,level,tags foldmultilines=false
 #1: stderr all=off uptime,level,tags foldmultilines=false

Environment Variables:
PATH=C:\Program Files\Common Files\Oracle\Java\javapath;C:\WINDOWS\system32;C:\WINDOWS;C:\WINDOWS\System32\Wbem;C:\WINDOWS\System32\WindowsPowerShell\v1.0\;C:\WINDOWS\System32\OpenSSH\;C:\Program Files (x86)\NVIDIA Corporation\PhysX\Common;C:\Program Files\Git\cmd;C:\Program Files\dotnet\;C:\Program Files\nodejs\;C:\Program Files (x86)\Windows Kits\10\Windows Performance Toolkit\;C:\Users\justi\AppData\Local\Programs\Python\Python314\Scripts\;C:\Users\justi\AppData\Local\Programs\Python\Python314\;C:\Users\justi\AppData\Local\Programs\Python\Launcher\;C:\Users\justi\AppData\Local\Microsoft\WindowsApps;C:\Users\justi\AppData\Local\JetBrains\Toolbox\scripts;C:\Users\justi\AppData\Local\PowerToys\DSCModules\;C:\Users\justi\AppData\Local\Programs\Microsoft VS Code\bin;C:\Users\justi\AppData\Roaming\npm;C:\Users\justi\AppData\Local\Programs\Ollama;C:\Users\justi\AppData\Local\Programs\Antigravity\bin
USERNAME=justi
OS=Windows_NT
PROCESSOR_IDENTIFIER=AMD64 Family 26 Model 68 Stepping 0, AuthenticAMD
TMP=C:\Users\justi\AppData\Local\Temp
TEMP=C:\Users\justi\AppData\Local\Temp




Periodic native trim disabled

---------------  S Y S T E M  ---------------

OS:
 Windows 11 , 64 bit Build 26100 (10.0.26100.8246)
OS uptime: 3 days 1:17 hours
Hyper-V role detected

CPU: total 24 (initial active 24) (24 cores per cpu, 2 threads per core) family 26 model 68 stepping 0 microcode 0xb40401a, cx8, cmov, fxsr, ht, mmx, 3dnowpref, sse, sse2, sse3, ssse3, sse4a, sse4.1, sse4.2, popcnt, lzcnt, tsc, tscinvbit, avx, avx2, aes, erms, clmul, bmi1, bmi2, adx, avx512f, avx512dq, avx512cd, avx512bw, avx512vl, sha, fma, vzeroupper, avx512_vpopcntdq, avx512_vpclmulqdq, avx512_vaes, avx512_vnni, clflush, clflushopt, avx512_vbmi2, avx512_vbmi, hv, rdtscp, rdpid, fsrm, gfni, avx512_bitalg, f16c, cet_ss, avx512_ifma
Processor Information for the first 24 processors :
  Max Mhz: 4400, Current Mhz: 4400, Mhz Limit: 4400

Memory: 4k page, system-wide physical 31848M (9029M free)
TotalPageFile size 40552M (AvailPageFile size 4539M)
current process WorkingSet (physical memory assigned to process): 9900M, peak: 9927M
current process commit charge ("private bytes"): 13385M, peak: 13414M

vm_info: OpenJDK 64-Bit Server VM (21.0.7+6-LTS) for windows-amd64 JRE (21.0.7+6-LTS), built on 2025-04-09T22:17:25Z by "MicrosoftCorporation" with unknown MS VC++:1939

END.
