#
# A fatal error has been detected by the Java Runtime Environment:
#
#  EXCEPTION_ACCESS_VIOLATION (0xc0000005) at pc=0x00007fff50d84cc0, pid=27148, tid=27120
#
# JRE version: OpenJDK Runtime Environment Microsoft-11369940 (21.0.7+6) (build 21.0.7+6-LTS)
# Java VM: OpenJDK 64-Bit Server VM Microsoft-11369940 (21.0.7+6-LTS, mixed mode, tiered, compressed class ptrs, z gc, windows-amd64)
# Problematic frame:
# C  [nvoglv64.dll+0xb64cc0]
#
# No core dump will be written. Minidumps are not enabled by default on client versions of Windows
#
# If you would like to submit a bug report, please visit:
#   https://aka.ms/minecraftjavacrashes
# The crash happened outside the Java Virtual Machine in native code.
# See problematic frame for where to report the bug.
#

---------------  S U M M A R Y ------------

Command Line: -XX:+UseZGC -XX:+ZGenerational -XX:HeapDumpPath=MojangTricksIntelDriversForPerformance_javaw.exe_minecraft.exe.heapdump -Xms16384m -Xmx16384m -Duser.language=en -Djava.library.path=C:/Users/justi/AppData/Roaming/PrismLauncher/instances/Optimized fps/natives org.prismlauncher.EntryPoint

Host: AMD Ryzen 9 9900X 12-Core Processor            , 24 cores, 31G,  Windows 11 , 64 bit Build 26100 (10.0.26100.8246)
Time: Fri Apr 24 22:43:06 2026 Pacific Daylight Time elapsed time: 577.713590 seconds (0d 0h 9m 37s)

---------------  T H R E A D  ---------------

Current thread (0x000001b8907c2400):  JavaThread "Render thread"        [_thread_in_native, id=27120, stack(0x0000005e1b100000,0x0000005e1b200000) (1024K)]

Stack: [0x0000005e1b100000,0x0000005e1b200000],  sp=0x0000005e1b1fd748,  free space=1013k
Native frames: (J=compiled Java code, j=interpreted, Vv=VM code, C=native code)
C  [nvoglv64.dll+0xb64cc0]

Java frames: (J=compiled Java code, j=interpreted, Vv=VM code)
J 6149  org.lwjgl.opengl.GL11C.nglDrawElements(IIIJ)V org.lwjgl.opengl@3.3.3+5 (0 bytes) @ 0x000001b89cb9e39e [0x000001b89cb9e340+0x000000000000005e]
J 63156 c2 com.seibel.distanthorizons.common.render.openGl.terrain.GlDhTerrainShaderProgram_neoforge.render(Lcom/seibel/distanthorizons/core/render/RenderParams;ZLcom/seibel/distanthorizons/core/util/objects/SortedArraySet;Lcom/seibel/distanthorizons/core/wrapperInterfaces/minecraft/IProfilerWrapper;)V distanthorizons@3.0.1-b (406 bytes) @ 0x000001b89dd045c8 [0x000001b89dd04180+0x0000000000000448]
J 69054 c2 com.seibel.distanthorizons.core.render.renderer.LodRenderer.renderTerrain(Lcom/seibel/distanthorizons/core/wrapperInterfaces/render/renderPass/IDhTerrainRenderer;Lcom/seibel/distanthorizons/core/render/RenderBufferHandler;Lcom/seibel/distanthorizons/core/render/RenderParams;ZLcom/seibel/distanthorizons/core/wrapperInterfaces/minecraft/IProfilerWrapper;)V distanthorizons@3.0.1-b (25 bytes) @ 0x000001b8a01a21c4 [0x000001b8a01a2140+0x0000000000000084]
J 69600 c2 com.seibel.distanthorizons.core.render.renderer.LodRenderer.renderTerrain(Lcom/seibel/distanthorizons/core/render/RenderParams;Lcom/seibel/distanthorizons/core/wrapperInterfaces/minecraft/IProfilerWrapper;Z)V distanthorizons@3.0.1-b (711 bytes) @ 0x000001b8a032ff4c [0x000001b8a032e940+0x000000000000160c]
J 69598 c2 com.seibel.distanthorizons.core.api.internal.ClientApi.renderLodLayer(Z)V distanthorizons@3.0.1-b (799 bytes) @ 0x000001b8a031f318 [0x000001b8a031ee00+0x0000000000000518]
J 67764 c2 net.minecraft.client.renderer.LevelRenderer.renderSectionLayer(Lnet/minecraft/client/renderer/RenderType;DDDLorg/joml/Matrix4f;Lorg/joml/Matrix4f;)V minecraft@1.21.1 (104 bytes) @ 0x000001b89fe34a40 [0x000001b89fe34340+0x0000000000000700]
J 83888 c2 net.minecraft.client.renderer.LevelRenderer.renderLevel(Lnet/minecraft/client/DeltaTracker;ZLnet/minecraft/client/Camera;Lnet/minecraft/client/renderer/GameRenderer;Lnet/minecraft/client/renderer/LightTexture;Lorg/joml/Matrix4f;Lorg/joml/Matrix4f;)V minecraft@1.21.1 (3786 bytes) @ 0x000001b8a0dae3b8 [0x000001b8a0dabfc0+0x00000000000023f8]
J 83802 c2 net.minecraft.client.renderer.GameRenderer.renderLevel(Lnet/minecraft/client/DeltaTracker;)V minecraft@1.21.1 (818 bytes) @ 0x000001b8a0d38218 [0x000001b8a0d36460+0x0000000000001db8]
J 96549 c2 net.minecraft.client.renderer.GameRenderer.render(Lnet/minecraft/client/DeltaTracker;Z)V minecraft@1.21.1 (1231 bytes) @ 0x000001b8a0e7a840 [0x000001b8a0e7a040+0x0000000000000800]
J 67858 c2 net.minecraft.client.Minecraft.runTick(Z)V minecraft@1.21.1 (1171 bytes) @ 0x000001b89fea27f8 [0x000001b89fe9f6e0+0x0000000000003118]
j  net.minecraft.client.Minecraft.run()V+102 minecraft@1.21.1
j  net.minecraft.client.main.Main.main([Ljava/lang/String;)V+1630 minecraft@1.21.1
j  java.lang.invoke.LambdaForm$DMH+0x0000000080004000.invokeStatic(Ljava/lang/Object;Ljava/lang/Object;)V+10 java.base@21.0.7
j  java.lang.invoke.LambdaForm$MH+0x000000008010a000.invoke(Ljava/lang/Object;Ljava/lang/Object;Ljava/lang/Object;)Ljava/lang/Object;+33 java.base@21.0.7
J 10260 c1 jdk.internal.reflect.DirectMethodHandleAccessor.invoke(Ljava/lang/Object;[Ljava/lang/Object;)Ljava/lang/Object; java.base@21.0.7 (92 bytes) @ 0x000001b895cf39fc [0x000001b895cf3540+0x00000000000004bc]
J 10639 c1 java.lang.reflect.Method.invoke(Ljava/lang/Object;[Ljava/lang/Object;)Ljava/lang/Object; java.base@21.0.7 (108 bytes) @ 0x000001b895d893d4 [0x000001b895d88ec0+0x0000000000000514]
j  net.neoforged.fml.loading.targets.CommonLaunchHandler.runTarget(Ljava/lang/String;[Ljava/lang/String;Ljava/lang/ModuleLayer;)V+42 fml_loader@4.0.42
j  net.neoforged.fml.loading.targets.CommonLaunchHandler.clientService([Ljava/lang/String;Ljava/lang/ModuleLayer;)V+6 fml_loader@4.0.42
j  net.neoforged.fml.loading.targets.CommonClientLaunchHandler.runService([Ljava/lang/String;Ljava/lang/ModuleLayer;)V+3 fml_loader@4.0.42
j  net.neoforged.fml.loading.targets.CommonLaunchHandler.lambda$launchService$4([Ljava/lang/String;Ljava/lang/ModuleLayer;)V+3 fml_loader@4.0.42
j  net.neoforged.fml.loading.targets.CommonLaunchHandler$$Lambda+0x0000000080627878.run()V+12 fml_loader@4.0.42
j  cpw.mods.modlauncher.LaunchServiceHandlerDecorator.launch([Ljava/lang/String;Ljava/lang/ModuleLayer;)V+11 cpw.mods.modlauncher@11.0.5
j  cpw.mods.modlauncher.LaunchServiceHandler.launch(Ljava/lang/String;[Ljava/lang/String;Ljava/lang/ModuleLayer;Lcpw/mods/modlauncher/TransformingClassLoader;Lcpw/mods/modlauncher/LaunchPluginHandler;)V+58 cpw.mods.modlauncher@11.0.5
j  cpw.mods.modlauncher.LaunchServiceHandler.launch(Lcpw/mods/modlauncher/ArgumentHandler;Ljava/lang/ModuleLayer;Lcpw/mods/modlauncher/TransformingClassLoader;Lcpw/mods/modlauncher/LaunchPluginHandler;)V+21 cpw.mods.modlauncher@11.0.5
j  cpw.mods.modlauncher.Launcher.run([Ljava/lang/String;)V+288 cpw.mods.modlauncher@11.0.5
j  cpw.mods.modlauncher.Launcher.main([Ljava/lang/String;)V+123 cpw.mods.modlauncher@11.0.5
j  cpw.mods.modlauncher.BootstrapLaunchConsumer.accept([Ljava/lang/String;)V+1 cpw.mods.modlauncher@11.0.5
j  cpw.mods.modlauncher.BootstrapLaunchConsumer.accept(Ljava/lang/Object;)V+5 cpw.mods.modlauncher@11.0.5
j  cpw.mods.bootstraplauncher.BootstrapLauncher.run(Z[Ljava/lang/String;)V+703 cpw.mods.bootstraplauncher@2.0.2
j  cpw.mods.bootstraplauncher.BootstrapLauncher.main([Ljava/lang/String;)V+2 cpw.mods.bootstraplauncher@2.0.2
j  java.lang.invoke.LambdaForm$DMH+0x0000000080004000.invokeStatic(Ljava/lang/Object;Ljava/lang/Object;)V+10 java.base@21.0.7
j  java.lang.invoke.LambdaForm$MH+0x000000008010a000.invoke(Ljava/lang/Object;Ljava/lang/Object;Ljava/lang/Object;)Ljava/lang/Object;+33 java.base@21.0.7
J 1070 c1 java.lang.invoke.Invokers$Holder.invokeExact_MT(Ljava/lang/Object;Ljava/lang/Object;Ljava/lang/Object;Ljava/lang/Object;)Ljava/lang/Object; java.base@21.0.7 (24 bytes) @ 0x000001b894d94eac [0x000001b894d948c0+0x00000000000005ec]
j  jdk.internal.reflect.DirectMethodHandleAccessor.invokeImpl(Ljava/lang/Object;[Ljava/lang/Object;)Ljava/lang/Object;+55 java.base@21.0.7
j  jdk.internal.reflect.DirectMethodHandleAccessor.invoke(Ljava/lang/Object;[Ljava/lang/Object;)Ljava/lang/Object;+23 java.base@21.0.7
j  java.lang.reflect.Method.invoke(Ljava/lang/Object;[Ljava/lang/Object;)Ljava/lang/Object;+102 java.base@21.0.7
j  io.github.zekerzhayard.forgewrapper.installer.Main.main([Ljava/lang/String;)V+569
j  java.lang.invoke.LambdaForm$DMH+0x0000000080004400.invokeStaticInit(Ljava/lang/Object;Ljava/lang/Object;)V+10 java.base@21.0.7
j  java.lang.invoke.LambdaForm$MH+0x0000000080004c00.invokeExact_MT(Ljava/lang/Object;Ljava/lang/Object;Ljava/lang/Object;)V+19 java.base@21.0.7
j  org.prismlauncher.launcher.impl.StandardLauncher.launch()V+253
j  org.prismlauncher.EntryPoint.listen()Lorg/prismlauncher/EntryPoint$ExitCode;+344
j  org.prismlauncher.EntryPoint.main([Ljava/lang/String;)V+0
v  ~StubRoutines::call_stub 0x000001b89c0010d9

siginfo: EXCEPTION_ACCESS_VIOLATION (0xc0000005), reading address 0x0000000000000000


Registers:
RAX=0x0000000000000000, RBX=0x0000000000000000, RCX=0x000001bccfc52290, RDX=0x0000000000000004
RSP=0x0000005e1b1fd748, RBP=0x0000000000000001, RSI=0x0000000000000cdc, RDI=0x000001bd1461b538
R8 =0x0000000000000010, R9 =0x0000000000000cdc, R10=0x0000000000000010, R11=0x0000000000000010
R12=0x000001bccfc52290, R13=0x0000000000000000, R14=0x0000000000000001, R15=0x000001bdaf42d52c
RIP=0x00007fff50d84cc0, EFLAGS=0x0000000000010202

XMM[0]=0x10c0000000000000 0x000000000000089d
XMM[1]=0x0000000000000000 0x0000000010c00000
XMM[2]=0x0000000000000000 0x0000000000000000
XMM[3]=0x0000000000000000 0x0000000000000000
XMM[4]=0x00000cda00000cda 0x00000cd900000cd8
XMM[5]=0x0000000000000000 0x000000003c23d70a
XMM[6]=0x0000000000000000 0x0000000000000000
XMM[7]=0x0000000000000000 0x000000003f4129b4
XMM[8]=0x0000000000000000 0x00000000be96789e
XMM[9]=0x0000000000000000 0x0000000080000000
XMM[10]=0x0000000000000000 0x0000000000000000
XMM[11]=0x0000000000000000 0x000000003f6e8b65
XMM[12]=0x0000000000000000 0x0000000080000000
XMM[13]=0x0000000000000000 0x0000000000000000
XMM[14]=0x0000000000000000 0x000000003eb9d2a2
XMM[15]=0x0000000000000000 0x0000000080000000
  MXCSR=0x00001fbf


Register to memory mapping:

RAX=0x0 is null
RBX=0x0 is null
RCX=0x000001bccfc52290 points into unknown readable memory: 0x4365000043180000 | 00 00 18 43 00 00 65 43
RDX=0x0000000000000004 is an unknown value
RSP=0x0000005e1b1fd748 is pointing into the stack for thread: 0x000001b8907c2400
RBP=0x0000000000000001 is an unknown value
RSI=0x0000000000000cdc is an unknown value
RDI=0x000001bd1461b538 points into unknown readable memory: 0x0000000000000000 | 00 00 00 00 00 00 00 00
R8 =0x0000000000000010 is an unknown value
R9 =0x0000000000000cdc is an unknown value
R10=0x0000000000000010 is an unknown value
R11=0x0000000000000010 is an unknown value
R12=0x000001bccfc52290 points into unknown readable memory: 0x4365000043180000 | 00 00 18 43 00 00 65 43
R13=0x0 is null
R14=0x0000000000000001 is an unknown value
R15=0x000001bdaf42d52c points into unknown readable memory: 00 00 00 00

Top of Stack: (sp=0x0000005e1b1fd748)
0x0000005e1b1fd748:   00007fff50e310e4 0000000000000000
0x0000005e1b1fd758:   00007fff50220000 0000000000010130
0x0000005e1b1fd768:   000001bca645c980 00007fff51cc9228
0x0000005e1b1fd778:   00007fff50cade5e 0000000000000003
0x0000005e1b1fd788:   0000000100000001 000000000df323c0
0x0000005e1b1fd798:   00007fff5296d870 000001bca64644b0
0x0000005e1b1fd7a8:   10c0000000000000 000001bd1461b538
0x0000005e1b1fd7b8:   00007fff50cadabe 0000000000000000
0x0000005e1b1fd7c8:   0000000000000000 0000000000000cdc
0x0000005e1b1fd7d8:   000001bca645c980 000001bd1461b538
0x0000005e1b1fd7e8:   000001b88e6b0000 000000000000134a
0x0000005e1b1fd7f8:   000000000000134a 0000000000001405
0x0000005e1b1fd808:   00007fff50e22593 000001b88e6b0000
0x0000005e1b1fd818:   0000000000000000 0000000000000cdc
0x0000005e1b1fd828:   000001b800000000 0000005e00001400
0x0000005e1b1fd838:   0000000000000000 0000005e1b1fd850
0x0000005e1b1fd848:   0000005e1b1fd854 00000cdc00000000
0x0000005e1b1fd858:   000000000000089d 0000005e1b1fd900
0x0000005e1b1fd868:   ffff805ec952d418 000001bd1461b538
0x0000005e1b1fd878:   0000000000000000 00000000ffffffff
0x0000005e1b1fd888:   000001bca645c980 0000000000008800
0x0000005e1b1fd898:   0000000000000004 000001b88e6b0000
0x0000005e1b1fd8a8:   00007fff50e23a7a 0000000000000000
0x0000005e1b1fd8b8:   0000000000000004 0000000000000000
0x0000005e1b1fd8c8:   0000000000000000 000001bc0000134a
0x0000005e1b1fd8d8:   00007fff00001405 0000000000000000
0x0000005e1b1fd8e8:   0000000000000000 0000000000000000
0x0000005e1b1fd8f8:   00000001506df50d 000000000000089d
0x0000005e1b1fd908:   00c0000000000000 00007fff50876250
0x0000005e1b1fd918:   0000000000000010 000000000000134a
0x0000005e1b1fd928:   00007fff50df7956 000001b88e6b0000
0x0000005e1b1fd938:   000001b886295ec0 000001bca645c980 

Instructions: (pc=0x00007fff50d84cc0)
0x00007fff50d84bc0:   0f b7 42 fc 89 01 0f b7 42 fe 89 41 04 0f b7 02
0x00007fff50d84bd0:   49 03 d2 89 41 08 48 83 c1 0c 41 83 e9 01 75 e0
0x00007fff50d84be0:   48 8b c1 c3 cc cc cc cc cc cc cc cc cc cc cc cc
0x00007fff50d84bf0:   4d 63 d0 48 83 c2 02 66 0f 1f 84 00 00 00 00 00
0x00007fff50d84c00:   0f be 42 fe 89 01 0f be 42 ff 89 41 04 0f be 02
0x00007fff50d84c10:   89 41 08 0f be 42 01 49 03 d2 89 41 0c 48 83 c1
0x00007fff50d84c20:   10 41 83 e9 01 75 d9 48 8b c1 c3 cc cc cc cc cc
0x00007fff50d84c30:   4d 63 d0 48 83 c2 02 66 0f 1f 84 00 00 00 00 00
0x00007fff50d84c40:   0f b6 42 fe 89 01 0f b6 42 ff 89 41 04 0f b6 02
0x00007fff50d84c50:   89 41 08 0f b6 42 01 49 03 d2 89 41 0c 48 83 c1
0x00007fff50d84c60:   10 41 83 e9 01 75 d9 48 8b c1 c3 cc cc cc cc cc
0x00007fff50d84c70:   4d 63 d0 48 83 c2 04 66 0f 1f 84 00 00 00 00 00
0x00007fff50d84c80:   0f bf 42 fc 89 01 0f bf 42 fe 89 41 04 0f bf 02
0x00007fff50d84c90:   89 41 08 0f bf 42 02 49 03 d2 89 41 0c 48 83 c1
0x00007fff50d84ca0:   10 41 83 e9 01 75 d9 48 8b c1 c3 cc cc cc cc cc
0x00007fff50d84cb0:   4d 63 d0 48 83 c2 04 66 0f 1f 84 00 00 00 00 00
0x00007fff50d84cc0:   0f b7 42 fc 89 01 0f b7 42 fe 89 41 04 0f b7 02
0x00007fff50d84cd0:   89 41 08 0f b7 42 02 49 03 d2 89 41 0c 48 83 c1
0x00007fff50d84ce0:   10 41 83 e9 01 75 d9 48 8b c1 c3 cc cc cc cc cc
0x00007fff50d84cf0:   4d 63 d0 8b 02 0f 57 c0 49 03 d2 f3 48 0f 2a c0
0x00007fff50d84d00:   f3 0f 11 01 48 83 c1 04 41 83 e9 01 75 e5 48 8b
0x00007fff50d84d10:   c1 c3 cc cc cc cc cc cc cc cc cc cc cc cc cc cc
0x00007fff50d84d20:   4d 63 d0 8b 02 0f 57 c0 0f 57 c9 f3 48 0f 2a c0
0x00007fff50d84d30:   f3 0f 11 01 8b 42 04 49 03 d2 f3 48 0f 2a c8 f3
0x00007fff50d84d40:   0f 11 49 04 48 83 c1 08 41 83 e9 01 75 d5 48 8b
0x00007fff50d84d50:   c1 c3 cc cc cc cc cc cc cc cc cc cc cc cc cc cc
0x00007fff50d84d60:   4d 63 d0 48 83 c2 08 66 0f 1f 84 00 00 00 00 00
0x00007fff50d84d70:   8b 42 f8 0f 57 c0 0f 57 c9 f3 48 0f 2a c0 f3 0f
0x00007fff50d84d80:   11 01 0f 57 c0 8b 42 fc f3 48 0f 2a c8 f3 0f 11
0x00007fff50d84d90:   49 04 8b 02 49 03 d2 f3 48 0f 2a c0 f3 0f 11 41
0x00007fff50d84da0:   08 48 83 c1 0c 41 83 e9 01 75 c5 48 8b c1 c3 cc
0x00007fff50d84db0:   4d 63 d0 48 83 c2 08 66 0f 1f 84 00 00 00 00 00 


Stack slot to memory mapping:

stack at sp + 0 slots: 0x00007fff50e310e4 nvoglv64.dll
stack at sp + 1 slots: 0x0 is null
stack at sp + 2 slots: 0x00007fff50220000 nvoglv64.dll
stack at sp + 3 slots: 0x0000000000010130 is an unknown value
stack at sp + 4 slots: 0x000001bca645c980 points into unknown readable memory: 0x0000000000002000 | 00 20 00 00 00 00 00 00
stack at sp + 5 slots: 0x00007fff51cc9228 nvoglv64.dll
stack at sp + 6 slots: 0x00007fff50cade5e nvoglv64.dll
stack at sp + 7 slots: 0x0000000000000003 is an unknown value


Compiled method (n/a) 577831 6149     n 0       org.lwjgl.opengl.GL11C::nglDrawElements (native)
 total in heap  [0x000001b89cb9e190,0x000001b89cb9e560] = 976
 relocation     [0x000001b89cb9e2f0,0x000001b89cb9e328] = 56
 main code      [0x000001b89cb9e340,0x000001b89cb9e557] = 535
 stub code      [0x000001b89cb9e557,0x000001b89cb9e558] = 1
 oops           [0x000001b89cb9e558,0x000001b89cb9e560] = 8

[Constant Pool (empty)]

[MachCode]
[Entry Point]
  # {method} {0x000001b882c54058} 'nglDrawElements' '(IIIJ)V' in 'org/lwjgl/opengl/GL11C'
  # parm0:    rdx       = int
  # parm1:    r8        = int
  # parm2:    r9        = int
  # parm3:    rdi:rdi   = long
  #           [sp+0x80]  (sp of caller)
  0x000001b89cb9e340: 448b 5208 | 493b c20f | 840b 0000 

  0x000001b89cb9e34c: ;   {runtime_call ic_miss_stub}
  0x000001b89cb9e34c: 00e9 2e03 | 4bff 660f | 1f44 0000 
[Verified Entry Point]
  0x000001b89cb9e358: 8984 2400 | 80ff ff55 | 488b ec48 | 83ec 7090 | 4181 7f58 | 2026 0000 

  0x000001b89cb9e370: ;   {runtime_call StubRoutines (final stubs)}
  0x000001b89cb9e370: 7405 e829 | 104a ff48 | 897c 2428 | 4c89 4c24 | 204d 8bc8 

  0x000001b89cb9e384: ;   {oop(a 'java/lang/Class'{0x0000040053480988} = 'org/lwjgl/opengl/GL11C')}
  0x000001b89cb9e384: 4c8b c249 | be88 0948 | 5300 0400 | 004c 8974 | 2460 4c8d | 7424 6049 | 8bd6 c5f8 

  0x000001b89cb9e3a0: ;   {internal_word}
  0x000001b89cb9e3a0: 7749 ba9e | e3b9 9cb8 | 0100 004d | 8997 a003 | 0000 4989 | a798 0300 

  0x000001b89cb9e3b8: ;   {external_word}
  0x000001b89cb9e3b8: 0049 ba2f | dc2d 2bff | 7f00 0041 | 803a 000f | 844e 0000 | 0052 4150 

  0x000001b89cb9e3d0: ;   {metadata({method} {0x000001b882c54058} 'nglDrawElements' '(IIIJ)V' in 'org/lwjgl/opengl/GL11C')}
  0x000001b89cb9e3d0: 4151 48ba | 5040 c582 | b801 0000 | 498b cf48 | 83ec 2040 | f6c4 0f0f | 8419 0000 | 0048 83ec 
  0x000001b89cb9e3f0: ;   {runtime_call}
  0x000001b89cb9e3f0: 0848 b830 | bbd7 2aff | 7f00 00ff | d048 83c4 | 08e9 0c00 

  0x000001b89cb9e404: ;   {runtime_call}
  0x000001b89cb9e404: 0000 48b8 | 30bb d72a | ff7f 0000 | ffd0 4883 | c420 4159 | 4158 5a49 | 8d8f b803 | 0000 41c7 
  0x000001b89cb9e424: 8744 0400 | 0004 0000 

  0x000001b89cb9e42c: ;   {runtime_call}
  0x000001b89cb9e42c: 0048 b8e0 | c6b9 0af8 | 7f00 00ff | d0c5 f877 | 41c7 8744 | 0400 0005 | 0000 00f0 | 8344 24c0 
  0x000001b89cb9e44c: 0049 3baf | 4804 0000 | 0f87 0e00 | 0000 4183 | bf40 0400 | 0000 0f84 | 2000 0000 | c5f8 7749 
  0x000001b89cb9e46c: 8bcf 4c8b | e448 83ec | 2048 83e4 

  0x000001b89cb9e478: ;   {runtime_call}
  0x000001b89cb9e478: f048 b8f0 | 27a3 2aff | 7f00 00ff | d049 8be4 | 41c7 8744 | 0400 0008 | 0000 0041 | 83bf c004 
  0x000001b89cb9e498: 0000 020f | 8494 0000 

  0x000001b89cb9e4a0: ;   {external_word}
  0x000001b89cb9e4a0: 0049 ba2f | dc2d 2bff | 7f00 0041 | 803a 000f | 8444 0000 

  0x000001b89cb9e4b4: ;   {metadata({method} {0x000001b882c54058} 'nglDrawElements' '(IIIJ)V' in 'org/lwjgl/opengl/GL11C')}
  0x000001b89cb9e4b4: 0048 ba50 | 40c5 82b8 | 0100 0049 | 8bcf 4883 | ec20 40f6 | c40f 0f84 | 1900 0000 | 4883 ec08 
  0x000001b89cb9e4d4: ;   {runtime_call}
  0x000001b89cb9e4d4: 48b8 30bb | d72a ff7f | 0000 ffd0 | 4883 c408 | e90c 0000 

  0x000001b89cb9e4e8: ;   {runtime_call}
  0x000001b89cb9e4e8: 0048 b830 | bbd7 2aff | 7f00 00ff | d048 83c4 | 2049 c787 | 9803 0000 | 0000 0000 | 49c7 87a0 
  0x000001b89cb9e508: 0300 0000 | 0000 00c5 | f877 498b | 8f28 0400 | 00c7 8100 | 0100 0000 | 0000 00c9 | 4983 7f08 
  0x000001b89cb9e528: 000f 8501 | 0000 00c3 

  0x000001b89cb9e530: ;   {runtime_call StubRoutines (initial stubs)}
  0x000001b89cb9e530: e9cb 2946 | ffc5 f877 | 4c8b e448 | 83ec 2048 

  0x000001b89cb9e540: ;   {runtime_call}
  0x000001b89cb9e540: 83e4 f048 | b800 f3d7 | 2aff 7f00 | 00ff d049 | 8be4 e94a | ffff fff4 
[/MachCode]


Compiled method (c2) 577843 63156       4       com.seibel.distanthorizons.common.render.openGl.terrain.GlDhTerrainShaderProgram_neoforge::render (406 bytes)
 total in heap  [0x000001b89dd03d10,0x000001b89dd06ee0] = 12752
 relocation     [0x000001b89dd03e70,0x000001b89dd04160] = 752
 constants      [0x000001b89dd04160,0x000001b89dd04180] = 32
 main code      [0x000001b89dd04180,0x000001b89dd05988] = 6152
 stub code      [0x000001b89dd05988,0x000001b89dd05a70] = 232
 oops           [0x000001b89dd05a70,0x000001b89dd05a90] = 32
 metadata       [0x000001b89dd05a90,0x000001b89dd05d08] = 632
 scopes data    [0x000001b89dd05d08,0x000001b89dd06620] = 2328
 scopes pcs     [0x000001b89dd06620,0x000001b89dd06b20] = 1280
 dependencies   [0x000001b89dd06b20,0x000001b89dd06bb8] = 152
 handler table  [0x000001b89dd06bb8,0x000001b89dd06e28] = 624
 nul chk table  [0x000001b89dd06e28,0x000001b89dd06ee0] = 184


[Constant Pool]
             Address          hex4                    hex8      
  0x000001b89dd04160:   0x00000000      0x3ff8000000000000      
  0x000001b89dd04164:   0x3ff80000                              
  0x000001b89dd04168:   0xf4f4f4f4      0xf4f4f4f4f4f4f4f4      
  0x000001b89dd0416c:   0xf4f4f4f4                              
  0x000001b89dd04170:   0xf4f4f4f4      0xf4f4f4f4f4f4f4f4      
  0x000001b89dd04174:   0xf4f4f4f4                              
  0x000001b89dd04178:   0xf4f4f4f4      0xf4f4f4f4f4f4f4f4      
  0x000001b89dd0417c:   0xf4f4f4f4                              

[MachCode]
[Entry Point]
  # {method} {0x000001bd627ddf40} 'render' '(Lcom/seibel/distanthorizons/core/render/RenderParams;ZLcom/seibel/distanthorizons/core/util/objects/SortedArraySet;Lcom/seibel/distanthorizons/core/wrapperInterfaces/minecraft/IProfilerWrapper;)V' in 'com/seibel/distanthorizons/common/render/openGl/terrain/GlDhTerrainShaderProgram_neoforge'
  # this:     rdx:rdx   = 'com/seibel/distanthorizons/common/render/openGl/terrain/GlDhTerrainShaderProgram_neoforge'
  # parm0:    r8:r8     = 'com/seibel/distanthorizons/core/render/RenderParams'
  # parm1:    r9        = boolean
  # parm2:    rdi:rdi   = 'com/seibel/distanthorizons/core/util/objects/SortedArraySet'
  # parm3:    rsi:rsi   = 'com/seibel/distanthorizons/core/wrapperInterfaces/minecraft/IProfilerWrapper'
  #           [sp+0x60]  (sp of caller)
  0x000001b89dd04180: ;   {no_reloc}
  0x000001b89dd04180: 448b 5208 

  0x000001b89dd04184: ;   {runtime_call ic_miss_stub}
  0x000001b89dd04184: 493b c20f | 85f3 a434 | fe66 6690 
[Verified Entry Point]
  0x000001b89dd04190: 8984 2400 | 80ff ff55 | 4883 ec50 | 4181 7f58 | 2026 0000 | 0f85 cd17 | 0000 4889 | 7c24 0844 
  0x000001b89dd041b0: 890c 244c | 8944 2418 

  0x000001b89dd041b8: ;   {oop(a 'java/lang/Class'{0x000004027f979498} = 'com/seibel/distanthorizons/core/config/Config$Client$Advanced$Debugging')}
  0x000001b89dd041b8: 49ba 9894 | 977f 0204 | 0000 4d8b | 9ae0 0000 

  0x000001b89dd041c8: ;   {other}
  0x000001b89dd041c8: 0049 c1eb | 0e0f 8709 | 1000 0041 | 0fb6 6b0d | 85ed 0f84 | 500c 0000 | 498b 6b68 

  0x000001b89dd041e4: ;   {other}
  0x000001b89dd041e4: 48c1 ed0e | 0f87 3210 | 0000 4885 | ed0f 8555 | 0c00 0049 

  0x000001b89dd041f8: ;   {other}
  0x000001b89dd041f8: 8b6b 2848 | c1ed 0e0f | 8759 1000 | 0044 8b55 

  0x000001b89dd04208: ;   {metadata('java/lang/Boolean')}
  0x000001b89dd04208: 0841 81fa | d073 0580 | 0f85 920c | 0000 0fb6 | 6d0c 85ed | 0f85 460c | 0000 ba08 | 0400 004d 
  0x000001b89dd04228: 8b97 8003 | 0000 41b8 | 021b 0000 

  0x000001b89dd04234: ;   {other}
  0x000001b89dd04234: 498b 2a48 | c1ed 0e0f | 875b 1000 

  0x000001b89dd04240: ;   {static_call}
  0x000001b89dd04240: 0066 90e8 

  0x000001b89dd04244: ; ImmutableOopMap {rbp=Oop [8]=Oop [24]=Oop }
                      ;*invokestatic glPolygonMode {reexecute=0 rethrow=0 return_oop=0}
                      ; - org.lwjgl.opengl.GL11::glPolygonMode@2 (line 4987)
                      ; - com.seibel.distanthorizons.common.render.openGl.terrain.GlDhTerrainShaderProgram_neoforge::render@43 (line 276)
  0x000001b89dd04244: 10a1 d500 

  0x000001b89dd04248: ;   {other}
  0x000001b89dd04248: 0f1f 8400 | 3805 0000 | ba44 0b00 

  0x000001b89dd04254: ;   {static_call}
  0x000001b89dd04254: 0066 90e8 

  0x000001b89dd04258: ; ImmutableOopMap {rbp=Oop [8]=Oop [24]=Oop }
                      ;*invokestatic glEnable {reexecute=0 rethrow=0 return_oop=0}
                      ; - org.lwjgl.opengl.GL11::glEnable@1 (line 724)
                      ; - com.seibel.distanthorizons.common.wrappers.minecraft.MinecraftGLWrapper::enableFaceCulling@3 (line 192)
                      ; - com.seibel.distanthorizons.common.render.openGl.terrain.GlDhTerrainShaderProgram_neoforge::render@49 (line 277)
  0x000001b89dd04258: 7c21 45ff 

  0x000001b89dd0425c: ;   {other}
  0x000001b89dd0425c: 0f1f 8400 | 4c05 0001 

  0x000001b89dd04264: ;   {oop(a 'java/lang/Class'{0x0000040153a2cd98} = 'com/mojang/blaze3d/systems/RenderSystem')}
  0x000001b89dd04264: 49bb 98cd | a253 0104 | 0000 4d8b | 93d0 0000 

  0x000001b89dd04274: ;   {other}
  0x000001b89dd04274: 0049 c1ea | 0e0f 8763 | 1000 0049 | 3bea 0f85 | 200b 0000 

  0x000001b89dd04288: ;   {oop(a 'com/mojang/blaze3d/platform/GlStateManager$CullState'{0x000004012d9b5d80})}
  0x000001b89dd04288: 49ba 805d | 9b2d 0104 | 0000 4d8b 

  0x000001b89dd04294: ;   {other}
  0x000001b89dd04294: 5a10 49c1 | eb0e 0f87 | 7c10 0000 

  0x000001b89dd042a0: ; implicit exception: dispatches to 0x000001b89dd05160
  0x000001b89dd042a0: 450f b653 | 1041 83fa | 0174 1941 | c643 1001 | 418b 530c 

  0x000001b89dd042b4: ;   {static_call}
  0x000001b89dd042b4: 6666 90e8 

  0x000001b89dd042b8: ; ImmutableOopMap {rbp=Oop [8]=Oop [24]=Oop }
                      ;*invokestatic glEnable {reexecute=0 rethrow=0 return_oop=0}
                      ; - org.lwjgl.opengl.GL11::glEnable@1 (line 724)
                      ; - com.mojang.blaze3d.platform.GlStateManager$BooleanState::setEnabled@24 (line 777)
                      ; - com.mojang.blaze3d.platform.GlStateManager$BooleanState::enable@2 (line 769)
                      ; - com.mojang.blaze3d.platform.GlStateManager::_enableCull@9 (line 438)
                      ; - com.seibel.distanthorizons.common.wrappers.minecraft.MinecraftGLWrapper::enableFaceCulling@6 (line 193)
                      ; - com.seibel.distanthorizons.common.render.openGl.terrain.GlDhTerrainShaderProgram_neoforge::render@49 (line 277)
  0x000001b89dd042b8: c4b2 34fe 

  0x000001b89dd042bc: ;   {other}
  0x000001b89dd042bc: 0f1f 8400 | ac05 0002 | bae2 0b00 | 0044 8b1c | 2445 85db | 0f84 aa00 | 0000 4889 | 2c24 418b 
  0x000001b89dd042dc: ;   {static_call}
  0x000001b89dd042dc: eb66 90e8 

  0x000001b89dd042e0: ; ImmutableOopMap {[0]=Oop [8]=Oop [24]=Oop }
                      ;*invokestatic glDisable {reexecute=0 rethrow=0 return_oop=0}
                      ; - org.lwjgl.opengl.GL11::glDisable@1 (line 737)
                      ; - com.seibel.distanthorizons.common.wrappers.minecraft.MinecraftGLWrapper::disableBlend@3 (line 137)
                      ; - com.seibel.distanthorizons.common.render.openGl.terrain.GlDhTerrainShaderProgram_neoforge::render@96 (line 289)
  0x000001b89dd042e0: 749d 19ff 

  0x000001b89dd042e4: ;   {other}
  0x000001b89dd042e4: 0f1f 8400 | d405 0003 

  0x000001b89dd042ec: ;   {oop(a 'java/lang/Class'{0x0000040153a2cd98} = 'com/mojang/blaze3d/systems/RenderSystem')}
  0x000001b89dd042ec: 49bb 98cd | a253 0104 | 0000 4d8b | 93d0 0000 

  0x000001b89dd042fc: ;   {other}
  0x000001b89dd042fc: 0049 c1ea | 0e0f 8749 | 1000 004c | 8b1c 244d | 3bda 0f85 | c40a 0000 

  0x000001b89dd04314: ;   {oop(a 'com/mojang/blaze3d/platform/GlStateManager$BlendState'{0x000004012d9adea0})}
  0x000001b89dd04314: 49bb a0de | 9a2d 0104 | 0000 4d8b 

  0x000001b89dd04320: ;   {other}
  0x000001b89dd04320: 5320 49c1 | ea0e 0f87 | 5e10 0000 

  0x000001b89dd0432c: ; implicit exception: dispatches to 0x000001b89dd05188
  0x000001b89dd0432c: 450f b642 | 1045 85c0 | 7416 41c6 | 4210 0041 

  0x000001b89dd0433c: ;   {static_call}
  0x000001b89dd0433c: 8b52 0ce8 

  0x000001b89dd04340: ; ImmutableOopMap {[8]=Oop [24]=Oop }
                      ;*invokestatic glDisable {reexecute=0 rethrow=0 return_oop=0}
                      ; - org.lwjgl.opengl.GL11::glDisable@1 (line 737)
                      ; - com.mojang.blaze3d.platform.GlStateManager$BooleanState::setEnabled@34 (line 779)
                      ; - com.mojang.blaze3d.platform.GlStateManager$BooleanState::disable@2 (line 765)
                      ; - com.mojang.blaze3d.platform.GlStateManager::_disableBlend@9 (line 91)
                      ; - com.seibel.distanthorizons.common.wrappers.minecraft.MinecraftGLWrapper::disableBlend@6 (line 138)
                      ; - com.seibel.distanthorizons.common.render.openGl.terrain.GlDhTerrainShaderProgram_neoforge::render@96 (line 289)
  0x000001b89dd04340: 149d 19ff 

  0x000001b89dd04344: ;   {other}
  0x000001b89dd04344: 0f1f 8400 | 3406 0004 | 448b e548 | 8b4c 2408 | 4885 c90f | 841f 0b00 | 004c 8b51 

  0x000001b89dd04360: ;   {other}
  0x000001b89dd04360: 1049 c1ea | 0e0f 8753 | 1000 0045 | 8b5a 1045 | 85db 0f8e | ea07 0000 | 4533 dbe9 | 0103 0000 
  0x000001b89dd04380: ;   {static_call}
  0x000001b89dd04380: 6666 90e8 

  0x000001b89dd04384: ; ImmutableOopMap {rbp=Oop [8]=Oop [24]=Oop }
                      ;*invokestatic glEnable {reexecute=0 rethrow=0 return_oop=0}
                      ; - org.lwjgl.opengl.GL11::glEnable@1 (line 724)
                      ; - com.seibel.distanthorizons.common.wrappers.minecraft.MinecraftGLWrapper::enableBlend@3 (line 131)
                      ; - com.seibel.distanthorizons.common.render.openGl.terrain.GlDhTerrainShaderProgram_neoforge::render@59 (line 282)
  0x000001b89dd04384: 5020 45ff 

  0x000001b89dd04388: ;   {other}
  0x000001b89dd04388: 0f1f 8400 | 7806 0005 

  0x000001b89dd04390: ;   {oop(a 'java/lang/Class'{0x0000040153a2cd98} = 'com/mojang/blaze3d/systems/RenderSystem')}
  0x000001b89dd04390: 49bb 98cd | a253 0104 | 0000 4d8b | 93d0 0000 

  0x000001b89dd043a0: ;   {other}
  0x000001b89dd043a0: 0049 c1ea | 0e0f 8747 | 1000 0049 | 3bea 0f85 | 0c0a 0000 

  0x000001b89dd043b4: ;   {oop(a 'com/mojang/blaze3d/platform/GlStateManager$BlendState'{0x000004012d9adea0})}
  0x000001b89dd043b4: 49bb a0de | 9a2d 0104 | 0000 4d8b 

  0x000001b89dd043c0: ;   {other}
  0x000001b89dd043c0: 5320 49c1 | ea0e 0f87 | 6010 0000 

  0x000001b89dd043cc: ; implicit exception: dispatches to 0x000001b89dd0519c
  0x000001b89dd043cc: 450f b65a | 1041 83fb | 0174 1941 | c642 1001 | 418b 520c 

  0x000001b89dd043e0: ;   {static_call}
  0x000001b89dd043e0: 6666 90e8 

  0x000001b89dd043e4: ; ImmutableOopMap {rbp=Oop [8]=Oop [24]=Oop }
                      ;*invokestatic glEnable {reexecute=0 rethrow=0 return_oop=0}
                      ; - org.lwjgl.opengl.GL11::glEnable@1 (line 724)
                      ; - com.mojang.blaze3d.platform.GlStateManager$BooleanState::setEnabled@24 (line 777)
                      ; - com.mojang.blaze3d.platform.GlStateManager$BooleanState::enable@2 (line 769)
                      ; - com.mojang.blaze3d.platform.GlStateManager::_enableBlend@9 (line 96)
                      ; - com.seibel.distanthorizons.common.wrappers.minecraft.MinecraftGLWrapper::enableBlend@6 (line 132)
                      ; - com.seibel.distanthorizons.common.render.openGl.terrain.GlDhTerrainShaderProgram_neoforge::render@59 (line 282)
  0x000001b89dd043e4: 98b1 34fe 

  0x000001b89dd043e8: ;   {other}
  0x000001b89dd043e8: 0f1f 8400 | d806 0006 | ba71 0b00 

  0x000001b89dd043f4: ;   {static_call}
  0x000001b89dd043f4: 0066 90e8 

  0x000001b89dd043f8: ; ImmutableOopMap {rbp=Oop [8]=Oop [24]=Oop }
                      ;*invokestatic glEnable {reexecute=0 rethrow=0 return_oop=0}
                      ; - org.lwjgl.opengl.GL11::glEnable@1 (line 724)
                      ; - com.seibel.distanthorizons.common.wrappers.minecraft.MinecraftGLWrapper::enableDepthTest@3 (line 95)
                      ; - com.seibel.distanthorizons.common.render.openGl.terrain.GlDhTerrainShaderProgram_neoforge::render@65 (line 283)
  0x000001b89dd043f8: dc1f 45ff 

  0x000001b89dd043fc: ;   {other}
  0x000001b89dd043fc: 0f1f 8400 | ec06 0007 

  0x000001b89dd04404: ;   {oop(a 'java/lang/Class'{0x0000040153a2cd98} = 'com/mojang/blaze3d/systems/RenderSystem')}
  0x000001b89dd04404: 49ba 98cd | a253 0104 | 0000 450f | b692 9401 

  0x000001b89dd04414: ;   {oop(a 'java/lang/Class'{0x0000040153a2cd98} = 'com/mojang/blaze3d/systems/RenderSystem')}
  0x000001b89dd04414: 0000 49b8 | 98cd a253 | 0104 0000 | 4d8b 98d0 

  0x000001b89dd04424: ;   {other}
  0x000001b89dd04424: 0000 0049 | c1eb 0e0f | 872f 1000 | 0045 85d2 | 0f85 cc07 | 0000 4c8b | e549 3beb | 0f85 be09 
  0x000001b89dd04444: ;   {oop(a 'com/mojang/blaze3d/platform/GlStateManager$DepthState'{0x000004012d9b5938})}
  0x000001b89dd04444: 0000 49b8 | 3859 9b2d | 0104 0000 | 498b 6818 

  0x000001b89dd04454: ;   {other}
  0x000001b89dd04454: 48c1 ed0e | 0f87 4610 | 0000 440f | b64d 1045 | 85d2 7509 | 4d3b e30f | 85ab 0900 | 0041 83f9 
  0x000001b89dd04474: 0175 064c | 8924 24eb | 1b4c 8924 | 24c6 4510 | 018b 550c 

  0x000001b89dd04488: ;   {static_call}
  0x000001b89dd04488: 6666 90e8 

  0x000001b89dd0448c: ; ImmutableOopMap {[0]=Oop [8]=Oop [24]=Oop }
                      ;*invokestatic glEnable {reexecute=0 rethrow=0 return_oop=0}
                      ; - org.lwjgl.opengl.GL11::glEnable@1 (line 724)
                      ; - com.mojang.blaze3d.platform.GlStateManager$BooleanState::setEnabled@24 (line 777)
                      ; - com.mojang.blaze3d.platform.GlStateManager$BooleanState::enable@2 (line 769)
                      ; - com.mojang.blaze3d.platform.GlStateManager::_enableDepthTest@9 (line 70)
                      ; - com.seibel.distanthorizons.common.wrappers.minecraft.MinecraftGLWrapper::enableDepthTest@6 (line 96)
                      ; - com.seibel.distanthorizons.common.render.openGl.terrain.GlDhTerrainShaderProgram_neoforge::render@65 (line 283)
  0x000001b89dd0448c: f0b0 34fe 

  0x000001b89dd04490: ;   {other}
  0x000001b89dd04490: 0f1f 8400 | 8007 0008 | ba06 8000 

  0x000001b89dd0449c: ;   {static_call}
  0x000001b89dd0449c: 0066 90e8 

  0x000001b89dd044a0: ; ImmutableOopMap {[0]=Oop [8]=Oop [24]=Oop }
                      ;*invokestatic glBlendEquation {reexecute=0 rethrow=0 return_oop=0}
                      ; - org.lwjgl.opengl.GL14::glBlendEquation@1 (line 196)
                      ; - com.seibel.distanthorizons.common.render.openGl.terrain.GlDhTerrainShaderProgram_neoforge::render@71 (line 284)
  0x000001b89dd044a0: 348d 2b00 

  0x000001b89dd044a4: ;   {other}
  0x000001b89dd044a4: 0f1f 8400 | 9407 0009 | ba02 0300 | 0041 b803 | 0300 0041 | b901 0000 | 00bf 0303 

  0x000001b89dd044c0: ;   {static_call}
  0x000001b89dd044c0: 0000 90e8 

  0x000001b89dd044c4: ; ImmutableOopMap {[0]=Oop [8]=Oop [24]=Oop }
                      ;*invokestatic glBlendFuncSeparate {reexecute=0 rethrow=0 return_oop=0}
                      ; - org.lwjgl.opengl.GL14::glBlendFuncSeparate@4 (line 777)
                      ; - com.seibel.distanthorizons.common.wrappers.minecraft.MinecraftGLWrapper::glBlendFuncSeparate@5 (line 153)
                      ; - com.seibel.distanthorizons.common.render.openGl.terrain.GlDhTerrainShaderProgram_neoforge::render@87 (line 285)
  0x000001b89dd044c4: 9020 1500 

  0x000001b89dd044c8: ;   {other}
  0x000001b89dd044c8: 0f1f 8400 | b807 000a 

  0x000001b89dd044d0: ;   {oop(a 'java/lang/Class'{0x0000040153a2cd98} = 'com/mojang/blaze3d/systems/RenderSystem')}
  0x000001b89dd044d0: 49bb 98cd | a253 0104 | 0000 4d8b | 93d0 0000 

  0x000001b89dd044e0: ;   {other}
  0x000001b89dd044e0: 0049 c1ea | 0e0f 8701 | 1000 004c | 8b1c 244d | 3bda 0f85 | f408 0000 

  0x000001b89dd044f8: ;   {oop(a 'com/mojang/blaze3d/platform/GlStateManager$BlendState'{0x000004012d9adea0})}
  0x000001b89dd044f8: 49ba a0de | 9a2d 0104 | 0000 458b | 5a0c 4181 | fb02 0300 | 0075 2445 | 8b5a 1041 | 81fb 0303 
  0x000001b89dd04518: 0000 7517 | 458b 5a14 | 4183 fb01 | 750d 458b | 5a18 4181 | fb03 0300 | 0074 4541 | c742 1803 
  0x000001b89dd04538: 0300 0041 | c742 1401 | 0000 0041 | c742 1003 | 0300 0041 | c742 0c02 | 0300 00ba | 0203 0000 
  0x000001b89dd04558: 41b8 0303 | 0000 41b9 | 0100 0000 | bf03 0300 

  0x000001b89dd04568: ;   {static_call}
  0x000001b89dd04568: 0066 90e8 

  0x000001b89dd0456c: ; ImmutableOopMap {[8]=Oop [24]=Oop }
                      ;*invokestatic glBlendFuncSeparate {reexecute=0 rethrow=0 return_oop=0}
                      ; - org.lwjgl.opengl.GL14::glBlendFuncSeparate@4 (line 777)
                      ; - com.mojang.blaze3d.platform.GlStateManager::glBlendFuncSeparate@7 (line 403)
                      ; - com.mojang.blaze3d.platform.GlStateManager::_blendFuncSeparate@75 (line 115)
                      ; - com.seibel.distanthorizons.common.wrappers.minecraft.MinecraftGLWrapper::glBlendFuncSeparate@13 (line 154)
                      ; - com.seibel.distanthorizons.common.render.openGl.terrain.GlDhTerrainShaderProgram_neoforge::render@87 (line 285)
  0x000001b89dd0456c: 10b0 34fe 

  0x000001b89dd04570: ;   {other}
  0x000001b89dd04570: 0f1f 8400 | 6008 000b | 4533 e4e9 | cffd ffff 

  0x000001b89dd04580: ;   {oop(a 'com/seibel/distanthorizons/common/render/openGl/GlDhRenderApiDefinition_neoforge'{0x00000400b51d3cc8})}
  0x000001b89dd04580: 49ba c83c | 1db5 0004 | 0000 410f | b66a 0c85 | ed0f 84e1 

  0x000001b89dd04594: ;   {oop(a 'java/lang/Class'{0x000004012267d300} = 'com/seibel/distanthorizons/common/render/openGl/glObject/buffer/GLVertexBuffer')}
  0x000001b89dd04594: 0700 0049 | bb00 d367 | 2201 0400 | 004d 8b93 | c000 0000 

  0x000001b89dd045a8: ;   {other}
  0x000001b89dd045a8: 49c1 ea0e | 0f87 740f | 0000 458b | 4a1c ba04 | 0000 0044 | 8b44 2404 

  0x000001b89dd045c0: ;   {static_call}
  0x000001b89dd045c0: 33ff 90e8 

  0x000001b89dd045c4: ; ImmutableOopMap {[8]=Oop [16]=Oop [24]=Oop [40]=Oop }
                      ;*invokestatic nglDrawElements {reexecute=0 rethrow=0 return_oop=0}
                      ; - org.lwjgl.opengl.GL11C::glDrawElements@4 (line 543)
                      ; - org.lwjgl.opengl.GL11::glDrawElements@4 (line 1870)
                      ; - com.seibel.distanthorizons.common.render.openGl.terrain.GlDhTerrainShaderProgram_neoforge::render@357 (line 350)
  0x000001b89dd045c4: 909d e9fe 

  0x000001b89dd045c8: ;   {other}
  0x000001b89dd045c8: 0f1f 8400 | b808 000c | ba92 8800 | 0045 33c0 

  0x000001b89dd045d8: ;   {static_call}
  0x000001b89dd045d8: 6666 90e8 

  0x000001b89dd045dc: ; ImmutableOopMap {[8]=Oop [16]=Oop [24]=Oop [40]=Oop }
                      ;*invokestatic glBindBuffer {reexecute=0 rethrow=0 return_oop=0}
                      ; - org.lwjgl.opengl.GL15::glBindBuffer@2 (line 129)
                      ; - com.seibel.distanthorizons.common.render.openGl.glObject.buffer.GLBuffer::unbind@5 (line 97)
                      ; - com.seibel.distanthorizons.common.render.openGl.terrain.GlDhTerrainShaderProgram_neoforge::render@362 (line 355)
  0x000001b89dd045dc: f83f e7fe 

  0x000001b89dd045e0: ;   {other}
  0x000001b89dd045e0: 0f1f 8400 | d008 000d 

  0x000001b89dd045e8: ;   {oop(a 'com/seibel/distanthorizons/common/render/openGl/GlDhRenderApiDefinition_neoforge'{0x00000400b51d3cc8})}
  0x000001b89dd045e8: 49ba c83c | 1db5 0004 | 0000 410f | b66a 0c85 | ed0f 848d 

  0x000001b89dd045fc: ;   {oop(a 'java/lang/Class'{0x000004012267d300} = 'com/seibel/distanthorizons/common/render/openGl/glObject/buffer/GLVertexBuffer')}
  0x000001b89dd045fc: 0700 0049 | bb00 d367 | 2201 0400 | 004d 8b93 | c000 0000 

  0x000001b89dd04610: ;   {other}
  0x000001b89dd04610: 49c1 ea0e | 0f87 460f | 0000 4d85 | d20f 8489 | 0600 00ba | 9388 0000 

  0x000001b89dd04628: ;   {static_call}
  0x000001b89dd04628: 4533 c0e8 

  0x000001b89dd0462c: ; ImmutableOopMap {[8]=Oop [24]=Oop [40]=Oop }
                      ;*invokestatic glBindBuffer {reexecute=0 rethrow=0 return_oop=0}
                      ; - org.lwjgl.opengl.GL15::glBindBuffer@2 (line 129)
                      ; - com.seibel.distanthorizons.common.render.openGl.glObject.buffer.GLBuffer::unbind@5 (line 97)
                      ; - com.seibel.distanthorizons.common.render.openGl.terrain.GlDhTerrainShaderProgram_neoforge::render@370 (line 356)
  0x000001b89dd0462c: a83f e7fe 

  0x000001b89dd04630: ;   {other}
  0x000001b89dd04630: 0f1f 8400 | 2009 000e | 448b 5c24 | 2441 ffc3 | 443b 5c24 | 380f 8c2a | 0500 0044 | 8b64 2420 
  0x000001b89dd04650: 4d8b 8750 | 0400 0044 | 8b1c 2441 

  0x000001b89dd0465c: ; ImmutableOopMap {[8]=Oop [24]=Oop }
                      ;*goto {reexecute=1 rethrow=0 return_oop=0}
                      ; - (reexecute) com.seibel.distanthorizons.common.render.openGl.terrain.GlDhTerrainShaderProgram_neoforge::render@382 (line 311)
                      ;   {poll}
  0x000001b89dd0465c: ffc3 4185 | 0048 8b4c | 2408 4c8b 

  0x000001b89dd04668: ;   {other}
  0x000001b89dd04668: 5110 49c1 | ea0e 0f87 | 260f 0000 

  0x000001b89dd04674: ; implicit exception: dispatches to 0x000001b89dd05018
  0x000001b89dd04674: 458b 4a10 | 453b d90f | 8de1 0400 | 0045 8b4a | 1045 85db | 0f8c da05 | 0000 453b | d90f 8d29 
  0x000001b89dd04694: 0500 0049 

  0x000001b89dd04698: ;   {other}
  0x000001b89dd04698: 8b6a 1848 | c1ed 0e0f | 8733 0f00 | 0044 8b45 | 0c45 3bd8 | 0f83 5c05 | 0000 4e8b 

  0x000001b89dd046b4: ;   {other}
  0x000001b89dd046b4: 54dd 1049 | c1ea 0e0f | 875f 0f00 | 0045 8b42 

  0x000001b89dd046c4: ;   {metadata('com/seibel/distanthorizons/core/dataObjects/render/bufferBuilding/LodBufferContainer')}
  0x000001b89dd046c4: 0841 81f8 | 20f0 9583 | 0f85 ea07 | 0000 4c8b | 4424 184d | 85c0 0f84 | 4405 0000 | 4489 1c24 
  0x000001b89dd046e4: 4489 6424 | 0448 894c | 2408 4c89 | 5424 104d | 8b97 b801 | 0000 4d8b | c249 83c2 | 184c 8b5c 
  0x000001b89dd04704: 2418 498b | ab88 0000 

  0x000001b89dd0470c: ;   {other}
  0x000001b89dd0470c: 0048 c1ed | 0e0f 8749 | 0f00 004d | 3b97 c801 | 0000 0f83 | 5b04 0000 | 4d89 97b8 | 0100 004d 
  0x000001b89dd0472c: 8bd8 4983 | c310 49c7 | 0001 0000 | 0041 0f18 | 8200 0100 

  0x000001b89dd04740: ;   {metadata('com/seibel/distanthorizons/core/util/math/Vec3f')}
  0x000001b89dd04740: 0041 c740 | 0870 cebb | 8341 c740 | 0c00 0000 | 00c5 fdef | c0c4 c179 | d603 4c89 | 4424 204c 
  0x000001b89dd04760: 8b54 2410 | 4d8b 5a18 

  0x000001b89dd04768: ;   {other}
  0x000001b89dd04768: 49c1 eb0e | 0f87 3c0f | 0000 458b | 530c c5fb | 1045 10c5 | fb10 4d20 | c5fb 1055 | 18c4 c179 
  0x000001b89dd04788: 6eda c5fa | e6db c5e3 | 5cc0 c5e3 | 5ad8 c4c1 | 7a11 580c | 458b 5310 | c4c1 796e | c2c5 fae6 
  0x000001b89dd047a8: c045 8b5b | 14c4 c179 | 6edb c5fa | e6db c5fb | 5cc2 c5e3 | 5cc9 c5fb | 5ac0 c4c1 | 7a11 4010 
  0x000001b89dd047c8: c5f3 5ac9 | c4c1 7a11 

  0x000001b89dd047d0: ;   {oop(a 'com/seibel/distanthorizons/common/render/openGl/GlDhMetaRenderer_neoforge'{0x000004015e6906c0})}
  0x000001b89dd047d0: 4814 49bb | c006 695e | 0104 0000 | 4d8b 5340 

  0x000001b89dd047e0: ;   {other}
  0x000001b89dd047e0: 49c1 ea0e | 0f87 020f | 0000 458b 

  0x000001b89dd047ec: ;   {metadata('com/seibel/distanthorizons/common/render/openGl/terrain/GlDhTerrainShaderProgram_neoforge')}
  0x000001b89dd047ec: 5a08 4181 | fbd0 c8bb | 830f 853d | 0400 004c | 8954 2428 | 410f b66a | 4485 ed0f | 848b 0400 
  0x000001b89dd0480c: 0041 8b52 

  0x000001b89dd04810: ;   {static_call}
  0x000001b89dd04810: 0c66 90e8 

  0x000001b89dd04814: ; ImmutableOopMap {[8]=Oop [16]=Oop [24]=Oop [32]=Oop [40]=Oop }
                      ;*invokestatic glUseProgram {reexecute=0 rethrow=0 return_oop=0}
                      ; - org.lwjgl.opengl.GL20::glUseProgram@1 (line 398)
                      ; - com.seibel.distanthorizons.common.render.openGl.glObject.shader.GlShaderProgram::bind@4 (line 99)
                      ; - com.seibel.distanthorizons.common.render.openGl.terrain.GlDhTerrainShaderProgram_neoforge::bind@5 (line 174)
                      ; - com.seibel.distanthorizons.common.render.openGl.terrain.GlDhTerrainShaderProgram_neoforge::render@207 (line 323)
  0x000001b89dd04814: c00b f5fe 

  0x000001b89dd04818: ;   {other}
  0x000001b89dd04818: 0f1f 8400 | 080b 0010 | 4c8b 5c24 | 284d 8b53 

  0x000001b89dd04828: ;   {other}
  0x000001b89dd04828: 4849 c1ea | 0e0f 87ed | 0e00 0041 

  0x000001b89dd04834: ;   {static_call}
  0x000001b89dd04834: 8b52 0ce8 

  0x000001b89dd04838: ; ImmutableOopMap {[8]=Oop [16]=Oop [24]=Oop [32]=Oop }
                      ;*invokestatic glBindVertexArray {reexecute=0 rethrow=0 return_oop=0}
                      ; - org.lwjgl.opengl.GL30::glBindVertexArray@1 (line 2283)
                      ; - com.seibel.distanthorizons.common.render.openGl.glObject.vertexAttribute.GlAbstractVertexAttribute::bind@4 (line 67)
                      ; - com.seibel.distanthorizons.common.render.openGl.terrain.GlDhTerrainShaderProgram_neoforge::bind@12 (line 175)
                      ; - com.seibel.distanthorizons.common.render.openGl.terrain.GlDhTerrainShaderProgram_neoforge::render@207 (line 323)
  0x000001b89dd04838: 1cd0 e7fe 

  0x000001b89dd0483c: ;   {other}
  0x000001b89dd0483c: 0f1f 8400 | 2c0b 0011 

  0x000001b89dd04844: ;   {oop(a 'com/seibel/distanthorizons/common/render/openGl/GlDhMetaRenderer_neoforge'{0x000004015e6906c0})}
  0x000001b89dd04844: 49ba c006 | 695e 0104 | 0000 498b 

  0x000001b89dd04850: ;   {other}
  0x000001b89dd04850: 6a40 48c1 | ed0e 0f87 | f80e 0000 

  0x000001b89dd0485c: ; implicit exception: dispatches to 0x000001b89dd04fec
  0x000001b89dd0485c: 448b 5508 

  0x000001b89dd04860: ;   {metadata('com/seibel/distanthorizons/common/render/openGl/terrain/GlDhTerrainShaderProgram_neoforge')}
  0x000001b89dd04860: 4181 fad0 | c8bb 830f | 85e7 0300 | 008b 5514 | 4c8b 5424 | 20c4 c17a | 104a 10c4 | c17a 1052 
  0x000001b89dd04880: 14c4 c17a 

  0x000001b89dd04884: ;   {static_call}
  0x000001b89dd04884: 1042 0ce8 

  0x000001b89dd04888: ; ImmutableOopMap {[8]=Oop [16]=Oop [24]=Oop [32]=Oop }
                      ;*invokestatic glUniform3f {reexecute=0 rethrow=0 return_oop=0}
                      ; - org.lwjgl.opengl.GL20::glUniform3f@4 (line 456)
                      ; - com.seibel.distanthorizons.common.render.openGl.glObject.shader.GlShaderProgram::setUniform@13 (line 184)
                      ; - com.seibel.distanthorizons.common.render.openGl.terrain.GlDhTerrainShaderProgram_neoforge::setModelOffsetPos@13 (line 244)
                      ; - com.seibel.distanthorizons.common.render.openGl.terrain.GlDhTerrainShaderProgram_neoforge::render@220 (line 324)
  0x000001b89dd04888: cc36 5900 

  0x000001b89dd0488c: ;   {other}
  0x000001b89dd0488c: 0f1f 8400 | 7c0b 0012 | 498b afb8 | 0100 004c | 8bd5 4983 | c260 4d3b | 97c8 0100 | 000f 83f1 
  0x000001b89dd048ac: 0200 004d | 8997 b801 | 0000 410f | 1882 0001 | 0000 48c7 | 4500 0100 | 0000 488b | fd48 83c7 
  0x000001b89dd048cc: ;   {metadata('com/seibel/distanthorizons/api/methods/events/abstractEvents/DhApiBeforeBufferRenderEvent$EventParam')}
  0x000001b89dd048cc: 10c7 4508 | 0852 c083 | c745 0c00 | 0000 00b9 | 0a00 0000 | c5fd efc0 | e90d 0000 | 00c5 fe7f 
  0x000001b89dd048ec: 07c5 fe7f | 4720 4883 | c740 4883 | e908 7ded | 4883 c104 | 7c0c c5fe | 7f07 4883 | c720 4883 
  0x000001b89dd0490c: e904 4883 | c104 7e17 | 48c7 c0ff | ffff ffc4 | e2f0 f5c0 | c4e1 fb92 | f862 f1fe | 2f7f 0748 
  0x000001b89dd0492c: 8bd5 4c8b 

  0x000001b89dd04930: ;   {optimized virtual_call}
  0x000001b89dd04930: 4424 18e8 

  0x000001b89dd04934: ; ImmutableOopMap {rbp=Oop [8]=Oop [16]=Oop [24]=Oop [32]=Oop }
                      ;*invokespecial <init> {reexecute=0 rethrow=0 return_oop=0}
                      ; - com.seibel.distanthorizons.api.methods.events.abstractEvents.DhApiBeforeBufferRenderEvent$EventParam::<init>@2 (line 67)
                      ; - com.seibel.distanthorizons.common.render.openGl.terrain.GlDhTerrainShaderProgram_neoforge::render@237 (line 326)
  0x000001b89dd04934: 38db 8b01 

  0x000001b89dd04938: ;   {other}
  0x000001b89dd04938: 0f1f 8400 | 280c 0013 | 4c8b 5c24 | 20f7 4558 | d0d9 0000 

  0x000001b89dd0494c: ;   {other}
  0x000001b89dd0494c: 0f85 360e | 0000 4d8b 

  0x000001b89dd04954: ;   {other}
  0x000001b89dd04954: d349 c1e2 | 0e49 81ca | 2026 0000 

  0x000001b89dd04960: ;   {other}
  0x000001b89dd04960: 4c89 5558 

  0x000001b89dd04964: ;   {oop(a 'com/seibel/distanthorizons/coreapi/DependencyInjection/ApiEventInjector'{0x000004024bb13020})}
  0x000001b89dd04964: 48ba 2030 | b14b 0204 

  0x000001b89dd0496c: ;   {oop(a 'java/lang/Class'{0x0000040378ff3680} = 'com/seibel/distanthorizons/api/methods/events/abstractEvents/DhApiBeforeBufferRenderEvent')}
  0x000001b89dd0496c: 0000 49b8 | 8036 ff78 | 0304 0000 

  0x000001b89dd04978: ;   {optimized virtual_call}
  0x000001b89dd04978: 4c8b cde8 

  0x000001b89dd0497c: ; ImmutableOopMap {[8]=Oop [16]=Oop [24]=Oop }
                      ;*invokevirtual fireAllEvents {reexecute=0 rethrow=0 return_oop=0}
                      ; - com.seibel.distanthorizons.common.render.openGl.terrain.GlDhTerrainShaderProgram_neoforge::render@240 (line 326)
  0x000001b89dd0497c: f022 0500 

  0x000001b89dd04980: ;   {other}
  0x000001b89dd04980: 0f1f 8400 | 700c 0014 | 448b 6424 | 044c 8b5c | 2410 4d8b 

  0x000001b89dd04994: ;   {other}
  0x000001b89dd04994: 4b28 49c1 | e90e 0f87 | 580e 0000 | 4d8b 5320 

  0x000001b89dd049a4: ;   {other}
  0x000001b89dd049a4: 49c1 ea0e | 0f87 7e0e | 0000 4585 | e44d 0f45 | ca45 8b51 | 0c45 85d2 | 0f86 8efc | ffff 458d 
  0x000001b89dd049c4: 42ff 453b | c20f 833d | 0300 0045 | 33db 4489 | 6424 204c | 894c 2428 | 4489 5424 | 3844 895c 
  0x000001b89dd049e4: 2424 4c8b | 5424 2844 | 8b5c 2424 | 4f8b 44da 

  0x000001b89dd049f4: ;   {other}
  0x000001b89dd049f4: 1049 c1e8 | 0e0f 876b | 0e00 0045 

  0x000001b89dd04a00: ;   {metadata('com/seibel/distanthorizons/common/render/openGl/glObject/buffer/GLVertexBuffer')}
  0x000001b89dd04a00: 8b58 0841 | 81fb 6802 | b783 0f85 | dc04 0000 | 4c89 4424 | 1041 8b68 | 1885 ed0f | 841b 0300 
  0x000001b89dd04a20: 0045 8b40 | 0cc5 f96e | c5c5 fae6 

  0x000001b89dd04a2c: ;   {section_word}
  0x000001b89dd04a2c: c0c5 fb59 | 052b f7ff | ffc5 7b2c | d041 81fa | 0000 0080 | 0f84 1c0f | 0000 4489 | 5424 04ba 
  0x000001b89dd04a4c: 9288 0000 

  0x000001b89dd04a50: ;   {static_call}
  0x000001b89dd04a50: 6666 90e8 

  0x000001b89dd04a54: ; ImmutableOopMap {[8]=Oop [16]=Oop [24]=Oop [40]=Oop }
                      ;*invokestatic glBindBuffer {reexecute=0 rethrow=0 return_oop=0}
                      ; - org.lwjgl.opengl.GL15::glBindBuffer@2 (line 129)
                      ; - com.seibel.distanthorizons.common.render.openGl.glObject.buffer.GLBuffer::bind@8 (line 96)
                      ; - com.seibel.distanthorizons.common.render.openGl.terrain.GlDhTerrainShaderProgram_neoforge::render@318 (line 346)
  0x000001b89dd04a54: 803b e7fe 

  0x000001b89dd04a58: ;   {other}
  0x000001b89dd04a58: 0f1f 8400 | 480d 0015 

  0x000001b89dd04a60: ;   {oop(a 'com/seibel/distanthorizons/common/render/openGl/GlDhRenderApiDefinition_neoforge'{0x00000400b51d3cc8})}
  0x000001b89dd04a60: 49ba c83c | 1db5 0004 | 0000 410f | b66a 0c85 | ed0f 84ed 

  0x000001b89dd04a74: ;   {oop(a 'java/lang/Class'{0x000004012267d300} = 'com/seibel/distanthorizons/common/render/openGl/glObject/buffer/GLVertexBuffer')}
  0x000001b89dd04a74: 0200 0049 | bb00 d367 | 2201 0400 | 004d 8b93 | c000 0000 

  0x000001b89dd04a88: ;   {other}
  0x000001b89dd04a88: 49c1 ea0e | 0f87 180e | 0000 458b | 420c ba93 

  0x000001b89dd04a98: ;   {static_call}
  0x000001b89dd04a98: 8800 00e8 

  0x000001b89dd04a9c: ; ImmutableOopMap {[8]=Oop [16]=Oop [24]=Oop [40]=Oop }
                      ;*invokestatic glBindBuffer {reexecute=0 rethrow=0 return_oop=0}
                      ; - org.lwjgl.opengl.GL15::glBindBuffer@2 (line 129)
                      ; - com.seibel.distanthorizons.common.render.openGl.glObject.buffer.GLBuffer::bind@8 (line 96)
                      ; - com.seibel.distanthorizons.common.render.openGl.terrain.GlDhTerrainShaderProgram_neoforge::render@326 (line 347)
  0x000001b89dd04a9c: 383b e7fe 

  0x000001b89dd04aa0: ;   {other}
  0x000001b89dd04aa0: 0f1f 8400 | 900d 0016 | 4c8b 5424 | 1045 8b5a | 0c44 895c 

  0x000001b89dd04ab4: ;   {oop(a 'com/seibel/distanthorizons/common/render/openGl/GlDhMetaRenderer_neoforge'{0x000004015e6906c0})}
  0x000001b89dd04ab4: 2430 49ba | c006 695e | 0104 0000 | 4d8b 5a40 

  0x000001b89dd04ac4: ;   {other}
  0x000001b89dd04ac4: 49c1 eb0e | 0f87 160e | 0000 458b 

  0x000001b89dd04ad0: ;   {metadata('com/seibel/distanthorizons/common/render/openGl/terrain/GlDhTerrainShaderProgram_neoforge')}
  0x000001b89dd04ad0: 4308 4181 | f8d0 c8bb | 830f 85e1 | 0100 0049 

  0x000001b89dd04ae0: ;   {other}
  0x000001b89dd04ae0: 8b6b 4848 | c1ed 0e0f | 872b 0e00 | 0044 8b55 

  0x000001b89dd04af0: ;   {metadata('com/seibel/distanthorizons/common/render/openGl/glObject/vertexAttribute/GlVertexAttributePostGL43')}
  0x000001b89dd04af0: 0841 81fa | 28d3 bb83 | 0f85 fa01 | 0000 448b | 5510 4585 | d20f 8e75 | faff ff45 | 33d2 4489 
  0x000001b89dd04b10: 5424 340f | 1f80 0000 | 0000 660f | 1f44 0000 | 8b7d 148b | 5424 3444 | 8b44 2430 

  0x000001b89dd04b2c: ;   {static_call}
  0x000001b89dd04b2c: 4533 c9e8 

  0x000001b89dd04b30: ; ImmutableOopMap {rbp=Oop [8]=Oop [16]=Oop [24]=Oop [40]=Oop }
                      ;*invokestatic glBindVertexBuffer {reexecute=0 rethrow=0 return_oop=0}
                      ; - org.lwjgl.opengl.GL43::glBindVertexBuffer@5 (line 1953)
                      ; - com.seibel.distanthorizons.common.render.openGl.glObject.vertexAttribute.GlVertexAttributePostGL43::bindBufferToAllBindingPoints@17 (line 71)
                      ; - com.seibel.distanthorizons.common.render.openGl.terrain.GlDhTerrainShaderProgram_neoforge::bindVertexBuffer@5 (line 192)
                      ; - com.seibel.distanthorizons.common.render.openGl.terrain.GlDhTerrainShaderProgram_neoforge::render@340 (line 349)
  0x000001b89dd04b30: 2421 b0ff 

  0x000001b89dd04b34: ;   {other}
  0x000001b89dd04b34: 0f1f 8400 | 240e 0017 | 4d8b 9750 | 0400 0044 | 8b45 1044 | 8b5c 2434 

  0x000001b89dd04b4c: ; ImmutableOopMap {rbp=Oop [8]=Oop [16]=Oop [24]=Oop [40]=Oop }
                      ;*goto {reexecute=1 rethrow=0 return_oop=0}
                      ; - (reexecute) com.seibel.distanthorizons.common.render.openGl.glObject.vertexAttribute.GlVertexAttributePostGL43::bindBufferToAllBindingPoints@23 (line 69)
                      ; - com.seibel.distanthorizons.common.render.openGl.terrain.GlDhTerrainShaderProgram_neoforge::bindVertexBuffer@5 (line 192)
                      ; - com.seibel.distanthorizons.common.render.openGl.terrain.GlDhTerrainShaderProgram_neoforge::render@340 (line 349)
                      ;   {poll}
  0x000001b89dd04b4c: 41ff c341 | 8502 453b | d80f 8d25 | faff ff44 | 895c 2434 | ebbe 4883 

  0x000001b89dd04b64: ;   {poll_return}
  0x000001b89dd04b64: c450 5d49 | 3ba7 4804 | 0000 0f87 | d80d 0000 | c344 895c | 2424 e967 

  0x000001b89dd04b7c: ;   {metadata('com/seibel/distanthorizons/core/util/math/Vec3f')}
  0x000001b89dd04b7c: feff ff48 | ba70 cebb | 8300 0000 

  0x000001b89dd04b88: ;   {runtime_call _new_instance_Java}
  0x000001b89dd04b88: 0066 90e8 

  0x000001b89dd04b8c: ; ImmutableOopMap {rbp=Oop [8]=Oop [16]=Oop [24]=Oop }
                      ;*new {reexecute=0 rethrow=0 return_oop=1}
                      ; - com.seibel.distanthorizons.common.render.openGl.terrain.GlDhTerrainShaderProgram_neoforge::render@144 (line 318)
  0x000001b89dd04b8c: f0f4 40fe 

  0x000001b89dd04b90: ;   {other}
  0x000001b89dd04b90: 0f1f 8400 | 800e 0019 | 4c8b c0e9 | bafb ffff 

  0x000001b89dd04ba0: ;   {metadata('com/seibel/distanthorizons/api/methods/events/abstractEvents/DhApiBeforeBufferRenderEvent$EventParam')}
  0x000001b89dd04ba0: 48ba 0852 | c083 0000 

  0x000001b89dd04ba8: ;   {runtime_call _new_instance_Java}
  0x000001b89dd04ba8: 0000 90e8 

  0x000001b89dd04bac: ; ImmutableOopMap {[8]=Oop [16]=Oop [24]=Oop [32]=Oop }
                      ;*new {reexecute=0 rethrow=0 return_oop=1}
                      ; - com.seibel.distanthorizons.common.render.openGl.terrain.GlDhTerrainShaderProgram_neoforge::render@230 (line 326)
  0x000001b89dd04bac: d0f4 40fe 

  0x000001b89dd04bb0: ;   {other}
  0x000001b89dd04bb0: 0f1f 8400 | a00e 001a | 488b e8e9 | 6bfd ffff | 33d2 4c89 | 1424 4489 | 5c24 0845 | 8bc3 4c8b 
  0x000001b89dd04bd0: 5424 184c | 8954 2410 | 4489 6424 | 0c48 894c 

  0x000001b89dd04be0: ;   {static_call}
  0x000001b89dd04be0: 2418 90e8 

  0x000001b89dd04be4: ; ImmutableOopMap {[0]=Oop [16]=Oop [24]=Oop }
                      ;*invokestatic outOfBoundsCheckIndex {reexecute=0 rethrow=0 return_oop=1}
                      ; - jdk.internal.util.Preconditions::checkIndex@12 (line 302)
                      ; - java.util.Objects::checkIndex@3 (line 385)
                      ; - java.util.ArrayList::get@5 (line 427)
                      ; - com.seibel.distanthorizons.core.util.objects.SortedArraySet::get@5 (line 63)
                      ; - com.seibel.distanthorizons.common.render.openGl.terrain.GlDhTerrainShaderProgram_neoforge::render@130 (line 313)
  0x000001b89dd04be4: 98a9 34fe 

  0x000001b89dd04be8: ;   {other}
  0x000001b89dd04be8: 0f1f 8400 | d80e 001b | 4885 c00f | 849b 0200 | 0048 8bd0 | 4883 c450 

  0x000001b89dd04c00: ;   {runtime_call _rethrow_Java}
  0x000001b89dd04c00: 5de9 fa35 | 41fe 4c8b | e5e9 38f8 | ffff bae6 | ffff ff44 

  0x000001b89dd04c14: ;   {runtime_call UncommonTrapBlob}
  0x000001b89dd04c14: 891c 24e8 

  0x000001b89dd04c18: ; ImmutableOopMap {rbp=Oop }
                      ;*aaload {reexecute=0 rethrow=0 return_oop=0}
                      ; - java.util.ArrayList::elementData@5 (line 411)
                      ; - java.util.ArrayList::get@11 (line 428)
                      ; - com.seibel.distanthorizons.core.util.objects.SortedArraySet::get@5 (line 63)
                      ; - com.seibel.distanthorizons.common.render.openGl.terrain.GlDhTerrainShaderProgram_neoforge::render@130 (line 313)
  0x000001b89dd04c18: e426 35fe 

  0x000001b89dd04c1c: ;   {other}
  0x000001b89dd04c1c: 0f1f 8400 | 0c0f 001c | baf6 ffff 

  0x000001b89dd04c28: ;   {runtime_call UncommonTrapBlob}
  0x000001b89dd04c28: ff66 90e8 

  0x000001b89dd04c2c: ; ImmutableOopMap {}
                      ;*getfield exactCameraPosition {reexecute=1 rethrow=0 return_oop=0}
                      ; - (reexecute) com.seibel.distanthorizons.common.render.openGl.terrain.GlDhTerrainShaderProgram_neoforge::render@139 (line 317)
  0x000001b89dd04c2c: d026 35fe 

  0x000001b89dd04c30: ;   {other}
  0x000001b89dd04c30: 0f1f 8400 | 200f 001d | bade ffff | ff8b 2c24 | 4c89 5424 

  0x000001b89dd04c44: ;   {runtime_call UncommonTrapBlob}
  0x000001b89dd04c44: 2866 90e8 

  0x000001b89dd04c48: ; ImmutableOopMap {[8]=Oop [16]=Oop [24]=Oop [32]=Oop [40]=Oop }
                      ;*invokeinterface bind {reexecute=0 rethrow=0 return_oop=0}
                      ; - com.seibel.distanthorizons.common.render.openGl.terrain.GlDhTerrainShaderProgram_neoforge::render@207 (line 323)
  0x000001b89dd04c48: b426 35fe 

  0x000001b89dd04c4c: ;   {other}
  0x000001b89dd04c4c: 0f1f 8400 | 3c0f 001e | bade ffff 

  0x000001b89dd04c58: ;   {runtime_call UncommonTrapBlob}
  0x000001b89dd04c58: ff66 90e8 

  0x000001b89dd04c5c: ; ImmutableOopMap {rbp=Oop [8]=Oop [16]=Oop [24]=Oop [32]=Oop }
                      ;*invokeinterface setModelOffsetPos {reexecute=0 rethrow=0 return_oop=0}
                      ; - com.seibel.distanthorizons.common.render.openGl.terrain.GlDhTerrainShaderProgram_neoforge::render@220 (line 324)
  0x000001b89dd04c5c: a026 35fe 

  0x000001b89dd04c60: ;   {other}
  0x000001b89dd04c60: 0f1f 8400 | 500f 001f | ba45 ffff | ff4c 8914 | 2444 895c | 2408 4489 | 5c24 0c44 | 894c 2410 
  0x000001b89dd04c80: 4489 6424 | 2048 894c 

  0x000001b89dd04c88: ;   {runtime_call UncommonTrapBlob}
  0x000001b89dd04c88: 2428 90e8 

  0x000001b89dd04c8c: ; ImmutableOopMap {[0]=Oop [24]=Oop [40]=Oop }
                      ;*iflt {reexecute=1 rethrow=0 return_oop=0}
                      ; - (reexecute) jdk.internal.util.Preconditions::checkIndex@1 (line 301)
                      ; - java.util.Objects::checkIndex@3 (line 385)
                      ; - java.util.ArrayList::get@5 (line 427)
                      ; - com.seibel.distanthorizons.core.util.objects.SortedArraySet::get@5 (line 63)
                      ; - com.seibel.distanthorizons.common.render.openGl.terrain.GlDhTerrainShaderProgram_neoforge::render@130 (line 313)
  0x000001b89dd04c8c: 7026 35fe 

  0x000001b89dd04c90: ;   {other}
  0x000001b89dd04c90: 0f1f 8400 | 800f 0020 | ba45 ffff 

  0x000001b89dd04c9c: ;   {runtime_call UncommonTrapBlob}
  0x000001b89dd04c9c: ff66 90e8 

  0x000001b89dd04ca0: ; ImmutableOopMap {[8]=Oop [16]=Oop [24]=Oop [32]=Oop [40]=Oop }
                      ;*ifeq {reexecute=1 rethrow=0 return_oop=0}
                      ; - (reexecute) com.seibel.distanthorizons.common.render.openGl.terrain.GlDhTerrainShaderProgram_neoforge::tryInit@4 (line 98)
                      ; - com.seibel.distanthorizons.common.render.openGl.terrain.GlDhTerrainShaderProgram_neoforge::bind@1 (line 173)
                      ; - com.seibel.distanthorizons.common.render.openGl.terrain.GlDhTerrainShaderProgram_neoforge::render@207 (line 323)
  0x000001b89dd04ca0: 5c26 35fe 

  0x000001b89dd04ca4: ;   {other}
  0x000001b89dd04ca4: 0f1f 8400 | 940f 0021 | baf6 ffff 

  0x000001b89dd04cb0: ;   {runtime_call UncommonTrapBlob}
  0x000001b89dd04cb0: ff66 90e8 

  0x000001b89dd04cb4: ; ImmutableOopMap {}
                      ;*invokevirtual unbind {reexecute=0 rethrow=0 return_oop=0}
                      ; - com.seibel.distanthorizons.common.render.openGl.terrain.GlDhTerrainShaderProgram_neoforge::render@370 (line 356)
  0x000001b89dd04cb4: 4826 35fe 

  0x000001b89dd04cb8: ;   {other}
  0x000001b89dd04cb8: 0f1f 8400 | a80f 0022 | bade ffff | ff8b 2c24 | 448b 4424 | 2044 8904 | 2444 8b54 | 2424 4489 
  0x000001b89dd04cd8: 5424 2044 | 8b54 2430 | 4489 5424 | 244c 895c 

  0x000001b89dd04ce8: ;   {runtime_call UncommonTrapBlob}
  0x000001b89dd04ce8: 2430 90e8 

  0x000001b89dd04cec: ; ImmutableOopMap {[8]=Oop [16]=Oop [24]=Oop [40]=Oop [48]=Oop }
                      ;*invokeinterface bindVertexBuffer {reexecute=0 rethrow=0 return_oop=0}
                      ; - com.seibel.distanthorizons.common.render.openGl.terrain.GlDhTerrainShaderProgram_neoforge::render@340 (line 349)
  0x000001b89dd04cec: 1026 35fe 

  0x000001b89dd04cf0: ;   {other}
  0x000001b89dd04cf0: 0f1f 8400 | e00f 0023 | ba37 ffff 

  0x000001b89dd04cfc: ;   {runtime_call UncommonTrapBlob}
  0x000001b89dd04cfc: ff66 90e8 

  0x000001b89dd04d00: ; ImmutableOopMap {rbp=Oop [8]=Oop [16]=Oop [24]=Oop [40]=Oop }
                      ;*invokevirtual bindBufferToAllBindingPoints {reexecute=0 rethrow=0 return_oop=0}
                      ; - com.seibel.distanthorizons.common.render.openGl.terrain.GlDhTerrainShaderProgram_neoforge::bindVertexBuffer@5 (line 192)
                      ; - com.seibel.distanthorizons.common.render.openGl.terrain.GlDhTerrainShaderProgram_neoforge::render@340 (line 349)
  0x000001b89dd04d00: fc25 35fe 

  0x000001b89dd04d04: ;   {other}
  0x000001b89dd04d04: 0f1f 8400 | f40f 0024 | ba76 ffff | ff8b 2c24 | 4c8b 5c24 | 184c 891c | 2444 8964 | 2410 4c89 
  0x000001b89dd04d24: 4c24 1844 | 8954 2414 

  0x000001b89dd04d2c: ;   {runtime_call UncommonTrapBlob}
  0x000001b89dd04d2c: 6666 90e8 

  0x000001b89dd04d30: ; ImmutableOopMap {[0]=Oop [8]=Oop [24]=Oop }
                      ;*if_icmpge {reexecute=1 rethrow=0 return_oop=0}
                      ; - (reexecute) com.seibel.distanthorizons.common.render.openGl.terrain.GlDhTerrainShaderProgram_neoforge::render@271 (line 330)
  0x000001b89dd04d30: cc25 35fe 

  0x000001b89dd04d34: ;   {other}
  0x000001b89dd04d34: 0f1f 8400 | 2410 0025 | ba45 ffff | ff4c 8b54 | 2418 4c89 | 5424 1044 | 8b5c 2420 | 4489 5c24 
  0x000001b89dd04d54: ;   {runtime_call UncommonTrapBlob}
  0x000001b89dd04d54: 0466 90e8 

  0x000001b89dd04d58: ; ImmutableOopMap {[8]=Oop [16]=Oop [40]=Oop }
                      ;*ifne {reexecute=1 rethrow=0 return_oop=0}
                      ; - (reexecute) com.seibel.distanthorizons.common.render.openGl.terrain.GlDhTerrainShaderProgram_neoforge::render@297 (line 338)
  0x000001b89dd04d58: a425 35fe 

  0x000001b89dd04d5c: ;   {other}
  0x000001b89dd04d5c: 0f1f 8400 | 4c10 0026 | ba45 ffff 

  0x000001b89dd04d68: ;   {runtime_call UncommonTrapBlob}
  0x000001b89dd04d68: ff66 90e8 

  0x000001b89dd04d6c: ; ImmutableOopMap {[8]=Oop [16]=Oop [24]=Oop [40]=Oop }
                      ;*ifeq {reexecute=1 rethrow=0 return_oop=0}
                      ; - (reexecute) com.seibel.distanthorizons.common.render.openGl.glObject.buffer.GLVertexBuffer::getQuadIBO@6 (line 59)
                      ; - com.seibel.distanthorizons.common.render.openGl.terrain.GlDhTerrainShaderProgram_neoforge::render@323 (line 347)
  0x000001b89dd04d6c: 9025 35fe 

  0x000001b89dd04d70: ;   {other}
  0x000001b89dd04d70: 0f1f 8400 | 6010 0027 | ba45 ffff 

  0x000001b89dd04d7c: ;   {runtime_call UncommonTrapBlob}
  0x000001b89dd04d7c: ff66 90e8 

  0x000001b89dd04d80: ; ImmutableOopMap {[8]=Oop [16]=Oop [24]=Oop [40]=Oop }
                      ;*ifeq {reexecute=1 rethrow=0 return_oop=0}
                      ; - (reexecute) com.seibel.distanthorizons.common.render.openGl.glObject.buffer.GLVertexBuffer::getQuadIBO@6 (line 59)
                      ; - com.seibel.distanthorizons.common.render.openGl.terrain.GlDhTerrainShaderProgram_neoforge::render@350 (line 353)
  0x000001b89dd04d80: 7c25 35fe 

  0x000001b89dd04d84: ;   {other}
  0x000001b89dd04d84: 0f1f 8400 | 7410 0028 | ba45 ffff | ff44 8b54 | 2420 4489 

  0x000001b89dd04d98: ;   {runtime_call UncommonTrapBlob}
  0x000001b89dd04d98: 5424 04e8 

  0x000001b89dd04d9c: ; ImmutableOopMap {[8]=Oop [16]=Oop [24]=Oop [40]=Oop }
                      ;*ifeq {reexecute=1 rethrow=0 return_oop=0}
                      ; - (reexecute) com.seibel.distanthorizons.common.render.openGl.glObject.buffer.GLVertexBuffer::getQuadIBO@6 (line 59)
                      ; - com.seibel.distanthorizons.common.render.openGl.terrain.GlDhTerrainShaderProgram_neoforge::render@367 (line 356)
  0x000001b89dd04d9c: 6025 35fe 

  0x000001b89dd04da0: ;   {other}
  0x000001b89dd04da0: 0f1f 8400 | 9010 0029 | ba45 ffff | ff48 8b6c 

  0x000001b89dd04db0: ;   {runtime_call UncommonTrapBlob}
  0x000001b89dd04db0: 2418 90e8 

  0x000001b89dd04db4: ; ImmutableOopMap {rbp=Oop [8]=Oop }
                      ;*ifne {reexecute=1 rethrow=0 return_oop=0}
                      ; - (reexecute) com.mojang.blaze3d.systems.RenderSystem::assertOnRenderThread@3 (line 118)
                      ; - com.mojang.blaze3d.platform.GlStateManager::_enableCull@0 (line 437)
                      ; - com.seibel.distanthorizons.common.wrappers.minecraft.MinecraftGLWrapper::enableFaceCulling@6 (line 193)
                      ; - com.seibel.distanthorizons.common.render.openGl.terrain.GlDhTerrainShaderProgram_neoforge::render@49 (line 277)
  0x000001b89dd04db4: 4825 35fe 

  0x000001b89dd04db8: ;   {other}
  0x000001b89dd04db8: 0f1f 8400 | a810 002a | ba45 ffff | ff48 8b6c 

  0x000001b89dd04dc8: ;   {runtime_call UncommonTrapBlob}
  0x000001b89dd04dc8: 2418 90e8 

  0x000001b89dd04dcc: ; ImmutableOopMap {rbp=Oop [8]=Oop }
                      ;*ifne {reexecute=1 rethrow=0 return_oop=0}
                      ; - (reexecute) com.mojang.blaze3d.systems.RenderSystem::assertOnRenderThread@3 (line 118)
                      ; - com.mojang.blaze3d.platform.GlStateManager::_enableBlend@0 (line 95)
                      ; - com.seibel.distanthorizons.common.wrappers.minecraft.MinecraftGLWrapper::enableBlend@6 (line 132)
                      ; - com.seibel.distanthorizons.common.render.openGl.terrain.GlDhTerrainShaderProgram_neoforge::render@59 (line 282)
  0x000001b89dd04dcc: 3025 35fe 

  0x000001b89dd04dd0: ;   {other}
  0x000001b89dd04dd0: 0f1f 8400 | c010 002b | ba45 ffff 

  0x000001b89dd04ddc: ;   {runtime_call UncommonTrapBlob}
  0x000001b89dd04ddc: ff66 90e8 

  0x000001b89dd04de0: ; ImmutableOopMap {[8]=Oop [24]=Oop }
                      ;*ifne {reexecute=1 rethrow=0 return_oop=0}
                      ; - (reexecute) com.mojang.blaze3d.systems.RenderSystem::assertOnRenderThread@3 (line 118)
                      ; - com.mojang.blaze3d.platform.GlStateManager::_disableBlend@0 (line 90)
                      ; - com.seibel.distanthorizons.common.wrappers.minecraft.MinecraftGLWrapper::disableBlend@6 (line 138)
                      ; - com.seibel.distanthorizons.common.render.openGl.terrain.GlDhTerrainShaderProgram_neoforge::render@96 (line 289)
  0x000001b89dd04de0: 1c25 35fe 

  0x000001b89dd04de4: ;   {other}
  0x000001b89dd04de4: 0f1f 8400 | d410 002c | ba45 ffff | ff48 8b6c 

  0x000001b89dd04df4: ;   {runtime_call UncommonTrapBlob}
  0x000001b89dd04df4: 2418 90e8 

  0x000001b89dd04df8: ; ImmutableOopMap {rbp=Oop [8]=Oop }
                      ;*ifne {reexecute=1 rethrow=0 return_oop=0}
                      ; - (reexecute) com.mojang.blaze3d.systems.RenderSystem::assertOnRenderThread@3 (line 118)
                      ; - com.mojang.blaze3d.platform.GlStateManager::_blendFuncSeparate@0 (line 109)
                      ; - com.seibel.distanthorizons.common.wrappers.minecraft.MinecraftGLWrapper::glBlendFuncSeparate@13 (line 154)
                      ; - com.seibel.distanthorizons.common.render.openGl.terrain.GlDhTerrainShaderProgram_neoforge::render@87 (line 285)
  0x000001b89dd04df8: 0425 35fe 

  0x000001b89dd04dfc: ;   {other}
  0x000001b89dd04dfc: 0f1f 8400 | ec10 002d | ba45 ffff | ff48 8b6c 

  0x000001b89dd04e0c: ;   {runtime_call UncommonTrapBlob}
  0x000001b89dd04e0c: 2418 90e8 

  0x000001b89dd04e10: ; ImmutableOopMap {rbp=Oop [8]=Oop }
                      ;*ifne {reexecute=1 rethrow=0 return_oop=0}
                      ; - (reexecute) com.mojang.blaze3d.systems.RenderSystem::assertOnRenderThreadOrInit@9 (line 112)
                      ; - com.mojang.blaze3d.platform.GlStateManager::_enableDepthTest@0 (line 69)
                      ; - com.seibel.distanthorizons.common.wrappers.minecraft.MinecraftGLWrapper::enableDepthTest@6 (line 96)
                      ; - com.seibel.distanthorizons.common.render.openGl.terrain.GlDhTerrainShaderProgram_neoforge::render@65 (line 283)
  0x000001b89dd04e10: ec24 35fe 

  0x000001b89dd04e14: ;   {other}
  0x000001b89dd04e14: 0f1f 8400 | 0411 002e | ba45 ffff 

  0x000001b89dd04e20: ;   {runtime_call UncommonTrapBlob}
  0x000001b89dd04e20: ff66 90e8 

  0x000001b89dd04e24: ; ImmutableOopMap {rbp=Oop [8]=Oop [24]=Oop }
                      ;*ifne {reexecute=1 rethrow=0 return_oop=0}
                      ; - (reexecute) com.mojang.blaze3d.systems.RenderSystem::assertOnRenderThreadOrInit@9 (line 112)
                      ; - com.mojang.blaze3d.platform.GlStateManager$BooleanState::setEnabled@0 (line 773)
                      ; - com.mojang.blaze3d.platform.GlStateManager$BooleanState::enable@2 (line 769)
                      ; - com.mojang.blaze3d.platform.GlStateManager::_enableDepthTest@9 (line 70)
                      ; - com.seibel.distanthorizons.common.wrappers.minecraft.MinecraftGLWrapper::enableDepthTest@6 (line 96)
                      ; - com.seibel.distanthorizons.common.render.openGl.terrain.GlDhTerrainShaderProgram_neoforge::render@65 (line 283)
  0x000001b89dd04e24: d824 35fe 

  0x000001b89dd04e28: ;   {other}
  0x000001b89dd04e28: 0f1f 8400 | 1811 002f | ba45 ffff | ff4c 8944 | 2410 4c89 

  0x000001b89dd04e3c: ;   {runtime_call UncommonTrapBlob}
  0x000001b89dd04e3c: 5c24 18e8 

  0x000001b89dd04e40: ; ImmutableOopMap {[8]=Oop [16]=Oop [24]=Oop }
                      ;*ifeq {reexecute=1 rethrow=0 return_oop=0}
                      ; - (reexecute) com.seibel.distanthorizons.core.config.types.ConfigEntry::get@4 (line 186)
                      ; - com.seibel.distanthorizons.common.render.openGl.terrain.GlDhTerrainShaderProgram_neoforge::render@3 (line 268)
  0x000001b89dd04e40: bc24 35fe 

  0x000001b89dd04e44: ;   {other}
  0x000001b89dd04e44: 0f1f 8400 | 3411 0030 | ba45 ffff | ff4c 8944 | 2410 4c89 

  0x000001b89dd04e58: ;   {runtime_call UncommonTrapBlob}
  0x000001b89dd04e58: 5c24 18e8 

  0x000001b89dd04e5c: ; ImmutableOopMap {rbp=Oop [8]=Oop [16]=Oop [24]=Oop }
                      ;*ifnull {reexecute=1 rethrow=0 return_oop=0}
                      ; - (reexecute) com.seibel.distanthorizons.core.config.types.ConfigEntry::get@11 (line 186)
                      ; - com.seibel.distanthorizons.common.render.openGl.terrain.GlDhTerrainShaderProgram_neoforge::render@3 (line 268)
  0x000001b89dd04e5c: a024 35fe 

  0x000001b89dd04e60: ;   {other}
  0x000001b89dd04e60: 0f1f 8400 | 5011 0031 | ba45 ffff 

  0x000001b89dd04e6c: ;   {runtime_call UncommonTrapBlob}
  0x000001b89dd04e6c: ff66 90e8 

  0x000001b89dd04e70: ; ImmutableOopMap {[8]=Oop [24]=Oop }
                      ;*ifeq {reexecute=1 rethrow=0 return_oop=0}
                      ; - (reexecute) com.seibel.distanthorizons.common.render.openGl.terrain.GlDhTerrainShaderProgram_neoforge::render@16 (line 269)
  0x000001b89dd04e70: 8c24 35fe 

  0x000001b89dd04e74: ;   {other}
  0x000001b89dd04e74: 0f1f 8400 | 6411 0032 | ba45 ffff | ff48 890c 

  0x000001b89dd04e84: ;   {runtime_call UncommonTrapBlob}
  0x000001b89dd04e84: 2466 90e8 

  0x000001b89dd04e88: ; ImmutableOopMap {[0]=Oop [8]=Oop }
                      ;*ifnull {reexecute=1 rethrow=0 return_oop=0}
                      ; - (reexecute) com.seibel.distanthorizons.common.render.openGl.terrain.GlDhTerrainShaderProgram_neoforge::render@112 (line 309)
  0x000001b89dd04e88: 7424 35fe 

  0x000001b89dd04e8c: ;   {other}
  0x000001b89dd04e8c: 0f1f 8400 | 7c11 0033 | baf6 ffff 

  0x000001b89dd04e98: ;   {runtime_call UncommonTrapBlob}
  0x000001b89dd04e98: ff66 90e8 

  0x000001b89dd04e9c: ; ImmutableOopMap {}
                      ;*athrow {reexecute=1 rethrow=0 return_oop=0}
                      ; - (reexecute) jdk.internal.util.Preconditions::checkIndex@15 (line 302)
                      ; - java.util.Objects::checkIndex@3 (line 385)
                      ; - java.util.ArrayList::get@5 (line 427)
                      ; - com.seibel.distanthorizons.core.util.objects.SortedArraySet::get@5 (line 63)
                      ; - com.seibel.distanthorizons.common.render.openGl.terrain.GlDhTerrainShaderProgram_neoforge::render@130 (line 313)
  0x000001b89dd04e9c: 6024 35fe 

  0x000001b89dd04ea0: ;   {other}
  0x000001b89dd04ea0: 0f1f 8400 | 9011 0034 | bade ffff 

  0x000001b89dd04eac: ;   {runtime_call UncommonTrapBlob}
  0x000001b89dd04eac: ff66 90e8 

  0x000001b89dd04eb0: ; ImmutableOopMap {rbp=Oop [8]=Oop [24]=Oop }
                      ;*checkcast {reexecute=0 rethrow=0 return_oop=0}
                      ; - com.seibel.distanthorizons.common.render.openGl.terrain.GlDhTerrainShaderProgram_neoforge::render@6 (line 268)
  0x000001b89dd04eb0: 4c24 35fe 

  0x000001b89dd04eb4: ;   {other}
  0x000001b89dd04eb4: 0f1f 8400 | a411 0035 | bade ffff | ff41 8beb | 4c8b 5c24 | 184c 891c | 2444 8964 | 2408 4889 
  0x000001b89dd04ed4: 4c24 104c | 8954 2418 

  0x000001b89dd04edc: ;   {runtime_call UncommonTrapBlob}
  0x000001b89dd04edc: 6666 90e8 

  0x000001b89dd04ee0: ; ImmutableOopMap {[0]=Oop [16]=Oop [24]=Oop }
                      ;*checkcast {reexecute=0 rethrow=0 return_oop=0}
                      ; - com.seibel.distanthorizons.common.render.openGl.terrain.GlDhTerrainShaderProgram_neoforge::render@133 (line 313)
  0x000001b89dd04ee0: 1c24 35fe 

  0x000001b89dd04ee4: ;   {other}
  0x000001b89dd04ee4: 0f1f 8400 | d411 0036 | bade ffff | ff8b 2c24 | 4c8b 5424 | 184c 8914 | 2444 8b5c | 2420 4489 
  0x000001b89dd04f04: 5c24 1044 | 8b54 2424 | 4489 5424 | 144c 8944 

  0x000001b89dd04f14: ;   {runtime_call UncommonTrapBlob}
  0x000001b89dd04f14: 2420 90e8 

  0x000001b89dd04f18: ; ImmutableOopMap {[0]=Oop [8]=Oop [32]=Oop [40]=Oop }
                      ;*checkcast {reexecute=0 rethrow=0 return_oop=0}
                      ; - com.seibel.distanthorizons.common.render.openGl.terrain.GlDhTerrainShaderProgram_neoforge::render@279 (line 332)
  0x000001b89dd04f18: e423 35fe 

  0x000001b89dd04f1c: ;   {other}
  0x000001b89dd04f1c: 0f1f 8400 | 0c12 0037 | 488b d0e9 | d0fc ffff | 488b d0e9 | c8fc ffff | 488b d0e9 | c0fc ffff 
  0x000001b89dd04f3c: 488b d0e9 | b8fc ffff | 488b d0e9 | b0fc ffff | baf6 ffff | ff41 8beb 

  0x000001b89dd04f54: ;   {runtime_call UncommonTrapBlob}
  0x000001b89dd04f54: 6666 90e8 

  0x000001b89dd04f58: ; ImmutableOopMap {}
                      ;*invokevirtual get {reexecute=0 rethrow=0 return_oop=0}
                      ; - com.seibel.distanthorizons.core.util.objects.SortedArraySet::get@5 (line 63)
                      ; - com.seibel.distanthorizons.common.render.openGl.terrain.GlDhTerrainShaderProgram_neoforge::render@130 (line 313)
  0x000001b89dd04f58: a423 35fe 

  0x000001b89dd04f5c: ;   {other}
  0x000001b89dd04f5c: 0f1f 8400 | 4c12 0038 | baf6 ffff | ff41 8beb 

  0x000001b89dd04f6c: ;   {runtime_call UncommonTrapBlob}
  0x000001b89dd04f6c: 6666 90e8 

  0x000001b89dd04f70: ; ImmutableOopMap {}
                      ;*aaload {reexecute=0 rethrow=0 return_oop=0}
                      ; - java.util.ArrayList::elementData@5 (line 411)
                      ; - java.util.ArrayList::get@11 (line 428)
                      ; - com.seibel.distanthorizons.core.util.objects.SortedArraySet::get@5 (line 63)
                      ; - com.seibel.distanthorizons.common.render.openGl.terrain.GlDhTerrainShaderProgram_neoforge::render@130 (line 313)
  0x000001b89dd04f70: 8c23 35fe 

  0x000001b89dd04f74: ;   {other}
  0x000001b89dd04f74: 0f1f 8400 | 6412 0039 | baf4 ffff | ff41 8beb | 4489 6424 | 0848 894c 

  0x000001b89dd04f8c: ;   {runtime_call UncommonTrapBlob}
  0x000001b89dd04f8c: 2410 90e8 

  0x000001b89dd04f90: ; ImmutableOopMap {[16]=Oop [24]=Oop }
                      ;*checkcast {reexecute=0 rethrow=0 return_oop=0}
                      ; - com.seibel.distanthorizons.common.render.openGl.terrain.GlDhTerrainShaderProgram_neoforge::render@133 (line 313)
  0x000001b89dd04f90: 6c23 35fe 

  0x000001b89dd04f94: ;   {other}
  0x000001b89dd04f94: 0f1f 8400 | 8412 003a | baf6 ffff 

  0x000001b89dd04fa0: ;   {runtime_call UncommonTrapBlob}
  0x000001b89dd04fa0: ff66 90e8 

  0x000001b89dd04fa4: ; ImmutableOopMap {}
                      ;*invokevirtual getX {reexecute=0 rethrow=0 return_oop=0}
                      ; - com.seibel.distanthorizons.common.render.openGl.terrain.GlDhTerrainShaderProgram_neoforge::render@153 (line 319)
  0x000001b89dd04fa4: 5823 35fe 

  0x000001b89dd04fa8: ;   {other}
  0x000001b89dd04fa8: 0f1f 8400 | 9812 003b | baf6 ffff 

  0x000001b89dd04fb4: ;   {runtime_call UncommonTrapBlob}
  0x000001b89dd04fb4: ff66 90e8 

  0x000001b89dd04fb8: ; ImmutableOopMap {}
                      ;*getfield x {reexecute=1 rethrow=0 return_oop=0}
                      ; - (reexecute) com.seibel.distanthorizons.common.render.openGl.terrain.GlDhTerrainShaderProgram_neoforge::render@159 (line 319)
  0x000001b89dd04fb8: 4423 35fe 

  0x000001b89dd04fbc: ;   {other}
  0x000001b89dd04fbc: 0f1f 8400 | ac12 003c | baf6 ffff 

  0x000001b89dd04fc8: ;   {runtime_call UncommonTrapBlob}
  0x000001b89dd04fc8: ff66 90e8 

  0x000001b89dd04fcc: ; ImmutableOopMap {}
                      ;*invokeinterface bind {reexecute=0 rethrow=0 return_oop=0}
                      ; - com.seibel.distanthorizons.common.render.openGl.terrain.GlDhTerrainShaderProgram_neoforge::render@207 (line 323)
  0x000001b89dd04fcc: 3023 35fe 

  0x000001b89dd04fd0: ;   {other}
  0x000001b89dd04fd0: 0f1f 8400 | c012 003d | baf6 ffff 

  0x000001b89dd04fdc: ;   {runtime_call UncommonTrapBlob}
  0x000001b89dd04fdc: ff66 90e8 

  0x000001b89dd04fe0: ; ImmutableOopMap {}
                      ;*invokevirtual bind {reexecute=0 rethrow=0 return_oop=0}
                      ; - com.seibel.distanthorizons.common.render.openGl.terrain.GlDhTerrainShaderProgram_neoforge::bind@12 (line 175)
                      ; - com.seibel.distanthorizons.common.render.openGl.terrain.GlDhTerrainShaderProgram_neoforge::render@207 (line 323)
  0x000001b89dd04fe0: 1c23 35fe 

  0x000001b89dd04fe4: ;   {other}
  0x000001b89dd04fe4: 0f1f 8400 | d412 003e | baf6 ffff | ff48 8b6c 

  0x000001b89dd04ff4: ;   {runtime_call UncommonTrapBlob}
  0x000001b89dd04ff4: 2420 90e8 

  0x000001b89dd04ff8: ; ImmutableOopMap {rbp=Oop }
                      ;*invokeinterface setModelOffsetPos {reexecute=0 rethrow=0 return_oop=0}
                      ; - com.seibel.distanthorizons.common.render.openGl.terrain.GlDhTerrainShaderProgram_neoforge::render@220 (line 324)
  0x000001b89dd04ff8: 0423 35fe 

  0x000001b89dd04ffc: ;   {other}
  0x000001b89dd04ffc: 0f1f 8400 | ec12 003f | baf6 ffff 

  0x000001b89dd05008: ;   {runtime_call UncommonTrapBlob}
  0x000001b89dd05008: ff66 90e8 

  0x000001b89dd0500c: ; ImmutableOopMap {}
                      ;*arraylength {reexecute=0 rethrow=0 return_oop=0}
                      ; - com.seibel.distanthorizons.common.render.openGl.terrain.GlDhTerrainShaderProgram_neoforge::render@270 (line 330)
  0x000001b89dd0500c: f022 35fe 

  0x000001b89dd05010: ;   {other}
  0x000001b89dd05010: 0f1f 8400 | 0013 0040 | baf6 ffff 

  0x000001b89dd0501c: ;   {runtime_call UncommonTrapBlob}
  0x000001b89dd0501c: ff66 90e8 

  0x000001b89dd05020: ; ImmutableOopMap {}
                      ;*invokevirtual size {reexecute=0 rethrow=0 return_oop=0}
                      ; - com.seibel.distanthorizons.core.util.objects.SortedArraySet::size@4 (line 65)
                      ; - com.seibel.distanthorizons.common.render.openGl.terrain.GlDhTerrainShaderProgram_neoforge::render@121 (line 311)
  0x000001b89dd05020: dc22 35fe 

  0x000001b89dd05024: ;   {other}
  0x000001b89dd05024: 0f1f 8400 | 1413 0041 | 488b d0e9 | c8fb ffff | 488b d0e9 | c0fb ffff | 488b d0e9 | b8fb ffff 
  0x000001b89dd05044: 488b d0e9 | b0fb ffff | 488b d0e9 | a8fb ffff | 488b d0e9 | a0fb ffff | 488b d0e9 | 98fb ffff 
  0x000001b89dd05064: 488b d0e9 | 90fb ffff | 488b d0e9 | 88fb ffff | 488b d0e9 | 80fb ffff | 488b d0e9 | 78fb ffff 
  0x000001b89dd05084: 488b d0e9 | 70fb ffff | 488b d0e9 | 68fb ffff | 488b d0e9 | 60fb ffff | 488b d0e9 | 58fb ffff 
  0x000001b89dd050a4: baf4 ffff | ff8b 2c24 | 4c8b 5424 | 184c 8914 

  0x000001b89dd050b4: ;   {runtime_call UncommonTrapBlob}
  0x000001b89dd050b4: 2466 90e8 

  0x000001b89dd050b8: ; ImmutableOopMap {[0]=Oop [8]=Oop [40]=Oop }
                      ;*checkcast {reexecute=0 rethrow=0 return_oop=0}
                      ; - com.seibel.distanthorizons.common.render.openGl.terrain.GlDhTerrainShaderProgram_neoforge::render@279 (line 332)
  0x000001b89dd050b8: 4422 35fe 

  0x000001b89dd050bc: ;   {other}
  0x000001b89dd050bc: 0f1f 8400 | ac13 0042 | baf6 ffff 

  0x000001b89dd050c8: ;   {runtime_call UncommonTrapBlob}
  0x000001b89dd050c8: ff66 90e8 

  0x000001b89dd050cc: ; ImmutableOopMap {}
                      ;*invokevirtual bind {reexecute=0 rethrow=0 return_oop=0}
                      ; - com.seibel.distanthorizons.common.render.openGl.terrain.GlDhTerrainShaderProgram_neoforge::render@326 (line 347)
  0x000001b89dd050cc: 3022 35fe 

  0x000001b89dd050d0: ;   {other}
  0x000001b89dd050d0: 0f1f 8400 | c013 0043 | baf6 ffff | ff8b 6c24 

  0x000001b89dd050e0: ;   {runtime_call UncommonTrapBlob}
  0x000001b89dd050e0: 3066 90e8 

  0x000001b89dd050e4: ; ImmutableOopMap {}
                      ;*invokeinterface bindVertexBuffer {reexecute=0 rethrow=0 return_oop=0}
                      ; - com.seibel.distanthorizons.common.render.openGl.terrain.GlDhTerrainShaderProgram_neoforge::render@340 (line 349)
  0x000001b89dd050e4: 1822 35fe 

  0x000001b89dd050e8: ;   {other}
  0x000001b89dd050e8: 0f1f 8400 | d813 0044 | baf6 ffff | ff8b 6c24 

  0x000001b89dd050f8: ;   {runtime_call UncommonTrapBlob}
  0x000001b89dd050f8: 3066 90e8 

  0x000001b89dd050fc: ; ImmutableOopMap {}
                      ;*invokevirtual bindBufferToAllBindingPoints {reexecute=0 rethrow=0 return_oop=0}
                      ; - com.seibel.distanthorizons.common.render.openGl.terrain.GlDhTerrainShaderProgram_neoforge::bindVertexBuffer@5 (line 192)
                      ; - com.seibel.distanthorizons.common.render.openGl.terrain.GlDhTerrainShaderProgram_neoforge::render@340 (line 349)
  0x000001b89dd050fc: 0022 35fe 

  0x000001b89dd05100: ;   {other}
  0x000001b89dd05100: 0f1f 8400 | f013 0045 | baf6 ffff 

  0x000001b89dd0510c: ;   {runtime_call UncommonTrapBlob}
  0x000001b89dd0510c: ff66 90e8 

  0x000001b89dd05110: ; ImmutableOopMap {}
                      ;*invokevirtual getGlType {reexecute=0 rethrow=0 return_oop=0}
                      ; - com.seibel.distanthorizons.common.render.openGl.terrain.GlDhTerrainShaderProgram_neoforge::render@353 (line 353)
  0x000001b89dd05110: ec21 35fe 

  0x000001b89dd05114: ;   {other}
  0x000001b89dd05114: 0f1f 8400 | 0414 0046 | 488b d0e9 | d8fa ffff | 488b d0e9 | d0fa ffff | 488b d0e9 | c8fa ffff 
  0x000001b89dd05134: baf6 ffff 

  0x000001b89dd05138: ;   {runtime_call UncommonTrapBlob}
  0x000001b89dd05138: ff66 90e8 

  0x000001b89dd0513c: ; ImmutableOopMap {}
                      ;*invokevirtual get {reexecute=0 rethrow=0 return_oop=0}
                      ; - com.seibel.distanthorizons.common.render.openGl.terrain.GlDhTerrainShaderProgram_neoforge::render@3 (line 268)
  0x000001b89dd0513c: c021 35fe 

  0x000001b89dd05140: ;   {other}
  0x000001b89dd05140: 0f1f 8400 | 3014 0047 | baf4 ffff | ff49 8be8 

  0x000001b89dd05150: ;   {runtime_call UncommonTrapBlob}
  0x000001b89dd05150: 6666 90e8 

  0x000001b89dd05154: ; ImmutableOopMap {rbp=Oop [8]=Oop }
                      ;*checkcast {reexecute=0 rethrow=0 return_oop=0}
                      ; - com.seibel.distanthorizons.common.render.openGl.terrain.GlDhTerrainShaderProgram_neoforge::render@6 (line 268)
  0x000001b89dd05154: a821 35fe 

  0x000001b89dd05158: ;   {other}
  0x000001b89dd05158: 0f1f 8400 | 4814 0048 | baf6 ffff 

  0x000001b89dd05164: ;   {runtime_call UncommonTrapBlob}
  0x000001b89dd05164: ff66 90e8 

  0x000001b89dd05168: ; ImmutableOopMap {}
                      ;*invokevirtual enable {reexecute=0 rethrow=0 return_oop=0}
                      ; - com.mojang.blaze3d.platform.GlStateManager::_enableCull@9 (line 438)
                      ; - com.seibel.distanthorizons.common.wrappers.minecraft.MinecraftGLWrapper::enableFaceCulling@6 (line 193)
                      ; - com.seibel.distanthorizons.common.render.openGl.terrain.GlDhTerrainShaderProgram_neoforge::render@49 (line 277)
  0x000001b89dd05168: 9421 35fe 

  0x000001b89dd0516c: ;   {other}
  0x000001b89dd0516c: 0f1f 8400 | 5c14 0049 | baf6 ffff 

  0x000001b89dd05178: ;   {runtime_call UncommonTrapBlob}
  0x000001b89dd05178: ff66 90e8 

  0x000001b89dd0517c: ; ImmutableOopMap {}
                      ;*invokevirtual size {reexecute=0 rethrow=0 return_oop=0}
                      ; - com.seibel.distanthorizons.core.util.objects.SortedArraySet::size@4 (line 65)
                      ; - com.seibel.distanthorizons.common.render.openGl.terrain.GlDhTerrainShaderProgram_neoforge::render@121 (line 311)
  0x000001b89dd0517c: 8021 35fe 

  0x000001b89dd05180: ;   {other}
  0x000001b89dd05180: 0f1f 8400 | 7014 004a | baf6 ffff 

  0x000001b89dd0518c: ;   {runtime_call UncommonTrapBlob}
  0x000001b89dd0518c: ff66 90e8 

  0x000001b89dd05190: ; ImmutableOopMap {}
                      ;*invokevirtual disable {reexecute=0 rethrow=0 return_oop=0}
                      ; - com.mojang.blaze3d.platform.GlStateManager::_disableBlend@9 (line 91)
                      ; - com.seibel.distanthorizons.common.wrappers.minecraft.MinecraftGLWrapper::disableBlend@6 (line 138)
                      ; - com.seibel.distanthorizons.common.render.openGl.terrain.GlDhTerrainShaderProgram_neoforge::render@96 (line 289)
  0x000001b89dd05190: 6c21 35fe 

  0x000001b89dd05194: ;   {other}
  0x000001b89dd05194: 0f1f 8400 | 8414 004b | baf6 ffff 

  0x000001b89dd051a0: ;   {runtime_call UncommonTrapBlob}
  0x000001b89dd051a0: ff66 90e8 

  0x000001b89dd051a4: ; ImmutableOopMap {}
                      ;*invokevirtual enable {reexecute=0 rethrow=0 return_oop=0}
                      ; - com.mojang.blaze3d.platform.GlStateManager::_enableBlend@9 (line 96)
                      ; - com.seibel.distanthorizons.common.wrappers.minecraft.MinecraftGLWrapper::enableBlend@6 (line 132)
                      ; - com.seibel.distanthorizons.common.render.openGl.terrain.GlDhTerrainShaderProgram_neoforge::render@59 (line 282)
  0x000001b89dd051a4: 5821 35fe 

  0x000001b89dd051a8: ;   {other}
  0x000001b89dd051a8: 0f1f 8400 | 9814 004c | baf6 ffff 

  0x000001b89dd051b4: ;   {runtime_call UncommonTrapBlob}
  0x000001b89dd051b4: ff66 90e8 

  0x000001b89dd051b8: ; ImmutableOopMap {}
                      ;*invokevirtual enable {reexecute=0 rethrow=0 return_oop=0}
                      ; - com.mojang.blaze3d.platform.GlStateManager::_enableDepthTest@9 (line 70)
                      ; - com.seibel.distanthorizons.common.wrappers.minecraft.MinecraftGLWrapper::enableDepthTest@6 (line 96)
                      ; - com.seibel.distanthorizons.common.render.openGl.terrain.GlDhTerrainShaderProgram_neoforge::render@65 (line 283)
  0x000001b89dd051b8: 4421 35fe 

  0x000001b89dd051bc: ;   {other}
  0x000001b89dd051bc: 0f1f 8400 | ac14 004d | 488b d0e9 | 30fa ffff | 488b d0e9 | 28fa ffff | 488b d0e9 | 20fa ffff 
  0x000001b89dd051dc: 4d8b 9ae0 | 0000 0048 | 83ec 304c | 8954 2428 | 4c89 4424 | 2049 8d92 | e000 0000 

  0x000001b89dd051f8: ;   {runtime_call}
  0x000001b89dd051f8: 498b cb48 | b8b0 80f5 | 2aff 7f00 | 00ff d04c | 8bd8 4c8b | 4424 204c | 8b54 2428 | c5f8 7748 
  0x000001b89dd05218: 83c4 30e9 | b3ef ffff | 498b 6b68 | 4883 ec30 | 4c89 5c24 | 284c 8944 | 2420 498d | 5368 488b 
  0x000001b89dd05238: ;   {runtime_call}
  0x000001b89dd05238: cd48 b8b0 | 80f5 2aff | 7f00 00ff | d048 8be8 | 4c8b 4424 | 204c 8b5c | 2428 c5f8 | 7748 83c4 
  0x000001b89dd05258: 30e9 90ef | ffff 498b | 6b28 4883 | ec30 4c89 | 5c24 284c | 8944 2420 | 498d 5328 

  0x000001b89dd05274: ;   {runtime_call}
  0x000001b89dd05274: 488b cd48 | b8b0 80f5 | 2aff 7f00 | 00ff d048 | 8be8 4c8b | 4424 204c | 8b5c 2428 | c5f8 7748 
  0x000001b89dd05294: 83c4 30e9 | 69ef ffff | 498b 2a48 | 83ec 404c | 8954 2438 | 4c89 4424 | 3048 8954 | 2428 498d 
  0x000001b89dd052b4: 1248 8bcd 

  0x000001b89dd052b8: ;   {runtime_call}
  0x000001b89dd052b8: 48b8 b080 | f52a ff7f | 0000 ffd0 | 488b e848 | 8b54 2428 | 4c8b 4424 | 304c 8b54 | 2438 c5f8 
  0x000001b89dd052d8: 7748 83c4 | 40e9 5fef | ffff 4d8b | 93d0 0000 | 0048 83ec | 304c 895c | 2428 498d | 93d0 0000 
  0x000001b89dd052f8: 0049 8bca 

  0x000001b89dd052fc: ;   {runtime_call}
  0x000001b89dd052fc: 48b8 b080 | f52a ff7f | 0000 ffd0 | 4c8b d04c | 8b5c 2428 | c5f8 7748 | 83c4 30e9 | 63ef ffff 
  0x000001b89dd0531c: 4d8b 5a10 | 4883 ec30 | 4c89 5424 | 2849 8d52 | 1049 8bcb 

  0x000001b89dd05330: ;   {runtime_call}
  0x000001b89dd05330: 48b8 b080 | f52a ff7f | 0000 ffd0 | 4c8b d84c | 8b54 2428 | c5f8 7748 | 83c4 30e9 | 50ef ffff 
  0x000001b89dd05350: 4d8b 93d0 | 0000 0048 | 83ec 304c | 895c 2428 | 498d 93d0 | 0000 0049 

  0x000001b89dd05368: ;   {runtime_call}
  0x000001b89dd05368: 8bca 48b8 | b080 f52a | ff7f 0000 | ffd0 4c8b | d04c 8b5c | 2428 c5f8 | 7748 83c4 | 30e9 7def 
  0x000001b89dd05388: ffff 4d8b | 5320 4883 | ec30 4c89 | 5c24 2849 | 8d53 2049 

  0x000001b89dd0539c: ;   {runtime_call}
  0x000001b89dd0539c: 8bca 48b8 | b080 f52a | ff7f 0000 | ffd0 4c8b | d04c 8b5c | 2428 c5f8 | 7748 83c4 | 30e9 6eef 
  0x000001b89dd053bc: ffff 4c8b | 5110 4883 | ec30 4889 | 4c24 2848 | 8d51 1049 

  0x000001b89dd053d0: ;   {runtime_call}
  0x000001b89dd053d0: 8bca 48b8 | b080 f52a | ff7f 0000 | ffd0 4c8b | d048 8b4c | 2428 c5f8 | 7748 83c4 | 30e9 79ef 
  0x000001b89dd053f0: ffff 4d8b | 93d0 0000 | 0048 83ec | 304c 895c | 2428 498d | 93d0 0000 | 0049 8bca 

  0x000001b89dd0540c: ;   {runtime_call}
  0x000001b89dd0540c: 48b8 b080 | f52a ff7f | 0000 ffd0 | 4c8b d04c | 8b5c 2428 | c5f8 7748 | 83c4 30e9 | 7fef ffff 
  0x000001b89dd0542c: 4d8b 5320 | 4883 ec30 | 4c89 5c24 | 2849 8d53 | 2049 8bca 

  0x000001b89dd05440: ;   {runtime_call}
  0x000001b89dd05440: 48b8 b080 | f52a ff7f | 0000 ffd0 | 4c8b d04c | 8b5c 2428 | c5f8 7748 | 83c4 30e9 | 6cef ffff 
  0x000001b89dd05460: 4d8b 98d0 | 0000 0048 | 83ec 304c | 8954 2428 | 4c89 4424 | 2049 8d90 | d000 0000 

  0x000001b89dd0547c: ;   {runtime_call}
  0x000001b89dd0547c: 498b cb48 | b8b0 80f5 | 2aff 7f00 | 00ff d04c | 8bd8 4c8b | 4424 204c | 8b54 2428 | c5f8 7748 
  0x000001b89dd0549c: 83c4 30e9 | 8def ffff | 498b 6818 | 4883 ec40 | 4c89 5424 | 384c 895c | 2430 4c89 | 4424 2849 
  0x000001b89dd054bc: 8d50 1848 

  0x000001b89dd054c0: ;   {runtime_call}
  0x000001b89dd054c0: 8bcd 48b8 | b080 f52a | ff7f 0000 | ffd0 488b | e84c 8b44 | 2428 4c8b | 5c24 304c | 8b54 2438 
  0x000001b89dd054e0: c5f8 7748 | 83c4 40e9 | 72ef ffff | 4d8b 93d0 | 0000 0048 | 83ec 304c | 895c 2428 | 498d 93d0 
  0x000001b89dd05500: 0000 0049 

  0x000001b89dd05504: ;   {runtime_call}
  0x000001b89dd05504: 8bca 48b8 | b080 f52a | ff7f 0000 | ffd0 4c8b | d04c 8b5c | 2428 c5f8 | 7748 83c4 | 30e9 c5ef 
  0x000001b89dd05524: ffff 4d8b | 93c0 0000 | 0048 83ec | 304c 895c | 2428 498d | 93c0 0000 | 0049 8bca 

  0x000001b89dd05540: ;   {runtime_call}
  0x000001b89dd05540: 48b8 b080 | f52a ff7f | 0000 ffd0 | 4c8b d04c | 8b5c 2428 | c5f8 7748 | 83c4 30e9 | 52f0 ffff 
  0x000001b89dd05560: 4d8b 93c0 | 0000 0048 | 83ec 304c | 895c 2428 | 498d 93c0 | 0000 0049 

  0x000001b89dd05578: ;   {runtime_call}
  0x000001b89dd05578: 8bca 48b8 | b080 f52a | ff7f 0000 | ffd0 4c8b | d04c 8b5c | 2428 c5f8 | 7748 83c4 | 30e9 80f0 
  0x000001b89dd05598: ffff 4c8b | 5110 4883 | ec30 4c89 | 5c24 2848 | 894c 2420 | 488d 5110 

  0x000001b89dd055b0: ;   {runtime_call}
  0x000001b89dd055b0: 498b ca48 | b8b0 80f5 | 2aff 7f00 | 00ff d04c | 8bd0 488b | 4c24 204c | 8b5c 2428 | c5f8 7748 
  0x000001b89dd055d0: 83c4 30e9 | 9cf0 ffff | 498b 6a18 | 4883 ec40 | 4c89 5424 | 384c 895c | 2430 4889 | 4c24 2849 
  0x000001b89dd055f0: 8d52 1848 

  0x000001b89dd055f4: ;   {runtime_call}
  0x000001b89dd055f4: 8bcd 48b8 | b080 f52a | ff7f 0000 | ffd0 488b | e848 8b4c | 2428 4c8b | 5c24 304c | 8b54 2438 
  0x000001b89dd05614: c5f8 7748 | 83c4 40e9 | 85f0 ffff | 4e8b 54dd | 1048 83ec | 304c 895c | 2428 4889 | 4c24 204a 
  0x000001b89dd05634: 8d54 dd10 

  0x000001b89dd05638: ;   {runtime_call}
  0x000001b89dd05638: 498b ca48 | b8b0 80f5 | 2aff 7f00 | 00ff d04c | 8bd0 488b | 4c24 204c | 8b5c 2428 | c5f8 7748 
  0x000001b89dd05658: 83c4 30e9 | 61f0 ffff | 498b ab88 | 0000 0048 | 83ec 404c | 8954 2438 | 4c89 5c24 | 304c 8944 
  0x000001b89dd05678: 2428 498d | 9388 0000 | 0048 8bcd 

  0x000001b89dd05684: ;   {runtime_call}
  0x000001b89dd05684: 48b8 b080 | f52a ff7f | 0000 ffd0 | 488b e84c | 8b44 2428 | 4c8b 5c24 | 304c 8b54 | 2438 c5f8 
  0x000001b89dd056a4: 7748 83c4 | 40e9 69f0 | ffff 4d8b | 5a18 4883 | ec30 4c89 | 5424 284c | 8944 2420 | 498d 5218 
  0x000001b89dd056c4: ;   {runtime_call}
  0x000001b89dd056c4: 498b cb48 | b8b0 80f5 | 2aff 7f00 | 00ff d04c | 8bd8 4c8b | 4424 204c | 8b54 2428 | c5f8 7748 
  0x000001b89dd056e4: 83c4 30e9 | 86f0 ffff | 4d8b 5340 | 4883 ec30 | 4c89 5c24 | 2849 8d53 | 4049 8bca 

  0x000001b89dd05700: ;   {runtime_call}
  0x000001b89dd05700: 48b8 b080 | f52a ff7f | 0000 ffd0 | 4c8b d04c | 8b5c 2428 | c5f8 7748 | 83c4 30e9 | caf0 ffff 
  0x000001b89dd05720: 4d8b 5348 | 4883 ec30 | 4c89 5c24 | 2849 8d53 | 4849 8bca 

  0x000001b89dd05734: ;   {runtime_call}
  0x000001b89dd05734: 48b8 b080 | f52a ff7f | 0000 ffd0 | 4c8b d04c | 8b5c 2428 | c5f8 7748 | 83c4 30e9 | dff0 ffff 
  0x000001b89dd05754: 498b 6a40 | 4883 ec30 | 4c89 5424 | 2849 8d52 | 4048 8bcd 

  0x000001b89dd05768: ;   {runtime_call}
  0x000001b89dd05768: 48b8 b080 | f52a ff7f | 0000 ffd0 | 488b e84c | 8b54 2428 | c5f8 7748 | 83c4 30e9 | d4f0 ffff 
  0x000001b89dd05788: 4d8b 5760 | 4983 ba38 | 0300 0000 | 0f84 2d00 | 0000 4157 | 4d8b ba38 | 0300 0049 | 83ef 104d 
  0x000001b89dd057a8: 89ba 3803 | 0000 4f8d | 3c3a 4c8d | 5558 4d89 | 174d 8b12 | 4d89 5708 | 415f e98b | f1ff ff48 
  0x000001b89dd057c8: 83ec 304c | 8954 2428 | 4c89 5c24 | 2048 8d4d 

  0x000001b89dd057d8: ;   {runtime_call}
  0x000001b89dd057d8: 5848 b810 | 82f5 2aff | 7f00 00ff | d04c 8b5c | 2420 4c8b | 5424 28c5 | f877 4883 | c430 ebca 
  0x000001b89dd057f8: 4d8b 4b28 | 4883 ec30 | 4c89 5c24 | 2849 8d53 | 2849 8bc9 

  0x000001b89dd0580c: ;   {runtime_call}
  0x000001b89dd0580c: 48b8 b080 | f52a ff7f | 0000 ffd0 | 4c8b c84c | 8b5c 2428 | c5f8 7748 | 83c4 30e9 | 74f1 ffff 
  0x000001b89dd0582c: 4d8b 5320 | 4883 ec30 | 4c89 5c24 | 284c 894c | 2420 498d | 5320 498b 

  0x000001b89dd05844: ;   {runtime_call}
  0x000001b89dd05844: ca48 b8b0 | 80f5 2aff | 7f00 00ff | d04c 8bd0 | 4c8b 4c24 | 204c 8b5c | 2428 c5f8 | 7748 83c4 
  0x000001b89dd05864: 30e9 44f1 | ffff 4f8b | 44da 1048 | 83ec 304c | 8954 2428 | 4c89 5c24 | 204b 8d54 | da10 498b 
  0x000001b89dd05884: ;   {runtime_call}
  0x000001b89dd05884: c848 b8b0 | 80f5 2aff | 7f00 00ff | d04c 8bc0 | 4c8b 5c24 | 204c 8b54 | 2428 c5f8 | 7748 83c4 
  0x000001b89dd058a4: 30e9 55f1 | ffff 4d8b | 93c0 0000 | 0048 83ec | 304c 895c | 2428 498d | 93c0 0000 | 0049 8bca 
  0x000001b89dd058c4: ;   {runtime_call}
  0x000001b89dd058c4: 48b8 b080 | f52a ff7f | 0000 ffd0 | 4c8b d04c | 8b5c 2428 | c5f8 7748 | 83c4 30e9 | aef1 ffff 
  0x000001b89dd058e4: 4d8b 5a40 | 4883 ec30 | 4c89 5424 | 2849 8d52 | 4049 8bcb 

  0x000001b89dd058f8: ;   {runtime_call}
  0x000001b89dd058f8: 48b8 b080 | f52a ff7f | 0000 ffd0 | 4c8b d84c | 8b54 2428 | c5f8 7748 | 83c4 30e9 | b6f1 ffff 
  0x000001b89dd05918: 498b 6b48 | 4883 ec30 | 4c89 5c24 | 2849 8d53 | 4848 8bcd 

  0x000001b89dd0592c: ;   {runtime_call}
  0x000001b89dd0592c: 48b8 b080 | f52a ff7f | 0000 ffd0 | 488b e84c | 8b5c 2428 | c5f8 7748 | 83c4 30e9 | a1f1 ffff 
  0x000001b89dd0594c: ;   {internal_word}
  0x000001b89dd0594c: 49ba 674b | d09d b801 | 0000 4d89 | 9760 0400 

  0x000001b89dd0595c: ;   {runtime_call SafepointBlob}
  0x000001b89dd0595c: 00e9 1e08 | 35fe 4883 | ec08 c5fb 

  0x000001b89dd05968: ;   {runtime_call StubRoutines (initial stubs)}
  0x000001b89dd05968: 1104 24e8 | cdb9 2ffe | 415a e9cf 

  0x000001b89dd05974: ;   {runtime_call StubRoutines (final stubs)}
  0x000001b89dd05974: f0ff ffe8 | 249a 33fe | e929 e8ff | fff4 f4f4 | f4f4 f4f4 
[Stub Code]
  0x000001b89dd05988: ;   {no_reloc}
  0x000001b89dd05988: 48bb 0000 | 0000 0000 

  0x000001b89dd05990: ;   {runtime_call nmethod}
  0x000001b89dd05990: 0000 e9fb 

  0x000001b89dd05994: ;   {static_stub}
  0x000001b89dd05994: ffff ff48 | bb00 0000 | 0000 0000 

  0x000001b89dd059a0: ;   {runtime_call nmethod}
  0x000001b89dd059a0: 00e9 fbff 

  0x000001b89dd059a4: ;   {static_stub}
  0x000001b89dd059a4: ffff 48bb | 0000 0000 | 0000 0000 

  0x000001b89dd059b0: ;   {runtime_call nmethod}
  0x000001b89dd059b0: e9fb ffff 

  0x000001b89dd059b4: ;   {static_stub}
  0x000001b89dd059b4: ff48 bb00 | 0000 0000 

  0x000001b89dd059bc: ;   {runtime_call nmethod}
  0x000001b89dd059bc: 0000 00e9 | fbff ffff 

  0x000001b89dd059c4: ;   {static_stub}
  0x000001b89dd059c4: 48bb 0000 | 0000 0000 

  0x000001b89dd059cc: ;   {runtime_call nmethod}
  0x000001b89dd059cc: 0000 e9fb 

  0x000001b89dd059d0: ;   {static_stub}
  0x000001b89dd059d0: ffff ff48 | bb00 0000 | 0000 0000 

  0x000001b89dd059dc: ;   {runtime_call nmethod}
  0x000001b89dd059dc: 00e9 fbff 

  0x000001b89dd059e0: ;   {static_stub}
  0x000001b89dd059e0: ffff 48bb | 0000 0000 | 0000 0000 

  0x000001b89dd059ec: ;   {runtime_call nmethod}
  0x000001b89dd059ec: e9fb ffff 

  0x000001b89dd059f0: ;   {static_stub}
  0x000001b89dd059f0: ff48 bb00 | 0000 0000 

  0x000001b89dd059f8: ;   {runtime_call nmethod}
  0x000001b89dd059f8: 0000 00e9 | fbff ffff 

  0x000001b89dd05a00: ;   {static_stub}
  0x000001b89dd05a00: 48bb 0000 | 0000 0000 

  0x000001b89dd05a08: ;   {runtime_call nmethod}
  0x000001b89dd05a08: 0000 e9fb 

  0x000001b89dd05a0c: ;   {static_stub}
  0x000001b89dd05a0c: ffff ff48 | bb00 0000 | 0000 0000 

  0x000001b89dd05a18: ;   {runtime_call nmethod}
  0x000001b89dd05a18: 00e9 fbff 

  0x000001b89dd05a1c: ;   {static_stub}
  0x000001b89dd05a1c: ffff 48bb | 0000 0000 | 0000 0000 

  0x000001b89dd05a28: ;   {runtime_call nmethod}
  0x000001b89dd05a28: e9fb ffff 

  0x000001b89dd05a2c: ;   {static_stub}
  0x000001b89dd05a2c: ff48 bb00 | 0000 0000 

  0x000001b89dd05a34: ;   {runtime_call nmethod}
  0x000001b89dd05a34: 0000 00e9 | fbff ffff 

  0x000001b89dd05a3c: ;   {static_stub}
  0x000001b89dd05a3c: 48bb 0000 | 0000 0000 

  0x000001b89dd05a44: ;   {runtime_call nmethod}
  0x000001b89dd05a44: 0000 e9fb 

  0x000001b89dd05a48: ;   {static_stub}
  0x000001b89dd05a48: ffff ff48 | bb00 0000 | 0000 0000 

  0x000001b89dd05a54: ;   {runtime_call nmethod}
  0x000001b89dd05a54: 00e9 fbff 

  0x000001b89dd05a58: ;   {runtime_call ExceptionBlob}
  0x000001b89dd05a58: ffff e921 | e940 fee8 | 0000 0000 | 4883 2c24 

  0x000001b89dd05a68: ;   {runtime_call DeoptimizationBlob}
  0x000001b89dd05a68: 05e9 b21b | 35fe f4f4 
[/MachCode]


Compiled method (c2) 577883 69054       4       com.seibel.distanthorizons.core.render.renderer.LodRenderer::renderTerrain (25 bytes)
 total in heap  [0x000001b8a01a1f90,0x000001b8a01a25a8] = 1560
 relocation     [0x000001b8a01a20f0,0x000001b8a01a2138] = 72
 main code      [0x000001b8a01a2140,0x000001b8a01a23a0] = 608
 stub code      [0x000001b8a01a23a0,0x000001b8a01a23c8] = 40
 oops           [0x000001b8a01a23c8,0x000001b8a01a23d0] = 8
 metadata       [0x000001b8a01a23d0,0x000001b8a01a2418] = 72
 scopes data    [0x000001b8a01a2418,0x000001b8a01a24d0] = 184
 scopes pcs     [0x000001b8a01a24d0,0x000001b8a01a2560] = 144
 dependencies   [0x000001b8a01a2560,0x000001b8a01a2578] = 24
 handler table  [0x000001b8a01a2578,0x000001b8a01a2590] = 24
 nul chk table  [0x000001b8a01a2590,0x000001b8a01a25a8] = 24

[Constant Pool (empty)]

[MachCode]
[Entry Point]
  # {method} {0x000001bd627cd990} 'renderTerrain' '(Lcom/seibel/distanthorizons/core/wrapperInterfaces/render/renderPass/IDhTerrainRenderer;Lcom/seibel/distanthorizons/core/render/RenderBufferHandler;Lcom/seibel/distanthorizons/core/render/RenderParams;ZLcom/seibel/distanthorizons/core/wrapperInterfaces/minecraft/IProfilerWrapper;)V' in 'com/seibel/distanthorizons/core/render/renderer/LodRenderer'
  # this:     rdx:rdx   = 'com/seibel/distanthorizons/core/render/renderer/LodRenderer'
  # parm0:    r8:r8     = 'com/seibel/distanthorizons/core/wrapperInterfaces/render/renderPass/IDhTerrainRenderer'
  # parm1:    r9:r9     = 'com/seibel/distanthorizons/core/render/RenderBufferHandler'
  # parm2:    rdi:rdi   = 'com/seibel/distanthorizons/core/render/RenderParams'
  # parm3:    rsi       = boolean
  # parm4:    rcx:rcx   = 'com/seibel/distanthorizons/core/wrapperInterfaces/minecraft/IProfilerWrapper'
  #           [sp+0x50]  (sp of caller)
  0x000001b8a01a2140: 448b 5208 

  0x000001b8a01a2144: ;   {runtime_call ic_miss_stub}
  0x000001b8a01a2144: 493b c20f | 8533 c5ea | fb66 6690 
[Verified Entry Point]
  0x000001b8a01a2150: 8984 2400 | 80ff ff55 | 4883 ec40 | 4181 7f58 | 2026 0000 | 0f85 2802 | 0000 4d85 | c974 704d 
  0x000001b8a01a2170: ;   {other}
  0x000001b8a01a2170: 8b51 2849 | c1ea 0e0f | 8747 0100 | 004d 85d2 | 0f84 9600 | 0000 458b 

  0x000001b8a01a2188: ;   {metadata('com/seibel/distanthorizons/common/render/openGl/GlDhTerrainRenderer_neoforge')}
  0x000001b8a01a2188: 5808 4181 | fb80 c2fc | 8275 614d 

  0x000001b8a01a2194: ;   {other}
  0x000001b8a01a2194: 8b58 1049 | c1eb 0e0f | 877f 0100 | 0041 0fb6 | 6b44 85ed | 0f84 8600 | 0000 498b | d34c 8bc7 
  0x000001b8a01a21b4: 448b ce49 | 8bfa 488b 

  0x000001b8a01a21bc: ;   {optimized virtual_call}
  0x000001b8a01a21bc: f166 90e8 

  0x000001b8a01a21c0: ; ImmutableOopMap {}
                      ;*invokevirtual render {reexecute=0 rethrow=0 return_oop=0}
                      ; - com.seibel.distanthorizons.common.render.openGl.GlDhTerrainRenderer_neoforge::render@21 (line 60)
                      ; - com.seibel.distanthorizons.core.render.renderer.LodRenderer::renderTerrain@19 (line 345)
  0x000001b8a01a21c0: cc1f b6fd 

  0x000001b8a01a21c4: ;   {other}
  0x000001b8a01a21c4: 0f1f 8400 | 3402 0000 | 4883 c440 

  0x000001b8a01a21d0: ;   {poll_return}
  0x000001b8a01a21d0: 5d49 3ba7 | 4804 0000 | 0f87 9e01 | 0000 c3ba | f6ff ffff 

  0x000001b8a01a21e4: ;   {runtime_call UncommonTrapBlob}
  0x000001b8a01a21e4: 6666 90e8 

  0x000001b8a01a21e8: ; ImmutableOopMap {}
                      ;*invokevirtual getColumnRenderBuffers {reexecute=0 rethrow=0 return_oop=0}
                      ; - com.seibel.distanthorizons.core.render.renderer.LodRenderer::renderTerrain@1 (line 342)
  0x000001b8a01a21e8: 1451 ebfb 

  0x000001b8a01a21ec: ;   {other}
  0x000001b8a01a21ec: 0f1f 8400 | 5c02 0001 | bade ffff | ff49 8be8 | 4889 3c24 | 8974 2408 | 4889 4c24 | 104c 8954 
  0x000001b8a01a220c: ;   {runtime_call UncommonTrapBlob}
  0x000001b8a01a220c: 2418 90e8 

  0x000001b8a01a2210: ; ImmutableOopMap {rbp=Oop [0]=Oop [16]=Oop [24]=Oop }
                      ;*invokeinterface render {reexecute=0 rethrow=0 return_oop=0}
                      ; - com.seibel.distanthorizons.core.render.renderer.LodRenderer::renderTerrain@19 (line 345)
  0x000001b8a01a2210: ec50 ebfb 

  0x000001b8a01a2214: ;   {other}
  0x000001b8a01a2214: 0f1f 8400 | 8402 0002 | ba45 ffff | ff4c 8914 

  0x000001b8a01a2224: ;   {runtime_call UncommonTrapBlob}
  0x000001b8a01a2224: 2466 90e8 

  0x000001b8a01a2228: ; ImmutableOopMap {[0]=Oop }
                      ;*ifnull {reexecute=1 rethrow=0 return_oop=0}
                      ; - (reexecute) com.seibel.distanthorizons.core.render.renderer.LodRenderer::renderTerrain@8 (line 343)
  0x000001b8a01a2228: d450 ebfb 

  0x000001b8a01a222c: ;   {other}
  0x000001b8a01a222c: 0f1f 8400 | 9c02 0003 | ba45 ffff | ff4c 8904 | 2448 897c | 2408 8974 | 2410 4889 | 4c24 184c 
  0x000001b8a01a224c: 8954 2420 | 4c89 5c24 

  0x000001b8a01a2254: ;   {runtime_call UncommonTrapBlob}
  0x000001b8a01a2254: 2866 90e8 

  0x000001b8a01a2258: ; ImmutableOopMap {[0]=Oop [8]=Oop [24]=Oop [32]=Oop [40]=Oop }
                      ;*ifeq {reexecute=1 rethrow=0 return_oop=0}
                      ; - (reexecute) com.seibel.distanthorizons.common.render.openGl.terrain.GlDhTerrainShaderProgram_neoforge::tryInit@4 (line 98)
                      ; - com.seibel.distanthorizons.common.render.openGl.GlDhTerrainRenderer_neoforge::render@9 (line 59)
                      ; - com.seibel.distanthorizons.core.render.renderer.LodRenderer::renderTerrain@19 (line 345)
  0x000001b8a01a2258: a450 ebfb 

  0x000001b8a01a225c: ;   {other}
  0x000001b8a01a225c: 0f1f 8400 | cc02 0004 | 488b d048 | 83c4 405d 

  0x000001b8a01a226c: ;   {runtime_call _rethrow_Java}
  0x000001b8a01a226c: e98f 5ff7 | fbba f6ff | ffff 488b | ef89 3424 | 4889 4c24 | 084c 8954 

  0x000001b8a01a2284: ;   {runtime_call UncommonTrapBlob}
  0x000001b8a01a2284: 2410 90e8 

  0x000001b8a01a2288: ; ImmutableOopMap {rbp=Oop [8]=Oop [16]=Oop }
                      ;*invokeinterface render {reexecute=0 rethrow=0 return_oop=0}
                      ; - com.seibel.distanthorizons.core.render.renderer.LodRenderer::renderTerrain@19 (line 345)
  0x000001b8a01a2288: 7450 ebfb 

  0x000001b8a01a228c: ;   {other}
  0x000001b8a01a228c: 0f1f 8400 | fc02 0005 | ba45 ffff | ff48 893c | 2489 7424 | 0848 894c | 2410 4c89 | 4424 184c 
  0x000001b8a01a22ac: 8954 2420 | 4c89 5c24 

  0x000001b8a01a22b4: ;   {runtime_call UncommonTrapBlob}
  0x000001b8a01a22b4: 2866 90e8 

  0x000001b8a01a22b8: ; ImmutableOopMap {[0]=Oop [16]=Oop [24]=Oop [32]=Oop [40]=Oop }
                      ;*ifnonnull {reexecute=1 rethrow=0 return_oop=0}
                      ; - (reexecute) com.seibel.distanthorizons.common.render.openGl.GlDhTerrainRenderer_neoforge::getTerrainShaderProgram@4 (line 36)
                      ; - com.seibel.distanthorizons.common.render.openGl.GlDhTerrainRenderer_neoforge::render@1 (line 57)
                      ; - com.seibel.distanthorizons.core.render.renderer.LodRenderer::renderTerrain@19 (line 345)
  0x000001b8a01a22b8: 4450 ebfb 

  0x000001b8a01a22bc: ;   {other}
  0x000001b8a01a22bc: 0f1f 8400 | 2c03 0006 | 4d8b 5128 | 4883 ec50 | 4c89 4424 | 484c 894c | 2440 4889 | 4c24 3848 
  0x000001b8a01a22dc: 897c 2430 | 4889 7424 | 2849 8d51 | 2849 8bca 

  0x000001b8a01a22ec: ;   {runtime_call}
  0x000001b8a01a22ec: 48b8 b080 | f52a ff7f | 0000 ffd0 | 4c8b d048 | 8b74 2428 | 488b 7c24 | 3048 8b4c | 2438 4c8b 
  0x000001b8a01a230c: 4c24 404c | 8b44 2448 | c5f8 7748 | 83c4 50e9 | 5dfe ffff | 4d8b 5810 | 4883 ec50 | 4c89 5424 
  0x000001b8a01a232c: 484c 8944 | 2440 4889 | 4c24 3848 | 897c 2430 | 4889 7424 | 2849 8d50 | 1049 8bcb 

  0x000001b8a01a2348: ;   {runtime_call}
  0x000001b8a01a2348: 48b8 b080 | f52a ff7f | 0000 ffd0 | 4c8b d848 | 8b74 2428 | 488b 7c24 | 3048 8b4c | 2438 4c8b 
  0x000001b8a01a2368: 4424 404c | 8b54 2448 | c5f8 7748 | 83c4 50e9 | 25fe ffff 

  0x000001b8a01a237c: ;   {internal_word}
  0x000001b8a01a237c: 49ba d121 | 1aa0 b801 | 0000 4d89 | 9760 0400 

  0x000001b8a01a238c: ;   {runtime_call SafepointBlob}
  0x000001b8a01a238c: 00e9 ee3d 

  0x000001b8a01a2390: ;   {runtime_call StubRoutines (final stubs)}
  0x000001b8a01a2390: ebfb e809 | d0e9 fbe9 | cefd ffff | f4f4 f4f4 
[Stub Code]
  0x000001b8a01a23a0: ;   {no_reloc}
  0x000001b8a01a23a0: 48bb 0000 | 0000 0000 

  0x000001b8a01a23a8: ;   {runtime_call nmethod}
  0x000001b8a01a23a8: 0000 e9fb 

  0x000001b8a01a23ac: ;   {runtime_call ExceptionBlob}
  0x000001b8a01a23ac: ffff ffe9 | cc1f f7fb 
[Deopt Handler Code]
  0x000001b8a01a23b4: e800 0000 | 0048 832c 

  0x000001b8a01a23bc: ;   {runtime_call DeoptimizationBlob}
  0x000001b8a01a23bc: 2405 e95d | 52eb fbf4 | f4f4 f4f4 
[/MachCode]


---------------  P R O C E S S  ---------------

Threads class SMR info:
_java_thread_list=0x000001bcdbe43ff0, length=250, elements={
0x000001b8907c2400, 0x000001b890d0f120, 0x000001b890d0f780, 0x000001b890daeee0,
0x000001b890daf540, 0x000001b890d41b50, 0x000001b890d421b0, 0x000001b890d42810,
0x000001b890d31cf0, 0x000001b88503b7f0, 0x000001b885042040, 0x000001b88a50eee0,
0x000001b889a25810, 0x000001b88b7a91f0, 0x000001b88b7a9850, 0x000001b8898c0550,
0x000001b88b154620, 0x000001b88b154c80, 0x000001b88ab94060, 0x000001b88ab96130,
0x000001b88ab95410, 0x000001b88ab967c0, 0x000001b88ab96e50, 0x000001b88ab974e0,
0x000001b88ab946f0, 0x000001b88ab94d80, 0x000001b88a5f6cb0, 0x000001b88a5f5900,
0x000001b88a5f4be0, 0x000001b88a5f3ec0, 0x000001b88a5f5f90, 0x000001b88a5f6620,
0x000001bcb141b8b0, 0x000001bcb141e010, 0x000001bcb141ab90, 0x000001bcb1421b20,
0x000001bcb1421490, 0x000001bcb139d180, 0x000001bcb139bdd0, 0x000001bcb139aa20,
0x000001bcb139dea0, 0x000001bcb139b740, 0x000001bcb139e530, 0x000001bcb139b0b0,
0x000001bcb139ebc0, 0x000001bcb139c460, 0x000001bcb139ff70, 0x000001bcb13a0600,
0x000001bcb13a0c90, 0x000001bcb13a19b0, 0x000001b88d34e0e0, 0x000001b88d34b980,
0x000001b88d34d3c0, 0x000001b88d34ee00, 0x000001b88d34c010, 0x000001b88d34f490,
0x000001b88d34fb20, 0x000001b88d34c6a0, 0x000001b88d350840, 0x000001b88a5f8d80,
0x000001bcb141a500, 0x000001bcc7410500, 0x000001bccb513240, 0x000001bccb511e90,
0x000001bccb5145f0, 0x000001bccb511170, 0x000001bccb5159a0, 0x000001bccb516030,
0x000001bccb514c80, 0x000001bccb5173e0, 0x000001bccb517a70, 0x000001bccb5166c0,
0x000001bccb518100, 0x000001bcb141b220, 0x000001bcb1420e00, 0x000001bca6885180,
0x000001bca6885ea0, 0x000001bca6886530, 0x000001bca6888c90, 0x000001bca6887250,
0x000001bca688ad60, 0x000001bca6889320, 0x000001bca6888600, 0x000001bca688b3f0,
0x000001bccba64ad0, 0x000001bccba66510, 0x000001bcc9b36970, 0x000001bcc9b3ab10,
0x000001bcc9b3b1a0, 0x000001bcc9b38a40, 0x000001bcc9b390d0, 0x000001bcc9b3d900,
0x000001bcc9b3cbe0, 0x000001bcc9b3d270, 0x000001bcc9b3df90, 0x000001bccba65e80,
0x000001bca5ca64a0, 0x000001bca5ca9fb0, 0x000001bca5caa640, 0x000001bca5ca71c0,
0x000001bca5ca7ee0, 0x000001bccb512bb0, 0x000001bcca4d3740, 0x000001bcca4d1670,
0x000001bcca4d1d00, 0x000001bcca4d2390, 0x000001bcca4d02c0, 0x000001bcca4d3dd0,
0x000001bcca4d0950, 0x000001bcca4d5180, 0x000001bcca4d5810, 0x000001bcca4d4460,
0x000001bcca4d7250, 0x000001bcca4d4af0, 0x000001bcca4d7f70, 0x000001bcca4d78e0,
0x000001bcca4d8c90, 0x000001bcca4d9320, 0x000001bcca4d5ea0, 0x000001bcca4d99b0,
0x000001bcca4d6530, 0x000001bcca4da040, 0x000001bcca4d6bc0, 0x000001bcca4d8600,
0x000001bcc9b39760, 0x000001bcc9b3a480, 0x000001bccd618920, 0x000001bccd6161c0,
0x000001bccd617570, 0x000001bccd619cd0, 0x000001bccd618fb0, 0x000001bccd616850,
0x000001bccd61b080, 0x000001bccd61d150, 0x000001bccd61b710, 0x000001bccd61a360,
0x000001bccd61bda0, 0x000001bccd61c430, 0x000001bccd61a9f0, 0x000001bccd61cac0,
0x000001bd558d4730, 0x000001bd558d40a0, 0x000001bd558d2cf0, 0x000001bd558d1940,
0x000001bd558d4dc0, 0x000001bd558d3a10, 0x000001bd558d6170, 0x000001bd558d6800,
0x000001bd558d88d0, 0x000001bd558da310, 0x000001bd558d8f60, 0x000001bd558dc3e0,
0x000001bd558dd790, 0x000001bd558dca70, 0x000001bd558dbd50, 0x000001bd558db6c0,
0x000001bd558dd100, 0x000001bd558de4b0, 0x000001bd558df1d0, 0x000001bd558dde20,
0x000001bd558df860, 0x000001bcca4d0fe0, 0x000001bd558e0c10, 0x000001bd65523bb0,
0x000001bd6552ab40, 0x000001bd655283e0, 0x000001bd6552a4b0, 0x000001bd65528a70,
0x000001bd655276c0, 0x000001bd6552b1d0, 0x000001bd65529100, 0x000001bd65529790,
0x000001bd65529e20, 0x000001bd65527d50, 0x000001bd6552bef0, 0x000001bd6552d2a0,
0x000001bd6552b860, 0x000001bd6552ece0, 0x000001bd6552e650, 0x000001bd6552d930,
0x000001bd6552fa00, 0x000001bd6552f370, 0x000001bd6552c580, 0x000001bd65530090,
0x000001bd6552cc10, 0x000001bd65530720, 0x000001bd65530db0, 0x000001bd14735060,
0x000001bd14737e50, 0x000001bd14737130, 0x000001bd147377c0, 0x000001bd147356f0,
0x000001bd14736410, 0x000001bd147384e0, 0x000001bd14736aa0, 0x000001bd14738b70,
0x000001bd14739200, 0x000001bd14739f20, 0x000001bd1473cd10, 0x000001bd1473bff0,
0x000001bd1473ac40, 0x000001bd1473d3a0, 0x000001bd14740190, 0x000001bd1473e750,
0x000001bd1473b2d0, 0x000001bd14740eb0, 0x000001bd147428f0, 0x000001bd14741540,
0x000001bd14742260, 0x000001bd14743610, 0x000001bd14743ca0, 0x000001bd14745050,
0x000001bd14742f80, 0x000001bd14741bd0, 0x000001bd1473da30, 0x000001bd14746a90,
0x000001bd14746400, 0x000001bd147456e0, 0x000001bd14744330, 0x000001bd14749880,
0x000001bd14749f10, 0x000001bd14747e40, 0x000001bd1474a5a0, 0x000001bd147484d0,
0x000001bd14748b60, 0x000001bd14747120, 0x000001bd147491f0, 0x000001bd1474b950,
0x000001bd1474cd00, 0x000001bd1474e0b0, 0x000001bd1474ac30, 0x000001bd1474e740,
0x000001bd14750ea0, 0x000001bd1474c670, 0x000001bd1474faf0, 0x000001bd65524240,
0x000001bd65522800, 0x000001bd65524f60, 0x000001bd558d5450, 0x000001bd558d1fd0,
0x000001bcca4ce880, 0x000001bcca4cd4d0, 0x000001bd14739890, 0x000001bd558dfef0,
0x000001bcb141bf40, 0x000001bd1473ede0, 0x000001bcca4cc120, 0x000001bcca4cc7b0,
0x000001bd558d3380, 0x000001bd558d9c80
}

Java Threads: ( => current thread )
=>0x000001b8907c2400 JavaThread "Render thread"                     [_thread_in_native, id=27120, stack(0x0000005e1b100000,0x0000005e1b200000) (1024K)]
  0x000001b890d0f120 JavaThread "Reference Handler"          daemon [_thread_blocked, id=16312, stack(0x0000005e1d500000,0x0000005e1d600000) (1024K)]
  0x000001b890d0f780 JavaThread "Finalizer"                  daemon [_thread_blocked, id=19384, stack(0x0000005e1d600000,0x0000005e1d700000) (1024K)]
  0x000001b890daeee0 JavaThread "Signal Dispatcher"          daemon [_thread_blocked, id=16220, stack(0x0000005e1d700000,0x0000005e1d800000) (1024K)]
  0x000001b890daf540 JavaThread "Attach Listener"            daemon [_thread_blocked, id=19448, stack(0x0000005e1d800000,0x0000005e1d900000) (1024K)]
  0x000001b890d41b50 JavaThread "Service Thread"             daemon [_thread_blocked, id=9896, stack(0x0000005e1d900000,0x0000005e1da00000) (1024K)]
  0x000001b890d421b0 JavaThread "Monitor Deflation Thread"   daemon [_thread_blocked, id=29436, stack(0x0000005e1da00000,0x0000005e1db00000) (1024K)]
  0x000001b890d42810 JavaThread "C2 CompilerThread0"         daemon [_thread_blocked, id=20724, stack(0x0000005e1db00000,0x0000005e1dc00000) (1024K)]
  0x000001b890d31cf0 JavaThread "C1 CompilerThread0"         daemon [_thread_blocked, id=35744, stack(0x0000005e1dc00000,0x0000005e1dd00000) (1024K)]
  0x000001b88503b7f0 JavaThread "Notification Thread"        daemon [_thread_blocked, id=5280, stack(0x0000005e1df00000,0x0000005e1e000000) (1024K)]
  0x000001b885042040 JavaThread "Common-Cleaner"             daemon [_thread_blocked, id=9464, stack(0x0000005e1e000000,0x0000005e1e100000) (1024K)]
  0x000001b88a50eee0 JavaThread "ForkJoinPool.commonPool-worker-1" daemon [_thread_blocked, id=17784, stack(0x0000005e1e900000,0x0000005e1ea00000) (1024K)]
  0x000001b889a25810 JavaThread "ForkJoinPool.commonPool-worker-2" daemon [_thread_blocked, id=32728, stack(0x0000005e1ea00000,0x0000005e1eb00000) (1024K)]
  0x000001b88b7a91f0 JavaThread "ForkJoinPool.commonPool-worker-3" daemon [_thread_blocked, id=34300, stack(0x0000005e1eb00000,0x0000005e1ec00000) (1024K)]
  0x000001b88b7a9850 JavaThread "ForkJoinPool.commonPool-worker-4" daemon [_thread_blocked, id=2952, stack(0x0000005e1ec00000,0x0000005e1ed00000) (1024K)]
  0x000001b8898c0550 JavaThread "ForkJoinPool.commonPool-worker-5" daemon [_thread_blocked, id=15380, stack(0x0000005e1ed00000,0x0000005e1ee00000) (1024K)]
  0x000001b88b154620 JavaThread "ForkJoinPool.commonPool-worker-6" daemon [_thread_blocked, id=33972, stack(0x0000005e1ee00000,0x0000005e1ef00000) (1024K)]
  0x000001b88b154c80 JavaThread "ForkJoinPool.commonPool-worker-7" daemon [_thread_blocked, id=23044, stack(0x0000005e1ef00000,0x0000005e1f000000) (1024K)]
  0x000001b88ab94060 JavaThread "ForkJoinPool.commonPool-worker-8" daemon [_thread_blocked, id=23560, stack(0x0000005e1f000000,0x0000005e1f100000) (1024K)]
  0x000001b88ab96130 JavaThread "ForkJoinPool.commonPool-worker-9" daemon [_thread_blocked, id=26924, stack(0x0000005e1f100000,0x0000005e1f200000) (1024K)]
  0x000001b88ab95410 JavaThread "ForkJoinPool.commonPool-worker-16" daemon [_thread_blocked, id=13824, stack(0x0000005e1f200000,0x0000005e1f300000) (1024K)]
  0x000001b88ab967c0 JavaThread "ForkJoinPool.commonPool-worker-12" daemon [_thread_blocked, id=33872, stack(0x0000005e1f400000,0x0000005e1f500000) (1024K)]
  0x000001b88ab96e50 JavaThread "ForkJoinPool.commonPool-worker-13" daemon [_thread_blocked, id=30392, stack(0x0000005e1f500000,0x0000005e1f600000) (1024K)]
  0x000001b88ab974e0 JavaThread "ForkJoinPool.commonPool-worker-14" daemon [_thread_blocked, id=2664, stack(0x0000005e1f600000,0x0000005e1f700000) (1024K)]
  0x000001b88ab946f0 JavaThread "ForkJoinPool.commonPool-worker-15" daemon [_thread_blocked, id=21028, stack(0x0000005e1f700000,0x0000005e1f800000) (1024K)]
  0x000001b88ab94d80 JavaThread "ForkJoinPool.commonPool-worker-10" daemon [_thread_blocked, id=32084, stack(0x0000005e1f800000,0x0000005e1f900000) (1024K)]
  0x000001b88a5f6cb0 JavaThread "ForkJoinPool.commonPool-worker-17" daemon [_thread_blocked, id=31388, stack(0x0000005e1f900000,0x0000005e1fa00000) (1024K)]
  0x000001b88a5f5900 JavaThread "ForkJoinPool.commonPool-worker-19" daemon [_thread_blocked, id=33416, stack(0x0000005e1fb00000,0x0000005e1fc00000) (1024K)]
  0x000001b88a5f4be0 JavaThread "ForkJoinPool.commonPool-worker-20" daemon [_thread_blocked, id=15896, stack(0x0000005e1fc00000,0x0000005e1fd00000) (1024K)]
  0x000001b88a5f3ec0 JavaThread "ForkJoinPool.commonPool-worker-21" daemon [_thread_blocked, id=15512, stack(0x0000005e1fd00000,0x0000005e1fe00000) (1024K)]
  0x000001b88a5f5f90 JavaThread "ForkJoinPool.commonPool-worker-22" daemon [_thread_blocked, id=33440, stack(0x0000005e1fe00000,0x0000005e1ff00000) (1024K)]
  0x000001b88a5f6620 JavaThread "ForkJoinPool.commonPool-worker-23" daemon [_thread_blocked, id=19768, stack(0x0000005e1ff00000,0x0000005e20000000) (1024K)]
  0x000001bcb141b8b0 JavaThread "DFU cleaning thread"        daemon [_thread_blocked, id=34396, stack(0x0000005e22000000,0x0000005e22100000) (1024K)]
  0x000001bcb141e010 JavaThread "JNA Cleaner"                daemon [_thread_blocked, id=33996, stack(0x0000005e22200000,0x0000005e22300000) (1024K)]
  0x000001bcb141ab90 JavaThread "DH-Log Ticker Thread[0]"    daemon [_thread_blocked, id=23220, stack(0x0000005e1e600000,0x0000005e1e700000) (1024K)]
  0x000001bcb1421b20 JavaThread "Timer hack thread"          daemon [_thread_blocked, id=15464, stack(0x0000005e1e700000,0x0000005e1e800000) (1024K)]
  0x000001bcb1421490 JavaThread "Yggdrasil Key Fetcher"      daemon [_thread_blocked, id=19756, stack(0x0000005e22400000,0x0000005e22500000) (1024K)]
  0x000001bcb139d180 JavaThread "Cleaner-0"                  daemon [_thread_blocked, id=11804, stack(0x0000005e20800000,0x0000005e20900000) (1024K)]
  0x000001bcb139bdd0 JavaThread "modloading-worker-0"        daemon [_thread_blocked, id=33212, stack(0x0000005e1e500000,0x0000005e1e600000) (1024K)]
  0x000001bcb139aa20 JavaThread "modloading-worker-0"        daemon [_thread_blocked, id=8188, stack(0x0000005e20900000,0x0000005e20a00000) (1024K)]
  0x000001bcb139dea0 JavaThread "modloading-worker-0"        daemon [_thread_blocked, id=35088, stack(0x0000005e20a00000,0x0000005e20b00000) (1024K)]
  0x000001bcb139b740 JavaThread "modloading-worker-0"        daemon [_thread_blocked, id=10328, stack(0x0000005e20b00000,0x0000005e20c00000) (1024K)]
  0x000001bcb139e530 JavaThread "modloading-worker-0"        daemon [_thread_blocked, id=14132, stack(0x0000005e20c00000,0x0000005e20d00000) (1024K)]
  0x000001bcb139b0b0 JavaThread "modloading-worker-0"        daemon [_thread_blocked, id=3172, stack(0x0000005e20e00000,0x0000005e20f00000) (1024K)]
  0x000001bcb139ebc0 JavaThread "modloading-worker-0"        daemon [_thread_blocked, id=25212, stack(0x0000005e20f00000,0x0000005e21000000) (1024K)]
  0x000001bcb139c460 JavaThread "modloading-worker-0"        daemon [_thread_blocked, id=35624, stack(0x0000005e21200000,0x0000005e21300000) (1024K)]
  0x000001bcb139ff70 JavaThread "modloading-worker-0"        daemon [_thread_blocked, id=35420, stack(0x0000005e21300000,0x0000005e21400000) (1024K)]
  0x000001bcb13a0600 JavaThread "modloading-worker-0"        daemon [_thread_blocked, id=32500, stack(0x0000005e21400000,0x0000005e21500000) (1024K)]
  0x000001bcb13a0c90 JavaThread "modloading-worker-0"        daemon [_thread_blocked, id=18808, stack(0x0000005e21500000,0x0000005e21600000) (1024K)]
  0x000001bcb13a19b0 JavaThread "modloading-worker-0"        daemon [_thread_blocked, id=33056, stack(0x0000005e21700000,0x0000005e21800000) (1024K)]
  0x000001b88d34e0e0 JavaThread "modloading-worker-0"        daemon [_thread_blocked, id=25796, stack(0x0000005e21900000,0x0000005e21a00000) (1024K)]
  0x000001b88d34b980 JavaThread "modloading-worker-0"        daemon [_thread_blocked, id=33768, stack(0x0000005e21b00000,0x0000005e21c00000) (1024K)]
  0x000001b88d34d3c0 JavaThread "modloading-worker-0"        daemon [_thread_blocked, id=34808, stack(0x0000005e21c00000,0x0000005e21d00000) (1024K)]
  0x000001b88d34ee00 JavaThread "FileSystemWatchService"     daemon [_thread_in_native, id=35532, stack(0x0000005e22a00000,0x0000005e22b00000) (1024K)]
  0x000001b88d34c010 JavaThread "Thread-5"                   daemon [_thread_blocked, id=32196, stack(0x0000005e22c00000,0x0000005e22d00000) (1024K)]
  0x000001b88d34f490 JavaThread "FileSystemWatchService"     daemon [_thread_in_native, id=29204, stack(0x0000005e22e00000,0x0000005e22f00000) (1024K)]
  0x000001b88d34fb20 JavaThread "Config Lib config file watcher" daemon [_thread_blocked, id=8948, stack(0x0000005e22f00000,0x0000005e23000000) (1024K)]
  0x000001b88d34c6a0 JavaThread "Java2D Disposer"            daemon [_thread_blocked, id=14032, stack(0x0000005e23100000,0x0000005e23200000) (1024K)]
  0x000001b88d350840 JavaThread "AWT-Windows"                daemon [_thread_in_native, id=27260, stack(0x0000005e23300000,0x0000005e23400000) (1024K)]
  0x000001b88a5f8d80 JavaThread "FileSystemWatchService"     daemon [_thread_in_native, id=34876, stack(0x0000005e23800000,0x0000005e23900000) (1024K)]
  0x000001bcb141a500 JavaThread "JEI Config File Watcher"    daemon [_thread_blocked, id=28648, stack(0x0000005e23900000,0x0000005e23a00000) (1024K)]
  0x000001bcc7410500 JavaThread "HttpClient-1-SelectorManager" daemon [_thread_in_native, id=19544, stack(0x0000005e23b00000,0x0000005e23c00000) (1024K)]
  0x000001bccb513240 JavaThread "modloading-sync-worker"     daemon [_thread_blocked, id=32956, stack(0x0000005e22b00000,0x0000005e22c00000) (1024K)]
  0x000001bccb511e90 JavaThread "FileSystemWatchService"     daemon [_thread_in_native, id=32664, stack(0x0000005e22900000,0x0000005e22a00000) (1024K)]
  0x000001bccb5145f0 JavaThread "config-file-watcher-0-0"    daemon [_thread_blocked, id=31948, stack(0x0000005e22d00000,0x0000005e22e00000) (1024K)]
  0x000001bccb511170 JavaThread "Worker-Main-1"              daemon [_thread_blocked, id=2540, stack(0x0000005e23000000,0x0000005e23100000) (1024K)]
  0x000001bccb5159a0 JavaThread "Worker-Main-2"              daemon [_thread_blocked, id=28124, stack(0x0000005e23c00000,0x0000005e23d00000) (1024K)]
  0x000001bccb516030 JavaThread "Worker-Main-3"              daemon [_thread_blocked, id=5216, stack(0x0000005e23d00000,0x0000005e23e00000) (1024K)]
  0x000001bccb514c80 JavaThread "Worker-ResourceReload-0"    daemon [_thread_blocked, id=5196, stack(0x0000005e23e00000,0x0000005e23f00000) (1024K)]
  0x000001bccb5173e0 JavaThread "Worker-ResourceReload-1"    daemon [_thread_blocked, id=35396, stack(0x0000005e24000000,0x0000005e24100000) (1024K)]
  0x000001bccb517a70 JavaThread "Thread-11"                         [_thread_blocked, id=17648, stack(0x0000005e1e100000,0x0000005e1e200000) (1024K)]
  0x000001bccb5166c0 JavaThread "Worker-ResourceReload-2"    daemon [_thread_blocked, id=20740, stack(0x0000005e1e300000,0x0000005e1e400000) (1024K)]
  0x000001bccb518100 JavaThread "Worker-ResourceReload-4"    daemon [_thread_blocked, id=35700, stack(0x0000005e24300000,0x0000005e24400000) (1024K)]
  0x000001bcb141b220 JavaThread "Worker-ResourceReload-5"    daemon [_thread_blocked, id=30640, stack(0x0000005e24400000,0x0000005e24500000) (1024K)]
  0x000001bcb1420e00 JavaThread "Worker-ResourceReload-6"    daemon [_thread_blocked, id=32916, stack(0x0000005e24600000,0x0000005e24700000) (1024K)]
  0x000001bca6885180 JavaThread "Worker-ResourceReload-7"    daemon [_thread_blocked, id=30916, stack(0x0000005e24700000,0x0000005e24800000) (1024K)]
  0x000001bca6885ea0 JavaThread "Worker-ResourceReload-8"    daemon [_thread_blocked, id=29264, stack(0x0000005e24800000,0x0000005e24900000) (1024K)]
  0x000001bca6886530 JavaThread "Worker-ResourceReload-10"   daemon [_thread_blocked, id=27316, stack(0x0000005e24a00000,0x0000005e24b00000) (1024K)]
  0x000001bca6888c90 JavaThread "Worker-ResourceReload-12"   daemon [_thread_blocked, id=13776, stack(0x0000005e24d00000,0x0000005e24e00000) (1024K)]
  0x000001bca6887250 JavaThread "Worker-ResourceReload-13"   daemon [_thread_blocked, id=25768, stack(0x0000005e24e00000,0x0000005e24f00000) (1024K)]
  0x000001bca688ad60 JavaThread "Worker-ResourceReload-15"   daemon [_thread_blocked, id=13348, stack(0x0000005e25000000,0x0000005e25100000) (1024K)]
  0x000001bca6889320 JavaThread "Worker-ResourceReload-17"   daemon [_thread_blocked, id=12156, stack(0x0000005e25200000,0x0000005e25300000) (1024K)]
  0x000001bca6888600 JavaThread "Worker-ResourceReload-20"   daemon [_thread_blocked, id=32008, stack(0x0000005e25500000,0x0000005e25600000) (1024K)]
  0x000001bca688b3f0 JavaThread "Worker-ResourceReload-21"   daemon [_thread_blocked, id=19656, stack(0x0000005e25600000,0x0000005e25700000) (1024K)]
  0x000001bccba64ad0 JavaThread "ConfigSaver"                daemon [_thread_blocked, id=29032, stack(0x0000005e26000000,0x0000005e26100000) (1024K)]
  0x000001bccba66510 JavaThread "Cleaner-1"                  daemon [_thread_blocked, id=32152, stack(0x0000005e26300000,0x0000005e26400000) (1024K)]
  0x000001bcc9b36970 JavaThread "Cleaner-2"                  daemon [_thread_blocked, id=13716, stack(0x0000005e26a00000,0x0000005e26b00000) (1024K)]
  0x000001bcc9b3ab10 JavaThread "Cleaner-3"                  daemon [_thread_blocked, id=28904, stack(0x0000005e26b00000,0x0000005e26c00000) (1024K)]
  0x000001bcc9b3b1a0 JavaThread "Cleaner-4"                  daemon [_thread_blocked, id=30520, stack(0x0000005e26c00000,0x0000005e26d00000) (1024K)]
  0x000001bcc9b38a40 JavaThread "DH-ApplyConfigPresetTimer"  daemon [_thread_blocked, id=20924, stack(0x0000005e26200000,0x0000005e26300000) (1024K)]
  0x000001bcc9b390d0 JavaThread "DH-ApplyConfigPresetTimer"  daemon [_thread_blocked, id=32684, stack(0x0000005e26400000,0x0000005e26500000) (1024K)]
  0x000001bcc9b3d900 JavaThread "Worker-Main-4"              daemon [_thread_blocked, id=4816, stack(0x0000005e26500000,0x0000005e26600000) (1024K)]
  0x000001bcc9b3cbe0 JavaThread "Worker-Main-5"              daemon [_thread_blocked, id=34356, stack(0x0000005e26600000,0x0000005e26700000) (1024K)]
  0x000001bcc9b3d270 JavaThread "Worker-Main-6"              daemon [_thread_blocked, id=33188, stack(0x0000005e26700000,0x0000005e26800000) (1024K)]
  0x000001bcc9b3df90 JavaThread "Worker-Main-7"              daemon [_thread_blocked, id=15968, stack(0x0000005e26800000,0x0000005e26900000) (1024K)]
  0x000001bccba65e80 JavaThread "Worker-Main-8"              daemon [_thread_blocked, id=30444, stack(0x0000005e26900000,0x0000005e26a00000) (1024K)]
  0x000001bca5ca64a0 JavaThread "DH-RenderCacheClearConfigTimer" daemon [_thread_blocked, id=18736, stack(0x0000005e25800000,0x0000005e25900000) (1024K)]
  0x000001bca5ca9fb0 JavaThread "Cleaner-5"                  daemon [_thread_blocked, id=2636, stack(0x0000005e25b00000,0x0000005e25c00000) (1024K)]
  0x000001bca5caa640 JavaThread "Thread-24"                         [_thread_blocked, id=35564, stack(0x0000005e25a00000,0x0000005e25b00000) (1024K)]
  0x000001bca5ca71c0 JavaThread "CullThread"                 daemon [_thread_blocked, id=5156, stack(0x0000005e25e00000,0x0000005e25f00000) (1024K)]
  0x000001bca5ca7ee0 JavaThread "pool-34-thread-1"                  [_thread_blocked, id=34596, stack(0x0000005e1e800000,0x0000005e1e900000) (1024K)]
  0x000001bccb512bb0 JavaThread "Java Sound Sequencer"              [_thread_blocked, id=35720, stack(0x0000005e24200000,0x0000005e24300000) (1024K)]
  0x000001bcca4d3740 JavaThread "Server thread"                     [_thread_blocked, id=1712, stack(0x0000005e24c00000,0x0000005e24d00000) (1024K)]
  0x000001bcca4d1670 JavaThread "ComputerCraft-Network-0"    daemon [_thread_blocked, id=35020, stack(0x0000005e27300000,0x0000005e27400000) (1024K)]
  0x000001bcca4d1d00 JavaThread "ComputerCraft-Network-1"    daemon [_thread_blocked, id=31604, stack(0x0000005e27400000,0x0000005e27500000) (1024K)]
  0x000001bcca4d2390 JavaThread "DH-ClientTickTimer"         daemon [_thread_blocked, id=27584, stack(0x0000005e27500000,0x0000005e27600000) (1024K)]
  0x000001bcca4d02c0 JavaThread "Worker-Main-10"             daemon [_thread_blocked, id=31344, stack(0x0000005e27600000,0x0000005e27700000) (1024K)]
  0x000001bcca4d3dd0 JavaThread "Worker-Main-9"              daemon [_thread_blocked, id=596, stack(0x0000005e27700000,0x0000005e27800000) (1024K)]
  0x000001bcca4d0950 JavaThread "Worker-Main-11"             daemon [_thread_blocked, id=27908, stack(0x0000005e27800000,0x0000005e27900000) (1024K)]
  0x000001bcca4d5180 JavaThread "Worker-Main-12"             daemon [_thread_blocked, id=11108, stack(0x0000005e27900000,0x0000005e27a00000) (1024K)]
  0x000001bcca4d5810 JavaThread "Worker-Main-13"             daemon [_thread_blocked, id=9276, stack(0x0000005e27a00000,0x0000005e27b00000) (1024K)]
  0x000001bcca4d4460 JavaThread "Worker-Main-14"             daemon [_thread_blocked, id=19672, stack(0x0000005e27b00000,0x0000005e27c00000) (1024K)]
  0x000001bcca4d7250 JavaThread "Worker-Main-15"             daemon [_thread_blocked, id=32536, stack(0x0000005e27c00000,0x0000005e27d00000) (1024K)]
  0x000001bcca4d4af0 JavaThread "Worker-Main-16"             daemon [_thread_blocked, id=8820, stack(0x0000005e27d00000,0x0000005e27e00000) (1024K)]
  0x000001bcca4d7f70 JavaThread "Worker-Main-17"             daemon [_thread_blocked, id=34776, stack(0x0000005e27e00000,0x0000005e27f00000) (1024K)]
  0x000001bcca4d78e0 JavaThread "Worker-Main-18"             daemon [_thread_blocked, id=34424, stack(0x0000005e27f00000,0x0000005e28000000) (1024K)]
  0x000001bcca4d8c90 JavaThread "Worker-Main-19"             daemon [_thread_blocked, id=28428, stack(0x0000005e28000000,0x0000005e28100000) (1024K)]
  0x000001bcca4d9320 JavaThread "Worker-Main-20"             daemon [_thread_blocked, id=12072, stack(0x0000005e28100000,0x0000005e28200000) (1024K)]
  0x000001bcca4d5ea0 JavaThread "Worker-Main-21"             daemon [_thread_blocked, id=28932, stack(0x0000005e28200000,0x0000005e28300000) (1024K)]
  0x000001bcca4d99b0 JavaThread "DH-delayed save cache cleaner Thread[0]" daemon [_thread_blocked, id=35680, stack(0x0000005e28300000,0x0000005e28400000) (1024K)]
  0x000001bcca4d6530 JavaThread "DH-Phantom Array Recycler Thread[0]" daemon [_thread_blocked, id=33764, stack(0x0000005e28400000,0x0000005e28500000) (1024K)]
  0x000001bcca4da040 JavaThread "DH-Update Propagate Queue [minecraft:overworld] Thread[0]"        [_thread_blocked, id=35520, stack(0x0000005e27100000,0x0000005e27200000) (1024K)]
  0x000001bcca4d6bc0 JavaThread "DH-Full Data Migration Thread[0]"        [_thread_blocked, id=32024, stack(0x0000005e27200000,0x0000005e27300000) (1024K)]
  0x000001bcca4d8600 JavaThread "DH-Request Module Ticker [minecraft:overworld] Thread[0]" daemon [_thread_blocked, id=16452, stack(0x0000005e28500000,0x0000005e28600000) (1024K)]
  0x000001bcc9b39760 JavaThread "DH-DataSource Request Ticker [minecraft:overworld] Thread[0]" daemon [_thread_blocked, id=34468, stack(0x0000005e28600000,0x0000005e28700000) (1024K)]
  0x000001bcc9b3a480 JavaThread "ComputerCraft-Network-2"    daemon [_thread_blocked, id=29144, stack(0x0000005e28700000,0x0000005e28800000) (1024K)]
  0x000001bccd618920 JavaThread "ComputerCraft-Network-3"    daemon [_thread_blocked, id=30420, stack(0x0000005e28f00000,0x0000005e29000000) (1024K)]
  0x000001bccd6161c0 JavaThread "DH-LOD Builder Thread[0]"          [_thread_blocked, id=12132, stack(0x0000005e29000000,0x0000005e29100000) (1024K)]
  0x000001bccd617570 JavaThread "DH-Update Propagate Queue [minecraft:the_nether] Thread[0]"        [_thread_blocked, id=16020, stack(0x0000005e29100000,0x0000005e29200000) (1024K)]
  0x000001bccd619cd0 JavaThread "DH-Request Module Ticker [minecraft:the_nether] Thread[0]" daemon [_thread_blocked, id=14040, stack(0x0000005e29200000,0x0000005e29300000) (1024K)]
  0x000001bccd618fb0 JavaThread "DH-DataSource Request Ticker [minecraft:the_nether] Thread[0]" daemon [_thread_blocked, id=20408, stack(0x0000005e29300000,0x0000005e29400000) (1024K)]
  0x000001bccd616850 JavaThread "DH-Update Propagate Queue [the_bumblezone:the_bumblezone] Thread[0]"        [_thread_blocked, id=17272, stack(0x0000005e29400000,0x0000005e29500000) (1024K)]
  0x000001bccd61b080 JavaThread "DH-Request Module Ticker [the_bumblezone:the_bumblezone] Thread[0]" daemon [_thread_blocked, id=30836, stack(0x0000005e29500000,0x0000005e29600000) (1024K)]
  0x000001bccd61d150 JavaThread "DH-DataSource Request Ticker [the_bumblezone:the_bumblezone] Thread[0]" daemon [_thread_blocked, id=26560, stack(0x0000005e29600000,0x0000005e29700000) (1024K)]
  0x000001bccd61b710 JavaThread "DH-Update Propagate Queue [minecraft:the_end] Thread[0]"        [_thread_blocked, id=1048, stack(0x0000005e29700000,0x0000005e29800000) (1024K)]
  0x000001bccd61a360 JavaThread "DH-Request Module Ticker [minecraft:the_end] Thread[0]" daemon [_thread_blocked, id=20996, stack(0x0000005e28e00000,0x0000005e28f00000) (1024K)]
  0x000001bccd61bda0 JavaThread "DH-DataSource Request Ticker [minecraft:the_end] Thread[0]" daemon [_thread_blocked, id=22556, stack(0x0000005e29800000,0x0000005e29900000) (1024K)]
  0x000001bccd61c430 JavaThread "DH-LOD Builder Thread[1]"          [_thread_blocked, id=29984, stack(0x0000005e29a00000,0x0000005e29b00000) (1024K)]
  0x000001bccd61a9f0 JavaThread "DH-LOD Builder Thread[2]"          [_thread_blocked, id=30992, stack(0x0000005e29b00000,0x0000005e29c00000) (1024K)]
  0x000001bccd61cac0 JavaThread "DH-LOD Builder Thread[3]"          [_thread_blocked, id=30936, stack(0x0000005e29c00000,0x0000005e29d00000) (1024K)]
  0x000001bd558d4730 JavaThread "DH-LOD Builder Thread[4]"          [_thread_blocked, id=6280, stack(0x0000005e29d00000,0x0000005e29e00000) (1024K)]
  0x000001bd558d40a0 JavaThread "DH-LOD Builder Thread[5]"          [_thread_blocked, id=14632, stack(0x0000005e29e00000,0x0000005e29f00000) (1024K)]
  0x000001bd558d2cf0 JavaThread "DH-LOD Builder Thread[6]"          [_thread_blocked, id=28240, stack(0x0000005e29f00000,0x0000005e2a000000) (1024K)]
  0x000001bd558d1940 JavaThread "DH-LOD Builder Thread[7]"          [_thread_blocked, id=32840, stack(0x0000005e2a000000,0x0000005e2a100000) (1024K)]
  0x000001bd558d4dc0 JavaThread "DH-LOD Builder Thread[8]"          [_thread_blocked, id=34260, stack(0x0000005e2a100000,0x0000005e2a200000) (1024K)]
  0x000001bd558d3a10 JavaThread "DH-LOD Builder Thread[9]"          [_thread_blocked, id=33656, stack(0x0000005e2a200000,0x0000005e2a300000) (1024K)]
  0x000001bd558d6170 JavaThread "DH-LOD Builder Thread[10]"         [_thread_blocked, id=35188, stack(0x0000005e2a300000,0x0000005e2a400000) (1024K)]
  0x000001bd558d6800 JavaThread "DH-LOD Builder Thread[11]"         [_thread_blocked, id=11644, stack(0x0000005e2a400000,0x0000005e2a500000) (1024K)]
  0x000001bd558d88d0 JavaThread "ModernFix integrated server watchdog" daemon [_thread_blocked, id=27796, stack(0x0000005e2a800000,0x0000005e2a900000) (1024K)]
  0x000001bd558da310 JavaThread "VoiceChatPacketProcessingThread" daemon [_thread_blocked, id=11036, stack(0x0000005e2a900000,0x0000005e2aa00000) (1024K)]
  0x000001bd558d8f60 JavaThread "VoiceChatServerThread"      daemon [_thread_in_native, id=15836, stack(0x0000005e2aa00000,0x0000005e2ab00000) (1024K)]
  0x000001bd558dc3e0 JavaThread "Netty Server IO #0"         daemon [_thread_in_native, id=14760, stack(0x0000005e2af00000,0x0000005e2b000000) (1024K)]
  0x000001bd558dd790 JavaThread "Netty Server IO #1"         daemon [_thread_in_native, id=28952, stack(0x0000005e2de00000,0x0000005e2df00000) (1024K)]
  0x000001bd558dca70 JavaThread "Netty Local Client IO #0"   daemon [_thread_blocked, id=34912, stack(0x0000005e2df00000,0x0000005e2e000000) (1024K)]
  0x000001bd558dbd50 JavaThread "Netty Server IO #2"         daemon [_thread_in_native, id=23648, stack(0x0000005e2e000000,0x0000005e2e100000) (1024K)]
  0x000001bd558db6c0 JavaThread "Netty Local Client IO #1"   daemon [_thread_blocked, id=35340, stack(0x0000005e2e100000,0x0000005e2e200000) (1024K)]
  0x000001bd558dd100 JavaThread "Netty Server IO #3"         daemon [_thread_in_native, id=29212, stack(0x0000005e2e200000,0x0000005e2e300000) (1024K)]
  0x000001bd558de4b0 JavaThread "Ingredient reference clearing thread" daemon [_thread_blocked, id=31784, stack(0x0000005e2e300000,0x0000005e2e400000) (1024K)]
  0x000001bd558df1d0 JavaThread "Sound engine"               daemon [_thread_blocked, id=32920, stack(0x0000005e2e400000,0x0000005e2e500000) (1024K)]
  0x000001bd558dde20 JavaThread "DH-ChunkSaveIgnoreTimer"    daemon [_thread_blocked, id=24596, stack(0x0000005e1dd00000,0x0000005e1de00000) (1024K)]
  0x000001bd558df860 JavaThread "DH-ChunkSaveIgnoreTimer"    daemon [_thread_blocked, id=22904, stack(0x0000005e2e500000,0x0000005e2e600000) (1024K)]
  0x000001bcca4d0fe0 JavaThread "DH-World Gen Queue Thread[0]"        [_thread_blocked, id=10308, stack(0x0000005e2e600000,0x0000005e2e700000) (1024K)]
  0x000001bd558e0c10 JavaThread "DH-World Gen Progress Updater Thread[0]" daemon [_thread_blocked, id=34408, stack(0x0000005e2e700000,0x0000005e2e800000) (1024K)]
  0x000001bd65523bb0 JavaThread "DH-Render Loader Thread[0]"        [_thread_in_Java, id=13720, stack(0x0000005e2f400000,0x0000005e2f500000) (1024K)]
  0x000001bd6552ab40 JavaThread "DH-Render Loader Thread[1]"        [_thread_blocked, id=20272, stack(0x0000005e2f500000,0x0000005e2f600000) (1024K)]
  0x000001bd655283e0 JavaThread "DH-Render Loader Thread[2]"        [_thread_in_Java, id=19072, stack(0x0000005e2f600000,0x0000005e2f700000) (1024K)]
  0x000001bd6552a4b0 JavaThread "DH-Render Loader Thread[3]"        [_thread_blocked, id=520, stack(0x0000005e2f700000,0x0000005e2f800000) (1024K)]
  0x000001bd65528a70 JavaThread "DH-Render Loader Thread[4]"        [_thread_blocked, id=30116, stack(0x0000005e2f800000,0x0000005e2f900000) (1024K)]
  0x000001bd655276c0 JavaThread "DH-Render Loader Thread[5]"        [_thread_blocked, id=27540, stack(0x0000005e2f900000,0x0000005e2fa00000) (1024K)]
  0x000001bd6552b1d0 JavaThread "DH-Render Loader Thread[6]"        [_thread_in_Java, id=30924, stack(0x0000005e2fa00000,0x0000005e2fb00000) (1024K)]
  0x000001bd65529100 JavaThread "DH-Render Loader Thread[7]"        [_thread_in_Java, id=30828, stack(0x0000005e2fb00000,0x0000005e2fc00000) (1024K)]
  0x000001bd65529790 JavaThread "DH-Render Loader Thread[8]"        [_thread_blocked, id=30464, stack(0x0000005e2fc00000,0x0000005e2fd00000) (1024K)]
  0x000001bd65529e20 JavaThread "DH-Render Loader Thread[9]"        [_thread_blocked, id=33452, stack(0x0000005e2fd00000,0x0000005e2fe00000) (1024K)]
  0x000001bd65527d50 JavaThread "DH-Render Loader Thread[10]"        [_thread_in_Java, id=30316, stack(0x0000005e2fe00000,0x0000005e2ff00000) (1024K)]
  0x000001bd6552bef0 JavaThread "DH-Render Loader Thread[11]"        [_thread_in_Java, id=3640, stack(0x0000005e2ff00000,0x0000005e30000000) (1024K)]
  0x000001bd6552d2a0 JavaThread "Flywheel Task Executor #0"         [_thread_blocked, id=16400, stack(0x0000005e30000000,0x0000005e30100000) (1024K)]
  0x000001bd6552b860 JavaThread "Flywheel Task Executor #1"         [_thread_blocked, id=30956, stack(0x0000005e30100000,0x0000005e30200000) (1024K)]
  0x000001bd6552ece0 JavaThread "Flywheel Task Executor #2"         [_thread_blocked, id=30292, stack(0x0000005e30200000,0x0000005e30300000) (1024K)]
  0x000001bd6552e650 JavaThread "Flywheel Task Executor #3"         [_thread_blocked, id=12244, stack(0x0000005e30300000,0x0000005e30400000) (1024K)]
  0x000001bd6552d930 JavaThread "Flywheel Task Executor #4"         [_thread_blocked, id=29448, stack(0x0000005e30400000,0x0000005e30500000) (1024K)]
  0x000001bd6552fa00 JavaThread "Flywheel Task Executor #5"         [_thread_blocked, id=26352, stack(0x0000005e30500000,0x0000005e30600000) (1024K)]
  0x000001bd6552f370 JavaThread "Flywheel Task Executor #6"         [_thread_blocked, id=9060, stack(0x0000005e30600000,0x0000005e30700000) (1024K)]
  0x000001bd6552c580 JavaThread "Flywheel Task Executor #7"         [_thread_blocked, id=35128, stack(0x0000005e30700000,0x0000005e30800000) (1024K)]
  0x000001bd65530090 JavaThread "Flywheel Task Executor #8"         [_thread_blocked, id=34792, stack(0x0000005e30800000,0x0000005e30900000) (1024K)]
  0x000001bd6552cc10 JavaThread "Flywheel Task Executor #9"         [_thread_blocked, id=19372, stack(0x0000005e30900000,0x0000005e30a00000) (1024K)]
  0x000001bd65530720 JavaThread "DH-IO Thread[0]"                   [_thread_blocked, id=33016, stack(0x0000005e30a00000,0x0000005e30b00000) (1024K)]
  0x000001bd65530db0 JavaThread "JEI Deduplicating Run Executor 0"        [_thread_blocked, id=3188, stack(0x0000005e30b00000,0x0000005e30c00000) (1024K)]
  0x000001bd14735060 JavaThread "DH-LodQuadTree Data Retrieval Queue Thread[0]"        [_thread_blocked, id=20204, stack(0x0000005e30d00000,0x0000005e30e00000) (1024K)]
  0x000001bd14737e50 JavaThread "DH-Cleanup timer"           daemon [_thread_blocked, id=26184, stack(0x0000005e30e00000,0x0000005e30f00000) (1024K)]
  0x000001bd14737130 JavaThread "DH-Update Propagator Thread[0]"        [_thread_blocked, id=536, stack(0x0000005e30f00000,0x0000005e31000000) (1024K)]
  0x000001bd147377c0 JavaThread "DH-Update Propagator Thread[1]"        [_thread_blocked, id=27608, stack(0x0000005e31000000,0x0000005e31100000) (1024K)]
  0x000001bd147356f0 JavaThread "DH-Update Propagator Thread[2]"        [_thread_blocked, id=34128, stack(0x0000005e31100000,0x0000005e31200000) (1024K)]
  0x000001bd14736410 JavaThread "DH-Update Propagator Thread[3]"        [_thread_in_native, id=30628, stack(0x0000005e31200000,0x0000005e31300000) (1024K)]
  0x000001bd147384e0 JavaThread "DH-Update Propagator Thread[4]"        [_thread_blocked, id=35064, stack(0x0000005e31300000,0x0000005e31400000) (1024K)]
  0x000001bd14736aa0 JavaThread "DH-Update Propagator Thread[5]"        [_thread_in_Java, id=20732, stack(0x0000005e31400000,0x0000005e31500000) (1024K)]
  0x000001bd14738b70 JavaThread "DH-Update Propagator Thread[6]"        [_thread_blocked, id=12188, stack(0x0000005e31500000,0x0000005e31600000) (1024K)]
  0x000001bd14739200 JavaThread "DH-Update Propagator Thread[7]"        [_thread_blocked, id=10264, stack(0x0000005e31600000,0x0000005e31700000) (1024K)]
  0x000001bd14739f20 JavaThread "DH-Update Propagator Thread[8]"        [_thread_blocked, id=5648, stack(0x0000005e22600000,0x0000005e22700000) (1024K)]
  0x000001bd1473cd10 JavaThread "DH-Update Propagator Thread[9]"        [_thread_in_Java, id=29384, stack(0x0000005e31700000,0x0000005e31800000) (1024K)]
  0x000001bd1473bff0 JavaThread "DH-Update Propagator Thread[10]"        [_thread_blocked, id=29896, stack(0x0000005e31800000,0x0000005e31900000) (1024K)]
  0x000001bd1473ac40 JavaThread "DH-Update Propagator Thread[11]"        [_thread_blocked, id=22888, stack(0x0000005e31900000,0x0000005e31a00000) (1024K)]
  0x000001bd1473d3a0 JavaThread "DH-FullDataPayloadSender"   daemon [_thread_blocked, id=20000, stack(0x0000005e31a00000,0x0000005e31b00000) (1024K)]
  0x000001bd14740190 JavaThread "DH-IO Thread[1]"                   [_thread_blocked, id=35168, stack(0x0000005e31b00000,0x0000005e31c00000) (1024K)]
  0x000001bd1473e750 JavaThread "DH-World Gen Thread[0]"            [_thread_blocked, id=33496, stack(0x0000005e23400000,0x0000005e23500000) (1024K)]
  0x000001bd1473b2d0 JavaThread "DH-World Gen Thread[1]"            [_thread_blocked, id=35676, stack(0x0000005e23500000,0x0000005e23600000) (1024K)]
  0x000001bd14740eb0 JavaThread "DH-World Gen Thread[2]"            [_thread_blocked, id=16204, stack(0x0000005e23600000,0x0000005e23700000) (1024K)]
  0x000001bd147428f0 JavaThread "DH-World Gen Thread[3]"            [_thread_blocked, id=5320, stack(0x0000005e23700000,0x0000005e23800000) (1024K)]
  0x000001bd14741540 JavaThread "DH-World Gen Thread[4]"            [_thread_in_Java, id=29528, stack(0x0000005e25900000,0x0000005e25a00000) (1024K)]
  0x000001bd14742260 JavaThread "DH-World Gen Thread[5]"            [_thread_blocked, id=30484, stack(0x0000005e25c00000,0x0000005e25d00000) (1024K)]
  0x000001bd14743610 JavaThread "DH-World Gen Thread[6]"            [_thread_blocked, id=32764, stack(0x0000005e25d00000,0x0000005e25e00000) (1024K)]
  0x000001bd14743ca0 JavaThread "DH-World Gen Thread[7]"            [_thread_blocked, id=30240, stack(0x0000005e30c00000,0x0000005e30d00000) (1024K)]
  0x000001bd14745050 JavaThread "DH-World Gen Thread[8]"            [_thread_blocked, id=16068, stack(0x0000005e31c00000,0x0000005e31d00000) (1024K)]
  0x000001bd14742f80 JavaThread "DH-World Gen Thread[9]"            [_thread_blocked, id=15436, stack(0x0000005e31d00000,0x0000005e31e00000) (1024K)]
  0x000001bd14741bd0 JavaThread "DH-World Gen Thread[10]"           [_thread_blocked, id=32896, stack(0x0000005e31e00000,0x0000005e31f00000) (1024K)]
  0x000001bd1473da30 JavaThread "DH-GLBuffer Cleanup Thread[0]" daemon [_thread_blocked, id=33976, stack(0x0000005e22100000,0x0000005e22200000) (1024K)]
  0x000001bd14746a90 JavaThread "FileWatcher-1-thread-1"     daemon [_thread_blocked, id=32524, stack(0x0000005e31f00000,0x0000005e32000000) (1024K)]
  0x000001bd14746400 JavaThread "DH-World Gen Thread[11]"           [_thread_blocked, id=33580, stack(0x0000005e23a00000,0x0000005e23b00000) (1024K)]
  0x000001bd147456e0 JavaThread "DH-Beacon Culling Thread[0]"        [_thread_blocked, id=32508, stack(0x0000005e32000000,0x0000005e32100000) (1024K)]
  0x000001bd14744330 JavaThread "CompletableFutureDelayScheduler" daemon [_thread_blocked, id=33148, stack(0x0000005e23200000,0x0000005e23300000) (1024K)]
  0x000001bd14749880 JavaThread "Chunk Render Task Executor #0"        [_thread_blocked, id=7732, stack(0x0000005e2e800000,0x0000005e2e900000) (1024K)]
  0x000001bd14749f10 JavaThread "Chunk Render Task Executor #1"        [_thread_blocked, id=35572, stack(0x0000005e2e900000,0x0000005e2ea00000) (1024K)]
  0x000001bd14747e40 JavaThread "Chunk Render Task Executor #2"        [_thread_blocked, id=35688, stack(0x0000005e2ea00000,0x0000005e2eb00000) (1024K)]
  0x000001bd1474a5a0 JavaThread "Chunk Render Task Executor #3"        [_thread_blocked, id=11768, stack(0x0000005e2eb00000,0x0000005e2ec00000) (1024K)]
  0x000001bd147484d0 JavaThread "Chunk Render Task Executor #4"        [_thread_blocked, id=35300, stack(0x0000005e2ec00000,0x0000005e2ed00000) (1024K)]
  0x000001bd14748b60 JavaThread "Chunk Render Task Executor #5"        [_thread_blocked, id=5204, stack(0x0000005e2ed00000,0x0000005e2ee00000) (1024K)]
  0x000001bd14747120 JavaThread "Chunk Render Task Executor #6"        [_thread_blocked, id=35844, stack(0x0000005e2ee00000,0x0000005e2ef00000) (1024K)]
  0x000001bd147491f0 JavaThread "Chunk Render Task Executor #7"        [_thread_blocked, id=35848, stack(0x0000005e2ef00000,0x0000005e2f000000) (1024K)]
  0x000001bd1474b950 JavaThread "Chunk Render Task Executor #8"        [_thread_blocked, id=35852, stack(0x0000005e2f000000,0x0000005e2f100000) (1024K)]
  0x000001bd1474cd00 JavaThread "Chunk Render Task Executor #9"        [_thread_blocked, id=35856, stack(0x0000005e2f100000,0x0000005e2f200000) (1024K)]
  0x000001bd1474e0b0 JavaThread "IO-Worker-5"                       [_thread_blocked, id=35868, stack(0x0000005e32100000,0x0000005e32200000) (1024K)]
  0x000001bd1474ac30 JavaThread "DH-IO Thread[2]"                   [_thread_blocked, id=35876, stack(0x0000005e32300000,0x0000005e32400000) (1024K)]
  0x000001bd1474e740 JavaThread "VoiceChatConnectionThread"  daemon [_thread_in_native, id=35884, stack(0x0000005e32500000,0x0000005e32600000) (1024K)]
  0x000001bd14750ea0 JavaThread "MicrophoneThread"           daemon [_thread_blocked, id=35924, stack(0x0000005e32700000,0x0000005e32800000) (1024K)]
  0x000001bd1474c670 JavaThread "DH-IO Thread[3]"                   [_thread_blocked, id=35968, stack(0x0000005e32400000,0x0000005e32500000) (1024K)]
  0x000001bd1474faf0 JavaThread "DH-IO Thread[4]"                   [_thread_blocked, id=36004, stack(0x0000005e23f00000,0x0000005e24000000) (1024K)]
  0x000001bd65524240 JavaThread "DH-IO Thread[5]"                   [_thread_blocked, id=36040, stack(0x0000005e29900000,0x0000005e29a00000) (1024K)]
  0x000001bd65522800 JavaThread "DH-IO Thread[6]"                   [_thread_blocked, id=36108, stack(0x0000005e25f00000,0x0000005e26000000) (1024K)]
  0x000001bd65524f60 JavaThread "DH-IO Thread[7]"                   [_thread_blocked, id=36180, stack(0x0000005e1ae00000,0x0000005e1af00000) (1024K)]
  0x000001bd558d5450 JavaThread "DH-Positional Lock Cleanup Thread[0]" daemon [_thread_blocked, id=36272, stack(0x0000005e28800000,0x0000005e28900000) (1024K)]
  0x000001bd558d1fd0 JavaThread "DH-IO Thread[8]"                   [_thread_blocked, id=36292, stack(0x0000005e1af00000,0x0000005e1b000000) (1024K)]
  0x000001bcca4ce880 JavaThread "DH-IO Thread[9]"                   [_thread_blocked, id=36536, stack(0x0000005e32900000,0x0000005e32a00000) (1024K)]
  0x000001bcca4cd4d0 JavaThread "DH-IO Thread[10]"                  [_thread_blocked, id=36600, stack(0x0000005e32a00000,0x0000005e32b00000) (1024K)]
  0x000001bd14739890 JavaThread "DH-IO Thread[11]"                  [_thread_blocked, id=36828, stack(0x0000005e32b00000,0x0000005e32c00000) (1024K)]
  0x000001bd558dfef0 JavaThread "DH-Task Picker Re-queue Schedule Thread[0]" daemon [_thread_blocked, id=2644, stack(0x0000005e1de00000,0x0000005e1df00000) (1024K)]
  0x000001bcb141bf40 JavaThread "ForkJoinPool.commonPool-worker-24" daemon [_thread_blocked, id=35756, stack(0x0000005e21a00000,0x0000005e21b00000) (1024K)]
  0x000001bd1473ede0 JavaThread "ForkJoinPool.commonPool-worker-25" daemon [_thread_blocked, id=5812, stack(0x0000005e1fa00000,0x0000005e1fb00000) (1024K)]
  0x000001bcca4cc120 JavaThread "IO-Worker-28"                      [_thread_blocked, id=35732, stack(0x0000005e32e00000,0x0000005e32f00000) (1024K)]
  0x000001bcca4cc7b0 JavaThread "IO-Worker-29"                      [_thread_blocked, id=9236, stack(0x0000005e32f00000,0x0000005e33000000) (1024K)]
  0x000001bd558d3380 JavaThread "pool-33-thread-1"                  [_thread_blocked, id=1192, stack(0x0000005e1e200000,0x0000005e1e300000) (1024K)]
  0x000001bd558d9c80 JavaThread "Download-4"                 daemon [_thread_blocked, id=13168, stack(0x0000005e1e400000,0x0000005e1e500000) (1024K)]
Total: 250

Other Threads:
  0x000001b89085b630 VMThread "VM Thread"                           [id=29840, stack(0x0000005e1d400000,0x0000005e1d500000) (1024K)]
  0x000001b890966e90 WatcherThread "VM Periodic Task Thread"        [id=35552, stack(0x0000005e1d300000,0x0000005e1d400000) (1024K)]
  0x000001b8908e4790 ConcurrentGCThread "ZDirector"                 [id=33228, stack(0x0000005e1c200000,0x0000005e1c300000) (1024K)]
  0x000001b8908e0d10 ConcurrentGCThread "ZDriverMajor"              [id=23704, stack(0x0000005e1c100000,0x0000005e1c200000) (1024K)]
  0x000001b8908e02b0 ConcurrentGCThread "ZDriverMinor"              [id=34248, stack(0x0000005e1c000000,0x0000005e1c100000) (1024K)]
  0x000001b8908e6b80 ConcurrentGCThread "ZStat"                     [id=2336, stack(0x0000005e1c300000,0x0000005e1c400000) (1024K)]
  0x000001b89109e470 ConcurrentGCThread "ZUnmapper"                 [id=28712, stack(0x0000005e1b200000,0x0000005e1b300000) (1024K)]
  0x000001b88ead4d40 ConcurrentGCThread "ZUncommitter"              [id=10808, stack(0x0000005e1b300000,0x0000005e1b400000) (1024K)]
  0x000001b89083e650 WorkerThread "ZWorkerYoung#0"                  [id=34756, stack(0x0000005e1ba00000,0x0000005e1bb00000) (1024K)]
  0x000001b89083fc10 WorkerThread "ZWorkerYoung#1"                  [id=26656, stack(0x0000005e1bb00000,0x0000005e1bc00000) (1024K)]
  0x000001b89083f130 WorkerThread "ZWorkerYoung#2"                  [id=35368, stack(0x0000005e1bc00000,0x0000005e1bd00000) (1024K)]
  0x000001b89083ed90 WorkerThread "ZWorkerYoung#3"                  [id=11840, stack(0x0000005e1bd00000,0x0000005e1be00000) (1024K)]
  0x000001b89083f4d0 WorkerThread "ZWorkerYoung#4"                  [id=33432, stack(0x0000005e1be00000,0x0000005e1bf00000) (1024K)]
  0x000001b89085a7b0 WorkerThread "ZWorkerYoung#5"                  [id=18108, stack(0x0000005e1bf00000,0x0000005e1c000000) (1024K)]
  0x000001b890838450 WorkerThread "ZWorkerOld#0"                    [id=31396, stack(0x0000005e1b400000,0x0000005e1b500000) (1024K)]
  0x000001b890839090 WorkerThread "ZWorkerOld#1"                    [id=22848, stack(0x0000005e1b500000,0x0000005e1b600000) (1024K)]
  0x000001b89083b3f0 WorkerThread "ZWorkerOld#2"                    [id=27836, stack(0x0000005e1b600000,0x0000005e1b700000) (1024K)]
  0x000001b89083f870 WorkerThread "ZWorkerOld#3"                    [id=27424, stack(0x0000005e1b700000,0x0000005e1b800000) (1024K)]
  0x000001b89083ffb0 WorkerThread "ZWorkerOld#4"                    [id=31464, stack(0x0000005e1b800000,0x0000005e1b900000) (1024K)]
  0x000001b89083e9f0 WorkerThread "ZWorkerOld#5"                    [id=16800, stack(0x0000005e1b900000,0x0000005e1ba00000) (1024K)]
  0x000001b89085da70 WorkerThread "RuntimeWorker#0"                 [id=12444, stack(0x0000005e1c400000,0x0000005e1c500000) (1024K)]
  0x000001b89085bd70 WorkerThread "RuntimeWorker#1"                 [id=14924, stack(0x0000005e1c500000,0x0000005e1c600000) (1024K)]
  0x000001b89085cbf0 WorkerThread "RuntimeWorker#2"                 [id=31928, stack(0x0000005e1c600000,0x0000005e1c700000) (1024K)]
  0x000001b89085c4b0 WorkerThread "RuntimeWorker#3"                 [id=29580, stack(0x0000005e1c700000,0x0000005e1c800000) (1024K)]
  0x000001b89085c110 WorkerThread "RuntimeWorker#4"                 [id=3416, stack(0x0000005e1c800000,0x0000005e1c900000) (1024K)]
  0x000001b89085c850 WorkerThread "RuntimeWorker#5"                 [id=34788, stack(0x0000005e1c900000,0x0000005e1ca00000) (1024K)]
  0x000001b89085cf90 WorkerThread "RuntimeWorker#6"                 [id=30452, stack(0x0000005e1ca00000,0x0000005e1cb00000) (1024K)]
  0x000001b89085de10 WorkerThread "RuntimeWorker#7"                 [id=18680, stack(0x0000005e1cb00000,0x0000005e1cc00000) (1024K)]
  0x000001b89085e1b0 WorkerThread "RuntimeWorker#8"                 [id=16304, stack(0x0000005e1cc00000,0x0000005e1cd00000) (1024K)]
  0x000001b89085d330 WorkerThread "RuntimeWorker#9"                 [id=21428, stack(0x0000005e1cd00000,0x0000005e1ce00000) (1024K)]
  0x000001b89085d6d0 WorkerThread "RuntimeWorker#10"                [id=19676, stack(0x0000005e1ce00000,0x0000005e1cf00000) (1024K)]
  0x000001b89085ab50 WorkerThread "RuntimeWorker#11"                [id=30716, stack(0x0000005e1cf00000,0x0000005e1d000000) (1024K)]
  0x000001b89085b9d0 WorkerThread "RuntimeWorker#12"                [id=7308, stack(0x0000005e1d000000,0x0000005e1d100000) (1024K)]
  0x000001b89085aef0 WorkerThread "RuntimeWorker#13"                [id=11116, stack(0x0000005e1d100000,0x0000005e1d200000) (1024K)]
  0x000001b89085b290 WorkerThread "RuntimeWorker#14"                [id=16528, stack(0x0000005e1d200000,0x0000005e1d300000) (1024K)]
Total: 35

Threads with active compile tasks:
Total: 0

VM state: not at safepoint (normal execution)

VM Mutex/Monitor currently owned by a thread: None

CDS archive(s) not mapped
Compressed class space mapped at: 0x0000000080000000-0x00000000c0000000, reserved size: 1073741824
Narrow klass base: 0x0000000000000000, Narrow klass shift: 0, Narrow klass range: 0xc0000000

GC Precious Log:
 NUMA Support: Disabled
 CPUs: 24 total, 24 available
 Memory: 31848M
 Large Page Support: Disabled
 Address Space Type: Contiguous/Unrestricted/Complete
 Address Space Size: 262144M
 Min Capacity: 16384M
 Initial Capacity: 16384M
 Max Capacity: 16384M
 Soft Max Capacity: 16384M
 Medium Page Size: 32M
 Pre-touch: Disabled
 Uncommit: Implicitly Disabled (-Xms equals -Xmx)
 GC Workers for Old Generation: 6 (dynamic)
 GC Workers for Young Generation: 6 (dynamic)
 GC Workers Max: 6 (dynamic)
 Runtime Workers: 15

ZGC Globals:
 Young Collection:   Relocate/422
 Old Collection:     Relocate/23
 Offset Max:         4096G (0x0000040000000000)
 Page Size Small:    2M
 Page Size Medium:   32M

ZGC Metadata Bits:
 LoadGood:           0x0000000000002000
 LoadBad:            0x000000000000d000
 MarkGood:           0x0000000000002600
 MarkBad:            0x000000000000d9c0
 StoreGood:          0x0000000000002620
 StoreBad:           0x000000000000d9d0
 ------------------- 
 Remapped:           0x0000000000002000
 RemappedYoung:      0x000000000000a000
 RemappedOld:        0x0000000000003000
 MarkedYoung:        0x0000000000000200
 MarkedOld:          0x0000000000000400
 Remembered:         0x0000000000000020

Heap:
 ZHeap           used 12004M, capacity 16384M, max capacity 16384M
 Metaspace       used 370063K, committed 374400K, reserved 1376256K
  class space    used 61765K, committed 63744K, reserved 1048576K

ZGC Page Table:
 Small   0x0000000000000000 0x00000000001fffd0 0x0000000000200000 O/10    Relocatable
 Small   0x0000000000c00000 0x0000000000dfffd0 0x0000000000e00000 O/15    Relocatable
 Medium  0x0000000000e00000 0x00000000022e6000 0x0000000002e00000 O/23    Allocating 
 Small   0x0000000002e00000 0x0000000002ffffe8 0x0000000003000000 O/9     Relocatable
 Small   0x0000000003000000 0x00000000031df838 0x0000000003200000 O/9     Relocatable
 Small   0x0000000003400000 0x00000000035fffe8 0x0000000003600000 O/4     Relocatable
 Small   0x0000000003600000 0x0000000003800000 0x0000000003800000 Y/422   Allocating 
 Small   0x0000000003e00000 0x0000000003ffff68 0x0000000004000000 O/4     Relocatable
 Small   0x0000000004000000 0x0000000004200000 0x0000000004200000 Y/422   Allocating 
 Small   0x0000000004200000 0x0000000004400000 0x0000000004400000 Y/422   Allocating 
 Small   0x0000000004400000 0x00000000045fffd0 0x0000000004600000 O/15    Relocatable
 Small   0x0000000005200000 0x0000000005400000 0x0000000005400000 Y/422   Allocating 
 Small   0x0000000006000000 0x0000000006200000 0x0000000006200000 Y/422   Allocating 
 Small   0x0000000006200000 0x0000000006400000 0x0000000006400000 Y/422   Allocating 
 Small   0x0000000006400000 0x0000000006600000 0x0000000006600000 Y/422   Allocating 
 Large   0x0000000008000000 0x0000000008600000 0x0000000008600000 O/11    Relocatable
 Small   0x000000000a800000 0x000000000aa00000 0x000000000aa00000 Y/422   Allocating 
 Large   0x000000000be00000 0x000000000c400000 0x000000000c400000 O/10    Relocatable
 Small   0x000000000c400000 0x000000000c600000 0x000000000c600000 O/4     Relocatable
 Large   0x000000000c600000 0x000000000cc00000 0x000000000cc00000 O/10    Relocatable
 Large   0x000000000e000000 0x000000000e600000 0x000000000e600000 O/4     Relocatable
 Large   0x000000000e600000 0x000000000ec00000 0x000000000ec00000 O/10    Relocatable
 Large   0x000000000ec00000 0x000000000f400000 0x000000000f400000 O/11    Relocatable
 Large   0x000000000f800000 0x000000000fe00000 0x000000000fe00000 O/4     Relocatable
 Large   0x0000000011e00000 0x0000000012400000 0x0000000012400000 O/4     Relocatable
 Large   0x0000000014400000 0x0000000014a00000 0x0000000014a00000 O/9     Relocatable
 Small   0x0000000014c00000 0x0000000014dfff50 0x0000000014e00000 O/9     Relocatable
 Small   0x0000000014e00000 0x0000000014fffd28 0x0000000015000000 O/23    Allocating 
 Small   0x0000000015600000 0x0000000015800000 0x0000000015800000 Y/422   Allocating 
 Small   0x0000000015e00000 0x0000000016000000 0x0000000016000000 Y/422   Allocating 
 Small   0x0000000016000000 0x0000000016200000 0x0000000016200000 Y/422   Allocating 
 Small   0x0000000016400000 0x0000000016600000 0x0000000016600000 Y/422   Allocating 
 Small   0x0000000017000000 0x0000000017200000 0x0000000017200000 Y/422   Allocating 
 Small   0x0000000017600000 0x0000000017800000 0x0000000017800000 Y/422   Allocating 
 Small   0x0000000017800000 0x0000000017a00000 0x0000000017a00000 O/4     Relocatable
 Small   0x0000000017a00000 0x0000000017bfffd0 0x0000000017c00000 O/4     Relocatable
 Small   0x0000000017c00000 0x0000000017ded010 0x0000000017e00000 O/4     Relocatable
 Small   0x0000000018200000 0x00000000183fffe0 0x0000000018400000 O/11    Relocatable
 Small   0x0000000018400000 0x00000000185fc850 0x0000000018600000 O/6     Relocatable
 Small   0x0000000018600000 0x00000000187c50c0 0x0000000018800000 O/4     Relocatable
 Small   0x0000000018a00000 0x0000000018c00000 0x0000000018c00000 Y/422   Allocating 
 Small   0x0000000019000000 0x00000000191fffe8 0x0000000019200000 O/9     Relocatable
 Small   0x0000000019400000 0x0000000019600000 0x0000000019600000 Y/422   Allocating 
 Small   0x0000000019800000 0x00000000199ffc98 0x0000000019a00000 O/4     Relocatable
 Small   0x0000000019c00000 0x0000000019dfffd8 0x0000000019e00000 O/4     Relocatable
 Small   0x0000000019e00000 0x0000000019ffdd70 0x000000001a000000 O/4     Relocatable
 Small   0x000000001a000000 0x000000001a1fffe0 0x000000001a200000 O/4     Relocatable
 Small   0x000000001a200000 0x000000001a3fffd0 0x000000001a400000 O/4     Relocatable
 Small   0x000000001a400000 0x000000001a5ff338 0x000000001a600000 O/9     Relocatable
 Small   0x000000001a800000 0x000000001aa00000 0x000000001aa00000 Y/422   Allocating 
 Small   0x000000001aa00000 0x000000001abe92d8 0x000000001ac00000 O/4     Relocatable
 Small   0x000000001b000000 0x000000001b1fbb18 0x000000001b200000 O/9     Relocatable
 Small   0x000000001b200000 0x000000001b3ffff8 0x000000001b400000 O/9     Relocatable
 Small   0x000000001b400000 0x000000001b5f9468 0x000000001b600000 O/4     Relocatable
 Small   0x000000001b600000 0x000000001b7fb8a0 0x000000001b800000 O/4     Relocatable
 Small   0x000000001ba00000 0x000000001bbfff40 0x000000001bc00000 O/10    Relocatable
 Small   0x000000001be00000 0x000000001bfffef0 0x000000001c000000 O/20    Relocatable
 Small   0x000000001c200000 0x000000001c400000 0x000000001c400000 Y/422   Allocating 
 Small   0x000000001c400000 0x000000001c600000 0x000000001c600000 Y/422   Allocating 
 Small   0x000000001c800000 0x000000001c9fffd0 0x000000001ca00000 O/4     Relocatable
 Small   0x000000001ca00000 0x000000001cc00000 0x000000001cc00000 O/4     Relocatable
 Small   0x000000001ce00000 0x000000001cffffd0 0x000000001d000000 O/4     Relocatable
 Small   0x000000001d000000 0x000000001d1fffe0 0x000000001d200000 O/4     Relocatable
 Small   0x000000001d600000 0x000000001d7ff428 0x000000001d800000 O/4     Relocatable
 Small   0x000000001d800000 0x000000001da00000 0x000000001da00000 Y/422   Allocating 
 Small   0x000000001e000000 0x000000001e200000 0x000000001e200000 O/10    Relocatable
 Small   0x000000001ea00000 0x000000001ebfdae0 0x000000001ec00000 O/9     Relocatable
 Small   0x000000001ee00000 0x000000001efffff0 0x000000001f000000 O/6     Relocatable
 Small   0x000000001f000000 0x000000001f200000 0x000000001f200000 O/6     Relocatable
 Small   0x000000001f400000 0x000000001f600000 0x000000001f600000 Y/422   Allocating 
 Small   0x000000001f600000 0x000000001f7fed30 0x000000001f800000 O/4     Relocatable
 Small   0x000000001fa00000 0x000000001fbffff8 0x000000001fc00000 O/9     Relocatable
 Small   0x000000001fc00000 0x000000001fe00000 0x000000001fe00000 Y/422   Allocating 
 Small   0x0000000020000000 0x00000000201ffff0 0x0000000020200000 O/10    Relocatable
 Small   0x0000000020200000 0x0000000020400000 0x0000000020400000 Y/422   Allocating 
 Small   0x0000000020400000 0x0000000020600000 0x0000000020600000 Y/422   Allocating 
 Small   0x0000000020800000 0x00000000209fffe0 0x0000000020a00000 O/4     Relocatable
 Small   0x0000000020a00000 0x0000000020bfffe0 0x0000000020c00000 O/4     Relocatable
 Small   0x0000000021000000 0x00000000211ffff8 0x0000000021200000 O/4     Relocatable
 Small   0x0000000021800000 0x00000000219fffe0 0x0000000021a00000 O/4     Relocatable
 Small   0x0000000022600000 0x0000000022800000 0x0000000022800000 Y/422   Allocating 
 Small   0x0000000022a00000 0x0000000022c00000 0x0000000022c00000 Y/422   Allocating 
 Small   0x0000000022c00000 0x0000000022e00000 0x0000000022e00000 Y/422   Allocating 
 Small   0x0000000022e00000 0x0000000023000000 0x0000000023000000 O/4     Relocatable
 Small   0x0000000023000000 0x0000000023200000 0x0000000023200000 O/4     Relocatable
 Small   0x0000000023200000 0x00000000233fffe8 0x0000000023400000 O/4     Relocatable
 Small   0x0000000023400000 0x0000000023600000 0x0000000023600000 Y/422   Allocating 
 Small   0x0000000023800000 0x00000000239ffff8 0x0000000023a00000 O/10    Relocatable
 Small   0x0000000023c00000 0x0000000023dffff8 0x0000000023e00000 O/10    Relocatable
 Small   0x0000000024000000 0x0000000024200000 0x0000000024200000 Y/422   Allocating 
 Small   0x0000000024200000 0x00000000243fffe8 0x0000000024400000 O/10    Relocatable
 Small   0x0000000024600000 0x0000000024800000 0x0000000024800000 Y/422   Allocating 
 Small   0x0000000024800000 0x00000000249edc58 0x0000000024a00000 O/4     Relocatable
 Small   0x0000000024a00000 0x0000000024c00000 0x0000000024c00000 Y/422   Allocating 
 Medium  0x0000000024c00000 0x0000000026b8c000 0x0000000026c00000 O/4     Relocatable
 Small   0x0000000026c00000 0x0000000026e00000 0x0000000026e00000 Y/422   Allocating 
 Small   0x0000000027a00000 0x0000000027bfffd0 0x0000000027c00000 O/4     Relocatable
 Small   0x0000000027c00000 0x0000000027e00000 0x0000000027e00000 Y/422   Allocating 
 Small   0x0000000028200000 0x0000000028400000 0x0000000028400000 O/9     Relocatable
 Small   0x0000000028400000 0x0000000028600000 0x0000000028600000 Y/422   Allocating 
 Small   0x0000000028600000 0x0000000028800000 0x0000000028800000 Y/422   Allocating 
 Medium  0x0000000028800000 0x000000002a7f1000 0x000000002a800000 O/4     Relocatable
 Small   0x000000002b600000 0x000000002b800000 0x000000002b800000 Y/422   Allocating 
 Small   0x000000002b800000 0x000000002b9ffff0 0x000000002ba00000 O/10    Relocatable
 Small   0x000000002bc00000 0x000000002bdfff20 0x000000002be00000 O/18    Relocatable
 Small   0x000000002c000000 0x000000002c1fffe0 0x000000002c200000 O/10    Relocatable
 Small   0x000000002c400000 0x000000002c5f9280 0x000000002c600000 O/4     Relocatable
 Small   0x000000002c600000 0x000000002c7ffff8 0x000000002c800000 O/9     Relocatable
 Small   0x000000002ca00000 0x000000002cbffff8 0x000000002cc00000 O/10    Relocatable
 Small   0x000000002d200000 0x000000002d400000 0x000000002d400000 Y/422   Allocating 
 Small   0x000000002d600000 0x000000002d800000 0x000000002d800000 Y/422   Allocating 
 Small   0x000000002d800000 0x000000002d9fffe0 0x000000002da00000 O/21    Relocatable
 Small   0x000000002da00000 0x000000002dc00000 0x000000002dc00000 Y/422   Allocating 
 Small   0x000000002de00000 0x000000002e000000 0x000000002e000000 Y/422   Allocating 
 Small   0x000000002e800000 0x000000002e9ffff0 0x000000002ea00000 O/20    Relocatable
 Small   0x000000002ea00000 0x000000002ec00000 0x000000002ec00000 Y/422   Allocating 
 Small   0x000000002f000000 0x000000002f200000 0x000000002f200000 Y/422   Allocating 
 Small   0x000000002f200000 0x000000002f3fffe8 0x000000002f400000 O/4     Relocatable
 Small   0x000000002f400000 0x000000002f600000 0x000000002f600000 Y/422   Allocating 
 Small   0x000000002f600000 0x000000002f7ffff0 0x000000002f800000 O/9     Relocatable
 Small   0x000000002fc00000 0x000000002fdfffb8 0x000000002fe00000 O/23    Allocating 
 Small   0x0000000030400000 0x00000000305f6730 0x0000000030600000 O/9     Relocatable
 Large   0x0000000030c00000 0x0000000031c00000 0x0000000031c00000 O/4     Relocatable
 Small   0x0000000031c00000 0x0000000031e00000 0x0000000031e00000 O/9     Relocatable
 Small   0x0000000032200000 0x00000000323fd0c0 0x0000000032400000 O/23    Allocating 
 Small   0x0000000032800000 0x00000000329fffe0 0x0000000032a00000 O/9     Relocatable
 Large   0x0000000032c00000 0x0000000033c00000 0x0000000033c00000 O/4     Relocatable
 Small   0x0000000033c00000 0x0000000033dffff8 0x0000000033e00000 O/10    Relocatable
 Small   0x0000000035e00000 0x0000000035ffffe8 0x0000000036000000 O/10    Relocatable
 Small   0x0000000036000000 0x0000000036200000 0x0000000036200000 Y/422   Allocating 
 Medium  0x0000000036200000 0x00000000380fa000 0x0000000038200000 O/12    Relocatable
 Small   0x0000000038200000 0x0000000038400000 0x0000000038400000 Y/422   Allocating 
 Small   0x0000000038800000 0x0000000038a00000 0x0000000038a00000 Y/422   Allocating 
 Small   0x0000000039000000 0x0000000039200000 0x0000000039200000 O/4     Relocatable
 Small   0x0000000039400000 0x00000000395fffe8 0x0000000039600000 O/9     Relocatable
 Small   0x0000000039800000 0x00000000399ffff8 0x0000000039a00000 O/9     Relocatable
 Small   0x0000000039e00000 0x0000000039fffff0 0x000000003a000000 O/11    Relocatable
 Small   0x000000003a000000 0x000000003a200000 0x000000003a200000 O/15    Relocatable
 Small   0x000000003a200000 0x000000003a400000 0x000000003a400000 Y/422   Allocating 
 Small   0x000000003a400000 0x000000003a5ffff0 0x000000003a600000 O/9     Relocatable
 Small   0x000000003a600000 0x000000003a7fffd0 0x000000003a800000 O/9     Relocatable
 Small   0x000000003a800000 0x000000003a9fffe0 0x000000003aa00000 O/10    Relocatable
 Small   0x000000003b200000 0x000000003b3fb948 0x000000003b400000 O/9     Relocatable
 Large   0x000000003b400000 0x000000003ce00000 0x000000003ce00000 O/4     Relocatable
 Small   0x000000003d000000 0x000000003d1ffff0 0x000000003d200000 O/10    Relocatable
 Small   0x000000003d200000 0x000000003d3fcac0 0x000000003d400000 O/9     Relocatable
 Small   0x000000003d600000 0x000000003d7fffe0 0x000000003d800000 O/9     Relocatable
 Small   0x000000003da00000 0x000000003dc00000 0x000000003dc00000 Y/422   Allocating 
 Small   0x000000003dc00000 0x000000003de00000 0x000000003de00000 Y/422   Allocating 
 Small   0x000000003e200000 0x000000003e400000 0x000000003e400000 O/9     Relocatable
 Small   0x000000003e400000 0x000000003e600000 0x000000003e600000 Y/422   Allocating 
 Small   0x000000003e600000 0x000000003e800000 0x000000003e800000 Y/422   Allocating 
 Large   0x000000003ea00000 0x0000000040400000 0x0000000040400000 O/4     Relocatable
 Small   0x0000000040400000 0x0000000040600000 0x0000000040600000 Y/422   Allocating 
 Small   0x0000000040a00000 0x0000000040c00000 0x0000000040c00000 Y/422   Allocating 
 Small   0x0000000040e00000 0x0000000040ffffe0 0x0000000041000000 O/9     Relocatable
 Small   0x0000000041600000 0x00000000417fffb0 0x0000000041800000 O/23    Allocating 
 Small   0x0000000041800000 0x0000000041a00000 0x0000000041a00000 Y/422   Allocating 
 Small   0x0000000041a00000 0x0000000041c00000 0x0000000041c00000 Y/422   Allocating 
 Small   0x0000000041c00000 0x0000000041dfff88 0x0000000041e00000 O/23    Allocating 
 Small   0x0000000043800000 0x00000000439d7518 0x0000000043a00000 O/9     Relocatable
 Small   0x0000000043a00000 0x0000000043bffff8 0x0000000043c00000 O/9     Relocatable
 Small   0x0000000043c00000 0x0000000043dfffb0 0x0000000043e00000 O/10    Relocatable
 Small   0x0000000044000000 0x00000000441fcab8 0x0000000044200000 O/4     Relocatable
 Small   0x0000000044600000 0x0000000044800000 0x0000000044800000 Y/422   Allocating 
 Small   0x0000000044800000 0x00000000449ffff0 0x0000000044a00000 O/9     Relocatable
 Small   0x0000000044a00000 0x0000000044c00000 0x0000000044c00000 Y/422   Allocating 
 Small   0x0000000044c00000 0x0000000044e00000 0x0000000044e00000 Y/422   Allocating 
 Small   0x0000000044e00000 0x0000000045000000 0x0000000045000000 O/6     Relocatable
 Small   0x0000000045200000 0x00000000453e66c8 0x0000000045400000 O/4     Relocatable
 Small   0x0000000045400000 0x00000000455ff910 0x0000000045600000 O/15    Relocatable
 Small   0x0000000045600000 0x00000000457fffe8 0x0000000045800000 O/9     Relocatable
 Small   0x0000000045800000 0x0000000045a00000 0x0000000045a00000 Y/422   Allocating 
 Small   0x0000000045a00000 0x0000000045bffff0 0x0000000045c00000 O/10    Relocatable
 Small   0x0000000045e00000 0x0000000046000000 0x0000000046000000 Y/422   Allocating 
 Small   0x0000000046000000 0x0000000046200000 0x0000000046200000 Y/422   Allocating 
 Small   0x0000000046200000 0x00000000463fffd8 0x0000000046400000 O/10    Relocatable
 Small   0x0000000048c00000 0x0000000048dfffd0 0x0000000048e00000 O/23    Allocating 
 Small   0x0000000049200000 0x0000000049400000 0x0000000049400000 Y/422   Allocating 
 Small   0x0000000049600000 0x0000000049800000 0x0000000049800000 Y/422   Allocating 
 Small   0x0000000049800000 0x0000000049a00000 0x0000000049a00000 Y/422   Allocating 
 Small   0x000000004a200000 0x000000004a400000 0x000000004a400000 O/9     Relocatable
 Small   0x000000004ac00000 0x000000004adfff90 0x000000004ae00000 O/4     Relocatable
 Small   0x000000004b000000 0x000000004b1fffe8 0x000000004b200000 O/9     Relocatable
 Small   0x000000004d800000 0x000000004d9fffe8 0x000000004da00000 O/10    Relocatable
 Small   0x000000004da00000 0x000000004dc00000 0x000000004dc00000 O/9     Relocatable
 Small   0x000000004e000000 0x000000004e200000 0x000000004e200000 Y/422   Allocating 
 Small   0x000000004e200000 0x000000004e3ffff8 0x000000004e400000 O/10    Relocatable
 Small   0x000000004ee00000 0x000000004effffe0 0x000000004f000000 O/10    Relocatable
 Small   0x000000004f000000 0x000000004f1ffff0 0x000000004f200000 O/10    Relocatable
 Small   0x000000004f200000 0x000000004f3fffd0 0x000000004f400000 O/9     Relocatable
 Small   0x000000004f600000 0x000000004f7fffe8 0x000000004f800000 O/4     Relocatable
 Small   0x000000004f800000 0x000000004f9ffff8 0x000000004fa00000 O/9     Relocatable
 Small   0x000000004fc00000 0x000000004fdfffd0 0x000000004fe00000 O/9     Relocatable
 Small   0x0000000050000000 0x0000000050200000 0x0000000050200000 Y/422   Allocating 
 Small   0x0000000050600000 0x0000000050640000 0x0000000050800000 Y/422   Allocating 
 Small   0x0000000050a00000 0x0000000050bffff8 0x0000000050c00000 O/4     Relocatable
 Small   0x0000000050c00000 0x0000000050e00000 0x0000000050e00000 O/4     Relocatable
 Small   0x0000000050e00000 0x0000000051000000 0x0000000051000000 Y/422   Allocating 
 Small   0x0000000051000000 0x0000000051200000 0x0000000051200000 Y/422   Allocating 
 Small   0x0000000053200000 0x0000000053400000 0x0000000053400000 O/9     Relocatable
 Small   0x0000000053400000 0x0000000053600000 0x0000000053600000 O/10    Relocatable
 Small   0x0000000053600000 0x0000000053800000 0x0000000053800000 Y/422   Allocating 
 Small   0x0000000054000000 0x00000000541ffff0 0x0000000054200000 O/10    Relocatable
 Small   0x0000000054200000 0x0000000054400000 0x0000000054400000 O/9     Relocatable
 Small   0x0000000054400000 0x0000000054600000 0x0000000054600000 Y/422   Allocating 
 Small   0x0000000054600000 0x0000000054800000 0x0000000054800000 Y/422   Allocating 
 Small   0x0000000055000000 0x00000000551ffff0 0x0000000055200000 O/9     Relocatable
 Small   0x0000000055200000 0x0000000055400000 0x0000000055400000 Y/422   Allocating 
 Small   0x0000000055c00000 0x0000000055e00000 0x0000000055e00000 Y/422   Allocating 
 Small   0x0000000056200000 0x00000000563fffc8 0x0000000056400000 O/16    Relocatable
 Small   0x0000000056400000 0x00000000565fffc8 0x0000000056600000 O/9     Relocatable
 Large   0x0000000056600000 0x0000000057600000 0x0000000057600000 O/4     Relocatable
 Small   0x0000000057c00000 0x0000000057e00000 0x0000000057e00000 Y/422   Allocating 
 Small   0x000000005a600000 0x000000005a800000 0x000000005a800000 O/9     Relocatable
 Small   0x000000005b000000 0x000000005b080000 0x000000005b200000 Y/422   Allocating 
 Large   0x000000005ba00000 0x000000005d400000 0x000000005d400000 O/4     Relocatable
 Small   0x000000005d600000 0x000000005d7ffff8 0x000000005d800000 O/9     Relocatable
 Small   0x000000005d800000 0x000000005da00000 0x000000005da00000 Y/422   Allocating 
 Small   0x000000005e800000 0x000000005e9ffff0 0x000000005ea00000 O/10    Relocatable
 Small   0x000000005ea00000 0x000000005ec00000 0x000000005ec00000 O/15    Relocatable
 Small   0x000000005ee00000 0x000000005f000000 0x000000005f000000 Y/422   Allocating 
 Small   0x0000000060c00000 0x0000000060e00000 0x0000000060e00000 O/23    Allocating 
 Small   0x0000000061000000 0x0000000061200000 0x0000000061200000 O/9     Relocatable
 Small   0x0000000061200000 0x0000000061400000 0x0000000061400000 Y/422   Allocating 
 Small   0x0000000061800000 0x00000000619ffff0 0x0000000061a00000 O/15    Relocatable
 Small   0x0000000061e00000 0x0000000061ffffc0 0x0000000062000000 O/9     Relocatable
 Small   0x0000000062000000 0x00000000621ffff0 0x0000000062200000 O/9     Relocatable
 Small   0x0000000062400000 0x00000000625fffd8 0x0000000062600000 O/10    Relocatable
 Small   0x0000000062800000 0x00000000629fffe8 0x0000000062a00000 O/11    Relocatable
 Small   0x0000000062a00000 0x0000000062c00000 0x0000000062c00000 Y/422   Allocating 
 Small   0x0000000062e00000 0x0000000062fffff8 0x0000000063000000 O/17    Relocatable
 Medium  0x0000000063000000 0x0000000064fce000 0x0000000065000000 O/10    Relocatable
 Small   0x0000000065200000 0x00000000653ffff8 0x0000000065400000 O/10    Relocatable
 Small   0x0000000065400000 0x00000000655ffff0 0x0000000065600000 O/9     Relocatable
 Small   0x0000000065600000 0x00000000657fffe8 0x0000000065800000 O/10    Relocatable
 Small   0x0000000065a00000 0x0000000065bbbd78 0x0000000065c00000 O/9     Relocatable
 Small   0x0000000065e00000 0x0000000065fffff0 0x0000000066000000 O/9     Relocatable
 Small   0x0000000066000000 0x0000000066200000 0x0000000066200000 O/9     Relocatable
 Small   0x0000000066200000 0x00000000663fff38 0x0000000066400000 O/14    Relocatable
 Small   0x000000006a800000 0x000000006aa00000 0x000000006aa00000 Y/422   Allocating 
 Small   0x000000006b000000 0x000000006b1fff40 0x000000006b200000 O/9     Relocatable
 Small   0x000000006bc00000 0x000000006be00000 0x000000006be00000 Y/422   Allocating 
 Small   0x000000006c200000 0x000000006c400000 0x000000006c400000 Y/422   Allocating 
 Small   0x000000006c400000 0x000000006c600000 0x000000006c600000 Y/422   Allocating 
 Small   0x000000006ca00000 0x000000006cc00000 0x000000006cc00000 Y/422   Allocating 
 Small   0x000000006cc00000 0x000000006cdfffe8 0x000000006ce00000 O/9     Relocatable
 Small   0x000000006d000000 0x000000006d1fff08 0x000000006d200000 O/15    Relocatable
 Small   0x000000006d600000 0x000000006d800000 0x000000006d800000 Y/422   Allocating 
 Small   0x000000006de00000 0x000000006e000000 0x000000006e000000 Y/422   Allocating 
 Small   0x000000006e400000 0x000000006e5ffad0 0x000000006e600000 O/12    Relocatable
 Small   0x000000006f000000 0x000000006f200000 0x000000006f200000 Y/422   Allocating 
 Small   0x000000006f200000 0x000000006f3fffe8 0x000000006f400000 O/10    Relocatable
 Small   0x0000000070800000 0x0000000070a00000 0x0000000070a00000 Y/422   Allocating 
 Small   0x0000000070c00000 0x0000000070dffcb8 0x0000000070e00000 O/10    Relocatable
 Small   0x0000000072200000 0x00000000723ffff8 0x0000000072400000 O/22    Relocatable
 Small   0x0000000072600000 0x0000000072800000 0x0000000072800000 Y/422   Allocating 
 Small   0x0000000072e00000 0x0000000073000000 0x0000000073000000 Y/422   Allocating 
 Small   0x0000000073a00000 0x0000000073bffff0 0x0000000073c00000 O/10    Relocatable
 Small   0x0000000073c00000 0x0000000073dfdd40 0x0000000073e00000 O/10    Relocatable
 Small   0x0000000074a00000 0x0000000074bfed38 0x0000000074c00000 O/9     Relocatable
 Small   0x0000000075400000 0x00000000755ffff0 0x0000000075600000 O/9     Relocatable
 Small   0x0000000076400000 0x0000000076600000 0x0000000076600000 Y/422   Allocating 
 Small   0x0000000076800000 0x0000000076a00000 0x0000000076a00000 Y/422   Allocating 
 Small   0x0000000076e00000 0x0000000077000000 0x0000000077000000 Y/422   Allocating 
 Small   0x0000000077400000 0x0000000077600000 0x0000000077600000 Y/422   Allocating 
 Small   0x0000000077800000 0x00000000779ffff0 0x0000000077a00000 O/6     Relocatable
 Small   0x0000000078000000 0x0000000078200000 0x0000000078200000 Y/422   Allocating 
 Small   0x0000000078c00000 0x0000000078dfffe8 0x0000000078e00000 O/9     Relocatable
 Small   0x0000000079000000 0x00000000791fff70 0x0000000079200000 O/14    Relocatable
 Small   0x0000000079200000 0x00000000793fffe8 0x0000000079400000 O/9     Relocatable
 Small   0x0000000079800000 0x00000000799ffff0 0x0000000079a00000 O/9     Relocatable
 Small   0x0000000079a00000 0x0000000079bffff0 0x0000000079c00000 O/9     Relocatable
 Small   0x0000000079e00000 0x000000007a000000 0x000000007a000000 Y/422   Allocating 
 Small   0x000000007a000000 0x000000007a1fff80 0x000000007a200000 O/9     Relocatable
 Small   0x000000007a400000 0x000000007a600000 0x000000007a600000 Y/422   Allocating 
 Small   0x000000007b000000 0x000000007b1ff880 0x000000007b200000 O/15    Relocatable
 Small   0x000000007c400000 0x000000007c5ffff8 0x000000007c600000 O/9     Relocatable
 Small   0x000000007d400000 0x000000007d600000 0x000000007d600000 Y/422   Allocating 
 Small   0x000000007d800000 0x000000007da00000 0x000000007da00000 Y/422   Allocating 
 Small   0x000000007da00000 0x000000007dc00000 0x000000007dc00000 O/15    Relocatable
 Small   0x000000007dc00000 0x000000007de00000 0x000000007de00000 O/9     Relocatable
 Small   0x000000007de00000 0x000000007e000000 0x000000007e000000 Y/422   Allocating 
 Small   0x000000007e400000 0x000000007e5ff9e8 0x000000007e600000 O/12    Relocatable
 Small   0x000000007ea00000 0x000000007ebffff8 0x000000007ec00000 O/9     Relocatable
 Small   0x000000007f000000 0x000000007f200000 0x000000007f200000 Y/422   Allocating 
 Small   0x000000007f600000 0x000000007f800000 0x000000007f800000 Y/422   Allocating 
 Small   0x0000000080a00000 0x0000000080ac0000 0x0000000080c00000 Y/422   Allocating 
 Small   0x0000000081000000 0x00000000811ffff0 0x0000000081200000 O/9     Relocatable
 Small   0x0000000081400000 0x00000000815ffff8 0x0000000081600000 O/9     Relocatable
 Small   0x0000000081a00000 0x0000000081bffff8 0x0000000081c00000 O/10    Relocatable
 Small   0x0000000082600000 0x0000000082800000 0x0000000082800000 Y/422   Allocating 
 Small   0x0000000082a00000 0x0000000082c00000 0x0000000082c00000 Y/422   Allocating 
 Small   0x0000000083000000 0x00000000831fffe8 0x0000000083200000 O/15    Relocatable
 Small   0x0000000083800000 0x00000000839fffc0 0x0000000083a00000 O/9     Relocatable
 Small   0x0000000083e00000 0x0000000084000000 0x0000000084000000 Y/422   Allocating 
 Small   0x0000000084000000 0x00000000841ffff8 0x0000000084200000 O/9     Relocatable
 Small   0x0000000084400000 0x0000000084600000 0x0000000084600000 Y/422   Allocating 
 Small   0x0000000084800000 0x0000000084900000 0x0000000084a00000 Y/422   Allocating 
 Small   0x0000000084a00000 0x0000000084c00000 0x0000000084c00000 O/10    Relocatable
 Small   0x0000000084c00000 0x0000000084dffff0 0x0000000084e00000 O/10    Relocatable
 Small   0x0000000084e00000 0x0000000084fffff0 0x0000000085000000 O/9     Relocatable
 Small   0x0000000085600000 0x0000000085800000 0x0000000085800000 Y/422   Allocating 
 Small   0x0000000086000000 0x0000000086200000 0x0000000086200000 Y/422   Allocating 
 Small   0x0000000086400000 0x0000000086600000 0x0000000086600000 O/9     Relocatable
 Small   0x0000000086600000 0x0000000086800000 0x0000000086800000 Y/422   Allocating 
 Small   0x0000000087000000 0x0000000087180000 0x0000000087200000 Y/422   Allocating 
 Small   0x0000000087800000 0x0000000087a00000 0x0000000087a00000 Y/422   Allocating 
 Small   0x0000000089200000 0x0000000089400000 0x0000000089400000 Y/422   Allocating 
 Small   0x0000000089400000 0x00000000895ffb10 0x0000000089600000 O/23    Allocating 
 Small   0x0000000089600000 0x00000000897fffe0 0x0000000089800000 O/9     Relocatable
 Small   0x0000000089800000 0x00000000899ffff0 0x0000000089a00000 O/15    Relocatable
 Small   0x0000000089a00000 0x0000000089c00000 0x0000000089c00000 Y/422   Allocating 
 Small   0x0000000089c00000 0x0000000089dffff8 0x0000000089e00000 O/9     Relocatable
 Small   0x0000000089e00000 0x0000000089fffff0 0x000000008a000000 O/9     Relocatable
 Small   0x000000008a000000 0x000000008a1ffff0 0x000000008a200000 O/9     Relocatable
 Small   0x000000008a400000 0x000000008a600000 0x000000008a600000 Y/422   Allocating 
 Small   0x000000008a600000 0x000000008a7ffff8 0x000000008a800000 O/9     Relocatable
 Small   0x000000008aa00000 0x000000008abffff0 0x000000008ac00000 O/9     Relocatable
 Small   0x000000008ac00000 0x000000008ae00000 0x000000008ae00000 Y/422   Allocating 
 Small   0x000000008b000000 0x000000008b200000 0x000000008b200000 Y/422   Allocating 
 Small   0x000000008b200000 0x000000008b400000 0x000000008b400000 Y/422   Allocating 
 Small   0x000000008b600000 0x000000008b7ffff0 0x000000008b800000 O/13    Relocatable
 Small   0x000000008ba00000 0x000000008bbffae0 0x000000008bc00000 O/13    Relocatable
 Small   0x000000008bc00000 0x000000008be00000 0x000000008be00000 Y/422   Allocating 
 Small   0x000000008c200000 0x000000008c400000 0x000000008c400000 Y/422   Allocating 
 Small   0x000000008c600000 0x000000008c7fffe0 0x000000008c800000 O/9     Relocatable
 Small   0x000000008ce00000 0x000000008cffffa0 0x000000008d000000 O/9     Relocatable
 Small   0x000000008d200000 0x000000008d3e2e78 0x000000008d400000 O/10    Relocatable
 Small   0x000000008e600000 0x000000008e7ffff0 0x000000008e800000 O/14    Relocatable
 Small   0x000000008ec00000 0x000000008edfffe8 0x000000008ee00000 O/10    Relocatable
 Small   0x000000008f000000 0x000000008f1ffff8 0x000000008f200000 O/19    Relocatable
 Small   0x000000008f200000 0x000000008f400000 0x000000008f400000 Y/422   Allocating 
 Small   0x0000000090200000 0x00000000903fffb0 0x0000000090400000 O/9     Relocatable
 Small   0x0000000090400000 0x0000000090600000 0x0000000090600000 Y/422   Allocating 
 Small   0x0000000090a00000 0x0000000090c00000 0x0000000090c00000 Y/422   Allocating 
 Small   0x0000000090c00000 0x0000000090e00000 0x0000000090e00000 Y/422   Allocating 
 Small   0x0000000090e00000 0x0000000091000000 0x0000000091000000 Y/422   Allocating 
 Small   0x0000000091000000 0x00000000911fffc0 0x0000000091200000 O/22    Relocatable
 Small   0x0000000091600000 0x00000000917ff3a0 0x0000000091800000 O/22    Relocatable
 Small   0x0000000091e00000 0x0000000092000000 0x0000000092000000 Y/422   Allocating 
 Small   0x0000000092400000 0x00000000925ffff0 0x0000000092600000 O/11    Relocatable
 Small   0x0000000093200000 0x00000000933fffe8 0x0000000093400000 O/9     Relocatable
 Small   0x0000000093600000 0x00000000937fff98 0x0000000093800000 O/20    Relocatable
 Small   0x0000000094000000 0x0000000094200000 0x0000000094200000 Y/422   Allocating 
 Small   0x0000000094200000 0x0000000094400000 0x0000000094400000 Y/422   Allocating 
 Small   0x0000000094400000 0x00000000945fcd18 0x0000000094600000 O/23    Allocating 
 Small   0x0000000094c00000 0x0000000094dff180 0x0000000094e00000 O/15    Relocatable
 Small   0x0000000095000000 0x0000000095200000 0x0000000095200000 Y/422   Allocating 
 Small   0x0000000095800000 0x00000000959fff68 0x0000000095a00000 O/9     Relocatable
 Small   0x0000000095a00000 0x0000000095c00000 0x0000000095c00000 Y/422   Allocating 
 Small   0x0000000095e00000 0x0000000095ffffa8 0x0000000096000000 O/15    Relocatable
 Small   0x0000000096000000 0x0000000096200000 0x0000000096200000 Y/422   Allocating 
 Small   0x0000000096200000 0x0000000096400000 0x0000000096400000 Y/422   Allocating 
 Small   0x0000000096400000 0x0000000096600000 0x0000000096600000 Y/422   Allocating 
 Small   0x0000000096600000 0x0000000096800000 0x0000000096800000 Y/422   Allocating 
 Small   0x0000000096c00000 0x0000000096dffff8 0x0000000096e00000 O/9     Relocatable
 Small   0x0000000097200000 0x0000000097400000 0x0000000097400000 Y/422   Allocating 
 Small   0x0000000097400000 0x00000000975fffe8 0x0000000097600000 O/15    Relocatable
 Small   0x0000000098400000 0x00000000985ffff8 0x0000000098600000 O/9     Relocatable
 Small   0x0000000098a00000 0x0000000098c00000 0x0000000098c00000 O/9     Relocatable
 Small   0x0000000099600000 0x0000000099800000 0x0000000099800000 Y/422   Allocating 
 Small   0x0000000099a00000 0x0000000099c00000 0x0000000099c00000 Y/422   Allocating 
 Small   0x000000009a200000 0x000000009a400000 0x000000009a400000 Y/422   Allocating 
 Small   0x000000009a600000 0x000000009a7ffff8 0x000000009a800000 O/9     Relocatable
 Small   0x000000009a800000 0x000000009a9fffd8 0x000000009aa00000 O/9     Relocatable
 Small   0x000000009ae00000 0x000000009b000000 0x000000009b000000 Y/422   Allocating 
 Small   0x000000009b800000 0x000000009ba00000 0x000000009ba00000 Y/422   Allocating 
 Small   0x000000009bc00000 0x000000009be00000 0x000000009be00000 Y/422   Allocating 
 Small   0x000000009be00000 0x000000009c000000 0x000000009c000000 O/20    Relocatable
 Small   0x000000009c000000 0x000000009c200000 0x000000009c200000 Y/422   Allocating 
 Small   0x000000009c800000 0x000000009c9ffff0 0x000000009ca00000 O/15    Relocatable
 Small   0x000000009ca00000 0x000000009cbfff88 0x000000009cc00000 O/9     Relocatable
 Small   0x000000009d000000 0x000000009d200000 0x000000009d200000 Y/422   Allocating 
 Small   0x000000009d200000 0x000000009d400000 0x000000009d400000 O/9     Relocatable
 Small   0x000000009da00000 0x000000009dbfff40 0x000000009dc00000 O/23    Allocating 
 Small   0x000000009de00000 0x000000009e000000 0x000000009e000000 Y/422   Allocating 
 Small   0x000000009e000000 0x000000009e200000 0x000000009e200000 Y/422   Allocating 
 Small   0x000000009e200000 0x000000009e400000 0x000000009e400000 Y/422   Allocating 
 Small   0x000000009e600000 0x000000009e7fffe0 0x000000009e800000 O/10    Relocatable
 Small   0x000000009e800000 0x000000009e9fffb0 0x000000009ea00000 O/9     Relocatable
 Small   0x000000009ee00000 0x000000009f000000 0x000000009f000000 Y/422   Allocating 
 Small   0x000000009f400000 0x000000009f600000 0x000000009f600000 Y/422   Allocating 
 Small   0x000000009f600000 0x000000009f800000 0x000000009f800000 Y/422   Allocating 
 Small   0x000000009fa00000 0x000000009fbffe30 0x000000009fc00000 O/14    Relocatable
 Small   0x00000000a0000000 0x00000000a01fffe0 0x00000000a0200000 O/15    Relocatable
 Small   0x00000000a0200000 0x00000000a0400000 0x00000000a0400000 Y/422   Allocating 
 Small   0x00000000a0800000 0x00000000a09fff90 0x00000000a0a00000 O/9     Relocatable
 Small   0x00000000a0a00000 0x00000000a0c00000 0x00000000a0c00000 Y/422   Allocating 
 Small   0x00000000a0c00000 0x00000000a0dffff8 0x00000000a0e00000 O/9     Relocatable
 Small   0x00000000a1800000 0x00000000a19ffff8 0x00000000a1a00000 O/11    Relocatable
 Small   0x00000000a2400000 0x00000000a2600000 0x00000000a2600000 Y/422   Allocating 
 Small   0x00000000a2a00000 0x00000000a2c00000 0x00000000a2c00000 O/9     Relocatable
 Small   0x00000000a3000000 0x00000000a3200000 0x00000000a3200000 Y/422   Allocating 
 Small   0x00000000a3200000 0x00000000a33fffe0 0x00000000a3400000 O/9     Relocatable
 Small   0x00000000a3a00000 0x00000000a3bfffe0 0x00000000a3c00000 O/9     Relocatable
 Small   0x00000000a3c00000 0x00000000a3e00000 0x00000000a3e00000 Y/422   Allocating 
 Small   0x00000000a3e00000 0x00000000a3ffffe8 0x00000000a4000000 O/9     Relocatable
 Small   0x00000000a4400000 0x00000000a45ffff0 0x00000000a4600000 O/9     Relocatable
 Small   0x00000000a4600000 0x00000000a4800000 0x00000000a4800000 Y/422   Allocating 
 Small   0x00000000a4800000 0x00000000a49fffe8 0x00000000a4a00000 O/9     Relocatable
 Small   0x00000000a4a00000 0x00000000a4c00000 0x00000000a4c00000 O/9     Relocatable
 Small   0x00000000a4e00000 0x00000000a4ffffd0 0x00000000a5000000 O/9     Relocatable
 Small   0x00000000a5200000 0x00000000a5400000 0x00000000a5400000 O/9     Relocatable
 Small   0x00000000a5800000 0x00000000a5a00000 0x00000000a5a00000 Y/422   Allocating 
 Small   0x00000000a5c00000 0x00000000a5e00000 0x00000000a5e00000 Y/422   Allocating 
 Small   0x00000000a5e00000 0x00000000a5fffff0 0x00000000a6000000 O/10    Relocatable
 Small   0x00000000a6a00000 0x00000000a6c00000 0x00000000a6c00000 Y/422   Allocating 
 Small   0x00000000a6e00000 0x00000000a7000000 0x00000000a7000000 Y/422   Allocating 
 Small   0x00000000a7000000 0x00000000a71fffd0 0x00000000a7200000 O/9     Relocatable
 Small   0x00000000a7200000 0x00000000a7400000 0x00000000a7400000 Y/422   Allocating 
 Small   0x00000000a7800000 0x00000000a7a00000 0x00000000a7a00000 Y/422   Allocating 
 Small   0x00000000a7a00000 0x00000000a7c00000 0x00000000a7c00000 Y/422   Allocating 
 Small   0x00000000a7c00000 0x00000000a7dffff0 0x00000000a7e00000 O/9     Relocatable
 Small   0x00000000a7e00000 0x00000000a7ffe7c0 0x00000000a8000000 O/15    Relocatable
 Small   0x00000000a8000000 0x00000000a81ffff8 0x00000000a8200000 O/9     Relocatable
 Small   0x00000000a8a00000 0x00000000a8c00000 0x00000000a8c00000 Y/422   Allocating 
 Small   0x00000000a8c00000 0x00000000a8e00000 0x00000000a8e00000 O/9     Relocatable
 Small   0x00000000a9000000 0x00000000a9200000 0x00000000a9200000 Y/422   Allocating 
 Small   0x00000000a9a00000 0x00000000a9bfffe8 0x00000000a9c00000 O/10    Relocatable
 Small   0x00000000a9e00000 0x00000000aa000000 0x00000000aa000000 O/20    Relocatable
 Small   0x00000000aa000000 0x00000000aa200000 0x00000000aa200000 Y/422   Allocating 
 Small   0x00000000aa200000 0x00000000aa400000 0x00000000aa400000 Y/422   Allocating 
 Small   0x00000000aa400000 0x00000000aa600000 0x00000000aa600000 O/10    Relocatable
 Small   0x00000000aa800000 0x00000000aaa00000 0x00000000aaa00000 Y/422   Allocating 
 Small   0x00000000aaa00000 0x00000000aac00000 0x00000000aac00000 Y/422   Allocating 
 Small   0x00000000aac00000 0x00000000aadff828 0x00000000aae00000 O/23    Allocating 
 Small   0x00000000ab200000 0x00000000ab3fffe8 0x00000000ab400000 O/9     Relocatable
 Small   0x00000000ab600000 0x00000000ab800000 0x00000000ab800000 Y/422   Allocating 
 Small   0x00000000ab800000 0x00000000aba00000 0x00000000aba00000 Y/422   Allocating 
 Small   0x00000000abe00000 0x00000000ac000000 0x00000000ac000000 Y/422   Allocating 
 Small   0x00000000ac200000 0x00000000ac3ffff8 0x00000000ac400000 O/9     Relocatable
 Small   0x00000000ac600000 0x00000000ac7ffff8 0x00000000ac800000 O/9     Relocatable
 Small   0x00000000ac800000 0x00000000ac9fffe8 0x00000000aca00000 O/16    Relocatable
 Small   0x00000000ace00000 0x00000000ad000000 0x00000000ad000000 Y/422   Allocating 
 Small   0x00000000ad000000 0x00000000ad200000 0x00000000ad200000 Y/422   Allocating 
 Small   0x00000000ad200000 0x00000000ad3ffff0 0x00000000ad400000 O/9     Relocatable
 Small   0x00000000ad600000 0x00000000ad7fffe0 0x00000000ad800000 O/20    Relocatable
 Small   0x00000000ad800000 0x00000000ada00000 0x00000000ada00000 Y/422   Allocating 
 Small   0x00000000ada00000 0x00000000adc00000 0x00000000adc00000 Y/422   Allocating 
 Small   0x00000000ae400000 0x00000000ae600000 0x00000000ae600000 O/9     Relocatable
 Small   0x00000000ae600000 0x00000000ae7fff78 0x00000000ae800000 O/9     Relocatable
 Small   0x00000000ae800000 0x00000000aea00000 0x00000000aea00000 Y/422   Allocating 
 Small   0x00000000aee00000 0x00000000aeffff98 0x00000000af000000 O/9     Relocatable
 Small   0x00000000af000000 0x00000000af200000 0x00000000af200000 O/9     Relocatable
 Small   0x00000000af200000 0x00000000af3fffe8 0x00000000af400000 O/9     Relocatable
 Small   0x00000000af400000 0x00000000af600000 0x00000000af600000 Y/422   Allocating 
 Small   0x00000000af600000 0x00000000af7ffff8 0x00000000af800000 O/9     Relocatable
 Small   0x00000000afc00000 0x00000000afdffff0 0x00000000afe00000 O/9     Relocatable
 Small   0x00000000afe00000 0x00000000afffffb0 0x00000000b0000000 O/9     Relocatable
 Small   0x00000000b0000000 0x00000000b01fffe0 0x00000000b0200000 O/9     Relocatable
 Small   0x00000000b0200000 0x00000000b0400000 0x00000000b0400000 Y/422   Allocating 
 Small   0x00000000b0400000 0x00000000b0600000 0x00000000b0600000 Y/422   Allocating 
 Small   0x00000000b0600000 0x00000000b0800000 0x00000000b0800000 Y/422   Allocating 
 Small   0x00000000b1000000 0x00000000b11fffd8 0x00000000b1200000 O/9     Relocatable
 Small   0x00000000b1400000 0x00000000b1600000 0x00000000b1600000 Y/422   Allocating 
 Small   0x00000000b1a00000 0x00000000b1c00000 0x00000000b1c00000 Y/422   Allocating 
 Small   0x00000000b1e00000 0x00000000b2000000 0x00000000b2000000 Y/422   Allocating 
 Small   0x00000000b2400000 0x00000000b25fffe8 0x00000000b2600000 O/10    Relocatable
 Small   0x00000000b2600000 0x00000000b2800000 0x00000000b2800000 Y/422   Allocating 
 Small   0x00000000b3000000 0x00000000b31fff18 0x00000000b3200000 O/10    Relocatable
 Small   0x00000000b3200000 0x00000000b3400000 0x00000000b3400000 O/20    Relocatable
 Small   0x00000000b3600000 0x00000000b3800000 0x00000000b3800000 Y/422   Allocating 
 Small   0x00000000b3c00000 0x00000000b3dfffc0 0x00000000b3e00000 O/9     Relocatable
 Small   0x00000000b4400000 0x00000000b4600000 0x00000000b4600000 Y/422   Allocating 
 Small   0x00000000b4600000 0x00000000b47ffff0 0x00000000b4800000 O/9     Relocatable
 Small   0x00000000b4800000 0x00000000b4a00000 0x00000000b4a00000 Y/422   Allocating 
 Small   0x00000000b4e00000 0x00000000b5000000 0x00000000b5000000 Y/422   Allocating 
 Small   0x00000000b5000000 0x00000000b51ffff8 0x00000000b5200000 O/9     Relocatable
 Small   0x00000000b5c00000 0x00000000b5e00000 0x00000000b5e00000 O/10    Relocatable
 Small   0x00000000b6800000 0x00000000b6a00000 0x00000000b6a00000 Y/422   Allocating 
 Small   0x00000000b6a00000 0x00000000b6bfffe0 0x00000000b6c00000 O/10    Relocatable
 Small   0x00000000b6c00000 0x00000000b6e00000 0x00000000b6e00000 Y/422   Allocating 
 Small   0x00000000b7000000 0x00000000b71ffff8 0x00000000b7200000 O/9     Relocatable
 Small   0x00000000b7200000 0x00000000b7400000 0x00000000b7400000 Y/422   Allocating 
 Small   0x00000000b7800000 0x00000000b7a00000 0x00000000b7a00000 Y/422   Allocating 
 Small   0x00000000b7a00000 0x00000000b7c00000 0x00000000b7c00000 Y/422   Allocating 
 Small   0x00000000b8000000 0x00000000b81fffe8 0x00000000b8200000 O/9     Relocatable
 Small   0x00000000b8800000 0x00000000b8a00000 0x00000000b8a00000 Y/422   Allocating 
 Small   0x00000000b8a00000 0x00000000b8c00000 0x00000000b8c00000 Y/422   Allocating 
 Small   0x00000000b9200000 0x00000000b9400000 0x00000000b9400000 O/9     Relocatable
 Small   0x00000000ba800000 0x00000000baa00000 0x00000000baa00000 Y/422   Allocating 
 Small   0x00000000bac00000 0x00000000bae00000 0x00000000bae00000 Y/422   Allocating 
 Small   0x00000000bb400000 0x00000000bb600000 0x00000000bb600000 Y/422   Allocating 
 Small   0x00000000bb800000 0x00000000bb9ffff0 0x00000000bba00000 O/10    Relocatable
 Small   0x00000000bba00000 0x00000000bbbffff8 0x00000000bbc00000 O/15    Relocatable
 Small   0x00000000bbe00000 0x00000000bc000000 0x00000000bc000000 Y/422   Allocating 
 Small   0x00000000bc200000 0x00000000bc400000 0x00000000bc400000 Y/422   Allocating 
 Small   0x00000000bc800000 0x00000000bca00000 0x00000000bca00000 Y/422   Allocating 
 Small   0x00000000bce00000 0x00000000bd000000 0x00000000bd000000 Y/422   Allocating 
 Small   0x00000000bd200000 0x00000000bd3ffff0 0x00000000bd400000 O/9     Relocatable
 Small   0x00000000bd400000 0x00000000bd600000 0x00000000bd600000 Y/422   Allocating 
 Small   0x00000000bd800000 0x00000000bd9fffc8 0x00000000bda00000 O/9     Relocatable
 Small   0x00000000bda00000 0x00000000bdc00000 0x00000000bdc00000 Y/422   Allocating 
 Small   0x00000000bea00000 0x00000000bebfffd0 0x00000000bec00000 O/9     Relocatable
 Small   0x00000000bec00000 0x00000000bee00000 0x00000000bee00000 Y/422   Allocating 
 Small   0x00000000bf000000 0x00000000bf1fffe8 0x00000000bf200000 O/10    Relocatable
 Small   0x00000000bf400000 0x00000000bf600000 0x00000000bf600000 Y/422   Allocating 
 Small   0x00000000bf600000 0x00000000bf7ffff8 0x00000000bf800000 O/9     Relocatable
 Small   0x00000000bfa00000 0x00000000bfc00000 0x00000000bfc00000 O/13    Relocatable
 Small   0x00000000bfc00000 0x00000000bfe00000 0x00000000bfe00000 O/9     Relocatable
 Small   0x00000000bfe00000 0x00000000c0000000 0x00000000c0000000 Y/422   Allocating 
 Small   0x00000000c0000000 0x00000000c01fffd0 0x00000000c0200000 O/10    Relocatable
 Small   0x00000000c0400000 0x00000000c0600000 0x00000000c0600000 Y/422   Allocating 
 Small   0x00000000c0c00000 0x00000000c0dffff0 0x00000000c0e00000 O/14    Relocatable
 Small   0x00000000c0e00000 0x00000000c1000000 0x00000000c1000000 Y/422   Allocating 
 Small   0x00000000c1200000 0x00000000c1400000 0x00000000c1400000 Y/422   Allocating 
 Small   0x00000000c1400000 0x00000000c15fffe8 0x00000000c1600000 O/9     Relocatable
 Small   0x00000000c1a00000 0x00000000c1c00000 0x00000000c1c00000 Y/422   Allocating 
 Small   0x00000000c1c00000 0x00000000c1e00000 0x00000000c1e00000 Y/422   Allocating 
 Small   0x00000000c1e00000 0x00000000c1ffc448 0x00000000c2000000 O/20    Relocatable
 Small   0x00000000c2200000 0x00000000c23ff9b0 0x00000000c2400000 O/15    Relocatable
 Small   0x00000000c2c00000 0x00000000c2e00000 0x00000000c2e00000 Y/422   Allocating 
 Small   0x00000000c2e00000 0x00000000c2ffffd8 0x00000000c3000000 O/9     Relocatable
 Small   0x00000000c3200000 0x00000000c3400000 0x00000000c3400000 Y/422   Allocating 
 Small   0x00000000c3400000 0x00000000c35ffff8 0x00000000c3600000 O/9     Relocatable
 Small   0x00000000c3800000 0x00000000c39fff68 0x00000000c3a00000 O/10    Relocatable
 Small   0x00000000c3c00000 0x00000000c3dffff0 0x00000000c3e00000 O/23    Allocating 
 Small   0x00000000c3e00000 0x00000000c3fffff8 0x00000000c4000000 O/10    Relocatable
 Small   0x00000000c4000000 0x00000000c4200000 0x00000000c4200000 Y/422   Allocating 
 Small   0x00000000c4200000 0x00000000c4400000 0x00000000c4400000 Y/422   Allocating 
 Small   0x00000000c4c00000 0x00000000c4dffae0 0x00000000c4e00000 O/13    Relocatable
 Small   0x00000000c5c00000 0x00000000c5e00000 0x00000000c5e00000 Y/422   Allocating 
 Small   0x00000000c6400000 0x00000000c6600000 0x00000000c6600000 Y/422   Allocating 
 Small   0x00000000c6a00000 0x00000000c6c00000 0x00000000c6c00000 O/9     Relocatable
 Small   0x00000000c7200000 0x00000000c7400000 0x00000000c7400000 Y/422   Allocating 
 Small   0x00000000c7400000 0x00000000c7600000 0x00000000c7600000 Y/422   Allocating 
 Small   0x00000000c7600000 0x00000000c7800000 0x00000000c7800000 O/15    Relocatable
 Small   0x00000000c7a00000 0x00000000c7bfffa8 0x00000000c7c00000 O/11    Relocatable
 Small   0x00000000c7c00000 0x00000000c7e00000 0x00000000c7e00000 Y/422   Allocating 
 Small   0x00000000c7e00000 0x00000000c8000000 0x00000000c8000000 Y/422   Allocating 
 Small   0x00000000c8200000 0x00000000c8400000 0x00000000c8400000 Y/422   Allocating 
 Small   0x00000000c8400000 0x00000000c85fffd8 0x00000000c8600000 O/9     Relocatable
 Small   0x00000000c8800000 0x00000000c8a00000 0x00000000c8a00000 Y/422   Allocating 
 Small   0x00000000c8c00000 0x00000000c8e00000 0x00000000c8e00000 Y/422   Allocating 
 Small   0x00000000c9000000 0x00000000c9200000 0x00000000c9200000 Y/422   Allocating 
 Small   0x00000000c9400000 0x00000000c95ffff0 0x00000000c9600000 O/9     Relocatable
 Small   0x00000000c9e00000 0x00000000c9ffff60 0x00000000ca000000 O/9     Relocatable
 Small   0x00000000ca200000 0x00000000ca3ffff8 0x00000000ca400000 O/10    Relocatable
 Small   0x00000000cae00000 0x00000000caffffe0 0x00000000cb000000 O/9     Relocatable
 Small   0x00000000cb000000 0x00000000cb200000 0x00000000cb200000 Y/422   Allocating 
 Small   0x00000000cb200000 0x00000000cb3ffff0 0x00000000cb400000 O/9     Relocatable
 Small   0x00000000cb600000 0x00000000cb800000 0x00000000cb800000 Y/422   Allocating 
 Small   0x00000000cba00000 0x00000000cbc00000 0x00000000cbc00000 O/11    Relocatable
 Small   0x00000000cbc00000 0x00000000cbe00000 0x00000000cbe00000 Y/422   Allocating 
 Small   0x00000000cbe00000 0x00000000cc000000 0x00000000cc000000 Y/422   Allocating 
 Small   0x00000000cc000000 0x00000000cc200000 0x00000000cc200000 Y/422   Allocating 
 Small   0x00000000cca00000 0x00000000ccc00000 0x00000000ccc00000 Y/422   Allocating 
 Small   0x00000000cce00000 0x00000000cd000000 0x00000000cd000000 Y/422   Allocating 
 Small   0x00000000cd000000 0x00000000cd200000 0x00000000cd200000 Y/422   Allocating 
 Small   0x00000000cd800000 0x00000000cda00000 0x00000000cda00000 Y/422   Allocating 
 Small   0x00000000cda00000 0x00000000cdbfffb8 0x00000000cdc00000 O/10    Relocatable
 Small   0x00000000cdc00000 0x00000000cde00000 0x00000000cde00000 Y/422   Allocating 
 Small   0x00000000cde00000 0x00000000cdfffff8 0x00000000ce000000 O/9     Relocatable
 Small   0x00000000ce000000 0x00000000ce200000 0x00000000ce200000 Y/422   Allocating 
 Small   0x00000000ce200000 0x00000000ce400000 0x00000000ce400000 Y/422   Allocating 
 Small   0x00000000ce600000 0x00000000ce800000 0x00000000ce800000 Y/422   Allocating 
 Small   0x00000000ce800000 0x00000000ce9ffff0 0x00000000cea00000 O/10    Relocatable
 Small   0x00000000cee00000 0x00000000cf000000 0x00000000cf000000 Y/422   Allocating 
 Small   0x00000000cf400000 0x00000000cf600000 0x00000000cf600000 Y/422   Allocating 
 Small   0x00000000cfc00000 0x00000000cfe00000 0x00000000cfe00000 Y/422   Allocating 
 Small   0x00000000d0600000 0x00000000d0800000 0x00000000d0800000 Y/422   Allocating 
 Small   0x00000000d0800000 0x00000000d0a00000 0x00000000d0a00000 Y/422   Allocating 
 Small   0x00000000d0a00000 0x00000000d0bfffe0 0x00000000d0c00000 O/9     Relocatable
 Small   0x00000000d0e00000 0x00000000d1000000 0x00000000d1000000 Y/422   Allocating 
 Small   0x00000000d1200000 0x00000000d13fffb8 0x00000000d1400000 O/10    Relocatable
 Small   0x00000000d1400000 0x00000000d15ffff8 0x00000000d1600000 O/15    Relocatable
 Small   0x00000000d1600000 0x00000000d1800000 0x00000000d1800000 Y/422   Allocating 
 Small   0x00000000d1e00000 0x00000000d1fffff8 0x00000000d2000000 O/20    Relocatable
 Small   0x00000000d2200000 0x00000000d2400000 0x00000000d2400000 Y/422   Allocating 
 Small   0x00000000d2600000 0x00000000d2800000 0x00000000d2800000 Y/422   Allocating 
 Small   0x00000000d2800000 0x00000000d2a00000 0x00000000d2a00000 Y/422   Allocating 
 Small   0x00000000d3000000 0x00000000d31fffe0 0x00000000d3200000 O/9     Relocatable
 Small   0x00000000d3200000 0x00000000d3400000 0x00000000d3400000 Y/422   Allocating 
 Small   0x00000000d3c00000 0x00000000d3e00000 0x00000000d3e00000 Y/422   Allocating 
 Small   0x00000000d4200000 0x00000000d4400000 0x00000000d4400000 Y/422   Allocating 
 Small   0x00000000d4800000 0x00000000d4a00000 0x00000000d4a00000 Y/422   Allocating 
 Small   0x00000000d4a00000 0x00000000d4c00000 0x00000000d4c00000 Y/422   Allocating 
 Small   0x00000000d5400000 0x00000000d5600000 0x00000000d5600000 O/9     Relocatable
 Small   0x00000000d5600000 0x00000000d5800000 0x00000000d5800000 Y/422   Allocating 
 Small   0x00000000d5a00000 0x00000000d5bfffd8 0x00000000d5c00000 O/15    Relocatable
 Small   0x00000000d5c00000 0x00000000d5e00000 0x00000000d5e00000 Y/422   Allocating 
 Small   0x00000000d6000000 0x00000000d6200000 0x00000000d6200000 Y/422   Allocating 
 Small   0x00000000d6200000 0x00000000d63ffff8 0x00000000d6400000 O/23    Allocating 
 Small   0x00000000d6c00000 0x00000000d6dffff0 0x00000000d6e00000 O/10    Relocatable
 Small   0x00000000d7000000 0x00000000d7200000 0x00000000d7200000 Y/422   Allocating 
 Small   0x00000000d7200000 0x00000000d7400000 0x00000000d7400000 Y/422   Allocating 
 Small   0x00000000d7800000 0x00000000d79ffff8 0x00000000d7a00000 O/9     Relocatable
 Small   0x00000000d7a00000 0x00000000d7bfffa8 0x00000000d7c00000 O/9     Relocatable
 Small   0x00000000d7c00000 0x00000000d7e00000 0x00000000d7e00000 Y/422   Allocating 
 Small   0x00000000d7e00000 0x00000000d8000000 0x00000000d8000000 Y/422   Allocating 
 Small   0x00000000d8000000 0x00000000d8200000 0x00000000d8200000 Y/422   Allocating 
 Small   0x00000000d8200000 0x00000000d8400000 0x00000000d8400000 Y/422   Allocating 
 Small   0x00000000d8400000 0x00000000d8600000 0x00000000d8600000 Y/422   Allocating 
 Small   0x00000000d8600000 0x00000000d8800000 0x00000000d8800000 Y/422   Allocating 
 Small   0x00000000d8800000 0x00000000d8a00000 0x00000000d8a00000 Y/422   Allocating 
 Small   0x00000000d8c00000 0x00000000d8dfffa0 0x00000000d8e00000 O/9     Relocatable
 Small   0x00000000d8e00000 0x00000000d8ffffe0 0x00000000d9000000 O/10    Relocatable
 Small   0x00000000d9000000 0x00000000d9200000 0x00000000d9200000 Y/422   Allocating 
 Small   0x00000000d9600000 0x00000000d9800000 0x00000000d9800000 Y/422   Allocating 
 Small   0x00000000d9a00000 0x00000000d9c00000 0x00000000d9c00000 Y/422   Allocating 
 Small   0x00000000d9c00000 0x00000000d9e00000 0x00000000d9e00000 Y/422   Allocating 
 Small   0x00000000da000000 0x00000000da200000 0x00000000da200000 Y/422   Allocating 
 Small   0x00000000da400000 0x00000000da5ffff0 0x00000000da600000 O/10    Relocatable
 Small   0x00000000da600000 0x00000000da800000 0x00000000da800000 Y/422   Allocating 
 Small   0x00000000da800000 0x00000000daa00000 0x00000000daa00000 Y/422   Allocating 
 Small   0x00000000dac00000 0x00000000dae00000 0x00000000dae00000 Y/422   Allocating 
 Small   0x00000000dae00000 0x00000000db000000 0x00000000db000000 Y/422   Allocating 
 Small   0x00000000db000000 0x00000000db200000 0x00000000db200000 Y/422   Allocating 
 Small   0x00000000db600000 0x00000000db800000 0x00000000db800000 Y/422   Allocating 
 Small   0x00000000db800000 0x00000000dba00000 0x00000000dba00000 Y/422   Allocating 
 Small   0x00000000dbc00000 0x00000000dbe00000 0x00000000dbe00000 Y/422   Allocating 
 Small   0x00000000dc000000 0x00000000dc200000 0x00000000dc200000 Y/422   Allocating 
 Small   0x00000000dc600000 0x00000000dc800000 0x00000000dc800000 Y/422   Allocating 
 Small   0x00000000dc800000 0x00000000dca00000 0x00000000dca00000 Y/422   Allocating 
 Small   0x00000000dca00000 0x00000000dcc00000 0x00000000dcc00000 Y/422   Allocating 
 Small   0x00000000dcc00000 0x00000000dcdfeae8 0x00000000dce00000 O/10    Relocatable
 Small   0x00000000dce00000 0x00000000dcfffff8 0x00000000dd000000 O/9     Relocatable
 Small   0x00000000dd200000 0x00000000dd400000 0x00000000dd400000 O/10    Relocatable
 Small   0x00000000dd600000 0x00000000dd7fffe8 0x00000000dd800000 O/9     Relocatable
 Small   0x00000000dda00000 0x00000000ddc00000 0x00000000ddc00000 Y/422   Allocating 
 Small   0x00000000ddc00000 0x00000000dddfffe0 0x00000000dde00000 O/9     Relocatable
 Small   0x00000000de000000 0x00000000de200000 0x00000000de200000 Y/422   Allocating 
 Small   0x00000000de200000 0x00000000de3ff780 0x00000000de400000 O/20    Relocatable
 Small   0x00000000de600000 0x00000000de800000 0x00000000de800000 Y/422   Allocating 
 Small   0x00000000de800000 0x00000000de9ff818 0x00000000dea00000 O/15    Relocatable
 Small   0x00000000dea00000 0x00000000dec00000 0x00000000dec00000 Y/422   Allocating 
 Small   0x00000000df000000 0x00000000df200000 0x00000000df200000 Y/422   Allocating 
 Small   0x00000000df400000 0x00000000df5ffb30 0x00000000df600000 O/15    Relocatable
 Small   0x00000000df600000 0x00000000df800000 0x00000000df800000 Y/422   Allocating 
 Small   0x00000000df800000 0x00000000df9ff028 0x00000000dfa00000 O/6     Relocatable
 Small   0x00000000dfa00000 0x00000000dfbfffe8 0x00000000dfc00000 O/13    Relocatable
 Small   0x00000000dfc00000 0x00000000dfdfffd0 0x00000000dfe00000 O/9     Relocatable
 Small   0x00000000dfe00000 0x00000000e0000000 0x00000000e0000000 Y/422   Allocating 
 Small   0x00000000e0000000 0x00000000e0200000 0x00000000e0200000 Y/422   Allocating 
 Small   0x00000000e0200000 0x00000000e03fffe8 0x00000000e0400000 O/9     Relocatable
 Small   0x00000000e0800000 0x00000000e0a00000 0x00000000e0a00000 Y/422   Allocating 
 Small   0x00000000e0a00000 0x00000000e0bfffe8 0x00000000e0c00000 O/13    Relocatable
 Small   0x00000000e0e00000 0x00000000e1000000 0x00000000e1000000 Y/422   Allocating 
 Small   0x00000000e1200000 0x00000000e1400000 0x00000000e1400000 O/9     Relocatable
 Small   0x00000000e1400000 0x00000000e1600000 0x00000000e1600000 O/10    Relocatable
 Small   0x00000000e1a00000 0x00000000e1c00000 0x00000000e1c00000 Y/422   Allocating 
 Small   0x00000000e1c00000 0x00000000e1e00000 0x00000000e1e00000 Y/422   Allocating 
 Small   0x00000000e1e00000 0x00000000e2000000 0x00000000e2000000 Y/422   Allocating 
 Small   0x00000000e2000000 0x00000000e2200000 0x00000000e2200000 Y/422   Allocating 
 Small   0x00000000e2400000 0x00000000e2600000 0x00000000e2600000 Y/422   Allocating 
 Small   0x00000000e2800000 0x00000000e2a00000 0x00000000e2a00000 Y/422   Allocating 
 Small   0x00000000e2c00000 0x00000000e2dff900 0x00000000e2e00000 O/15    Relocatable
 Small   0x00000000e2e00000 0x00000000e3000000 0x00000000e3000000 Y/422   Allocating 
 Small   0x00000000e3000000 0x00000000e3200000 0x00000000e3200000 Y/422   Allocating 
 Small   0x00000000e3200000 0x00000000e3400000 0x00000000e3400000 Y/422   Allocating 
 Small   0x00000000e3400000 0x00000000e3600000 0x00000000e3600000 Y/422   Allocating 
 Small   0x00000000e3600000 0x00000000e3800000 0x00000000e3800000 Y/422   Allocating 
 Small   0x00000000e3800000 0x00000000e3a00000 0x00000000e3a00000 Y/422   Allocating 
 Small   0x00000000e3a00000 0x00000000e3c00000 0x00000000e3c00000 Y/422   Allocating 
 Small   0x00000000e4400000 0x00000000e4600000 0x00000000e4600000 Y/422   Allocating 
 Small   0x00000000e4800000 0x00000000e49ff0a0 0x00000000e4a00000 O/6     Relocatable
 Small   0x00000000e4a00000 0x00000000e4c00000 0x00000000e4c00000 Y/422   Allocating 
 Small   0x00000000e4c00000 0x00000000e4e00000 0x00000000e4e00000 Y/422   Allocating 
 Small   0x00000000e4e00000 0x00000000e5000000 0x00000000e5000000 Y/422   Allocating 
 Small   0x00000000e5400000 0x00000000e5600000 0x00000000e5600000 Y/422   Allocating 
 Small   0x00000000e5800000 0x00000000e59ffff8 0x00000000e5a00000 O/9     Relocatable
 Small   0x00000000e5a00000 0x00000000e5c00000 0x00000000e5c00000 Y/422   Allocating 
 Small   0x00000000e5c00000 0x00000000e5dffff0 0x00000000e5e00000 O/9     Relocatable
 Small   0x00000000e5e00000 0x00000000e6000000 0x00000000e6000000 Y/422   Allocating 
 Small   0x00000000e6000000 0x00000000e6200000 0x00000000e6200000 Y/422   Allocating 
 Small   0x00000000e6200000 0x00000000e6400000 0x00000000e6400000 Y/422   Allocating 
 Small   0x00000000e6400000 0x00000000e6600000 0x00000000e6600000 Y/422   Allocating 
 Small   0x00000000e6800000 0x00000000e6a00000 0x00000000e6a00000 O/22    Relocatable
 Small   0x00000000e6c00000 0x00000000e6dfffa8 0x00000000e6e00000 O/9     Relocatable
 Small   0x00000000e6e00000 0x00000000e7000000 0x00000000e7000000 Y/422   Allocating 
 Small   0x00000000e7400000 0x00000000e7600000 0x00000000e7600000 Y/422   Allocating 
 Small   0x00000000e7800000 0x00000000e7a00000 0x00000000e7a00000 Y/422   Allocating 
 Small   0x00000000e7c00000 0x00000000e7dffe68 0x00000000e7e00000 O/15    Relocatable
 Small   0x00000000e7e00000 0x00000000e8000000 0x00000000e8000000 Y/422   Allocating 
 Small   0x00000000e8200000 0x00000000e8400000 0x00000000e8400000 Y/422   Allocating 
 Small   0x00000000e8600000 0x00000000e87fffd0 0x00000000e8800000 O/10    Relocatable
 Small   0x00000000e8800000 0x00000000e89ffff0 0x00000000e8a00000 O/10    Relocatable
 Small   0x00000000e8c00000 0x00000000e8d80000 0x00000000e8e00000 Y/422   Allocating 
 Small   0x00000000e9000000 0x00000000e9200000 0x00000000e9200000 Y/422   Allocating 
 Small   0x00000000e9600000 0x00000000e97fffc8 0x00000000e9800000 O/15    Relocatable
 Small   0x00000000e9c00000 0x00000000e9dffff0 0x00000000e9e00000 O/10    Relocatable
 Small   0x00000000e9e00000 0x00000000ea000000 0x00000000ea000000 O/10    Relocatable
 Small   0x00000000ea200000 0x00000000ea400000 0x00000000ea400000 Y/422   Allocating 
 Small   0x00000000ea400000 0x00000000ea600000 0x00000000ea600000 Y/422   Allocating 
 Small   0x00000000ea600000 0x00000000ea800000 0x00000000ea800000 Y/422   Allocating 
 Small   0x00000000ea800000 0x00000000eaa00000 0x00000000eaa00000 Y/422   Allocating 
 Small   0x00000000eaa00000 0x00000000eac00000 0x00000000eac00000 O/10    Relocatable
 Small   0x00000000eb000000 0x00000000eb200000 0x00000000eb200000 Y/422   Allocating 
 Small   0x00000000eb400000 0x00000000eb600000 0x00000000eb600000 Y/422   Allocating 
 Small   0x00000000eb800000 0x00000000eb9fffd8 0x00000000eba00000 O/10    Relocatable
 Small   0x00000000eba00000 0x00000000ebc00000 0x00000000ebc00000 Y/422   Allocating 
 Small   0x00000000ec000000 0x00000000ec200000 0x00000000ec200000 Y/422   Allocating 
 Small   0x00000000ec400000 0x00000000ec600000 0x00000000ec600000 Y/422   Allocating 
 Small   0x00000000ec600000 0x00000000ec7ffce8 0x00000000ec800000 O/15    Relocatable
 Small   0x00000000eca00000 0x00000000ecc00000 0x00000000ecc00000 Y/422   Allocating 
 Small   0x00000000ecc00000 0x00000000ece00000 0x00000000ece00000 Y/422   Allocating 
 Small   0x00000000ed200000 0x00000000ed3fffa0 0x00000000ed400000 O/19    Relocatable
 Small   0x00000000ed400000 0x00000000ed600000 0x00000000ed600000 Y/422   Allocating 
 Small   0x00000000ed600000 0x00000000ed7fffd0 0x00000000ed800000 O/10    Relocatable
 Small   0x00000000ed800000 0x00000000eda00000 0x00000000eda00000 Y/422   Allocating 
 Small   0x00000000edc00000 0x00000000ede00000 0x00000000ede00000 Y/422   Allocating 
 Small   0x00000000ede00000 0x00000000ee000000 0x00000000ee000000 Y/422   Allocating 
 Small   0x00000000ee000000 0x00000000ee1f54c8 0x00000000ee200000 O/9     Relocatable
 Small   0x00000000ee400000 0x00000000ee600000 0x00000000ee600000 Y/422   Allocating 
 Small   0x00000000ee600000 0x00000000ee800000 0x00000000ee800000 Y/422   Allocating 
 Small   0x00000000ee800000 0x00000000eea00000 0x00000000eea00000 Y/422   Allocating 
 Small   0x00000000eec00000 0x00000000eee00000 0x00000000eee00000 Y/422   Allocating 
 Small   0x00000000eee00000 0x00000000ef000000 0x00000000ef000000 Y/422   Allocating 
 Small   0x00000000ef200000 0x00000000ef400000 0x00000000ef400000 Y/422   Allocating 
 Small   0x00000000ef400000 0x00000000ef600000 0x00000000ef600000 Y/422   Allocating 
 Small   0x00000000ef600000 0x00000000ef800000 0x00000000ef800000 Y/422   Allocating 
 Small   0x00000000ef800000 0x00000000ef9fdb00 0x00000000efa00000 O/16    Relocatable
 Small   0x00000000efa00000 0x00000000efc00000 0x00000000efc00000 Y/422   Allocating 
 Small   0x00000000f0200000 0x00000000f03fffd8 0x00000000f0400000 O/20    Relocatable
 Small   0x00000000f0400000 0x00000000f0600000 0x00000000f0600000 Y/422   Allocating 
 Small   0x00000000f0600000 0x00000000f0800000 0x00000000f0800000 Y/422   Allocating 
 Small   0x00000000f0a00000 0x00000000f0c00000 0x00000000f0c00000 Y/422   Allocating 
 Small   0x00000000f0c00000 0x00000000f0e00000 0x00000000f0e00000 Y/422   Allocating 
 Small   0x00000000f0e00000 0x00000000f1000000 0x00000000f1000000 Y/422   Allocating 
 Small   0x00000000f1000000 0x00000000f1200000 0x00000000f1200000 Y/422   Allocating 
 Small   0x00000000f1200000 0x00000000f13fff68 0x00000000f1400000 O/20    Relocatable
 Small   0x00000000f1600000 0x00000000f1800000 0x00000000f1800000 Y/422   Allocating 
 Small   0x00000000f1800000 0x00000000f1a00000 0x00000000f1a00000 Y/422   Allocating 
 Small   0x00000000f1a00000 0x00000000f1c00000 0x00000000f1c00000 Y/422   Allocating 
 Small   0x00000000f1c00000 0x00000000f1dfffb8 0x00000000f1e00000 O/10    Relocatable
 Small   0x00000000f1e00000 0x00000000f2000000 0x00000000f2000000 Y/422   Allocating 
 Small   0x00000000f2000000 0x00000000f21ffff0 0x00000000f2200000 O/16    Relocatable
 Small   0x00000000f2200000 0x00000000f2400000 0x00000000f2400000 Y/422   Allocating 
 Small   0x00000000f2600000 0x00000000f27fffe8 0x00000000f2800000 O/9     Relocatable
 Small   0x00000000f2800000 0x00000000f2a00000 0x00000000f2a00000 Y/422   Allocating 
 Small   0x00000000f2a00000 0x00000000f2c00000 0x00000000f2c00000 Y/422   Allocating 
 Small   0x00000000f2c00000 0x00000000f2e00000 0x00000000f2e00000 Y/422   Allocating 
 Small   0x00000000f3200000 0x00000000f3400000 0x00000000f3400000 Y/422   Allocating 
 Small   0x00000000f3400000 0x00000000f3600000 0x00000000f3600000 Y/422   Allocating 
 Small   0x00000000f3600000 0x00000000f3800000 0x00000000f3800000 Y/422   Allocating 
 Small   0x00000000f3800000 0x00000000f3a00000 0x00000000f3a00000 Y/422   Allocating 
 Small   0x00000000f3c00000 0x00000000f3dfffd0 0x00000000f3e00000 O/6     Relocatable
 Small   0x00000000f3e00000 0x00000000f4000000 0x00000000f4000000 Y/422   Allocating 
 Small   0x00000000f4000000 0x00000000f41fffe8 0x00000000f4200000 O/17    Relocatable
 Small   0x00000000f4600000 0x00000000f47fff00 0x00000000f4800000 O/15    Relocatable
 Small   0x00000000f4800000 0x00000000f49f9a58 0x00000000f4a00000 O/9     Relocatable
 Small   0x00000000f4a00000 0x00000000f4c00000 0x00000000f4c00000 Y/422   Allocating 
 Small   0x00000000f4c00000 0x00000000f4dfffe8 0x00000000f4e00000 O/9     Relocatable
 Small   0x00000000f4e00000 0x00000000f4ffffe8 0x00000000f5000000 O/14    Relocatable
 Small   0x00000000f5200000 0x00000000f53ffff0 0x00000000f5400000 O/9     Relocatable
 Small   0x00000000f5400000 0x00000000f5600000 0x00000000f5600000 Y/422   Allocating 
 Small   0x00000000f5800000 0x00000000f59fff80 0x00000000f5a00000 O/10    Relocatable
 Small   0x00000000f5a00000 0x00000000f5c00000 0x00000000f5c00000 Y/422   Allocating 
 Small   0x00000000f5c00000 0x00000000f5e00000 0x00000000f5e00000 Y/422   Allocating 
 Small   0x00000000f6400000 0x00000000f6600000 0x00000000f6600000 Y/422   Allocating 
 Small   0x00000000f6600000 0x00000000f6800000 0x00000000f6800000 Y/422   Allocating 
 Small   0x00000000f6c00000 0x00000000f6e00000 0x00000000f6e00000 Y/422   Allocating 
 Small   0x00000000f6e00000 0x00000000f7000000 0x00000000f7000000 Y/422   Allocating 
 Small   0x00000000f7000000 0x00000000f7200000 0x00000000f7200000 Y/422   Allocating 
 Small   0x00000000f7200000 0x00000000f73fffe0 0x00000000f7400000 Y/422   Allocating 
 Small   0x00000000f7400000 0x00000000f7600000 0x00000000f7600000 Y/422   Allocating 
 Small   0x00000000f7600000 0x00000000f77f1610 0x00000000f7800000 O/10    Relocatable
 Small   0x00000000f7a00000 0x00000000f7c00000 0x00000000f7c00000 Y/422   Allocating 
 Small   0x00000000f7c00000 0x00000000f7e00000 0x00000000f7e00000 Y/422   Allocating 
 Small   0x00000000f8000000 0x00000000f81fffe8 0x00000000f8200000 O/9     Relocatable
 Small   0x00000000f8600000 0x00000000f87fb680 0x00000000f8800000 O/14    Relocatable
 Small   0x00000000f8a00000 0x00000000f8c00000 0x00000000f8c00000 Y/422   Allocating 
 Small   0x00000000f8e00000 0x00000000f9000000 0x00000000f9000000 Y/422   Allocating 
 Small   0x00000000f9600000 0x00000000f9800000 0x00000000f9800000 Y/422   Allocating 
 Small   0x00000000f9800000 0x00000000f99fffe8 0x00000000f9a00000 O/10    Relocatable
 Small   0x00000000f9a00000 0x00000000f9bffff8 0x00000000f9c00000 O/9     Relocatable
 Small   0x00000000f9e00000 0x00000000fa000000 0x00000000fa000000 Y/422   Allocating 
 Small   0x00000000fa000000 0x00000000fa200000 0x00000000fa200000 Y/422   Allocating 
 Small   0x00000000fa200000 0x00000000fa400000 0x00000000fa400000 Y/422   Allocating 
 Small   0x00000000fa600000 0x00000000fa800000 0x00000000fa800000 O/13    Relocatable
 Small   0x00000000fa800000 0x00000000faa00000 0x00000000faa00000 Y/422   Allocating 
 Small   0x00000000faa00000 0x00000000fac00000 0x00000000fac00000 Y/422   Allocating 
 Small   0x00000000fac00000 0x00000000fae00000 0x00000000fae00000 Y/422   Allocating 
 Small   0x00000000fae00000 0x00000000fb000000 0x00000000fb000000 Y/422   Allocating 
 Small   0x00000000fb000000 0x00000000fb200000 0x00000000fb200000 O/22    Relocatable
 Small   0x00000000fb200000 0x00000000fb400000 0x00000000fb400000 Y/422   Allocating 
 Small   0x00000000fb400000 0x00000000fb600000 0x00000000fb600000 Y/422   Allocating 
 Small   0x00000000fb800000 0x00000000fba00000 0x00000000fba00000 Y/422   Allocating 
 Small   0x00000000fbe00000 0x00000000fbffffd0 0x00000000fc000000 O/9     Relocatable
 Small   0x00000000fc200000 0x00000000fc400000 0x00000000fc400000 Y/422   Allocating 
 Small   0x00000000fc400000 0x00000000fc600000 0x00000000fc600000 Y/422   Allocating 
 Small   0x00000000fc600000 0x00000000fc800000 0x00000000fc800000 Y/422   Allocating 
 Small   0x00000000fca00000 0x00000000fcc00000 0x00000000fcc00000 Y/422   Allocating 
 Small   0x00000000fcc00000 0x00000000fce00000 0x00000000fce00000 Y/422   Allocating 
 Small   0x00000000fce00000 0x00000000fd000000 0x00000000fd000000 Y/422   Allocating 
 Small   0x00000000fd400000 0x00000000fd600000 0x00000000fd600000 Y/422   Allocating 
 Small   0x00000000fd800000 0x00000000fd840000 0x00000000fda00000 Y/422   Allocating 
 Small   0x00000000fdc00000 0x00000000fde00000 0x00000000fde00000 Y/422   Allocating 
 Small   0x00000000fde00000 0x00000000fdffffc0 0x00000000fe000000 O/15    Relocatable
 Small   0x00000000fe000000 0x00000000fe200000 0x00000000fe200000 Y/422   Allocating 
 Small   0x00000000fe200000 0x00000000fe3ffff0 0x00000000fe400000 O/10    Relocatable
 Small   0x00000000fe400000 0x00000000fe600000 0x00000000fe600000 Y/422   Allocating 
 Small   0x00000000fe800000 0x00000000fea00000 0x00000000fea00000 Y/422   Allocating 
 Small   0x00000000fea00000 0x00000000fec00000 0x00000000fec00000 Y/422   Allocating 
 Small   0x00000000fee00000 0x00000000fefffff8 0x00000000ff000000 O/10    Relocatable
 Small   0x00000000ff000000 0x00000000ff200000 0x00000000ff200000 Y/422   Allocating 
 Small   0x00000000ff400000 0x00000000ff600000 0x00000000ff600000 Y/422   Allocating 
 Small   0x00000000ff600000 0x00000000ff800000 0x00000000ff800000 Y/422   Allocating 
 Small   0x00000000ff800000 0x00000000ffa00000 0x00000000ffa00000 Y/422   Allocating 
 Small   0x00000000ffa00000 0x00000000ffc00000 0x00000000ffc00000 Y/422   Allocating 
 Small   0x00000000ffc00000 0x00000000ffe00000 0x00000000ffe00000 Y/422   Allocating 
 Small   0x0000000100000000 0x00000001001ffff0 0x0000000100200000 O/10    Relocatable
 Small   0x0000000100400000 0x0000000100600000 0x0000000100600000 Y/422   Allocating 
 Small   0x0000000100600000 0x0000000100800000 0x0000000100800000 Y/422   Allocating 
 Small   0x0000000100a00000 0x0000000100c00000 0x0000000100c00000 Y/422   Allocating 
 Small   0x0000000100c00000 0x0000000100dffff0 0x0000000100e00000 O/9     Relocatable
 Small   0x0000000100e00000 0x0000000101000000 0x0000000101000000 Y/422   Allocating 
 Small   0x0000000101200000 0x00000001013ffff0 0x0000000101400000 O/10    Relocatable
 Small   0x0000000101400000 0x00000001015ed590 0x0000000101600000 O/10    Relocatable
 Small   0x0000000101600000 0x0000000101800000 0x0000000101800000 Y/422   Allocating 
 Small   0x0000000101800000 0x0000000101a00000 0x0000000101a00000 Y/422   Allocating 
 Small   0x0000000101a00000 0x0000000101c00000 0x0000000101c00000 Y/422   Allocating 
 Small   0x0000000101c00000 0x0000000101e00000 0x0000000101e00000 Y/422   Allocating 
 Small   0x0000000101e00000 0x0000000101ffffe0 0x0000000102000000 O/10    Relocatable
 Small   0x0000000102000000 0x00000001021fffe0 0x0000000102200000 O/10    Relocatable
 Small   0x0000000102200000 0x0000000102400000 0x0000000102400000 Y/422   Allocating 
 Small   0x0000000102400000 0x0000000102600000 0x0000000102600000 O/10    Relocatable
 Small   0x0000000102800000 0x0000000102a00000 0x0000000102a00000 Y/422   Allocating 
 Small   0x0000000102a00000 0x0000000102c00000 0x0000000102c00000 Y/422   Allocating 
 Small   0x0000000102c00000 0x0000000102e00000 0x0000000102e00000 Y/422   Allocating 
 Small   0x0000000102e00000 0x0000000102fffff0 0x0000000103000000 O/10    Relocatable
 Small   0x0000000103000000 0x0000000103200000 0x0000000103200000 O/11    Relocatable
 Small   0x0000000103200000 0x0000000103400000 0x0000000103400000 Y/422   Allocating 
 Small   0x0000000103400000 0x0000000103600000 0x0000000103600000 Y/422   Allocating 
 Small   0x0000000103800000 0x0000000103a00000 0x0000000103a00000 Y/422   Allocating 
 Small   0x0000000103a00000 0x0000000103c00000 0x0000000103c00000 Y/422   Allocating 
 Small   0x0000000103c00000 0x0000000103e00000 0x0000000103e00000 Y/422   Allocating 
 Small   0x0000000104000000 0x0000000104200000 0x0000000104200000 Y/422   Allocating 
 Small   0x0000000104200000 0x0000000104400000 0x0000000104400000 Y/422   Allocating 
 Small   0x0000000104400000 0x00000001045fffe8 0x0000000104600000 O/9     Relocatable
 Small   0x0000000104600000 0x0000000104613440 0x0000000104800000 O/23    Allocating 
 Small   0x0000000104a00000 0x0000000104c00000 0x0000000104c00000 O/10    Relocatable
 Small   0x0000000104c00000 0x0000000104e00000 0x0000000104e00000 Y/422   Allocating 
 Small   0x0000000104e00000 0x0000000104ffffe0 0x0000000105000000 Y/422   Allocating 
 Small   0x0000000105000000 0x00000001051ffff0 0x0000000105200000 O/10    Relocatable
 Small   0x0000000105800000 0x0000000105a00000 0x0000000105a00000 Y/422   Allocating 
 Small   0x0000000105c00000 0x0000000105e00000 0x0000000105e00000 Y/422   Allocating 
 Small   0x0000000105e00000 0x0000000105ffdfb8 0x0000000106000000 O/10    Relocatable
 Small   0x0000000106000000 0x0000000106200000 0x0000000106200000 O/9     Relocatable
 Small   0x0000000106200000 0x0000000106400000 0x0000000106400000 Y/422   Allocating 
 Small   0x0000000106400000 0x0000000106600000 0x0000000106600000 Y/422   Allocating 
 Small   0x0000000106600000 0x0000000106800000 0x0000000106800000 Y/422   Allocating 
 Small   0x0000000106800000 0x0000000106a00000 0x0000000106a00000 Y/422   Allocating 
 Small   0x0000000106a00000 0x0000000106c00000 0x0000000106c00000 Y/422   Allocating 
 Small   0x0000000106c00000 0x0000000106e00000 0x0000000106e00000 Y/422   Allocating 
 Small   0x0000000106e00000 0x0000000107000000 0x0000000107000000 Y/422   Allocating 
 Small   0x0000000107000000 0x0000000107200000 0x0000000107200000 Y/422   Allocating 
 Small   0x0000000107200000 0x0000000107400000 0x0000000107400000 Y/422   Allocating 
 Small   0x0000000107400000 0x0000000107600000 0x0000000107600000 Y/422   Allocating 
 Small   0x0000000107600000 0x0000000107800000 0x0000000107800000 Y/422   Allocating 
 Small   0x0000000107a00000 0x0000000107c00000 0x0000000107c00000 Y/422   Allocating 
 Small   0x0000000108000000 0x0000000108200000 0x0000000108200000 Y/422   Allocating 
 Small   0x0000000108200000 0x0000000108400000 0x0000000108400000 Y/422   Allocating 
 Small   0x0000000108400000 0x0000000108600000 0x0000000108600000 Y/422   Allocating 
 Small   0x0000000108600000 0x0000000108800000 0x0000000108800000 Y/422   Allocating 
 Small   0x0000000108800000 0x0000000108a00000 0x0000000108a00000 Y/422   Allocating 
 Small   0x0000000108a00000 0x0000000108c00000 0x0000000108c00000 Y/422   Allocating 
 Small   0x0000000108c00000 0x0000000108e00000 0x0000000108e00000 Y/422   Allocating 
 Small   0x0000000108e00000 0x0000000108ffff78 0x0000000109000000 O/19    Relocatable
 Small   0x0000000109000000 0x0000000109200000 0x0000000109200000 Y/422   Allocating 
 Small   0x0000000109200000 0x00000001093ffff0 0x0000000109400000 O/10    Relocatable
 Small   0x0000000109400000 0x0000000109600000 0x0000000109600000 Y/422   Allocating 
 Small   0x0000000109600000 0x00000001097fffe8 0x0000000109800000 O/9     Relocatable
 Small   0x0000000109800000 0x00000001099ffff8 0x0000000109a00000 O/9     Relocatable
 Small   0x0000000109a00000 0x0000000109c00000 0x0000000109c00000 Y/422   Allocating 
 Small   0x0000000109c00000 0x0000000109dfff18 0x0000000109e00000 O/23    Allocating 
 Small   0x0000000109e00000 0x0000000109ffffc8 0x000000010a000000 O/9     Relocatable
 Small   0x000000010a000000 0x000000010a1fffe0 0x000000010a200000 O/10    Relocatable
 Small   0x000000010a200000 0x000000010a3ffff8 0x000000010a400000 O/10    Relocatable
 Small   0x000000010a600000 0x000000010a800000 0x000000010a800000 Y/422   Allocating 
 Small   0x000000010a800000 0x000000010a9fe000 0x000000010aa00000 O/23    Allocating 
 Small   0x000000010aa00000 0x000000010ac00000 0x000000010ac00000 Y/422   Allocating 
 Small   0x000000010ac00000 0x000000010ae00000 0x000000010ae00000 Y/422   Allocating 
 Small   0x000000010ae00000 0x000000010affffd8 0x000000010b000000 O/15    Relocatable
 Small   0x000000010b000000 0x000000010b200000 0x000000010b200000 Y/422   Allocating 
 Small   0x000000010b200000 0x000000010b400000 0x000000010b400000 Y/422   Allocating 
 Small   0x000000010b600000 0x000000010b800000 0x000000010b800000 O/9     Relocatable
 Small   0x000000010ba00000 0x000000010bbfff78 0x000000010bc00000 O/22    Relocatable
 Small   0x000000010bc00000 0x000000010be00000 0x000000010be00000 Y/422   Allocating 
 Small   0x000000010be00000 0x000000010bfffaa8 0x000000010c000000 O/10    Relocatable
 Small   0x000000010c000000 0x000000010c1fffe8 0x000000010c200000 O/10    Relocatable
 Small   0x000000010c200000 0x000000010c400000 0x000000010c400000 Y/422   Allocating 
 Small   0x000000010c400000 0x000000010c600000 0x000000010c600000 Y/422   Allocating 
 Small   0x000000010c600000 0x000000010c800000 0x000000010c800000 Y/422   Allocating 
 Small   0x000000010c800000 0x000000010ca00000 0x000000010ca00000 Y/422   Allocating 
 Small   0x000000010ca00000 0x000000010cbfff08 0x000000010cc00000 O/10    Relocatable
 Small   0x000000010ce00000 0x000000010d000000 0x000000010d000000 Y/422   Allocating 
 Small   0x000000010d000000 0x000000010d200000 0x000000010d200000 Y/422   Allocating 
 Small   0x000000010d200000 0x000000010d400000 0x000000010d400000 Y/422   Allocating 
 Small   0x000000010d400000 0x000000010d600000 0x000000010d600000 Y/422   Allocating 
 Small   0x000000010d600000 0x000000010d800000 0x000000010d800000 Y/422   Allocating 
 Small   0x000000010d800000 0x000000010da00000 0x000000010da00000 Y/422   Allocating 
 Small   0x000000010de00000 0x000000010e000000 0x000000010e000000 Y/422   Allocating 
 Small   0x000000010e000000 0x000000010e200000 0x000000010e200000 Y/422   Allocating 
 Small   0x000000010e200000 0x000000010e3e49b0 0x000000010e400000 Y/422   Allocating 
 Small   0x000000010e400000 0x000000010e600000 0x000000010e600000 Y/422   Allocating 
 Small   0x000000010e600000 0x000000010e800000 0x000000010e800000 Y/422   Allocating 
 Small   0x000000010e800000 0x000000010ea00000 0x000000010ea00000 O/10    Relocatable
 Small   0x000000010ea00000 0x000000010ec00000 0x000000010ec00000 Y/422   Allocating 
 Small   0x000000010ec00000 0x000000010ee00000 0x000000010ee00000 Y/422   Allocating 
 Small   0x000000010ee00000 0x000000010f000000 0x000000010f000000 Y/422   Allocating 
 Small   0x000000010f000000 0x000000010f200000 0x000000010f200000 Y/422   Allocating 
 Small   0x000000010f200000 0x000000010f3fffe8 0x000000010f400000 O/9     Relocatable
 Small   0x000000010f400000 0x000000010f600000 0x000000010f600000 Y/422   Allocating 
 Small   0x000000010f600000 0x000000010f800000 0x000000010f800000 Y/422   Allocating 
 Small   0x000000010f800000 0x000000010fa00000 0x000000010fa00000 Y/422   Allocating 
 Small   0x000000010fa00000 0x000000010fc00000 0x000000010fc00000 Y/422   Allocating 
 Small   0x000000010fc00000 0x000000010fe00000 0x000000010fe00000 Y/422   Allocating 
 Small   0x000000010fe00000 0x0000000110000000 0x0000000110000000 Y/422   Allocating 
 Small   0x0000000110000000 0x00000001101ffa38 0x0000000110200000 O/10    Relocatable
 Small   0x0000000110200000 0x00000001103fffc8 0x0000000110400000 O/23    Allocating 
 Small   0x0000000110400000 0x0000000110600000 0x0000000110600000 Y/422   Allocating 
 Small   0x0000000110600000 0x0000000110800000 0x0000000110800000 Y/422   Allocating 
 Small   0x0000000110800000 0x0000000110a00000 0x0000000110a00000 Y/422   Allocating 
 Small   0x0000000110a00000 0x0000000110c00000 0x0000000110c00000 Y/422   Allocating 
 Small   0x0000000110c00000 0x0000000110e00000 0x0000000110e00000 Y/422   Allocating 
 Small   0x0000000110e00000 0x0000000110ffffa8 0x0000000111000000 Y/422   Allocating 
 Small   0x0000000111000000 0x0000000111200000 0x0000000111200000 Y/422   Allocating 
 Small   0x0000000111200000 0x0000000111400000 0x0000000111400000 Y/422   Allocating 
 Small   0x0000000111400000 0x0000000111600000 0x0000000111600000 Y/422   Allocating 
 Small   0x0000000111600000 0x0000000111800000 0x0000000111800000 Y/422   Allocating 
 Small   0x0000000111800000 0x0000000111a00000 0x0000000111a00000 Y/422   Allocating 
 Small   0x0000000111a00000 0x0000000111c00000 0x0000000111c00000 Y/422   Allocating 
 Small   0x0000000111c00000 0x0000000111e00000 0x0000000111e00000 Y/422   Allocating 
 Small   0x0000000111e00000 0x0000000111fffec0 0x0000000112000000 O/13    Relocatable
 Small   0x0000000112000000 0x0000000112200000 0x0000000112200000 Y/422   Allocating 
 Small   0x0000000112200000 0x0000000112400000 0x0000000112400000 Y/422   Allocating 
 Small   0x0000000112400000 0x00000001125fff10 0x0000000112600000 O/23    Allocating 
 Small   0x0000000112800000 0x0000000112a00000 0x0000000112a00000 Y/422   Allocating 
 Small   0x0000000112a00000 0x0000000112c00000 0x0000000112c00000 Y/422   Allocating 
 Small   0x0000000112c00000 0x0000000112e00000 0x0000000112e00000 Y/422   Allocating 
 Small   0x0000000112e00000 0x0000000113000000 0x0000000113000000 Y/422   Allocating 
 Small   0x0000000113200000 0x0000000113400000 0x0000000113400000 Y/422   Allocating 
 Small   0x0000000113400000 0x0000000113600000 0x0000000113600000 Y/422   Allocating 
 Small   0x0000000113600000 0x00000001137ff980 0x0000000113800000 O/15    Relocatable
 Small   0x0000000113800000 0x0000000113a00000 0x0000000113a00000 Y/422   Allocating 
 Small   0x0000000113a00000 0x0000000113bffff0 0x0000000113c00000 O/23    Allocating 
 Small   0x0000000113c00000 0x0000000113e00000 0x0000000113e00000 Y/422   Allocating 
 Small   0x0000000113e00000 0x0000000114000000 0x0000000114000000 Y/422   Allocating 
 Small   0x0000000114000000 0x0000000114200000 0x0000000114200000 O/9     Relocatable
 Small   0x0000000114600000 0x0000000114800000 0x0000000114800000 Y/422   Allocating 
 Small   0x0000000114800000 0x0000000114a00000 0x0000000114a00000 Y/422   Allocating 
 Small   0x0000000114a00000 0x0000000114bffd68 0x0000000114c00000 O/10    Relocatable
 Small   0x0000000114c00000 0x0000000114dffff0 0x0000000114e00000 O/10    Relocatable
 Small   0x0000000114e00000 0x0000000115000000 0x0000000115000000 Y/422   Allocating 
 Small   0x0000000115000000 0x0000000115200000 0x0000000115200000 Y/422   Allocating 
 Small   0x0000000115200000 0x0000000115400000 0x0000000115400000 O/9     Relocatable
 Small   0x0000000115600000 0x00000001157ffff8 0x0000000115800000 O/9     Relocatable
 Small   0x0000000115800000 0x0000000115a00000 0x0000000115a00000 Y/422   Allocating 
 Small   0x0000000115a00000 0x0000000115bffff0 0x0000000115c00000 Y/422   Allocating 
 Small   0x0000000115c00000 0x0000000115dfff98 0x0000000115e00000 O/15    Relocatable
 Small   0x0000000116000000 0x0000000116200000 0x0000000116200000 Y/422   Allocating 
 Small   0x0000000116200000 0x000000011624c2b0 0x0000000116400000 Y/422   Allocating 
 Small   0x0000000116600000 0x0000000116800000 0x0000000116800000 Y/422   Allocating 
 Small   0x0000000116800000 0x0000000116a00000 0x0000000116a00000 O/9     Relocatable
 Small   0x0000000116a00000 0x0000000116c00000 0x0000000116c00000 Y/422   Allocating 
 Small   0x0000000116c00000 0x0000000116e00000 0x0000000116e00000 Y/422   Allocating 
 Small   0x0000000116e00000 0x0000000117000000 0x0000000117000000 O/15    Relocatable
 Small   0x0000000117000000 0x00000001171fffe0 0x0000000117200000 O/10    Relocatable
 Small   0x0000000117200000 0x0000000117400000 0x0000000117400000 Y/422   Allocating 
 Small   0x0000000117800000 0x0000000117a00000 0x0000000117a00000 Y/422   Allocating 
 Small   0x0000000117a00000 0x0000000117c00000 0x0000000117c00000 Y/422   Allocating 
 Small   0x0000000117c00000 0x0000000117e00000 0x0000000117e00000 Y/422   Allocating 
 Small   0x0000000117e00000 0x0000000118000000 0x0000000118000000 Y/422   Allocating 
 Small   0x0000000118000000 0x00000001181fffb8 0x0000000118200000 O/23    Allocating 
 Small   0x0000000118200000 0x0000000118400000 0x0000000118400000 Y/422   Allocating 
 Small   0x0000000118400000 0x0000000118600000 0x0000000118600000 Y/422   Allocating 
 Small   0x0000000118600000 0x0000000118800000 0x0000000118800000 Y/422   Allocating 
 Small   0x0000000118800000 0x0000000118a00000 0x0000000118a00000 Y/422   Allocating 
 Small   0x0000000118a00000 0x0000000118bffff0 0x0000000118c00000 Y/422   Allocating 
 Small   0x0000000118c00000 0x0000000118e00000 0x0000000118e00000 Y/422   Allocating 
 Small   0x0000000118e00000 0x0000000119000000 0x0000000119000000 Y/422   Allocating 
 Small   0x0000000119200000 0x0000000119400000 0x0000000119400000 Y/422   Allocating 
 Small   0x0000000119600000 0x0000000119800000 0x0000000119800000 Y/422   Allocating 
 Small   0x0000000119800000 0x00000001199ffff0 0x0000000119a00000 Y/422   Allocating 
 Small   0x0000000119a00000 0x0000000119c00000 0x0000000119c00000 Y/422   Allocating 
 Small   0x0000000119e00000 0x0000000119fffea0 0x000000011a000000 O/20    Relocatable
 Small   0x000000011a000000 0x000000011a1ffff0 0x000000011a200000 O/23    Allocating 
 Small   0x000000011a200000 0x000000011a400000 0x000000011a400000 Y/422   Allocating 
 Small   0x000000011a600000 0x000000011a800000 0x000000011a800000 Y/422   Allocating 
 Small   0x000000011a800000 0x000000011aa00000 0x000000011aa00000 Y/422   Allocating 
 Small   0x000000011aa00000 0x000000011ac00000 0x000000011ac00000 Y/422   Allocating 
 Small   0x000000011ac00000 0x000000011ae00000 0x000000011ae00000 Y/422   Allocating 
 Small   0x000000011ae00000 0x000000011b000000 0x000000011b000000 Y/422   Allocating 
 Small   0x000000011b000000 0x000000011b1fd288 0x000000011b200000 O/23    Allocating 
 Small   0x000000011b200000 0x000000011b400000 0x000000011b400000 Y/422   Allocating 
 Small   0x000000011b400000 0x000000011b600000 0x000000011b600000 Y/422   Allocating 
 Small   0x000000011b800000 0x000000011ba00000 0x000000011ba00000 Y/422   Allocating 
 Small   0x000000011ba00000 0x000000011bbfff68 0x000000011bc00000 O/15    Relocatable
 Small   0x000000011c000000 0x000000011c200000 0x000000011c200000 Y/422   Allocating 
 Small   0x000000011c200000 0x000000011c400000 0x000000011c400000 Y/422   Allocating 
 Small   0x000000011c400000 0x000000011c600000 0x000000011c600000 Y/422   Allocating 
 Small   0x000000011c600000 0x000000011c800000 0x000000011c800000 Y/422   Allocating 
 Small   0x000000011c800000 0x000000011ca00000 0x000000011ca00000 Y/422   Allocating 
 Small   0x000000011ca00000 0x000000011cc00000 0x000000011cc00000 Y/422   Allocating 
 Small   0x000000011cc00000 0x000000011ce00000 0x000000011ce00000 Y/422   Allocating 
 Small   0x000000011ce00000 0x000000011d000000 0x000000011d000000 Y/422   Allocating 
 Small   0x000000011d000000 0x000000011d200000 0x000000011d200000 Y/422   Allocating 
 Small   0x000000011d200000 0x000000011d400000 0x000000011d400000 Y/422   Allocating 
 Small   0x000000011d600000 0x000000011d800000 0x000000011d800000 Y/422   Allocating 
 Small   0x000000011da00000 0x000000011dc00000 0x000000011dc00000 Y/422   Allocating 
 Small   0x000000011dc00000 0x000000011de00000 0x000000011de00000 Y/422   Allocating 
 Small   0x000000011de00000 0x000000011e000000 0x000000011e000000 Y/422   Allocating 
 Small   0x000000011e200000 0x000000011e400000 0x000000011e400000 Y/422   Allocating 
 Small   0x000000011e400000 0x000000011e5fff68 0x000000011e600000 O/13    Relocatable
 Small   0x000000011e800000 0x000000011ea00000 0x000000011ea00000 O/9     Relocatable
 Small   0x000000011ea00000 0x000000011ec00000 0x000000011ec00000 Y/422   Allocating 
 Small   0x000000011ec00000 0x000000011ee00000 0x000000011ee00000 Y/422   Allocating 
 Small   0x000000011f000000 0x000000011f200000 0x000000011f200000 Y/422   Allocating 
 Small   0x000000011f200000 0x000000011f400000 0x000000011f400000 O/22    Relocatable
 Small   0x000000011f400000 0x000000011f600000 0x000000011f600000 Y/422   Allocating 
 Small   0x000000011f600000 0x000000011f7fffd0 0x000000011f800000 O/22    Relocatable
 Small   0x000000011fc00000 0x000000011fe00000 0x000000011fe00000 Y/422   Allocating 
 Small   0x000000011fe00000 0x0000000120000000 0x0000000120000000 Y/422   Allocating 
 Small   0x0000000120000000 0x0000000120200000 0x0000000120200000 Y/422   Allocating 
 Small   0x0000000120200000 0x0000000120400000 0x0000000120400000 Y/422   Allocating 
 Small   0x0000000120400000 0x0000000120600000 0x0000000120600000 Y/422   Allocating 
 Small   0x0000000120800000 0x0000000120a00000 0x0000000120a00000 Y/422   Allocating 
 Small   0x0000000120a00000 0x0000000120c00000 0x0000000120c00000 O/20    Relocatable
 Small   0x0000000120c00000 0x0000000120e00000 0x0000000120e00000 Y/422   Allocating 
 Small   0x0000000120e00000 0x0000000121000000 0x0000000121000000 Y/422   Allocating 
 Small   0x0000000121000000 0x00000001211fff90 0x0000000121200000 O/23    Allocating 
 Small   0x0000000121200000 0x0000000121400000 0x0000000121400000 Y/422   Allocating 
 Small   0x0000000121400000 0x0000000121600000 0x0000000121600000 Y/422   Allocating 
 Small   0x0000000121600000 0x0000000121800000 0x0000000121800000 Y/422   Allocating 
 Small   0x0000000121800000 0x0000000121a00000 0x0000000121a00000 Y/422   Allocating 
 Small   0x0000000121a00000 0x0000000121c00000 0x0000000121c00000 Y/422   Allocating 
 Small   0x0000000121c00000 0x0000000121e00000 0x0000000121e00000 Y/422   Allocating 
 Small   0x0000000121e00000 0x0000000121fffff0 0x0000000122000000 O/10    Relocatable
 Small   0x0000000122000000 0x0000000122200000 0x0000000122200000 Y/422   Allocating 
 Small   0x0000000122200000 0x0000000122400000 0x0000000122400000 Y/422   Allocating 
 Small   0x0000000122400000 0x0000000122600000 0x0000000122600000 Y/422   Allocating 
 Small   0x0000000122600000 0x00000001227fedd0 0x0000000122800000 O/23    Allocating 
 Small   0x0000000122800000 0x0000000122a00000 0x0000000122a00000 Y/422   Allocating 
 Small   0x0000000122a00000 0x0000000122c00000 0x0000000122c00000 Y/422   Allocating 
 Small   0x0000000122c00000 0x0000000122e00000 0x0000000122e00000 Y/422   Allocating 
 Small   0x0000000122e00000 0x0000000123000000 0x0000000123000000 Y/422   Allocating 
 Small   0x0000000123000000 0x0000000123200000 0x0000000123200000 Y/422   Allocating 
 Small   0x0000000123200000 0x0000000123400000 0x0000000123400000 Y/422   Allocating 
 Small   0x0000000123400000 0x0000000123600000 0x0000000123600000 Y/422   Allocating 
 Small   0x0000000123600000 0x0000000123800000 0x0000000123800000 Y/422   Allocating 
 Small   0x0000000123800000 0x00000001239fffe8 0x0000000123a00000 O/10    Relocatable
 Small   0x0000000123a00000 0x0000000123bfffe0 0x0000000123c00000 O/23    Allocating 
 Small   0x0000000123c00000 0x0000000123e00000 0x0000000123e00000 Y/422   Allocating 
 Small   0x0000000123e00000 0x0000000124000000 0x0000000124000000 Y/422   Allocating 
 Small   0x0000000124000000 0x00000001241ffff0 0x0000000124200000 O/16    Relocatable
 Small   0x0000000124200000 0x0000000124400000 0x0000000124400000 Y/422   Allocating 
 Small   0x0000000124400000 0x0000000124600000 0x0000000124600000 Y/422   Allocating 
 Small   0x0000000124600000 0x0000000124800000 0x0000000124800000 Y/422   Allocating 
 Small   0x0000000124800000 0x0000000124a00000 0x0000000124a00000 Y/422   Allocating 
 Small   0x0000000124a00000 0x0000000124c00000 0x0000000124c00000 Y/422   Allocating 
 Small   0x0000000124c00000 0x0000000124e00000 0x0000000124e00000 Y/422   Allocating 
 Small   0x0000000124e00000 0x0000000124ffffb8 0x0000000125000000 O/9     Relocatable
 Small   0x0000000125000000 0x00000001251ffff0 0x0000000125200000 O/9     Relocatable
 Small   0x0000000125200000 0x0000000125400000 0x0000000125400000 Y/422   Allocating 
 Small   0x0000000125400000 0x0000000125600000 0x0000000125600000 Y/422   Allocating 
 Small   0x0000000125600000 0x0000000125800000 0x0000000125800000 Y/422   Allocating 
 Small   0x0000000125800000 0x0000000125a00000 0x0000000125a00000 Y/422   Allocating 
 Small   0x0000000125a00000 0x0000000125c00000 0x0000000125c00000 Y/422   Allocating 
 Small   0x0000000125c00000 0x0000000125e00000 0x0000000125e00000 Y/422   Allocating 
 Small   0x0000000125e00000 0x0000000125ffffd8 0x0000000126000000 O/15    Relocatable
 Small   0x0000000126000000 0x0000000126200000 0x0000000126200000 Y/422   Allocating 
 Small   0x0000000126200000 0x0000000126400000 0x0000000126400000 Y/422   Allocating 
 Small   0x0000000126400000 0x0000000126600000 0x0000000126600000 Y/422   Allocating 
 Small   0x0000000126600000 0x00000001267fffe0 0x0000000126800000 O/10    Relocatable
 Small   0x0000000126800000 0x0000000126a00000 0x0000000126a00000 Y/422   Allocating 
 Small   0x0000000126a00000 0x0000000126c00000 0x0000000126c00000 Y/422   Allocating 
 Small   0x0000000126c00000 0x0000000126dffa58 0x0000000126e00000 O/10    Relocatable
 Small   0x0000000126e00000 0x0000000126fffff0 0x0000000127000000 O/9     Relocatable
 Small   0x0000000127000000 0x0000000127200000 0x0000000127200000 Y/422   Allocating 
 Small   0x0000000127200000 0x00000001273fffe0 0x0000000127400000 O/9     Relocatable
 Small   0x0000000127400000 0x0000000127600000 0x0000000127600000 Y/422   Allocating 
 Small   0x0000000127600000 0x0000000127800000 0x0000000127800000 Y/422   Allocating 
 Small   0x0000000127800000 0x0000000127a00000 0x0000000127a00000 Y/422   Allocating 
 Small   0x0000000127a00000 0x0000000127c00000 0x0000000127c00000 Y/422   Allocating 
 Small   0x0000000127c00000 0x0000000127e00000 0x0000000127e00000 Y/422   Allocating 
 Small   0x0000000127e00000 0x0000000128000000 0x0000000128000000 Y/422   Allocating 
 Small   0x0000000128200000 0x0000000128400000 0x0000000128400000 Y/422   Allocating 
 Small   0x0000000128400000 0x0000000128600000 0x0000000128600000 Y/422   Allocating 
 Small   0x0000000128600000 0x0000000128800000 0x0000000128800000 Y/422   Allocating 
 Small   0x0000000128800000 0x0000000128a00000 0x0000000128a00000 Y/422   Allocating 
 Small   0x0000000128a00000 0x0000000128c00000 0x0000000128c00000 Y/422   Allocating 
 Small   0x0000000128c00000 0x0000000128e00000 0x0000000128e00000 Y/422   Allocating 
 Small   0x0000000128e00000 0x0000000129000000 0x0000000129000000 Y/422   Allocating 
 Small   0x0000000129000000 0x00000001291ffff0 0x0000000129200000 O/10    Relocatable
 Small   0x0000000129200000 0x0000000129400000 0x0000000129400000 Y/422   Allocating 
 Small   0x0000000129600000 0x0000000129800000 0x0000000129800000 Y/422   Allocating 
 Small   0x0000000129a00000 0x0000000129c00000 0x0000000129c00000 Y/422   Allocating 
 Small   0x0000000129c00000 0x0000000129e00000 0x0000000129e00000 Y/422   Allocating 
 Small   0x0000000129e00000 0x000000012a000000 0x000000012a000000 Y/422   Allocating 
 Small   0x000000012a000000 0x000000012a200000 0x000000012a200000 Y/422   Allocating 
 Small   0x000000012a200000 0x000000012a3fffe0 0x000000012a400000 O/10    Relocatable
 Small   0x000000012a600000 0x000000012a800000 0x000000012a800000 Y/422   Allocating 
 Small   0x000000012a800000 0x000000012aa00000 0x000000012aa00000 Y/422   Allocating 
 Small   0x000000012aa00000 0x000000012ac00000 0x000000012ac00000 Y/422   Allocating 
 Small   0x000000012ac00000 0x000000012ae00000 0x000000012ae00000 Y/422   Allocating 
 Small   0x000000012ae00000 0x000000012aec0000 0x000000012b000000 Y/422   Allocating 
 Small   0x000000012b000000 0x000000012b200000 0x000000012b200000 Y/422   Allocating 
 Small   0x000000012b200000 0x000000012b400000 0x000000012b400000 Y/422   Allocating 
 Small   0x000000012b400000 0x000000012b600000 0x000000012b600000 Y/422   Allocating 
 Small   0x000000012b600000 0x000000012b800000 0x000000012b800000 Y/422   Allocating 
 Small   0x000000012b800000 0x000000012ba00000 0x000000012ba00000 Y/422   Allocating 
 Small   0x000000012ba00000 0x000000012bc00000 0x000000012bc00000 Y/422   Allocating 
 Small   0x000000012bc00000 0x000000012be00000 0x000000012be00000 Y/422   Allocating 
 Small   0x000000012be00000 0x000000012c000000 0x000000012c000000 Y/422   Allocating 
 Small   0x000000012c000000 0x000000012c200000 0x000000012c200000 Y/422   Allocating 
 Small   0x000000012c200000 0x000000012c400000 0x000000012c400000 Y/422   Allocating 
 Small   0x000000012c400000 0x000000012c5fffd0 0x000000012c600000 O/9     Relocatable
 Small   0x000000012c600000 0x000000012c800000 0x000000012c800000 Y/422   Allocating 
 Small   0x000000012c800000 0x000000012c9ffff0 0x000000012ca00000 O/9     Relocatable
 Small   0x000000012ca00000 0x000000012cc00000 0x000000012cc00000 Y/422   Allocating 
 Small   0x000000012cc00000 0x000000012ce00000 0x000000012ce00000 Y/422   Allocating 
 Small   0x000000012ce00000 0x000000012d000000 0x000000012d000000 Y/422   Allocating 
 Small   0x000000012d000000 0x000000012d200000 0x000000012d200000 O/9     Relocatable
 Small   0x000000012d200000 0x000000012d400000 0x000000012d400000 Y/422   Allocating 
 Small   0x000000012d400000 0x000000012d600000 0x000000012d600000 Y/422   Allocating 
 Small   0x000000012d600000 0x000000012d800000 0x000000012d800000 Y/422   Allocating 
 Small   0x000000012d800000 0x000000012d9ffff8 0x000000012da00000 O/9     Relocatable
 Small   0x000000012da00000 0x000000012dc00000 0x000000012dc00000 Y/422   Allocating 
 Small   0x000000012dc00000 0x000000012de00000 0x000000012de00000 Y/422   Allocating 
 Small   0x000000012de00000 0x000000012dffffe8 0x000000012e000000 O/9     Relocatable
 Small   0x000000012e000000 0x000000012e200000 0x000000012e200000 Y/422   Allocating 
 Small   0x000000012e200000 0x000000012e400000 0x000000012e400000 Y/422   Allocating 
 Small   0x000000012e400000 0x000000012e600000 0x000000012e600000 Y/422   Allocating 
 Small   0x000000012e600000 0x000000012e7fff88 0x000000012e800000 Y/422   Allocating 
 Small   0x000000012e800000 0x000000012ea00000 0x000000012ea00000 Y/422   Allocating 
 Small   0x000000012ea00000 0x000000012ec00000 0x000000012ec00000 Y/422   Allocating 
 Small   0x000000012ee00000 0x000000012effe690 0x000000012f000000 O/15    Relocatable
 Small   0x000000012f000000 0x000000012f200000 0x000000012f200000 Y/422   Allocating 
 Small   0x000000012f400000 0x000000012f600000 0x000000012f600000 Y/422   Allocating 
 Small   0x000000012f600000 0x000000012f7fff60 0x000000012f800000 O/9     Relocatable
 Small   0x000000012f800000 0x000000012fa00000 0x000000012fa00000 Y/422   Allocating 
 Small   0x000000012fa00000 0x000000012fc00000 0x000000012fc00000 Y/422   Allocating 
 Small   0x000000012fc00000 0x000000012fe00000 0x000000012fe00000 Y/422   Allocating 
 Small   0x000000012fe00000 0x0000000130000000 0x0000000130000000 Y/422   Allocating 
 Small   0x0000000130000000 0x0000000130200000 0x0000000130200000 Y/422   Allocating 
 Small   0x0000000130200000 0x0000000130400000 0x0000000130400000 Y/422   Allocating 
 Small   0x0000000130400000 0x00000001305ffff8 0x0000000130600000 O/10    Relocatable
 Small   0x0000000130600000 0x00000001307fffd8 0x0000000130800000 O/10    Relocatable
 Small   0x0000000130800000 0x0000000130a00000 0x0000000130a00000 Y/422   Allocating 
 Small   0x0000000130a00000 0x0000000130c00000 0x0000000130c00000 Y/422   Allocating 
 Small   0x0000000130e00000 0x0000000131000000 0x0000000131000000 Y/422   Allocating 
 Small   0x0000000131000000 0x0000000131200000 0x0000000131200000 Y/422   Allocating 
 Small   0x0000000131200000 0x0000000131400000 0x0000000131400000 Y/422   Allocating 
 Small   0x0000000131400000 0x00000001315ffff0 0x0000000131600000 O/16    Relocatable
 Small   0x0000000131600000 0x0000000131800000 0x0000000131800000 Y/422   Allocating 
 Small   0x0000000131800000 0x0000000131a00000 0x0000000131a00000 Y/422   Allocating 
 Small   0x0000000131a00000 0x0000000131c00000 0x0000000131c00000 Y/422   Allocating 
 Small   0x0000000131c00000 0x0000000131dffd70 0x0000000131e00000 O/13    Relocatable
 Small   0x0000000131e00000 0x0000000132000000 0x0000000132000000 Y/422   Allocating 
 Small   0x0000000132200000 0x00000001323fffe8 0x0000000132400000 O/9     Relocatable
 Small   0x0000000132400000 0x0000000132600000 0x0000000132600000 Y/422   Allocating 
 Small   0x0000000132600000 0x0000000132800000 0x0000000132800000 Y/422   Allocating 
 Small   0x0000000132800000 0x0000000132a00000 0x0000000132a00000 Y/422   Allocating 
 Small   0x0000000132a00000 0x0000000132c00000 0x0000000132c00000 Y/422   Allocating 
 Small   0x0000000132c00000 0x0000000132e00000 0x0000000132e00000 Y/422   Allocating 
 Small   0x0000000132e00000 0x0000000133000000 0x0000000133000000 Y/422   Allocating 
 Small   0x0000000133000000 0x00000001331fff90 0x0000000133200000 O/16    Relocatable
 Small   0x0000000133200000 0x0000000133400000 0x0000000133400000 Y/422   Allocating 
 Small   0x0000000133400000 0x0000000133600000 0x0000000133600000 Y/422   Allocating 
 Small   0x0000000133600000 0x0000000133800000 0x0000000133800000 Y/422   Allocating 
 Small   0x0000000133800000 0x0000000133a00000 0x0000000133a00000 Y/422   Allocating 
 Small   0x0000000133a00000 0x0000000133c00000 0x0000000133c00000 Y/422   Allocating 
 Small   0x0000000133c00000 0x0000000133dffff8 0x0000000133e00000 O/10    Relocatable
 Small   0x0000000133e00000 0x0000000134000000 0x0000000134000000 Y/422   Allocating 
 Small   0x0000000134000000 0x00000001341fffe0 0x0000000134200000 O/10    Relocatable
 Small   0x0000000134200000 0x0000000134400000 0x0000000134400000 Y/422   Allocating 
 Small   0x0000000134400000 0x0000000134600000 0x0000000134600000 Y/422   Allocating 
 Small   0x0000000134600000 0x00000001347fffe8 0x0000000134800000 O/22    Relocatable
 Small   0x0000000134800000 0x0000000134a00000 0x0000000134a00000 Y/422   Allocating 
 Small   0x0000000134a00000 0x0000000134c00000 0x0000000134c00000 Y/422   Allocating 
 Small   0x0000000134c00000 0x0000000134e00000 0x0000000134e00000 Y/422   Allocating 
 Small   0x0000000134e00000 0x0000000135000000 0x0000000135000000 Y/422   Allocating 
 Small   0x0000000135200000 0x0000000135400000 0x0000000135400000 Y/422   Allocating 
 Small   0x0000000135600000 0x0000000135800000 0x0000000135800000 Y/422   Allocating 
 Small   0x0000000135800000 0x0000000135a00000 0x0000000135a00000 Y/422   Allocating 
 Small   0x0000000135a00000 0x0000000135c00000 0x0000000135c00000 Y/422   Allocating 
 Small   0x0000000135c00000 0x0000000135e00000 0x0000000135e00000 Y/422   Allocating 
 Small   0x0000000135e00000 0x0000000136000000 0x0000000136000000 Y/422   Allocating 
 Small   0x0000000136000000 0x0000000136200000 0x0000000136200000 Y/422   Allocating 
 Small   0x0000000136200000 0x00000001363ff558 0x0000000136400000 O/15    Relocatable
 Small   0x0000000136400000 0x00000001365ffff8 0x0000000136600000 O/23    Allocating 
 Small   0x0000000136600000 0x0000000136800000 0x0000000136800000 Y/422   Allocating 
 Small   0x0000000136800000 0x0000000136a00000 0x0000000136a00000 Y/422   Allocating 
 Small   0x0000000136a00000 0x0000000136c00000 0x0000000136c00000 Y/422   Allocating 
 Small   0x0000000136c00000 0x0000000136e00000 0x0000000136e00000 Y/422   Allocating 
 Small   0x0000000136e00000 0x0000000137000000 0x0000000137000000 Y/422   Allocating 
 Small   0x0000000137000000 0x0000000137200000 0x0000000137200000 Y/422   Allocating 
 Small   0x0000000137200000 0x0000000137400000 0x0000000137400000 Y/422   Allocating 
 Small   0x0000000137400000 0x0000000137600000 0x0000000137600000 Y/422   Allocating 
 Small   0x0000000137600000 0x00000001377fff30 0x0000000137800000 O/13    Relocatable
 Small   0x0000000137800000 0x0000000137a00000 0x0000000137a00000 Y/422   Allocating 
 Small   0x0000000137a00000 0x0000000137bfffe8 0x0000000137c00000 O/23    Allocating 
 Small   0x0000000137c00000 0x0000000137e00000 0x0000000137e00000 Y/422   Allocating 
 Small   0x0000000137e00000 0x0000000138000000 0x0000000138000000 Y/422   Allocating 
 Small   0x0000000138200000 0x0000000138400000 0x0000000138400000 Y/422   Allocating 
 Small   0x0000000138400000 0x00000001385fffd8 0x0000000138600000 O/10    Relocatable
 Small   0x0000000138600000 0x00000001387fff98 0x0000000138800000 O/9     Relocatable
 Small   0x0000000138800000 0x0000000138a00000 0x0000000138a00000 Y/422   Allocating 
 Small   0x0000000138a00000 0x0000000138bffff0 0x0000000138c00000 O/10    Relocatable
 Small   0x0000000138c00000 0x0000000138e00000 0x0000000138e00000 Y/422   Allocating 
 Small   0x0000000138e00000 0x0000000139000000 0x0000000139000000 Y/422   Allocating 
 Small   0x0000000139200000 0x0000000139400000 0x0000000139400000 Y/422   Allocating 
 Small   0x0000000139400000 0x0000000139600000 0x0000000139600000 Y/422   Allocating 
 Small   0x0000000139600000 0x0000000139800000 0x0000000139800000 Y/422   Allocating 
 Small   0x0000000139800000 0x0000000139a00000 0x0000000139a00000 Y/422   Allocating 
 Small   0x0000000139a00000 0x0000000139c00000 0x0000000139c00000 Y/422   Allocating 
 Small   0x0000000139c00000 0x0000000139e00000 0x0000000139e00000 Y/422   Allocating 
 Small   0x0000000139e00000 0x0000000139ffff30 0x000000013a000000 O/9     Relocatable
 Small   0x000000013a000000 0x000000013a200000 0x000000013a200000 Y/422   Allocating 
 Small   0x000000013a200000 0x000000013a3ffff8 0x000000013a400000 O/9     Relocatable
 Small   0x000000013a400000 0x000000013a600000 0x000000013a600000 Y/422   Allocating 
 Small   0x000000013a600000 0x000000013a800000 0x000000013a800000 Y/422   Allocating 
 Small   0x000000013a800000 0x000000013aa00000 0x000000013aa00000 Y/422   Allocating 
 Small   0x000000013aa00000 0x000000013abffff8 0x000000013ac00000 O/23    Allocating 
 Small   0x000000013ac00000 0x000000013ae00000 0x000000013ae00000 Y/422   Allocating 
 Small   0x000000013ae00000 0x000000013b000000 0x000000013b000000 Y/422   Allocating 
 Small   0x000000013b000000 0x000000013b200000 0x000000013b200000 Y/422   Allocating 
 Small   0x000000013b200000 0x000000013b3ffff8 0x000000013b400000 O/15    Relocatable
 Small   0x000000013b400000 0x000000013b600000 0x000000013b600000 Y/422   Allocating 
 Small   0x000000013b600000 0x000000013b800000 0x000000013b800000 Y/422   Allocating 
 Small   0x000000013b800000 0x000000013ba00000 0x000000013ba00000 Y/422   Allocating 
 Small   0x000000013ba00000 0x000000013bc00000 0x000000013bc00000 Y/422   Allocating 
 Small   0x000000013bc00000 0x000000013be00000 0x000000013be00000 Y/422   Allocating 
 Small   0x000000013be00000 0x000000013c000000 0x000000013c000000 Y/422   Allocating 
 Small   0x000000013c000000 0x000000013c200000 0x000000013c200000 Y/422   Allocating 
 Small   0x000000013c200000 0x000000013c400000 0x000000013c400000 Y/422   Allocating 
 Small   0x000000013c400000 0x000000013c600000 0x000000013c600000 Y/422   Allocating 
 Small   0x000000013c600000 0x000000013c800000 0x000000013c800000 Y/422   Allocating 
 Small   0x000000013c800000 0x000000013ca00000 0x000000013ca00000 Y/422   Allocating 
 Small   0x000000013ca00000 0x000000013cc00000 0x000000013cc00000 Y/422   Allocating 
 Small   0x000000013ce00000 0x000000013d000000 0x000000013d000000 Y/422   Allocating 
 Small   0x000000013d400000 0x000000013d600000 0x000000013d600000 Y/422   Allocating 
 Small   0x000000013d600000 0x000000013d7fffd0 0x000000013d800000 O/11    Relocatable
 Small   0x000000013d800000 0x000000013da00000 0x000000013da00000 Y/422   Allocating 
 Small   0x000000013da00000 0x000000013dc00000 0x000000013dc00000 Y/422   Allocating 
 Small   0x000000013dc00000 0x000000013ddfff78 0x000000013de00000 O/9     Relocatable
 Small   0x000000013de00000 0x000000013e000000 0x000000013e000000 Y/422   Allocating 
 Small   0x000000013e000000 0x000000013e200000 0x000000013e200000 Y/422   Allocating 
 Small   0x000000013e200000 0x000000013e3fffe8 0x000000013e400000 O/12    Relocatable
 Small   0x000000013e400000 0x000000013e600000 0x000000013e600000 Y/422   Allocating 
 Small   0x000000013e600000 0x000000013e800000 0x000000013e800000 Y/422   Allocating 
 Small   0x000000013ec00000 0x000000013ee00000 0x000000013ee00000 Y/422   Allocating 
 Small   0x000000013ee00000 0x000000013f000000 0x000000013f000000 Y/422   Allocating 
 Small   0x000000013f000000 0x000000013f1ffc98 0x000000013f200000 Y/422   Allocating 
 Small   0x000000013f200000 0x000000013f3ffff8 0x000000013f400000 O/23    Allocating 
 Small   0x000000013f400000 0x000000013f600000 0x000000013f600000 Y/422   Allocating 
 Small   0x000000013f600000 0x000000013f800000 0x000000013f800000 O/15    Relocatable
 Small   0x000000013f800000 0x000000013fa00000 0x000000013fa00000 Y/422   Allocating 
 Small   0x000000013fa00000 0x000000013fbfff80 0x000000013fc00000 O/9     Relocatable
 Small   0x000000013fc00000 0x000000013fe00000 0x000000013fe00000 Y/422   Allocating 
 Small   0x000000013fe00000 0x0000000140000000 0x0000000140000000 Y/422   Allocating 
 Small   0x0000000140200000 0x0000000140400000 0x0000000140400000 Y/422   Allocating 
 Small   0x0000000140400000 0x0000000140600000 0x0000000140600000 Y/422   Allocating 
 Small   0x0000000140600000 0x0000000140800000 0x0000000140800000 Y/422   Allocating 
 Small   0x0000000140800000 0x0000000140a00000 0x0000000140a00000 Y/422   Allocating 
 Small   0x0000000140a00000 0x0000000140c00000 0x0000000140c00000 Y/422   Allocating 
 Small   0x0000000140e00000 0x0000000140ffffd8 0x0000000141000000 O/9     Relocatable
 Small   0x0000000141000000 0x0000000141200000 0x0000000141200000 Y/422   Allocating 
 Small   0x0000000141200000 0x0000000141400000 0x0000000141400000 O/9     Relocatable
 Small   0x0000000141400000 0x0000000141600000 0x0000000141600000 Y/422   Allocating 
 Small   0x0000000141600000 0x00000001417fffb8 0x0000000141800000 O/20    Relocatable
 Small   0x0000000141800000 0x0000000141a00000 0x0000000141a00000 Y/422   Allocating 
 Small   0x0000000141a00000 0x0000000141c00000 0x0000000141c00000 Y/422   Allocating 
 Small   0x0000000141c00000 0x0000000141e00000 0x0000000141e00000 Y/422   Allocating 
 Small   0x0000000141e00000 0x0000000141fffff8 0x0000000142000000 O/9     Relocatable
 Small   0x0000000142200000 0x00000001423d3e58 0x0000000142400000 O/23    Allocating 
 Small   0x0000000142400000 0x0000000142600000 0x0000000142600000 Y/422   Allocating 
 Small   0x0000000142600000 0x0000000142800000 0x0000000142800000 Y/422   Allocating 
 Small   0x0000000142800000 0x0000000142a00000 0x0000000142a00000 Y/422   Allocating 
 Small   0x0000000142a00000 0x0000000142c00000 0x0000000142c00000 Y/422   Allocating 
 Small   0x0000000142c00000 0x0000000142e00000 0x0000000142e00000 Y/422   Allocating 
 Small   0x0000000142e00000 0x0000000142ff0530 0x0000000143000000 O/10    Relocatable
 Small   0x0000000143000000 0x0000000143200000 0x0000000143200000 Y/422   Allocating 
 Small   0x0000000143200000 0x0000000143400000 0x0000000143400000 Y/422   Allocating 
 Small   0x0000000143400000 0x0000000143600000 0x0000000143600000 O/9     Relocatable
 Small   0x0000000143600000 0x0000000143800000 0x0000000143800000 Y/422   Allocating 
 Small   0x0000000143800000 0x0000000143a00000 0x0000000143a00000 Y/422   Allocating 
 Small   0x0000000143a00000 0x0000000143c00000 0x0000000143c00000 O/10    Relocatable
 Small   0x0000000143e00000 0x0000000144000000 0x0000000144000000 Y/422   Allocating 
 Small   0x0000000144000000 0x00000001441fffd8 0x0000000144200000 O/23    Allocating 
 Small   0x0000000144200000 0x0000000144400000 0x0000000144400000 Y/422   Allocating 
 Small   0x0000000144400000 0x00000001445ffe48 0x0000000144600000 O/23    Allocating 
 Small   0x0000000144800000 0x0000000144a00000 0x0000000144a00000 Y/422   Allocating 
 Small   0x0000000144a00000 0x0000000144c00000 0x0000000144c00000 Y/422   Allocating 
 Small   0x0000000144c00000 0x0000000144e00000 0x0000000144e00000 Y/422   Allocating 
 Small   0x0000000144e00000 0x0000000145000000 0x0000000145000000 Y/422   Allocating 
 Small   0x0000000145000000 0x00000001451ffec8 0x0000000145200000 O/18    Relocatable
 Small   0x0000000145600000 0x0000000145800000 0x0000000145800000 Y/422   Allocating 
 Small   0x0000000145800000 0x0000000145a00000 0x0000000145a00000 Y/422   Allocating 
 Small   0x0000000145a00000 0x0000000145c00000 0x0000000145c00000 Y/422   Allocating 
 Small   0x0000000145c00000 0x0000000145dfd1c8 0x0000000145e00000 O/15    Relocatable
 Small   0x0000000145e00000 0x0000000146000000 0x0000000146000000 Y/422   Allocating 
 Small   0x0000000146000000 0x0000000146200000 0x0000000146200000 Y/422   Allocating 
 Small   0x0000000146400000 0x0000000146600000 0x0000000146600000 Y/422   Allocating 
 Small   0x0000000146a00000 0x0000000146c00000 0x0000000146c00000 Y/422   Allocating 
 Small   0x0000000146c00000 0x0000000146e00000 0x0000000146e00000 Y/422   Allocating 
 Small   0x0000000146e00000 0x0000000147000000 0x0000000147000000 Y/422   Allocating 
 Small   0x0000000147000000 0x0000000147200000 0x0000000147200000 Y/422   Allocating 
 Small   0x0000000147200000 0x0000000147400000 0x0000000147400000 Y/422   Allocating 
 Small   0x0000000147400000 0x00000001475ffd38 0x0000000147600000 O/20    Relocatable
 Small   0x0000000147800000 0x0000000147a00000 0x0000000147a00000 Y/422   Allocating 
 Small   0x0000000147a00000 0x0000000147c00000 0x0000000147c00000 Y/422   Allocating 
 Small   0x0000000147e00000 0x0000000148000000 0x0000000148000000 Y/422   Allocating 
 Small   0x0000000148000000 0x0000000148200000 0x0000000148200000 Y/422   Allocating 
 Small   0x0000000148200000 0x00000001483ff8a0 0x0000000148400000 O/9     Relocatable
 Small   0x0000000148600000 0x0000000148800000 0x0000000148800000 Y/422   Allocating 
 Small   0x0000000148800000 0x0000000148a00000 0x0000000148a00000 Y/422   Allocating 
 Small   0x0000000148a00000 0x0000000148c00000 0x0000000148c00000 Y/422   Allocating 
 Small   0x0000000148c00000 0x0000000148e00000 0x0000000148e00000 Y/422   Allocating 
 Small   0x0000000148e00000 0x0000000149000000 0x0000000149000000 Y/422   Allocating 
 Small   0x0000000149000000 0x0000000149200000 0x0000000149200000 Y/422   Allocating 
 Small   0x0000000149200000 0x0000000149400000 0x0000000149400000 Y/422   Allocating 
 Small   0x0000000149400000 0x0000000149600000 0x0000000149600000 Y/422   Allocating 
 Small   0x0000000149600000 0x0000000149800000 0x0000000149800000 Y/422   Allocating 
 Small   0x0000000149800000 0x0000000149a00000 0x0000000149a00000 Y/422   Allocating 
 Small   0x0000000149a00000 0x0000000149c00000 0x0000000149c00000 Y/422   Allocating 
 Small   0x0000000149c00000 0x0000000149e00000 0x0000000149e00000 Y/422   Allocating 
 Small   0x0000000149e00000 0x0000000149fffff0 0x000000014a000000 O/10    Relocatable
 Small   0x000000014a000000 0x000000014a200000 0x000000014a200000 Y/422   Allocating 
 Small   0x000000014a600000 0x000000014a7b3e30 0x000000014a800000 O/9     Relocatable
 Small   0x000000014a800000 0x000000014a9fffa8 0x000000014aa00000 O/13    Relocatable
 Small   0x000000014aa00000 0x000000014ac00000 0x000000014ac00000 Y/422   Allocating 
 Small   0x000000014ae00000 0x000000014affc8a8 0x000000014b000000 O/22    Relocatable
 Small   0x000000014b000000 0x000000014b200000 0x000000014b200000 Y/422   Allocating 
 Small   0x000000014b200000 0x000000014b400000 0x000000014b400000 Y/422   Allocating 
 Small   0x000000014b400000 0x000000014b600000 0x000000014b600000 Y/422   Allocating 
 Small   0x000000014b600000 0x000000014b800000 0x000000014b800000 Y/422   Allocating 
 Small   0x000000014b800000 0x000000014ba00000 0x000000014ba00000 Y/422   Allocating 
 Small   0x000000014ba00000 0x000000014bc00000 0x000000014bc00000 Y/422   Allocating 
 Small   0x000000014bc00000 0x000000014be00000 0x000000014be00000 Y/422   Allocating 
 Small   0x000000014be00000 0x000000014c000000 0x000000014c000000 Y/422   Allocating 
 Small   0x000000014c000000 0x000000014c1ffff8 0x000000014c200000 O/9     Relocatable
 Small   0x000000014c200000 0x000000014c400000 0x000000014c400000 Y/422   Allocating 
 Small   0x000000014c400000 0x000000014c600000 0x000000014c600000 O/9     Relocatable
 Small   0x000000014c600000 0x000000014c800000 0x000000014c800000 Y/422   Allocating 
 Small   0x000000014c800000 0x000000014c9fff78 0x000000014ca00000 O/15    Relocatable
 Small   0x000000014ca00000 0x000000014cc00000 0x000000014cc00000 Y/422   Allocating 
 Small   0x000000014cc00000 0x000000014ce00000 0x000000014ce00000 Y/422   Allocating 
 Small   0x000000014ce00000 0x000000014d000000 0x000000014d000000 Y/422   Allocating 
 Small   0x000000014d200000 0x000000014d400000 0x000000014d400000 O/15    Relocatable
 Small   0x000000014d400000 0x000000014d5ffff0 0x000000014d600000 O/9     Relocatable
 Small   0x000000014d800000 0x000000014da00000 0x000000014da00000 Y/422   Allocating 
 Small   0x000000014da00000 0x000000014dc00000 0x000000014dc00000 Y/422   Allocating 
 Small   0x000000014dc00000 0x000000014de00000 0x000000014de00000 Y/422   Allocating 
 Small   0x000000014de00000 0x000000014e000000 0x000000014e000000 Y/422   Allocating 
 Small   0x000000014e000000 0x000000014e200000 0x000000014e200000 Y/422   Allocating 
 Small   0x000000014e200000 0x000000014e400000 0x000000014e400000 Y/422   Allocating 
 Small   0x000000014e400000 0x000000014e600000 0x000000014e600000 Y/422   Allocating 
 Small   0x000000014e600000 0x000000014e7ff9e8 0x000000014e800000 O/23    Allocating 
 Small   0x000000014e800000 0x000000014ea00000 0x000000014ea00000 Y/422   Allocating 
 Small   0x000000014ea00000 0x000000014ec00000 0x000000014ec00000 Y/422   Allocating 
 Small   0x000000014ee00000 0x000000014efffb48 0x000000014f000000 O/9     Relocatable
 Small   0x000000014f000000 0x000000014f200000 0x000000014f200000 Y/422   Allocating 
 Small   0x000000014f400000 0x000000014f600000 0x000000014f600000 Y/422   Allocating 
 Small   0x000000014f800000 0x000000014fa00000 0x000000014fa00000 Y/422   Allocating 
 Small   0x000000014fa00000 0x000000014fc00000 0x000000014fc00000 Y/422   Allocating 
 Small   0x000000014fc00000 0x000000014fdf1f30 0x000000014fe00000 O/16    Relocatable
 Small   0x000000014fe00000 0x0000000150000000 0x0000000150000000 Y/422   Allocating 
 Small   0x0000000150000000 0x0000000150200000 0x0000000150200000 Y/422   Allocating 
 Small   0x0000000150200000 0x00000001503fffa0 0x0000000150400000 O/15    Relocatable
 Small   0x0000000150400000 0x0000000150600000 0x0000000150600000 Y/422   Allocating 
 Small   0x0000000150600000 0x0000000150800000 0x0000000150800000 Y/422   Allocating 
 Small   0x0000000150800000 0x00000001509ffff0 0x0000000150a00000 O/23    Allocating 
 Small   0x0000000150a00000 0x0000000150c00000 0x0000000150c00000 Y/422   Allocating 
 Small   0x0000000150c00000 0x0000000150e00000 0x0000000150e00000 Y/422   Allocating 
 Small   0x0000000150e00000 0x0000000151000000 0x0000000151000000 Y/422   Allocating 
 Small   0x0000000151000000 0x0000000151200000 0x0000000151200000 Y/422   Allocating 
 Small   0x0000000151200000 0x0000000151400000 0x0000000151400000 Y/422   Allocating 
 Small   0x0000000151400000 0x0000000151600000 0x0000000151600000 Y/422   Allocating 
 Small   0x0000000151600000 0x0000000151800000 0x0000000151800000 Y/422   Allocating 
 Small   0x0000000151a00000 0x0000000151bfffe8 0x0000000151c00000 O/13    Relocatable
 Small   0x0000000151c00000 0x0000000151e00000 0x0000000151e00000 Y/422   Allocating 
 Small   0x0000000151e00000 0x0000000152000000 0x0000000152000000 Y/422   Allocating 
 Small   0x0000000152200000 0x0000000152400000 0x0000000152400000 Y/422   Allocating 
 Small   0x0000000152400000 0x0000000152600000 0x0000000152600000 Y/422   Allocating 
 Small   0x0000000152600000 0x0000000152800000 0x0000000152800000 Y/422   Allocating 
 Small   0x0000000152800000 0x0000000152a00000 0x0000000152a00000 Y/422   Allocating 
 Small   0x0000000152a00000 0x0000000152c00000 0x0000000152c00000 Y/422   Allocating 
 Small   0x0000000152c00000 0x0000000152e00000 0x0000000152e00000 Y/422   Allocating 
 Small   0x0000000152e00000 0x0000000153000000 0x0000000153000000 Y/422   Allocating 
 Small   0x0000000153000000 0x0000000153200000 0x0000000153200000 Y/422   Allocating 
 Small   0x0000000153200000 0x0000000153400000 0x0000000153400000 Y/422   Allocating 
 Small   0x0000000153400000 0x0000000153600000 0x0000000153600000 Y/422   Allocating 
 Small   0x0000000153800000 0x0000000153a00000 0x0000000153a00000 Y/422   Allocating 
 Small   0x0000000153a00000 0x0000000153bd4d78 0x0000000153c00000 O/9     Relocatable
 Small   0x0000000153c00000 0x0000000153dff498 0x0000000153e00000 O/11    Relocatable
 Small   0x0000000154000000 0x0000000154200000 0x0000000154200000 Y/422   Allocating 
 Small   0x0000000154200000 0x00000001543fffd8 0x0000000154400000 O/9     Relocatable
 Small   0x0000000154400000 0x0000000154600000 0x0000000154600000 Y/422   Allocating 
 Small   0x0000000154800000 0x00000001549fffe8 0x0000000154a00000 O/10    Relocatable
 Small   0x0000000154a00000 0x0000000154c00000 0x0000000154c00000 Y/422   Allocating 
 Small   0x0000000154c00000 0x0000000154e00000 0x0000000154e00000 Y/422   Allocating 
 Small   0x0000000154e00000 0x0000000154ffd2c8 0x0000000155000000 O/23    Allocating 
 Small   0x0000000155000000 0x0000000155200000 0x0000000155200000 Y/422   Allocating 
 Small   0x0000000155200000 0x00000001553ffe98 0x0000000155400000 O/23    Allocating 
 Small   0x0000000155400000 0x0000000155600000 0x0000000155600000 Y/422   Allocating 
 Small   0x0000000155600000 0x0000000155800000 0x0000000155800000 Y/422   Allocating 
 Small   0x0000000155800000 0x0000000155a00000 0x0000000155a00000 Y/422   Allocating 
 Small   0x0000000155c00000 0x0000000155dffff8 0x0000000155e00000 O/22    Relocatable
 Small   0x0000000155e00000 0x0000000156000000 0x0000000156000000 Y/422   Allocating 
 Small   0x0000000156000000 0x0000000156200000 0x0000000156200000 Y/422   Allocating 
 Small   0x0000000156200000 0x0000000156400000 0x0000000156400000 Y/422   Allocating 
 Small   0x0000000156600000 0x0000000156800000 0x0000000156800000 Y/422   Allocating 
 Small   0x0000000156800000 0x0000000156a00000 0x0000000156a00000 Y/422   Allocating 
 Small   0x0000000156a00000 0x0000000156bfff98 0x0000000156c00000 O/20    Relocatable
 Small   0x0000000156c00000 0x0000000156e00000 0x0000000156e00000 Y/422   Allocating 
 Small   0x0000000156e00000 0x0000000157000000 0x0000000157000000 Y/422   Allocating 
 Small   0x0000000157000000 0x0000000157200000 0x0000000157200000 Y/422   Allocating 
 Small   0x0000000157200000 0x0000000157400000 0x0000000157400000 Y/422   Allocating 
 Small   0x0000000157400000 0x0000000157600000 0x0000000157600000 Y/422   Allocating 
 Small   0x0000000157600000 0x0000000157800000 0x0000000157800000 Y/422   Allocating 
 Small   0x0000000157800000 0x00000001579ffe88 0x0000000157a00000 O/22    Relocatable
 Small   0x0000000157a00000 0x0000000157c00000 0x0000000157c00000 Y/422   Allocating 
 Small   0x0000000157c00000 0x0000000157dffb88 0x0000000157e00000 O/20    Relocatable
 Small   0x0000000157e00000 0x0000000158000000 0x0000000158000000 Y/422   Allocating 
 Small   0x0000000158000000 0x0000000158200000 0x0000000158200000 Y/422   Allocating 
 Small   0x0000000158200000 0x0000000158400000 0x0000000158400000 Y/422   Allocating 
 Small   0x0000000158400000 0x0000000158600000 0x0000000158600000 Y/422   Allocating 
 Small   0x0000000158600000 0x00000001587fff00 0x0000000158800000 O/19    Relocatable
 Small   0x0000000158800000 0x0000000158a00000 0x0000000158a00000 Y/422   Allocating 
 Small   0x0000000158a00000 0x0000000158c00000 0x0000000158c00000 Y/422   Allocating 
 Small   0x0000000158c00000 0x0000000158dfffa0 0x0000000158e00000 O/15    Relocatable
 Small   0x0000000158e00000 0x0000000159000000 0x0000000159000000 Y/422   Allocating 
 Small   0x0000000159000000 0x0000000159200000 0x0000000159200000 Y/422   Allocating 
 Small   0x0000000159200000 0x0000000159400000 0x0000000159400000 O/16    Relocatable
 Small   0x0000000159400000 0x00000001595ffff8 0x0000000159600000 O/10    Relocatable
 Small   0x0000000159600000 0x0000000159800000 0x0000000159800000 Y/422   Allocating 
 Small   0x0000000159800000 0x0000000159a00000 0x0000000159a00000 Y/422   Allocating 
 Small   0x0000000159a00000 0x0000000159c00000 0x0000000159c00000 Y/422   Allocating 
 Small   0x0000000159c00000 0x0000000159e00000 0x0000000159e00000 Y/422   Allocating 
 Small   0x0000000159e00000 0x000000015a000000 0x000000015a000000 Y/422   Allocating 
 Small   0x000000015a000000 0x000000015a200000 0x000000015a200000 Y/422   Allocating 
 Small   0x000000015a200000 0x000000015a400000 0x000000015a400000 Y/422   Allocating 
 Small   0x000000015a400000 0x000000015a600000 0x000000015a600000 Y/422   Allocating 
 Small   0x000000015a600000 0x000000015a7fa7c8 0x000000015a800000 O/19    Relocatable
 Small   0x000000015a800000 0x000000015aa00000 0x000000015aa00000 Y/422   Allocating 
 Small   0x000000015aa00000 0x000000015ac00000 0x000000015ac00000 Y/422   Allocating 
 Small   0x000000015ac00000 0x000000015ae00000 0x000000015ae00000 Y/422   Allocating 
 Small   0x000000015b000000 0x000000015b200000 0x000000015b200000 Y/422   Allocating 
 Small   0x000000015b200000 0x000000015b3ffff0 0x000000015b400000 O/15    Relocatable
 Small   0x000000015b400000 0x000000015b600000 0x000000015b600000 Y/422   Allocating 
 Small   0x000000015b600000 0x000000015b800000 0x000000015b800000 Y/422   Allocating 
 Small   0x000000015b800000 0x000000015ba00000 0x000000015ba00000 Y/422   Allocating 
 Small   0x000000015ba00000 0x000000015bbffff8 0x000000015bc00000 O/15    Relocatable
 Small   0x000000015bc00000 0x000000015be00000 0x000000015be00000 Y/422   Allocating 
 Small   0x000000015be00000 0x000000015c000000 0x000000015c000000 Y/422   Allocating 
 Small   0x000000015c000000 0x000000015c200000 0x000000015c200000 Y/422   Allocating 
 Small   0x000000015c200000 0x000000015c3fffe0 0x000000015c400000 O/9     Relocatable
 Small   0x000000015c400000 0x000000015c600000 0x000000015c600000 Y/422   Allocating 
 Small   0x000000015c600000 0x000000015c800000 0x000000015c800000 Y/422   Allocating 
 Small   0x000000015c800000 0x000000015ca00000 0x000000015ca00000 Y/422   Allocating 
 Small   0x000000015cc00000 0x000000015ce00000 0x000000015ce00000 Y/422   Allocating 
 Small   0x000000015ce00000 0x000000015d000000 0x000000015d000000 Y/422   Allocating 
 Small   0x000000015d200000 0x000000015d400000 0x000000015d400000 Y/422   Allocating 
 Small   0x000000015d400000 0x000000015d5ffed0 0x000000015d600000 O/20    Relocatable
 Small   0x000000015d600000 0x000000015d800000 0x000000015d800000 Y/422   Allocating 
 Small   0x000000015d800000 0x000000015da00000 0x000000015da00000 Y/422   Allocating 
 Small   0x000000015da00000 0x000000015dc00000 0x000000015dc00000 Y/422   Allocating 
 Small   0x000000015dc00000 0x000000015de00000 0x000000015de00000 Y/422   Allocating 
 Small   0x000000015de00000 0x000000015e000000 0x000000015e000000 Y/422   Allocating 
 Small   0x000000015e000000 0x000000015e1fffe0 0x000000015e200000 O/18    Relocatable
 Small   0x000000015e200000 0x000000015e3ffff0 0x000000015e400000 O/20    Relocatable
 Small   0x000000015e400000 0x000000015e600000 0x000000015e600000 Y/422   Allocating 
 Small   0x000000015e600000 0x000000015e7fffe8 0x000000015e800000 O/9     Relocatable
 Small   0x000000015e800000 0x000000015e9fffe8 0x000000015ea00000 O/19    Relocatable
 Small   0x000000015ea00000 0x000000015ec00000 0x000000015ec00000 Y/422   Allocating 
 Small   0x000000015ec00000 0x000000015ee00000 0x000000015ee00000 Y/422   Allocating 
 Small   0x000000015ee00000 0x000000015efffee0 0x000000015f000000 O/15    Relocatable
 Small   0x000000015f000000 0x000000015f1fffe0 0x000000015f200000 O/10    Relocatable
 Small   0x000000015f200000 0x000000015f400000 0x000000015f400000 Y/422   Allocating 
 Small   0x000000015f400000 0x000000015f600000 0x000000015f600000 Y/422   Allocating 
 Small   0x000000015f800000 0x000000015f9ffff8 0x000000015fa00000 O/20    Relocatable
 Small   0x000000015fa00000 0x000000015fc00000 0x000000015fc00000 Y/422   Allocating 
 Small   0x000000015fe00000 0x0000000160000000 0x0000000160000000 Y/422   Allocating 
 Small   0x0000000160000000 0x00000001601fff60 0x0000000160200000 O/22    Relocatable
 Small   0x0000000160400000 0x0000000160600000 0x0000000160600000 Y/422   Allocating 
 Small   0x0000000160600000 0x00000001607fffd0 0x0000000160800000 O/10    Relocatable
 Small   0x0000000160800000 0x0000000160a00000 0x0000000160a00000 Y/422   Allocating 
 Small   0x0000000160a00000 0x0000000160c00000 0x0000000160c00000 Y/422   Allocating 
 Small   0x0000000160c00000 0x0000000160e00000 0x0000000160e00000 Y/422   Allocating 
 Small   0x0000000160e00000 0x0000000161000000 0x0000000161000000 Y/422   Allocating 
 Small   0x0000000161000000 0x0000000161200000 0x0000000161200000 Y/422   Allocating 
 Small   0x0000000161200000 0x0000000161400000 0x0000000161400000 Y/422   Allocating 
 Small   0x0000000161400000 0x0000000161600000 0x0000000161600000 Y/422   Allocating 
 Small   0x0000000161600000 0x0000000161800000 0x0000000161800000 Y/422   Allocating 
 Small   0x0000000161a00000 0x0000000161c00000 0x0000000161c00000 Y/422   Allocating 
 Small   0x0000000161c00000 0x0000000161e00000 0x0000000161e00000 Y/422   Allocating 
 Small   0x0000000161e00000 0x0000000162000000 0x0000000162000000 Y/422   Allocating 
 Small   0x0000000162000000 0x0000000162200000 0x0000000162200000 Y/422   Allocating 
 Small   0x0000000162200000 0x0000000162400000 0x0000000162400000 Y/422   Allocating 
 Small   0x0000000162400000 0x0000000162600000 0x0000000162600000 Y/422   Allocating 
 Small   0x0000000162800000 0x00000001629fffe0 0x0000000162a00000 O/9     Relocatable
 Small   0x0000000162c00000 0x0000000162e00000 0x0000000162e00000 Y/422   Allocating 
 Small   0x0000000163000000 0x0000000163200000 0x0000000163200000 Y/422   Allocating 
 Small   0x0000000163200000 0x0000000163400000 0x0000000163400000 Y/422   Allocating 
 Small   0x0000000163400000 0x00000001635ffeb0 0x0000000163600000 O/23    Allocating 
 Small   0x0000000163600000 0x0000000163800000 0x0000000163800000 Y/422   Allocating 
 Small   0x0000000163800000 0x00000001639ffff8 0x0000000163a00000 O/13    Relocatable
 Small   0x0000000163a00000 0x0000000163c00000 0x0000000163c00000 Y/422   Allocating 
 Small   0x0000000163c00000 0x0000000163e00000 0x0000000163e00000 Y/422   Allocating 
 Small   0x0000000163e00000 0x0000000164000000 0x0000000164000000 Y/422   Allocating 
 Small   0x0000000164000000 0x0000000164200000 0x0000000164200000 O/9     Relocatable
 Small   0x0000000164200000 0x00000001643ffff8 0x0000000164400000 O/9     Relocatable
 Small   0x0000000164400000 0x0000000164600000 0x0000000164600000 Y/422   Allocating 
 Small   0x0000000164600000 0x0000000164800000 0x0000000164800000 Y/422   Allocating 
 Small   0x0000000164800000 0x0000000164a00000 0x0000000164a00000 Y/422   Allocating 
 Small   0x0000000164a00000 0x0000000164bffff8 0x0000000164c00000 O/20    Relocatable
 Small   0x0000000165400000 0x00000001655ffa60 0x0000000165600000 O/23    Allocating 
 Small   0x0000000165600000 0x0000000165800000 0x0000000165800000 Y/422   Allocating 
 Small   0x0000000165800000 0x0000000165a00000 0x0000000165a00000 Y/422   Allocating 
 Small   0x0000000165a00000 0x0000000165c00000 0x0000000165c00000 Y/422   Allocating 
 Small   0x0000000165e00000 0x0000000165fffff0 0x0000000166000000 O/10    Relocatable
 Small   0x0000000166000000 0x0000000166200000 0x0000000166200000 Y/422   Allocating 
 Small   0x0000000166200000 0x0000000166400000 0x0000000166400000 Y/422   Allocating 
 Small   0x0000000166400000 0x0000000166600000 0x0000000166600000 Y/422   Allocating 
 Small   0x0000000166600000 0x0000000166800000 0x0000000166800000 Y/422   Allocating 
 Small   0x0000000166800000 0x0000000166a00000 0x0000000166a00000 Y/422   Allocating 
 Small   0x0000000166a00000 0x0000000166c00000 0x0000000166c00000 Y/422   Allocating 
 Small   0x0000000166c00000 0x0000000166dfffd8 0x0000000166e00000 O/21    Relocatable
 Small   0x0000000166e00000 0x0000000167000000 0x0000000167000000 Y/422   Allocating 
 Small   0x0000000167000000 0x0000000167200000 0x0000000167200000 Y/422   Allocating 
 Small   0x0000000167400000 0x0000000167600000 0x0000000167600000 Y/422   Allocating 
 Small   0x0000000167600000 0x0000000167800000 0x0000000167800000 Y/422   Allocating 
 Small   0x0000000167800000 0x0000000167a00000 0x0000000167a00000 Y/422   Allocating 
 Small   0x0000000167a00000 0x0000000167c00000 0x0000000167c00000 Y/422   Allocating 
 Small   0x0000000167c00000 0x0000000167e00000 0x0000000167e00000 Y/422   Allocating 
 Small   0x0000000167e00000 0x0000000168000000 0x0000000168000000 Y/422   Allocating 
 Small   0x0000000168000000 0x0000000168200000 0x0000000168200000 Y/422   Allocating 
 Small   0x0000000168200000 0x00000001683fffe8 0x0000000168400000 O/13    Relocatable
 Small   0x0000000168400000 0x00000001685ffef8 0x0000000168600000 O/20    Relocatable
 Small   0x0000000168600000 0x0000000168800000 0x0000000168800000 Y/422   Allocating 
 Small   0x0000000168a00000 0x0000000168bfffc8 0x0000000168c00000 O/9     Relocatable
 Small   0x0000000168c00000 0x0000000168e00000 0x0000000168e00000 Y/422   Allocating 
 Small   0x0000000168e00000 0x0000000168ffffe8 0x0000000169000000 O/9     Relocatable
 Small   0x0000000169000000 0x0000000169200000 0x0000000169200000 Y/422   Allocating 
 Small   0x0000000169200000 0x00000001693fffd8 0x0000000169400000 O/10    Relocatable
 Small   0x0000000169400000 0x00000001695fe180 0x0000000169600000 O/23    Allocating 
 Small   0x0000000169800000 0x0000000169a00000 0x0000000169a00000 Y/422   Allocating 
 Small   0x0000000169a00000 0x0000000169c00000 0x0000000169c00000 Y/422   Allocating 
 Small   0x0000000169e00000 0x000000016a000000 0x000000016a000000 Y/422   Allocating 
 Small   0x000000016a200000 0x000000016a400000 0x000000016a400000 Y/422   Allocating 
 Small   0x000000016a600000 0x000000016a800000 0x000000016a800000 Y/422   Allocating 
 Small   0x000000016a800000 0x000000016aa00000 0x000000016aa00000 O/10    Relocatable
 Small   0x000000016aa00000 0x000000016ac00000 0x000000016ac00000 Y/422   Allocating 
 Small   0x000000016ac00000 0x000000016ae00000 0x000000016ae00000 Y/422   Allocating 
 Small   0x000000016b000000 0x000000016b200000 0x000000016b200000 Y/422   Allocating 
 Small   0x000000016b200000 0x000000016b400000 0x000000016b400000 Y/422   Allocating 
 Small   0x000000016b400000 0x000000016b600000 0x000000016b600000 Y/422   Allocating 
 Small   0x000000016b800000 0x000000016ba00000 0x000000016ba00000 Y/422   Allocating 
 Small   0x000000016ba00000 0x000000016bc00000 0x000000016bc00000 Y/422   Allocating 
 Small   0x000000016bc00000 0x000000016be00000 0x000000016be00000 Y/422   Allocating 
 Small   0x000000016c200000 0x000000016c400000 0x000000016c400000 Y/422   Allocating 
 Small   0x000000016c400000 0x000000016c600000 0x000000016c600000 Y/422   Allocating 
 Small   0x000000016c600000 0x000000016c800000 0x000000016c800000 Y/422   Allocating 
 Small   0x000000016c800000 0x000000016ca00000 0x000000016ca00000 Y/422   Allocating 
 Small   0x000000016ca00000 0x000000016cc00000 0x000000016cc00000 Y/422   Allocating 
 Small   0x000000016ce00000 0x000000016d000000 0x000000016d000000 Y/422   Allocating 
 Small   0x000000016d000000 0x000000016d200000 0x000000016d200000 Y/422   Allocating 
 Small   0x000000016d200000 0x000000016d3fe370 0x000000016d400000 O/23    Allocating 
 Small   0x000000016d400000 0x000000016d5fff68 0x000000016d600000 O/9     Relocatable
 Small   0x000000016d600000 0x000000016d800000 0x000000016d800000 Y/422   Allocating 
 Small   0x000000016d800000 0x000000016da00000 0x000000016da00000 Y/422   Allocating 
 Small   0x000000016da00000 0x000000016dc00000 0x000000016dc00000 Y/422   Allocating 
 Small   0x000000016dc00000 0x000000016ddffb20 0x000000016de00000 O/23    Allocating 
 Small   0x000000016de00000 0x000000016dfffa58 0x000000016e000000 O/15    Relocatable
 Small   0x000000016e000000 0x000000016e1fffd8 0x000000016e200000 O/10    Relocatable
 Small   0x000000016e200000 0x000000016e400000 0x000000016e400000 Y/422   Allocating 
 Small   0x000000016e600000 0x000000016e800000 0x000000016e800000 Y/422   Allocating 
 Small   0x000000016e800000 0x000000016ea00000 0x000000016ea00000 Y/422   Allocating 
 Small   0x000000016ea00000 0x000000016ec00000 0x000000016ec00000 Y/422   Allocating 
 Small   0x000000016ec00000 0x000000016ee00000 0x000000016ee00000 Y/422   Allocating 
 Small   0x000000016ee00000 0x000000016efffa68 0x000000016f000000 O/15    Relocatable
 Small   0x000000016f000000 0x000000016f200000 0x000000016f200000 Y/422   Allocating 
 Small   0x000000016f200000 0x000000016f400000 0x000000016f400000 Y/422   Allocating 
 Small   0x000000016f400000 0x000000016f600000 0x000000016f600000 Y/422   Allocating 
 Small   0x000000016f600000 0x000000016f800000 0x000000016f800000 Y/422   Allocating 
 Small   0x000000016f800000 0x000000016fa00000 0x000000016fa00000 Y/422   Allocating 
 Small   0x000000016fa00000 0x000000016fc00000 0x000000016fc00000 Y/422   Allocating 
 Small   0x000000016fc00000 0x000000016fdffd20 0x000000016fe00000 O/10    Relocatable
 Small   0x000000016fe00000 0x0000000170000000 0x0000000170000000 Y/422   Allocating 
 Small   0x0000000170200000 0x0000000170400000 0x0000000170400000 Y/422   Allocating 
 Small   0x0000000170400000 0x0000000170600000 0x0000000170600000 Y/422   Allocating 
 Small   0x0000000170800000 0x0000000170a00000 0x0000000170a00000 Y/422   Allocating 
 Small   0x0000000170a00000 0x0000000170c00000 0x0000000170c00000 Y/422   Allocating 
 Small   0x0000000170c00000 0x0000000170e00000 0x0000000170e00000 O/10    Relocatable
 Small   0x0000000170e00000 0x0000000171000000 0x0000000171000000 Y/422   Allocating 
 Small   0x0000000171000000 0x0000000171200000 0x0000000171200000 Y/422   Allocating 
 Small   0x0000000171200000 0x0000000171400000 0x0000000171400000 Y/422   Allocating 
 Small   0x0000000171400000 0x0000000171600000 0x0000000171600000 Y/422   Allocating 
 Small   0x0000000171600000 0x0000000171800000 0x0000000171800000 Y/422   Allocating 
 Small   0x0000000171800000 0x0000000171a00000 0x0000000171a00000 Y/422   Allocating 
 Small   0x0000000171a00000 0x0000000171c00000 0x0000000171c00000 Y/422   Allocating 
 Small   0x0000000171c00000 0x0000000171e00000 0x0000000171e00000 Y/422   Allocating 
 Small   0x0000000171e00000 0x0000000171ffff98 0x0000000172000000 O/23    Allocating 
 Small   0x0000000172200000 0x0000000172400000 0x0000000172400000 Y/422   Allocating 
 Small   0x0000000172400000 0x0000000172600000 0x0000000172600000 Y/422   Allocating 
 Small   0x0000000172600000 0x0000000172800000 0x0000000172800000 Y/422   Allocating 
 Small   0x0000000172800000 0x00000001729fffe0 0x0000000172a00000 O/18    Relocatable
 Small   0x0000000172a00000 0x0000000172c00000 0x0000000172c00000 Y/422   Allocating 
 Small   0x0000000172c00000 0x0000000172e00000 0x0000000172e00000 Y/422   Allocating 
 Small   0x0000000173000000 0x0000000173200000 0x0000000173200000 Y/422   Allocating 
 Small   0x0000000173200000 0x00000001733ffff8 0x0000000173400000 O/10    Relocatable
 Small   0x0000000173400000 0x0000000173600000 0x0000000173600000 Y/422   Allocating 
 Small   0x0000000173600000 0x0000000173800000 0x0000000173800000 Y/422   Allocating 
 Small   0x0000000173800000 0x0000000173a00000 0x0000000173a00000 Y/422   Allocating 
 Small   0x0000000173a00000 0x0000000173c00000 0x0000000173c00000 Y/422   Allocating 
 Small   0x0000000173c00000 0x0000000173e00000 0x0000000173e00000 Y/422   Allocating 
 Small   0x0000000173e00000 0x0000000174000000 0x0000000174000000 Y/422   Allocating 
 Small   0x0000000174000000 0x00000001741fffe0 0x0000000174200000 O/9     Relocatable
 Small   0x0000000174200000 0x0000000174400000 0x0000000174400000 Y/422   Allocating 
 Small   0x0000000174400000 0x0000000174600000 0x0000000174600000 Y/422   Allocating 
 Small   0x0000000174800000 0x0000000174a00000 0x0000000174a00000 Y/422   Allocating 
 Small   0x0000000174a00000 0x0000000174c00000 0x0000000174c00000 Y/422   Allocating 
 Small   0x0000000174e00000 0x0000000175000000 0x0000000175000000 O/15    Relocatable
 Small   0x0000000175000000 0x0000000175200000 0x0000000175200000 Y/422   Allocating 
 Small   0x0000000175200000 0x0000000175400000 0x0000000175400000 Y/422   Allocating 
 Small   0x0000000175400000 0x0000000175600000 0x0000000175600000 Y/422   Allocating 
 Small   0x0000000175600000 0x0000000175800000 0x0000000175800000 Y/422   Allocating 
 Small   0x0000000175800000 0x00000001759fffd8 0x0000000175a00000 O/9     Relocatable
 Small   0x0000000175c00000 0x0000000175e00000 0x0000000175e00000 Y/422   Allocating 
 Small   0x0000000175e00000 0x0000000176000000 0x0000000176000000 Y/422   Allocating 
 Small   0x0000000176000000 0x0000000176200000 0x0000000176200000 Y/422   Allocating 
 Small   0x0000000176200000 0x0000000176400000 0x0000000176400000 Y/422   Allocating 
 Small   0x0000000176400000 0x0000000176600000 0x0000000176600000 Y/422   Allocating 
 Small   0x0000000176800000 0x0000000176a00000 0x0000000176a00000 Y/422   Allocating 
 Small   0x0000000176a00000 0x0000000176c00000 0x0000000176c00000 Y/422   Allocating 
 Small   0x0000000176c00000 0x0000000176e00000 0x0000000176e00000 Y/422   Allocating 
 Small   0x0000000176e00000 0x0000000177000000 0x0000000177000000 Y/422   Allocating 
 Small   0x0000000177000000 0x00000001771ffff0 0x0000000177200000 O/9     Relocatable
 Small   0x0000000177200000 0x0000000177400000 0x0000000177400000 Y/422   Allocating 
 Small   0x0000000177400000 0x0000000177600000 0x0000000177600000 O/13    Relocatable
 Small   0x0000000177600000 0x0000000177800000 0x0000000177800000 O/13    Relocatable
 Small   0x0000000177a00000 0x0000000177c00000 0x0000000177c00000 Y/422   Allocating 
 Small   0x0000000178000000 0x00000001781ffff0 0x0000000178200000 O/9     Relocatable
 Small   0x0000000178200000 0x0000000178400000 0x0000000178400000 Y/422   Allocating 
 Small   0x0000000178400000 0x0000000178600000 0x0000000178600000 Y/422   Allocating 
 Small   0x0000000178600000 0x0000000178800000 0x0000000178800000 Y/422   Allocating 
 Small   0x0000000178a00000 0x0000000178c00000 0x0000000178c00000 Y/422   Allocating 
 Small   0x0000000178c00000 0x0000000178dfffe0 0x0000000178e00000 O/15    Relocatable
 Small   0x0000000178e00000 0x0000000179000000 0x0000000179000000 Y/422   Allocating 
 Small   0x0000000179000000 0x0000000179200000 0x0000000179200000 Y/422   Allocating 
 Small   0x0000000179200000 0x0000000179400000 0x0000000179400000 Y/422   Allocating 
 Small   0x0000000179400000 0x0000000179600000 0x0000000179600000 O/15    Relocatable
 Small   0x0000000179800000 0x00000001799fffd8 0x0000000179a00000 O/11    Relocatable
 Small   0x0000000179a00000 0x0000000179c00000 0x0000000179c00000 Y/422   Allocating 
 Small   0x0000000179c00000 0x0000000179e00000 0x0000000179e00000 Y/422   Allocating 
 Small   0x0000000179e00000 0x000000017a000000 0x000000017a000000 Y/422   Allocating 
 Small   0x000000017a000000 0x000000017a1ffff0 0x000000017a200000 O/15    Relocatable
 Small   0x000000017a200000 0x000000017a400000 0x000000017a400000 Y/422   Allocating 
 Small   0x000000017a400000 0x000000017a600000 0x000000017a600000 Y/422   Allocating 
 Small   0x000000017a600000 0x000000017a800000 0x000000017a800000 Y/422   Allocating 
 Small   0x000000017a800000 0x000000017aa00000 0x000000017aa00000 Y/422   Allocating 
 Small   0x000000017ac00000 0x000000017adffff0 0x000000017ae00000 O/9     Relocatable
 Small   0x000000017ae00000 0x000000017b000000 0x000000017b000000 Y/422   Allocating 
 Small   0x000000017b000000 0x000000017b200000 0x000000017b200000 Y/422   Allocating 
 Small   0x000000017b200000 0x000000017b3ffff0 0x000000017b400000 O/13    Relocatable
 Small   0x000000017b400000 0x000000017b600000 0x000000017b600000 Y/422   Allocating 
 Small   0x000000017b600000 0x000000017b7fff58 0x000000017b800000 O/23    Allocating 
 Small   0x000000017b800000 0x000000017b9ffff8 0x000000017ba00000 O/9     Relocatable
 Small   0x000000017ba00000 0x000000017bbffff8 0x000000017bc00000 O/16    Relocatable
 Small   0x000000017bc00000 0x000000017bdfffd0 0x000000017be00000 O/9     Relocatable
 Small   0x000000017be00000 0x000000017c000000 0x000000017c000000 Y/422   Allocating 
 Small   0x000000017c000000 0x000000017c200000 0x000000017c200000 Y/422   Allocating 
 Small   0x000000017c200000 0x000000017c3feef8 0x000000017c400000 O/10    Relocatable
 Small   0x000000017c400000 0x000000017c5fffd8 0x000000017c600000 O/10    Relocatable
 Small   0x000000017c600000 0x000000017c800000 0x000000017c800000 Y/422   Allocating 
 Small   0x000000017c800000 0x000000017c9fffb0 0x000000017ca00000 O/23    Allocating 
 Small   0x000000017ca00000 0x000000017cc00000 0x000000017cc00000 Y/422   Allocating 
 Small   0x000000017cc00000 0x000000017ce00000 0x000000017ce00000 Y/422   Allocating 
 Small   0x000000017ce00000 0x000000017d000000 0x000000017d000000 Y/422   Allocating 
 Small   0x000000017d000000 0x000000017d200000 0x000000017d200000 Y/422   Allocating 
 Small   0x000000017d200000 0x000000017d400000 0x000000017d400000 Y/422   Allocating 
 Small   0x000000017d400000 0x000000017d600000 0x000000017d600000 Y/422   Allocating 
 Small   0x000000017d600000 0x000000017d800000 0x000000017d800000 Y/422   Allocating 
 Small   0x000000017d800000 0x000000017da00000 0x000000017da00000 Y/422   Allocating 
 Small   0x000000017dc00000 0x000000017ddff828 0x000000017de00000 O/10    Relocatable
 Small   0x000000017e000000 0x000000017e1ffff8 0x000000017e200000 O/15    Relocatable
 Small   0x000000017e200000 0x000000017e400000 0x000000017e400000 Y/422   Allocating 
 Small   0x000000017e400000 0x000000017e600000 0x000000017e600000 Y/422   Allocating 
 Small   0x000000017e600000 0x000000017e800000 0x000000017e800000 Y/422   Allocating 
 Small   0x000000017e800000 0x000000017ea00000 0x000000017ea00000 Y/422   Allocating 
 Small   0x000000017ea00000 0x000000017ebff1a8 0x000000017ec00000 O/21    Relocatable
 Small   0x000000017ec00000 0x000000017ee00000 0x000000017ee00000 Y/422   Allocating 
 Small   0x000000017ee00000 0x000000017efffa58 0x000000017f000000 O/15    Relocatable
 Small   0x000000017f000000 0x000000017f200000 0x000000017f200000 Y/422   Allocating 
 Small   0x000000017f200000 0x000000017f400000 0x000000017f400000 Y/422   Allocating 
 Small   0x000000017f400000 0x000000017f600000 0x000000017f600000 Y/422   Allocating 
 Small   0x000000017f600000 0x000000017f800000 0x000000017f800000 Y/422   Allocating 
 Small   0x000000017f800000 0x000000017f9fffe8 0x000000017fa00000 O/23    Allocating 
 Small   0x000000017fa00000 0x000000017fc00000 0x000000017fc00000 Y/422   Allocating 
 Small   0x000000017fe00000 0x0000000180000000 0x0000000180000000 Y/422   Allocating 
 Small   0x0000000180000000 0x00000001801fffc0 0x0000000180200000 O/9     Relocatable
 Small   0x0000000180200000 0x0000000180400000 0x0000000180400000 Y/422   Allocating 
 Small   0x0000000180400000 0x0000000180600000 0x0000000180600000 Y/422   Allocating 
 Small   0x0000000180600000 0x00000001807fffe8 0x0000000180800000 O/9     Relocatable
 Small   0x0000000180800000 0x0000000180a00000 0x0000000180a00000 Y/422   Allocating 
 Small   0x0000000180c00000 0x0000000180dfffd0 0x0000000180e00000 O/9     Relocatable
 Small   0x0000000180e00000 0x0000000181000000 0x0000000181000000 O/9     Relocatable
 Small   0x0000000181000000 0x0000000181200000 0x0000000181200000 Y/422   Allocating 
 Small   0x0000000181200000 0x00000001813ffff0 0x0000000181400000 O/9     Relocatable
 Small   0x0000000181600000 0x00000001817ffa30 0x0000000181800000 O/15    Relocatable
 Small   0x0000000181800000 0x0000000181a00000 0x0000000181a00000 Y/422   Allocating 
 Small   0x0000000181a00000 0x0000000181c00000 0x0000000181c00000 Y/422   Allocating 
 Small   0x0000000181c00000 0x0000000181dfffe0 0x0000000181e00000 O/10    Relocatable
 Small   0x0000000181e00000 0x0000000182000000 0x0000000182000000 Y/422   Allocating 
 Small   0x0000000182000000 0x00000001821fffd8 0x0000000182200000 O/10    Relocatable
 Small   0x0000000182200000 0x0000000182400000 0x0000000182400000 Y/422   Allocating 
 Small   0x0000000182400000 0x0000000182600000 0x0000000182600000 Y/422   Allocating 
 Small   0x0000000182600000 0x0000000182800000 0x0000000182800000 Y/422   Allocating 
 Small   0x0000000182800000 0x0000000182a00000 0x0000000182a00000 Y/422   Allocating 
 Small   0x0000000182a00000 0x0000000182c00000 0x0000000182c00000 Y/422   Allocating 
 Small   0x0000000182c00000 0x0000000182e00000 0x0000000182e00000 Y/422   Allocating 
 Small   0x0000000182e00000 0x0000000182ffffd0 0x0000000183000000 O/22    Relocatable
 Small   0x0000000183000000 0x0000000183200000 0x0000000183200000 O/13    Relocatable
 Small   0x0000000183200000 0x0000000183400000 0x0000000183400000 Y/422   Allocating 
 Small   0x0000000183600000 0x0000000183800000 0x0000000183800000 Y/422   Allocating 
 Small   0x0000000183800000 0x0000000183a00000 0x0000000183a00000 Y/422   Allocating 
 Small   0x0000000183a00000 0x0000000183bff9a0 0x0000000183c00000 O/10    Relocatable
 Small   0x0000000183c00000 0x0000000183e00000 0x0000000183e00000 Y/422   Allocating 
 Small   0x0000000183e00000 0x0000000184000000 0x0000000184000000 Y/422   Allocating 
 Small   0x0000000184400000 0x0000000184600000 0x0000000184600000 Y/422   Allocating 
 Small   0x0000000184600000 0x0000000184800000 0x0000000184800000 Y/422   Allocating 
 Small   0x0000000184800000 0x0000000184a00000 0x0000000184a00000 Y/422   Allocating 
 Small   0x0000000184c00000 0x0000000184e00000 0x0000000184e00000 Y/422   Allocating 
 Small   0x0000000184e00000 0x0000000184fffff0 0x0000000185000000 O/23    Allocating 
 Small   0x0000000185000000 0x0000000185200000 0x0000000185200000 Y/422   Allocating 
 Small   0x0000000185200000 0x0000000185400000 0x0000000185400000 Y/422   Allocating 
 Small   0x0000000185400000 0x0000000185600000 0x0000000185600000 O/10    Relocatable
 Small   0x0000000185600000 0x00000001857fff08 0x0000000185800000 O/20    Relocatable
 Small   0x0000000185800000 0x0000000185a00000 0x0000000185a00000 Y/422   Allocating 
 Small   0x0000000185a00000 0x0000000185c00000 0x0000000185c00000 Y/422   Allocating 
 Small   0x0000000185c00000 0x0000000185e00000 0x0000000185e00000 Y/422   Allocating 
 Small   0x0000000186000000 0x00000001861ffff8 0x0000000186200000 O/23    Allocating 
 Small   0x0000000186200000 0x0000000186400000 0x0000000186400000 Y/422   Allocating 
 Small   0x0000000186400000 0x0000000186600000 0x0000000186600000 Y/422   Allocating 
 Small   0x0000000186600000 0x0000000186800000 0x0000000186800000 Y/422   Allocating 
 Small   0x0000000186800000 0x0000000186a00000 0x0000000186a00000 Y/422   Allocating 
 Small   0x0000000186a00000 0x0000000186c00000 0x0000000186c00000 Y/422   Allocating 
 Small   0x0000000186c00000 0x0000000186e00000 0x0000000186e00000 Y/422   Allocating 
 Small   0x0000000186e00000 0x0000000186fff810 0x0000000187000000 O/10    Relocatable
 Small   0x0000000187200000 0x0000000187400000 0x0000000187400000 Y/422   Allocating 
 Small   0x0000000187400000 0x00000001875fff90 0x0000000187600000 O/9     Relocatable
 Small   0x0000000187800000 0x00000001879fffe0 0x0000000187a00000 O/15    Relocatable
 Small   0x0000000187a00000 0x0000000187c00000 0x0000000187c00000 Y/422   Allocating 
 Small   0x0000000187c00000 0x0000000187e00000 0x0000000187e00000 Y/422   Allocating 
 Small   0x0000000187e00000 0x0000000188000000 0x0000000188000000 Y/422   Allocating 
 Small   0x0000000188000000 0x0000000188200000 0x0000000188200000 Y/422   Allocating 
 Small   0x0000000188200000 0x00000001883ffff8 0x0000000188400000 O/15    Relocatable
 Small   0x0000000188400000 0x0000000188600000 0x0000000188600000 Y/422   Allocating 
 Small   0x0000000188600000 0x0000000188800000 0x0000000188800000 Y/422   Allocating 
 Small   0x0000000188a00000 0x0000000188c00000 0x0000000188c00000 Y/422   Allocating 
 Small   0x0000000188e00000 0x0000000188fffc90 0x0000000189000000 O/22    Relocatable
 Small   0x0000000189000000 0x0000000189200000 0x0000000189200000 Y/422   Allocating 
 Small   0x0000000189200000 0x0000000189400000 0x0000000189400000 Y/422   Allocating 
 Small   0x0000000189400000 0x0000000189600000 0x0000000189600000 Y/422   Allocating 
 Small   0x0000000189a00000 0x0000000189c00000 0x0000000189c00000 Y/422   Allocating 
 Small   0x0000000189c00000 0x0000000189e00000 0x0000000189e00000 Y/422   Allocating 
 Small   0x0000000189e00000 0x000000018a000000 0x000000018a000000 Y/422   Allocating 
 Small   0x000000018a000000 0x000000018a200000 0x000000018a200000 Y/422   Allocating 
 Small   0x000000018a200000 0x000000018a400000 0x000000018a400000 O/10    Relocatable
 Small   0x000000018a400000 0x000000018a600000 0x000000018a600000 Y/422   Allocating 
 Small   0x000000018a600000 0x000000018a800000 0x000000018a800000 Y/422   Allocating 
 Small   0x000000018aa00000 0x000000018ac00000 0x000000018ac00000 Y/422   Allocating 
 Small   0x000000018ae00000 0x000000018b000000 0x000000018b000000 Y/422   Allocating 
 Small   0x000000018b000000 0x000000018b1fffe8 0x000000018b200000 O/9     Relocatable
 Small   0x000000018b200000 0x000000018b400000 0x000000018b400000 Y/422   Allocating 
 Small   0x000000018b400000 0x000000018b600000 0x000000018b600000 Y/422   Allocating 
 Small   0x000000018b600000 0x000000018b800000 0x000000018b800000 Y/422   Allocating 
 Small   0x000000018b800000 0x000000018ba00000 0x000000018ba00000 Y/422   Allocating 
 Small   0x000000018ba00000 0x000000018bc00000 0x000000018bc00000 Y/422   Allocating 
 Small   0x000000018bc00000 0x000000018be00000 0x000000018be00000 Y/422   Allocating 
 Small   0x000000018c000000 0x000000018c200000 0x000000018c200000 Y/422   Allocating 
 Small   0x000000018c400000 0x000000018c5fffd0 0x000000018c600000 O/10    Relocatable
 Small   0x000000018c600000 0x000000018c7fffd0 0x000000018c800000 O/20    Relocatable
 Small   0x000000018c800000 0x000000018ca00000 0x000000018ca00000 Y/422   Allocating 
 Small   0x000000018ca00000 0x000000018cc00000 0x000000018cc00000 Y/422   Allocating 
 Small   0x000000018cc00000 0x000000018ce00000 0x000000018ce00000 Y/422   Allocating 
 Small   0x000000018ce00000 0x000000018d000000 0x000000018d000000 Y/422   Allocating 
 Small   0x000000018d000000 0x000000018d1fffb8 0x000000018d200000 O/15    Relocatable
 Small   0x000000018d200000 0x000000018d3ffff0 0x000000018d400000 O/23    Allocating 
 Small   0x000000018d400000 0x000000018d600000 0x000000018d600000 Y/422   Allocating 
 Small   0x000000018d600000 0x000000018d800000 0x000000018d800000 Y/422   Allocating 
 Small   0x000000018d800000 0x000000018da00000 0x000000018da00000 Y/422   Allocating 
 Small   0x000000018da00000 0x000000018dc00000 0x000000018dc00000 Y/422   Allocating 
 Small   0x000000018dc00000 0x000000018de00000 0x000000018de00000 Y/422   Allocating 
 Small   0x000000018e200000 0x000000018e400000 0x000000018e400000 Y/422   Allocating 
 Small   0x000000018e400000 0x000000018e600000 0x000000018e600000 Y/422   Allocating 
 Small   0x000000018e800000 0x000000018ea00000 0x000000018ea00000 Y/422   Allocating 
 Small   0x000000018ea00000 0x000000018ec00000 0x000000018ec00000 Y/422   Allocating 
 Small   0x000000018ec00000 0x000000018ee00000 0x000000018ee00000 Y/422   Allocating 
 Small   0x000000018ee00000 0x000000018f000000 0x000000018f000000 Y/422   Allocating 
 Small   0x000000018f000000 0x000000018f200000 0x000000018f200000 Y/422   Allocating 
 Small   0x000000018f200000 0x000000018f3ffff8 0x000000018f400000 O/10    Relocatable
 Small   0x000000018f400000 0x000000018f600000 0x000000018f600000 Y/422   Allocating 
 Small   0x000000018f600000 0x000000018f800000 0x000000018f800000 Y/422   Allocating 
 Small   0x000000018f800000 0x000000018fa00000 0x000000018fa00000 Y/422   Allocating 
 Small   0x000000018fa00000 0x000000018fc00000 0x000000018fc00000 Y/422   Allocating 
 Small   0x000000018fc00000 0x000000018fe00000 0x000000018fe00000 Y/422   Allocating 
 Small   0x000000018fe00000 0x0000000190000000 0x0000000190000000 Y/422   Allocating 
 Small   0x0000000190000000 0x0000000190200000 0x0000000190200000 Y/422   Allocating 
 Small   0x0000000190200000 0x0000000190400000 0x0000000190400000 Y/422   Allocating 
 Small   0x0000000190400000 0x00000001905ffff8 0x0000000190600000 O/10    Relocatable
 Small   0x0000000190800000 0x0000000190a00000 0x0000000190a00000 Y/422   Allocating 
 Small   0x0000000190a00000 0x0000000190c00000 0x0000000190c00000 Y/422   Allocating 
 Small   0x0000000190c00000 0x0000000190e00000 0x0000000190e00000 O/17    Relocatable
 Small   0x0000000190e00000 0x0000000191000000 0x0000000191000000 Y/422   Allocating 
 Small   0x0000000191000000 0x0000000191200000 0x0000000191200000 Y/422   Allocating 
 Small   0x0000000191200000 0x0000000191400000 0x0000000191400000 Y/422   Allocating 
 Small   0x0000000191400000 0x0000000191600000 0x0000000191600000 Y/422   Allocating 
 Small   0x0000000191600000 0x0000000191800000 0x0000000191800000 Y/422   Allocating 
 Small   0x0000000191a00000 0x0000000191c00000 0x0000000191c00000 O/9     Relocatable
 Small   0x0000000191c00000 0x0000000191dfffe8 0x0000000191e00000 O/15    Relocatable
 Small   0x0000000191e00000 0x0000000191ffffe0 0x0000000192000000 O/9     Relocatable
 Small   0x0000000192000000 0x0000000192200000 0x0000000192200000 Y/422   Allocating 
 Small   0x0000000192400000 0x0000000192600000 0x0000000192600000 Y/422   Allocating 
 Small   0x0000000192600000 0x0000000192800000 0x0000000192800000 Y/422   Allocating 
 Small   0x0000000192800000 0x0000000192a00000 0x0000000192a00000 Y/422   Allocating 
 Small   0x0000000192a00000 0x0000000192c00000 0x0000000192c00000 O/9     Relocatable
 Small   0x0000000192c00000 0x0000000192e00000 0x0000000192e00000 Y/422   Allocating 
 Small   0x0000000192e00000 0x0000000193000000 0x0000000193000000 Y/422   Allocating 
 Small   0x0000000193000000 0x0000000193200000 0x0000000193200000 Y/422   Allocating 
 Small   0x0000000193200000 0x0000000193400000 0x0000000193400000 Y/422   Allocating 
 Small   0x0000000193400000 0x00000001935fffe0 0x0000000193600000 O/9     Relocatable
 Small   0x0000000193600000 0x0000000193800000 0x0000000193800000 Y/422   Allocating 
 Small   0x0000000193800000 0x00000001939fffe8 0x0000000193a00000 O/9     Relocatable
 Small   0x0000000193a00000 0x0000000193c00000 0x0000000193c00000 Y/422   Allocating 
 Small   0x0000000193c00000 0x0000000193dfec28 0x0000000193e00000 O/23    Allocating 
 Small   0x0000000193e00000 0x0000000194000000 0x0000000194000000 Y/422   Allocating 
 Small   0x0000000194000000 0x0000000194200000 0x0000000194200000 Y/422   Allocating 
 Small   0x0000000194200000 0x00000001943fffe0 0x0000000194400000 O/18    Relocatable
 Small   0x0000000194600000 0x0000000194800000 0x0000000194800000 Y/422   Allocating 
 Small   0x0000000194800000 0x0000000194a00000 0x0000000194a00000 O/23    Allocating 
 Small   0x0000000194a00000 0x0000000194c00000 0x0000000194c00000 Y/422   Allocating 
 Small   0x0000000194c00000 0x0000000194e00000 0x0000000194e00000 Y/422   Allocating 
 Small   0x0000000194e00000 0x0000000194fffc40 0x0000000195000000 O/16    Relocatable
 Small   0x0000000195000000 0x0000000195200000 0x0000000195200000 Y/422   Allocating 
 Small   0x0000000195800000 0x0000000195a00000 0x0000000195a00000 Y/422   Allocating 
 Small   0x0000000195a00000 0x0000000195c00000 0x0000000195c00000 Y/422   Allocating 
 Small   0x0000000195c00000 0x0000000195e00000 0x0000000195e00000 Y/422   Allocating 
 Small   0x0000000195e00000 0x0000000196000000 0x0000000196000000 Y/422   Allocating 
 Small   0x0000000196000000 0x0000000196200000 0x0000000196200000 Y/422   Allocating 
 Small   0x0000000196400000 0x0000000196600000 0x0000000196600000 Y/422   Allocating 
 Small   0x0000000196600000 0x00000001967fffe0 0x0000000196800000 O/10    Relocatable
 Small   0x0000000196800000 0x0000000196a00000 0x0000000196a00000 Y/422   Allocating 
 Small   0x0000000196a00000 0x0000000196c00000 0x0000000196c00000 Y/422   Allocating 
 Small   0x0000000196c00000 0x0000000196dffec8 0x0000000196e00000 O/19    Relocatable
 Small   0x0000000196e00000 0x0000000197000000 0x0000000197000000 Y/422   Allocating 
 Small   0x0000000197000000 0x0000000197200000 0x0000000197200000 Y/422   Allocating 
 Small   0x0000000197200000 0x0000000197400000 0x0000000197400000 Y/422   Allocating 
 Small   0x0000000197400000 0x00000001975ff998 0x0000000197600000 O/10    Relocatable
 Small   0x0000000197600000 0x0000000197800000 0x0000000197800000 Y/422   Allocating 
 Small   0x0000000197800000 0x0000000197a00000 0x0000000197a00000 O/10    Relocatable
 Small   0x0000000197a00000 0x0000000197c00000 0x0000000197c00000 Y/422   Allocating 
 Small   0x0000000197c00000 0x0000000197e00000 0x0000000197e00000 Y/422   Allocating 
 Small   0x0000000197e00000 0x0000000197ffffe0 0x0000000198000000 O/10    Relocatable
 Large   0x0000000198000000 0x0000000198800000 0x0000000198800000 O/11    Relocatable
 Small   0x0000000198a00000 0x0000000198bffff8 0x0000000198c00000 O/10    Relocatable
 Small   0x0000000198e00000 0x0000000199000000 0x0000000199000000 Y/422   Allocating 
 Small   0x0000000199000000 0x0000000199200000 0x0000000199200000 Y/422   Allocating 
 Small   0x0000000199200000 0x0000000199400000 0x0000000199400000 O/10    Relocatable
 Small   0x0000000199400000 0x00000001995fffe0 0x0000000199600000 O/20    Relocatable
 Small   0x0000000199600000 0x0000000199800000 0x0000000199800000 Y/422   Allocating 
 Small   0x0000000199800000 0x0000000199a00000 0x0000000199a00000 Y/422   Allocating 
 Small   0x0000000199a00000 0x0000000199c00000 0x0000000199c00000 Y/422   Allocating 
 Small   0x0000000199e00000 0x0000000199ffffd8 0x000000019a000000 O/9     Relocatable
 Small   0x000000019a000000 0x000000019a200000 0x000000019a200000 Y/422   Allocating 
 Small   0x000000019a200000 0x000000019a400000 0x000000019a400000 O/23    Allocating 
 Small   0x000000019a400000 0x000000019a600000 0x000000019a600000 Y/422   Allocating 
 Small   0x000000019a600000 0x000000019a800000 0x000000019a800000 Y/422   Allocating 
 Small   0x000000019a800000 0x000000019aa00000 0x000000019aa00000 Y/422   Allocating 
 Small   0x000000019aa00000 0x000000019ac00000 0x000000019ac00000 Y/422   Allocating 
 Small   0x000000019ac00000 0x000000019ae00000 0x000000019ae00000 Y/422   Allocating 
 Small   0x000000019b000000 0x000000019b200000 0x000000019b200000 Y/422   Allocating 
 Small   0x000000019b200000 0x000000019b400000 0x000000019b400000 Y/422   Allocating 
 Small   0x000000019b400000 0x000000019b600000 0x000000019b600000 Y/422   Allocating 
 Small   0x000000019b800000 0x000000019ba00000 0x000000019ba00000 Y/422   Allocating 
 Small   0x000000019ba00000 0x000000019bc00000 0x000000019bc00000 Y/422   Allocating 
 Small   0x000000019bc00000 0x000000019bdffff0 0x000000019be00000 O/10    Relocatable
 Small   0x000000019be00000 0x000000019c000000 0x000000019c000000 O/10    Relocatable
 Small   0x000000019c000000 0x000000019c200000 0x000000019c200000 Y/422   Allocating 
 Small   0x000000019c400000 0x000000019c600000 0x000000019c600000 Y/422   Allocating 
 Small   0x000000019c600000 0x000000019c800000 0x000000019c800000 Y/422   Allocating 
 Small   0x000000019c800000 0x000000019ca00000 0x000000019ca00000 Y/422   Allocating 
 Small   0x000000019ce00000 0x000000019d000000 0x000000019d000000 O/10    Relocatable
 Small   0x000000019d000000 0x000000019d200000 0x000000019d200000 Y/422   Allocating 
 Small   0x000000019d200000 0x000000019d400000 0x000000019d400000 Y/422   Allocating 
 Small   0x000000019d400000 0x000000019d600000 0x000000019d600000 Y/422   Allocating 
 Small   0x000000019d600000 0x000000019d800000 0x000000019d800000 O/9     Relocatable
 Small   0x000000019d800000 0x000000019da00000 0x000000019da00000 Y/422   Allocating 
 Small   0x000000019da00000 0x000000019dc00000 0x000000019dc00000 Y/422   Allocating 
 Small   0x000000019dc00000 0x000000019de00000 0x000000019de00000 Y/422   Allocating 
 Small   0x000000019de00000 0x000000019dffe338 0x000000019e000000 O/23    Allocating 
 Small   0x000000019e000000 0x000000019e200000 0x000000019e200000 Y/422   Allocating 
 Small   0x000000019e200000 0x000000019e400000 0x000000019e400000 Y/422   Allocating 
 Small   0x000000019e400000 0x000000019e600000 0x000000019e600000 Y/422   Allocating 
 Small   0x000000019e800000 0x000000019e9fffe8 0x000000019ea00000 O/21    Relocatable
 Small   0x000000019ea00000 0x000000019ec00000 0x000000019ec00000 Y/422   Allocating 
 Small   0x000000019ec00000 0x000000019ee00000 0x000000019ee00000 Y/422   Allocating 
 Small   0x000000019f200000 0x000000019f400000 0x000000019f400000 Y/422   Allocating 
 Small   0x000000019f400000 0x000000019f600000 0x000000019f600000 Y/422   Allocating 
 Small   0x000000019f600000 0x000000019f7fffe8 0x000000019f800000 O/11    Relocatable
 Small   0x000000019f800000 0x000000019fa00000 0x000000019fa00000 Y/422   Allocating 
 Small   0x000000019fa00000 0x000000019fbffff8 0x000000019fc00000 O/23    Allocating 
 Small   0x000000019fc00000 0x000000019fe00000 0x000000019fe00000 Y/422   Allocating 
 Small   0x000000019fe00000 0x00000001a0000000 0x00000001a0000000 Y/422   Allocating 
 Small   0x00000001a0000000 0x00000001a0200000 0x00000001a0200000 O/15    Relocatable
 Small   0x00000001a0200000 0x00000001a0400000 0x00000001a0400000 O/20    Relocatable
 Small   0x00000001a0400000 0x00000001a0600000 0x00000001a0600000 Y/422   Allocating 
 Small   0x00000001a0600000 0x00000001a0800000 0x00000001a0800000 Y/422   Allocating 
 Small   0x00000001a0800000 0x00000001a0a00000 0x00000001a0a00000 Y/422   Allocating 
 Small   0x00000001a0a00000 0x00000001a0bfff58 0x00000001a0c00000 O/15    Relocatable
 Small   0x00000001a0c00000 0x00000001a0e00000 0x00000001a0e00000 Y/422   Allocating 
 Small   0x00000001a1000000 0x00000001a1200000 0x00000001a1200000 Y/422   Allocating 
 Small   0x00000001a1200000 0x00000001a1400000 0x00000001a1400000 Y/422   Allocating 
 Small   0x00000001a1400000 0x00000001a1600000 0x00000001a1600000 Y/422   Allocating 
 Small   0x00000001a1800000 0x00000001a19fcad0 0x00000001a1a00000 O/16    Relocatable
 Small   0x00000001a1a00000 0x00000001a1c00000 0x00000001a1c00000 Y/422   Allocating 
 Small   0x00000001a1c00000 0x00000001a1dffd38 0x00000001a1e00000 O/23    Allocating 
 Small   0x00000001a1e00000 0x00000001a2000000 0x00000001a2000000 Y/422   Allocating 
 Small   0x00000001a2000000 0x00000001a2200000 0x00000001a2200000 Y/422   Allocating 
 Small   0x00000001a2400000 0x00000001a2600000 0x00000001a2600000 Y/422   Allocating 
 Small   0x00000001a2800000 0x00000001a2a00000 0x00000001a2a00000 Y/422   Allocating 
 Small   0x00000001a2a00000 0x00000001a2bffff0 0x00000001a2c00000 O/23    Allocating 
 Small   0x00000001a2c00000 0x00000001a2e00000 0x00000001a2e00000 Y/422   Allocating 
 Small   0x00000001a2e00000 0x00000001a3000000 0x00000001a3000000 Y/422   Allocating 
 Small   0x00000001a3000000 0x00000001a31ff8f0 0x00000001a3200000 O/15    Relocatable
 Small   0x00000001a3200000 0x00000001a3400000 0x00000001a3400000 Y/422   Allocating 
 Small   0x00000001a3400000 0x00000001a3600000 0x00000001a3600000 Y/422   Allocating 
 Small   0x00000001a3600000 0x00000001a3800000 0x00000001a3800000 Y/422   Allocating 
 Small   0x00000001a3800000 0x00000001a39ffff0 0x00000001a3a00000 O/14    Relocatable
 Small   0x00000001a3a00000 0x00000001a3c00000 0x00000001a3c00000 Y/422   Allocating 
 Small   0x00000001a3c00000 0x00000001a3e00000 0x00000001a3e00000 Y/422   Allocating 
 Small   0x00000001a3e00000 0x00000001a4000000 0x00000001a4000000 Y/422   Allocating 
 Small   0x00000001a4000000 0x00000001a4200000 0x00000001a4200000 Y/422   Allocating 
 Small   0x00000001a4200000 0x00000001a4400000 0x00000001a4400000 Y/422   Allocating 
 Small   0x00000001a4400000 0x00000001a4600000 0x00000001a4600000 Y/422   Allocating 
 Small   0x00000001a4600000 0x00000001a4800000 0x00000001a4800000 Y/422   Allocating 
 Small   0x00000001a4a00000 0x00000001a4c00000 0x00000001a4c00000 Y/422   Allocating 
 Small   0x00000001a4c00000 0x00000001a4dff8f0 0x00000001a4e00000 O/16    Relocatable
 Small   0x00000001a4e00000 0x00000001a5000000 0x00000001a5000000 Y/422   Allocating 
 Small   0x00000001a5000000 0x00000001a5200000 0x00000001a5200000 Y/422   Allocating 
 Small   0x00000001a5400000 0x00000001a5600000 0x00000001a5600000 Y/422   Allocating 
 Small   0x00000001a5600000 0x00000001a5800000 0x00000001a5800000 Y/422   Allocating 
 Small   0x00000001a5800000 0x00000001a5a00000 0x00000001a5a00000 Y/422   Allocating 
 Small   0x00000001a5c00000 0x00000001a5e00000 0x00000001a5e00000 Y/422   Allocating 
 Small   0x00000001a5e00000 0x00000001a6000000 0x00000001a6000000 Y/422   Allocating 
 Small   0x00000001a6000000 0x00000001a6200000 0x00000001a6200000 Y/422   Allocating 
 Small   0x00000001a6200000 0x00000001a6400000 0x00000001a6400000 Y/422   Allocating 
 Small   0x00000001a6400000 0x00000001a6600000 0x00000001a6600000 Y/422   Allocating 
 Small   0x00000001a6600000 0x00000001a6800000 0x00000001a6800000 Y/422   Allocating 
 Small   0x00000001a6800000 0x00000001a6a00000 0x00000001a6a00000 Y/422   Allocating 
 Small   0x00000001a6a00000 0x00000001a6c00000 0x00000001a6c00000 Y/422   Allocating 
 Small   0x00000001a6c00000 0x00000001a6e00000 0x00000001a6e00000 Y/422   Allocating 
 Small   0x00000001a6e00000 0x00000001a7000000 0x00000001a7000000 Y/422   Allocating 
 Small   0x00000001a7200000 0x00000001a7400000 0x00000001a7400000 Y/422   Allocating 
 Small   0x00000001a7400000 0x00000001a7600000 0x00000001a7600000 Y/422   Allocating 
 Small   0x00000001a7600000 0x00000001a7800000 0x00000001a7800000 Y/422   Allocating 
 Small   0x00000001a7800000 0x00000001a7a00000 0x00000001a7a00000 Y/422   Allocating 
 Small   0x00000001a7a00000 0x00000001a7c00000 0x00000001a7c00000 Y/422   Allocating 
 Small   0x00000001a7c00000 0x00000001a7dffe68 0x00000001a7e00000 O/22    Relocatable
 Small   0x00000001a7e00000 0x00000001a8000000 0x00000001a8000000 Y/422   Allocating 
 Small   0x00000001a8000000 0x00000001a81ffff8 0x00000001a8200000 O/15    Relocatable
 Small   0x00000001a8400000 0x00000001a85fffa0 0x00000001a8600000 O/23    Allocating 
 Small   0x00000001a8600000 0x00000001a8800000 0x00000001a8800000 Y/422   Allocating 
 Small   0x00000001a8800000 0x00000001a8a00000 0x00000001a8a00000 O/10    Relocatable
 Small   0x00000001a8c00000 0x00000001a8e00000 0x00000001a8e00000 Y/422   Allocating 
 Small   0x00000001a8e00000 0x00000001a9000000 0x00000001a9000000 Y/422   Allocating 
 Small   0x00000001a9000000 0x00000001a9200000 0x00000001a9200000 Y/422   Allocating 
 Small   0x00000001a9200000 0x00000001a9400000 0x00000001a9400000 Y/422   Allocating 
 Small   0x00000001a9600000 0x00000001a9800000 0x00000001a9800000 Y/422   Allocating 
 Small   0x00000001a9800000 0x00000001a9a00000 0x00000001a9a00000 Y/422   Allocating 
 Small   0x00000001a9a00000 0x00000001a9c00000 0x00000001a9c00000 Y/422   Allocating 
 Small   0x00000001a9c00000 0x00000001a9dfffc8 0x00000001a9e00000 O/10    Relocatable
 Small   0x00000001aa000000 0x00000001aa200000 0x00000001aa200000 Y/422   Allocating 
 Small   0x00000001aa200000 0x00000001aa3fffd8 0x00000001aa400000 O/10    Relocatable
 Small   0x00000001aa400000 0x00000001aa600000 0x00000001aa600000 Y/422   Allocating 
 Small   0x00000001aa600000 0x00000001aa800000 0x00000001aa800000 Y/422   Allocating 
 Small   0x00000001aa800000 0x00000001aa9ffbd0 0x00000001aaa00000 O/13    Relocatable
 Small   0x00000001aaa00000 0x00000001aac00000 0x00000001aac00000 Y/422   Allocating 
 Small   0x00000001aac00000 0x00000001aadffff0 0x00000001aae00000 O/15    Relocatable
 Small   0x00000001aae00000 0x00000001ab000000 0x00000001ab000000 Y/422   Allocating 
 Small   0x00000001ab200000 0x00000001ab400000 0x00000001ab400000 Y/422   Allocating 
 Small   0x00000001ab400000 0x00000001ab600000 0x00000001ab600000 O/15    Relocatable
 Small   0x00000001ab600000 0x00000001ab7ffff8 0x00000001ab800000 Y/422   Allocating 
 Small   0x00000001ab800000 0x00000001aba00000 0x00000001aba00000 Y/422   Allocating 
 Small   0x00000001aba00000 0x00000001abc00000 0x00000001abc00000 Y/422   Allocating 
 Small   0x00000001abc00000 0x00000001abe00000 0x00000001abe00000 Y/422   Allocating 
 Small   0x00000001abe00000 0x00000001abffffe8 0x00000001ac000000 O/22    Relocatable
 Small   0x00000001ac200000 0x00000001ac400000 0x00000001ac400000 Y/422   Allocating 
 Small   0x00000001ac400000 0x00000001ac5ffd18 0x00000001ac600000 O/12    Relocatable
 Small   0x00000001ac600000 0x00000001ac800000 0x00000001ac800000 Y/422   Allocating 
 Small   0x00000001ac800000 0x00000001aca00000 0x00000001aca00000 Y/422   Allocating 
 Small   0x00000001aca00000 0x00000001acc00000 0x00000001acc00000 Y/422   Allocating 
 Small   0x00000001acc00000 0x00000001ace00000 0x00000001ace00000 Y/422   Allocating 
 Small   0x00000001ace00000 0x00000001ad000000 0x00000001ad000000 Y/422   Allocating 
 Small   0x00000001ad000000 0x00000001ad200000 0x00000001ad200000 Y/422   Allocating 
 Small   0x00000001ad200000 0x00000001ad400000 0x00000001ad400000 Y/422   Allocating 
 Small   0x00000001ad400000 0x00000001ad600000 0x00000001ad600000 Y/422   Allocating 
 Small   0x00000001ad600000 0x00000001ad7ffd50 0x00000001ad800000 O/15    Relocatable
 Small   0x00000001ad800000 0x00000001ada00000 0x00000001ada00000 Y/422   Allocating 
 Small   0x00000001ada00000 0x00000001adc00000 0x00000001adc00000 Y/422   Allocating 
 Small   0x00000001adc00000 0x00000001addffff8 0x00000001ade00000 O/10    Relocatable
 Small   0x00000001ade00000 0x00000001ae000000 0x00000001ae000000 Y/422   Allocating 
 Small   0x00000001ae000000 0x00000001ae200000 0x00000001ae200000 Y/422   Allocating 
 Small   0x00000001ae200000 0x00000001ae400000 0x00000001ae400000 Y/422   Allocating 
 Small   0x00000001ae600000 0x00000001ae800000 0x00000001ae800000 Y/422   Allocating 
 Small   0x00000001ae800000 0x00000001aea00000 0x00000001aea00000 Y/422   Allocating 
 Small   0x00000001aea00000 0x00000001aec00000 0x00000001aec00000 Y/422   Allocating 
 Small   0x00000001aee00000 0x00000001aeffffe0 0x00000001af000000 O/10    Relocatable
 Small   0x00000001af200000 0x00000001af400000 0x00000001af400000 Y/422   Allocating 
 Small   0x00000001af600000 0x00000001af800000 0x00000001af800000 Y/422   Allocating 
 Small   0x00000001af800000 0x00000001afa00000 0x00000001afa00000 Y/422   Allocating 
 Small   0x00000001afa00000 0x00000001afc00000 0x00000001afc00000 Y/422   Allocating 
 Small   0x00000001afc00000 0x00000001afdfffb0 0x00000001afe00000 O/15    Relocatable
 Small   0x00000001afe00000 0x00000001b0000000 0x00000001b0000000 O/10    Relocatable
 Small   0x00000001b0000000 0x00000001b0200000 0x00000001b0200000 Y/422   Allocating 
 Small   0x00000001b0200000 0x00000001b03fffe8 0x00000001b0400000 O/10    Relocatable
 Small   0x00000001b0400000 0x00000001b05ffff0 0x00000001b0600000 O/10    Relocatable
 Small   0x00000001b0600000 0x00000001b0800000 0x00000001b0800000 Y/422   Allocating 
 Small   0x00000001b0800000 0x00000001b0a00000 0x00000001b0a00000 Y/422   Allocating 
 Small   0x00000001b0a00000 0x00000001b0c00000 0x00000001b0c00000 O/10    Relocatable
 Small   0x00000001b0c00000 0x00000001b0e00000 0x00000001b0e00000 Y/422   Allocating 
 Small   0x00000001b0e00000 0x00000001b1000000 0x00000001b1000000 Y/422   Allocating 
 Small   0x00000001b1000000 0x00000001b1200000 0x00000001b1200000 Y/422   Allocating 
 Small   0x00000001b1200000 0x00000001b1400000 0x00000001b1400000 Y/422   Allocating 
 Small   0x00000001b1400000 0x00000001b15ffff8 0x00000001b1600000 O/20    Relocatable
 Small   0x00000001b1600000 0x00000001b17ffff0 0x00000001b1800000 O/10    Relocatable
 Small   0x00000001b1800000 0x00000001b1a00000 0x00000001b1a00000 Y/422   Allocating 
 Small   0x00000001b1a00000 0x00000001b1bffff8 0x00000001b1c00000 O/10    Relocatable
 Small   0x00000001b1c00000 0x00000001b1e00000 0x00000001b1e00000 Y/422   Allocating 
 Small   0x00000001b1e00000 0x00000001b2000000 0x00000001b2000000 Y/422   Allocating 
 Small   0x00000001b2000000 0x00000001b2200000 0x00000001b2200000 Y/422   Allocating 
 Small   0x00000001b2200000 0x00000001b2400000 0x00000001b2400000 Y/422   Allocating 
 Small   0x00000001b2400000 0x00000001b2600000 0x00000001b2600000 Y/422   Allocating 
 Small   0x00000001b2600000 0x00000001b2800000 0x00000001b2800000 Y/422   Allocating 
 Small   0x00000001b2800000 0x00000001b29fffe8 0x00000001b2a00000 O/10    Relocatable
 Small   0x00000001b2a00000 0x00000001b2c00000 0x00000001b2c00000 Y/422   Allocating 
 Small   0x00000001b2c00000 0x00000001b2dffeb8 0x00000001b2e00000 O/20    Relocatable
 Small   0x00000001b2e00000 0x00000001b3000000 0x00000001b3000000 Y/422   Allocating 
 Small   0x00000001b3000000 0x00000001b3200000 0x00000001b3200000 Y/422   Allocating 
 Small   0x00000001b3200000 0x00000001b3400000 0x00000001b3400000 Y/422   Allocating 
 Small   0x00000001b3400000 0x00000001b3600000 0x00000001b3600000 Y/422   Allocating 
 Small   0x00000001b3600000 0x00000001b3800000 0x00000001b3800000 Y/422   Allocating 
 Small   0x00000001b3a00000 0x00000001b3c00000 0x00000001b3c00000 Y/422   Allocating 
 Small   0x00000001b3c00000 0x00000001b3e00000 0x00000001b3e00000 Y/422   Allocating 
 Small   0x00000001b3e00000 0x00000001b3ffffe0 0x00000001b4000000 O/10    Relocatable
 Small   0x00000001b4000000 0x00000001b4200000 0x00000001b4200000 Y/422   Allocating 
 Small   0x00000001b4200000 0x00000001b4400000 0x00000001b4400000 Y/422   Allocating 
 Small   0x00000001b4400000 0x00000001b4600000 0x00000001b4600000 Y/422   Allocating 
 Small   0x00000001b4600000 0x00000001b47fffe8 0x00000001b4800000 O/9     Relocatable
 Small   0x00000001b4800000 0x00000001b4a00000 0x00000001b4a00000 Y/422   Allocating 
 Small   0x00000001b4a00000 0x00000001b4c00000 0x00000001b4c00000 Y/422   Allocating 
 Small   0x00000001b4e00000 0x00000001b5000000 0x00000001b5000000 Y/422   Allocating 
 Small   0x00000001b5200000 0x00000001b5400000 0x00000001b5400000 Y/422   Allocating 
 Small   0x00000001b5400000 0x00000001b5600000 0x00000001b5600000 Y/422   Allocating 
 Small   0x00000001b5800000 0x00000001b5a00000 0x00000001b5a00000 Y/422   Allocating 
 Small   0x00000001b5a00000 0x00000001b5c00000 0x00000001b5c00000 Y/422   Allocating 
 Small   0x00000001b5c00000 0x00000001b5e00000 0x00000001b5e00000 Y/422   Allocating 
 Small   0x00000001b5e00000 0x00000001b6000000 0x00000001b6000000 Y/422   Allocating 
 Small   0x00000001b6200000 0x00000001b6400000 0x00000001b6400000 Y/422   Allocating 
 Small   0x00000001b6400000 0x00000001b65fffa8 0x00000001b6600000 O/10    Relocatable
 Small   0x00000001b6600000 0x00000001b6800000 0x00000001b6800000 Y/422   Allocating 
 Small   0x00000001b6800000 0x00000001b6a00000 0x00000001b6a00000 Y/422   Allocating 
 Small   0x00000001b6c00000 0x00000001b6e00000 0x00000001b6e00000 Y/422   Allocating 
 Small   0x00000001b6e00000 0x00000001b7000000 0x00000001b7000000 Y/422   Allocating 
 Small   0x00000001b7000000 0x00000001b7200000 0x00000001b7200000 Y/422   Allocating 
 Small   0x00000001b7200000 0x00000001b7400000 0x00000001b7400000 Y/422   Allocating 
 Small   0x00000001b7400000 0x00000001b7600000 0x00000001b7600000 Y/422   Allocating 
 Small   0x00000001b7600000 0x00000001b7800000 0x00000001b7800000 Y/422   Allocating 
 Small   0x00000001b7800000 0x00000001b79fffb8 0x00000001b7a00000 O/23    Allocating 
 Small   0x00000001b7a00000 0x00000001b7c00000 0x00000001b7c00000 Y/422   Allocating 
 Small   0x00000001b7e00000 0x00000001b8000000 0x00000001b8000000 Y/422   Allocating 
 Small   0x00000001b8000000 0x00000001b81fffe8 0x00000001b8200000 O/10    Relocatable
 Small   0x00000001b8200000 0x00000001b8400000 0x00000001b8400000 Y/422   Allocating 
 Small   0x00000001b8600000 0x00000001b8800000 0x00000001b8800000 Y/422   Allocating 
 Small   0x00000001b8a00000 0x00000001b8bfffd8 0x00000001b8c00000 O/15    Relocatable
 Small   0x00000001b8c00000 0x00000001b8e00000 0x00000001b8e00000 Y/422   Allocating 
 Small   0x00000001b8e00000 0x00000001b9000000 0x00000001b9000000 Y/422   Allocating 
 Small   0x00000001b9000000 0x00000001b9200000 0x00000001b9200000 Y/422   Allocating 
 Small   0x00000001b9200000 0x00000001b9400000 0x00000001b9400000 Y/422   Allocating 
 Small   0x00000001b9400000 0x00000001b9600000 0x00000001b9600000 Y/422   Allocating 
 Small   0x00000001b9600000 0x00000001b9800000 0x00000001b9800000 Y/422   Allocating 
 Small   0x00000001b9800000 0x00000001b9a00000 0x00000001b9a00000 Y/422   Allocating 
 Small   0x00000001b9a00000 0x00000001b9c00000 0x00000001b9c00000 Y/422   Allocating 
 Small   0x00000001b9c00000 0x00000001b9dff710 0x00000001b9e00000 O/23    Allocating 
 Small   0x00000001b9e00000 0x00000001ba000000 0x00000001ba000000 Y/422   Allocating 
 Small   0x00000001ba000000 0x00000001ba200000 0x00000001ba200000 Y/422   Allocating 
 Small   0x00000001ba400000 0x00000001ba600000 0x00000001ba600000 Y/422   Allocating 
 Small   0x00000001ba600000 0x00000001ba800000 0x00000001ba800000 Y/422   Allocating 
 Small   0x00000001ba800000 0x00000001baa00000 0x00000001baa00000 Y/422   Allocating 
 Small   0x00000001baa00000 0x00000001bac00000 0x00000001bac00000 Y/422   Allocating 
 Small   0x00000001bac00000 0x00000001bae00000 0x00000001bae00000 Y/422   Allocating 
 Small   0x00000001bae00000 0x00000001bb000000 0x00000001bb000000 Y/422   Allocating 
 Small   0x00000001bb000000 0x00000001bb200000 0x00000001bb200000 Y/422   Allocating 
 Small   0x00000001bb200000 0x00000001bb400000 0x00000001bb400000 Y/422   Allocating 
 Small   0x00000001bb600000 0x00000001bb800000 0x00000001bb800000 Y/422   Allocating 
 Small   0x00000001bb800000 0x00000001bba00000 0x00000001bba00000 Y/422   Allocating 
 Small   0x00000001bba00000 0x00000001bbc00000 0x00000001bbc00000 Y/422   Allocating 
 Small   0x00000001bbc00000 0x00000001bbe00000 0x00000001bbe00000 Y/422   Allocating 
 Small   0x00000001bc000000 0x00000001bc200000 0x00000001bc200000 Y/422   Allocating 
 Small   0x00000001bc200000 0x00000001bc400000 0x00000001bc400000 Y/422   Allocating 
 Small   0x00000001bc400000 0x00000001bc5ffff8 0x00000001bc600000 O/10    Relocatable
 Small   0x00000001bca00000 0x00000001bcc00000 0x00000001bcc00000 Y/422   Allocating 
 Small   0x00000001bcc00000 0x00000001bce00000 0x00000001bce00000 Y/422   Allocating 
 Small   0x00000001bce00000 0x00000001bd000000 0x00000001bd000000 Y/422   Allocating 
 Small   0x00000001bd000000 0x00000001bd200000 0x00000001bd200000 Y/422   Allocating 
 Small   0x00000001bd200000 0x00000001bd400000 0x00000001bd400000 Y/422   Allocating 
 Small   0x00000001bd400000 0x00000001bd600000 0x00000001bd600000 Y/422   Allocating 
 Small   0x00000001bd600000 0x00000001bd800000 0x00000001bd800000 Y/422   Allocating 
 Small   0x00000001bd800000 0x00000001bda00000 0x00000001bda00000 Y/422   Allocating 
 Small   0x00000001bda00000 0x00000001bdc00000 0x00000001bdc00000 Y/422   Allocating 
 Small   0x00000001bdc00000 0x00000001bde00000 0x00000001bde00000 Y/422   Allocating 
 Small   0x00000001bde00000 0x00000001be000000 0x00000001be000000 Y/422   Allocating 
 Small   0x00000001be000000 0x00000001be200000 0x00000001be200000 Y/422   Allocating 
 Small   0x00000001be200000 0x00000001be400000 0x00000001be400000 Y/422   Allocating 
 Small   0x00000001be400000 0x00000001be600000 0x00000001be600000 Y/422   Allocating 
 Small   0x00000001be600000 0x00000001be800000 0x00000001be800000 Y/422   Allocating 
 Small   0x00000001be800000 0x00000001bea00000 0x00000001bea00000 Y/422   Allocating 
 Small   0x00000001bea00000 0x00000001bec00000 0x00000001bec00000 Y/422   Allocating 
 Small   0x00000001bee00000 0x00000001befff728 0x00000001bf000000 O/14    Relocatable
 Small   0x00000001bf000000 0x00000001bf200000 0x00000001bf200000 Y/422   Allocating 
 Small   0x00000001bf400000 0x00000001bf600000 0x00000001bf600000 Y/422   Allocating 
 Small   0x00000001bf600000 0x00000001bf800000 0x00000001bf800000 Y/422   Allocating 
 Small   0x00000001bf800000 0x00000001bf9ff848 0x00000001bfa00000 O/15    Relocatable
 Small   0x00000001bfa00000 0x00000001bfc00000 0x00000001bfc00000 Y/422   Allocating 
 Small   0x00000001bfc00000 0x00000001bfde12b8 0x00000001bfe00000 O/10    Relocatable
 Small   0x00000001bfe00000 0x00000001c0000000 0x00000001c0000000 Y/422   Allocating 
 Small   0x00000001c0000000 0x00000001c0200000 0x00000001c0200000 Y/422   Allocating 
 Small   0x00000001c0200000 0x00000001c0400000 0x00000001c0400000 Y/422   Allocating 
 Small   0x00000001c0400000 0x00000001c0600000 0x00000001c0600000 Y/422   Allocating 
 Small   0x00000001c0600000 0x00000001c07f1da0 0x00000001c0800000 O/20    Relocatable
 Small   0x00000001c0800000 0x00000001c091c010 0x00000001c0a00000 O/23    Allocating 
 Small   0x00000001c0a00000 0x00000001c0bff558 0x00000001c0c00000 O/20    Relocatable
 Small   0x00000001c0c00000 0x00000001c0e00000 0x00000001c0e00000 Y/422   Allocating 
 Small   0x00000001c0e00000 0x00000001c1000000 0x00000001c1000000 Y/422   Allocating 
 Small   0x00000001c1200000 0x00000001c1400000 0x00000001c1400000 Y/422   Allocating 
 Small   0x00000001c1600000 0x00000001c1800000 0x00000001c1800000 Y/422   Allocating 
 Small   0x00000001c1800000 0x00000001c19fffd8 0x00000001c1a00000 O/9     Relocatable
 Small   0x00000001c1a00000 0x00000001c1c00000 0x00000001c1c00000 Y/422   Allocating 
 Small   0x00000001c1c00000 0x00000001c1dffff8 0x00000001c1e00000 O/16    Relocatable
 Small   0x00000001c1e00000 0x00000001c2000000 0x00000001c2000000 Y/422   Allocating 
 Small   0x00000001c2000000 0x00000001c21ffff8 0x00000001c2200000 O/20    Relocatable
 Small   0x00000001c2200000 0x00000001c2400000 0x00000001c2400000 Y/422   Allocating 
 Small   0x00000001c2400000 0x00000001c2600000 0x00000001c2600000 Y/422   Allocating 
 Small   0x00000001c2600000 0x00000001c27fffe8 0x00000001c2800000 O/10    Relocatable
 Small   0x00000001c2800000 0x00000001c2a00000 0x00000001c2a00000 Y/422   Allocating 
 Small   0x00000001c2a00000 0x00000001c2c00000 0x00000001c2c00000 Y/422   Allocating 
 Small   0x00000001c2c00000 0x00000001c2e00000 0x00000001c2e00000 Y/422   Allocating 
 Small   0x00000001c2e00000 0x00000001c3000000 0x00000001c3000000 Y/422   Allocating 
 Small   0x00000001c3000000 0x00000001c3200000 0x00000001c3200000 Y/422   Allocating 
 Small   0x00000001c3200000 0x00000001c3400000 0x00000001c3400000 Y/422   Allocating 
 Small   0x00000001c3400000 0x00000001c3600000 0x00000001c3600000 Y/422   Allocating 
 Small   0x00000001c3600000 0x00000001c37ffff8 0x00000001c3800000 O/10    Relocatable
 Small   0x00000001c3800000 0x00000001c3a00000 0x00000001c3a00000 Y/422   Allocating 
 Small   0x00000001c3a00000 0x00000001c3c00000 0x00000001c3c00000 Y/422   Allocating 
 Small   0x00000001c3c00000 0x00000001c3e00000 0x00000001c3e00000 Y/422   Allocating 
 Small   0x00000001c3e00000 0x00000001c4000000 0x00000001c4000000 Y/422   Allocating 
 Small   0x00000001c4000000 0x00000001c4200000 0x00000001c4200000 Y/422   Allocating 
 Small   0x00000001c4400000 0x00000001c4600000 0x00000001c4600000 Y/422   Allocating 
 Small   0x00000001c4600000 0x00000001c4800000 0x00000001c4800000 Y/422   Allocating 
 Small   0x00000001c4800000 0x00000001c4a00000 0x00000001c4a00000 Y/422   Allocating 
 Small   0x00000001c4a00000 0x00000001c4c00000 0x00000001c4c00000 Y/422   Allocating 
 Small   0x00000001c4c00000 0x00000001c4e00000 0x00000001c4e00000 Y/422   Allocating 
 Small   0x00000001c4e00000 0x00000001c4ffffe8 0x00000001c5000000 O/10    Relocatable
 Small   0x00000001c5000000 0x00000001c5200000 0x00000001c5200000 Y/422   Allocating 
 Small   0x00000001c5200000 0x00000001c5400000 0x00000001c5400000 Y/422   Allocating 
 Small   0x00000001c5400000 0x00000001c5600000 0x00000001c5600000 Y/422   Allocating 
 Small   0x00000001c5600000 0x00000001c5800000 0x00000001c5800000 Y/422   Allocating 
 Small   0x00000001c5a00000 0x00000001c5c00000 0x00000001c5c00000 Y/422   Allocating 
 Small   0x00000001c5c00000 0x00000001c5e00000 0x00000001c5e00000 O/10    Relocatable
 Small   0x00000001c5e00000 0x00000001c6000000 0x00000001c6000000 Y/422   Allocating 
 Small   0x00000001c6200000 0x00000001c6400000 0x00000001c6400000 Y/422   Allocating 
 Small   0x00000001c6400000 0x00000001c6600000 0x00000001c6600000 Y/422   Allocating 
 Small   0x00000001c6600000 0x00000001c6800000 0x00000001c6800000 Y/422   Allocating 
 Small   0x00000001c6800000 0x00000001c69fde88 0x00000001c6a00000 O/23    Allocating 
 Small   0x00000001c6a00000 0x00000001c6c00000 0x00000001c6c00000 Y/422   Allocating 
 Small   0x00000001c6c00000 0x00000001c6e00000 0x00000001c6e00000 Y/422   Allocating 
 Small   0x00000001c6e00000 0x00000001c7000000 0x00000001c7000000 Y/422   Allocating 
 Small   0x00000001c7000000 0x00000001c7200000 0x00000001c7200000 Y/422   Allocating 
 Small   0x00000001c7200000 0x00000001c7400000 0x00000001c7400000 Y/422   Allocating 
 Small   0x00000001c7400000 0x00000001c7600000 0x00000001c7600000 Y/422   Allocating 
 Small   0x00000001c7600000 0x00000001c7800000 0x00000001c7800000 Y/422   Allocating 
 Small   0x00000001c7800000 0x00000001c7a00000 0x00000001c7a00000 Y/422   Allocating 
 Small   0x00000001c7a00000 0x00000001c7c00000 0x00000001c7c00000 Y/422   Allocating 
 Small   0x00000001c7c00000 0x00000001c7e00000 0x00000001c7e00000 Y/422   Allocating 
 Small   0x00000001c7e00000 0x00000001c8000000 0x00000001c8000000 Y/422   Allocating 
 Small   0x00000001c8000000 0x00000001c8200000 0x00000001c8200000 Y/422   Allocating 
 Small   0x00000001c8200000 0x00000001c8400000 0x00000001c8400000 Y/422   Allocating 
 Small   0x00000001c8400000 0x00000001c8600000 0x00000001c8600000 Y/422   Allocating 
 Small   0x00000001c8600000 0x00000001c8800000 0x00000001c8800000 Y/422   Allocating 
 Small   0x00000001c8a00000 0x00000001c8c00000 0x00000001c8c00000 Y/422   Allocating 
 Small   0x00000001c8c00000 0x00000001c8e00000 0x00000001c8e00000 Y/422   Allocating 
 Small   0x00000001c8e00000 0x00000001c9000000 0x00000001c9000000 Y/422   Allocating 
 Small   0x00000001c9000000 0x00000001c9200000 0x00000001c9200000 Y/422   Allocating 
 Small   0x00000001c9200000 0x00000001c9400000 0x00000001c9400000 Y/422   Allocating 
 Small   0x00000001c9400000 0x00000001c9600000 0x00000001c9600000 Y/422   Allocating 
 Small   0x00000001c9800000 0x00000001c9a00000 0x00000001c9a00000 Y/422   Allocating 
 Small   0x00000001c9a00000 0x00000001c9c00000 0x00000001c9c00000 Y/422   Allocating 
 Small   0x00000001c9c00000 0x00000001c9e00000 0x00000001c9e00000 Y/422   Allocating 
 Small   0x00000001c9e00000 0x00000001ca000000 0x00000001ca000000 Y/422   Allocating 
 Small   0x00000001ca000000 0x00000001ca200000 0x00000001ca200000 Y/422   Allocating 
 Small   0x00000001ca200000 0x00000001ca400000 0x00000001ca400000 Y/422   Allocating 
 Small   0x00000001ca800000 0x00000001caa00000 0x00000001caa00000 Y/422   Allocating 
 Small   0x00000001caa00000 0x00000001cac00000 0x00000001cac00000 Y/422   Allocating 
 Small   0x00000001cac00000 0x00000001cae00000 0x00000001cae00000 Y/422   Allocating 
 Small   0x00000001cae00000 0x00000001cb000000 0x00000001cb000000 Y/422   Allocating 
 Small   0x00000001cb000000 0x00000001cb200000 0x00000001cb200000 Y/422   Allocating 
 Small   0x00000001cb200000 0x00000001cb400000 0x00000001cb400000 Y/422   Allocating 
 Small   0x00000001cb400000 0x00000001cb5ffef8 0x00000001cb600000 O/15    Relocatable
 Small   0x00000001cb600000 0x00000001cb800000 0x00000001cb800000 Y/422   Allocating 
 Small   0x00000001cb800000 0x00000001cb9ffff8 0x00000001cba00000 O/14    Relocatable
 Small   0x00000001cba00000 0x00000001cbc00000 0x00000001cbc00000 Y/422   Allocating 
 Small   0x00000001cbc00000 0x00000001cbe00000 0x00000001cbe00000 Y/422   Allocating 
 Small   0x00000001cc000000 0x00000001cc200000 0x00000001cc200000 Y/422   Allocating 
 Small   0x00000001cc200000 0x00000001cc400000 0x00000001cc400000 Y/422   Allocating 
 Small   0x00000001cc400000 0x00000001cc600000 0x00000001cc600000 Y/422   Allocating 
 Small   0x00000001cc600000 0x00000001cc800000 0x00000001cc800000 Y/422   Allocating 
 Small   0x00000001cc800000 0x00000001cca00000 0x00000001cca00000 Y/422   Allocating 
 Small   0x00000001cca00000 0x00000001ccc00000 0x00000001ccc00000 O/23    Allocating 
 Small   0x00000001ccc00000 0x00000001cce00000 0x00000001cce00000 Y/422   Allocating 
 Small   0x00000001cce00000 0x00000001cd000000 0x00000001cd000000 Y/422   Allocating 
 Small   0x00000001cd000000 0x00000001cd200000 0x00000001cd200000 Y/422   Allocating 
 Small   0x00000001cd200000 0x00000001cd400000 0x00000001cd400000 Y/422   Allocating 
 Small   0x00000001cd800000 0x00000001cd9fffc0 0x00000001cda00000 O/10    Relocatable
 Small   0x00000001cda00000 0x00000001cdc00000 0x00000001cdc00000 Y/422   Allocating 
 Small   0x00000001cdc00000 0x00000001cde00000 0x00000001cde00000 Y/422   Allocating 
 Small   0x00000001cde00000 0x00000001ce000000 0x00000001ce000000 Y/422   Allocating 
 Small   0x00000001ce000000 0x00000001ce200000 0x00000001ce200000 Y/422   Allocating 
 Small   0x00000001ce400000 0x00000001ce600000 0x00000001ce600000 Y/422   Allocating 
 Small   0x00000001ce600000 0x00000001ce800000 0x00000001ce800000 Y/422   Allocating 
 Small   0x00000001ce800000 0x00000001cea00000 0x00000001cea00000 Y/422   Allocating 
 Small   0x00000001cee00000 0x00000001cf000000 0x00000001cf000000 Y/422   Allocating 
 Small   0x00000001cf000000 0x00000001cf200000 0x00000001cf200000 Y/422   Allocating 
 Small   0x00000001cf200000 0x00000001cf400000 0x00000001cf400000 Y/422   Allocating 
 Small   0x00000001cf400000 0x00000001cf600000 0x00000001cf600000 Y/422   Allocating 
 Small   0x00000001cf600000 0x00000001cf800000 0x00000001cf800000 Y/422   Allocating 
 Small   0x00000001cf800000 0x00000001cfa00000 0x00000001cfa00000 Y/422   Allocating 
 Small   0x00000001cfa00000 0x00000001cfc00000 0x00000001cfc00000 Y/422   Allocating 
 Small   0x00000001cfc00000 0x00000001cfe00000 0x00000001cfe00000 Y/422   Allocating 
 Small   0x00000001cfe00000 0x00000001d0000000 0x00000001d0000000 Y/422   Allocating 
 Small   0x00000001d0200000 0x00000001d0400000 0x00000001d0400000 Y/422   Allocating 
 Small   0x00000001d0400000 0x00000001d0600000 0x00000001d0600000 Y/422   Allocating 
 Small   0x00000001d0800000 0x00000001d0a00000 0x00000001d0a00000 Y/422   Allocating 
 Small   0x00000001d0c00000 0x00000001d0e00000 0x00000001d0e00000 Y/422   Allocating 
 Small   0x00000001d0e00000 0x00000001d1000000 0x00000001d1000000 Y/422   Allocating 
 Small   0x00000001d1000000 0x00000001d1200000 0x00000001d1200000 Y/422   Allocating 
 Small   0x00000001d1200000 0x00000001d1400000 0x00000001d1400000 Y/422   Allocating 
 Small   0x00000001d1400000 0x00000001d1600000 0x00000001d1600000 Y/422   Allocating 
 Small   0x00000001d1600000 0x00000001d1800000 0x00000001d1800000 Y/422   Allocating 
 Small   0x00000001d1800000 0x00000001d1a00000 0x00000001d1a00000 Y/422   Allocating 
 Small   0x00000001d1a00000 0x00000001d1c00000 0x00000001d1c00000 Y/422   Allocating 
 Small   0x00000001d1c00000 0x00000001d1dfff30 0x00000001d1e00000 O/23    Allocating 
 Small   0x00000001d1e00000 0x00000001d2000000 0x00000001d2000000 Y/422   Allocating 
 Small   0x00000001d2000000 0x00000001d2200000 0x00000001d2200000 Y/422   Allocating 
 Small   0x00000001d2200000 0x00000001d2400000 0x00000001d2400000 Y/422   Allocating 
 Small   0x00000001d2400000 0x00000001d2600000 0x00000001d2600000 Y/422   Allocating 
 Small   0x00000001d2600000 0x00000001d2800000 0x00000001d2800000 Y/422   Allocating 
 Small   0x00000001d2800000 0x00000001d29ffda8 0x00000001d2a00000 O/23    Allocating 
 Small   0x00000001d2a00000 0x00000001d2c00000 0x00000001d2c00000 Y/422   Allocating 
 Small   0x00000001d2c00000 0x00000001d2e00000 0x00000001d2e00000 Y/422   Allocating 
 Small   0x00000001d2e00000 0x00000001d3000000 0x00000001d3000000 Y/422   Allocating 
 Small   0x00000001d3000000 0x00000001d3200000 0x00000001d3200000 Y/422   Allocating 
 Small   0x00000001d3400000 0x00000001d3600000 0x00000001d3600000 Y/422   Allocating 
 Small   0x00000001d3a00000 0x00000001d3c00000 0x00000001d3c00000 Y/422   Allocating 
 Small   0x00000001d3e00000 0x00000001d4000000 0x00000001d4000000 Y/422   Allocating 
 Small   0x00000001d4000000 0x00000001d4200000 0x00000001d4200000 Y/422   Allocating 
 Small   0x00000001d4400000 0x00000001d45ffce0 0x00000001d4600000 O/15    Relocatable
 Small   0x00000001d4600000 0x00000001d4800000 0x00000001d4800000 Y/422   Allocating 
 Small   0x00000001d4a00000 0x00000001d4c00000 0x00000001d4c00000 Y/422   Allocating 
 Small   0x00000001d4c00000 0x00000001d4dffff8 0x00000001d4e00000 O/17    Relocatable
 Small   0x00000001d4e00000 0x00000001d4fff850 0x00000001d5000000 O/15    Relocatable
 Small   0x00000001d5000000 0x00000001d5200000 0x00000001d5200000 Y/422   Allocating 
 Small   0x00000001d5200000 0x00000001d5400000 0x00000001d5400000 Y/422   Allocating 
 Small   0x00000001d5400000 0x00000001d55ffff8 0x00000001d5600000 O/9     Relocatable
 Small   0x00000001d5800000 0x00000001d5a00000 0x00000001d5a00000 Y/422   Allocating 
 Small   0x00000001d5a00000 0x00000001d5c00000 0x00000001d5c00000 Y/422   Allocating 
 Small   0x00000001d5c00000 0x00000001d5e00000 0x00000001d5e00000 Y/422   Allocating 
 Small   0x00000001d5e00000 0x00000001d6000000 0x00000001d6000000 Y/422   Allocating 
 Small   0x00000001d6000000 0x00000001d6200000 0x00000001d6200000 Y/422   Allocating 
 Small   0x00000001d6200000 0x00000001d6400000 0x00000001d6400000 Y/422   Allocating 
 Small   0x00000001d6400000 0x00000001d6600000 0x00000001d6600000 Y/422   Allocating 
 Small   0x00000001d6600000 0x00000001d6800000 0x00000001d6800000 Y/422   Allocating 
 Small   0x00000001d6800000 0x00000001d6a00000 0x00000001d6a00000 Y/422   Allocating 
 Small   0x00000001d6a00000 0x00000001d6c00000 0x00000001d6c00000 Y/422   Allocating 
 Small   0x00000001d6e00000 0x00000001d7000000 0x00000001d7000000 Y/422   Allocating 
 Small   0x00000001d7000000 0x00000001d7200000 0x00000001d7200000 Y/422   Allocating 
 Small   0x00000001d7400000 0x00000001d7600000 0x00000001d7600000 Y/422   Allocating 
 Small   0x00000001d7600000 0x00000001d7800000 0x00000001d7800000 Y/422   Allocating 
 Small   0x00000001d7800000 0x00000001d7a00000 0x00000001d7a00000 Y/422   Allocating 
 Small   0x00000001d7a00000 0x00000001d7c00000 0x00000001d7c00000 Y/422   Allocating 
 Small   0x00000001d7c00000 0x00000001d7e00000 0x00000001d7e00000 Y/422   Allocating 
 Small   0x00000001d7e00000 0x00000001d8000000 0x00000001d8000000 O/10    Relocatable
 Small   0x00000001d8000000 0x00000001d8200000 0x00000001d8200000 Y/422   Allocating 
 Small   0x00000001d8200000 0x00000001d8400000 0x00000001d8400000 Y/422   Allocating 
 Small   0x00000001d8400000 0x00000001d8600000 0x00000001d8600000 Y/422   Allocating 
 Small   0x00000001d8600000 0x00000001d8800000 0x00000001d8800000 Y/422   Allocating 
 Small   0x00000001d8800000 0x00000001d8a00000 0x00000001d8a00000 Y/422   Allocating 
 Small   0x00000001d8a00000 0x00000001d8c00000 0x00000001d8c00000 Y/422   Allocating 
 Small   0x00000001d8c00000 0x00000001d8e00000 0x00000001d8e00000 Y/422   Allocating 
 Small   0x00000001d8e00000 0x00000001d9000000 0x00000001d9000000 Y/422   Allocating 
 Small   0x00000001d9000000 0x00000001d9200000 0x00000001d9200000 Y/422   Allocating 
 Small   0x00000001d9200000 0x00000001d9400000 0x00000001d9400000 Y/422   Allocating 
 Small   0x00000001d9400000 0x00000001d9600000 0x00000001d9600000 Y/422   Allocating 
 Small   0x00000001d9a00000 0x00000001d9c00000 0x00000001d9c00000 Y/422   Allocating 
 Small   0x00000001d9c00000 0x00000001d9dffff0 0x00000001d9e00000 O/15    Relocatable
 Small   0x00000001d9e00000 0x00000001d9fffff8 0x00000001da000000 O/16    Relocatable
 Small   0x00000001da000000 0x00000001da200000 0x00000001da200000 Y/422   Allocating 
 Small   0x00000001da400000 0x00000001da600000 0x00000001da600000 Y/422   Allocating 
 Small   0x00000001da600000 0x00000001da800000 0x00000001da800000 Y/422   Allocating 
 Small   0x00000001da800000 0x00000001da9fffe8 0x00000001daa00000 O/15    Relocatable
 Small   0x00000001dac00000 0x00000001dae00000 0x00000001dae00000 Y/422   Allocating 
 Small   0x00000001dae00000 0x00000001db000000 0x00000001db000000 Y/422   Allocating 
 Small   0x00000001db000000 0x00000001db200000 0x00000001db200000 Y/422   Allocating 
 Small   0x00000001db200000 0x00000001db400000 0x00000001db400000 Y/422   Allocating 
 Small   0x00000001db400000 0x00000001db600000 0x00000001db600000 Y/422   Allocating 
 Small   0x00000001db600000 0x00000001db7ff128 0x00000001db800000 O/10    Relocatable
 Small   0x00000001db800000 0x00000001dba00000 0x00000001dba00000 Y/422   Allocating 
 Small   0x00000001dba00000 0x00000001dbc00000 0x00000001dbc00000 Y/422   Allocating 
 Small   0x00000001dbc00000 0x00000001dbe00000 0x00000001dbe00000 Y/422   Allocating 
 Small   0x00000001dbe00000 0x00000001dc000000 0x00000001dc000000 Y/422   Allocating 
 Small   0x00000001dc000000 0x00000001dc200000 0x00000001dc200000 Y/422   Allocating 
 Small   0x00000001dc200000 0x00000001dc400000 0x00000001dc400000 Y/422   Allocating 
 Small   0x00000001dc600000 0x00000001dc800000 0x00000001dc800000 Y/422   Allocating 
 Small   0x00000001dc800000 0x00000001dca00000 0x00000001dca00000 Y/422   Allocating 
 Small   0x00000001dca00000 0x00000001dcc00000 0x00000001dcc00000 Y/422   Allocating 
 Small   0x00000001dce00000 0x00000001dcffff88 0x00000001dd000000 O/15    Relocatable
 Small   0x00000001dd000000 0x00000001dd200000 0x00000001dd200000 Y/422   Allocating 
 Small   0x00000001dd200000 0x00000001dd400000 0x00000001dd400000 Y/422   Allocating 
 Small   0x00000001dd400000 0x00000001dd600000 0x00000001dd600000 Y/422   Allocating 
 Small   0x00000001dd600000 0x00000001dd800000 0x00000001dd800000 Y/422   Allocating 
 Small   0x00000001dd800000 0x00000001dd9ff180 0x00000001dda00000 O/16    Relocatable
 Small   0x00000001dda00000 0x00000001ddc00000 0x00000001ddc00000 Y/422   Allocating 
 Small   0x00000001ddc00000 0x00000001dde00000 0x00000001dde00000 Y/422   Allocating 
 Small   0x00000001dde00000 0x00000001de000000 0x00000001de000000 Y/422   Allocating 
 Small   0x00000001de000000 0x00000001de200000 0x00000001de200000 Y/422   Allocating 
 Small   0x00000001de200000 0x00000001de400000 0x00000001de400000 Y/422   Allocating 
 Small   0x00000001de400000 0x00000001de600000 0x00000001de600000 Y/422   Allocating 
 Small   0x00000001de600000 0x00000001de800000 0x00000001de800000 Y/422   Allocating 
 Small   0x00000001de800000 0x00000001dea00000 0x00000001dea00000 Y/422   Allocating 
 Small   0x00000001dec00000 0x00000001dee00000 0x00000001dee00000 Y/422   Allocating 
 Small   0x00000001dee00000 0x00000001df000000 0x00000001df000000 Y/422   Allocating 
 Small   0x00000001df000000 0x00000001df200000 0x00000001df200000 Y/422   Allocating 
 Small   0x00000001df200000 0x00000001df400000 0x00000001df400000 O/15    Relocatable
 Small   0x00000001df400000 0x00000001df600000 0x00000001df600000 Y/422   Allocating 
 Small   0x00000001df600000 0x00000001df800000 0x00000001df800000 Y/422   Allocating 
 Small   0x00000001df800000 0x00000001dfa00000 0x00000001dfa00000 Y/422   Allocating 
 Small   0x00000001dfa00000 0x00000001dfc00000 0x00000001dfc00000 Y/422   Allocating 
 Small   0x00000001dfe00000 0x00000001e0000000 0x00000001e0000000 Y/422   Allocating 
 Small   0x00000001e0200000 0x00000001e0400000 0x00000001e0400000 Y/422   Allocating 
 Small   0x00000001e0400000 0x00000001e0600000 0x00000001e0600000 Y/422   Allocating 
 Small   0x00000001e0600000 0x00000001e0800000 0x00000001e0800000 Y/422   Allocating 
 Small   0x00000001e0800000 0x00000001e0a00000 0x00000001e0a00000 Y/422   Allocating 
 Small   0x00000001e0a00000 0x00000001e0a02828 0x00000001e0c00000 O/23    Allocating 
 Small   0x00000001e0c00000 0x00000001e0e00000 0x00000001e0e00000 Y/422   Allocating 
 Small   0x00000001e0e00000 0x00000001e1000000 0x00000001e1000000 Y/422   Allocating 
 Small   0x00000001e1000000 0x00000001e1200000 0x00000001e1200000 Y/422   Allocating 
 Small   0x00000001e1200000 0x00000001e13ffff8 0x00000001e1400000 O/13    Relocatable
 Small   0x00000001e1400000 0x00000001e15fffe8 0x00000001e1600000 O/10    Relocatable
 Small   0x00000001e1600000 0x00000001e17fff68 0x00000001e1800000 O/19    Relocatable
 Small   0x00000001e1800000 0x00000001e1a00000 0x00000001e1a00000 Y/422   Allocating 
 Small   0x00000001e1a00000 0x00000001e1c00000 0x00000001e1c00000 Y/422   Allocating 
 Small   0x00000001e1c00000 0x00000001e1dffff0 0x00000001e1e00000 O/20    Relocatable
 Small   0x00000001e1e00000 0x00000001e2000000 0x00000001e2000000 Y/422   Allocating 
 Small   0x00000001e2000000 0x00000001e2200000 0x00000001e2200000 O/10    Relocatable
 Small   0x00000001e2200000 0x00000001e2400000 0x00000001e2400000 Y/422   Allocating 
 Small   0x00000001e2400000 0x00000001e25ffff8 0x00000001e2600000 O/9     Relocatable
 Small   0x00000001e2600000 0x00000001e2800000 0x00000001e2800000 Y/422   Allocating 
 Small   0x00000001e2800000 0x00000001e2a00000 0x00000001e2a00000 Y/422   Allocating 
 Small   0x00000001e2a00000 0x00000001e2c00000 0x00000001e2c00000 Y/422   Allocating 
 Small   0x00000001e2e00000 0x00000001e3000000 0x00000001e3000000 Y/422   Allocating 
 Small   0x00000001e3000000 0x00000001e3200000 0x00000001e3200000 Y/422   Allocating 
 Small   0x00000001e3200000 0x00000001e3400000 0x00000001e3400000 Y/422   Allocating 
 Small   0x00000001e3800000 0x00000001e3a00000 0x00000001e3a00000 Y/422   Allocating 
 Small   0x00000001e3a00000 0x00000001e3c00000 0x00000001e3c00000 Y/422   Allocating 
 Small   0x00000001e3c00000 0x00000001e3e00000 0x00000001e3e00000 Y/422   Allocating 
 Small   0x00000001e3e00000 0x00000001e3ffffe8 0x00000001e4000000 O/14    Relocatable
 Small   0x00000001e4000000 0x00000001e4200000 0x00000001e4200000 Y/422   Allocating 
 Small   0x00000001e4200000 0x00000001e4400000 0x00000001e4400000 Y/422   Allocating 
 Small   0x00000001e4400000 0x00000001e4600000 0x00000001e4600000 Y/422   Allocating 
 Small   0x00000001e4a00000 0x00000001e4c00000 0x00000001e4c00000 Y/422   Allocating 
 Small   0x00000001e4c00000 0x00000001e4e00000 0x00000001e4e00000 Y/422   Allocating 
 Small   0x00000001e4e00000 0x00000001e5000000 0x00000001e5000000 Y/422   Allocating 
 Small   0x00000001e5000000 0x00000001e5200000 0x00000001e5200000 Y/422   Allocating 
 Small   0x00000001e5200000 0x00000001e5400000 0x00000001e5400000 Y/422   Allocating 
 Small   0x00000001e5400000 0x00000001e5600000 0x00000001e5600000 Y/422   Allocating 
 Small   0x00000001e5600000 0x00000001e5800000 0x00000001e5800000 Y/422   Allocating 
 Small   0x00000001e5a00000 0x00000001e5c00000 0x00000001e5c00000 Y/422   Allocating 
 Small   0x00000001e5e00000 0x00000001e6000000 0x00000001e6000000 Y/422   Allocating 
 Small   0x00000001e6000000 0x00000001e6200000 0x00000001e6200000 Y/422   Allocating 
 Small   0x00000001e6200000 0x00000001e63fffd8 0x00000001e6400000 O/10    Relocatable
 Small   0x00000001e6400000 0x00000001e6600000 0x00000001e6600000 Y/422   Allocating 
 Small   0x00000001e6600000 0x00000001e67ffff0 0x00000001e6800000 O/10    Relocatable
 Small   0x00000001e6800000 0x00000001e6a00000 0x00000001e6a00000 Y/422   Allocating 
 Small   0x00000001e6a00000 0x00000001e6c00000 0x00000001e6c00000 Y/422   Allocating 
 Small   0x00000001e6c00000 0x00000001e6e00000 0x00000001e6e00000 Y/422   Allocating 
 Small   0x00000001e6e00000 0x00000001e7000000 0x00000001e7000000 Y/422   Allocating 
 Small   0x00000001e7000000 0x00000001e7200000 0x00000001e7200000 Y/422   Allocating 
 Small   0x00000001e7200000 0x00000001e73fffe8 0x00000001e7400000 O/10    Relocatable
 Small   0x00000001e7400000 0x00000001e7600000 0x00000001e7600000 Y/422   Allocating 
 Small   0x00000001e7600000 0x00000001e77ff020 0x00000001e7800000 O/23    Allocating 
 Small   0x00000001e7800000 0x00000001e7a00000 0x00000001e7a00000 Y/422   Allocating 
 Small   0x00000001e7a00000 0x00000001e7c00000 0x00000001e7c00000 Y/422   Allocating 
 Small   0x00000001e7c00000 0x00000001e7e00000 0x00000001e7e00000 Y/422   Allocating 
 Small   0x00000001e7e00000 0x00000001e8000000 0x00000001e8000000 Y/422   Allocating 
 Small   0x00000001e8200000 0x00000001e8400000 0x00000001e8400000 Y/422   Allocating 
 Small   0x00000001e8400000 0x00000001e8600000 0x00000001e8600000 Y/422   Allocating 
 Small   0x00000001e8600000 0x00000001e8800000 0x00000001e8800000 Y/422   Allocating 
 Small   0x00000001e8800000 0x00000001e8a00000 0x00000001e8a00000 Y/422   Allocating 
 Small   0x00000001e8a00000 0x00000001e8c00000 0x00000001e8c00000 Y/422   Allocating 
 Small   0x00000001e8c00000 0x00000001e8e00000 0x00000001e8e00000 Y/422   Allocating 
 Small   0x00000001e8e00000 0x00000001e9000000 0x00000001e9000000 Y/422   Allocating 
 Small   0x00000001e9000000 0x00000001e91fffe8 0x00000001e9200000 O/10    Relocatable
 Small   0x00000001e9600000 0x00000001e9800000 0x00000001e9800000 O/10    Relocatable
 Small   0x00000001e9800000 0x00000001e99ffff0 0x00000001e9a00000 O/10    Relocatable
 Small   0x00000001e9a00000 0x00000001e9c00000 0x00000001e9c00000 Y/422   Allocating 
 Small   0x00000001e9c00000 0x00000001e9e00000 0x00000001e9e00000 Y/422   Allocating 
 Small   0x00000001e9e00000 0x00000001ea000000 0x00000001ea000000 Y/422   Allocating 
 Small   0x00000001ea000000 0x00000001ea1ffff8 0x00000001ea200000 O/10    Relocatable
 Small   0x00000001ea400000 0x00000001ea600000 0x00000001ea600000 Y/422   Allocating 
 Small   0x00000001ea600000 0x00000001ea800000 0x00000001ea800000 Y/422   Allocating 
 Small   0x00000001ea800000 0x00000001eaa00000 0x00000001eaa00000 Y/422   Allocating 
 Small   0x00000001eaa00000 0x00000001eac00000 0x00000001eac00000 Y/422   Allocating 
 Small   0x00000001eae00000 0x00000001eb000000 0x00000001eb000000 Y/422   Allocating 
 Small   0x00000001eb000000 0x00000001eb200000 0x00000001eb200000 Y/422   Allocating 
 Small   0x00000001eb200000 0x00000001eb400000 0x00000001eb400000 Y/422   Allocating 
 Small   0x00000001eb400000 0x00000001eb600000 0x00000001eb600000 Y/422   Allocating 
 Small   0x00000001eba00000 0x00000001ebc00000 0x00000001ebc00000 Y/422   Allocating 
 Small   0x00000001ebc00000 0x00000001ebe00000 0x00000001ebe00000 Y/422   Allocating 
 Small   0x00000001ebe00000 0x00000001ec000000 0x00000001ec000000 Y/422   Allocating 
 Small   0x00000001ec000000 0x00000001ec200000 0x00000001ec200000 Y/422   Allocating 
 Small   0x00000001ec200000 0x00000001ec400000 0x00000001ec400000 Y/422   Allocating 
 Small   0x00000001ec400000 0x00000001ec600000 0x00000001ec600000 Y/422   Allocating 
 Small   0x00000001ec800000 0x00000001eca00000 0x00000001eca00000 Y/422   Allocating 
 Small   0x00000001ecc00000 0x00000001ece00000 0x00000001ece00000 Y/422   Allocating 
 Small   0x00000001ece00000 0x00000001ed000000 0x00000001ed000000 Y/422   Allocating 
 Small   0x00000001ed000000 0x00000001ed200000 0x00000001ed200000 O/9     Relocatable
 Small   0x00000001ed200000 0x00000001ed400000 0x00000001ed400000 Y/422   Allocating 
 Small   0x00000001ed400000 0x00000001ed600000 0x00000001ed600000 Y/422   Allocating 
 Small   0x00000001ed600000 0x00000001ed800000 0x00000001ed800000 Y/422   Allocating 
 Small   0x00000001edc00000 0x00000001ede00000 0x00000001ede00000 Y/422   Allocating 
 Small   0x00000001ede00000 0x00000001ee000000 0x00000001ee000000 Y/422   Allocating 
 Small   0x00000001ee000000 0x00000001ee200000 0x00000001ee200000 Y/422   Allocating 
 Small   0x00000001ee200000 0x00000001ee400000 0x00000001ee400000 Y/422   Allocating 
 Small   0x00000001ee400000 0x00000001ee600000 0x00000001ee600000 Y/422   Allocating 
 Small   0x00000001ee600000 0x00000001ee800000 0x00000001ee800000 Y/422   Allocating 
 Small   0x00000001ee800000 0x00000001eea00000 0x00000001eea00000 Y/422   Allocating 
 Small   0x00000001eea00000 0x00000001eec00000 0x00000001eec00000 Y/422   Allocating 
 Small   0x00000001eee00000 0x00000001ef000000 0x00000001ef000000 Y/422   Allocating 
 Small   0x00000001ef000000 0x00000001ef200000 0x00000001ef200000 Y/422   Allocating 
 Small   0x00000001ef200000 0x00000001ef400000 0x00000001ef400000 Y/422   Allocating 
 Small   0x00000001ef400000 0x00000001ef600000 0x00000001ef600000 Y/422   Allocating 
 Small   0x00000001ef600000 0x00000001ef800000 0x00000001ef800000 Y/422   Allocating 
 Small   0x00000001ef800000 0x00000001efa00000 0x00000001efa00000 Y/422   Allocating 
 Small   0x00000001efa00000 0x00000001efc00000 0x00000001efc00000 Y/422   Allocating 
 Small   0x00000001f0000000 0x00000001f0200000 0x00000001f0200000 Y/422   Allocating 
 Small   0x00000001f0200000 0x00000001f0400000 0x00000001f0400000 Y/422   Allocating 
 Small   0x00000001f0400000 0x00000001f0600000 0x00000001f0600000 Y/422   Allocating 
 Small   0x00000001f0600000 0x00000001f0800000 0x00000001f0800000 Y/422   Allocating 
 Small   0x00000001f0800000 0x00000001f0a00000 0x00000001f0a00000 O/9     Relocatable
 Small   0x00000001f0a00000 0x00000001f0c00000 0x00000001f0c00000 Y/422   Allocating 
 Small   0x00000001f0c00000 0x00000001f0e00000 0x00000001f0e00000 Y/422   Allocating 
 Small   0x00000001f0e00000 0x00000001f1000000 0x00000001f1000000 Y/422   Allocating 
 Small   0x00000001f1000000 0x00000001f1200000 0x00000001f1200000 Y/422   Allocating 
 Small   0x00000001f1400000 0x00000001f1600000 0x00000001f1600000 O/10    Relocatable
 Small   0x00000001f1e00000 0x00000001f2000000 0x00000001f2000000 Y/422   Allocating 
 Small   0x00000001f2000000 0x00000001f2200000 0x00000001f2200000 Y/422   Allocating 
 Small   0x00000001f2200000 0x00000001f23ffff8 0x00000001f2400000 O/23    Allocating 
 Small   0x00000001f2400000 0x00000001f2600000 0x00000001f2600000 Y/422   Allocating 
 Small   0x00000001f2600000 0x00000001f2800000 0x00000001f2800000 Y/422   Allocating 
 Small   0x00000001f2800000 0x00000001f2a00000 0x00000001f2a00000 Y/422   Allocating 
 Small   0x00000001f2a00000 0x00000001f2c00000 0x00000001f2c00000 Y/422   Allocating 
 Small   0x00000001f2c00000 0x00000001f2e00000 0x00000001f2e00000 Y/422   Allocating 
 Small   0x00000001f2e00000 0x00000001f3000000 0x00000001f3000000 Y/422   Allocating 
 Small   0x00000001f3000000 0x00000001f3200000 0x00000001f3200000 Y/422   Allocating 
 Small   0x00000001f3200000 0x00000001f3400000 0x00000001f3400000 Y/422   Allocating 
 Small   0x00000001f3400000 0x00000001f3600000 0x00000001f3600000 Y/422   Allocating 
 Small   0x00000001f3600000 0x00000001f3800000 0x00000001f3800000 Y/422   Allocating 
 Small   0x00000001f3a00000 0x00000001f3c00000 0x00000001f3c00000 Y/422   Allocating 
 Small   0x00000001f3c00000 0x00000001f3e00000 0x00000001f3e00000 Y/422   Allocating 
 Small   0x00000001f3e00000 0x00000001f4000000 0x00000001f4000000 Y/422   Allocating 
 Small   0x00000001f4200000 0x00000001f4400000 0x00000001f4400000 O/23    Allocating 
 Small   0x00000001f4400000 0x00000001f4600000 0x00000001f4600000 Y/422   Allocating 
 Small   0x00000001f4600000 0x00000001f4800000 0x00000001f4800000 Y/422   Allocating 
 Small   0x00000001f4a00000 0x00000001f4c00000 0x00000001f4c00000 Y/422   Allocating 
 Small   0x00000001f5000000 0x00000001f5200000 0x00000001f5200000 Y/422   Allocating 
 Small   0x00000001f5200000 0x00000001f5400000 0x00000001f5400000 Y/422   Allocating 
 Small   0x00000001f5400000 0x00000001f5600000 0x00000001f5600000 Y/422   Allocating 
 Small   0x00000001f5600000 0x00000001f5800000 0x00000001f5800000 Y/422   Allocating 
 Small   0x00000001f5800000 0x00000001f5a00000 0x00000001f5a00000 Y/422   Allocating 
 Small   0x00000001f5a00000 0x00000001f5c00000 0x00000001f5c00000 Y/422   Allocating 
 Small   0x00000001f5c00000 0x00000001f5e00000 0x00000001f5e00000 Y/422   Allocating 
 Small   0x00000001f6000000 0x00000001f6200000 0x00000001f6200000 Y/422   Allocating 
 Small   0x00000001f6200000 0x00000001f63fffe0 0x00000001f6400000 O/20    Relocatable
 Small   0x00000001f6400000 0x00000001f6600000 0x00000001f6600000 Y/422   Allocating 
 Small   0x00000001f6a00000 0x00000001f6c00000 0x00000001f6c00000 Y/422   Allocating 
 Small   0x00000001f6c00000 0x00000001f6e00000 0x00000001f6e00000 Y/422   Allocating 
 Small   0x00000001f6e00000 0x00000001f7000000 0x00000001f7000000 Y/422   Allocating 
 Small   0x00000001f7000000 0x00000001f71fffe8 0x00000001f7200000 O/14    Relocatable
 Small   0x00000001f7400000 0x00000001f7600000 0x00000001f7600000 Y/422   Allocating 
 Small   0x00000001f7600000 0x00000001f7800000 0x00000001f7800000 Y/422   Allocating 
 Small   0x00000001f7800000 0x00000001f7a00000 0x00000001f7a00000 Y/422   Allocating 
 Small   0x00000001f7c00000 0x00000001f7e00000 0x00000001f7e00000 Y/422   Allocating 
 Small   0x00000001f7e00000 0x00000001f7ffffe8 0x00000001f8000000 O/20    Relocatable
 Small   0x00000001f8000000 0x00000001f8200000 0x00000001f8200000 Y/422   Allocating 
 Small   0x00000001f8200000 0x00000001f83ffee0 0x00000001f8400000 O/15    Relocatable
 Small   0x00000001f8400000 0x00000001f8600000 0x00000001f8600000 Y/422   Allocating 
 Small   0x00000001f8600000 0x00000001f8800000 0x00000001f8800000 Y/422   Allocating 
 Small   0x00000001f8800000 0x00000001f8a00000 0x00000001f8a00000 Y/422   Allocating 
 Small   0x00000001f8a00000 0x00000001f8c00000 0x00000001f8c00000 Y/422   Allocating 
 Small   0x00000001f8e00000 0x00000001f9000000 0x00000001f9000000 Y/422   Allocating 
 Small   0x00000001f9000000 0x00000001f9200000 0x00000001f9200000 O/10    Relocatable
 Small   0x00000001f9200000 0x00000001f9400000 0x00000001f9400000 Y/422   Allocating 
 Small   0x00000001f9600000 0x00000001f9800000 0x00000001f9800000 Y/422   Allocating 
 Small   0x00000001f9800000 0x00000001f9a00000 0x00000001f9a00000 Y/422   Allocating 
 Small   0x00000001fa000000 0x00000001fa200000 0x00000001fa200000 Y/422   Allocating 
 Small   0x00000001fa200000 0x00000001fa400000 0x00000001fa400000 Y/422   Allocating 
 Small   0x00000001fa400000 0x00000001fa600000 0x00000001fa600000 Y/422   Allocating 
 Small   0x00000001faa00000 0x00000001fabfffe0 0x00000001fac00000 O/10    Relocatable
 Small   0x00000001fac00000 0x00000001fae00000 0x00000001fae00000 Y/422   Allocating 
 Small   0x00000001fae00000 0x00000001fb000000 0x00000001fb000000 Y/422   Allocating 
 Small   0x00000001fb200000 0x00000001fb400000 0x00000001fb400000 Y/422   Allocating 
 Small   0x00000001fb600000 0x00000001fb800000 0x00000001fb800000 Y/422   Allocating 
 Small   0x00000001fb800000 0x00000001fba00000 0x00000001fba00000 Y/422   Allocating 
 Small   0x00000001fbc00000 0x00000001fbe00000 0x00000001fbe00000 Y/422   Allocating 
 Small   0x00000001fbe00000 0x00000001fc000000 0x00000001fc000000 Y/422   Allocating 
 Small   0x00000001fc000000 0x00000001fc200000 0x00000001fc200000 O/10    Relocatable
 Small   0x00000001fc200000 0x00000001fc400000 0x00000001fc400000 Y/422   Allocating 
 Small   0x00000001fc400000 0x00000001fc600000 0x00000001fc600000 Y/422   Allocating 
 Small   0x00000001fc600000 0x00000001fc7ff970 0x00000001fc800000 O/15    Relocatable
 Small   0x00000001fcc00000 0x00000001fcdffaf0 0x00000001fce00000 O/19    Relocatable
 Small   0x00000001fd000000 0x00000001fd200000 0x00000001fd200000 Y/422   Allocating 
 Small   0x00000001fd200000 0x00000001fd3ffff0 0x00000001fd400000 O/15    Relocatable
 Small   0x00000001fd400000 0x00000001fd600000 0x00000001fd600000 Y/422   Allocating 
 Small   0x00000001fd800000 0x00000001fda00000 0x00000001fda00000 Y/422   Allocating 
 Small   0x00000001fdc00000 0x00000001fde00000 0x00000001fde00000 Y/422   Allocating 
 Small   0x00000001fe000000 0x00000001fe200000 0x00000001fe200000 Y/422   Allocating 
 Small   0x00000001fe200000 0x00000001fe400000 0x00000001fe400000 Y/422   Allocating 
 Small   0x00000001fe400000 0x00000001fe600000 0x00000001fe600000 Y/422   Allocating 
 Small   0x00000001fe600000 0x00000001fe7ffdf8 0x00000001fe800000 O/15    Relocatable
 Small   0x00000001fea00000 0x00000001fec00000 0x00000001fec00000 Y/422   Allocating 
 Small   0x00000001fec00000 0x00000001fedfffd0 0x00000001fee00000 O/10    Relocatable
 Small   0x00000001fee00000 0x00000001ff000000 0x00000001ff000000 Y/422   Allocating 
 Small   0x00000001ff200000 0x00000001ff400000 0x00000001ff400000 Y/422   Allocating 
 Small   0x00000001ff400000 0x00000001ff600000 0x00000001ff600000 Y/422   Allocating 
 Small   0x00000001ff600000 0x00000001ff800000 0x00000001ff800000 Y/422   Allocating 
 Small   0x00000001ffa00000 0x00000001ffc00000 0x00000001ffc00000 Y/422   Allocating 
 Small   0x00000001ffe00000 0x0000000200000000 0x0000000200000000 Y/422   Allocating 
 Small   0x0000000200000000 0x0000000200200000 0x0000000200200000 Y/422   Allocating 
 Small   0x0000000200400000 0x0000000200600000 0x0000000200600000 O/23    Allocating 
 Small   0x0000000200600000 0x0000000200800000 0x0000000200800000 Y/422   Allocating 
 Small   0x0000000200800000 0x0000000200a00000 0x0000000200a00000 Y/422   Allocating 
 Small   0x0000000200a00000 0x0000000200c00000 0x0000000200c00000 Y/422   Allocating 
 Small   0x0000000200c00000 0x0000000200e00000 0x0000000200e00000 Y/422   Allocating 
 Small   0x0000000200e00000 0x0000000201000000 0x0000000201000000 Y/422   Allocating 
 Small   0x0000000201000000 0x0000000201200000 0x0000000201200000 Y/422   Allocating 
 Small   0x0000000201200000 0x0000000201400000 0x0000000201400000 Y/422   Allocating 
 Small   0x0000000201400000 0x0000000201600000 0x0000000201600000 Y/422   Allocating 
 Small   0x0000000201600000 0x00000002017fffe0 0x0000000201800000 O/10    Relocatable
 Small   0x0000000201800000 0x0000000201a00000 0x0000000201a00000 O/19    Relocatable
 Small   0x0000000201a00000 0x0000000201bffff8 0x0000000201c00000 O/9     Relocatable
 Small   0x0000000201e00000 0x0000000202000000 0x0000000202000000 O/10    Relocatable
 Small   0x0000000202000000 0x0000000202200000 0x0000000202200000 Y/422   Allocating 
 Small   0x0000000202200000 0x0000000202400000 0x0000000202400000 Y/422   Allocating 
 Small   0x0000000202400000 0x0000000202600000 0x0000000202600000 Y/422   Allocating 
 Small   0x0000000202600000 0x0000000202800000 0x0000000202800000 Y/422   Allocating 
 Small   0x0000000202a00000 0x0000000202bffff0 0x0000000202c00000 O/10    Relocatable
 Small   0x0000000202e00000 0x0000000203000000 0x0000000203000000 Y/422   Allocating 
 Small   0x0000000203000000 0x0000000203200000 0x0000000203200000 Y/422   Allocating 
 Small   0x0000000203200000 0x0000000203400000 0x0000000203400000 O/9     Relocatable
 Small   0x0000000203400000 0x0000000203600000 0x0000000203600000 Y/422   Allocating 
 Small   0x0000000203600000 0x0000000203800000 0x0000000203800000 Y/422   Allocating 
 Small   0x0000000203800000 0x0000000203a00000 0x0000000203a00000 Y/422   Allocating 
 Small   0x0000000203a00000 0x0000000203bffff8 0x0000000203c00000 O/10    Relocatable
 Small   0x0000000203c00000 0x0000000203e00000 0x0000000203e00000 Y/422   Allocating 
 Small   0x0000000203e00000 0x0000000203fffbd0 0x0000000204000000 O/15    Relocatable
 Small   0x0000000204000000 0x0000000204200000 0x0000000204200000 Y/422   Allocating 
 Small   0x0000000204200000 0x0000000204400000 0x0000000204400000 Y/422   Allocating 
 Small   0x0000000204600000 0x0000000204800000 0x0000000204800000 O/10    Relocatable
 Small   0x0000000204800000 0x0000000204a00000 0x0000000204a00000 Y/422   Allocating 
 Small   0x0000000204a00000 0x0000000204c00000 0x0000000204c00000 Y/422   Allocating 
 Small   0x0000000204c00000 0x0000000204dfffe8 0x0000000204e00000 O/10    Relocatable
 Small   0x0000000204e00000 0x0000000205000000 0x0000000205000000 Y/422   Allocating 
 Small   0x0000000205000000 0x00000002051ffa90 0x0000000205200000 O/15    Relocatable
 Small   0x0000000205200000 0x00000002053fffe8 0x0000000205400000 O/20    Relocatable
 Small   0x0000000205400000 0x0000000205600000 0x0000000205600000 Y/422   Allocating 
 Small   0x0000000205600000 0x0000000205800000 0x0000000205800000 Y/422   Allocating 
 Small   0x0000000205800000 0x00000002059fff48 0x0000000205a00000 O/20    Relocatable
 Small   0x0000000205a00000 0x0000000205c00000 0x0000000205c00000 Y/422   Allocating 
 Small   0x0000000205e00000 0x0000000205fffff0 0x0000000206000000 O/10    Relocatable
 Small   0x0000000206000000 0x0000000206200000 0x0000000206200000 Y/422   Allocating 
 Small   0x0000000206200000 0x0000000206400000 0x0000000206400000 Y/422   Allocating 
 Small   0x0000000206400000 0x0000000206600000 0x0000000206600000 Y/422   Allocating 
 Small   0x0000000206600000 0x0000000206800000 0x0000000206800000 O/10    Relocatable
 Small   0x0000000206800000 0x0000000206a00000 0x0000000206a00000 Y/422   Allocating 
 Small   0x0000000206a00000 0x0000000206c00000 0x0000000206c00000 Y/422   Allocating 
 Small   0x0000000206c00000 0x0000000206dfffe0 0x0000000206e00000 O/10    Relocatable
 Small   0x0000000206e00000 0x0000000207000000 0x0000000207000000 Y/422   Allocating 
 Small   0x0000000207000000 0x00000002071fe778 0x0000000207200000 Y/422   Allocating 
 Small   0x0000000207200000 0x0000000207400000 0x0000000207400000 Y/422   Allocating 
 Small   0x0000000207400000 0x0000000207600000 0x0000000207600000 Y/422   Allocating 
 Small   0x0000000207600000 0x0000000207800000 0x0000000207800000 O/10    Relocatable
 Small   0x0000000207800000 0x0000000207a00000 0x0000000207a00000 Y/422   Allocating 
 Small   0x0000000207a00000 0x0000000207c00000 0x0000000207c00000 Y/422   Allocating 
 Small   0x0000000207c00000 0x0000000207e00000 0x0000000207e00000 Y/422   Allocating 
 Small   0x0000000207e00000 0x0000000208000000 0x0000000208000000 Y/422   Allocating 
 Small   0x0000000208000000 0x0000000208200000 0x0000000208200000 Y/422   Allocating 
 Small   0x0000000208200000 0x00000002083fffe0 0x0000000208400000 O/22    Relocatable
 Small   0x0000000208400000 0x0000000208600000 0x0000000208600000 Y/422   Allocating 
 Small   0x0000000208600000 0x00000002087fffe0 0x0000000208800000 O/10    Relocatable
 Small   0x0000000208800000 0x0000000208a00000 0x0000000208a00000 Y/422   Allocating 
 Small   0x0000000208a00000 0x0000000208bffff0 0x0000000208c00000 O/13    Relocatable
 Small   0x0000000208c00000 0x0000000208e00000 0x0000000208e00000 Y/422   Allocating 
 Small   0x0000000208e00000 0x0000000208ffffe8 0x0000000209000000 O/10    Relocatable
 Small   0x0000000209000000 0x0000000209200000 0x0000000209200000 Y/422   Allocating 
 Small   0x0000000209200000 0x0000000209400000 0x0000000209400000 O/10    Relocatable
 Small   0x0000000209400000 0x0000000209600000 0x0000000209600000 Y/422   Allocating 
 Small   0x0000000209600000 0x0000000209800000 0x0000000209800000 Y/422   Allocating 
 Small   0x0000000209800000 0x0000000209a00000 0x0000000209a00000 Y/422   Allocating 
 Small   0x0000000209a00000 0x0000000209c00000 0x0000000209c00000 Y/422   Allocating 
 Small   0x0000000209c00000 0x0000000209e00000 0x0000000209e00000 Y/422   Allocating 
 Small   0x0000000209e00000 0x000000020a000000 0x000000020a000000 Y/422   Allocating 
 Small   0x000000020a000000 0x000000020a200000 0x000000020a200000 Y/422   Allocating 
 Small   0x000000020a200000 0x000000020a400000 0x000000020a400000 Y/422   Allocating 
 Small   0x000000020a400000 0x000000020a600000 0x000000020a600000 Y/422   Allocating 
 Small   0x000000020a600000 0x000000020a800000 0x000000020a800000 O/13    Relocatable
 Small   0x000000020a800000 0x000000020aa00000 0x000000020aa00000 Y/422   Allocating 
 Small   0x000000020aa00000 0x000000020ac00000 0x000000020ac00000 Y/422   Allocating 
 Small   0x000000020ac00000 0x000000020ae00000 0x000000020ae00000 Y/422   Allocating 
 Small   0x000000020ae00000 0x000000020b000000 0x000000020b000000 Y/422   Allocating 
 Small   0x000000020b000000 0x000000020b200000 0x000000020b200000 Y/422   Allocating 
 Small   0x000000020b200000 0x000000020b3fffe0 0x000000020b400000 O/19    Relocatable
 Small   0x000000020b400000 0x000000020b600000 0x000000020b600000 Y/422   Allocating 
 Small   0x000000020b600000 0x000000020b800000 0x000000020b800000 Y/422   Allocating 
 Small   0x000000020b800000 0x000000020ba00000 0x000000020ba00000 Y/422   Allocating 
 Small   0x000000020ba00000 0x000000020bc00000 0x000000020bc00000 Y/422   Allocating 
 Small   0x000000020bc00000 0x000000020be00000 0x000000020be00000 Y/422   Allocating 
 Small   0x000000020be00000 0x000000020c000000 0x000000020c000000 Y/422   Allocating 
 Small   0x000000020c000000 0x000000020c200000 0x000000020c200000 Y/422   Allocating 
 Small   0x000000020c200000 0x000000020c3ffff0 0x000000020c400000 O/10    Relocatable
 Small   0x000000020c400000 0x000000020c600000 0x000000020c600000 Y/422   Allocating 
 Small   0x000000020c600000 0x000000020c800000 0x000000020c800000 Y/422   Allocating 
 Small   0x000000020c800000 0x000000020ca00000 0x000000020ca00000 Y/422   Allocating 
 Small   0x000000020ca00000 0x000000020cc00000 0x000000020cc00000 Y/422   Allocating 
 Small   0x000000020cc00000 0x000000020ce00000 0x000000020ce00000 Y/422   Allocating 
 Small   0x000000020ce00000 0x000000020d000000 0x000000020d000000 Y/422   Allocating 
 Small   0x000000020d000000 0x000000020d200000 0x000000020d200000 Y/422   Allocating 
 Small   0x000000020d200000 0x000000020d400000 0x000000020d400000 Y/422   Allocating 
 Small   0x000000020d400000 0x000000020d600000 0x000000020d600000 Y/422   Allocating 
 Small   0x000000020d600000 0x000000020d800000 0x000000020d800000 Y/422   Allocating 
 Small   0x000000020dc00000 0x000000020de00000 0x000000020de00000 Y/422   Allocating 
 Small   0x000000020de00000 0x000000020e000000 0x000000020e000000 Y/422   Allocating 
 Small   0x000000020e000000 0x000000020e1ffff0 0x000000020e200000 O/15    Relocatable
 Small   0x000000020e400000 0x000000020e5ffff0 0x000000020e600000 O/15    Relocatable
 Small   0x000000020e600000 0x000000020e800000 0x000000020e800000 Y/422   Allocating 
 Small   0x000000020e800000 0x000000020ea00000 0x000000020ea00000 Y/422   Allocating 
 Small   0x000000020ea00000 0x000000020ec00000 0x000000020ec00000 Y/422   Allocating 
 Small   0x000000020ec00000 0x000000020ee00000 0x000000020ee00000 O/10    Relocatable
 Small   0x000000020ee00000 0x000000020f000000 0x000000020f000000 Y/422   Allocating 
 Small   0x000000020f000000 0x000000020f200000 0x000000020f200000 Y/422   Allocating 
 Small   0x000000020f200000 0x000000020f400000 0x000000020f400000 Y/422   Allocating 
 Small   0x000000020f600000 0x000000020f800000 0x000000020f800000 Y/422   Allocating 
 Small   0x000000020f800000 0x000000020f9ffe88 0x000000020fa00000 O/13    Relocatable
 Small   0x000000020fa00000 0x000000020fbfc5e8 0x000000020fc00000 O/23    Allocating 
 Small   0x000000020fe00000 0x0000000210000000 0x0000000210000000 Y/422   Allocating 
 Small   0x0000000210000000 0x0000000210200000 0x0000000210200000 Y/422   Allocating 
 Small   0x0000000210200000 0x0000000210400000 0x0000000210400000 Y/422   Allocating 
 Small   0x0000000210400000 0x0000000210600000 0x0000000210600000 Y/422   Allocating 
 Small   0x0000000210600000 0x0000000210800000 0x0000000210800000 Y/422   Allocating 
 Small   0x0000000210800000 0x00000002109fffe8 0x0000000210a00000 O/19    Relocatable
 Small   0x0000000210a00000 0x0000000210c00000 0x0000000210c00000 Y/422   Allocating 
 Small   0x0000000210c00000 0x0000000210e00000 0x0000000210e00000 Y/422   Allocating 
 Small   0x0000000211000000 0x00000002111fffc0 0x0000000211200000 O/12    Relocatable
 Small   0x0000000211200000 0x0000000211400000 0x0000000211400000 Y/422   Allocating 
 Small   0x0000000211400000 0x0000000211600000 0x0000000211600000 Y/422   Allocating 
 Small   0x0000000211600000 0x0000000211800000 0x0000000211800000 O/23    Allocating 
 Small   0x0000000211800000 0x0000000211a00000 0x0000000211a00000 Y/422   Allocating 
 Small   0x0000000211a00000 0x0000000211c00000 0x0000000211c00000 Y/422   Allocating 
 Small   0x0000000211e00000 0x0000000211fffff8 0x0000000212000000 O/19    Relocatable
 Small   0x0000000212000000 0x0000000212200000 0x0000000212200000 Y/422   Allocating 
 Small   0x0000000212400000 0x0000000212600000 0x0000000212600000 Y/422   Allocating 
 Small   0x0000000212800000 0x0000000212a00000 0x0000000212a00000 Y/422   Allocating 
 Small   0x0000000212a00000 0x0000000212c00000 0x0000000212c00000 Y/422   Allocating 
 Small   0x0000000212e00000 0x0000000212ffffe8 0x0000000213000000 O/13    Relocatable
 Small   0x0000000213000000 0x0000000213200000 0x0000000213200000 Y/422   Allocating 
 Small   0x0000000213200000 0x0000000213400000 0x0000000213400000 Y/422   Allocating 
 Small   0x0000000213400000 0x0000000213600000 0x0000000213600000 Y/422   Allocating 
 Small   0x0000000213600000 0x0000000213800000 0x0000000213800000 Y/422   Allocating 
 Small   0x0000000213800000 0x0000000213a00000 0x0000000213a00000 Y/422   Allocating 
 Small   0x0000000213a00000 0x0000000213c00000 0x0000000213c00000 Y/422   Allocating 
 Small   0x0000000213e00000 0x0000000214000000 0x0000000214000000 Y/422   Allocating 
 Small   0x0000000214000000 0x0000000214200000 0x0000000214200000 Y/422   Allocating 
 Small   0x0000000214400000 0x0000000214600000 0x0000000214600000 Y/422   Allocating 
 Small   0x0000000214800000 0x0000000214a00000 0x0000000214a00000 Y/422   Allocating 
 Small   0x0000000214a00000 0x0000000214c00000 0x0000000214c00000 Y/422   Allocating 
 Small   0x0000000214c00000 0x0000000214e00000 0x0000000214e00000 Y/422   Allocating 
 Small   0x0000000214e00000 0x0000000214e40000 0x0000000215000000 Y/422   Allocating 
 Small   0x0000000215000000 0x0000000215200000 0x0000000215200000 Y/422   Allocating 
 Small   0x0000000215200000 0x0000000215400000 0x0000000215400000 Y/422   Allocating 
 Small   0x0000000215400000 0x0000000215600000 0x0000000215600000 Y/422   Allocating 
 Small   0x0000000215600000 0x0000000215800000 0x0000000215800000 Y/422   Allocating 
 Small   0x0000000215800000 0x0000000215a00000 0x0000000215a00000 Y/422   Allocating 
 Small   0x0000000215a00000 0x0000000215c00000 0x0000000215c00000 Y/422   Allocating 
 Small   0x0000000215c00000 0x0000000215e00000 0x0000000215e00000 Y/422   Allocating 
 Small   0x0000000215e00000 0x0000000216000000 0x0000000216000000 Y/422   Allocating 
 Small   0x0000000216000000 0x0000000216200000 0x0000000216200000 Y/422   Allocating 
 Small   0x0000000216200000 0x00000002163fffe8 0x0000000216400000 O/9     Relocatable
 Small   0x0000000216400000 0x0000000216600000 0x0000000216600000 Y/422   Allocating 
 Small   0x0000000216600000 0x0000000216800000 0x0000000216800000 Y/422   Allocating 
 Small   0x0000000216800000 0x0000000216a00000 0x0000000216a00000 Y/422   Allocating 
 Small   0x0000000216a00000 0x0000000216c00000 0x0000000216c00000 Y/422   Allocating 
 Small   0x0000000216c00000 0x0000000216e00000 0x0000000216e00000 Y/422   Allocating 
 Small   0x0000000216e00000 0x0000000217000000 0x0000000217000000 Y/422   Allocating 
 Small   0x0000000217000000 0x0000000217200000 0x0000000217200000 Y/422   Allocating 
 Small   0x0000000217200000 0x0000000217400000 0x0000000217400000 Y/422   Allocating 
 Small   0x0000000217400000 0x0000000217600000 0x0000000217600000 Y/422   Allocating 
 Small   0x0000000217600000 0x0000000217800000 0x0000000217800000 Y/422   Allocating 
 Small   0x0000000217800000 0x00000002179fd1f8 0x0000000217a00000 O/23    Allocating 
 Small   0x0000000217a00000 0x0000000217c00000 0x0000000217c00000 Y/422   Allocating 
 Small   0x0000000217c00000 0x0000000217e00000 0x0000000217e00000 Y/422   Allocating 
 Small   0x0000000217e00000 0x0000000218000000 0x0000000218000000 Y/422   Allocating 
 Small   0x0000000218000000 0x0000000218200000 0x0000000218200000 Y/422   Allocating 
 Small   0x0000000218200000 0x0000000218400000 0x0000000218400000 Y/422   Allocating 
 Small   0x0000000218400000 0x0000000218440000 0x0000000218600000 Y/422   Allocating 
 Small   0x0000000218600000 0x0000000218800000 0x0000000218800000 Y/422   Allocating 
 Small   0x0000000218800000 0x0000000218a00000 0x0000000218a00000 Y/422   Allocating 
 Small   0x0000000218a00000 0x0000000218c00000 0x0000000218c00000 Y/422   Allocating 
 Small   0x0000000218c00000 0x0000000218e00000 0x0000000218e00000 Y/422   Allocating 
 Small   0x0000000218e00000 0x0000000219000000 0x0000000219000000 Y/422   Allocating 
 Small   0x0000000219000000 0x00000002191ffff0 0x0000000219200000 O/20    Relocatable
 Small   0x0000000219200000 0x0000000219400000 0x0000000219400000 Y/422   Allocating 
 Small   0x0000000219400000 0x0000000219600000 0x0000000219600000 Y/422   Allocating 
 Small   0x0000000219600000 0x0000000219800000 0x0000000219800000 O/16    Relocatable
 Small   0x0000000219800000 0x0000000219a00000 0x0000000219a00000 Y/422   Allocating 
 Small   0x0000000219a00000 0x0000000219c00000 0x0000000219c00000 O/9     Relocatable
 Small   0x0000000219c00000 0x0000000219dfffe0 0x0000000219e00000 O/9     Relocatable
 Small   0x0000000219e00000 0x0000000219f00000 0x000000021a000000 Y/422   Allocating 
 Small   0x000000021a000000 0x000000021a200000 0x000000021a200000 Y/422   Allocating 
 Small   0x000000021a200000 0x000000021a400000 0x000000021a400000 Y/422   Allocating 
 Small   0x000000021a400000 0x000000021a480000 0x000000021a600000 Y/422   Allocating 
 Small   0x000000021a600000 0x000000021a800000 0x000000021a800000 Y/422   Allocating 
 Small   0x000000021a800000 0x000000021a8c0000 0x000000021aa00000 Y/422   Allocating 
 Small   0x000000021aa00000 0x000000021ac00000 0x000000021ac00000 Y/422   Allocating 
 Small   0x000000021ac00000 0x000000021ae00000 0x000000021ae00000 Y/422   Allocating 
 Small   0x000000021ae00000 0x000000021b000000 0x000000021b000000 Y/422   Allocating 
 Small   0x000000021b000000 0x000000021b200000 0x000000021b200000 Y/422   Allocating 
 Small   0x000000021b200000 0x000000021b3fffd8 0x000000021b400000 O/9     Relocatable
 Small   0x000000021b400000 0x000000021b5fffe8 0x000000021b600000 O/9     Relocatable
 Small   0x000000021b600000 0x000000021b7ffff0 0x000000021b800000 O/22    Relocatable
 Small   0x000000021b800000 0x000000021b9fff30 0x000000021ba00000 O/9     Relocatable
 Small   0x000000021ba00000 0x000000021bc00000 0x000000021bc00000 Y/422   Allocating 
 Small   0x000000021bc00000 0x000000021be00000 0x000000021be00000 Y/422   Allocating 
 Small   0x000000021be00000 0x000000021c000000 0x000000021c000000 O/20    Relocatable
 Small   0x000000021c000000 0x000000021c180000 0x000000021c200000 Y/422   Allocating 
 Small   0x000000021c200000 0x000000021c400000 0x000000021c400000 Y/422   Allocating 
 Small   0x000000021c400000 0x000000021c600000 0x000000021c600000 Y/422   Allocating 
 Small   0x000000021c600000 0x000000021c800000 0x000000021c800000 Y/422   Allocating 
 Small   0x000000021c800000 0x000000021c920010 0x000000021ca00000 Y/422   Allocating 
 Small   0x000000021ca00000 0x000000021cc00000 0x000000021cc00000 Y/422   Allocating 
 Small   0x000000021cc00000 0x000000021ce00000 0x000000021ce00000 Y/422   Allocating 
 Small   0x000000021ce00000 0x000000021cffffe8 0x000000021d000000 O/10    Relocatable
 Small   0x000000021d000000 0x000000021d1fffc8 0x000000021d200000 O/9     Relocatable
 Small   0x000000021d200000 0x000000021d400000 0x000000021d400000 Y/422   Allocating 
 Small   0x000000021d400000 0x000000021d600000 0x000000021d600000 Y/422   Allocating 
 Small   0x000000021d600000 0x000000021d7fffe0 0x000000021d800000 O/15    Relocatable
 Small   0x000000021d800000 0x000000021d880000 0x000000021da00000 Y/422   Allocating 
 Small   0x000000021da00000 0x000000021db48010 0x000000021dc00000 Y/422   Allocating 
 Small   0x000000021dc00000 0x000000021de00000 0x000000021de00000 Y/422   Allocating 
 Small   0x000000021de00000 0x000000021e000000 0x000000021e000000 Y/422   Allocating 
 Small   0x000000021e000000 0x000000021e1fc478 0x000000021e200000 O/16    Relocatable
 Small   0x000000021e200000 0x000000021e400000 0x000000021e400000 Y/422   Allocating 
 Small   0x000000021e400000 0x000000021e4c0000 0x000000021e600000 Y/422   Allocating 
 Small   0x000000021e600000 0x000000021e800000 0x000000021e800000 Y/422   Allocating 
 Small   0x000000021e800000 0x000000021ea00000 0x000000021ea00000 Y/422   Allocating 
 Small   0x000000021ea00000 0x000000021ec00000 0x000000021ec00000 Y/422   Allocating 
 Small   0x000000021ec00000 0x000000021ee00000 0x000000021ee00000 Y/422   Allocating 
 Small   0x000000021ee00000 0x000000021efffe48 0x000000021f000000 O/18    Relocatable
 Small   0x000000021f000000 0x000000021f200000 0x000000021f200000 Y/422   Allocating 
 Small   0x000000021f200000 0x000000021f400000 0x000000021f400000 Y/422   Allocating 
 Small   0x000000021f400000 0x000000021f600000 0x000000021f600000 Y/422   Allocating 
 Small   0x000000021f600000 0x000000021f800000 0x000000021f800000 Y/422   Allocating 
 Small   0x000000021f800000 0x000000021fa00000 0x000000021fa00000 Y/422   Allocating 
 Small   0x000000021fa00000 0x000000021fc00000 0x000000021fc00000 Y/422   Allocating 
 Small   0x000000021fc00000 0x000000021fe00000 0x000000021fe00000 Y/422   Allocating 
 Small   0x000000021fe00000 0x0000000220000000 0x0000000220000000 Y/422   Allocating 
 Small   0x0000000220000000 0x0000000220200000 0x0000000220200000 Y/422   Allocating 
 Small   0x0000000220200000 0x0000000220400000 0x0000000220400000 Y/422   Allocating 
 Small   0x0000000220400000 0x0000000220600000 0x0000000220600000 Y/422   Allocating 
 Small   0x0000000220600000 0x0000000220800000 0x0000000220800000 Y/422   Allocating 
 Small   0x0000000220800000 0x0000000220a00000 0x0000000220a00000 Y/422   Allocating 
 Small   0x0000000220a00000 0x0000000220b00000 0x0000000220c00000 Y/422   Allocating 
 Small   0x0000000220c00000 0x0000000220e00000 0x0000000220e00000 Y/422   Allocating 
 Small   0x0000000220e00000 0x0000000221000000 0x0000000221000000 Y/422   Allocating 
 Small   0x0000000221000000 0x0000000221200000 0x0000000221200000 Y/422   Allocating 
 Small   0x0000000221200000 0x0000000221400000 0x0000000221400000 Y/422   Allocating 
 Small   0x0000000221400000 0x0000000221600000 0x0000000221600000 Y/422   Allocating 
 Small   0x0000000221600000 0x0000000221800000 0x0000000221800000 Y/422   Allocating 
 Small   0x0000000221800000 0x0000000221a00000 0x0000000221a00000 Y/422   Allocating 
 Small   0x0000000221a00000 0x0000000221c00000 0x0000000221c00000 Y/422   Allocating 
 Small   0x0000000221c00000 0x0000000221e00000 0x0000000221e00000 Y/422   Allocating 
 Small   0x0000000221e00000 0x0000000222000000 0x0000000222000000 Y/422   Allocating 
 Small   0x0000000222000000 0x00000002221fff78 0x0000000222200000 O/9     Relocatable
 Small   0x0000000222200000 0x00000002223ffff0 0x0000000222400000 O/11    Relocatable
 Small   0x0000000222400000 0x00000002225ffee8 0x0000000222600000 O/15    Relocatable
 Small   0x0000000222600000 0x0000000222800000 0x0000000222800000 Y/422   Allocating 
 Small   0x0000000222800000 0x00000002229ffed0 0x0000000222a00000 O/15    Relocatable
 Small   0x0000000222a00000 0x0000000222c00000 0x0000000222c00000 Y/422   Allocating 
 Small   0x0000000222c00000 0x0000000222e00000 0x0000000222e00000 Y/422   Allocating 
 Small   0x0000000222e00000 0x0000000223000000 0x0000000223000000 Y/422   Allocating 
 Small   0x0000000223000000 0x0000000223200000 0x0000000223200000 Y/422   Allocating 
 Small   0x0000000223200000 0x0000000223400000 0x0000000223400000 Y/422   Allocating 
 Small   0x0000000223400000 0x0000000223600000 0x0000000223600000 Y/422   Allocating 
 Small   0x0000000223600000 0x0000000223800000 0x0000000223800000 Y/422   Allocating 
 Small   0x0000000223800000 0x0000000223a00000 0x0000000223a00000 Y/422   Allocating 
 Small   0x0000000223a00000 0x0000000223c00000 0x0000000223c00000 Y/422   Allocating 
 Small   0x0000000223c00000 0x0000000223e00000 0x0000000223e00000 Y/422   Allocating 
 Small   0x0000000223e00000 0x0000000224000000 0x0000000224000000 Y/422   Allocating 
 Small   0x0000000224000000 0x0000000224200000 0x0000000224200000 Y/422   Allocating 
 Small   0x0000000224200000 0x0000000224400000 0x0000000224400000 O/15    Relocatable
 Small   0x0000000224400000 0x0000000224600000 0x0000000224600000 Y/422   Allocating 
 Small   0x0000000224600000 0x0000000224800000 0x0000000224800000 Y/422   Allocating 
 Small   0x0000000224800000 0x0000000224a00000 0x0000000224a00000 Y/422   Allocating 
 Small   0x0000000224a00000 0x0000000224c00000 0x0000000224c00000 Y/422   Allocating 
 Small   0x0000000224c00000 0x0000000224e00000 0x0000000224e00000 Y/422   Allocating 
 Small   0x0000000224e00000 0x0000000225000000 0x0000000225000000 Y/422   Allocating 
 Small   0x0000000225000000 0x0000000225200000 0x0000000225200000 Y/422   Allocating 
 Small   0x0000000225200000 0x0000000225400000 0x0000000225400000 Y/422   Allocating 
 Small   0x0000000225400000 0x0000000225600000 0x0000000225600000 Y/422   Allocating 
 Small   0x0000000225600000 0x0000000225800000 0x0000000225800000 Y/422   Allocating 
 Small   0x0000000225800000 0x0000000225a00000 0x0000000225a00000 Y/422   Allocating 
 Small   0x0000000225a00000 0x0000000225c00000 0x0000000225c00000 Y/422   Allocating 
 Small   0x0000000225c00000 0x0000000225e00000 0x0000000225e00000 Y/422   Allocating 
 Small   0x0000000225e00000 0x0000000226000000 0x0000000226000000 Y/422   Allocating 
 Small   0x0000000226000000 0x00000002261fd030 0x0000000226200000 Y/422   Allocating 
 Small   0x0000000226200000 0x0000000226400000 0x0000000226400000 Y/422   Allocating 
 Small   0x0000000226400000 0x0000000226600000 0x0000000226600000 Y/422   Allocating 
 Small   0x0000000226600000 0x00000002267c0000 0x0000000226800000 Y/422   Allocating 
 Small   0x0000000226800000 0x0000000226a00000 0x0000000226a00000 Y/422   Allocating 
 Small   0x0000000226a00000 0x0000000226bffff8 0x0000000226c00000 O/9     Relocatable
 Small   0x0000000226c00000 0x0000000226e00000 0x0000000226e00000 Y/422   Allocating 
 Small   0x0000000226e00000 0x0000000227000000 0x0000000227000000 Y/422   Allocating 
 Small   0x0000000227000000 0x0000000227180000 0x0000000227200000 Y/422   Allocating 
 Small   0x0000000227200000 0x0000000227400000 0x0000000227400000 O/13    Relocatable
 Small   0x0000000227400000 0x0000000227600000 0x0000000227600000 Y/422   Allocating 
 Small   0x0000000227600000 0x00000002277fffe0 0x0000000227800000 O/15    Relocatable
 Small   0x0000000227800000 0x0000000227a00000 0x0000000227a00000 Y/422   Allocating 
 Small   0x0000000227a00000 0x0000000227c00000 0x0000000227c00000 Y/422   Allocating 
 Small   0x0000000227c00000 0x0000000227e00000 0x0000000227e00000 Y/422   Allocating 
 Small   0x0000000227e00000 0x0000000228000000 0x0000000228000000 Y/422   Allocating 
 Small   0x0000000228000000 0x0000000228200000 0x0000000228200000 Y/422   Allocating 
 Small   0x0000000228200000 0x0000000228400000 0x0000000228400000 Y/422   Allocating 
 Small   0x0000000228400000 0x0000000228600000 0x0000000228600000 Y/422   Allocating 
 Small   0x0000000228600000 0x0000000228800000 0x0000000228800000 Y/422   Allocating 
 Small   0x0000000228800000 0x0000000228a00000 0x0000000228a00000 Y/422   Allocating 
 Small   0x0000000228a00000 0x0000000228c00000 0x0000000228c00000 Y/422   Allocating 
 Small   0x0000000228c00000 0x0000000228e00000 0x0000000228e00000 Y/422   Allocating 
 Small   0x0000000228e00000 0x0000000229000000 0x0000000229000000 Y/422   Allocating 
 Small   0x0000000229000000 0x00000002291c0000 0x0000000229200000 Y/422   Allocating 
 Small   0x0000000229200000 0x0000000229400000 0x0000000229400000 Y/422   Allocating 
 Small   0x0000000229400000 0x0000000229600000 0x0000000229600000 Y/422   Allocating 
 Small   0x0000000229600000 0x0000000229800000 0x0000000229800000 Y/422   Allocating 
 Small   0x0000000229800000 0x0000000229a00000 0x0000000229a00000 Y/422   Allocating 
 Small   0x0000000229a00000 0x0000000229c00000 0x0000000229c00000 Y/422   Allocating 
 Small   0x0000000229c00000 0x0000000229e00000 0x0000000229e00000 Y/422   Allocating 
 Small   0x0000000229e00000 0x000000022a000000 0x000000022a000000 Y/422   Allocating 
 Small   0x000000022a000000 0x000000022a200000 0x000000022a200000 Y/422   Allocating 
 Small   0x000000022a200000 0x000000022a3fffe0 0x000000022a400000 O/15    Relocatable
 Small   0x000000022a400000 0x000000022a600000 0x000000022a600000 Y/422   Allocating 
 Small   0x000000022a600000 0x000000022a800000 0x000000022a800000 Y/422   Allocating 
 Small   0x000000022a800000 0x000000022aa00000 0x000000022aa00000 Y/422   Allocating 
 Small   0x000000022aa00000 0x000000022ac00000 0x000000022ac00000 Y/422   Allocating 
 Small   0x000000022ac00000 0x000000022ae00000 0x000000022ae00000 Y/422   Allocating 
 Small   0x000000022ae00000 0x000000022b000000 0x000000022b000000 Y/422   Allocating 
 Small   0x000000022b000000 0x000000022b200000 0x000000022b200000 Y/422   Allocating 
 Small   0x000000022b200000 0x000000022b400000 0x000000022b400000 Y/422   Allocating 
 Small   0x000000022b400000 0x000000022b600000 0x000000022b600000 Y/422   Allocating 
 Small   0x000000022b600000 0x000000022b800000 0x000000022b800000 Y/422   Allocating 
 Small   0x000000022b800000 0x000000022ba00000 0x000000022ba00000 Y/422   Allocating 
 Small   0x000000022ba00000 0x000000022bc00000 0x000000022bc00000 Y/422   Allocating 
 Small   0x000000022bc00000 0x000000022bc40000 0x000000022be00000 Y/422   Allocating 
 Small   0x000000022be00000 0x000000022c000000 0x000000022c000000 O/13    Relocatable
 Small   0x000000022c000000 0x000000022c200000 0x000000022c200000 Y/422   Allocating 
 Small   0x000000022c200000 0x000000022c400000 0x000000022c400000 Y/422   Allocating 
 Small   0x000000022c400000 0x000000022c600000 0x000000022c600000 Y/422   Allocating 
 Small   0x000000022c600000 0x000000022c800000 0x000000022c800000 Y/422   Allocating 
 Small   0x000000022c800000 0x000000022ca00000 0x000000022ca00000 Y/422   Allocating 
 Small   0x000000022ca00000 0x000000022cc00000 0x000000022cc00000 Y/422   Allocating 
 Small   0x000000022cc00000 0x000000022ce00000 0x000000022ce00000 Y/422   Allocating 
 Small   0x000000022ce00000 0x000000022d000000 0x000000022d000000 Y/422   Allocating 
 Small   0x000000022d000000 0x000000022d200000 0x000000022d200000 Y/422   Allocating 
 Small   0x000000022d200000 0x000000022d400000 0x000000022d400000 Y/422   Allocating 
 Small   0x000000022d400000 0x000000022d600000 0x000000022d600000 Y/422   Allocating 
 Small   0x000000022d600000 0x000000022d800000 0x000000022d800000 Y/422   Allocating 
 Small   0x000000022d800000 0x000000022da00000 0x000000022da00000 Y/422   Allocating 
 Small   0x000000022da00000 0x000000022dc00000 0x000000022dc00000 Y/422   Allocating 
 Small   0x000000022dc00000 0x000000022de00000 0x000000022de00000 Y/422   Allocating 
 Small   0x000000022de00000 0x000000022e000000 0x000000022e000000 Y/422   Allocating 
 Small   0x000000022e000000 0x000000022e200000 0x000000022e200000 Y/422   Allocating 
 Small   0x000000022e200000 0x000000022e400000 0x000000022e400000 Y/422   Allocating 
 Small   0x000000022e400000 0x000000022e600000 0x000000022e600000 Y/422   Allocating 
 Small   0x000000022e600000 0x000000022e800000 0x000000022e800000 Y/422   Allocating 
 Small   0x000000022e800000 0x000000022e9fffc0 0x000000022ea00000 O/10    Relocatable
 Small   0x000000022ea00000 0x000000022ec00000 0x000000022ec00000 Y/422   Allocating 
 Small   0x000000022ec00000 0x000000022ee00000 0x000000022ee00000 Y/422   Allocating 
 Small   0x000000022ee00000 0x000000022efffde0 0x000000022f000000 O/15    Relocatable
 Small   0x000000022f000000 0x000000022f200000 0x000000022f200000 Y/422   Allocating 
 Small   0x000000022f200000 0x000000022f400000 0x000000022f400000 Y/422   Allocating 
 Small   0x000000022f400000 0x000000022f600000 0x000000022f600000 O/9     Relocatable
 Small   0x000000022f600000 0x000000022f800000 0x000000022f800000 Y/422   Allocating 
 Small   0x000000022f800000 0x000000022fa00000 0x000000022fa00000 Y/422   Allocating 
 Small   0x000000022fa00000 0x000000022fc00000 0x000000022fc00000 Y/422   Allocating 
 Small   0x000000022fc00000 0x000000022fdffff0 0x000000022fe00000 O/9     Relocatable
 Small   0x000000022fe00000 0x000000022fffdbe0 0x0000000230000000 O/22    Relocatable
 Small   0x0000000230000000 0x0000000230200000 0x0000000230200000 Y/422   Allocating 
 Small   0x0000000230200000 0x00000002303ffff0 0x0000000230400000 O/19    Relocatable
 Small   0x0000000230400000 0x0000000230600000 0x0000000230600000 Y/422   Allocating 
 Small   0x0000000230600000 0x0000000230800000 0x0000000230800000 Y/422   Allocating 
 Small   0x0000000230800000 0x0000000230a00000 0x0000000230a00000 Y/422   Allocating 
 Small   0x0000000230a00000 0x0000000230c00000 0x0000000230c00000 Y/422   Allocating 
 Small   0x0000000230c00000 0x0000000230e00000 0x0000000230e00000 Y/422   Allocating 
 Small   0x0000000230e00000 0x0000000231000000 0x0000000231000000 Y/422   Allocating 
 Small   0x0000000231000000 0x0000000231200000 0x0000000231200000 Y/422   Allocating 
 Small   0x0000000231200000 0x0000000231400000 0x0000000231400000 Y/422   Allocating 
 Small   0x0000000231400000 0x0000000231600000 0x0000000231600000 Y/422   Allocating 
 Small   0x0000000231600000 0x0000000231800000 0x0000000231800000 Y/422   Allocating 
 Small   0x0000000231800000 0x0000000231a00000 0x0000000231a00000 Y/422   Allocating 
 Small   0x0000000231a00000 0x0000000231c00000 0x0000000231c00000 Y/422   Allocating 
 Small   0x0000000231c00000 0x0000000231e00000 0x0000000231e00000 Y/422   Allocating 
 Small   0x0000000231e00000 0x0000000232000000 0x0000000232000000 Y/422   Allocating 
 Small   0x0000000232000000 0x0000000232200000 0x0000000232200000 Y/422   Allocating 
 Small   0x0000000232200000 0x0000000232400000 0x0000000232400000 Y/422   Allocating 
 Small   0x0000000232400000 0x0000000232600000 0x0000000232600000 Y/422   Allocating 
 Small   0x0000000232600000 0x0000000232800000 0x0000000232800000 Y/422   Allocating 
 Small   0x0000000232800000 0x0000000232a00000 0x0000000232a00000 Y/422   Allocating 
 Small   0x0000000232a00000 0x0000000232c00000 0x0000000232c00000 Y/422   Allocating 
 Small   0x0000000232c00000 0x0000000232e00000 0x0000000232e00000 Y/422   Allocating 
 Small   0x0000000232e00000 0x0000000233000000 0x0000000233000000 Y/422   Allocating 
 Small   0x0000000233000000 0x00000002331ffe90 0x0000000233200000 Y/422   Allocating 
 Small   0x0000000233200000 0x0000000233400000 0x0000000233400000 Y/422   Allocating 
 Small   0x0000000233400000 0x0000000233600000 0x0000000233600000 Y/422   Allocating 
 Small   0x0000000233600000 0x0000000233800000 0x0000000233800000 Y/422   Allocating 
 Small   0x0000000233800000 0x0000000233a00000 0x0000000233a00000 Y/422   Allocating 
 Small   0x0000000233a00000 0x0000000233c00000 0x0000000233c00000 Y/422   Allocating 
 Small   0x0000000233c00000 0x0000000233e00000 0x0000000233e00000 Y/422   Allocating 
 Small   0x0000000233e00000 0x0000000234000000 0x0000000234000000 Y/422   Allocating 
 Small   0x0000000234000000 0x00000002341ffe08 0x0000000234200000 O/15    Relocatable
 Small   0x0000000234200000 0x0000000234400000 0x0000000234400000 Y/422   Allocating 
 Small   0x0000000234400000 0x0000000234600000 0x0000000234600000 Y/422   Allocating 
 Small   0x0000000234600000 0x0000000234800000 0x0000000234800000 Y/422   Allocating 
 Small   0x0000000234800000 0x0000000234a00000 0x0000000234a00000 Y/422   Allocating 
 Small   0x0000000234a00000 0x0000000234c00000 0x0000000234c00000 Y/422   Allocating 
 Small   0x0000000234c00000 0x0000000234e00000 0x0000000234e00000 Y/422   Allocating 
 Small   0x0000000234e00000 0x0000000235000000 0x0000000235000000 Y/422   Allocating 
 Small   0x0000000235000000 0x0000000235200000 0x0000000235200000 Y/422   Allocating 
 Small   0x0000000235200000 0x0000000235400000 0x0000000235400000 Y/422   Allocating 
 Small   0x0000000235400000 0x0000000235600000 0x0000000235600000 Y/422   Allocating 
 Small   0x0000000235600000 0x0000000235800000 0x0000000235800000 Y/422   Allocating 
 Small   0x0000000235800000 0x00000002359fff48 0x0000000235a00000 O/17    Relocatable
 Small   0x0000000235a00000 0x0000000235c00000 0x0000000235c00000 Y/422   Allocating 
 Small   0x0000000235c00000 0x0000000235e00000 0x0000000235e00000 Y/422   Allocating 
 Small   0x0000000235e00000 0x0000000236000000 0x0000000236000000 Y/422   Allocating 
 Small   0x0000000236000000 0x0000000236200000 0x0000000236200000 Y/422   Allocating 
 Small   0x0000000236200000 0x0000000236400000 0x0000000236400000 O/9     Relocatable
 Small   0x0000000236400000 0x0000000236600000 0x0000000236600000 Y/422   Allocating 
 Small   0x0000000236600000 0x00000002367ffff0 0x0000000236800000 O/15    Relocatable
 Small   0x0000000236800000 0x0000000236a00000 0x0000000236a00000 Y/422   Allocating 
 Small   0x0000000236a00000 0x0000000236bfd7f0 0x0000000236c00000 O/9     Relocatable
 Small   0x0000000236c00000 0x0000000236e00000 0x0000000236e00000 Y/422   Allocating 
 Small   0x0000000236e00000 0x0000000237000000 0x0000000237000000 Y/422   Allocating 
 Small   0x0000000237000000 0x0000000237200000 0x0000000237200000 Y/422   Allocating 
 Small   0x0000000237200000 0x0000000237400000 0x0000000237400000 Y/422   Allocating 
 Small   0x0000000237400000 0x0000000237600000 0x0000000237600000 Y/422   Allocating 
 Small   0x0000000237600000 0x0000000237800000 0x0000000237800000 Y/422   Allocating 
 Small   0x0000000237800000 0x0000000237a00000 0x0000000237a00000 Y/422   Allocating 
 Small   0x0000000237a00000 0x0000000237c00000 0x0000000237c00000 Y/422   Allocating 
 Small   0x0000000237c00000 0x0000000237e00000 0x0000000237e00000 Y/422   Allocating 
 Small   0x0000000237e00000 0x0000000238000000 0x0000000238000000 Y/422   Allocating 
 Small   0x0000000238000000 0x0000000238200000 0x0000000238200000 Y/422   Allocating 
 Small   0x0000000238200000 0x0000000238400000 0x0000000238400000 Y/422   Allocating 
 Small   0x0000000238400000 0x0000000238600000 0x0000000238600000 Y/422   Allocating 
 Small   0x0000000238600000 0x0000000238800000 0x0000000238800000 Y/422   Allocating 
 Small   0x0000000238800000 0x0000000238a00000 0x0000000238a00000 Y/422   Allocating 
 Small   0x0000000238a00000 0x0000000238bffff8 0x0000000238c00000 O/9     Relocatable
 Small   0x0000000238c00000 0x0000000238e00000 0x0000000238e00000 Y/422   Allocating 
 Small   0x0000000238e00000 0x0000000239000000 0x0000000239000000 Y/422   Allocating 
 Small   0x0000000239000000 0x0000000239200000 0x0000000239200000 Y/422   Allocating 
 Small   0x0000000239200000 0x0000000239400000 0x0000000239400000 Y/422   Allocating 
 Small   0x0000000239400000 0x0000000239600000 0x0000000239600000 Y/422   Allocating 
 Small   0x0000000239600000 0x0000000239800000 0x0000000239800000 Y/422   Allocating 
 Small   0x0000000239800000 0x0000000239a00000 0x0000000239a00000 Y/422   Allocating 
 Small   0x0000000239a00000 0x0000000239bfffe0 0x0000000239c00000 O/9     Relocatable
 Small   0x0000000239c00000 0x0000000239dfffe0 0x0000000239e00000 O/9     Relocatable
 Small   0x0000000239e00000 0x000000023a000000 0x000000023a000000 Y/422   Allocating 
 Small   0x000000023a000000 0x000000023a1ffff8 0x000000023a200000 O/22    Relocatable
 Small   0x000000023a200000 0x000000023a400000 0x000000023a400000 Y/422   Allocating 
 Small   0x000000023a400000 0x000000023a600000 0x000000023a600000 Y/422   Allocating 
 Small   0x000000023a600000 0x000000023a800000 0x000000023a800000 Y/422   Allocating 
 Small   0x000000023a800000 0x000000023aa00000 0x000000023aa00000 Y/422   Allocating 
 Small   0x000000023aa00000 0x000000023ac00000 0x000000023ac00000 Y/422   Allocating 
 Small   0x000000023ac00000 0x000000023ae00000 0x000000023ae00000 Y/422   Allocating 
 Small   0x000000023ae00000 0x000000023affffc8 0x000000023b000000 O/23    Allocating 
 Small   0x000000023b000000 0x000000023b200000 0x000000023b200000 Y/422   Allocating 
 Small   0x000000023b200000 0x000000023b400000 0x000000023b400000 Y/422   Allocating 
 Small   0x000000023b400000 0x000000023b5ffff0 0x000000023b600000 O/19    Relocatable
 Small   0x000000023b600000 0x000000023b800000 0x000000023b800000 Y/422   Allocating 
 Small   0x000000023b800000 0x000000023ba00000 0x000000023ba00000 Y/422   Allocating 
 Small   0x000000023ba00000 0x000000023bc00000 0x000000023bc00000 Y/422   Allocating 
 Small   0x000000023bc00000 0x000000023be00000 0x000000023be00000 Y/422   Allocating 
 Small   0x000000023be00000 0x000000023c000000 0x000000023c000000 Y/422   Allocating 
 Small   0x000000023c000000 0x000000023c1fff38 0x000000023c200000 O/9     Relocatable
 Small   0x000000023c200000 0x000000023c400000 0x000000023c400000 Y/422   Allocating 
 Small   0x000000023c400000 0x000000023c600000 0x000000023c600000 O/21    Relocatable
 Small   0x000000023c600000 0x000000023c800000 0x000000023c800000 Y/422   Allocating 
 Small   0x000000023c800000 0x000000023ca00000 0x000000023ca00000 Y/422   Allocating 
 Small   0x000000023ca00000 0x000000023cc00000 0x000000023cc00000 Y/422   Allocating 
 Small   0x000000023cc00000 0x000000023cdffff8 0x000000023ce00000 O/9     Relocatable
 Small   0x000000023ce00000 0x000000023d000000 0x000000023d000000 Y/422   Allocating 
 Small   0x000000023d000000 0x000000023d200000 0x000000023d200000 Y/422   Allocating 
 Small   0x000000023d200000 0x000000023d400000 0x000000023d400000 Y/422   Allocating 
 Small   0x000000023d400000 0x000000023d600000 0x000000023d600000 Y/422   Allocating 
 Small   0x000000023d600000 0x000000023d800000 0x000000023d800000 Y/422   Allocating 
 Small   0x000000023d800000 0x000000023da00000 0x000000023da00000 Y/422   Allocating 
 Small   0x000000023da00000 0x000000023dbffcf8 0x000000023dc00000 O/10    Relocatable
 Small   0x000000023dc00000 0x000000023de00000 0x000000023de00000 Y/422   Allocating 
 Small   0x000000023de00000 0x000000023e000000 0x000000023e000000 Y/422   Allocating 
 Small   0x000000023e000000 0x000000023e200000 0x000000023e200000 Y/422   Allocating 
 Small   0x000000023e200000 0x000000023e400000 0x000000023e400000 Y/422   Allocating 
 Small   0x000000023e400000 0x000000023e600000 0x000000023e600000 Y/422   Allocating 
 Small   0x000000023e600000 0x000000023e800000 0x000000023e800000 Y/422   Allocating 
 Small   0x000000023e800000 0x000000023ea00000 0x000000023ea00000 Y/422   Allocating 
 Small   0x000000023ea00000 0x000000023ec00000 0x000000023ec00000 Y/422   Allocating 
 Small   0x000000023ec00000 0x000000023edffef8 0x000000023ee00000 O/23    Allocating 
 Small   0x000000023ee00000 0x000000023efffff8 0x000000023f000000 O/23    Allocating 
 Small   0x000000023f000000 0x000000023f200000 0x000000023f200000 Y/422   Allocating 
 Small   0x000000023f200000 0x000000023f400000 0x000000023f400000 Y/422   Allocating 
 Small   0x000000023f400000 0x000000023f600000 0x000000023f600000 Y/422   Allocating 
 Small   0x000000023f600000 0x000000023f800000 0x000000023f800000 Y/422   Allocating 
 Small   0x000000023f800000 0x000000023fa00000 0x000000023fa00000 Y/422   Allocating 
 Small   0x000000023fa00000 0x000000023fc00000 0x000000023fc00000 Y/422   Allocating 
 Small   0x000000023fc00000 0x000000023fe00000 0x000000023fe00000 Y/422   Allocating 
 Small   0x000000023fe00000 0x000000023fffffe0 0x0000000240000000 O/15    Relocatable
 Small   0x0000000240000000 0x0000000240200000 0x0000000240200000 Y/422   Allocating 
 Small   0x0000000240200000 0x00000002403fffb8 0x0000000240400000 O/9     Relocatable
 Small   0x0000000240400000 0x0000000240600000 0x0000000240600000 Y/422   Allocating 
 Small   0x0000000240600000 0x0000000240800000 0x0000000240800000 Y/422   Allocating 
 Small   0x0000000240800000 0x0000000240a00000 0x0000000240a00000 Y/422   Allocating 
 Small   0x0000000240a00000 0x0000000240c00000 0x0000000240c00000 Y/422   Allocating 
 Small   0x0000000240c00000 0x0000000240e00000 0x0000000240e00000 Y/422   Allocating 
 Small   0x0000000240e00000 0x0000000241000000 0x0000000241000000 Y/422   Allocating 
 Small   0x0000000241000000 0x0000000241200000 0x0000000241200000 Y/422   Allocating 
 Small   0x0000000241200000 0x0000000241400000 0x0000000241400000 Y/422   Allocating 
 Small   0x0000000241400000 0x0000000241600000 0x0000000241600000 Y/422   Allocating 
 Small   0x0000000241600000 0x0000000241800000 0x0000000241800000 Y/422   Allocating 
 Small   0x0000000241800000 0x0000000241a00000 0x0000000241a00000 Y/422   Allocating 
 Small   0x0000000241a00000 0x0000000241c00000 0x0000000241c00000 Y/422   Allocating 
 Small   0x0000000241c00000 0x0000000241e00000 0x0000000241e00000 Y/422   Allocating 
 Small   0x0000000241e00000 0x0000000242000000 0x0000000242000000 Y/422   Allocating 
 Small   0x0000000242000000 0x0000000242200000 0x0000000242200000 Y/422   Allocating 
 Small   0x0000000242200000 0x0000000242400000 0x0000000242400000 Y/422   Allocating 
 Small   0x0000000242400000 0x00000002425fffc8 0x0000000242600000 O/9     Relocatable
 Small   0x0000000242600000 0x0000000242800000 0x0000000242800000 O/9     Relocatable
 Small   0x0000000242800000 0x0000000242a00000 0x0000000242a00000 O/9     Relocatable
 Small   0x0000000242a00000 0x0000000242c00000 0x0000000242c00000 O/9     Relocatable
 Small   0x0000000242c00000 0x0000000242e00000 0x0000000242e00000 O/9     Relocatable
 Small   0x0000000242e00000 0x0000000243000000 0x0000000243000000 O/9     Relocatable
 Small   0x0000000243000000 0x0000000243200000 0x0000000243200000 Y/422   Allocating 
 Small   0x0000000243200000 0x0000000243400000 0x0000000243400000 Y/422   Allocating 
 Small   0x0000000243400000 0x0000000243600000 0x0000000243600000 Y/422   Allocating 
 Small   0x0000000243600000 0x0000000243800000 0x0000000243800000 Y/422   Allocating 
 Small   0x0000000243800000 0x0000000243a00000 0x0000000243a00000 Y/422   Allocating 
 Small   0x0000000243a00000 0x0000000243c00000 0x0000000243c00000 Y/422   Allocating 
 Small   0x0000000243c00000 0x0000000243dfff80 0x0000000243e00000 O/9     Relocatable
 Small   0x0000000243e00000 0x0000000244000000 0x0000000244000000 Y/422   Allocating 
 Small   0x0000000244000000 0x0000000244200000 0x0000000244200000 Y/422   Allocating 
 Small   0x0000000244200000 0x0000000244400000 0x0000000244400000 O/15    Relocatable
 Small   0x0000000244400000 0x0000000244600000 0x0000000244600000 Y/422   Allocating 
 Small   0x0000000244600000 0x0000000244800000 0x0000000244800000 Y/422   Allocating 
 Small   0x0000000244800000 0x0000000244a00000 0x0000000244a00000 Y/422   Allocating 
 Small   0x0000000244a00000 0x0000000244c00000 0x0000000244c00000 Y/422   Allocating 
 Small   0x0000000244c00000 0x0000000244e00000 0x0000000244e00000 O/15    Relocatable
 Small   0x0000000244e00000 0x0000000244ffffa8 0x0000000245000000 O/23    Allocating 
 Small   0x0000000245000000 0x0000000245200000 0x0000000245200000 Y/422   Allocating 
 Small   0x0000000245200000 0x00000002453ffff0 0x0000000245400000 O/10    Relocatable
 Small   0x0000000245400000 0x0000000245600000 0x0000000245600000 Y/422   Allocating 
 Small   0x0000000245600000 0x0000000245800000 0x0000000245800000 Y/422   Allocating 
 Small   0x0000000245800000 0x0000000245a00000 0x0000000245a00000 Y/422   Allocating 
 Small   0x0000000245a00000 0x0000000245c00000 0x0000000245c00000 Y/422   Allocating 
 Small   0x0000000245c00000 0x0000000245e00000 0x0000000245e00000 Y/422   Allocating 
 Small   0x0000000245e00000 0x0000000246000000 0x0000000246000000 Y/422   Allocating 
 Small   0x0000000246000000 0x0000000246200000 0x0000000246200000 Y/422   Allocating 
 Small   0x0000000246200000 0x0000000246400000 0x0000000246400000 Y/422   Allocating 
 Small   0x0000000246400000 0x0000000246600000 0x0000000246600000 Y/422   Allocating 
 Small   0x0000000246600000 0x0000000246800000 0x0000000246800000 Y/422   Allocating 
 Small   0x0000000246800000 0x00000002469ffff8 0x0000000246a00000 O/9     Relocatable
 Small   0x0000000246a00000 0x0000000246c00000 0x0000000246c00000 Y/422   Allocating 
 Small   0x0000000246c00000 0x0000000246e00000 0x0000000246e00000 Y/422   Allocating 
 Small   0x0000000246e00000 0x0000000246ffffe8 0x0000000247000000 O/15    Relocatable
 Small   0x0000000247000000 0x0000000247200000 0x0000000247200000 Y/422   Allocating 
 Small   0x0000000247200000 0x0000000247400000 0x0000000247400000 Y/422   Allocating 
 Small   0x0000000247400000 0x0000000247600000 0x0000000247600000 Y/422   Allocating 
 Small   0x0000000247600000 0x0000000247800000 0x0000000247800000 Y/422   Allocating 
 Small   0x0000000247800000 0x0000000247a00000 0x0000000247a00000 Y/422   Allocating 
 Small   0x0000000247a00000 0x0000000247c00000 0x0000000247c00000 Y/422   Allocating 
 Small   0x0000000247c00000 0x0000000247e00000 0x0000000247e00000 Y/422   Allocating 
 Small   0x0000000247e00000 0x0000000248000000 0x0000000248000000 Y/422   Allocating 
 Small   0x0000000248000000 0x0000000248200000 0x0000000248200000 Y/422   Allocating 
 Small   0x0000000248200000 0x0000000248400000 0x0000000248400000 Y/422   Allocating 
 Small   0x0000000248400000 0x0000000248600000 0x0000000248600000 Y/422   Allocating 
 Small   0x0000000248600000 0x0000000248800000 0x0000000248800000 Y/422   Allocating 
 Small   0x0000000248800000 0x0000000248a00000 0x0000000248a00000 Y/422   Allocating 
 Small   0x0000000248a00000 0x0000000248c00000 0x0000000248c00000 Y/422   Allocating 
 Small   0x0000000248c00000 0x0000000248e00000 0x0000000248e00000 Y/422   Allocating 
 Small   0x0000000248e00000 0x0000000249000000 0x0000000249000000 Y/422   Allocating 
 Small   0x0000000249000000 0x0000000249200000 0x0000000249200000 Y/422   Allocating 
 Small   0x0000000249200000 0x0000000249400000 0x0000000249400000 Y/422   Allocating 
 Small   0x0000000249400000 0x0000000249600000 0x0000000249600000 Y/422   Allocating 
 Small   0x0000000249600000 0x0000000249800000 0x0000000249800000 Y/422   Allocating 
 Small   0x0000000249800000 0x0000000249a00000 0x0000000249a00000 Y/422   Allocating 
 Small   0x0000000249a00000 0x0000000249c00000 0x0000000249c00000 Y/422   Allocating 
 Small   0x0000000249c00000 0x0000000249e00000 0x0000000249e00000 O/15    Relocatable
 Small   0x0000000249e00000 0x000000024a000000 0x000000024a000000 Y/422   Allocating 
 Small   0x000000024a000000 0x000000024a1fffd0 0x000000024a200000 O/15    Relocatable
 Small   0x000000024a200000 0x000000024a3fcf28 0x000000024a400000 O/10    Relocatable
 Small   0x000000024a400000 0x000000024a5fec98 0x000000024a600000 O/15    Relocatable
 Small   0x000000024a600000 0x000000024a800000 0x000000024a800000 Y/422   Allocating 
 Small   0x000000024a800000 0x000000024aa00000 0x000000024aa00000 Y/422   Allocating 
 Small   0x000000024aa00000 0x000000024ac00000 0x000000024ac00000 Y/422   Allocating 
 Small   0x000000024ac00000 0x000000024ae00000 0x000000024ae00000 Y/422   Allocating 
 Small   0x000000024ae00000 0x000000024b000000 0x000000024b000000 Y/422   Allocating 
 Small   0x000000024b000000 0x000000024b1ff958 0x000000024b200000 O/20    Relocatable
 Small   0x000000024b200000 0x000000024b400000 0x000000024b400000 Y/422   Allocating 
 Small   0x000000024b400000 0x000000024b600000 0x000000024b600000 Y/422   Allocating 
 Small   0x000000024b600000 0x000000024b800000 0x000000024b800000 Y/422   Allocating 
 Small   0x000000024b800000 0x000000024ba00000 0x000000024ba00000 Y/422   Allocating 
 Small   0x000000024ba00000 0x000000024bbfffe8 0x000000024bc00000 O/9     Relocatable
 Small   0x000000024bc00000 0x000000024be00000 0x000000024be00000 Y/422   Allocating 
 Small   0x000000024be00000 0x000000024c000000 0x000000024c000000 Y/422   Allocating 
 Small   0x000000024c000000 0x000000024c200000 0x000000024c200000 Y/422   Allocating 
 Small   0x000000024c200000 0x000000024c400000 0x000000024c400000 Y/422   Allocating 
 Small   0x000000024c400000 0x000000024c5ffff0 0x000000024c600000 O/22    Relocatable
 Small   0x000000024c600000 0x000000024c800000 0x000000024c800000 Y/422   Allocating 
 Small   0x000000024c800000 0x000000024ca00000 0x000000024ca00000 Y/422   Allocating 
 Small   0x000000024ca00000 0x000000024cc00000 0x000000024cc00000 Y/422   Allocating 
 Small   0x000000024cc00000 0x000000024cdfff88 0x000000024ce00000 O/15    Relocatable
 Small   0x000000024ce00000 0x000000024cffffb8 0x000000024d000000 O/23    Allocating 
 Small   0x000000024d000000 0x000000024d200000 0x000000024d200000 Y/422   Allocating 
 Small   0x000000024d200000 0x000000024d400000 0x000000024d400000 Y/422   Allocating 
 Small   0x000000024d400000 0x000000024d5febd8 0x000000024d600000 O/23    Allocating 
 Small   0x000000024d600000 0x000000024d800000 0x000000024d800000 Y/422   Allocating 
 Small   0x000000024d800000 0x000000024da00000 0x000000024da00000 Y/422   Allocating 
 Small   0x000000024da00000 0x000000024dc00000 0x000000024dc00000 Y/422   Allocating 
 Small   0x000000024dc00000 0x000000024ddffd10 0x000000024de00000 O/22    Relocatable
 Small   0x000000024de00000 0x000000024e000000 0x000000024e000000 Y/422   Allocating 
 Small   0x000000024e000000 0x000000024e200000 0x000000024e200000 Y/422   Allocating 
 Small   0x000000024e200000 0x000000024e400000 0x000000024e400000 Y/422   Allocating 
 Small   0x000000024e400000 0x000000024e600000 0x000000024e600000 Y/422   Allocating 
 Small   0x000000024e600000 0x000000024e800000 0x000000024e800000 Y/422   Allocating 
 Small   0x000000024e800000 0x000000024ea00000 0x000000024ea00000 Y/422   Allocating 
 Small   0x000000024ea00000 0x000000024ec00000 0x000000024ec00000 Y/422   Allocating 
 Small   0x000000024ec00000 0x000000024ee00000 0x000000024ee00000 Y/422   Allocating 
 Small   0x000000024ee00000 0x000000024f000000 0x000000024f000000 Y/422   Allocating 
 Small   0x000000024f000000 0x000000024f200000 0x000000024f200000 Y/422   Allocating 
 Small   0x000000024f200000 0x000000024f400000 0x000000024f400000 Y/422   Allocating 
 Small   0x000000024f400000 0x000000024f600000 0x000000024f600000 Y/422   Allocating 
 Small   0x000000024f600000 0x000000024f800000 0x000000024f800000 Y/422   Allocating 
 Small   0x000000024f800000 0x000000024fa00000 0x000000024fa00000 Y/422   Allocating 
 Small   0x000000024fa00000 0x000000024fbffff8 0x000000024fc00000 O/13    Relocatable
 Small   0x000000024fc00000 0x000000024fe00000 0x000000024fe00000 Y/422   Allocating 
 Small   0x000000024fe00000 0x0000000250000000 0x0000000250000000 Y/422   Allocating 
 Small   0x0000000250000000 0x00000002501fff60 0x0000000250200000 O/22    Relocatable
 Small   0x0000000250200000 0x0000000250400000 0x0000000250400000 Y/422   Allocating 
 Small   0x0000000250400000 0x0000000250600000 0x0000000250600000 Y/422   Allocating 
 Small   0x0000000250600000 0x0000000250800000 0x0000000250800000 Y/422   Allocating 
 Small   0x0000000250800000 0x0000000250a00000 0x0000000250a00000 Y/422   Allocating 
 Small   0x0000000250a00000 0x0000000250c00000 0x0000000250c00000 Y/422   Allocating 
 Small   0x0000000250c00000 0x0000000250e00000 0x0000000250e00000 Y/422   Allocating 
 Small   0x0000000250e00000 0x0000000251000000 0x0000000251000000 Y/422   Allocating 
 Small   0x0000000251000000 0x0000000251200000 0x0000000251200000 Y/422   Allocating 
 Small   0x0000000251200000 0x0000000251400000 0x0000000251400000 Y/422   Allocating 
 Small   0x0000000251400000 0x0000000251600000 0x0000000251600000 Y/422   Allocating 
 Small   0x0000000251600000 0x0000000251800000 0x0000000251800000 Y/422   Allocating 
 Small   0x0000000251800000 0x0000000251a00000 0x0000000251a00000 Y/422   Allocating 
 Small   0x0000000251a00000 0x0000000251c00000 0x0000000251c00000 Y/422   Allocating 
 Small   0x0000000251c00000 0x0000000251e00000 0x0000000251e00000 Y/422   Allocating 
 Small   0x0000000251e00000 0x0000000252000000 0x0000000252000000 Y/422   Allocating 
 Small   0x0000000252000000 0x0000000252200000 0x0000000252200000 Y/422   Allocating 
 Small   0x0000000252200000 0x0000000252400000 0x0000000252400000 Y/422   Allocating 
 Small   0x0000000252400000 0x0000000252600000 0x0000000252600000 Y/422   Allocating 
 Small   0x0000000252600000 0x00000002527ffff0 0x0000000252800000 Y/422   Allocating 
 Small   0x0000000252800000 0x0000000252a00000 0x0000000252a00000 Y/422   Allocating 
 Small   0x0000000252a00000 0x0000000252bffd38 0x0000000252c00000 O/15    Relocatable
 Small   0x0000000252c00000 0x0000000252e00000 0x0000000252e00000 Y/422   Allocating 
 Small   0x0000000252e00000 0x0000000253000000 0x0000000253000000 Y/422   Allocating 
 Small   0x0000000253000000 0x0000000253200000 0x0000000253200000 Y/422   Allocating 
 Small   0x0000000253200000 0x0000000253400000 0x0000000253400000 Y/422   Allocating 
 Small   0x0000000253400000 0x0000000253600000 0x0000000253600000 Y/422   Allocating 
 Small   0x0000000253600000 0x0000000253800000 0x0000000253800000 Y/422   Allocating 
 Small   0x0000000253800000 0x0000000253a00000 0x0000000253a00000 Y/422   Allocating 
 Small   0x0000000253a00000 0x0000000253c00000 0x0000000253c00000 Y/422   Allocating 
 Small   0x0000000253c00000 0x0000000253e00000 0x0000000253e00000 Y/422   Allocating 
 Small   0x0000000253e00000 0x0000000253ffffe0 0x0000000254000000 O/11    Relocatable
 Small   0x0000000254000000 0x0000000254200000 0x0000000254200000 Y/422   Allocating 
 Small   0x0000000254200000 0x0000000254400000 0x0000000254400000 Y/422   Allocating 
 Small   0x0000000254400000 0x0000000254600000 0x0000000254600000 Y/422   Allocating 
 Small   0x0000000254600000 0x0000000254800000 0x0000000254800000 Y/422   Allocating 
 Small   0x0000000254800000 0x00000002549ffb00 0x0000000254a00000 O/10    Relocatable
 Small   0x0000000254a00000 0x0000000254bfffe0 0x0000000254c00000 O/16    Relocatable
 Small   0x0000000254c00000 0x0000000254dfffa8 0x0000000254e00000 O/15    Relocatable
 Small   0x0000000254e00000 0x0000000255000000 0x0000000255000000 Y/422   Allocating 
 Small   0x0000000255000000 0x0000000255200000 0x0000000255200000 Y/422   Allocating 
 Small   0x0000000255200000 0x0000000255400000 0x0000000255400000 Y/422   Allocating 
 Small   0x0000000255400000 0x0000000255600000 0x0000000255600000 Y/422   Allocating 
 Small   0x0000000255600000 0x0000000255800000 0x0000000255800000 O/9     Relocatable
 Small   0x0000000255800000 0x0000000255a00000 0x0000000255a00000 Y/422   Allocating 
 Small   0x0000000255a00000 0x0000000255c00000 0x0000000255c00000 Y/422   Allocating 
 Small   0x0000000255c00000 0x0000000255e00000 0x0000000255e00000 Y/422   Allocating 
 Small   0x0000000255e00000 0x0000000256000000 0x0000000256000000 Y/422   Allocating 
 Small   0x0000000256000000 0x00000002561ffff0 0x0000000256200000 O/14    Relocatable
 Small   0x0000000256200000 0x0000000256400000 0x0000000256400000 Y/422   Allocating 
 Small   0x0000000256400000 0x0000000256600000 0x0000000256600000 Y/422   Allocating 
 Small   0x0000000256600000 0x0000000256800000 0x0000000256800000 Y/422   Allocating 
 Small   0x0000000256800000 0x0000000256a00000 0x0000000256a00000 Y/422   Allocating 
 Small   0x0000000256a00000 0x0000000256c00000 0x0000000256c00000 Y/422   Allocating 
 Small   0x0000000256c00000 0x0000000256e00000 0x0000000256e00000 Y/422   Allocating 
 Small   0x0000000256e00000 0x0000000257000000 0x0000000257000000 Y/422   Allocating 
 Small   0x0000000257000000 0x0000000257200000 0x0000000257200000 Y/422   Allocating 
 Small   0x0000000257200000 0x0000000257400000 0x0000000257400000 Y/422   Allocating 
 Small   0x0000000257400000 0x0000000257600000 0x0000000257600000 Y/422   Allocating 
 Small   0x0000000257600000 0x0000000257800000 0x0000000257800000 O/9     Relocatable
 Small   0x0000000257800000 0x0000000257a00000 0x0000000257a00000 Y/422   Allocating 
 Small   0x0000000257a00000 0x0000000257c00000 0x0000000257c00000 Y/422   Allocating 
 Small   0x0000000257c00000 0x0000000257e00000 0x0000000257e00000 Y/422   Allocating 
 Small   0x0000000257e00000 0x0000000258000000 0x0000000258000000 Y/422   Allocating 
 Small   0x0000000258000000 0x0000000258200000 0x0000000258200000 Y/422   Allocating 
 Small   0x0000000258200000 0x0000000258400000 0x0000000258400000 Y/422   Allocating 
 Small   0x0000000258400000 0x0000000258600000 0x0000000258600000 Y/422   Allocating 
 Small   0x0000000258600000 0x0000000258800000 0x0000000258800000 Y/422   Allocating 
 Small   0x0000000258800000 0x0000000258a00000 0x0000000258a00000 Y/422   Allocating 
 Small   0x0000000258a00000 0x0000000258c00000 0x0000000258c00000 Y/422   Allocating 
 Small   0x0000000258c00000 0x0000000258e00000 0x0000000258e00000 Y/422   Allocating 
 Small   0x0000000258e00000 0x0000000259000000 0x0000000259000000 Y/422   Allocating 
 Small   0x0000000259000000 0x0000000259200000 0x0000000259200000 Y/422   Allocating 
 Small   0x0000000259200000 0x0000000259400000 0x0000000259400000 Y/422   Allocating 
 Small   0x0000000259400000 0x0000000259600000 0x0000000259600000 Y/422   Allocating 
 Small   0x0000000259600000 0x0000000259800000 0x0000000259800000 Y/422   Allocating 
 Small   0x0000000259800000 0x00000002599fffd8 0x0000000259a00000 O/9     Relocatable
 Small   0x0000000259a00000 0x0000000259bffb98 0x0000000259c00000 O/23    Allocating 
 Small   0x0000000259c00000 0x0000000259e00000 0x0000000259e00000 Y/422   Allocating 
 Small   0x0000000259e00000 0x000000025a000000 0x000000025a000000 Y/422   Allocating 
 Small   0x000000025a000000 0x000000025a200000 0x000000025a200000 Y/422   Allocating 
 Small   0x000000025a200000 0x000000025a400000 0x000000025a400000 Y/422   Allocating 
 Small   0x000000025a400000 0x000000025a600000 0x000000025a600000 Y/422   Allocating 
 Small   0x000000025a600000 0x000000025a800000 0x000000025a800000 Y/422   Allocating 
 Small   0x000000025a800000 0x000000025a9ffff8 0x000000025aa00000 O/20    Relocatable
 Small   0x000000025aa00000 0x000000025abfffd8 0x000000025ac00000 O/9     Relocatable
 Small   0x000000025ac00000 0x000000025ae00000 0x000000025ae00000 Y/422   Allocating 
 Small   0x000000025ae00000 0x000000025b000000 0x000000025b000000 Y/422   Allocating 
 Small   0x000000025b000000 0x000000025b1fffe8 0x000000025b200000 O/9     Relocatable
 Small   0x000000025b200000 0x000000025b400000 0x000000025b400000 Y/422   Allocating 
 Small   0x000000025b400000 0x000000025b600000 0x000000025b600000 Y/422   Allocating 
 Small   0x000000025b600000 0x000000025b7fffd8 0x000000025b800000 O/11    Relocatable
 Small   0x000000025b800000 0x000000025b9ffff0 0x000000025ba00000 O/9     Relocatable
 Small   0x000000025ba00000 0x000000025bc00000 0x000000025bc00000 Y/422   Allocating 
 Small   0x000000025bc00000 0x000000025bdffff0 0x000000025be00000 O/23    Allocating 
 Small   0x000000025be00000 0x000000025bfffff0 0x000000025c000000 O/20    Relocatable
 Small   0x000000025c000000 0x000000025c200000 0x000000025c200000 Y/422   Allocating 
 Small   0x000000025c200000 0x000000025c3fffe8 0x000000025c400000 O/13    Relocatable
 Small   0x000000025c400000 0x000000025c600000 0x000000025c600000 Y/422   Allocating 
 Small   0x000000025c600000 0x000000025c800000 0x000000025c800000 Y/422   Allocating 
 Small   0x000000025c800000 0x000000025c9e0fa0 0x000000025ca00000 O/10    Relocatable
 Small   0x000000025ca00000 0x000000025cc00000 0x000000025cc00000 Y/422   Allocating 
 Small   0x000000025cc00000 0x000000025ce00000 0x000000025ce00000 Y/422   Allocating 
 Small   0x000000025ce00000 0x000000025d000000 0x000000025d000000 Y/422   Allocating 
 Small   0x000000025d000000 0x000000025d1ffff0 0x000000025d200000 O/23    Allocating 
 Small   0x000000025d200000 0x000000025d400000 0x000000025d400000 Y/422   Allocating 
 Small   0x000000025d400000 0x000000025d600000 0x000000025d600000 Y/422   Allocating 
 Small   0x000000025d600000 0x000000025d800000 0x000000025d800000 Y/422   Allocating 
 Small   0x000000025d800000 0x000000025da00000 0x000000025da00000 Y/422   Allocating 
 Small   0x000000025da00000 0x000000025da000a8 0x000000025dc00000 O/23    Allocating 
 Small   0x000000025dc00000 0x000000025de00000 0x000000025de00000 Y/422   Allocating 
 Small   0x000000025de00000 0x000000025e000000 0x000000025e000000 Y/422   Allocating 
 Small   0x000000025e000000 0x000000025e200000 0x000000025e200000 Y/422   Allocating 
 Small   0x000000025e200000 0x000000025e3fffd8 0x000000025e400000 O/20    Relocatable
 Small   0x000000025e400000 0x000000025e600000 0x000000025e600000 Y/422   Allocating 
 Small   0x000000025e600000 0x000000025e800000 0x000000025e800000 Y/422   Allocating 
 Small   0x000000025e800000 0x000000025ea00000 0x000000025ea00000 Y/422   Allocating 
 Small   0x000000025ea00000 0x000000025ec00000 0x000000025ec00000 Y/422   Allocating 
 Small   0x000000025ec00000 0x000000025ee00000 0x000000025ee00000 Y/422   Allocating 
 Small   0x000000025ee00000 0x000000025f000000 0x000000025f000000 Y/422   Allocating 
 Small   0x000000025f000000 0x000000025f200000 0x000000025f200000 Y/422   Allocating 
 Small   0x000000025f200000 0x000000025f400000 0x000000025f400000 Y/422   Allocating 
 Small   0x000000025f400000 0x000000025f600000 0x000000025f600000 Y/422   Allocating 
 Small   0x000000025f600000 0x000000025f800000 0x000000025f800000 Y/422   Allocating 
 Small   0x000000025f800000 0x000000025fa00000 0x000000025fa00000 Y/422   Allocating 
 Small   0x000000025fa00000 0x000000025fc00000 0x000000025fc00000 Y/422   Allocating 
 Small   0x000000025fc00000 0x000000025fe00000 0x000000025fe00000 Y/422   Allocating 
 Small   0x000000025fe00000 0x0000000260000000 0x0000000260000000 Y/422   Allocating 
 Small   0x0000000260000000 0x0000000260200000 0x0000000260200000 Y/422   Allocating 
 Small   0x0000000260200000 0x0000000260400000 0x0000000260400000 Y/422   Allocating 
 Small   0x0000000260400000 0x0000000260600000 0x0000000260600000 Y/422   Allocating 
 Small   0x0000000260600000 0x0000000260800000 0x0000000260800000 Y/422   Allocating 
 Small   0x0000000260800000 0x0000000260a00000 0x0000000260a00000 Y/422   Allocating 
 Small   0x0000000260a00000 0x0000000260c00000 0x0000000260c00000 Y/422   Allocating 
 Small   0x0000000260c00000 0x0000000260e00000 0x0000000260e00000 Y/422   Allocating 
 Small   0x0000000260e00000 0x0000000261000000 0x0000000261000000 Y/422   Allocating 
 Small   0x0000000261000000 0x0000000261200000 0x0000000261200000 Y/422   Allocating 
 Small   0x0000000261200000 0x0000000261400000 0x0000000261400000 Y/422   Allocating 
 Small   0x0000000261400000 0x0000000261600000 0x0000000261600000 Y/422   Allocating 
 Small   0x0000000261600000 0x0000000261800000 0x0000000261800000 Y/422   Allocating 
 Small   0x0000000261800000 0x0000000261a00000 0x0000000261a00000 Y/422   Allocating 
 Small   0x0000000261a00000 0x0000000261c00000 0x0000000261c00000 Y/422   Allocating 
 Small   0x0000000261c00000 0x0000000261e00000 0x0000000261e00000 Y/422   Allocating 
 Small   0x0000000261e00000 0x0000000261ffffd0 0x0000000262000000 O/11    Relocatable
 Small   0x0000000262000000 0x0000000262200000 0x0000000262200000 Y/422   Allocating 
 Small   0x0000000262200000 0x00000002623ffff8 0x0000000262400000 O/13    Relocatable
 Small   0x0000000262400000 0x00000002625fffd8 0x0000000262600000 O/16    Relocatable
 Small   0x0000000262600000 0x0000000262800000 0x0000000262800000 Y/422   Allocating 
 Small   0x0000000262800000 0x0000000262a00000 0x0000000262a00000 Y/422   Allocating 
 Small   0x0000000262a00000 0x0000000262c00000 0x0000000262c00000 Y/422   Allocating 
 Small   0x0000000262c00000 0x0000000262e00000 0x0000000262e00000 Y/422   Allocating 
 Small   0x0000000262e00000 0x0000000263000000 0x0000000263000000 Y/422   Allocating 
 Small   0x0000000263000000 0x0000000263200000 0x0000000263200000 Y/422   Allocating 
 Small   0x0000000263200000 0x0000000263400000 0x0000000263400000 Y/422   Allocating 
 Small   0x0000000263400000 0x0000000263600000 0x0000000263600000 Y/422   Allocating 
 Small   0x0000000263600000 0x0000000263800000 0x0000000263800000 Y/422   Allocating 
 Small   0x0000000263800000 0x0000000263a00000 0x0000000263a00000 Y/422   Allocating 
 Small   0x0000000263a00000 0x0000000263c00000 0x0000000263c00000 Y/422   Allocating 
 Small   0x0000000263c00000 0x0000000263dfffe8 0x0000000263e00000 O/9     Relocatable
 Small   0x0000000263e00000 0x0000000264000000 0x0000000264000000 Y/422   Allocating 
 Small   0x0000000264000000 0x0000000264200000 0x0000000264200000 Y/422   Allocating 
 Small   0x0000000264200000 0x0000000264400000 0x0000000264400000 Y/422   Allocating 
 Small   0x0000000264400000 0x0000000264600000 0x0000000264600000 Y/422   Allocating 
 Small   0x0000000264600000 0x0000000264800000 0x0000000264800000 Y/422   Allocating 
 Small   0x0000000264800000 0x00000002649fda00 0x0000000264a00000 O/15    Relocatable
 Small   0x0000000264a00000 0x0000000264c00000 0x0000000264c00000 Y/422   Allocating 
 Small   0x0000000264c00000 0x0000000264e00000 0x0000000264e00000 Y/422   Allocating 
 Small   0x0000000264e00000 0x0000000265000000 0x0000000265000000 Y/422   Allocating 
 Small   0x0000000265000000 0x0000000265200000 0x0000000265200000 Y/422   Allocating 
 Small   0x0000000265200000 0x0000000265400000 0x0000000265400000 Y/422   Allocating 
 Small   0x0000000265400000 0x0000000265600000 0x0000000265600000 Y/422   Allocating 
 Small   0x0000000265600000 0x00000002657fffe0 0x0000000265800000 O/9     Relocatable
 Small   0x0000000265800000 0x0000000265a00000 0x0000000265a00000 Y/422   Allocating 
 Small   0x0000000265a00000 0x0000000265bffbb0 0x0000000265c00000 O/23    Allocating 
 Small   0x0000000265c00000 0x0000000265dffff0 0x0000000265e00000 O/16    Relocatable
 Small   0x0000000265e00000 0x0000000266000000 0x0000000266000000 Y/422   Allocating 
 Small   0x0000000266000000 0x00000002661ffff8 0x0000000266200000 O/15    Relocatable
 Small   0x0000000266200000 0x0000000266400000 0x0000000266400000 Y/422   Allocating 
 Small   0x0000000266400000 0x0000000266600000 0x0000000266600000 Y/422   Allocating 
 Small   0x0000000266600000 0x0000000266800000 0x0000000266800000 Y/422   Allocating 
 Small   0x0000000266800000 0x0000000266a00000 0x0000000266a00000 Y/422   Allocating 
 Small   0x0000000266a00000 0x0000000266c00000 0x0000000266c00000 Y/422   Allocating 
 Small   0x0000000266c00000 0x0000000266e00000 0x0000000266e00000 Y/422   Allocating 
 Small   0x0000000266e00000 0x0000000267000000 0x0000000267000000 Y/422   Allocating 
 Small   0x0000000267000000 0x0000000267200000 0x0000000267200000 Y/422   Allocating 
 Small   0x0000000267200000 0x0000000267400000 0x0000000267400000 Y/422   Allocating 
 Small   0x0000000267400000 0x0000000267600000 0x0000000267600000 Y/422   Allocating 
 Small   0x0000000267600000 0x0000000267800000 0x0000000267800000 Y/422   Allocating 
 Small   0x0000000267800000 0x00000002679fffe8 0x0000000267a00000 O/10    Relocatable
 Small   0x0000000267a00000 0x0000000267bfffe8 0x0000000267c00000 O/10    Relocatable
 Small   0x0000000267c00000 0x0000000267e00000 0x0000000267e00000 Y/422   Allocating 
 Small   0x0000000267e00000 0x0000000268000000 0x0000000268000000 Y/422   Allocating 
 Small   0x0000000268000000 0x00000002681feba0 0x0000000268200000 O/18    Relocatable
 Small   0x0000000268200000 0x0000000268400000 0x0000000268400000 Y/422   Allocating 
 Small   0x0000000268400000 0x0000000268600000 0x0000000268600000 Y/422   Allocating 
 Small   0x0000000268600000 0x00000002687ffff8 0x0000000268800000 O/22    Relocatable
 Small   0x0000000268800000 0x0000000268a00000 0x0000000268a00000 Y/422   Allocating 
 Small   0x0000000268a00000 0x0000000268c00000 0x0000000268c00000 Y/422   Allocating 
 Small   0x0000000268c00000 0x0000000268e00000 0x0000000268e00000 Y/422   Allocating 
 Small   0x0000000268e00000 0x0000000269000000 0x0000000269000000 Y/422   Allocating 
 Small   0x0000000269000000 0x0000000269200000 0x0000000269200000 Y/422   Allocating 
 Small   0x0000000269200000 0x00000002693ffff8 0x0000000269400000 O/23    Allocating 
 Small   0x0000000269400000 0x0000000269600000 0x0000000269600000 Y/422   Allocating 
 Small   0x0000000269600000 0x0000000269800000 0x0000000269800000 O/15    Relocatable
 Small   0x0000000269800000 0x0000000269a00000 0x0000000269a00000 Y/422   Allocating 
 Small   0x0000000269a00000 0x0000000269bffff8 0x0000000269c00000 O/9     Relocatable
 Small   0x0000000269c00000 0x0000000269e00000 0x0000000269e00000 Y/422   Allocating 
 Small   0x0000000269e00000 0x000000026a000000 0x000000026a000000 Y/422   Allocating 
 Small   0x000000026a000000 0x000000026a200000 0x000000026a200000 Y/422   Allocating 
 Small   0x000000026a200000 0x000000026a3fd648 0x000000026a400000 O/23    Allocating 
 Small   0x000000026a400000 0x000000026a600000 0x000000026a600000 Y/422   Allocating 
 Small   0x000000026a600000 0x000000026a800000 0x000000026a800000 Y/422   Allocating 
 Small   0x000000026a800000 0x000000026aa00000 0x000000026aa00000 Y/422   Allocating 
 Small   0x000000026aa00000 0x000000026ac00000 0x000000026ac00000 Y/422   Allocating 
 Small   0x000000026ac00000 0x000000026ae00000 0x000000026ae00000 Y/422   Allocating 
 Small   0x000000026ae00000 0x000000026b000000 0x000000026b000000 Y/422   Allocating 
 Small   0x000000026b000000 0x000000026b200000 0x000000026b200000 Y/422   Allocating 
 Small   0x000000026b200000 0x000000026b400000 0x000000026b400000 Y/422   Allocating 
 Small   0x000000026b400000 0x000000026b600000 0x000000026b600000 Y/422   Allocating 
 Small   0x000000026b600000 0x000000026b800000 0x000000026b800000 Y/422   Allocating 
 Small   0x000000026b800000 0x000000026ba00000 0x000000026ba00000 O/10    Relocatable
 Small   0x000000026ba00000 0x000000026bc00000 0x000000026bc00000 Y/422   Allocating 
 Small   0x000000026bc00000 0x000000026be00000 0x000000026be00000 Y/422   Allocating 
 Small   0x000000026be00000 0x000000026c000000 0x000000026c000000 Y/422   Allocating 
 Small   0x000000026c000000 0x000000026c200000 0x000000026c200000 Y/422   Allocating 
 Small   0x000000026c200000 0x000000026c400000 0x000000026c400000 Y/422   Allocating 
 Small   0x000000026c400000 0x000000026c5ffe60 0x000000026c600000 O/17    Relocatable
 Small   0x000000026c600000 0x000000026c7fffe8 0x000000026c800000 O/10    Relocatable
 Small   0x000000026c800000 0x000000026ca00000 0x000000026ca00000 Y/422   Allocating 
 Small   0x000000026ca00000 0x000000026cc00000 0x000000026cc00000 Y/422   Allocating 
 Small   0x000000026cc00000 0x000000026cdffff0 0x000000026ce00000 O/23    Allocating 
 Small   0x000000026ce00000 0x000000026d000000 0x000000026d000000 Y/422   Allocating 
 Small   0x000000026d000000 0x000000026d200000 0x000000026d200000 Y/422   Allocating 
 Small   0x000000026d200000 0x000000026d400000 0x000000026d400000 Y/422   Allocating 
 Small   0x000000026d400000 0x000000026d600000 0x000000026d600000 Y/422   Allocating 
 Small   0x000000026d600000 0x000000026d7ffcd0 0x000000026d800000 O/23    Allocating 
 Small   0x000000026d800000 0x000000026da00000 0x000000026da00000 Y/422   Allocating 
 Small   0x000000026da00000 0x000000026dc00000 0x000000026dc00000 Y/422   Allocating 
 Small   0x000000026dc00000 0x000000026de00000 0x000000026de00000 Y/422   Allocating 
 Small   0x000000026de00000 0x000000026e000000 0x000000026e000000 Y/422   Allocating 
 Small   0x000000026e000000 0x000000026e200000 0x000000026e200000 Y/422   Allocating 
 Small   0x000000026e200000 0x000000026e400000 0x000000026e400000 Y/422   Allocating 
 Small   0x000000026e400000 0x000000026e600000 0x000000026e600000 Y/422   Allocating 
 Small   0x000000026e600000 0x000000026e800000 0x000000026e800000 Y/422   Allocating 
 Small   0x000000026e800000 0x000000026ea00000 0x000000026ea00000 Y/422   Allocating 
 Small   0x000000026ea00000 0x000000026ec00000 0x000000026ec00000 Y/422   Allocating 
 Small   0x000000026ec00000 0x000000026ee00000 0x000000026ee00000 Y/422   Allocating 
 Small   0x000000026ee00000 0x000000026f000000 0x000000026f000000 Y/422   Allocating 
 Small   0x000000026f000000 0x000000026f200000 0x000000026f200000 Y/422   Allocating 
 Small   0x000000026f200000 0x000000026f400000 0x000000026f400000 Y/422   Allocating 
 Small   0x000000026f400000 0x000000026f600000 0x000000026f600000 Y/422   Allocating 
 Small   0x000000026f600000 0x000000026f800000 0x000000026f800000 Y/422   Allocating 
 Small   0x000000026f800000 0x000000026f9ffff8 0x000000026fa00000 O/10    Relocatable
 Small   0x000000026fa00000 0x000000026fc00000 0x000000026fc00000 Y/422   Allocating 
 Small   0x000000026fc00000 0x000000026fe00000 0x000000026fe00000 Y/422   Allocating 
 Small   0x000000026fe00000 0x0000000270000000 0x0000000270000000 Y/422   Allocating 
 Small   0x0000000270000000 0x0000000270200000 0x0000000270200000 Y/422   Allocating 
 Small   0x0000000270200000 0x0000000270400000 0x0000000270400000 Y/422   Allocating 
 Small   0x0000000270400000 0x0000000270600000 0x0000000270600000 Y/422   Allocating 
 Small   0x0000000270600000 0x0000000270800000 0x0000000270800000 Y/422   Allocating 
 Small   0x0000000270800000 0x0000000270a00000 0x0000000270a00000 Y/422   Allocating 
 Small   0x0000000270a00000 0x0000000270c00000 0x0000000270c00000 Y/422   Allocating 
 Small   0x0000000270c00000 0x0000000270e00000 0x0000000270e00000 Y/422   Allocating 
 Small   0x0000000270e00000 0x0000000271000000 0x0000000271000000 Y/422   Allocating 
 Small   0x0000000271000000 0x0000000271200000 0x0000000271200000 Y/422   Allocating 
 Small   0x0000000271200000 0x00000002713ffff0 0x0000000271400000 O/10    Relocatable
 Small   0x0000000271400000 0x0000000271600000 0x0000000271600000 Y/422   Allocating 
 Small   0x0000000271600000 0x0000000271800000 0x0000000271800000 Y/422   Allocating 
 Small   0x0000000271800000 0x0000000271a00000 0x0000000271a00000 Y/422   Allocating 
 Small   0x0000000271a00000 0x0000000271c00000 0x0000000271c00000 Y/422   Allocating 
 Small   0x0000000271c00000 0x0000000271e00000 0x0000000271e00000 Y/422   Allocating 
 Small   0x0000000271e00000 0x0000000272000000 0x0000000272000000 Y/422   Allocating 
 Small   0x0000000272000000 0x0000000272200000 0x0000000272200000 Y/422   Allocating 
 Small   0x0000000272200000 0x0000000272400000 0x0000000272400000 Y/422   Allocating 
 Small   0x0000000272400000 0x0000000272600000 0x0000000272600000 Y/422   Allocating 
 Small   0x0000000272600000 0x0000000272800000 0x0000000272800000 Y/422   Allocating 
 Small   0x0000000272800000 0x00000002729fffe0 0x0000000272a00000 O/18    Relocatable
 Small   0x0000000272a00000 0x0000000272bffff8 0x0000000272c00000 O/10    Relocatable
 Small   0x0000000272c00000 0x0000000272e00000 0x0000000272e00000 Y/422   Allocating 
 Small   0x0000000272e00000 0x0000000273000000 0x0000000273000000 Y/422   Allocating 
 Small   0x0000000273000000 0x0000000273200000 0x0000000273200000 Y/422   Allocating 
 Small   0x0000000273200000 0x0000000273400000 0x0000000273400000 Y/422   Allocating 
 Small   0x0000000273400000 0x0000000273600000 0x0000000273600000 Y/422   Allocating 
 Small   0x0000000273600000 0x0000000273800000 0x0000000273800000 O/13    Relocatable
 Small   0x0000000273800000 0x0000000273a00000 0x0000000273a00000 Y/422   Allocating 
 Small   0x0000000273a00000 0x0000000273c00000 0x0000000273c00000 Y/422   Allocating 
 Small   0x0000000273c00000 0x0000000273e00000 0x0000000273e00000 Y/422   Allocating 
 Small   0x0000000273e00000 0x0000000273fffff8 0x0000000274000000 O/13    Relocatable
 Small   0x0000000274000000 0x0000000274200000 0x0000000274200000 Y/422   Allocating 
 Small   0x0000000274200000 0x0000000274400000 0x0000000274400000 Y/422   Allocating 
 Small   0x0000000274400000 0x00000002745ffde8 0x0000000274600000 O/20    Relocatable
 Small   0x0000000274600000 0x0000000274800000 0x0000000274800000 Y/422   Allocating 
 Small   0x0000000274800000 0x0000000274a00000 0x0000000274a00000 Y/422   Allocating 
 Small   0x0000000274a00000 0x0000000274c00000 0x0000000274c00000 Y/422   Allocating 
 Small   0x0000000274c00000 0x0000000274e00000 0x0000000274e00000 Y/422   Allocating 
 Small   0x0000000274e00000 0x0000000275000000 0x0000000275000000 Y/422   Allocating 
 Small   0x0000000275000000 0x0000000275200000 0x0000000275200000 Y/422   Allocating 
 Small   0x0000000275200000 0x0000000275400000 0x0000000275400000 Y/422   Allocating 
 Small   0x0000000275400000 0x00000002755ff980 0x0000000275600000 O/10    Relocatable
 Small   0x0000000275600000 0x0000000275800000 0x0000000275800000 Y/422   Allocating 
 Small   0x0000000275800000 0x0000000275a00000 0x0000000275a00000 Y/422   Allocating 
 Small   0x0000000275a00000 0x0000000275c00000 0x0000000275c00000 Y/422   Allocating 
 Small   0x0000000275c00000 0x0000000275e00000 0x0000000275e00000 Y/422   Allocating 
 Small   0x0000000275e00000 0x0000000275fff998 0x0000000276000000 O/10    Relocatable
 Small   0x0000000276000000 0x0000000276200000 0x0000000276200000 Y/422   Allocating 
 Small   0x0000000276200000 0x0000000276400000 0x0000000276400000 O/15    Relocatable
 Small   0x0000000276400000 0x0000000276600000 0x0000000276600000 Y/422   Allocating 
 Small   0x0000000276600000 0x0000000276800000 0x0000000276800000 O/10    Relocatable
 Small   0x0000000276800000 0x0000000276a00000 0x0000000276a00000 Y/422   Allocating 
 Small   0x0000000276a00000 0x0000000276c00000 0x0000000276c00000 Y/422   Allocating 
 Small   0x0000000276c00000 0x0000000276e00000 0x0000000276e00000 Y/422   Allocating 
 Small   0x0000000276e00000 0x0000000277000000 0x0000000277000000 Y/422   Allocating 
 Small   0x0000000277000000 0x0000000277200000 0x0000000277200000 Y/422   Allocating 
 Small   0x0000000277200000 0x0000000277400000 0x0000000277400000 Y/422   Allocating 
 Small   0x0000000277400000 0x0000000277600000 0x0000000277600000 Y/422   Allocating 
 Small   0x0000000277600000 0x0000000277800000 0x0000000277800000 Y/422   Allocating 
 Small   0x0000000277800000 0x0000000277a00000 0x0000000277a00000 Y/422   Allocating 
 Small   0x0000000277a00000 0x0000000277c00000 0x0000000277c00000 Y/422   Allocating 
 Small   0x0000000277c00000 0x0000000277ddb058 0x0000000277e00000 O/11    Relocatable
 Small   0x0000000277e00000 0x0000000277ffffe8 0x0000000278000000 O/10    Relocatable
 Small   0x0000000278000000 0x0000000278200000 0x0000000278200000 Y/422   Allocating 
 Small   0x0000000278200000 0x0000000278400000 0x0000000278400000 Y/422   Allocating 
 Small   0x0000000278400000 0x0000000278600000 0x0000000278600000 Y/422   Allocating 
 Small   0x0000000278600000 0x0000000278800000 0x0000000278800000 Y/422   Allocating 
 Small   0x0000000278800000 0x0000000278a00000 0x0000000278a00000 Y/422   Allocating 
 Small   0x0000000278a00000 0x0000000278c00000 0x0000000278c00000 Y/422   Allocating 
 Small   0x0000000278c00000 0x0000000278e00000 0x0000000278e00000 Y/422   Allocating 
 Small   0x0000000278e00000 0x0000000279000000 0x0000000279000000 Y/422   Allocating 
 Small   0x0000000279000000 0x0000000279200000 0x0000000279200000 Y/422   Allocating 
 Small   0x0000000279200000 0x00000002793fffe8 0x0000000279400000 O/10    Relocatable
 Small   0x0000000279400000 0x0000000279600000 0x0000000279600000 Y/422   Allocating 
 Small   0x0000000279600000 0x00000002797fff88 0x0000000279800000 O/20    Relocatable
 Small   0x0000000279800000 0x00000002799fe258 0x0000000279a00000 O/15    Relocatable
 Small   0x0000000279a00000 0x0000000279c00000 0x0000000279c00000 Y/422   Allocating 
 Small   0x0000000279c00000 0x0000000279e00000 0x0000000279e00000 Y/422   Allocating 
 Small   0x0000000279e00000 0x000000027a000000 0x000000027a000000 Y/422   Allocating 
 Small   0x000000027a000000 0x000000027a200000 0x000000027a200000 Y/422   Allocating 
 Small   0x000000027a200000 0x000000027a400000 0x000000027a400000 Y/422   Allocating 
 Small   0x000000027a400000 0x000000027a600000 0x000000027a600000 Y/422   Allocating 
 Small   0x000000027a600000 0x000000027a800000 0x000000027a800000 Y/422   Allocating 
 Small   0x000000027a800000 0x000000027aa00000 0x000000027aa00000 Y/422   Allocating 
 Small   0x000000027aa00000 0x000000027abffff0 0x000000027ac00000 O/10    Relocatable
 Small   0x000000027ac00000 0x000000027ae00000 0x000000027ae00000 Y/422   Allocating 
 Small   0x000000027ae00000 0x000000027b000000 0x000000027b000000 Y/422   Allocating 
 Small   0x000000027b000000 0x000000027b1fffb0 0x000000027b200000 O/20    Relocatable
 Small   0x000000027b200000 0x000000027b400000 0x000000027b400000 Y/422   Allocating 
 Small   0x000000027b400000 0x000000027b600000 0x000000027b600000 Y/422   Allocating 
 Small   0x000000027b600000 0x000000027b800000 0x000000027b800000 Y/422   Allocating 
 Small   0x000000027b800000 0x000000027ba00000 0x000000027ba00000 Y/422   Allocating 
 Small   0x000000027ba00000 0x000000027ba00220 0x000000027bc00000 O/23    Allocating 
 Small   0x000000027bc00000 0x000000027be00000 0x000000027be00000 Y/422   Allocating 
 Small   0x000000027be00000 0x000000027c000000 0x000000027c000000 Y/422   Allocating 
 Small   0x000000027c000000 0x000000027c200000 0x000000027c200000 Y/422   Allocating 
 Small   0x000000027c200000 0x000000027c400000 0x000000027c400000 Y/422   Allocating 
 Small   0x000000027c400000 0x000000027c600000 0x000000027c600000 O/10    Relocatable
 Small   0x000000027c600000 0x000000027c7fffe8 0x000000027c800000 O/23    Allocating 
 Small   0x000000027c800000 0x000000027ca00000 0x000000027ca00000 Y/422   Allocating 
 Small   0x000000027ca00000 0x000000027cc00000 0x000000027cc00000 Y/422   Allocating 
 Small   0x000000027cc00000 0x000000027ce00000 0x000000027ce00000 Y/422   Allocating 
 Small   0x000000027ce00000 0x000000027d000000 0x000000027d000000 Y/422   Allocating 
 Small   0x000000027d000000 0x000000027d200000 0x000000027d200000 Y/422   Allocating 
 Small   0x000000027d200000 0x000000027d3fffe0 0x000000027d400000 O/10    Relocatable
 Small   0x000000027d400000 0x000000027d600000 0x000000027d600000 Y/422   Allocating 
 Small   0x000000027d600000 0x000000027d800000 0x000000027d800000 Y/422   Allocating 
 Small   0x000000027d800000 0x000000027da00000 0x000000027da00000 Y/422   Allocating 
 Small   0x000000027da00000 0x000000027dc00000 0x000000027dc00000 Y/422   Allocating 
 Small   0x000000027dc00000 0x000000027ddfffe0 0x000000027de00000 O/10    Relocatable
 Small   0x000000027de00000 0x000000027e000000 0x000000027e000000 Y/422   Allocating 
 Small   0x000000027e000000 0x000000027e200000 0x000000027e200000 Y/422   Allocating 
 Small   0x000000027e200000 0x000000027e400000 0x000000027e400000 Y/422   Allocating 
 Small   0x000000027e400000 0x000000027e600000 0x000000027e600000 Y/422   Allocating 
 Small   0x000000027e600000 0x000000027e7fffe8 0x000000027e800000 O/10    Relocatable
 Small   0x000000027e800000 0x000000027ea00000 0x000000027ea00000 Y/422   Allocating 
 Small   0x000000027ea00000 0x000000027ebffff8 0x000000027ec00000 O/9     Relocatable
 Small   0x000000027ec00000 0x000000027ee00000 0x000000027ee00000 Y/422   Allocating 
 Small   0x000000027ee00000 0x000000027effffe0 0x000000027f000000 O/10    Relocatable
 Small   0x000000027f000000 0x000000027f200000 0x000000027f200000 Y/422   Allocating 
 Small   0x000000027f200000 0x000000027f400000 0x000000027f400000 Y/422   Allocating 
 Small   0x000000027f400000 0x000000027f600000 0x000000027f600000 Y/422   Allocating 
 Small   0x000000027f600000 0x000000027f800000 0x000000027f800000 Y/422   Allocating 
 Small   0x000000027f800000 0x000000027f9fff68 0x000000027fa00000 O/9     Relocatable
 Small   0x000000027fa00000 0x000000027fc00000 0x000000027fc00000 Y/422   Allocating 
 Small   0x000000027fc00000 0x000000027fdffff0 0x000000027fe00000 O/10    Relocatable
 Small   0x000000027fe00000 0x000000027fffffe8 0x0000000280000000 O/15    Relocatable
 Small   0x0000000280000000 0x0000000280200000 0x0000000280200000 Y/422   Allocating 
 Small   0x0000000280200000 0x0000000280400000 0x0000000280400000 Y/422   Allocating 
 Small   0x0000000280400000 0x0000000280600000 0x0000000280600000 Y/422   Allocating 
 Small   0x0000000280600000 0x0000000280800000 0x0000000280800000 Y/422   Allocating 
 Small   0x0000000280800000 0x0000000280a00000 0x0000000280a00000 Y/422   Allocating 
 Small   0x0000000280a00000 0x0000000280c00000 0x0000000280c00000 Y/422   Allocating 
 Small   0x0000000280c00000 0x0000000280e00000 0x0000000280e00000 Y/422   Allocating 
 Small   0x0000000280e00000 0x0000000281000000 0x0000000281000000 Y/422   Allocating 
 Small   0x0000000281000000 0x0000000281200000 0x0000000281200000 Y/422   Allocating 
 Small   0x0000000281200000 0x0000000281400000 0x0000000281400000 Y/422   Allocating 
 Small   0x0000000281400000 0x0000000281600000 0x0000000281600000 Y/422   Allocating 
 Small   0x0000000281600000 0x0000000281800000 0x0000000281800000 Y/422   Allocating 
 Small   0x0000000281800000 0x0000000281a00000 0x0000000281a00000 Y/422   Allocating 
 Small   0x0000000281a00000 0x0000000281c00000 0x0000000281c00000 Y/422   Allocating 
 Small   0x0000000281c00000 0x0000000281e00000 0x0000000281e00000 Y/422   Allocating 
 Small   0x0000000281e00000 0x0000000282000000 0x0000000282000000 Y/422   Allocating 
 Small   0x0000000282000000 0x0000000282200000 0x0000000282200000 Y/422   Allocating 
 Small   0x0000000282200000 0x0000000282400000 0x0000000282400000 Y/422   Allocating 
 Small   0x0000000282400000 0x0000000282600000 0x0000000282600000 Y/422   Allocating 
 Small   0x0000000282600000 0x00000002827fffe8 0x0000000282800000 O/19    Relocatable
 Small   0x0000000282800000 0x0000000282a00000 0x0000000282a00000 Y/422   Allocating 
 Small   0x0000000282a00000 0x0000000282c00000 0x0000000282c00000 Y/422   Allocating 
 Small   0x0000000282c00000 0x0000000282e00000 0x0000000282e00000 Y/422   Allocating 
 Small   0x0000000282e00000 0x0000000283000000 0x0000000283000000 Y/422   Allocating 
 Small   0x0000000283000000 0x0000000283200000 0x0000000283200000 Y/422   Allocating 
 Small   0x0000000283200000 0x0000000283400000 0x0000000283400000 Y/422   Allocating 
 Small   0x0000000283400000 0x0000000283600000 0x0000000283600000 Y/422   Allocating 
 Small   0x0000000283600000 0x0000000283800000 0x0000000283800000 Y/422   Allocating 
 Small   0x0000000283800000 0x0000000283a00000 0x0000000283a00000 Y/422   Allocating 
 Small   0x0000000283a00000 0x0000000283c00000 0x0000000283c00000 Y/422   Allocating 
 Small   0x0000000283c00000 0x0000000283e00000 0x0000000283e00000 Y/422   Allocating 
 Small   0x0000000283e00000 0x0000000284000000 0x0000000284000000 Y/422   Allocating 
 Small   0x0000000284000000 0x0000000284200000 0x0000000284200000 Y/422   Allocating 
 Small   0x0000000284200000 0x0000000284400000 0x0000000284400000 O/15    Relocatable
 Small   0x0000000284400000 0x0000000284600000 0x0000000284600000 Y/422   Allocating 
 Small   0x0000000284600000 0x0000000284800000 0x0000000284800000 Y/422   Allocating 
 Small   0x0000000284800000 0x0000000284a00000 0x0000000284a00000 Y/422   Allocating 
 Small   0x0000000284a00000 0x0000000284c00000 0x0000000284c00000 Y/422   Allocating 
 Small   0x0000000284c00000 0x0000000284e00000 0x0000000284e00000 Y/422   Allocating 
 Small   0x0000000284e00000 0x0000000285000000 0x0000000285000000 Y/422   Allocating 
 Small   0x0000000285000000 0x00000002851ffff0 0x0000000285200000 O/9     Relocatable
 Small   0x0000000285200000 0x00000002853ffff0 0x0000000285400000 O/10    Relocatable
 Small   0x0000000285400000 0x0000000285600000 0x0000000285600000 Y/422   Allocating 
 Small   0x0000000285600000 0x0000000285800000 0x0000000285800000 O/9     Relocatable
 Small   0x0000000285800000 0x0000000285a00000 0x0000000285a00000 Y/422   Allocating 
 Small   0x0000000285a00000 0x0000000285bfffe0 0x0000000285c00000 O/9     Relocatable
 Small   0x0000000285c00000 0x0000000285e00000 0x0000000285e00000 Y/422   Allocating 
 Small   0x0000000285e00000 0x0000000286000000 0x0000000286000000 O/10    Relocatable
 Small   0x0000000286000000 0x0000000286200000 0x0000000286200000 Y/422   Allocating 
 Small   0x0000000286200000 0x0000000286400000 0x0000000286400000 Y/422   Allocating 
 Small   0x0000000286400000 0x0000000286600000 0x0000000286600000 Y/422   Allocating 
 Small   0x0000000286600000 0x0000000286800000 0x0000000286800000 Y/422   Allocating 
 Small   0x0000000286800000 0x0000000286a00000 0x0000000286a00000 Y/422   Allocating 
 Small   0x0000000286a00000 0x0000000286c00000 0x0000000286c00000 Y/422   Allocating 
 Small   0x0000000286c00000 0x0000000286dffac0 0x0000000286e00000 O/23    Allocating 
 Small   0x0000000286e00000 0x0000000287000000 0x0000000287000000 Y/422   Allocating 
 Small   0x0000000287000000 0x0000000287200000 0x0000000287200000 Y/422   Allocating 
 Small   0x0000000287200000 0x0000000287400000 0x0000000287400000 Y/422   Allocating 
 Small   0x0000000287400000 0x0000000287600000 0x0000000287600000 Y/422   Allocating 
 Small   0x0000000287600000 0x0000000287800000 0x0000000287800000 Y/422   Allocating 
 Small   0x0000000287800000 0x0000000287a00000 0x0000000287a00000 Y/422   Allocating 
 Small   0x0000000287a00000 0x0000000287c00000 0x0000000287c00000 Y/422   Allocating 
 Small   0x0000000287c00000 0x0000000287e00000 0x0000000287e00000 Y/422   Allocating 
 Small   0x0000000287e00000 0x0000000288000000 0x0000000288000000 Y/422   Allocating 
 Small   0x0000000288000000 0x0000000288200000 0x0000000288200000 Y/422   Allocating 
 Small   0x0000000288200000 0x00000002883ffff0 0x0000000288400000 O/9     Relocatable
 Small   0x0000000288400000 0x0000000288600000 0x0000000288600000 O/9     Relocatable
 Small   0x0000000288600000 0x0000000288800000 0x0000000288800000 Y/422   Allocating 
 Medium  0x0000000288800000 0x000000028a58e000 0x000000028a800000 O/13    Relocatable
 Small   0x000000028a800000 0x000000028aa00000 0x000000028aa00000 Y/422   Allocating 
 Small   0x000000028aa00000 0x000000028ac00000 0x000000028ac00000 Y/422   Allocating 
 Small   0x000000028ac00000 0x000000028adffff0 0x000000028ae00000 O/9     Relocatable
 Small   0x000000028ae00000 0x000000028b000000 0x000000028b000000 Y/422   Allocating 
 Small   0x000000028b000000 0x000000028b200000 0x000000028b200000 Y/422   Allocating 
 Small   0x000000028b200000 0x000000028b400000 0x000000028b400000 Y/422   Allocating 
 Small   0x000000028b400000 0x000000028b600000 0x000000028b600000 Y/422   Allocating 
 Small   0x000000028b600000 0x000000028b7ffeb0 0x000000028b800000 O/22    Relocatable
 Small   0x000000028b800000 0x000000028ba00000 0x000000028ba00000 Y/422   Allocating 
 Small   0x000000028ba00000 0x000000028bc00000 0x000000028bc00000 Y/422   Allocating 
 Small   0x000000028bc00000 0x000000028be00000 0x000000028be00000 Y/422   Allocating 
 Small   0x000000028be00000 0x000000028c000000 0x000000028c000000 Y/422   Allocating 
 Small   0x000000028c000000 0x000000028c200000 0x000000028c200000 Y/422   Allocating 
 Small   0x000000028c200000 0x000000028c400000 0x000000028c400000 Y/422   Allocating 
 Small   0x000000028c400000 0x000000028c600000 0x000000028c600000 Y/422   Allocating 
 Small   0x000000028c600000 0x000000028c800000 0x000000028c800000 Y/422   Allocating 
 Small   0x000000028c800000 0x000000028ca00000 0x000000028ca00000 Y/422   Allocating 
 Small   0x000000028ca00000 0x000000028cc00000 0x000000028cc00000 Y/422   Allocating 
 Small   0x000000028cc00000 0x000000028ce00000 0x000000028ce00000 Y/422   Allocating 
 Small   0x000000028ce00000 0x000000028d000000 0x000000028d000000 Y/422   Allocating 
 Small   0x000000028d000000 0x000000028d200000 0x000000028d200000 Y/422   Allocating 
 Small   0x000000028d200000 0x000000028d400000 0x000000028d400000 Y/422   Allocating 
 Small   0x000000028d400000 0x000000028d600000 0x000000028d600000 Y/422   Allocating 
 Small   0x000000028d600000 0x000000028d800000 0x000000028d800000 Y/422   Allocating 
 Small   0x000000028d800000 0x000000028da00000 0x000000028da00000 Y/422   Allocating 
 Small   0x000000028da00000 0x000000028dc00000 0x000000028dc00000 Y/422   Allocating 
 Small   0x000000028dc00000 0x000000028de00000 0x000000028de00000 Y/422   Allocating 
 Small   0x000000028de00000 0x000000028e000000 0x000000028e000000 O/9     Relocatable
 Small   0x000000028e000000 0x000000028e1fffa0 0x000000028e200000 O/15    Relocatable
 Small   0x000000028e200000 0x000000028e400000 0x000000028e400000 O/20    Relocatable
 Small   0x000000028e400000 0x000000028e600000 0x000000028e600000 Y/422   Allocating 
 Small   0x000000028e600000 0x000000028e800000 0x000000028e800000 Y/422   Allocating 
 Small   0x000000028e800000 0x000000028ea00000 0x000000028ea00000 Y/422   Allocating 
 Small   0x000000028ea00000 0x000000028ec00000 0x000000028ec00000 Y/422   Allocating 
 Small   0x000000028ec00000 0x000000028ee00000 0x000000028ee00000 Y/422   Allocating 
 Small   0x000000028ee00000 0x000000028f000000 0x000000028f000000 Y/422   Allocating 
 Small   0x000000028f000000 0x000000028f200000 0x000000028f200000 Y/422   Allocating 
 Small   0x000000028f200000 0x000000028f400000 0x000000028f400000 O/10    Relocatable
 Small   0x000000028f400000 0x000000028f600000 0x000000028f600000 Y/422   Allocating 
 Small   0x000000028f600000 0x000000028f800000 0x000000028f800000 O/23    Allocating 
 Small   0x000000028f800000 0x000000028fa00000 0x000000028fa00000 Y/422   Allocating 
 Small   0x000000028fa00000 0x000000028fc00000 0x000000028fc00000 Y/422   Allocating 
 Small   0x000000028fc00000 0x000000028fe00000 0x000000028fe00000 Y/422   Allocating 
 Small   0x000000028fe00000 0x0000000290000000 0x0000000290000000 Y/422   Allocating 
 Small   0x0000000290000000 0x0000000290200000 0x0000000290200000 Y/422   Allocating 
 Small   0x0000000290200000 0x0000000290400000 0x0000000290400000 Y/422   Allocating 
 Small   0x0000000290400000 0x0000000290600000 0x0000000290600000 Y/422   Allocating 
 Small   0x0000000290600000 0x0000000290800000 0x0000000290800000 Y/422   Allocating 
 Small   0x0000000290800000 0x0000000290a00000 0x0000000290a00000 Y/422   Allocating 
 Small   0x0000000290a00000 0x0000000290c00000 0x0000000290c00000 Y/422   Allocating 
 Small   0x0000000290c00000 0x0000000290e00000 0x0000000290e00000 Y/422   Allocating 
 Small   0x0000000290e00000 0x0000000291000000 0x0000000291000000 Y/422   Allocating 
 Small   0x0000000291000000 0x0000000291200000 0x0000000291200000 Y/422   Allocating 
 Small   0x0000000291200000 0x0000000291400000 0x0000000291400000 Y/422   Allocating 
 Small   0x0000000291400000 0x0000000291600000 0x0000000291600000 Y/422   Allocating 
 Small   0x0000000291600000 0x0000000291800000 0x0000000291800000 Y/422   Allocating 
 Small   0x0000000291800000 0x0000000291a00000 0x0000000291a00000 Y/422   Allocating 
 Small   0x0000000291a00000 0x0000000291c00000 0x0000000291c00000 Y/422   Allocating 
 Small   0x0000000291c00000 0x0000000291e00000 0x0000000291e00000 Y/422   Allocating 
 Small   0x0000000291e00000 0x0000000292000000 0x0000000292000000 Y/422   Allocating 
 Small   0x0000000292000000 0x0000000292200000 0x0000000292200000 Y/422   Allocating 
 Small   0x0000000292200000 0x0000000292400000 0x0000000292400000 Y/422   Allocating 
 Small   0x0000000292400000 0x0000000292600000 0x0000000292600000 Y/422   Allocating 
 Small   0x0000000292600000 0x0000000292800000 0x0000000292800000 Y/422   Allocating 
 Small   0x0000000292800000 0x0000000292a00000 0x0000000292a00000 Y/422   Allocating 
 Small   0x0000000292a00000 0x0000000292c00000 0x0000000292c00000 Y/422   Allocating 
 Small   0x0000000292c00000 0x0000000292e00000 0x0000000292e00000 Y/422   Allocating 
 Small   0x0000000292e00000 0x0000000293000000 0x0000000293000000 Y/422   Allocating 
 Small   0x0000000293000000 0x0000000293200000 0x0000000293200000 Y/422   Allocating 
 Small   0x0000000293200000 0x0000000293400000 0x0000000293400000 Y/422   Allocating 
 Small   0x0000000293400000 0x0000000293600000 0x0000000293600000 Y/422   Allocating 
 Small   0x0000000293600000 0x0000000293800000 0x0000000293800000 Y/422   Allocating 
 Small   0x0000000293800000 0x00000002939fffe8 0x0000000293a00000 O/23    Allocating 
 Small   0x0000000293a00000 0x0000000293c00000 0x0000000293c00000 O/10    Relocatable
 Small   0x0000000293c00000 0x0000000293dfffe8 0x0000000293e00000 O/16    Relocatable
 Small   0x0000000293e00000 0x0000000294000000 0x0000000294000000 Y/422   Allocating 
 Small   0x0000000294000000 0x00000002941ffe70 0x0000000294200000 O/20    Relocatable
 Small   0x0000000294200000 0x0000000294400000 0x0000000294400000 Y/422   Allocating 
 Small   0x0000000294400000 0x0000000294600000 0x0000000294600000 Y/422   Allocating 
 Small   0x0000000294600000 0x0000000294800000 0x0000000294800000 Y/422   Allocating 
 Small   0x0000000294800000 0x0000000294a00000 0x0000000294a00000 O/15    Relocatable
 Small   0x0000000294a00000 0x0000000294bfffe8 0x0000000294c00000 O/10    Relocatable
 Small   0x0000000294c00000 0x0000000294e00000 0x0000000294e00000 Y/422   Allocating 
 Small   0x0000000294e00000 0x0000000295000000 0x0000000295000000 Y/422   Allocating 
 Small   0x0000000295000000 0x0000000295200000 0x0000000295200000 Y/422   Allocating 
 Small   0x0000000295200000 0x0000000295400000 0x0000000295400000 Y/422   Allocating 
 Small   0x0000000295400000 0x0000000295600000 0x0000000295600000 Y/422   Allocating 
 Small   0x0000000295600000 0x0000000295800000 0x0000000295800000 Y/422   Allocating 
 Small   0x0000000295800000 0x0000000295803228 0x0000000295a00000 O/23    Allocating 
 Small   0x0000000295a00000 0x0000000295c00000 0x0000000295c00000 Y/422   Allocating 
 Small   0x0000000295c00000 0x0000000295e00000 0x0000000295e00000 Y/422   Allocating 
 Small   0x0000000295e00000 0x0000000296000000 0x0000000296000000 Y/422   Allocating 
 Small   0x0000000296000000 0x0000000296200000 0x0000000296200000 Y/422   Allocating 
 Small   0x0000000296200000 0x0000000296400000 0x0000000296400000 Y/422   Allocating 
 Small   0x0000000296400000 0x0000000296600000 0x0000000296600000 Y/422   Allocating 
 Small   0x0000000296600000 0x00000002967ff8f0 0x0000000296800000 O/20    Relocatable
 Small   0x0000000296800000 0x0000000296a00000 0x0000000296a00000 Y/422   Allocating 
 Small   0x0000000296a00000 0x0000000296c00000 0x0000000296c00000 Y/422   Allocating 
 Small   0x0000000296c00000 0x0000000296e00000 0x0000000296e00000 Y/422   Allocating 
 Small   0x0000000296e00000 0x0000000297000000 0x0000000297000000 Y/422   Allocating 
 Small   0x0000000297000000 0x0000000297200000 0x0000000297200000 Y/422   Allocating 
 Small   0x0000000297200000 0x0000000297400000 0x0000000297400000 Y/422   Allocating 
 Small   0x0000000297400000 0x0000000297600000 0x0000000297600000 Y/422   Allocating 
 Small   0x0000000297600000 0x0000000297800000 0x0000000297800000 O/10    Relocatable
 Small   0x0000000297800000 0x0000000297a00000 0x0000000297a00000 Y/422   Allocating 
 Small   0x0000000297a00000 0x0000000297c00000 0x0000000297c00000 Y/422   Allocating 
 Small   0x0000000297c00000 0x0000000297e00000 0x0000000297e00000 Y/422   Allocating 
 Small   0x0000000297e00000 0x0000000298000000 0x0000000298000000 Y/422   Allocating 
 Small   0x0000000298000000 0x0000000298200000 0x0000000298200000 Y/422   Allocating 
 Small   0x0000000298200000 0x0000000298400000 0x0000000298400000 Y/422   Allocating 
 Small   0x0000000298400000 0x00000002985fffe8 0x0000000298600000 O/19    Relocatable
 Small   0x0000000298600000 0x0000000298800000 0x0000000298800000 Y/422   Allocating 
 Small   0x0000000298800000 0x00000002989fffd8 0x0000000298a00000 O/10    Relocatable
 Small   0x0000000298a00000 0x0000000298c00000 0x0000000298c00000 Y/422   Allocating 
 Small   0x0000000298c00000 0x0000000298e00000 0x0000000298e00000 Y/422   Allocating 
 Small   0x0000000298e00000 0x0000000299000000 0x0000000299000000 Y/422   Allocating 
 Small   0x0000000299000000 0x0000000299200000 0x0000000299200000 Y/422   Allocating 
 Small   0x0000000299200000 0x0000000299400000 0x0000000299400000 Y/422   Allocating 
 Small   0x0000000299400000 0x0000000299600000 0x0000000299600000 Y/422   Allocating 
 Small   0x0000000299600000 0x0000000299800000 0x0000000299800000 Y/422   Allocating 
 Small   0x0000000299800000 0x0000000299a00000 0x0000000299a00000 Y/422   Allocating 
 Small   0x0000000299a00000 0x0000000299c00000 0x0000000299c00000 Y/422   Allocating 
 Small   0x0000000299c00000 0x0000000299e00000 0x0000000299e00000 Y/422   Allocating 
 Small   0x0000000299e00000 0x000000029a000000 0x000000029a000000 Y/422   Allocating 
 Small   0x000000029a000000 0x000000029a200000 0x000000029a200000 Y/422   Allocating 
 Small   0x000000029a200000 0x000000029a400000 0x000000029a400000 O/23    Allocating 
 Small   0x000000029a400000 0x000000029a600000 0x000000029a600000 Y/422   Allocating 
 Small   0x000000029a600000 0x000000029a800000 0x000000029a800000 Y/422   Allocating 
 Small   0x000000029a800000 0x000000029aa00000 0x000000029aa00000 Y/422   Allocating 
 Small   0x000000029aa00000 0x000000029ac00000 0x000000029ac00000 Y/422   Allocating 
 Small   0x000000029ac00000 0x000000029ae00000 0x000000029ae00000 Y/422   Allocating 
 Small   0x000000029ae00000 0x000000029b000000 0x000000029b000000 Y/422   Allocating 
 Small   0x000000029b000000 0x000000029b1fedc0 0x000000029b200000 O/23    Allocating 
 Small   0x000000029b200000 0x000000029b400000 0x000000029b400000 Y/422   Allocating 
 Small   0x000000029b400000 0x000000029b600000 0x000000029b600000 Y/422   Allocating 
 Small   0x000000029b600000 0x000000029b800000 0x000000029b800000 Y/422   Allocating 
 Small   0x000000029b800000 0x000000029ba00000 0x000000029ba00000 Y/422   Allocating 
 Small   0x000000029ba00000 0x000000029bc00000 0x000000029bc00000 Y/422   Allocating 
 Small   0x000000029bc00000 0x000000029be00000 0x000000029be00000 Y/422   Allocating 
 Small   0x000000029be00000 0x000000029c000000 0x000000029c000000 Y/422   Allocating 
 Small   0x000000029c000000 0x000000029c200000 0x000000029c200000 Y/422   Allocating 
 Small   0x000000029c200000 0x000000029c400000 0x000000029c400000 Y/422   Allocating 
 Small   0x000000029c400000 0x000000029c600000 0x000000029c600000 Y/422   Allocating 
 Small   0x000000029c600000 0x000000029c800000 0x000000029c800000 Y/422   Allocating 
 Small   0x000000029c800000 0x000000029c9fffe8 0x000000029ca00000 O/23    Allocating 
 Small   0x000000029ca00000 0x000000029cc00000 0x000000029cc00000 Y/422   Allocating 
 Small   0x000000029cc00000 0x000000029ce00000 0x000000029ce00000 Y/422   Allocating 
 Small   0x000000029ce00000 0x000000029cfffff0 0x000000029d000000 O/20    Relocatable
 Small   0x000000029d000000 0x000000029d200000 0x000000029d200000 Y/422   Allocating 
 Small   0x000000029d200000 0x000000029d400000 0x000000029d400000 Y/422   Allocating 
 Small   0x000000029d400000 0x000000029d600000 0x000000029d600000 Y/422   Allocating 
 Small   0x000000029d600000 0x000000029d800000 0x000000029d800000 Y/422   Allocating 
 Small   0x000000029d800000 0x000000029da00000 0x000000029da00000 Y/422   Allocating 
 Small   0x000000029da00000 0x000000029dc00000 0x000000029dc00000 Y/422   Allocating 
 Small   0x000000029dc00000 0x000000029de00000 0x000000029de00000 Y/422   Allocating 
 Small   0x000000029de00000 0x000000029e000000 0x000000029e000000 Y/422   Allocating 
 Small   0x000000029e000000 0x000000029e200000 0x000000029e200000 Y/422   Allocating 
 Small   0x000000029e200000 0x000000029e400000 0x000000029e400000 Y/422   Allocating 
 Small   0x000000029e400000 0x000000029e600000 0x000000029e600000 Y/422   Allocating 
 Small   0x000000029e600000 0x000000029e800000 0x000000029e800000 Y/422   Allocating 
 Small   0x000000029e800000 0x000000029ea00000 0x000000029ea00000 O/15    Relocatable
 Small   0x000000029ea00000 0x000000029ec00000 0x000000029ec00000 Y/422   Allocating 
 Small   0x000000029ec00000 0x000000029ee00000 0x000000029ee00000 Y/422   Allocating 
 Small   0x000000029ee00000 0x000000029f000000 0x000000029f000000 Y/422   Allocating 
 Small   0x000000029f000000 0x000000029f200000 0x000000029f200000 Y/422   Allocating 
 Small   0x000000029f200000 0x000000029f400000 0x000000029f400000 Y/422   Allocating 
 Small   0x000000029f400000 0x000000029f600000 0x000000029f600000 Y/422   Allocating 
 Small   0x000000029f600000 0x000000029f800000 0x000000029f800000 Y/422   Allocating 
 Small   0x000000029f800000 0x000000029fa00000 0x000000029fa00000 Y/422   Allocating 
 Small   0x000000029fa00000 0x000000029fc00000 0x000000029fc00000 Y/422   Allocating 
 Small   0x000000029fc00000 0x000000029fe00000 0x000000029fe00000 Y/422   Allocating 
 Small   0x000000029fe00000 0x00000002a0000000 0x00000002a0000000 Y/422   Allocating 
 Small   0x00000002a0000000 0x00000002a0200000 0x00000002a0200000 Y/422   Allocating 
 Small   0x00000002a0200000 0x00000002a0400000 0x00000002a0400000 Y/422   Allocating 
 Small   0x00000002a0400000 0x00000002a0600000 0x00000002a0600000 Y/422   Allocating 
 Small   0x00000002a0600000 0x00000002a0800000 0x00000002a0800000 O/15    Relocatable
 Small   0x00000002a0800000 0x00000002a0a00000 0x00000002a0a00000 Y/422   Allocating 
 Small   0x00000002a0a00000 0x00000002a0c00000 0x00000002a0c00000 O/15    Relocatable
 Small   0x00000002a0c00000 0x00000002a0e00000 0x00000002a0e00000 Y/422   Allocating 
 Small   0x00000002a0e00000 0x00000002a1000000 0x00000002a1000000 Y/422   Allocating 
 Small   0x00000002a1000000 0x00000002a1200000 0x00000002a1200000 Y/422   Allocating 
 Small   0x00000002a1200000 0x00000002a13ffff0 0x00000002a1400000 O/20    Relocatable
 Small   0x00000002a1400000 0x00000002a1600000 0x00000002a1600000 Y/422   Allocating 
 Small   0x00000002a1600000 0x00000002a1800000 0x00000002a1800000 Y/422   Allocating 
 Small   0x00000002a1800000 0x00000002a1a00000 0x00000002a1a00000 Y/422   Allocating 
 Small   0x00000002a1a00000 0x00000002a1c00000 0x00000002a1c00000 Y/422   Allocating 
 Small   0x00000002a1c00000 0x00000002a1e00000 0x00000002a1e00000 Y/422   Allocating 
 Small   0x00000002a1e00000 0x00000002a2000000 0x00000002a2000000 Y/422   Allocating 
 Small   0x00000002a2000000 0x00000002a2200000 0x00000002a2200000 Y/422   Allocating 
 Small   0x00000002a2200000 0x00000002a2400000 0x00000002a2400000 Y/422   Allocating 
 Small   0x00000002a2400000 0x00000002a2600000 0x00000002a2600000 Y/422   Allocating 
 Small   0x00000002a2600000 0x00000002a2800000 0x00000002a2800000 Y/422   Allocating 
 Small   0x00000002a2800000 0x00000002a2a00000 0x00000002a2a00000 Y/422   Allocating 
 Small   0x00000002a2a00000 0x00000002a2c00000 0x00000002a2c00000 Y/422   Allocating 
 Small   0x00000002a2c00000 0x00000002a2e00000 0x00000002a2e00000 Y/422   Allocating 
 Small   0x00000002a2e00000 0x00000002a3000000 0x00000002a3000000 Y/422   Allocating 
 Small   0x00000002a3000000 0x00000002a3200000 0x00000002a3200000 Y/422   Allocating 
 Small   0x00000002a3200000 0x00000002a3400000 0x00000002a3400000 Y/422   Allocating 
 Small   0x00000002a3400000 0x00000002a3600000 0x00000002a3600000 Y/422   Allocating 
 Small   0x00000002a3600000 0x00000002a3800000 0x00000002a3800000 Y/422   Allocating 
 Small   0x00000002a3800000 0x00000002a3a00000 0x00000002a3a00000 Y/422   Allocating 
 Small   0x00000002a3a00000 0x00000002a3bffbc8 0x00000002a3c00000 O/10    Relocatable
 Small   0x00000002a3c00000 0x00000002a3e00000 0x00000002a3e00000 Y/422   Allocating 
 Small   0x00000002a3e00000 0x00000002a4000000 0x00000002a4000000 Y/422   Allocating 
 Small   0x00000002a4000000 0x00000002a41fffd0 0x00000002a4200000 O/20    Relocatable
 Small   0x00000002a4200000 0x00000002a4400000 0x00000002a4400000 Y/422   Allocating 
 Small   0x00000002a4400000 0x00000002a4600000 0x00000002a4600000 Y/422   Allocating 
 Small   0x00000002a4600000 0x00000002a4800000 0x00000002a4800000 Y/422   Allocating 
 Small   0x00000002a4800000 0x00000002a4a00000 0x00000002a4a00000 Y/422   Allocating 
 Small   0x00000002a4a00000 0x00000002a4c00000 0x00000002a4c00000 Y/422   Allocating 
 Small   0x00000002a4c00000 0x00000002a4e00000 0x00000002a4e00000 Y/422   Allocating 
 Small   0x00000002a4e00000 0x00000002a5000000 0x00000002a5000000 Y/422   Allocating 
 Small   0x00000002a5000000 0x00000002a5200000 0x00000002a5200000 Y/422   Allocating 
 Small   0x00000002a5200000 0x00000002a5400000 0x00000002a5400000 Y/422   Allocating 
 Small   0x00000002a5400000 0x00000002a5600000 0x00000002a5600000 Y/422   Allocating 
 Small   0x00000002a5600000 0x00000002a5800000 0x00000002a5800000 Y/422   Allocating 
 Small   0x00000002a5800000 0x00000002a59ffff0 0x00000002a5a00000 O/23    Allocating 
 Small   0x00000002a5a00000 0x00000002a5bffff8 0x00000002a5c00000 O/10    Relocatable
 Small   0x00000002a5c00000 0x00000002a5e00000 0x00000002a5e00000 Y/422   Allocating 
 Small   0x00000002a5e00000 0x00000002a5fff970 0x00000002a6000000 O/23    Allocating 
 Small   0x00000002a6000000 0x00000002a6200000 0x00000002a6200000 Y/422   Allocating 
 Small   0x00000002a6200000 0x00000002a6400000 0x00000002a6400000 Y/422   Allocating 
 Small   0x00000002a6400000 0x00000002a65ffe78 0x00000002a6600000 O/17    Relocatable
 Small   0x00000002a6600000 0x00000002a67ffff0 0x00000002a6800000 O/22    Relocatable
 Small   0x00000002a6800000 0x00000002a6a00000 0x00000002a6a00000 Y/422   Allocating 
 Small   0x00000002a6a00000 0x00000002a6c00000 0x00000002a6c00000 Y/422   Allocating 
 Small   0x00000002a6c00000 0x00000002a6e00000 0x00000002a6e00000 Y/422   Allocating 
 Small   0x00000002a6e00000 0x00000002a7000000 0x00000002a7000000 Y/422   Allocating 
 Small   0x00000002a7000000 0x00000002a7200000 0x00000002a7200000 Y/422   Allocating 
 Small   0x00000002a7200000 0x00000002a7400000 0x00000002a7400000 Y/422   Allocating 
 Small   0x00000002a7400000 0x00000002a7600000 0x00000002a7600000 Y/422   Allocating 
 Small   0x00000002a7600000 0x00000002a7800000 0x00000002a7800000 Y/422   Allocating 
 Small   0x00000002a7800000 0x00000002a7a00000 0x00000002a7a00000 Y/422   Allocating 
 Small   0x00000002a7a00000 0x00000002a7c00000 0x00000002a7c00000 Y/422   Allocating 
 Small   0x00000002a7c00000 0x00000002a7c0d4f8 0x00000002a7e00000 O/23    Allocating 
 Small   0x00000002a7e00000 0x00000002a8000000 0x00000002a8000000 Y/422   Allocating 
 Small   0x00000002a8000000 0x00000002a8200000 0x00000002a8200000 Y/422   Allocating 
 Small   0x00000002a8200000 0x00000002a8400000 0x00000002a8400000 Y/422   Allocating 
 Small   0x00000002a8400000 0x00000002a8600000 0x00000002a8600000 Y/422   Allocating 
 Small   0x00000002a8600000 0x00000002a87ffff0 0x00000002a8800000 O/22    Relocatable
 Small   0x00000002a8800000 0x00000002a8a00000 0x00000002a8a00000 Y/422   Allocating 
 Small   0x00000002a8a00000 0x00000002a8c00000 0x00000002a8c00000 Y/422   Allocating 
 Small   0x00000002a8c00000 0x00000002a8e00000 0x00000002a8e00000 Y/422   Allocating 
 Small   0x00000002a8e00000 0x00000002a9000000 0x00000002a9000000 Y/422   Allocating 
 Small   0x00000002a9000000 0x00000002a9200000 0x00000002a9200000 Y/422   Allocating 
 Small   0x00000002a9200000 0x00000002a9400000 0x00000002a9400000 Y/422   Allocating 
 Small   0x00000002a9400000 0x00000002a9600000 0x00000002a9600000 Y/422   Allocating 
 Small   0x00000002a9600000 0x00000002a9800000 0x00000002a9800000 Y/422   Allocating 
 Small   0x00000002a9800000 0x00000002a9a00000 0x00000002a9a00000 Y/422   Allocating 
 Small   0x00000002a9a00000 0x00000002a9c00000 0x00000002a9c00000 Y/422   Allocating 
 Small   0x00000002a9c00000 0x00000002a9e00000 0x00000002a9e00000 Y/422   Allocating 
 Small   0x00000002a9e00000 0x00000002aa000000 0x00000002aa000000 Y/422   Allocating 
 Small   0x00000002aa000000 0x00000002aa200000 0x00000002aa200000 Y/422   Allocating 
 Small   0x00000002aa200000 0x00000002aa400000 0x00000002aa400000 Y/422   Allocating 
 Small   0x00000002aa400000 0x00000002aa600000 0x00000002aa600000 Y/422   Allocating 
 Small   0x00000002aa600000 0x00000002aa800000 0x00000002aa800000 Y/422   Allocating 
 Small   0x00000002aa800000 0x00000002aaa00000 0x00000002aaa00000 Y/422   Allocating 
 Small   0x00000002aaa00000 0x00000002aac00000 0x00000002aac00000 Y/422   Allocating 
 Small   0x00000002aac00000 0x00000002aae00000 0x00000002aae00000 Y/422   Allocating 
 Small   0x00000002aae00000 0x00000002ab000000 0x00000002ab000000 Y/422   Allocating 
 Small   0x00000002ab000000 0x00000002ab200000 0x00000002ab200000 Y/422   Allocating 
 Small   0x00000002ab200000 0x00000002ab400000 0x00000002ab400000 Y/422   Allocating 
 Small   0x00000002ab400000 0x00000002ab600000 0x00000002ab600000 Y/422   Allocating 
 Small   0x00000002ab600000 0x00000002ab800000 0x00000002ab800000 Y/422   Allocating 
 Small   0x00000002ab800000 0x00000002aba00000 0x00000002aba00000 Y/422   Allocating 
 Small   0x00000002aba00000 0x00000002abc00000 0x00000002abc00000 Y/422   Allocating 
 Small   0x00000002abc00000 0x00000002abe00000 0x00000002abe00000 Y/422   Allocating 
 Small   0x00000002abe00000 0x00000002abfff0a8 0x00000002ac000000 O/19    Relocatable
 Small   0x00000002ac000000 0x00000002ac200000 0x00000002ac200000 Y/422   Allocating 
 Small   0x00000002ac200000 0x00000002ac400000 0x00000002ac400000 Y/422   Allocating 
 Small   0x00000002ac400000 0x00000002ac600000 0x00000002ac600000 Y/422   Allocating 
 Small   0x00000002ac600000 0x00000002ac800000 0x00000002ac800000 Y/422   Allocating 
 Small   0x00000002ac800000 0x00000002aca00000 0x00000002aca00000 Y/422   Allocating 
 Small   0x00000002aca00000 0x00000002acbffc58 0x00000002acc00000 O/20    Relocatable
 Small   0x00000002acc00000 0x00000002ace00000 0x00000002ace00000 Y/422   Allocating 
 Small   0x00000002ace00000 0x00000002ad000000 0x00000002ad000000 Y/422   Allocating 
 Small   0x00000002ad000000 0x00000002ad200000 0x00000002ad200000 Y/422   Allocating 
 Small   0x00000002ad200000 0x00000002ad400000 0x00000002ad400000 Y/422   Allocating 
 Small   0x00000002ad400000 0x00000002ad5fffd0 0x00000002ad600000 O/10    Relocatable
 Small   0x00000002ad600000 0x00000002ad800000 0x00000002ad800000 Y/422   Allocating 
 Small   0x00000002ad800000 0x00000002ada00000 0x00000002ada00000 Y/422   Allocating 
 Small   0x00000002ada00000 0x00000002adc00000 0x00000002adc00000 O/10    Relocatable
 Small   0x00000002adc00000 0x00000002ade00000 0x00000002ade00000 Y/422   Allocating 
 Small   0x00000002ade00000 0x00000002ae000000 0x00000002ae000000 Y/422   Allocating 
 Small   0x00000002ae000000 0x00000002ae200000 0x00000002ae200000 Y/422   Allocating 
 Small   0x00000002ae200000 0x00000002ae400000 0x00000002ae400000 Y/422   Allocating 
 Small   0x00000002ae400000 0x00000002ae600000 0x00000002ae600000 Y/422   Allocating 
 Small   0x00000002ae600000 0x00000002ae800000 0x00000002ae800000 Y/422   Allocating 
 Small   0x00000002ae800000 0x00000002aea00000 0x00000002aea00000 Y/422   Allocating 
 Small   0x00000002aea00000 0x00000002aec00000 0x00000002aec00000 Y/422   Allocating 
 Small   0x00000002aec00000 0x00000002aee00000 0x00000002aee00000 Y/422   Allocating 
 Small   0x00000002aee00000 0x00000002af000000 0x00000002af000000 Y/422   Allocating 
 Small   0x00000002af000000 0x00000002af200000 0x00000002af200000 Y/422   Allocating 
 Small   0x00000002af200000 0x00000002af400000 0x00000002af400000 Y/422   Allocating 
 Small   0x00000002af400000 0x00000002af600000 0x00000002af600000 Y/422   Allocating 
 Small   0x00000002af600000 0x00000002af800000 0x00000002af800000 Y/422   Allocating 
 Small   0x00000002af800000 0x00000002afa00000 0x00000002afa00000 Y/422   Allocating 
 Small   0x00000002afa00000 0x00000002afc00000 0x00000002afc00000 Y/422   Allocating 
 Small   0x00000002afc00000 0x00000002afdffe78 0x00000002afe00000 O/22    Relocatable
 Small   0x00000002afe00000 0x00000002b0000000 0x00000002b0000000 Y/422   Allocating 
 Small   0x00000002b0000000 0x00000002b0200000 0x00000002b0200000 Y/422   Allocating 
 Small   0x00000002b0200000 0x00000002b03fffb8 0x00000002b0400000 O/10    Relocatable
 Small   0x00000002b0400000 0x00000002b0600000 0x00000002b0600000 Y/422   Allocating 
 Small   0x00000002b0600000 0x00000002b0800000 0x00000002b0800000 Y/422   Allocating 
 Small   0x00000002b0800000 0x00000002b0a00000 0x00000002b0a00000 Y/422   Allocating 
 Small   0x00000002b0a00000 0x00000002b0c00000 0x00000002b0c00000 Y/422   Allocating 
 Small   0x00000002b0c00000 0x00000002b0e00000 0x00000002b0e00000 Y/422   Allocating 
 Small   0x00000002b0e00000 0x00000002b1000000 0x00000002b1000000 Y/422   Allocating 
 Small   0x00000002b1000000 0x00000002b1200000 0x00000002b1200000 Y/422   Allocating 
 Small   0x00000002b1200000 0x00000002b13fff30 0x00000002b1400000 O/15    Relocatable
 Small   0x00000002b1400000 0x00000002b1600000 0x00000002b1600000 Y/422   Allocating 
 Small   0x00000002b1600000 0x00000002b1800000 0x00000002b1800000 Y/422   Allocating 
 Small   0x00000002b1800000 0x00000002b19ffff8 0x00000002b1a00000 O/10    Relocatable
 Small   0x00000002b1a00000 0x00000002b1c00000 0x00000002b1c00000 Y/422   Allocating 
 Small   0x00000002b1c00000 0x00000002b1e00000 0x00000002b1e00000 Y/422   Allocating 
 Small   0x00000002b1e00000 0x00000002b2000000 0x00000002b2000000 Y/422   Allocating 
 Small   0x00000002b2000000 0x00000002b2200000 0x00000002b2200000 Y/422   Allocating 
 Small   0x00000002b2200000 0x00000002b2400000 0x00000002b2400000 Y/422   Allocating 
 Small   0x00000002b2400000 0x00000002b2600000 0x00000002b2600000 Y/422   Allocating 
 Small   0x00000002b2600000 0x00000002b2800000 0x00000002b2800000 Y/422   Allocating 
 Small   0x00000002b2800000 0x00000002b2a00000 0x00000002b2a00000 Y/422   Allocating 
 Small   0x00000002b2a00000 0x00000002b2c00000 0x00000002b2c00000 Y/422   Allocating 
 Small   0x00000002b2c00000 0x00000002b2e00000 0x00000002b2e00000 Y/422   Allocating 
 Small   0x00000002b2e00000 0x00000002b3000000 0x00000002b3000000 Y/422   Allocating 
 Small   0x00000002b3000000 0x00000002b3200000 0x00000002b3200000 Y/422   Allocating 
 Small   0x00000002b3200000 0x00000002b3400000 0x00000002b3400000 Y/422   Allocating 
 Small   0x00000002b3400000 0x00000002b3600000 0x00000002b3600000 Y/422   Allocating 
 Small   0x00000002b3600000 0x00000002b37fffd8 0x00000002b3800000 O/15    Relocatable
 Small   0x00000002b3800000 0x00000002b39fff18 0x00000002b3a00000 O/11    Relocatable
 Small   0x00000002b3a00000 0x00000002b3a00890 0x00000002b3c00000 O/23    Allocating 
 Small   0x00000002b3c00000 0x00000002b3e00000 0x00000002b3e00000 Y/422   Allocating 
 Small   0x00000002b3e00000 0x00000002b4000000 0x00000002b4000000 Y/422   Allocating 
 Small   0x00000002b4000000 0x00000002b4200000 0x00000002b4200000 Y/422   Allocating 
 Small   0x00000002b4200000 0x00000002b4400000 0x00000002b4400000 Y/422   Allocating 
 Small   0x00000002b4400000 0x00000002b4600000 0x00000002b4600000 Y/422   Allocating 
 Small   0x00000002b4600000 0x00000002b4800000 0x00000002b4800000 Y/422   Allocating 
 Small   0x00000002b4800000 0x00000002b49fff90 0x00000002b4a00000 O/15    Relocatable
 Small   0x00000002b4a00000 0x00000002b4c00000 0x00000002b4c00000 Y/422   Allocating 
 Small   0x00000002b4c00000 0x00000002b4e00000 0x00000002b4e00000 Y/422   Allocating 
 Small   0x00000002b4e00000 0x00000002b5000000 0x00000002b5000000 Y/422   Allocating 
 Small   0x00000002b5000000 0x00000002b5200000 0x00000002b5200000 Y/422   Allocating 
 Small   0x00000002b5200000 0x00000002b5400000 0x00000002b5400000 Y/422   Allocating 
 Small   0x00000002b5400000 0x00000002b55fffe8 0x00000002b5600000 O/10    Relocatable
 Small   0x00000002b5600000 0x00000002b5800000 0x00000002b5800000 Y/422   Allocating 
 Small   0x00000002b5800000 0x00000002b5a00000 0x00000002b5a00000 Y/422   Allocating 
 Small   0x00000002b5a00000 0x00000002b5c00000 0x00000002b5c00000 Y/422   Allocating 
 Small   0x00000002b5c00000 0x00000002b5e00000 0x00000002b5e00000 Y/422   Allocating 
 Medium  0x00000002b5e00000 0x00000002b5f83000 0x00000002b7e00000 O/23    Allocating 
 Small   0x00000002b7e00000 0x00000002b8000000 0x00000002b8000000 Y/422   Allocating 
 Small   0x00000002b8000000 0x00000002b8200000 0x00000002b8200000 Y/422   Allocating 
 Small   0x00000002b8200000 0x00000002b8400000 0x00000002b8400000 Y/422   Allocating 
 Small   0x00000002b8400000 0x00000002b8600000 0x00000002b8600000 Y/422   Allocating 
 Small   0x00000002b8600000 0x00000002b8800000 0x00000002b8800000 Y/422   Allocating 
 Small   0x00000002b8800000 0x00000002b8a00000 0x00000002b8a00000 Y/422   Allocating 
 Small   0x00000002b8a00000 0x00000002b8c00000 0x00000002b8c00000 Y/422   Allocating 
 Small   0x00000002b8c00000 0x00000002b8e00000 0x00000002b8e00000 Y/422   Allocating 
 Small   0x00000002b8e00000 0x00000002b9000000 0x00000002b9000000 Y/422   Allocating 
 Small   0x00000002b9000000 0x00000002b9200000 0x00000002b9200000 Y/422   Allocating 
 Small   0x00000002b9200000 0x00000002b9400000 0x00000002b9400000 Y/422   Allocating 
 Small   0x00000002b9400000 0x00000002b9600000 0x00000002b9600000 Y/422   Allocating 
 Small   0x00000002b9600000 0x00000002b9800000 0x00000002b9800000 Y/422   Allocating 
 Small   0x00000002b9800000 0x00000002b9a00000 0x00000002b9a00000 Y/422   Allocating 
 Small   0x00000002b9a00000 0x00000002b9c00000 0x00000002b9c00000 Y/422   Allocating 
 Small   0x00000002b9c00000 0x00000002b9e00000 0x00000002b9e00000 Y/422   Allocating 
 Small   0x00000002b9e00000 0x00000002b9fffff0 0x00000002ba000000 O/23    Allocating 
 Small   0x00000002ba000000 0x00000002ba200000 0x00000002ba200000 Y/422   Allocating 
 Small   0x00000002ba200000 0x00000002ba400000 0x00000002ba400000 Y/422   Allocating 
 Small   0x00000002ba400000 0x00000002ba600000 0x00000002ba600000 Y/422   Allocating 
 Small   0x00000002ba600000 0x00000002ba800000 0x00000002ba800000 Y/422   Allocating 
 Small   0x00000002ba800000 0x00000002baa00000 0x00000002baa00000 Y/422   Allocating 
 Small   0x00000002baa00000 0x00000002baa01b08 0x00000002bac00000 O/23    Allocating 
 Small   0x00000002bac00000 0x00000002bae00000 0x00000002bae00000 Y/422   Allocating 
 Small   0x00000002bae00000 0x00000002bb000000 0x00000002bb000000 Y/422   Allocating 
 Small   0x00000002bb000000 0x00000002bb200000 0x00000002bb200000 Y/422   Allocating 
 Small   0x00000002bb200000 0x00000002bb400000 0x00000002bb400000 Y/422   Allocating 
 Small   0x00000002bb400000 0x00000002bb600000 0x00000002bb600000 Y/422   Allocating 
 Small   0x00000002bb600000 0x00000002bb800000 0x00000002bb800000 Y/422   Allocating 
 Small   0x00000002bb800000 0x00000002bba00000 0x00000002bba00000 Y/422   Allocating 
 Small   0x00000002bba00000 0x00000002bbc00000 0x00000002bbc00000 Y/422   Allocating 
 Small   0x00000002bbc00000 0x00000002bbe00000 0x00000002bbe00000 Y/422   Allocating 
 Small   0x00000002bbe00000 0x00000002bc000000 0x00000002bc000000 Y/422   Allocating 
 Small   0x00000002bc000000 0x00000002bc200000 0x00000002bc200000 Y/422   Allocating 
 Small   0x00000002bc200000 0x00000002bc400000 0x00000002bc400000 Y/422   Allocating 
 Small   0x00000002bc400000 0x00000002bc600000 0x00000002bc600000 Y/422   Allocating 
 Small   0x00000002bc600000 0x00000002bc800000 0x00000002bc800000 Y/422   Allocating 
 Small   0x00000002bc800000 0x00000002bca00000 0x00000002bca00000 Y/422   Allocating 
 Small   0x00000002bca00000 0x00000002bcc00000 0x00000002bcc00000 Y/422   Allocating 
 Small   0x00000002bcc00000 0x00000002bce00000 0x00000002bce00000 Y/422   Allocating 
 Small   0x00000002bce00000 0x00000002bd000000 0x00000002bd000000 Y/422   Allocating 
 Small   0x00000002bd000000 0x00000002bd200000 0x00000002bd200000 Y/422   Allocating 
 Small   0x00000002bd200000 0x00000002bd400000 0x00000002bd400000 Y/422   Allocating 
 Small   0x00000002bd400000 0x00000002bd600000 0x00000002bd600000 Y/422   Allocating 
 Small   0x00000002bd600000 0x00000002bd800000 0x00000002bd800000 Y/422   Allocating 
 Small   0x00000002bd800000 0x00000002bda00000 0x00000002bda00000 Y/422   Allocating 
 Small   0x00000002bda00000 0x00000002bdc00000 0x00000002bdc00000 Y/422   Allocating 
 Small   0x00000002bdc00000 0x00000002bde00000 0x00000002bde00000 Y/422   Allocating 
 Small   0x00000002bde00000 0x00000002be000000 0x00000002be000000 Y/422   Allocating 
 Small   0x00000002be000000 0x00000002be200000 0x00000002be200000 Y/422   Allocating 
 Small   0x00000002be200000 0x00000002be400000 0x00000002be400000 Y/422   Allocating 
 Small   0x00000002be400000 0x00000002be600000 0x00000002be600000 Y/422   Allocating 
 Small   0x00000002be600000 0x00000002be7ffff0 0x00000002be800000 O/15    Relocatable
 Small   0x00000002be800000 0x00000002bea00000 0x00000002bea00000 Y/422   Allocating 
 Small   0x00000002bea00000 0x00000002bec00000 0x00000002bec00000 Y/422   Allocating 
 Small   0x00000002bec00000 0x00000002bedffff0 0x00000002bee00000 O/15    Relocatable
 Small   0x00000002bee00000 0x00000002bf000000 0x00000002bf000000 Y/422   Allocating 
 Small   0x00000002bf000000 0x00000002bf200000 0x00000002bf200000 Y/422   Allocating 
 Small   0x00000002bf200000 0x00000002bf400000 0x00000002bf400000 Y/422   Allocating 
 Small   0x00000002bf400000 0x00000002bf600000 0x00000002bf600000 Y/422   Allocating 
 Small   0x00000002bf600000 0x00000002bf800000 0x00000002bf800000 Y/422   Allocating 
 Small   0x00000002bf800000 0x00000002bfa00000 0x00000002bfa00000 Y/422   Allocating 
 Small   0x00000002bfa00000 0x00000002bfc00000 0x00000002bfc00000 O/20    Relocatable
 Small   0x00000002bfc00000 0x00000002bfe00000 0x00000002bfe00000 Y/422   Allocating 
 Small   0x00000002bfe00000 0x00000002bffffff0 0x00000002c0000000 O/16    Relocatable
 Small   0x00000002c0000000 0x00000002c0200000 0x00000002c0200000 O/23    Allocating 
 Small   0x00000002c0200000 0x00000002c0400000 0x00000002c0400000 Y/422   Allocating 
 Small   0x00000002c0400000 0x00000002c05ffff0 0x00000002c0600000 O/20    Relocatable
 Small   0x00000002c0600000 0x00000002c0800000 0x00000002c0800000 Y/422   Allocating 
 Small   0x00000002c0800000 0x00000002c0a00000 0x00000002c0a00000 Y/422   Allocating 
 Small   0x00000002c0a00000 0x00000002c0c00000 0x00000002c0c00000 Y/422   Allocating 
 Small   0x00000002c0c00000 0x00000002c0e00000 0x00000002c0e00000 Y/422   Allocating 
 Small   0x00000002c0e00000 0x00000002c1000000 0x00000002c1000000 Y/422   Allocating 
 Small   0x00000002c1000000 0x00000002c1200000 0x00000002c1200000 Y/422   Allocating 
 Small   0x00000002c1200000 0x00000002c1400000 0x00000002c1400000 Y/422   Allocating 
 Small   0x00000002c1400000 0x00000002c1600000 0x00000002c1600000 Y/422   Allocating 
 Small   0x00000002c1600000 0x00000002c1800000 0x00000002c1800000 Y/422   Allocating 
 Small   0x00000002c1800000 0x00000002c1a00000 0x00000002c1a00000 Y/422   Allocating 
 Small   0x00000002c1a00000 0x00000002c1c00000 0x00000002c1c00000 Y/422   Allocating 
 Small   0x00000002c1c00000 0x00000002c1e00000 0x00000002c1e00000 Y/422   Allocating 
 Small   0x00000002c1e00000 0x00000002c2000000 0x00000002c2000000 Y/422   Allocating 
 Small   0x00000002c2000000 0x00000002c21e0b20 0x00000002c2200000 O/10    Relocatable
 Small   0x00000002c2200000 0x00000002c2400000 0x00000002c2400000 Y/422   Allocating 
 Small   0x00000002c2400000 0x00000002c2600000 0x00000002c2600000 Y/422   Allocating 
 Small   0x00000002c2600000 0x00000002c2800000 0x00000002c2800000 Y/422   Allocating 
 Small   0x00000002c2800000 0x00000002c2a00000 0x00000002c2a00000 Y/422   Allocating 
 Small   0x00000002c2a00000 0x00000002c2c00000 0x00000002c2c00000 Y/422   Allocating 
 Small   0x00000002c2c00000 0x00000002c2dfff60 0x00000002c2e00000 O/20    Relocatable
 Small   0x00000002c2e00000 0x00000002c3000000 0x00000002c3000000 Y/422   Allocating 
 Small   0x00000002c3000000 0x00000002c3200000 0x00000002c3200000 Y/422   Allocating 
 Small   0x00000002c3200000 0x00000002c3400000 0x00000002c3400000 Y/422   Allocating 
 Small   0x00000002c3400000 0x00000002c3600000 0x00000002c3600000 Y/422   Allocating 
 Small   0x00000002c3600000 0x00000002c3800000 0x00000002c3800000 Y/422   Allocating 
 Small   0x00000002c3800000 0x00000002c3a00000 0x00000002c3a00000 Y/422   Allocating 
 Small   0x00000002c3a00000 0x00000002c3c00000 0x00000002c3c00000 Y/422   Allocating 
 Small   0x00000002c3c00000 0x00000002c3e00000 0x00000002c3e00000 Y/422   Allocating 
 Small   0x00000002c3e00000 0x00000002c4000000 0x00000002c4000000 Y/422   Allocating 
 Small   0x00000002c4000000 0x00000002c4200000 0x00000002c4200000 Y/422   Allocating 
 Small   0x00000002c4200000 0x00000002c4400000 0x00000002c4400000 O/23    Allocating 
 Small   0x00000002c4400000 0x00000002c4600000 0x00000002c4600000 Y/422   Allocating 
 Small   0x00000002c4600000 0x00000002c4800000 0x00000002c4800000 Y/422   Allocating 
 Small   0x00000002c4800000 0x00000002c4a00000 0x00000002c4a00000 Y/422   Allocating 
 Small   0x00000002c4a00000 0x00000002c4c00000 0x00000002c4c00000 Y/422   Allocating 
 Small   0x00000002c4c00000 0x00000002c4e00000 0x00000002c4e00000 Y/422   Allocating 
 Small   0x00000002c4e00000 0x00000002c5000000 0x00000002c5000000 Y/422   Allocating 
 Small   0x00000002c5000000 0x00000002c5200000 0x00000002c5200000 Y/422   Allocating 
 Small   0x00000002c5200000 0x00000002c5400000 0x00000002c5400000 Y/422   Allocating 
 Small   0x00000002c5400000 0x00000002c5600000 0x00000002c5600000 Y/422   Allocating 
 Small   0x00000002c5600000 0x00000002c5800000 0x00000002c5800000 Y/422   Allocating 
 Small   0x00000002c5800000 0x00000002c5a00000 0x00000002c5a00000 Y/422   Allocating 
 Small   0x00000002c5a00000 0x00000002c5c00000 0x00000002c5c00000 Y/422   Allocating 
 Small   0x00000002c5c00000 0x00000002c5e00000 0x00000002c5e00000 Y/422   Allocating 
 Small   0x00000002c5e00000 0x00000002c6000000 0x00000002c6000000 Y/422   Allocating 
 Small   0x00000002c6000000 0x00000002c6200000 0x00000002c6200000 Y/422   Allocating 
 Small   0x00000002c6200000 0x00000002c6400000 0x00000002c6400000 Y/422   Allocating 
 Small   0x00000002c6400000 0x00000002c6600000 0x00000002c6600000 O/15    Relocatable
 Small   0x00000002c6600000 0x00000002c6800000 0x00000002c6800000 Y/422   Allocating 
 Small   0x00000002c6800000 0x00000002c6a00000 0x00000002c6a00000 Y/422   Allocating 
 Small   0x00000002c6a00000 0x00000002c6bfffe8 0x00000002c6c00000 O/22    Relocatable
 Small   0x00000002c6c00000 0x00000002c6e00000 0x00000002c6e00000 Y/422   Allocating 
 Small   0x00000002c6e00000 0x00000002c7000000 0x00000002c7000000 Y/422   Allocating 
 Small   0x00000002c7000000 0x00000002c7200000 0x00000002c7200000 Y/422   Allocating 
 Small   0x00000002c7200000 0x00000002c7400000 0x00000002c7400000 Y/422   Allocating 
 Small   0x00000002c7400000 0x00000002c7600000 0x00000002c7600000 Y/422   Allocating 
 Small   0x00000002c7600000 0x00000002c7800000 0x00000002c7800000 Y/422   Allocating 
 Small   0x00000002c7800000 0x00000002c7a00000 0x00000002c7a00000 Y/422   Allocating 
 Small   0x00000002c7a00000 0x00000002c7bfc828 0x00000002c7c00000 O/22    Relocatable
 Small   0x00000002c7c00000 0x00000002c7e00000 0x00000002c7e00000 Y/422   Allocating 
 Small   0x00000002c7e00000 0x00000002c8000000 0x00000002c8000000 Y/422   Allocating 
 Small   0x00000002c8000000 0x00000002c8200000 0x00000002c8200000 Y/422   Allocating 
 Small   0x00000002c8200000 0x00000002c8400000 0x00000002c8400000 Y/422   Allocating 
 Small   0x00000002c8400000 0x00000002c8600000 0x00000002c8600000 Y/422   Allocating 
 Small   0x00000002c8600000 0x00000002c8800000 0x00000002c8800000 Y/422   Allocating 
 Small   0x00000002c8800000 0x00000002c8a00000 0x00000002c8a00000 Y/422   Allocating 
 Small   0x00000002c8a00000 0x00000002c8c00000 0x00000002c8c00000 Y/422   Allocating 
 Small   0x00000002c8c00000 0x00000002c8e00000 0x00000002c8e00000 Y/422   Allocating 
 Small   0x00000002c8e00000 0x00000002c9000000 0x00000002c9000000 Y/422   Allocating 
 Small   0x00000002c9000000 0x00000002c91fffe0 0x00000002c9200000 O/19    Relocatable
 Small   0x00000002c9200000 0x00000002c9400000 0x00000002c9400000 Y/422   Allocating 
 Small   0x00000002c9400000 0x00000002c9600000 0x00000002c9600000 Y/422   Allocating 
 Small   0x00000002c9600000 0x00000002c9800000 0x00000002c9800000 Y/422   Allocating 
 Small   0x00000002c9800000 0x00000002c9a00000 0x00000002c9a00000 Y/422   Allocating 
 Small   0x00000002c9a00000 0x00000002c9c00000 0x00000002c9c00000 Y/422   Allocating 
 Small   0x00000002c9c00000 0x00000002c9e00000 0x00000002c9e00000 Y/422   Allocating 
 Small   0x00000002c9e00000 0x00000002ca000000 0x00000002ca000000 Y/422   Allocating 
 Small   0x00000002ca000000 0x00000002ca200000 0x00000002ca200000 Y/422   Allocating 
 Small   0x00000002ca200000 0x00000002ca400000 0x00000002ca400000 Y/422   Allocating 
 Small   0x00000002ca400000 0x00000002ca600000 0x00000002ca600000 Y/422   Allocating 
 Small   0x00000002ca600000 0x00000002ca800000 0x00000002ca800000 Y/422   Allocating 
 Small   0x00000002ca800000 0x00000002ca9fffe8 0x00000002caa00000 O/18    Relocatable
 Small   0x00000002caa00000 0x00000002cac00000 0x00000002cac00000 Y/422   Allocating 
 Small   0x00000002cac00000 0x00000002cae00000 0x00000002cae00000 Y/422   Allocating 
 Small   0x00000002cae00000 0x00000002cb000000 0x00000002cb000000 Y/422   Allocating 
 Small   0x00000002cb000000 0x00000002cb200000 0x00000002cb200000 Y/422   Allocating 
 Small   0x00000002cb200000 0x00000002cb400000 0x00000002cb400000 Y/422   Allocating 
 Small   0x00000002cb400000 0x00000002cb600000 0x00000002cb600000 Y/422   Allocating 
 Small   0x00000002cb600000 0x00000002cb800000 0x00000002cb800000 Y/422   Allocating 
 Small   0x00000002cb800000 0x00000002cba00000 0x00000002cba00000 Y/422   Allocating 
 Small   0x00000002cba00000 0x00000002cbbffcf8 0x00000002cbc00000 O/15    Relocatable
 Small   0x00000002cbc00000 0x00000002cbe00000 0x00000002cbe00000 Y/422   Allocating 
 Small   0x00000002cbe00000 0x00000002cc000000 0x00000002cc000000 Y/422   Allocating 
 Small   0x00000002cc000000 0x00000002cc200000 0x00000002cc200000 Y/422   Allocating 
 Small   0x00000002cc200000 0x00000002cc400000 0x00000002cc400000 Y/422   Allocating 
 Small   0x00000002cc400000 0x00000002cc600000 0x00000002cc600000 Y/422   Allocating 
 Small   0x00000002cc600000 0x00000002cc800000 0x00000002cc800000 Y/422   Allocating 
 Small   0x00000002cc800000 0x00000002cca00000 0x00000002cca00000 Y/422   Allocating 
 Small   0x00000002cca00000 0x00000002ccc00000 0x00000002ccc00000 Y/422   Allocating 
 Small   0x00000002ccc00000 0x00000002cce00000 0x00000002cce00000 Y/422   Allocating 
 Small   0x00000002cce00000 0x00000002cd000000 0x00000002cd000000 Y/422   Allocating 
 Small   0x00000002cd000000 0x00000002cd200000 0x00000002cd200000 Y/422   Allocating 
 Small   0x00000002cd200000 0x00000002cd400000 0x00000002cd400000 O/15    Relocatable
 Small   0x00000002cd400000 0x00000002cd600000 0x00000002cd600000 Y/422   Allocating 
 Small   0x00000002cd600000 0x00000002cd800000 0x00000002cd800000 Y/422   Allocating 
 Small   0x00000002cd800000 0x00000002cda00000 0x00000002cda00000 Y/422   Allocating 
 Small   0x00000002cda00000 0x00000002cdc00000 0x00000002cdc00000 Y/422   Allocating 
 Small   0x00000002cdc00000 0x00000002cde00000 0x00000002cde00000 Y/422   Allocating 
 Small   0x00000002cde00000 0x00000002ce000000 0x00000002ce000000 Y/422   Allocating 
 Small   0x00000002ce000000 0x00000002ce200000 0x00000002ce200000 Y/422   Allocating 
 Small   0x00000002ce200000 0x00000002ce3fcff8 0x00000002ce400000 O/23    Allocating 
 Small   0x00000002ce400000 0x00000002ce600000 0x00000002ce600000 Y/422   Allocating 
 Small   0x00000002ce600000 0x00000002ce800000 0x00000002ce800000 Y/422   Allocating 
 Small   0x00000002ce800000 0x00000002cea00000 0x00000002cea00000 Y/422   Allocating 
 Small   0x00000002cea00000 0x00000002cec00000 0x00000002cec00000 Y/422   Allocating 
 Small   0x00000002cec00000 0x00000002cee00000 0x00000002cee00000 Y/422   Allocating 
 Small   0x00000002cee00000 0x00000002cf000000 0x00000002cf000000 Y/422   Allocating 
 Small   0x00000002cf000000 0x00000002cf200000 0x00000002cf200000 Y/422   Allocating 
 Small   0x00000002cf200000 0x00000002cf400000 0x00000002cf400000 Y/422   Allocating 
 Small   0x00000002cf400000 0x00000002cf600000 0x00000002cf600000 Y/422   Allocating 
 Small   0x00000002cf600000 0x00000002cf800000 0x00000002cf800000 Y/422   Allocating 
 Small   0x00000002cf800000 0x00000002cfa00000 0x00000002cfa00000 Y/422   Allocating 
 Small   0x00000002cfa00000 0x00000002cfc00000 0x00000002cfc00000 Y/422   Allocating 
 Small   0x00000002cfc00000 0x00000002cfe00000 0x00000002cfe00000 Y/422   Allocating 
 Small   0x00000002cfe00000 0x00000002d0000000 0x00000002d0000000 Y/422   Allocating 
 Small   0x00000002d0000000 0x00000002d0200000 0x00000002d0200000 Y/422   Allocating 
 Small   0x00000002d0200000 0x00000002d0400000 0x00000002d0400000 Y/422   Allocating 
 Small   0x00000002d0400000 0x00000002d0600000 0x00000002d0600000 Y/422   Allocating 
 Small   0x00000002d0600000 0x00000002d0800000 0x00000002d0800000 Y/422   Allocating 
 Small   0x00000002d0800000 0x00000002d0a00000 0x00000002d0a00000 Y/422   Allocating 
 Small   0x00000002d0a00000 0x00000002d0c00000 0x00000002d0c00000 Y/422   Allocating 
 Small   0x00000002d0c00000 0x00000002d0e00000 0x00000002d0e00000 Y/422   Allocating 
 Small   0x00000002d0e00000 0x00000002d1000000 0x00000002d1000000 Y/422   Allocating 
 Small   0x00000002d1000000 0x00000002d11fffe0 0x00000002d1200000 O/21    Relocatable
 Small   0x00000002d1200000 0x00000002d1400000 0x00000002d1400000 Y/422   Allocating 
 Small   0x00000002d1400000 0x00000002d1600000 0x00000002d1600000 Y/422   Allocating 
 Small   0x00000002d1600000 0x00000002d1800000 0x00000002d1800000 Y/422   Allocating 
 Small   0x00000002d1800000 0x00000002d1a00000 0x00000002d1a00000 Y/422   Allocating 
 Small   0x00000002d1a00000 0x00000002d1c00000 0x00000002d1c00000 Y/422   Allocating 
 Small   0x00000002d1c00000 0x00000002d1e00000 0x00000002d1e00000 Y/422   Allocating 
 Small   0x00000002d1e00000 0x00000002d1ffe318 0x00000002d2000000 O/15    Relocatable
 Small   0x00000002d2000000 0x00000002d2200000 0x00000002d2200000 Y/422   Allocating 
 Small   0x00000002d2200000 0x00000002d2400000 0x00000002d2400000 Y/422   Allocating 
 Small   0x00000002d2400000 0x00000002d2600000 0x00000002d2600000 Y/422   Allocating 
 Small   0x00000002d2600000 0x00000002d27ffec8 0x00000002d2800000 O/19    Relocatable
 Small   0x00000002d2800000 0x00000002d2a00000 0x00000002d2a00000 Y/422   Allocating 
 Small   0x00000002d2a00000 0x00000002d2c00000 0x00000002d2c00000 Y/422   Allocating 
 Small   0x00000002d2c00000 0x00000002d2e00000 0x00000002d2e00000 Y/422   Allocating 
 Small   0x00000002d2e00000 0x00000002d3000000 0x00000002d3000000 Y/422   Allocating 
 Small   0x00000002d3000000 0x00000002d3200000 0x00000002d3200000 Y/422   Allocating 
 Small   0x00000002d3200000 0x00000002d3400000 0x00000002d3400000 Y/422   Allocating 
 Small   0x00000002d3400000 0x00000002d3600000 0x00000002d3600000 Y/422   Allocating 
 Small   0x00000002d3600000 0x00000002d3800000 0x00000002d3800000 Y/422   Allocating 
 Small   0x00000002d3800000 0x00000002d3a00000 0x00000002d3a00000 Y/422   Allocating 
 Small   0x00000002d3a00000 0x00000002d3bfffd8 0x00000002d3c00000 O/20    Relocatable
 Small   0x00000002d3c00000 0x00000002d3e00000 0x00000002d3e00000 Y/422   Allocating 
 Small   0x00000002d3e00000 0x00000002d4000000 0x00000002d4000000 Y/422   Allocating 
 Small   0x00000002d4000000 0x00000002d4200000 0x00000002d4200000 Y/422   Allocating 
 Small   0x00000002d4200000 0x00000002d4400000 0x00000002d4400000 Y/422   Allocating 
 Small   0x00000002d4400000 0x00000002d45ffff8 0x00000002d4600000 O/13    Relocatable
 Small   0x00000002d4600000 0x00000002d4800000 0x00000002d4800000 Y/422   Allocating 
 Small   0x00000002d4800000 0x00000002d4a00000 0x00000002d4a00000 Y/422   Allocating 
 Small   0x00000002d4a00000 0x00000002d4c00000 0x00000002d4c00000 Y/422   Allocating 
 Small   0x00000002d4c00000 0x00000002d4e00000 0x00000002d4e00000 Y/422   Allocating 
 Small   0x00000002d4e00000 0x00000002d5000000 0x00000002d5000000 Y/422   Allocating 
 Small   0x00000002d5000000 0x00000002d5200000 0x00000002d5200000 Y/422   Allocating 
 Small   0x00000002d5200000 0x00000002d5400000 0x00000002d5400000 Y/422   Allocating 
 Small   0x00000002d5400000 0x00000002d5600000 0x00000002d5600000 Y/422   Allocating 
 Small   0x00000002d5600000 0x00000002d5800000 0x00000002d5800000 Y/422   Allocating 
 Small   0x00000002d5800000 0x00000002d5a00000 0x00000002d5a00000 Y/422   Allocating 
 Small   0x00000002d5a00000 0x00000002d5c00000 0x00000002d5c00000 Y/422   Allocating 
 Small   0x00000002d5c00000 0x00000002d5e00000 0x00000002d5e00000 Y/422   Allocating 
 Small   0x00000002d5e00000 0x00000002d6000000 0x00000002d6000000 Y/422   Allocating 
 Small   0x00000002d6000000 0x00000002d6200000 0x00000002d6200000 Y/422   Allocating 
 Small   0x00000002d6200000 0x00000002d6400000 0x00000002d6400000 Y/422   Allocating 
 Small   0x00000002d6400000 0x00000002d6600000 0x00000002d6600000 Y/422   Allocating 
 Small   0x00000002d6600000 0x00000002d6800000 0x00000002d6800000 Y/422   Allocating 
 Small   0x00000002d6800000 0x00000002d69ffe80 0x00000002d6a00000 O/23    Allocating 
 Small   0x00000002d6a00000 0x00000002d6c00000 0x00000002d6c00000 Y/422   Allocating 
 Small   0x00000002d6c00000 0x00000002d6e00000 0x00000002d6e00000 Y/422   Allocating 
 Small   0x00000002d6e00000 0x00000002d7000000 0x00000002d7000000 Y/422   Allocating 
 Small   0x00000002d7000000 0x00000002d7200000 0x00000002d7200000 Y/422   Allocating 
 Small   0x00000002d7200000 0x00000002d7400000 0x00000002d7400000 Y/422   Allocating 
 Small   0x00000002d7400000 0x00000002d7600000 0x00000002d7600000 Y/422   Allocating 
 Small   0x00000002d7600000 0x00000002d7800000 0x00000002d7800000 Y/422   Allocating 
 Small   0x00000002d7800000 0x00000002d7a00000 0x00000002d7a00000 Y/422   Allocating 
 Small   0x00000002d7a00000 0x00000002d7c00000 0x00000002d7c00000 Y/422   Allocating 
 Small   0x00000002d7c00000 0x00000002d7e00000 0x00000002d7e00000 O/15    Relocatable
 Small   0x00000002d7e00000 0x00000002d8000000 0x00000002d8000000 Y/422   Allocating 
 Small   0x00000002d8000000 0x00000002d8200000 0x00000002d8200000 Y/422   Allocating 
 Small   0x00000002d8200000 0x00000002d8400000 0x00000002d8400000 Y/422   Allocating 
 Small   0x00000002d8400000 0x00000002d8600000 0x00000002d8600000 Y/422   Allocating 
 Small   0x00000002d8600000 0x00000002d8800000 0x00000002d8800000 Y/422   Allocating 
 Small   0x00000002d8800000 0x00000002d8a00000 0x00000002d8a00000 Y/422   Allocating 
 Small   0x00000002d8a00000 0x00000002d8c00000 0x00000002d8c00000 Y/422   Allocating 
 Small   0x00000002d8c00000 0x00000002d8e00000 0x00000002d8e00000 Y/422   Allocating 
 Small   0x00000002d8e00000 0x00000002d9000000 0x00000002d9000000 Y/422   Allocating 
 Small   0x00000002d9000000 0x00000002d9200000 0x00000002d9200000 Y/422   Allocating 
 Small   0x00000002d9200000 0x00000002d9400000 0x00000002d9400000 Y/422   Allocating 
 Small   0x00000002d9400000 0x00000002d9600000 0x00000002d9600000 Y/422   Allocating 
 Small   0x00000002d9600000 0x00000002d9800000 0x00000002d9800000 Y/422   Allocating 
 Small   0x00000002d9800000 0x00000002d9a00000 0x00000002d9a00000 Y/422   Allocating 
 Small   0x00000002d9a00000 0x00000002d9c00000 0x00000002d9c00000 Y/422   Allocating 
 Small   0x00000002d9c00000 0x00000002d9e00000 0x00000002d9e00000 Y/422   Allocating 
 Small   0x00000002d9e00000 0x00000002da000000 0x00000002da000000 Y/422   Allocating 
 Small   0x00000002da000000 0x00000002da200000 0x00000002da200000 Y/422   Allocating 
 Small   0x00000002da200000 0x00000002da400000 0x00000002da400000 Y/422   Allocating 
 Small   0x00000002da400000 0x00000002da5d9920 0x00000002da600000 O/19    Relocatable
 Small   0x00000002da600000 0x00000002da800000 0x00000002da800000 Y/422   Allocating 
 Small   0x00000002da800000 0x00000002daa00000 0x00000002daa00000 Y/422   Allocating 
 Small   0x00000002daa00000 0x00000002dac00000 0x00000002dac00000 Y/422   Allocating 
 Small   0x00000002dac00000 0x00000002dae00000 0x00000002dae00000 Y/422   Allocating 
 Small   0x00000002dae00000 0x00000002db000000 0x00000002db000000 Y/422   Allocating 
 Small   0x00000002db000000 0x00000002db1fffb8 0x00000002db200000 O/23    Allocating 
 Small   0x00000002db200000 0x00000002db400000 0x00000002db400000 Y/422   Allocating 
 Small   0x00000002db400000 0x00000002db600000 0x00000002db600000 Y/422   Allocating 
 Small   0x00000002db600000 0x00000002db800000 0x00000002db800000 O/15    Relocatable
 Small   0x00000002db800000 0x00000002db9fff48 0x00000002dba00000 O/20    Relocatable
 Small   0x00000002dba00000 0x00000002dbc00000 0x00000002dbc00000 Y/422   Allocating 
 Small   0x00000002dbc00000 0x00000002dbe00000 0x00000002dbe00000 Y/422   Allocating 
 Small   0x00000002dbe00000 0x00000002dc000000 0x00000002dc000000 Y/422   Allocating 
 Small   0x00000002dc000000 0x00000002dc200000 0x00000002dc200000 Y/422   Allocating 
 Small   0x00000002dc200000 0x00000002dc400000 0x00000002dc400000 Y/422   Allocating 
 Small   0x00000002dc400000 0x00000002dc600000 0x00000002dc600000 Y/422   Allocating 
 Small   0x00000002dc600000 0x00000002dc800000 0x00000002dc800000 Y/422   Allocating 
 Small   0x00000002dc800000 0x00000002dc9dbe00 0x00000002dca00000 O/19    Relocatable
 Small   0x00000002dca00000 0x00000002dcbfffe8 0x00000002dcc00000 O/23    Allocating 
 Small   0x00000002dcc00000 0x00000002dce00000 0x00000002dce00000 Y/422   Allocating 
 Small   0x00000002dce00000 0x00000002dd000000 0x00000002dd000000 Y/422   Allocating 
 Small   0x00000002dd000000 0x00000002dd1fffd8 0x00000002dd200000 O/15    Relocatable
 Small   0x00000002dd200000 0x00000002dd400000 0x00000002dd400000 Y/422   Allocating 
 Small   0x00000002dd400000 0x00000002dd5f73f0 0x00000002dd600000 O/20    Relocatable
 Small   0x00000002dd600000 0x00000002dd800000 0x00000002dd800000 Y/422   Allocating 
 Small   0x00000002dd800000 0x00000002dda00000 0x00000002dda00000 Y/422   Allocating 
 Small   0x00000002dda00000 0x00000002ddc00000 0x00000002ddc00000 Y/422   Allocating 
 Small   0x00000002ddc00000 0x00000002dde00000 0x00000002dde00000 Y/422   Allocating 
 Small   0x00000002dde00000 0x00000002de000000 0x00000002de000000 Y/422   Allocating 
 Small   0x00000002de000000 0x00000002de200000 0x00000002de200000 Y/422   Allocating 
 Small   0x00000002de200000 0x00000002de400000 0x00000002de400000 Y/422   Allocating 
 Small   0x00000002de400000 0x00000002de600000 0x00000002de600000 Y/422   Allocating 
 Small   0x00000002de600000 0x00000002de800000 0x00000002de800000 Y/422   Allocating 
 Small   0x00000002de800000 0x00000002dea00000 0x00000002dea00000 Y/422   Allocating 
 Small   0x00000002dea00000 0x00000002dec00000 0x00000002dec00000 Y/422   Allocating 
 Small   0x00000002dec00000 0x00000002dee00000 0x00000002dee00000 Y/422   Allocating 
 Small   0x00000002dee00000 0x00000002df000000 0x00000002df000000 Y/422   Allocating 
 Small   0x00000002df000000 0x00000002df200000 0x00000002df200000 Y/422   Allocating 
 Small   0x00000002df200000 0x00000002df400000 0x00000002df400000 Y/422   Allocating 
 Small   0x00000002df400000 0x00000002df600000 0x00000002df600000 Y/422   Allocating 
 Small   0x00000002df600000 0x00000002df800000 0x00000002df800000 Y/422   Allocating 
 Small   0x00000002df800000 0x00000002df9d1240 0x00000002dfa00000 O/23    Allocating 
 Small   0x00000002dfa00000 0x00000002dfc00000 0x00000002dfc00000 Y/422   Allocating 
 Small   0x00000002dfc00000 0x00000002dfe00000 0x00000002dfe00000 Y/422   Allocating 
 Small   0x00000002dfe00000 0x00000002e0000000 0x00000002e0000000 Y/422   Allocating 
 Small   0x00000002e0000000 0x00000002e0200000 0x00000002e0200000 Y/422   Allocating 
 Small   0x00000002e0200000 0x00000002e0400000 0x00000002e0400000 Y/422   Allocating 
 Small   0x00000002e0400000 0x00000002e0600000 0x00000002e0600000 Y/422   Allocating 
 Small   0x00000002e0600000 0x00000002e07fffe8 0x00000002e0800000 O/15    Relocatable
 Small   0x00000002e0800000 0x00000002e0a00000 0x00000002e0a00000 Y/422   Allocating 
 Small   0x00000002e0a00000 0x00000002e0c00000 0x00000002e0c00000 Y/422   Allocating 
 Small   0x00000002e0c00000 0x00000002e0e00000 0x00000002e0e00000 Y/422   Allocating 
 Small   0x00000002e0e00000 0x00000002e1000000 0x00000002e1000000 Y/422   Allocating 
 Small   0x00000002e1000000 0x00000002e1200000 0x00000002e1200000 Y/422   Allocating 
 Small   0x00000002e1200000 0x00000002e1400000 0x00000002e1400000 Y/422   Allocating 
 Small   0x00000002e1400000 0x00000002e1600000 0x00000002e1600000 Y/422   Allocating 
 Small   0x00000002e1600000 0x00000002e1800000 0x00000002e1800000 Y/422   Allocating 
 Small   0x00000002e1800000 0x00000002e1a00000 0x00000002e1a00000 Y/422   Allocating 
 Small   0x00000002e1a00000 0x00000002e1bffab0 0x00000002e1c00000 O/15    Relocatable
 Small   0x00000002e1c00000 0x00000002e1e00000 0x00000002e1e00000 Y/422   Allocating 
 Small   0x00000002e1e00000 0x00000002e2000000 0x00000002e2000000 Y/422   Allocating 
 Small   0x00000002e2000000 0x00000002e2200000 0x00000002e2200000 Y/422   Allocating 
 Small   0x00000002e2200000 0x00000002e2400000 0x00000002e2400000 Y/422   Allocating 
 Small   0x00000002e2400000 0x00000002e2600000 0x00000002e2600000 Y/422   Allocating 
 Small   0x00000002e2600000 0x00000002e2800000 0x00000002e2800000 Y/422   Allocating 
 Small   0x00000002e2800000 0x00000002e2a00000 0x00000002e2a00000 Y/422   Allocating 
 Small   0x00000002e2a00000 0x00000002e2c00000 0x00000002e2c00000 Y/422   Allocating 
 Small   0x00000002e2c00000 0x00000002e2e00000 0x00000002e2e00000 Y/422   Allocating 
 Small   0x00000002e2e00000 0x00000002e3000000 0x00000002e3000000 O/15    Relocatable
 Small   0x00000002e3000000 0x00000002e3200000 0x00000002e3200000 Y/422   Allocating 
 Small   0x00000002e3200000 0x00000002e3400000 0x00000002e3400000 Y/422   Allocating 
 Small   0x00000002e3400000 0x00000002e3600000 0x00000002e3600000 Y/422   Allocating 
 Small   0x00000002e3600000 0x00000002e3800000 0x00000002e3800000 Y/422   Allocating 
 Small   0x00000002e3800000 0x00000002e3a00000 0x00000002e3a00000 Y/422   Allocating 
 Small   0x00000002e3a00000 0x00000002e3c00000 0x00000002e3c00000 Y/422   Allocating 
 Small   0x00000002e3c00000 0x00000002e3e00000 0x00000002e3e00000 Y/422   Allocating 
 Small   0x00000002e3e00000 0x00000002e4000000 0x00000002e4000000 Y/422   Allocating 
 Small   0x00000002e4000000 0x00000002e4200000 0x00000002e4200000 Y/422   Allocating 
 Small   0x00000002e4200000 0x00000002e4400000 0x00000002e4400000 Y/422   Allocating 
 Small   0x00000002e4400000 0x00000002e4600000 0x00000002e4600000 Y/422   Allocating 
 Small   0x00000002e4600000 0x00000002e47fff38 0x00000002e4800000 O/23    Allocating 
 Small   0x00000002e4800000 0x00000002e4a00000 0x00000002e4a00000 Y/422   Allocating 
 Small   0x00000002e4a00000 0x00000002e4bffdd8 0x00000002e4c00000 O/19    Relocatable
 Small   0x00000002e4c00000 0x00000002e4e00000 0x00000002e4e00000 Y/422   Allocating 
 Small   0x00000002e4e00000 0x00000002e5000000 0x00000002e5000000 Y/422   Allocating 
 Small   0x00000002e5000000 0x00000002e5200000 0x00000002e5200000 Y/422   Allocating 
 Small   0x00000002e5200000 0x00000002e5400000 0x00000002e5400000 Y/422   Allocating 
 Small   0x00000002e5400000 0x00000002e55fffe8 0x00000002e5600000 O/22    Relocatable
 Small   0x00000002e5600000 0x00000002e5800000 0x00000002e5800000 Y/422   Allocating 
 Small   0x00000002e5800000 0x00000002e5a00000 0x00000002e5a00000 Y/422   Allocating 
 Small   0x00000002e5a00000 0x00000002e5c00000 0x00000002e5c00000 Y/422   Allocating 
 Small   0x00000002e5c00000 0x00000002e5e00000 0x00000002e5e00000 Y/422   Allocating 
 Small   0x00000002e5e00000 0x00000002e6000000 0x00000002e6000000 Y/422   Allocating 
 Small   0x00000002e6000000 0x00000002e6200000 0x00000002e6200000 Y/422   Allocating 
 Small   0x00000002e6200000 0x00000002e6400000 0x00000002e6400000 Y/422   Allocating 
 Small   0x00000002e6400000 0x00000002e6600000 0x00000002e6600000 Y/422   Allocating 
 Small   0x00000002e6600000 0x00000002e6800000 0x00000002e6800000 Y/422   Allocating 
 Small   0x00000002e6800000 0x00000002e6a00000 0x00000002e6a00000 Y/422   Allocating 
 Small   0x00000002e6a00000 0x00000002e6c00000 0x00000002e6c00000 Y/422   Allocating 
 Small   0x00000002e6c00000 0x00000002e6e00000 0x00000002e6e00000 Y/422   Allocating 
 Small   0x00000002e6e00000 0x00000002e7000000 0x00000002e7000000 Y/422   Allocating 
 Small   0x00000002e7000000 0x00000002e7200000 0x00000002e7200000 O/15    Relocatable
 Small   0x00000002e7200000 0x00000002e7400000 0x00000002e7400000 Y/422   Allocating 
 Small   0x00000002e7400000 0x00000002e7600000 0x00000002e7600000 O/15    Relocatable
 Small   0x00000002e7600000 0x00000002e7800000 0x00000002e7800000 Y/422   Allocating 
 Small   0x00000002e7800000 0x00000002e7a00000 0x00000002e7a00000 Y/422   Allocating 
 Small   0x00000002e7a00000 0x00000002e7c00000 0x00000002e7c00000 Y/422   Allocating 
 Small   0x00000002e7c00000 0x00000002e7e00000 0x00000002e7e00000 Y/422   Allocating 
 Small   0x00000002e7e00000 0x00000002e7fffff8 0x00000002e8000000 O/19    Relocatable
 Small   0x00000002e8000000 0x00000002e8200000 0x00000002e8200000 Y/422   Allocating 
 Small   0x00000002e8200000 0x00000002e8400000 0x00000002e8400000 Y/422   Allocating 
 Small   0x00000002e8400000 0x00000002e8600000 0x00000002e8600000 Y/422   Allocating 
 Small   0x00000002e8600000 0x00000002e8800000 0x00000002e8800000 Y/422   Allocating 
 Small   0x00000002e8800000 0x00000002e8a00000 0x00000002e8a00000 Y/422   Allocating 
 Small   0x00000002e8a00000 0x00000002e8c00000 0x00000002e8c00000 Y/422   Allocating 
 Small   0x00000002e8c00000 0x00000002e8e00000 0x00000002e8e00000 Y/422   Allocating 
 Small   0x00000002e8e00000 0x00000002e9000000 0x00000002e9000000 Y/422   Allocating 
 Small   0x00000002e9000000 0x00000002e9200000 0x00000002e9200000 Y/422   Allocating 
 Small   0x00000002e9200000 0x00000002e9400000 0x00000002e9400000 Y/422   Allocating 
 Small   0x00000002e9400000 0x00000002e95ffff0 0x00000002e9600000 Y/422   Allocating 
 Small   0x00000002e9600000 0x00000002e9800000 0x00000002e9800000 Y/422   Allocating 
 Small   0x00000002e9800000 0x00000002e9a00000 0x00000002e9a00000 Y/422   Allocating 
 Small   0x00000002e9a00000 0x00000002e9c00000 0x00000002e9c00000 Y/422   Allocating 
 Small   0x00000002e9c00000 0x00000002e9e00000 0x00000002e9e00000 Y/422   Allocating 
 Small   0x00000002e9e00000 0x00000002ea000000 0x00000002ea000000 O/15    Relocatable
 Small   0x00000002ea000000 0x00000002ea200000 0x00000002ea200000 Y/422   Allocating 
 Small   0x00000002ea200000 0x00000002ea3ed950 0x00000002ea400000 O/21    Relocatable
 Small   0x00000002ea400000 0x00000002ea5fffd8 0x00000002ea600000 O/15    Relocatable
 Small   0x00000002ea600000 0x00000002ea800000 0x00000002ea800000 Y/422   Allocating 
 Small   0x00000002ea800000 0x00000002eaa00000 0x00000002eaa00000 Y/422   Allocating 
 Small   0x00000002eaa00000 0x00000002eac00000 0x00000002eac00000 Y/422   Allocating 
 Small   0x00000002eac00000 0x00000002eadffff0 0x00000002eae00000 O/19    Relocatable
 Small   0x00000002eae00000 0x00000002eb000000 0x00000002eb000000 Y/422   Allocating 
 Small   0x00000002eb000000 0x00000002eb200000 0x00000002eb200000 Y/422   Allocating 
 Small   0x00000002eb200000 0x00000002eb400000 0x00000002eb400000 Y/422   Allocating 
 Small   0x00000002eb400000 0x00000002eb600000 0x00000002eb600000 Y/422   Allocating 
 Small   0x00000002eb600000 0x00000002eb800000 0x00000002eb800000 Y/422   Allocating 
 Small   0x00000002eb800000 0x00000002eba00000 0x00000002eba00000 Y/422   Allocating 
 Small   0x00000002eba00000 0x00000002ebc00000 0x00000002ebc00000 Y/422   Allocating 
 Small   0x00000002ebc00000 0x00000002ebdfffe8 0x00000002ebe00000 O/22    Relocatable
 Small   0x00000002ebe00000 0x00000002ec000000 0x00000002ec000000 Y/422   Allocating 
 Small   0x00000002ec000000 0x00000002ec200000 0x00000002ec200000 Y/422   Allocating 
 Small   0x00000002ec200000 0x00000002ec400000 0x00000002ec400000 Y/422   Allocating 
 Small   0x00000002ec400000 0x00000002ec600000 0x00000002ec600000 Y/422   Allocating 
 Small   0x00000002ec600000 0x00000002ec800000 0x00000002ec800000 Y/422   Allocating 
 Small   0x00000002ec800000 0x00000002eca00000 0x00000002eca00000 Y/422   Allocating 
 Small   0x00000002eca00000 0x00000002ecc00000 0x00000002ecc00000 Y/422   Allocating 
 Small   0x00000002ecc00000 0x00000002ece00000 0x00000002ece00000 Y/422   Allocating 
 Small   0x00000002ece00000 0x00000002ed000000 0x00000002ed000000 Y/422   Allocating 
 Small   0x00000002ed000000 0x00000002ed200000 0x00000002ed200000 Y/422   Allocating 
 Small   0x00000002ed200000 0x00000002ed400000 0x00000002ed400000 Y/422   Allocating 
 Small   0x00000002ed400000 0x00000002ed600000 0x00000002ed600000 Y/422   Allocating 
 Small   0x00000002ed600000 0x00000002ed800000 0x00000002ed800000 Y/422   Allocating 
 Small   0x00000002ed800000 0x00000002ed9fff18 0x00000002eda00000 O/22    Relocatable
 Small   0x00000002eda00000 0x00000002edc00000 0x00000002edc00000 O/20    Relocatable
 Small   0x00000002edc00000 0x00000002ede00000 0x00000002ede00000 Y/422   Allocating 
 Small   0x00000002ede00000 0x00000002ee000000 0x00000002ee000000 Y/422   Allocating 
 Small   0x00000002ee000000 0x00000002ee200000 0x00000002ee200000 Y/422   Allocating 
 Small   0x00000002ee200000 0x00000002ee400000 0x00000002ee400000 Y/422   Allocating 
 Small   0x00000002ee400000 0x00000002ee600000 0x00000002ee600000 Y/422   Allocating 
 Small   0x00000002ee600000 0x00000002ee800000 0x00000002ee800000 Y/422   Allocating 
 Small   0x00000002ee800000 0x00000002eea00000 0x00000002eea00000 Y/422   Allocating 
 Small   0x00000002eea00000 0x00000002eec00000 0x00000002eec00000 Y/422   Allocating 
 Small   0x00000002eec00000 0x00000002eee00000 0x00000002eee00000 Y/422   Allocating 
 Small   0x00000002eee00000 0x00000002ef000000 0x00000002ef000000 Y/422   Allocating 
 Small   0x00000002ef000000 0x00000002ef200000 0x00000002ef200000 Y/422   Allocating 
 Small   0x00000002ef200000 0x00000002ef400000 0x00000002ef400000 Y/422   Allocating 
 Small   0x00000002ef400000 0x00000002ef600000 0x00000002ef600000 Y/422   Allocating 
 Small   0x00000002ef600000 0x00000002ef800000 0x00000002ef800000 Y/422   Allocating 
 Small   0x00000002ef800000 0x00000002efa00000 0x00000002efa00000 Y/422   Allocating 
 Small   0x00000002efa00000 0x00000002efc00000 0x00000002efc00000 Y/422   Allocating 
 Small   0x00000002efc00000 0x00000002efe00000 0x00000002efe00000 Y/422   Allocating 
 Small   0x00000002efe00000 0x00000002f0000000 0x00000002f0000000 Y/422   Allocating 
 Small   0x00000002f0000000 0x00000002f01fffe8 0x00000002f0200000 O/15    Relocatable
 Small   0x00000002f0200000 0x00000002f0400000 0x00000002f0400000 Y/422   Allocating 
 Small   0x00000002f0400000 0x00000002f0600000 0x00000002f0600000 Y/422   Allocating 
 Small   0x00000002f0600000 0x00000002f0800000 0x00000002f0800000 O/15    Relocatable
 Small   0x00000002f0800000 0x00000002f0a00000 0x00000002f0a00000 Y/422   Allocating 
 Small   0x00000002f0a00000 0x00000002f0c00000 0x00000002f0c00000 Y/422   Allocating 
 Small   0x00000002f0c00000 0x00000002f0e00000 0x00000002f0e00000 Y/422   Allocating 
 Small   0x00000002f0e00000 0x00000002f1000000 0x00000002f1000000 Y/422   Allocating 
 Small   0x00000002f1000000 0x00000002f1200000 0x00000002f1200000 Y/422   Allocating 
 Small   0x00000002f1200000 0x00000002f1400000 0x00000002f1400000 Y/422   Allocating 
 Small   0x00000002f1400000 0x00000002f1600000 0x00000002f1600000 Y/422   Allocating 
 Small   0x00000002f1600000 0x00000002f1800000 0x00000002f1800000 Y/422   Allocating 
 Small   0x00000002f1800000 0x00000002f1a00000 0x00000002f1a00000 Y/422   Allocating 
 Small   0x00000002f1a00000 0x00000002f1c00000 0x00000002f1c00000 Y/422   Allocating 
 Small   0x00000002f1c00000 0x00000002f1e00000 0x00000002f1e00000 Y/422   Allocating 
 Small   0x00000002f1e00000 0x00000002f2000000 0x00000002f2000000 Y/422   Allocating 
 Small   0x00000002f2000000 0x00000002f21ffff8 0x00000002f2200000 O/11    Relocatable
 Small   0x00000002f2200000 0x00000002f2400000 0x00000002f2400000 Y/422   Allocating 
 Small   0x00000002f2400000 0x00000002f2407b18 0x00000002f2600000 O/23    Allocating 
 Small   0x00000002f2600000 0x00000002f2800000 0x00000002f2800000 Y/422   Allocating 
 Small   0x00000002f2800000 0x00000002f2a00000 0x00000002f2a00000 O/11    Relocatable
 Small   0x00000002f2a00000 0x00000002f2c00000 0x00000002f2c00000 Y/422   Allocating 
 Small   0x00000002f2c00000 0x00000002f2e00000 0x00000002f2e00000 Y/422   Allocating 
 Small   0x00000002f2e00000 0x00000002f3000000 0x00000002f3000000 Y/422   Allocating 
 Small   0x00000002f3000000 0x00000002f31ffee0 0x00000002f3200000 O/15    Relocatable
 Small   0x00000002f3200000 0x00000002f3400000 0x00000002f3400000 Y/422   Allocating 
 Small   0x00000002f3400000 0x00000002f3600000 0x00000002f3600000 Y/422   Allocating 
 Small   0x00000002f3600000 0x00000002f3800000 0x00000002f3800000 Y/422   Allocating 
 Small   0x00000002f3800000 0x00000002f3a00000 0x00000002f3a00000 Y/422   Allocating 
 Small   0x00000002f3a00000 0x00000002f3c00000 0x00000002f3c00000 Y/422   Allocating 
 Small   0x00000002f3c00000 0x00000002f3e00000 0x00000002f3e00000 Y/422   Allocating 
 Small   0x00000002f3e00000 0x00000002f4000000 0x00000002f4000000 Y/422   Allocating 
 Small   0x00000002f4000000 0x00000002f41ffff8 0x00000002f4200000 O/21    Relocatable
 Small   0x00000002f4200000 0x00000002f4400000 0x00000002f4400000 Y/422   Allocating 
 Small   0x00000002f4400000 0x00000002f45fffd8 0x00000002f4600000 O/15    Relocatable
 Small   0x00000002f4600000 0x00000002f47ffcf8 0x00000002f4800000 O/20    Relocatable
 Small   0x00000002f4800000 0x00000002f4a00000 0x00000002f4a00000 Y/422   Allocating 
 Small   0x00000002f4a00000 0x00000002f4a024a8 0x00000002f4c00000 O/23    Allocating 
 Small   0x00000002f4c00000 0x00000002f4dfff40 0x00000002f4e00000 O/13    Relocatable
 Small   0x00000002f4e00000 0x00000002f5000000 0x00000002f5000000 Y/422   Allocating 
 Small   0x00000002f5000000 0x00000002f5200000 0x00000002f5200000 Y/422   Allocating 
 Small   0x00000002f5200000 0x00000002f5400000 0x00000002f5400000 Y/422   Allocating 
 Small   0x00000002f5400000 0x00000002f5600000 0x00000002f5600000 Y/422   Allocating 
 Small   0x00000002f5600000 0x00000002f5800000 0x00000002f5800000 Y/422   Allocating 
 Small   0x00000002f5800000 0x00000002f5a00000 0x00000002f5a00000 Y/422   Allocating 
 Small   0x00000002f5a00000 0x00000002f5c00000 0x00000002f5c00000 Y/422   Allocating 
 Small   0x00000002f5c00000 0x00000002f5e00000 0x00000002f5e00000 Y/422   Allocating 
 Small   0x00000002f5e00000 0x00000002f5e0a220 0x00000002f6000000 O/23    Allocating 
 Small   0x00000002f6000000 0x00000002f61fffb8 0x00000002f6200000 O/23    Allocating 
 Small   0x00000002f6200000 0x00000002f6400000 0x00000002f6400000 Y/422   Allocating 
 Small   0x00000002f6400000 0x00000002f6600000 0x00000002f6600000 Y/422   Allocating 
 Small   0x00000002f6600000 0x00000002f6800000 0x00000002f6800000 Y/422   Allocating 
 Small   0x00000002f6800000 0x00000002f69ffdf8 0x00000002f6a00000 O/23    Allocating 
 Small   0x00000002f6a00000 0x00000002f6c00000 0x00000002f6c00000 Y/422   Allocating 
 Small   0x00000002f6c00000 0x00000002f6e00000 0x00000002f6e00000 Y/422   Allocating 
 Small   0x00000002f6e00000 0x00000002f7000000 0x00000002f7000000 Y/422   Allocating 
 Small   0x00000002f7000000 0x00000002f71fffe0 0x00000002f7200000 O/15    Relocatable
 Small   0x00000002f7200000 0x00000002f7400000 0x00000002f7400000 Y/422   Allocating 
 Small   0x00000002f7400000 0x00000002f7600000 0x00000002f7600000 Y/422   Allocating 
 Small   0x00000002f7600000 0x00000002f77ffff0 0x00000002f7800000 O/13    Relocatable
 Small   0x00000002f7800000 0x00000002f78678a8 0x00000002f7a00000 O/23    Allocating 
 Small   0x00000002f7a00000 0x00000002f7c00000 0x00000002f7c00000 Y/422   Allocating 
 Small   0x00000002f7c00000 0x00000002f7e00000 0x00000002f7e00000 Y/422   Allocating 
 Small   0x00000002f7e00000 0x00000002f8000000 0x00000002f8000000 Y/422   Allocating 
 Small   0x00000002f8000000 0x00000002f8200000 0x00000002f8200000 Y/422   Allocating 
 Small   0x00000002f8200000 0x00000002f8400000 0x00000002f8400000 Y/422   Allocating 
 Small   0x00000002f8400000 0x00000002f8406d10 0x00000002f8600000 O/23    Allocating 
 Small   0x00000002f8600000 0x00000002f8800000 0x00000002f8800000 Y/422   Allocating 
 Small   0x00000002f8800000 0x00000002f8a00000 0x00000002f8a00000 O/15    Relocatable
 Small   0x00000002f8a00000 0x00000002f8a027c8 0x00000002f8c00000 O/23    Allocating 
 Small   0x00000002f8c00000 0x00000002f8c019b8 0x00000002f8e00000 O/23    Allocating 
 Small   0x00000002f8e00000 0x00000002f9000000 0x00000002f9000000 Y/422   Allocating 
 Small   0x00000002f9000000 0x00000002f9200000 0x00000002f9200000 Y/422   Allocating 
 Small   0x00000002f9200000 0x00000002f9400000 0x00000002f9400000 Y/422   Allocating 
 Small   0x00000002f9400000 0x00000002f9600000 0x00000002f9600000 Y/422   Allocating 
 Small   0x00000002f9600000 0x00000002f9800000 0x00000002f9800000 Y/422   Allocating 
 Small   0x00000002f9800000 0x00000002f9a00000 0x00000002f9a00000 Y/422   Allocating 
 Small   0x00000002f9a00000 0x00000002f9bffff0 0x00000002f9c00000 O/11    Relocatable
 Small   0x00000002f9c00000 0x00000002f9e00000 0x00000002f9e00000 Y/422   Allocating 
 Small   0x00000002f9e00000 0x00000002fa000000 0x00000002fa000000 Y/422   Allocating 
 Small   0x00000002fa000000 0x00000002fa200000 0x00000002fa200000 Y/422   Allocating 
 Small   0x00000002fa200000 0x00000002fa400000 0x00000002fa400000 Y/422   Allocating 
 Small   0x00000002fa400000 0x00000002fa600000 0x00000002fa600000 Y/422   Allocating 
 Small   0x00000002fa600000 0x00000002fa800000 0x00000002fa800000 Y/422   Allocating 
 Small   0x00000002fa800000 0x00000002fa9ffff8 0x00000002faa00000 O/15    Relocatable
 Small   0x00000002faa00000 0x00000002fac00000 0x00000002fac00000 Y/422   Allocating 
 Small   0x00000002fac00000 0x00000002fae00000 0x00000002fae00000 Y/422   Allocating 
 Small   0x00000002fae00000 0x00000002fb000000 0x00000002fb000000 Y/422   Allocating 
 Small   0x00000002fb000000 0x00000002fb200000 0x00000002fb200000 Y/422   Allocating 
 Small   0x00000002fb200000 0x00000002fb400000 0x00000002fb400000 Y/422   Allocating 
 Small   0x00000002fb400000 0x00000002fb600000 0x00000002fb600000 Y/422   Allocating 
 Small   0x00000002fb600000 0x00000002fb800000 0x00000002fb800000 Y/422   Allocating 
 Small   0x00000002fb800000 0x00000002fba00000 0x00000002fba00000 Y/422   Allocating 
 Small   0x00000002fba00000 0x00000002fbc00000 0x00000002fbc00000 Y/422   Allocating 
 Small   0x00000002fbc00000 0x00000002fbe00000 0x00000002fbe00000 Y/422   Allocating 
 Small   0x00000002fbe00000 0x00000002fbff9db0 0x00000002fc000000 O/15    Relocatable
 Small   0x00000002fc000000 0x00000002fc200000 0x00000002fc200000 Y/422   Allocating 
 Small   0x00000002fc200000 0x00000002fc400000 0x00000002fc400000 Y/422   Allocating 
 Small   0x00000002fc400000 0x00000002fc403eb0 0x00000002fc600000 O/23    Allocating 
 Small   0x00000002fc600000 0x00000002fc7ffff8 0x00000002fc800000 O/11    Relocatable
 Small   0x00000002fc800000 0x00000002fca00000 0x00000002fca00000 Y/422   Allocating 
 Small   0x00000002fca00000 0x00000002fcbfffe0 0x00000002fcc00000 O/15    Relocatable
 Small   0x00000002fcc00000 0x00000002fce00000 0x00000002fce00000 Y/422   Allocating 
 Small   0x00000002fce00000 0x00000002fd000000 0x00000002fd000000 Y/422   Allocating 
 Small   0x00000002fd000000 0x00000002fd200000 0x00000002fd200000 Y/422   Allocating 
 Small   0x00000002fd200000 0x00000002fd400000 0x00000002fd400000 Y/422   Allocating 
 Small   0x00000002fd400000 0x00000002fd600000 0x00000002fd600000 Y/422   Allocating 
 Small   0x00000002fd600000 0x00000002fd800000 0x00000002fd800000 Y/422   Allocating 
 Small   0x00000002fd800000 0x00000002fda00000 0x00000002fda00000 Y/422   Allocating 
 Small   0x00000002fda00000 0x00000002fdc00000 0x00000002fdc00000 Y/422   Allocating 
 Small   0x00000002fdc00000 0x00000002fddffdb8 0x00000002fde00000 O/19    Relocatable
 Small   0x00000002fde00000 0x00000002fe000000 0x00000002fe000000 Y/422   Allocating 
 Small   0x00000002fe000000 0x00000002fe200000 0x00000002fe200000 Y/422   Allocating 
 Small   0x00000002fe200000 0x00000002fe400000 0x00000002fe400000 Y/422   Allocating 
 Small   0x00000002fe400000 0x00000002fe5fffe0 0x00000002fe600000 O/15    Relocatable
 Small   0x00000002fe600000 0x00000002fe800000 0x00000002fe800000 Y/422   Allocating 
 Small   0x00000002fe800000 0x00000002fea00000 0x00000002fea00000 Y/422   Allocating 
 Small   0x00000002fea00000 0x00000002fec00000 0x00000002fec00000 Y/422   Allocating 
 Small   0x00000002fec00000 0x00000002fee00000 0x00000002fee00000 Y/422   Allocating 
 Small   0x00000002fee00000 0x00000002ff000000 0x00000002ff000000 Y/422   Allocating 
 Small   0x00000002ff000000 0x00000002ff200000 0x00000002ff200000 Y/422   Allocating 
 Small   0x00000002ff200000 0x00000002ff400000 0x00000002ff400000 Y/422   Allocating 
 Small   0x00000002ff400000 0x00000002ff600000 0x00000002ff600000 Y/422   Allocating 
 Small   0x00000002ff600000 0x00000002ff800000 0x00000002ff800000 Y/422   Allocating 
 Small   0x00000002ff800000 0x00000002ffa00000 0x00000002ffa00000 Y/422   Allocating 
 Small   0x00000002ffa00000 0x00000002ffbffff0 0x00000002ffc00000 O/23    Allocating 
 Small   0x00000002ffc00000 0x00000002ffe00000 0x00000002ffe00000 Y/422   Allocating 
 Small   0x00000002ffe00000 0x0000000300000000 0x0000000300000000 Y/422   Allocating 
 Small   0x0000000300000000 0x0000000300200000 0x0000000300200000 Y/422   Allocating 
 Small   0x0000000300200000 0x0000000300400000 0x0000000300400000 Y/422   Allocating 
 Small   0x0000000300400000 0x0000000300600000 0x0000000300600000 Y/422   Allocating 
 Small   0x0000000300600000 0x0000000300800000 0x0000000300800000 Y/422   Allocating 
 Small   0x0000000300800000 0x0000000300a00000 0x0000000300a00000 Y/422   Allocating 
 Small   0x0000000300a00000 0x0000000300c00000 0x0000000300c00000 Y/422   Allocating 
 Small   0x0000000300c00000 0x0000000300e00000 0x0000000300e00000 Y/422   Allocating 
 Small   0x0000000300e00000 0x0000000300ffe1b0 0x0000000301000000 O/23    Allocating 
 Small   0x0000000301000000 0x0000000301200000 0x0000000301200000 Y/422   Allocating 
 Small   0x0000000301200000 0x0000000301400000 0x0000000301400000 Y/422   Allocating 
 Small   0x0000000301400000 0x00000003015ffff0 0x0000000301600000 O/13    Relocatable
 Small   0x0000000301600000 0x0000000301800000 0x0000000301800000 Y/422   Allocating 
 Small   0x0000000301800000 0x0000000301a00000 0x0000000301a00000 Y/422   Allocating 
 Small   0x0000000301a00000 0x0000000301c00000 0x0000000301c00000 Y/422   Allocating 
 Small   0x0000000301c00000 0x0000000301dfff10 0x0000000301e00000 O/15    Relocatable
 Small   0x0000000301e00000 0x0000000301fffee0 0x0000000302000000 Y/422   Allocating 
 Small   0x0000000302000000 0x0000000302200000 0x0000000302200000 Y/422   Allocating 
 Small   0x0000000302200000 0x0000000302400000 0x0000000302400000 Y/422   Allocating 
 Small   0x0000000302400000 0x0000000302600000 0x0000000302600000 Y/422   Allocating 
 Small   0x0000000302600000 0x0000000302800000 0x0000000302800000 Y/422   Allocating 
 Small   0x0000000302800000 0x0000000302a00000 0x0000000302a00000 Y/422   Allocating 
 Small   0x0000000302a00000 0x0000000302c00000 0x0000000302c00000 Y/422   Allocating 
 Small   0x0000000302c00000 0x0000000302e00000 0x0000000302e00000 Y/422   Allocating 
 Small   0x0000000302e00000 0x0000000302ffe1d0 0x0000000303000000 O/11    Relocatable
 Small   0x0000000303000000 0x00000003031ffe58 0x0000000303200000 O/15    Relocatable
 Small   0x0000000303200000 0x0000000303400000 0x0000000303400000 Y/422   Allocating 
 Small   0x0000000303400000 0x00000003035ffac8 0x0000000303600000 O/15    Relocatable
 Small   0x0000000303600000 0x0000000303800000 0x0000000303800000 Y/422   Allocating 
 Small   0x0000000303800000 0x0000000303a00000 0x0000000303a00000 Y/422   Allocating 
 Small   0x0000000303a00000 0x0000000303c00000 0x0000000303c00000 Y/422   Allocating 
 Small   0x0000000303c00000 0x0000000303e00000 0x0000000303e00000 Y/422   Allocating 
 Small   0x0000000303e00000 0x0000000304000000 0x0000000304000000 Y/422   Allocating 
 Small   0x0000000304000000 0x0000000304200000 0x0000000304200000 Y/422   Allocating 
 Small   0x0000000304200000 0x0000000304400000 0x0000000304400000 Y/422   Allocating 
 Small   0x0000000304400000 0x0000000304600000 0x0000000304600000 Y/422   Allocating 
 Small   0x0000000304600000 0x0000000304800000 0x0000000304800000 Y/422   Allocating 
 Small   0x0000000304800000 0x00000003049fff00 0x0000000304a00000 O/16    Relocatable
 Small   0x0000000304a00000 0x0000000304c00000 0x0000000304c00000 Y/422   Allocating 
 Small   0x0000000304c00000 0x0000000304dffef8 0x0000000304e00000 O/15    Relocatable
 Small   0x0000000304e00000 0x0000000305000000 0x0000000305000000 Y/422   Allocating 
 Small   0x0000000305000000 0x00000003051ffff0 0x0000000305200000 O/23    Allocating 
 Small   0x0000000305200000 0x0000000305400000 0x0000000305400000 Y/422   Allocating 
 Small   0x0000000305400000 0x0000000305600000 0x0000000305600000 Y/422   Allocating 
 Small   0x0000000305600000 0x0000000305800000 0x0000000305800000 Y/422   Allocating 
 Small   0x0000000305800000 0x00000003059fffb0 0x0000000305a00000 O/19    Relocatable
 Medium  0x0000000305a00000 0x000000030790d000 0x0000000307a00000 O/13    Relocatable
 Medium  0x0000000307a00000 0x00000003099f3000 0x0000000309a00000 O/11    Relocatable
 Small   0x000000030ba00000 0x000000030bbfffe0 0x000000030bc00000 O/15    Relocatable
 Small   0x000000030bc00000 0x000000030be00000 0x000000030be00000 Y/422   Allocating 
 Small   0x000000030be00000 0x000000030c000000 0x000000030c000000 Y/422   Allocating 
 Small   0x000000030c000000 0x000000030c200000 0x000000030c200000 Y/422   Allocating 
 Small   0x000000030c200000 0x000000030c400000 0x000000030c400000 Y/422   Allocating 
 Small   0x000000030c400000 0x000000030c600000 0x000000030c600000 Y/422   Allocating 
 Small   0x000000030c600000 0x000000030c7ffff8 0x000000030c800000 O/15    Relocatable
 Small   0x000000030c800000 0x000000030ca00000 0x000000030ca00000 Y/422   Allocating 
 Small   0x000000030ca00000 0x000000030cc00000 0x000000030cc00000 Y/422   Allocating 
 Small   0x000000030cc00000 0x000000030ce00000 0x000000030ce00000 Y/422   Allocating 
 Small   0x000000030ce00000 0x000000030d000000 0x000000030d000000 Y/422   Allocating 
 Small   0x000000030d000000 0x000000030d200000 0x000000030d200000 Y/422   Allocating 
 Small   0x000000030d200000 0x000000030d400000 0x000000030d400000 Y/422   Allocating 
 Small   0x000000030d400000 0x000000030d600000 0x000000030d600000 Y/422   Allocating 
 Small   0x000000030d600000 0x000000030d800000 0x000000030d800000 Y/422   Allocating 
 Small   0x000000030d800000 0x000000030da00000 0x000000030da00000 Y/422   Allocating 
 Small   0x000000030da00000 0x000000030dbfffe0 0x000000030dc00000 O/20    Relocatable
 Small   0x000000030dc00000 0x000000030de00000 0x000000030de00000 Y/422   Allocating 
 Small   0x000000030de00000 0x000000030e000000 0x000000030e000000 Y/422   Allocating 
 Small   0x000000030e000000 0x000000030e1ffff8 0x000000030e200000 O/15    Relocatable
 Small   0x000000030e200000 0x000000030e400000 0x000000030e400000 Y/422   Allocating 
 Small   0x000000030e400000 0x000000030e600000 0x000000030e600000 Y/422   Allocating 
 Small   0x000000030e600000 0x000000030e602af0 0x000000030e800000 O/23    Allocating 
 Small   0x000000030e800000 0x000000030ea00000 0x000000030ea00000 Y/422   Allocating 
 Small   0x000000030ea00000 0x000000030ec00000 0x000000030ec00000 Y/422   Allocating 
 Small   0x000000030ec00000 0x000000030edfffd8 0x000000030ee00000 O/23    Allocating 
 Small   0x000000030ee00000 0x000000030f000000 0x000000030f000000 Y/422   Allocating 
 Small   0x000000030f000000 0x000000030f200000 0x000000030f200000 Y/422   Allocating 
 Small   0x000000030f200000 0x000000030f400000 0x000000030f400000 Y/422   Allocating 
 Small   0x000000030f400000 0x000000030f600000 0x000000030f600000 Y/422   Allocating 
 Small   0x000000030f600000 0x000000030f800000 0x000000030f800000 Y/422   Allocating 
 Small   0x000000030f800000 0x000000030fa00000 0x000000030fa00000 Y/422   Allocating 
 Small   0x000000030fa00000 0x000000030fc00000 0x000000030fc00000 Y/422   Allocating 
 Small   0x000000030fc00000 0x000000030fc01130 0x000000030fe00000 Y/422   Allocating 
 Small   0x000000030fe00000 0x000000030ffffe18 0x0000000310000000 O/15    Relocatable
 Small   0x0000000310000000 0x00000003101fffe8 0x0000000310200000 O/15    Relocatable
 Small   0x0000000310200000 0x0000000310400000 0x0000000310400000 Y/422   Allocating 
 Small   0x0000000310400000 0x0000000310600000 0x0000000310600000 Y/422   Allocating 
 Small   0x0000000310600000 0x0000000310800000 0x0000000310800000 Y/422   Allocating 
 Small   0x0000000310800000 0x0000000310a00000 0x0000000310a00000 Y/422   Allocating 
 Small   0x0000000310a00000 0x0000000310c00000 0x0000000310c00000 Y/422   Allocating 
 Small   0x0000000310c00000 0x0000000310e00000 0x0000000310e00000 Y/422   Allocating 
 Small   0x0000000310e00000 0x0000000311000000 0x0000000311000000 Y/422   Allocating 
 Small   0x0000000311000000 0x0000000311200000 0x0000000311200000 Y/422   Allocating 
 Small   0x0000000311200000 0x00000003113ffe78 0x0000000311400000 O/23    Allocating 
 Small   0x0000000311400000 0x0000000311600000 0x0000000311600000 Y/422   Allocating 
 Small   0x0000000311600000 0x0000000311800000 0x0000000311800000 Y/422   Allocating 
 Small   0x0000000311800000 0x0000000311a00000 0x0000000311a00000 Y/422   Allocating 
 Small   0x0000000311a00000 0x0000000311c00000 0x0000000311c00000 Y/422   Allocating 
 Small   0x0000000311c00000 0x0000000311e00000 0x0000000311e00000 Y/422   Allocating 
 Small   0x0000000311e00000 0x0000000312000000 0x0000000312000000 Y/422   Allocating 
 Small   0x0000000312000000 0x0000000312200000 0x0000000312200000 Y/422   Allocating 
 Small   0x0000000312200000 0x00000003123ffef8 0x0000000312400000 O/15    Relocatable
 Small   0x0000000312400000 0x0000000312600000 0x0000000312600000 Y/422   Allocating 
 Small   0x0000000312600000 0x0000000312800000 0x0000000312800000 Y/422   Allocating 
 Small   0x0000000312800000 0x0000000312a00000 0x0000000312a00000 Y/422   Allocating 
 Small   0x0000000312a00000 0x0000000312c00000 0x0000000312c00000 Y/422   Allocating 
 Small   0x0000000312c00000 0x0000000312e00000 0x0000000312e00000 Y/422   Allocating 
 Small   0x0000000312e00000 0x0000000313000000 0x0000000313000000 Y/422   Allocating 
 Small   0x0000000313000000 0x0000000313200000 0x0000000313200000 Y/422   Allocating 
 Small   0x0000000313200000 0x0000000313400000 0x0000000313400000 Y/422   Allocating 
 Small   0x0000000313400000 0x00000003135fffe0 0x0000000313600000 O/20    Relocatable
 Small   0x0000000313600000 0x0000000313800000 0x0000000313800000 Y/422   Allocating 
 Small   0x0000000313800000 0x0000000313a00000 0x0000000313a00000 Y/422   Allocating 
 Small   0x0000000313a00000 0x0000000313c00000 0x0000000313c00000 Y/422   Allocating 
 Small   0x0000000313c00000 0x0000000313e00000 0x0000000313e00000 Y/422   Allocating 
 Small   0x0000000313e00000 0x0000000314000000 0x0000000314000000 Y/422   Allocating 
 Small   0x0000000314000000 0x00000003141d0af8 0x0000000314200000 O/21    Relocatable
 Small   0x0000000314200000 0x0000000314400000 0x0000000314400000 Y/422   Allocating 
 Small   0x0000000314400000 0x0000000314600000 0x0000000314600000 Y/422   Allocating 
 Small   0x0000000314600000 0x0000000314800000 0x0000000314800000 Y/422   Allocating 
 Small   0x0000000314800000 0x0000000314a00000 0x0000000314a00000 Y/422   Allocating 
 Small   0x0000000314a00000 0x0000000314c00000 0x0000000314c00000 Y/422   Allocating 
 Small   0x0000000314c00000 0x0000000314e00000 0x0000000314e00000 Y/422   Allocating 
 Small   0x0000000314e00000 0x0000000315000000 0x0000000315000000 Y/422   Allocating 
 Small   0x0000000315000000 0x0000000315200000 0x0000000315200000 Y/422   Allocating 
 Small   0x0000000315200000 0x0000000315400000 0x0000000315400000 Y/422   Allocating 
 Small   0x0000000315400000 0x00000003155ff790 0x0000000315600000 O/15    Relocatable
 Small   0x0000000315600000 0x0000000315800000 0x0000000315800000 Y/422   Allocating 
 Small   0x0000000315800000 0x0000000315a00000 0x0000000315a00000 Y/422   Allocating 
 Small   0x0000000315a00000 0x0000000315c00000 0x0000000315c00000 Y/422   Allocating 
 Small   0x0000000315c00000 0x0000000315dfc240 0x0000000315e00000 O/20    Relocatable
 Small   0x0000000315e00000 0x0000000316000000 0x0000000316000000 Y/422   Allocating 
 Small   0x0000000316000000 0x0000000316200000 0x0000000316200000 Y/422   Allocating 
 Small   0x0000000316200000 0x0000000316400000 0x0000000316400000 Y/422   Allocating 
 Small   0x0000000316400000 0x0000000316600000 0x0000000316600000 Y/422   Allocating 
 Small   0x0000000316600000 0x0000000316800000 0x0000000316800000 Y/422   Allocating 
 Small   0x0000000316800000 0x0000000316a00000 0x0000000316a00000 Y/422   Allocating 
 Small   0x0000000316a00000 0x0000000316c00000 0x0000000316c00000 Y/422   Allocating 
 Small   0x0000000316c00000 0x0000000316e00000 0x0000000316e00000 Y/422   Allocating 
 Small   0x0000000316e00000 0x0000000317000000 0x0000000317000000 Y/422   Allocating 
 Small   0x0000000317000000 0x0000000317200000 0x0000000317200000 Y/422   Allocating 
 Small   0x0000000317200000 0x0000000317400000 0x0000000317400000 Y/422   Allocating 
 Small   0x0000000317400000 0x0000000317600000 0x0000000317600000 Y/422   Allocating 
 Small   0x0000000317600000 0x0000000317800000 0x0000000317800000 Y/422   Allocating 
 Small   0x0000000317800000 0x0000000317a00000 0x0000000317a00000 Y/422   Allocating 
 Small   0x0000000317a00000 0x0000000317c00000 0x0000000317c00000 Y/422   Allocating 
 Small   0x0000000317c00000 0x0000000317e00000 0x0000000317e00000 Y/422   Allocating 
 Small   0x0000000317e00000 0x0000000318000000 0x0000000318000000 Y/422   Allocating 
 Small   0x0000000318000000 0x0000000318200000 0x0000000318200000 Y/422   Allocating 
 Small   0x0000000318200000 0x0000000318400000 0x0000000318400000 Y/422   Allocating 
 Small   0x0000000318400000 0x0000000318600000 0x0000000318600000 Y/422   Allocating 
 Small   0x0000000318600000 0x0000000318800000 0x0000000318800000 Y/422   Allocating 
 Small   0x0000000318800000 0x0000000318a00000 0x0000000318a00000 Y/422   Allocating 
 Small   0x0000000318a00000 0x0000000318c00000 0x0000000318c00000 Y/422   Allocating 
 Small   0x0000000318c00000 0x0000000318dffff8 0x0000000318e00000 O/20    Relocatable
 Small   0x0000000318e00000 0x0000000319000000 0x0000000319000000 Y/422   Allocating 
 Small   0x0000000319000000 0x00000003191fffd8 0x0000000319200000 O/15    Relocatable
 Small   0x0000000319200000 0x00000003193fffe0 0x0000000319400000 O/14    Relocatable
 Small   0x0000000319400000 0x0000000319600000 0x0000000319600000 Y/422   Allocating 
 Small   0x0000000319600000 0x0000000319800000 0x0000000319800000 Y/422   Allocating 
 Small   0x0000000319800000 0x00000003199fe450 0x0000000319a00000 O/23    Allocating 
 Small   0x0000000319a00000 0x0000000319c00000 0x0000000319c00000 Y/422   Allocating 
 Small   0x0000000319c00000 0x0000000319dffff8 0x0000000319e00000 O/20    Relocatable
 Small   0x0000000319e00000 0x000000031a000000 0x000000031a000000 Y/422   Allocating 
 Small   0x000000031a000000 0x000000031a01a3b8 0x000000031a200000 Y/422   Allocating 
 Small   0x000000031a200000 0x000000031a400000 0x000000031a400000 Y/422   Allocating 
 Small   0x000000031a400000 0x000000031a600000 0x000000031a600000 Y/422   Allocating 
 Small   0x000000031a600000 0x000000031a800000 0x000000031a800000 Y/422   Allocating 
 Small   0x000000031a800000 0x000000031aa00000 0x000000031aa00000 Y/422   Allocating 
 Small   0x000000031aa00000 0x000000031aa009d0 0x000000031ac00000 O/23    Allocating 
 Small   0x000000031ac00000 0x000000031ae00000 0x000000031ae00000 Y/422   Allocating 
 Small   0x000000031ae00000 0x000000031b000000 0x000000031b000000 Y/422   Allocating 
 Small   0x000000031b000000 0x000000031b200000 0x000000031b200000 Y/422   Allocating 
 Small   0x000000031b200000 0x000000031b400000 0x000000031b400000 Y/422   Allocating 
 Small   0x000000031b400000 0x000000031b600000 0x000000031b600000 Y/422   Allocating 
 Small   0x000000031b600000 0x000000031b800000 0x000000031b800000 Y/422   Allocating 
 Small   0x000000031b800000 0x000000031b9ffd10 0x000000031ba00000 O/13    Relocatable
 Small   0x000000031ba00000 0x000000031bc00000 0x000000031bc00000 Y/422   Allocating 
 Small   0x000000031bc00000 0x000000031be00000 0x000000031be00000 Y/422   Allocating 
 Small   0x000000031be00000 0x000000031c000000 0x000000031c000000 Y/422   Allocating 
 Small   0x000000031c000000 0x000000031c200000 0x000000031c200000 Y/422   Allocating 
 Small   0x000000031c200000 0x000000031c400000 0x000000031c400000 Y/422   Allocating 
 Small   0x000000031c400000 0x000000031c600000 0x000000031c600000 Y/422   Allocating 
 Small   0x000000031c600000 0x000000031c800000 0x000000031c800000 Y/422   Allocating 
 Small   0x000000031c800000 0x000000031ca00000 0x000000031ca00000 Y/422   Allocating 
 Small   0x000000031ca00000 0x000000031cc00000 0x000000031cc00000 Y/422   Allocating 
 Small   0x000000031cc00000 0x000000031ce00000 0x000000031ce00000 Y/422   Allocating 
 Small   0x000000031ce00000 0x000000031cffff60 0x000000031d000000 O/15    Relocatable
 Small   0x000000031d000000 0x000000031d200000 0x000000031d200000 Y/422   Allocating 
 Small   0x000000031d200000 0x000000031d400000 0x000000031d400000 Y/422   Allocating 
 Small   0x000000031d400000 0x000000031d600000 0x000000031d600000 Y/422   Allocating 
 Small   0x000000031d600000 0x000000031d800000 0x000000031d800000 Y/422   Allocating 
 Small   0x000000031d800000 0x000000031da00000 0x000000031da00000 Y/422   Allocating 
 Small   0x000000031da00000 0x000000031dc00000 0x000000031dc00000 Y/422   Allocating 
 Small   0x000000031dc00000 0x000000031de00000 0x000000031de00000 Y/422   Allocating 
 Small   0x000000031de00000 0x000000031e000000 0x000000031e000000 Y/422   Allocating 
 Small   0x000000031e000000 0x000000031e200000 0x000000031e200000 Y/422   Allocating 
 Small   0x000000031e200000 0x000000031e400000 0x000000031e400000 Y/422   Allocating 
 Small   0x000000031e400000 0x000000031e600000 0x000000031e600000 Y/422   Allocating 
 Small   0x000000031e600000 0x000000031e800000 0x000000031e800000 Y/422   Allocating 
 Small   0x000000031e800000 0x000000031e9fffe0 0x000000031ea00000 O/15    Relocatable
 Small   0x000000031ea00000 0x000000031ec00000 0x000000031ec00000 Y/422   Allocating 
 Small   0x000000031ec00000 0x000000031ee00000 0x000000031ee00000 Y/422   Allocating 
 Small   0x000000031ee00000 0x000000031f000000 0x000000031f000000 Y/422   Allocating 
 Small   0x000000031f000000 0x000000031f1fff88 0x000000031f200000 O/16    Relocatable
 Small   0x000000031f200000 0x000000031f400000 0x000000031f400000 Y/422   Allocating 
 Small   0x000000031f400000 0x000000031f600000 0x000000031f600000 Y/422   Allocating 
 Small   0x000000031f600000 0x000000031f800000 0x000000031f800000 Y/422   Allocating 
 Small   0x000000031f800000 0x000000031fa00000 0x000000031fa00000 Y/422   Allocating 
 Small   0x000000031fa00000 0x000000031fbffff8 0x000000031fc00000 O/23    Allocating 
 Small   0x000000031fc00000 0x000000031fdfffe0 0x000000031fe00000 O/23    Allocating 
 Small   0x000000031fe00000 0x000000031fffffe0 0x0000000320000000 O/11    Relocatable
 Small   0x0000000320000000 0x0000000320200000 0x0000000320200000 Y/422   Allocating 
 Small   0x0000000320200000 0x0000000320400000 0x0000000320400000 Y/422   Allocating 
 Small   0x0000000320400000 0x00000003205fffd8 0x0000000320600000 O/22    Relocatable
 Small   0x0000000320600000 0x0000000320800000 0x0000000320800000 Y/422   Allocating 
 Small   0x0000000320800000 0x0000000320a00000 0x0000000320a00000 Y/422   Allocating 
 Small   0x0000000320a00000 0x0000000320c00000 0x0000000320c00000 Y/422   Allocating 
 Small   0x0000000320c00000 0x0000000320e00000 0x0000000320e00000 Y/422   Allocating 
 Small   0x0000000320e00000 0x0000000321000000 0x0000000321000000 Y/422   Allocating 
 Small   0x0000000321000000 0x00000003211ffff0 0x0000000321200000 O/13    Relocatable
 Small   0x0000000321200000 0x0000000321400000 0x0000000321400000 Y/422   Allocating 
 Small   0x0000000321400000 0x0000000321600000 0x0000000321600000 Y/422   Allocating 
 Small   0x0000000321600000 0x0000000321800000 0x0000000321800000 Y/422   Allocating 
 Small   0x0000000321800000 0x0000000321a00000 0x0000000321a00000 Y/422   Allocating 
 Small   0x0000000321a00000 0x0000000321c00000 0x0000000321c00000 Y/422   Allocating 
 Small   0x0000000321c00000 0x0000000321e00000 0x0000000321e00000 Y/422   Allocating 
 Small   0x0000000321e00000 0x0000000321fffe00 0x0000000322000000 O/16    Relocatable
 Small   0x0000000322000000 0x0000000322200000 0x0000000322200000 Y/422   Allocating 
 Small   0x0000000322200000 0x0000000322400000 0x0000000322400000 Y/422   Allocating 
 Small   0x0000000322400000 0x0000000322600000 0x0000000322600000 Y/422   Allocating 
 Small   0x0000000322600000 0x0000000322800000 0x0000000322800000 Y/422   Allocating 
 Small   0x0000000322800000 0x0000000322a00000 0x0000000322a00000 Y/422   Allocating 
 Small   0x0000000322a00000 0x0000000322c00000 0x0000000322c00000 Y/422   Allocating 
 Small   0x0000000322c00000 0x0000000322e00000 0x0000000322e00000 Y/422   Allocating 
 Small   0x0000000322e00000 0x0000000323000000 0x0000000323000000 Y/422   Allocating 
 Small   0x0000000323000000 0x00000003231ff610 0x0000000323200000 O/16    Relocatable
 Small   0x0000000323200000 0x00000003233fffc8 0x0000000323400000 O/15    Relocatable
 Small   0x0000000323400000 0x0000000323600000 0x0000000323600000 Y/422   Allocating 
 Small   0x0000000323600000 0x0000000323800000 0x0000000323800000 Y/422   Allocating 
 Small   0x0000000323800000 0x0000000323a00000 0x0000000323a00000 Y/422   Allocating 
 Small   0x0000000323a00000 0x0000000323c00000 0x0000000323c00000 O/15    Relocatable
 Small   0x0000000323c00000 0x0000000323e00000 0x0000000323e00000 Y/422   Allocating 
 Small   0x0000000323e00000 0x0000000324000000 0x0000000324000000 Y/422   Allocating 
 Small   0x0000000324000000 0x0000000324200000 0x0000000324200000 Y/422   Allocating 
 Small   0x0000000324200000 0x0000000324400000 0x0000000324400000 Y/422   Allocating 
 Small   0x0000000324400000 0x0000000324600000 0x0000000324600000 Y/422   Allocating 
 Small   0x0000000324600000 0x0000000324800000 0x0000000324800000 Y/422   Allocating 
 Small   0x0000000324800000 0x0000000324a00000 0x0000000324a00000 Y/422   Allocating 
 Small   0x0000000324a00000 0x0000000324bffff0 0x0000000324c00000 O/21    Relocatable
 Small   0x0000000324c00000 0x0000000324e00000 0x0000000324e00000 Y/422   Allocating 
 Small   0x0000000324e00000 0x0000000325000000 0x0000000325000000 Y/422   Allocating 
 Small   0x0000000325000000 0x00000003251ff780 0x0000000325200000 O/15    Relocatable
 Small   0x0000000325200000 0x0000000325400000 0x0000000325400000 Y/422   Allocating 
 Small   0x0000000325400000 0x0000000325600000 0x0000000325600000 Y/422   Allocating 
 Small   0x0000000325600000 0x0000000325800000 0x0000000325800000 Y/422   Allocating 
 Small   0x0000000325800000 0x0000000325a00000 0x0000000325a00000 Y/422   Allocating 
 Small   0x0000000325a00000 0x0000000325c00000 0x0000000325c00000 Y/422   Allocating 
 Small   0x0000000325c00000 0x0000000325dffee0 0x0000000325e00000 O/16    Relocatable
 Small   0x0000000325e00000 0x0000000326000000 0x0000000326000000 Y/422   Allocating 
 Small   0x0000000326000000 0x0000000326200000 0x0000000326200000 O/15    Relocatable
 Small   0x0000000326200000 0x0000000326400000 0x0000000326400000 Y/422   Allocating 
 Small   0x0000000326400000 0x0000000326600000 0x0000000326600000 Y/422   Allocating 
 Small   0x0000000326600000 0x0000000326800000 0x0000000326800000 O/15    Relocatable
 Small   0x0000000326800000 0x0000000326a00000 0x0000000326a00000 Y/422   Allocating 
 Small   0x0000000326a00000 0x0000000326c00000 0x0000000326c00000 Y/422   Allocating 
 Small   0x0000000326c00000 0x0000000326e00000 0x0000000326e00000 Y/422   Allocating 
 Small   0x0000000326e00000 0x0000000327000000 0x0000000327000000 Y/422   Allocating 
 Small   0x0000000327000000 0x0000000327200000 0x0000000327200000 Y/422   Allocating 
 Small   0x0000000327200000 0x0000000327400000 0x0000000327400000 Y/422   Allocating 
 Small   0x0000000327400000 0x0000000327600000 0x0000000327600000 Y/422   Allocating 
 Small   0x0000000327600000 0x0000000327800000 0x0000000327800000 Y/422   Allocating 
 Small   0x0000000327800000 0x0000000327a00000 0x0000000327a00000 Y/422   Allocating 
 Small   0x0000000327a00000 0x0000000327c00000 0x0000000327c00000 Y/422   Allocating 
 Small   0x0000000327c00000 0x0000000327e00000 0x0000000327e00000 Y/422   Allocating 
 Small   0x0000000327e00000 0x0000000327fffff8 0x0000000328000000 Y/422   Allocating 
 Small   0x0000000328000000 0x0000000328200000 0x0000000328200000 Y/422   Allocating 
 Small   0x0000000328200000 0x0000000328400000 0x0000000328400000 Y/422   Allocating 
 Small   0x0000000328400000 0x0000000328600000 0x0000000328600000 Y/422   Allocating 
 Small   0x0000000328600000 0x0000000328800000 0x0000000328800000 Y/422   Allocating 
 Small   0x0000000328800000 0x0000000328a00000 0x0000000328a00000 Y/422   Allocating 
 Small   0x0000000328a00000 0x0000000328c00000 0x0000000328c00000 Y/422   Allocating 
 Small   0x0000000328c00000 0x0000000328e00000 0x0000000328e00000 Y/422   Allocating 
 Small   0x0000000328e00000 0x0000000329000000 0x0000000329000000 Y/422   Allocating 
 Small   0x0000000329000000 0x0000000329200000 0x0000000329200000 Y/422   Allocating 
 Small   0x0000000329200000 0x0000000329400000 0x0000000329400000 Y/422   Allocating 
 Small   0x0000000329400000 0x00000003295fff88 0x0000000329600000 O/13    Relocatable
 Small   0x0000000329600000 0x0000000329800000 0x0000000329800000 Y/422   Allocating 
 Small   0x0000000329800000 0x0000000329a00000 0x0000000329a00000 Y/422   Allocating 
 Small   0x0000000329a00000 0x0000000329c00000 0x0000000329c00000 Y/422   Allocating 
 Small   0x0000000329c00000 0x0000000329e00000 0x0000000329e00000 Y/422   Allocating 
 Small   0x0000000329e00000 0x0000000329fff818 0x000000032a000000 O/15    Relocatable
 Small   0x000000032a000000 0x000000032a200000 0x000000032a200000 Y/422   Allocating 
 Small   0x000000032a200000 0x000000032a400000 0x000000032a400000 Y/422   Allocating 
 Small   0x000000032a400000 0x000000032a5ff570 0x000000032a600000 O/20    Relocatable
 Small   0x000000032a600000 0x000000032a800000 0x000000032a800000 Y/422   Allocating 
 Small   0x000000032a800000 0x000000032aa00000 0x000000032aa00000 Y/422   Allocating 
 Small   0x000000032aa00000 0x000000032ac00000 0x000000032ac00000 Y/422   Allocating 
 Small   0x000000032ac00000 0x000000032ae00000 0x000000032ae00000 Y/422   Allocating 
 Small   0x000000032ae00000 0x000000032b000000 0x000000032b000000 Y/422   Allocating 
 Small   0x000000032b000000 0x000000032b200000 0x000000032b200000 Y/422   Allocating 
 Small   0x000000032b200000 0x000000032b400000 0x000000032b400000 Y/422   Allocating 
 Small   0x000000032b400000 0x000000032b600000 0x000000032b600000 Y/422   Allocating 
 Small   0x000000032b600000 0x000000032b800000 0x000000032b800000 Y/422   Allocating 
 Small   0x000000032b800000 0x000000032ba00000 0x000000032ba00000 Y/422   Allocating 
 Small   0x000000032ba00000 0x000000032bc00000 0x000000032bc00000 Y/422   Allocating 
 Small   0x000000032bc00000 0x000000032be00000 0x000000032be00000 Y/422   Allocating 
 Small   0x000000032be00000 0x000000032c000000 0x000000032c000000 Y/422   Allocating 
 Small   0x000000032c000000 0x000000032c200000 0x000000032c200000 Y/422   Allocating 
 Small   0x000000032c200000 0x000000032c400000 0x000000032c400000 Y/422   Allocating 
 Small   0x000000032c400000 0x000000032c600000 0x000000032c600000 Y/422   Allocating 
 Small   0x000000032c600000 0x000000032c800000 0x000000032c800000 Y/422   Allocating 
 Small   0x000000032c800000 0x000000032ca00000 0x000000032ca00000 O/15    Relocatable
 Small   0x000000032ca00000 0x000000032cc00000 0x000000032cc00000 Y/422   Allocating 
 Small   0x000000032cc00000 0x000000032ce00000 0x000000032ce00000 Y/422   Allocating 
 Small   0x000000032ce00000 0x000000032cffffd0 0x000000032d000000 O/15    Relocatable
 Small   0x000000032d000000 0x000000032d200000 0x000000032d200000 Y/422   Allocating 
 Small   0x000000032d200000 0x000000032d400000 0x000000032d400000 O/15    Relocatable
 Small   0x000000032d400000 0x000000032d600000 0x000000032d600000 Y/422   Allocating 
 Small   0x000000032d600000 0x000000032d800000 0x000000032d800000 Y/422   Allocating 
 Small   0x000000032d800000 0x000000032da00000 0x000000032da00000 O/15    Relocatable
 Small   0x000000032da00000 0x000000032dc00000 0x000000032dc00000 Y/422   Allocating 
 Small   0x000000032dc00000 0x000000032de00000 0x000000032de00000 Y/422   Allocating 
 Small   0x000000032de00000 0x000000032e000000 0x000000032e000000 Y/422   Allocating 
 Small   0x000000032e000000 0x000000032e200000 0x000000032e200000 Y/422   Allocating 
 Small   0x000000032e200000 0x000000032e400000 0x000000032e400000 Y/422   Allocating 
 Small   0x000000032e400000 0x000000032e600000 0x000000032e600000 Y/422   Allocating 
 Small   0x000000032e600000 0x000000032e800000 0x000000032e800000 Y/422   Allocating 
 Small   0x000000032e800000 0x000000032ea00000 0x000000032ea00000 Y/422   Allocating 
 Small   0x000000032ea00000 0x000000032ec00000 0x000000032ec00000 Y/422   Allocating 
 Small   0x000000032ec00000 0x000000032ee00000 0x000000032ee00000 Y/422   Allocating 
 Small   0x000000032ee00000 0x000000032f000000 0x000000032f000000 Y/422   Allocating 
 Small   0x000000032f000000 0x000000032f0051c0 0x000000032f200000 O/23    Allocating 
 Small   0x000000032f200000 0x000000032f3fffe8 0x000000032f400000 O/23    Allocating 
 Small   0x000000032f400000 0x000000032f600000 0x000000032f600000 Y/422   Allocating 
 Small   0x000000032f600000 0x000000032f800000 0x000000032f800000 Y/422   Allocating 
 Small   0x000000032f800000 0x000000032fa00000 0x000000032fa00000 Y/422   Allocating 
 Small   0x000000032fa00000 0x000000032fc00000 0x000000032fc00000 Y/422   Allocating 
 Small   0x000000032fc00000 0x000000032fe00000 0x000000032fe00000 Y/422   Allocating 
 Small   0x000000032fe00000 0x0000000330000000 0x0000000330000000 Y/422   Allocating 
 Small   0x0000000330000000 0x0000000330200000 0x0000000330200000 Y/422   Allocating 
 Small   0x0000000330200000 0x00000003303fffd8 0x0000000330400000 O/11    Relocatable
 Small   0x0000000330400000 0x0000000330600000 0x0000000330600000 Y/422   Allocating 
 Small   0x0000000330600000 0x0000000330800000 0x0000000330800000 Y/422   Allocating 
 Small   0x0000000330800000 0x0000000330a00000 0x0000000330a00000 Y/422   Allocating 
 Small   0x0000000330a00000 0x0000000330bffff0 0x0000000330c00000 O/15    Relocatable
 Small   0x0000000330c00000 0x0000000330e00000 0x0000000330e00000 Y/422   Allocating 
 Small   0x0000000330e00000 0x0000000331000000 0x0000000331000000 Y/422   Allocating 
 Small   0x0000000331000000 0x0000000331200000 0x0000000331200000 Y/422   Allocating 
 Small   0x0000000331200000 0x00000003313ffff0 0x0000000331400000 O/15    Relocatable
 Small   0x0000000331400000 0x00000003315fe8a8 0x0000000331600000 O/20    Relocatable
 Small   0x0000000331600000 0x0000000331800000 0x0000000331800000 Y/422   Allocating 
 Small   0x0000000331800000 0x0000000331a00000 0x0000000331a00000 Y/422   Allocating 
 Small   0x0000000331a00000 0x0000000331c00000 0x0000000331c00000 Y/422   Allocating 
 Small   0x0000000331c00000 0x0000000331e00000 0x0000000331e00000 Y/422   Allocating 
 Small   0x0000000331e00000 0x0000000332000000 0x0000000332000000 Y/422   Allocating 
 Small   0x0000000332000000 0x0000000332200000 0x0000000332200000 Y/422   Allocating 
 Small   0x0000000332200000 0x0000000332400000 0x0000000332400000 Y/422   Allocating 
 Small   0x0000000332400000 0x0000000332600000 0x0000000332600000 Y/422   Allocating 
 Small   0x0000000332600000 0x00000003327fe4a8 0x0000000332800000 O/23    Allocating 
 Small   0x0000000332800000 0x00000003329fc200 0x0000000332a00000 O/20    Relocatable
 Small   0x0000000332a00000 0x0000000332c00000 0x0000000332c00000 Y/422   Allocating 
 Small   0x0000000332c00000 0x0000000332e00000 0x0000000332e00000 Y/422   Allocating 
 Small   0x0000000332e00000 0x0000000333000000 0x0000000333000000 O/15    Relocatable
 Small   0x0000000333000000 0x00000003331fffe0 0x0000000333200000 O/15    Relocatable
 Small   0x0000000333200000 0x0000000333400000 0x0000000333400000 Y/422   Allocating 
 Small   0x0000000333400000 0x0000000333600000 0x0000000333600000 Y/422   Allocating 
 Small   0x0000000333600000 0x0000000333800000 0x0000000333800000 Y/422   Allocating 
 Small   0x0000000333800000 0x0000000333a00000 0x0000000333a00000 Y/422   Allocating 
 Small   0x0000000333a00000 0x0000000333a8a230 0x0000000333c00000 O/23    Allocating 
 Small   0x0000000333c00000 0x0000000333e00000 0x0000000333e00000 O/15    Relocatable
 Small   0x0000000333e00000 0x0000000333ffffe8 0x0000000334000000 O/15    Relocatable
 Small   0x0000000334000000 0x0000000334200000 0x0000000334200000 Y/422   Allocating 
 Small   0x0000000334200000 0x00000003343fffe8 0x0000000334400000 O/15    Relocatable
 Small   0x0000000334400000 0x0000000334600000 0x0000000334600000 O/23    Allocating 
 Small   0x0000000334600000 0x0000000334800000 0x0000000334800000 Y/422   Allocating 
 Small   0x0000000334800000 0x0000000334a00000 0x0000000334a00000 Y/422   Allocating 
 Small   0x0000000334a00000 0x0000000334c00000 0x0000000334c00000 Y/422   Allocating 
 Small   0x0000000334c00000 0x0000000334e00000 0x0000000334e00000 Y/422   Allocating 
 Small   0x0000000334e00000 0x0000000335000000 0x0000000335000000 Y/422   Allocating 
 Small   0x0000000335000000 0x00000003351fe638 0x0000000335200000 O/11    Relocatable
 Large   0x0000000335200000 0x0000000335800000 0x0000000335800000 O/11    Relocatable
 Small   0x0000000335800000 0x0000000335a00000 0x0000000335a00000 Y/422   Allocating 
 Small   0x0000000335a00000 0x0000000335c00000 0x0000000335c00000 Y/422   Allocating 
 Small   0x0000000335c00000 0x0000000335e00000 0x0000000335e00000 Y/422   Allocating 
 Small   0x0000000335e00000 0x0000000336000000 0x0000000336000000 Y/422   Allocating 
 Small   0x0000000336000000 0x0000000336200000 0x0000000336200000 Y/422   Allocating 
 Small   0x0000000336200000 0x00000003363ffff0 0x0000000336400000 O/15    Relocatable
 Small   0x0000000336400000 0x0000000336600000 0x0000000336600000 Y/422   Allocating 
 Small   0x0000000336600000 0x0000000336800000 0x0000000336800000 Y/422   Allocating 
 Small   0x0000000336800000 0x0000000336a00000 0x0000000336a00000 Y/422   Allocating 
 Small   0x0000000336a00000 0x0000000336c00000 0x0000000336c00000 Y/422   Allocating 
 Small   0x0000000336c00000 0x0000000336e00000 0x0000000336e00000 Y/422   Allocating 
 Small   0x0000000336e00000 0x0000000337000000 0x0000000337000000 Y/422   Allocating 
 Small   0x0000000337000000 0x0000000337200000 0x0000000337200000 Y/422   Allocating 
 Small   0x0000000337200000 0x0000000337400000 0x0000000337400000 Y/422   Allocating 
 Small   0x0000000337400000 0x0000000337600000 0x0000000337600000 O/15    Relocatable
 Small   0x0000000337600000 0x0000000337800000 0x0000000337800000 Y/422   Allocating 
 Small   0x0000000337800000 0x0000000337a00000 0x0000000337a00000 Y/422   Allocating 
 Small   0x0000000337a00000 0x0000000337c00000 0x0000000337c00000 Y/422   Allocating 
 Small   0x0000000337c00000 0x0000000337e00000 0x0000000337e00000 Y/422   Allocating 
 Small   0x0000000337e00000 0x0000000338000000 0x0000000338000000 Y/422   Allocating 
 Small   0x0000000338000000 0x0000000338200000 0x0000000338200000 Y/422   Allocating 
 Small   0x0000000338200000 0x0000000338400000 0x0000000338400000 Y/422   Allocating 
 Small   0x0000000338400000 0x0000000338600000 0x0000000338600000 Y/422   Allocating 
 Small   0x0000000338600000 0x0000000338800000 0x0000000338800000 Y/422   Allocating 
 Small   0x0000000338800000 0x0000000338a00000 0x0000000338a00000 Y/422   Allocating 
 Small   0x0000000338a00000 0x0000000338c00000 0x0000000338c00000 Y/422   Allocating 
 Small   0x0000000338c00000 0x0000000338e00000 0x0000000338e00000 Y/422   Allocating 
 Small   0x0000000338e00000 0x0000000339000000 0x0000000339000000 Y/422   Allocating 
 Small   0x0000000339000000 0x0000000339200000 0x0000000339200000 Y/422   Allocating 
 Small   0x0000000339200000 0x0000000339400000 0x0000000339400000 Y/422   Allocating 
 Small   0x0000000339400000 0x00000003395fff90 0x0000000339600000 O/20    Relocatable
 Small   0x0000000339600000 0x0000000339800000 0x0000000339800000 Y/422   Allocating 
 Small   0x0000000339800000 0x0000000339a00000 0x0000000339a00000 Y/422   Allocating 
 Small   0x0000000339a00000 0x0000000339c00000 0x0000000339c00000 Y/422   Allocating 
 Small   0x0000000339c00000 0x0000000339dffc08 0x0000000339e00000 O/16    Relocatable
 Small   0x0000000339e00000 0x000000033a000000 0x000000033a000000 Y/422   Allocating 
 Small   0x000000033a000000 0x000000033a200000 0x000000033a200000 Y/422   Allocating 
 Small   0x000000033a200000 0x000000033a3fffd8 0x000000033a400000 O/15    Relocatable
 Small   0x000000033a400000 0x000000033a600000 0x000000033a600000 Y/422   Allocating 
 Small   0x000000033a600000 0x000000033a800000 0x000000033a800000 Y/422   Allocating 
 Small   0x000000033a800000 0x000000033aa00000 0x000000033aa00000 Y/422   Allocating 
 Small   0x000000033aa00000 0x000000033ac00000 0x000000033ac00000 Y/422   Allocating 
 Small   0x000000033ac00000 0x000000033ae00000 0x000000033ae00000 Y/422   Allocating 
 Small   0x000000033ae00000 0x000000033afffff0 0x000000033b000000 O/15    Relocatable
 Small   0x000000033b000000 0x000000033b200000 0x000000033b200000 Y/422   Allocating 
 Small   0x000000033b200000 0x000000033b400000 0x000000033b400000 Y/422   Allocating 
 Small   0x000000033b400000 0x000000033b600000 0x000000033b600000 Y/422   Allocating 
 Small   0x000000033b600000 0x000000033b800000 0x000000033b800000 Y/422   Allocating 
 Small   0x000000033b800000 0x000000033ba00000 0x000000033ba00000 Y/422   Allocating 
 Small   0x000000033ba00000 0x000000033bc00000 0x000000033bc00000 Y/422   Allocating 
 Small   0x000000033bc00000 0x000000033be00000 0x000000033be00000 Y/422   Allocating 
 Small   0x000000033be00000 0x000000033c000000 0x000000033c000000 Y/422   Allocating 
 Small   0x000000033c000000 0x000000033c200000 0x000000033c200000 Y/422   Allocating 
 Small   0x000000033c200000 0x000000033c400000 0x000000033c400000 Y/422   Allocating 
 Small   0x000000033c400000 0x000000033c600000 0x000000033c600000 Y/422   Allocating 
 Small   0x000000033c600000 0x000000033c800000 0x000000033c800000 Y/422   Allocating 
 Small   0x000000033c800000 0x000000033ca00000 0x000000033ca00000 Y/422   Allocating 
 Small   0x000000033ca00000 0x000000033cc00000 0x000000033cc00000 Y/422   Allocating 
 Small   0x000000033cc00000 0x000000033ce00000 0x000000033ce00000 Y/422   Allocating 
 Small   0x000000033ce00000 0x000000033cfe66e0 0x000000033d000000 O/16    Relocatable
 Small   0x000000033d000000 0x000000033d200000 0x000000033d200000 Y/422   Allocating 
 Small   0x000000033d200000 0x000000033d400000 0x000000033d400000 Y/422   Allocating 
 Small   0x000000033d400000 0x000000033d600000 0x000000033d600000 Y/422   Allocating 
 Small   0x000000033d600000 0x000000033d800000 0x000000033d800000 Y/422   Allocating 
 Small   0x000000033d800000 0x000000033da00000 0x000000033da00000 Y/422   Allocating 
 Small   0x000000033da00000 0x000000033dc00000 0x000000033dc00000 Y/422   Allocating 
 Small   0x000000033dc00000 0x000000033de00000 0x000000033de00000 Y/422   Allocating 
 Small   0x000000033de00000 0x000000033e000000 0x000000033e000000 Y/422   Allocating 
 Small   0x000000033e000000 0x000000033e200000 0x000000033e200000 Y/422   Allocating 
 Small   0x000000033e200000 0x000000033e400000 0x000000033e400000 Y/422   Allocating 
 Small   0x000000033e400000 0x000000033e600000 0x000000033e600000 Y/422   Allocating 
 Small   0x000000033e600000 0x000000033e800000 0x000000033e800000 Y/422   Allocating 
 Small   0x000000033e800000 0x000000033ea00000 0x000000033ea00000 Y/422   Allocating 
 Small   0x000000033ea00000 0x000000033ec00000 0x000000033ec00000 Y/422   Allocating 
 Small   0x000000033ec00000 0x000000033edfffe8 0x000000033ee00000 O/15    Relocatable
 Small   0x000000033ee00000 0x000000033f000000 0x000000033f000000 Y/422   Allocating 
 Small   0x000000033f000000 0x000000033f200000 0x000000033f200000 Y/422   Allocating 
 Small   0x000000033f200000 0x000000033f400000 0x000000033f400000 Y/422   Allocating 
 Small   0x000000033f400000 0x000000033f5fffe0 0x000000033f600000 O/18    Relocatable
 Small   0x000000033f600000 0x000000033f800000 0x000000033f800000 Y/422   Allocating 
 Small   0x000000033f800000 0x000000033fa00000 0x000000033fa00000 Y/422   Allocating 
 Small   0x000000033fa00000 0x000000033fbffff8 0x000000033fc00000 O/15    Relocatable
 Small   0x000000033fc00000 0x000000033fe00000 0x000000033fe00000 Y/422   Allocating 
 Small   0x000000033fe00000 0x0000000340000000 0x0000000340000000 Y/422   Allocating 
 Small   0x0000000340000000 0x0000000340200000 0x0000000340200000 Y/422   Allocating 
 Small   0x0000000340200000 0x0000000340400000 0x0000000340400000 Y/422   Allocating 
 Small   0x0000000340400000 0x0000000340600000 0x0000000340600000 Y/422   Allocating 
 Small   0x0000000340600000 0x0000000340800000 0x0000000340800000 Y/422   Allocating 
 Small   0x0000000340800000 0x0000000340a00000 0x0000000340a00000 Y/422   Allocating 
 Small   0x0000000340a00000 0x0000000340c00000 0x0000000340c00000 Y/422   Allocating 
 Small   0x0000000340c00000 0x0000000340e00000 0x0000000340e00000 Y/422   Allocating 
 Small   0x0000000340e00000 0x0000000341000000 0x0000000341000000 Y/422   Allocating 
 Small   0x0000000341000000 0x0000000341200000 0x0000000341200000 Y/422   Allocating 
 Small   0x0000000341200000 0x00000003413fd320 0x0000000341400000 O/23    Allocating 
 Small   0x0000000341400000 0x0000000341600000 0x0000000341600000 Y/422   Allocating 
 Small   0x0000000341600000 0x0000000341800000 0x0000000341800000 Y/422   Allocating 
 Small   0x0000000341800000 0x0000000341a00000 0x0000000341a00000 Y/422   Allocating 
 Small   0x0000000341a00000 0x0000000341c00000 0x0000000341c00000 Y/422   Allocating 
 Small   0x0000000341c00000 0x0000000341e00000 0x0000000341e00000 Y/422   Allocating 
 Small   0x0000000341e00000 0x0000000342000000 0x0000000342000000 Y/422   Allocating 
 Small   0x0000000342000000 0x0000000342200000 0x0000000342200000 Y/422   Allocating 
 Small   0x0000000342200000 0x0000000342400000 0x0000000342400000 Y/422   Allocating 
 Small   0x0000000342400000 0x0000000342600000 0x0000000342600000 Y/422   Allocating 
 Small   0x0000000342600000 0x0000000342800000 0x0000000342800000 Y/422   Allocating 
 Small   0x0000000342800000 0x0000000342a00000 0x0000000342a00000 Y/422   Allocating 
 Small   0x0000000342a00000 0x0000000342c00000 0x0000000342c00000 Y/422   Allocating 
 Small   0x0000000342c00000 0x0000000342e00000 0x0000000342e00000 Y/422   Allocating 
 Small   0x0000000342e00000 0x0000000343000000 0x0000000343000000 Y/422   Allocating 
 Small   0x0000000343000000 0x0000000343200000 0x0000000343200000 Y/422   Allocating 
 Small   0x0000000343200000 0x0000000343400000 0x0000000343400000 Y/422   Allocating 
 Small   0x0000000343400000 0x0000000343600000 0x0000000343600000 Y/422   Allocating 
 Small   0x0000000343600000 0x0000000343800000 0x0000000343800000 Y/422   Allocating 
 Small   0x0000000343800000 0x0000000343a00000 0x0000000343a00000 Y/422   Allocating 
 Small   0x0000000343a00000 0x0000000343c00000 0x0000000343c00000 Y/422   Allocating 
 Small   0x0000000343c00000 0x0000000343dffe50 0x0000000343e00000 O/13    Relocatable
 Small   0x0000000343e00000 0x0000000344000000 0x0000000344000000 Y/422   Allocating 
 Small   0x0000000344000000 0x0000000344200000 0x0000000344200000 Y/422   Allocating 
 Small   0x0000000344200000 0x0000000344400000 0x0000000344400000 Y/422   Allocating 
 Small   0x0000000344400000 0x0000000344600000 0x0000000344600000 Y/422   Allocating 
 Small   0x0000000344600000 0x0000000344800000 0x0000000344800000 Y/422   Allocating 
 Small   0x0000000344800000 0x0000000344a00000 0x0000000344a00000 Y/422   Allocating 
 Small   0x0000000344a00000 0x0000000344c00000 0x0000000344c00000 Y/422   Allocating 
 Small   0x0000000344c00000 0x0000000344dfffe8 0x0000000344e00000 O/13    Relocatable
 Small   0x0000000344e00000 0x0000000345000000 0x0000000345000000 Y/422   Allocating 
 Small   0x0000000345000000 0x0000000345200000 0x0000000345200000 Y/422   Allocating 
 Small   0x0000000345200000 0x0000000345400000 0x0000000345400000 Y/422   Allocating 
 Small   0x0000000345400000 0x0000000345600000 0x0000000345600000 Y/422   Allocating 
 Small   0x0000000345600000 0x0000000345800000 0x0000000345800000 Y/422   Allocating 
 Small   0x0000000345800000 0x0000000345a00000 0x0000000345a00000 Y/422   Allocating 
 Small   0x0000000345a00000 0x0000000345bff688 0x0000000345c00000 O/15    Relocatable
 Small   0x0000000345c00000 0x0000000345e00000 0x0000000345e00000 Y/422   Allocating 
 Small   0x0000000345e00000 0x0000000346000000 0x0000000346000000 Y/422   Allocating 
 Small   0x0000000346000000 0x0000000346200000 0x0000000346200000 Y/422   Allocating 
 Small   0x0000000346200000 0x00000003463fffe8 0x0000000346400000 O/16    Relocatable
 Small   0x0000000346400000 0x0000000346600000 0x0000000346600000 Y/422   Allocating 
 Small   0x0000000346600000 0x0000000346800000 0x0000000346800000 Y/422   Allocating 
 Small   0x0000000346800000 0x0000000346a00000 0x0000000346a00000 Y/422   Allocating 
 Small   0x0000000346a00000 0x0000000346c00000 0x0000000346c00000 Y/422   Allocating 
 Small   0x0000000346c00000 0x0000000346e00000 0x0000000346e00000 Y/422   Allocating 
 Small   0x0000000346e00000 0x0000000347000000 0x0000000347000000 Y/422   Allocating 
 Small   0x0000000347000000 0x0000000347200000 0x0000000347200000 Y/422   Allocating 
 Small   0x0000000347200000 0x0000000347400000 0x0000000347400000 Y/422   Allocating 
 Small   0x0000000347400000 0x0000000347600000 0x0000000347600000 Y/422   Allocating 
 Small   0x0000000347600000 0x0000000347800000 0x0000000347800000 Y/422   Allocating 
 Small   0x0000000347800000 0x0000000347a00000 0x0000000347a00000 Y/422   Allocating 
 Small   0x0000000347a00000 0x0000000347c00000 0x0000000347c00000 Y/422   Allocating 
 Small   0x0000000347c00000 0x0000000347e00000 0x0000000347e00000 Y/422   Allocating 
 Small   0x0000000347e00000 0x0000000348000000 0x0000000348000000 Y/422   Allocating 
 Small   0x0000000348000000 0x0000000348200000 0x0000000348200000 Y/422   Allocating 
 Small   0x0000000348200000 0x0000000348400000 0x0000000348400000 Y/422   Allocating 
 Small   0x0000000348400000 0x0000000348600000 0x0000000348600000 Y/422   Allocating 
 Small   0x0000000348600000 0x0000000348800000 0x0000000348800000 Y/422   Allocating 
 Small   0x0000000348800000 0x0000000348a00000 0x0000000348a00000 Y/422   Allocating 
 Small   0x0000000348a00000 0x0000000348c00000 0x0000000348c00000 Y/422   Allocating 
 Small   0x0000000348c00000 0x0000000348e00000 0x0000000348e00000 Y/422   Allocating 
 Small   0x0000000348e00000 0x0000000349000000 0x0000000349000000 Y/422   Allocating 
 Small   0x0000000349000000 0x0000000349200000 0x0000000349200000 Y/422   Allocating 
 Small   0x0000000349200000 0x0000000349400000 0x0000000349400000 Y/422   Allocating 
 Small   0x0000000349400000 0x0000000349600000 0x0000000349600000 Y/422   Allocating 
 Small   0x0000000349600000 0x0000000349800000 0x0000000349800000 Y/422   Allocating 
 Small   0x0000000349800000 0x0000000349a00000 0x0000000349a00000 O/23    Allocating 
 Small   0x0000000349a00000 0x0000000349c00000 0x0000000349c00000 Y/422   Allocating 
 Small   0x0000000349c00000 0x0000000349e00000 0x0000000349e00000 Y/422   Allocating 
 Small   0x0000000349e00000 0x0000000349fffb10 0x000000034a000000 O/23    Allocating 
 Small   0x000000034a000000 0x000000034a200000 0x000000034a200000 Y/422   Allocating 
 Small   0x000000034a200000 0x000000034a400000 0x000000034a400000 Y/422   Allocating 
 Small   0x000000034a400000 0x000000034a600000 0x000000034a600000 Y/422   Allocating 
 Small   0x000000034a600000 0x000000034a800000 0x000000034a800000 Y/422   Allocating 
 Small   0x000000034a800000 0x000000034aa00000 0x000000034aa00000 Y/422   Allocating 
 Small   0x000000034aa00000 0x000000034ac00000 0x000000034ac00000 Y/422   Allocating 
 Small   0x000000034ac00000 0x000000034ae00000 0x000000034ae00000 Y/422   Allocating 
 Small   0x000000034ae00000 0x000000034affe258 0x000000034b000000 O/23    Allocating 
 Small   0x000000034b000000 0x000000034b200000 0x000000034b200000 Y/422   Allocating 
 Small   0x000000034b200000 0x000000034b400000 0x000000034b400000 Y/422   Allocating 
 Small   0x000000034b400000 0x000000034b600000 0x000000034b600000 Y/422   Allocating 
 Small   0x000000034b600000 0x000000034b800000 0x000000034b800000 Y/422   Allocating 
 Small   0x000000034b800000 0x000000034ba00000 0x000000034ba00000 Y/422   Allocating 
 Small   0x000000034ba00000 0x000000034bc00000 0x000000034bc00000 Y/422   Allocating 
 Small   0x000000034bc00000 0x000000034be00000 0x000000034be00000 Y/422   Allocating 
 Small   0x000000034be00000 0x000000034c000000 0x000000034c000000 O/20    Relocatable
 Small   0x000000034c000000 0x000000034c200000 0x000000034c200000 Y/422   Allocating 
 Small   0x000000034c200000 0x000000034c400000 0x000000034c400000 Y/422   Allocating 
 Small   0x000000034c400000 0x000000034c600000 0x000000034c600000 Y/422   Allocating 
 Small   0x000000034c600000 0x000000034c800000 0x000000034c800000 Y/422   Allocating 
 Small   0x000000034c800000 0x000000034ca00000 0x000000034ca00000 Y/422   Allocating 
 Small   0x000000034ca00000 0x000000034cc00000 0x000000034cc00000 Y/422   Allocating 
 Small   0x000000034cc00000 0x000000034ce00000 0x000000034ce00000 Y/422   Allocating 
 Small   0x000000034ce00000 0x000000034d000000 0x000000034d000000 Y/422   Allocating 
 Small   0x000000034d000000 0x000000034d200000 0x000000034d200000 Y/422   Allocating 
 Small   0x000000034d200000 0x000000034d400000 0x000000034d400000 Y/422   Allocating 
 Small   0x000000034d400000 0x000000034d600000 0x000000034d600000 Y/422   Allocating 
 Small   0x000000034d600000 0x000000034d800000 0x000000034d800000 Y/422   Allocating 
 Small   0x000000034d800000 0x000000034da00000 0x000000034da00000 Y/422   Allocating 
 Small   0x000000034da00000 0x000000034dc00000 0x000000034dc00000 Y/422   Allocating 
 Small   0x000000034dc00000 0x000000034de00000 0x000000034de00000 Y/422   Allocating 
 Small   0x000000034de00000 0x000000034e000000 0x000000034e000000 Y/422   Allocating 
 Small   0x000000034e000000 0x000000034e200000 0x000000034e200000 Y/422   Allocating 
 Small   0x000000034e200000 0x000000034e400000 0x000000034e400000 Y/422   Allocating 
 Small   0x000000034e400000 0x000000034e600000 0x000000034e600000 Y/422   Allocating 
 Small   0x000000034e600000 0x000000034e800000 0x000000034e800000 Y/422   Allocating 
 Small   0x000000034e800000 0x000000034ea00000 0x000000034ea00000 Y/422   Allocating 
 Small   0x000000034ea00000 0x000000034ebfffe8 0x000000034ec00000 O/15    Relocatable
 Small   0x000000034ec00000 0x000000034ee00000 0x000000034ee00000 Y/422   Allocating 
 Small   0x000000034ee00000 0x000000034effffd8 0x000000034f000000 O/15    Relocatable
 Small   0x000000034f000000 0x000000034f200000 0x000000034f200000 Y/422   Allocating 
 Small   0x000000034f200000 0x000000034f400000 0x000000034f400000 Y/422   Allocating 
 Small   0x000000034f400000 0x000000034f600000 0x000000034f600000 O/15    Relocatable
 Small   0x000000034f600000 0x000000034f800000 0x000000034f800000 Y/422   Allocating 
 Small   0x000000034f800000 0x000000034fa00000 0x000000034fa00000 Y/422   Allocating 
 Small   0x000000034fa00000 0x000000034fc00000 0x000000034fc00000 Y/422   Allocating 
 Small   0x000000034fc00000 0x000000034fe00000 0x000000034fe00000 Y/422   Allocating 
 Small   0x000000034fe00000 0x0000000350000000 0x0000000350000000 Y/422   Allocating 
 Small   0x0000000350000000 0x0000000350200000 0x0000000350200000 Y/422   Allocating 
 Small   0x0000000350200000 0x0000000350400000 0x0000000350400000 Y/422   Allocating 
 Small   0x0000000350400000 0x00000003505ffff0 0x0000000350600000 O/20    Relocatable
 Small   0x0000000350600000 0x0000000350800000 0x0000000350800000 Y/422   Allocating 
 Small   0x0000000350800000 0x0000000350a00000 0x0000000350a00000 Y/422   Allocating 
 Small   0x0000000350a00000 0x0000000350c00000 0x0000000350c00000 Y/422   Allocating 
 Small   0x0000000350c00000 0x0000000350e00000 0x0000000350e00000 Y/422   Allocating 
 Small   0x0000000350e00000 0x0000000351000000 0x0000000351000000 Y/422   Allocating 
 Small   0x0000000351000000 0x00000003511ff390 0x0000000351200000 O/15    Relocatable
 Small   0x0000000351200000 0x0000000351400000 0x0000000351400000 O/16    Relocatable
 Small   0x0000000351400000 0x0000000351600000 0x0000000351600000 Y/422   Allocating 
 Small   0x0000000351600000 0x0000000351800000 0x0000000351800000 Y/422   Allocating 
 Small   0x0000000351800000 0x0000000351a00000 0x0000000351a00000 Y/422   Allocating 
 Small   0x0000000351a00000 0x0000000351c00000 0x0000000351c00000 Y/422   Allocating 
 Small   0x0000000351c00000 0x0000000351dffff8 0x0000000351e00000 O/15    Relocatable
 Small   0x0000000351e00000 0x0000000352000000 0x0000000352000000 Y/422   Allocating 
 Small   0x0000000352000000 0x00000003521fead0 0x0000000352200000 O/15    Relocatable
 Small   0x0000000352200000 0x00000003523fff88 0x0000000352400000 O/16    Relocatable
 Small   0x0000000352400000 0x00000003525fffe8 0x0000000352600000 O/13    Relocatable
 Small   0x0000000352600000 0x0000000352800000 0x0000000352800000 Y/422   Allocating 
 Small   0x0000000352800000 0x0000000352a00000 0x0000000352a00000 Y/422   Allocating 
 Small   0x0000000352a00000 0x0000000352c00000 0x0000000352c00000 Y/422   Allocating 
 Small   0x0000000352c00000 0x0000000352e00000 0x0000000352e00000 Y/422   Allocating 
 Small   0x0000000352e00000 0x0000000353000000 0x0000000353000000 Y/422   Allocating 
 Small   0x0000000353000000 0x0000000353200000 0x0000000353200000 Y/422   Allocating 
 Small   0x0000000353200000 0x0000000353400000 0x0000000353400000 O/15    Relocatable
 Small   0x0000000353400000 0x0000000353600000 0x0000000353600000 Y/422   Allocating 
 Small   0x0000000353600000 0x0000000353800000 0x0000000353800000 Y/422   Allocating 
 Small   0x0000000353800000 0x0000000353a00000 0x0000000353a00000 Y/422   Allocating 
 Small   0x0000000353a00000 0x0000000353c00000 0x0000000353c00000 Y/422   Allocating 
 Small   0x0000000353c00000 0x0000000353e00000 0x0000000353e00000 Y/422   Allocating 
 Small   0x0000000353e00000 0x0000000354000000 0x0000000354000000 Y/422   Allocating 
 Small   0x0000000354000000 0x0000000354200000 0x0000000354200000 Y/422   Allocating 
 Small   0x0000000354200000 0x0000000354400000 0x0000000354400000 Y/422   Allocating 
 Small   0x0000000354400000 0x0000000354600000 0x0000000354600000 Y/422   Allocating 
 Small   0x0000000354600000 0x0000000354800000 0x0000000354800000 Y/422   Allocating 
 Small   0x0000000354800000 0x0000000354a00000 0x0000000354a00000 Y/422   Allocating 
 Small   0x0000000354a00000 0x0000000354bff350 0x0000000354c00000 O/15    Relocatable
 Small   0x0000000354c00000 0x0000000354e00000 0x0000000354e00000 Y/422   Allocating 
 Small   0x0000000354e00000 0x0000000355000000 0x0000000355000000 Y/422   Allocating 
 Small   0x0000000355000000 0x0000000355200000 0x0000000355200000 Y/422   Allocating 
 Small   0x0000000355200000 0x0000000355400000 0x0000000355400000 Y/422   Allocating 
 Small   0x0000000355400000 0x0000000355600000 0x0000000355600000 Y/422   Allocating 
 Small   0x0000000355600000 0x0000000355800000 0x0000000355800000 Y/422   Allocating 
 Small   0x0000000355800000 0x00000003559ff750 0x0000000355a00000 O/15    Relocatable
 Small   0x0000000355a00000 0x0000000355bfff98 0x0000000355c00000 O/20    Relocatable
 Small   0x0000000355c00000 0x0000000355e00000 0x0000000355e00000 Y/422   Allocating 
 Small   0x0000000355e00000 0x0000000356000000 0x0000000356000000 Y/422   Allocating 
 Small   0x0000000356000000 0x0000000356200000 0x0000000356200000 Y/422   Allocating 
 Small   0x0000000356200000 0x0000000356400000 0x0000000356400000 Y/422   Allocating 
 Small   0x0000000356400000 0x00000003565fffe8 0x0000000356600000 O/15    Relocatable
 Small   0x0000000356600000 0x0000000356800000 0x0000000356800000 Y/422   Allocating 
 Small   0x0000000356800000 0x0000000356a00000 0x0000000356a00000 Y/422   Allocating 
 Small   0x0000000356a00000 0x0000000356bffff0 0x0000000356c00000 O/23    Allocating 
 Small   0x0000000356c00000 0x0000000356e00000 0x0000000356e00000 Y/422   Allocating 
 Small   0x0000000356e00000 0x0000000357000000 0x0000000357000000 Y/422   Allocating 
 Small   0x0000000357000000 0x0000000357200000 0x0000000357200000 Y/422   Allocating 
 Small   0x0000000357200000 0x0000000357400000 0x0000000357400000 Y/422   Allocating 
 Small   0x0000000357400000 0x0000000357600000 0x0000000357600000 Y/422   Allocating 
 Small   0x0000000357600000 0x0000000357800000 0x0000000357800000 Y/422   Allocating 
 Small   0x0000000357800000 0x0000000357a00000 0x0000000357a00000 Y/422   Allocating 
 Small   0x0000000357a00000 0x0000000357c00000 0x0000000357c00000 Y/422   Allocating 
 Small   0x0000000357c00000 0x0000000357e00000 0x0000000357e00000 Y/422   Allocating 
 Small   0x0000000357e00000 0x0000000358000000 0x0000000358000000 Y/422   Allocating 
 Small   0x0000000358000000 0x0000000358200000 0x0000000358200000 Y/422   Allocating 
 Small   0x0000000358200000 0x0000000358400000 0x0000000358400000 Y/422   Allocating 
 Small   0x0000000358400000 0x00000003585fe540 0x0000000358600000 O/15    Relocatable
 Small   0x0000000358600000 0x00000003587fffe0 0x0000000358800000 O/15    Relocatable
 Small   0x0000000358800000 0x0000000358a00000 0x0000000358a00000 Y/422   Allocating 
 Small   0x0000000358a00000 0x0000000358c00000 0x0000000358c00000 Y/422   Allocating 
 Small   0x0000000358c00000 0x0000000358e00000 0x0000000358e00000 Y/422   Allocating 
 Small   0x0000000358e00000 0x0000000359000000 0x0000000359000000 Y/422   Allocating 
 Small   0x0000000359000000 0x0000000359200000 0x0000000359200000 Y/422   Allocating 
 Small   0x0000000359200000 0x0000000359400000 0x0000000359400000 Y/422   Allocating 
 Small   0x0000000359400000 0x0000000359600000 0x0000000359600000 Y/422   Allocating 
 Small   0x0000000359600000 0x0000000359800000 0x0000000359800000 Y/422   Allocating 
 Small   0x0000000359800000 0x0000000359a00000 0x0000000359a00000 Y/422   Allocating 
 Small   0x0000000359a00000 0x0000000359c00000 0x0000000359c00000 Y/422   Allocating 
 Small   0x0000000359c00000 0x0000000359e00000 0x0000000359e00000 Y/422   Allocating 
 Small   0x0000000359e00000 0x000000035a000000 0x000000035a000000 Y/422   Allocating 
 Small   0x000000035a000000 0x000000035a200000 0x000000035a200000 Y/422   Allocating 
 Small   0x000000035a200000 0x000000035a400000 0x000000035a400000 Y/422   Allocating 
 Small   0x000000035a400000 0x000000035a5fffd0 0x000000035a600000 O/15    Relocatable
 Small   0x000000035a600000 0x000000035a800000 0x000000035a800000 Y/422   Allocating 
 Small   0x000000035a800000 0x000000035aa00000 0x000000035aa00000 Y/422   Allocating 
 Small   0x000000035aa00000 0x000000035ac00000 0x000000035ac00000 Y/422   Allocating 
 Small   0x000000035ac00000 0x000000035ae00000 0x000000035ae00000 Y/422   Allocating 
 Small   0x000000035ae00000 0x000000035b000000 0x000000035b000000 Y/422   Allocating 
 Small   0x000000035b000000 0x000000035b1ff840 0x000000035b200000 O/20    Relocatable
 Small   0x000000035b200000 0x000000035b400000 0x000000035b400000 Y/422   Allocating 
 Small   0x000000035b400000 0x000000035b600000 0x000000035b600000 Y/422   Allocating 
 Small   0x000000035b600000 0x000000035b800000 0x000000035b800000 Y/422   Allocating 
 Small   0x000000035b800000 0x000000035ba00000 0x000000035ba00000 Y/422   Allocating 
 Small   0x000000035ba00000 0x000000035bc00000 0x000000035bc00000 Y/422   Allocating 
 Small   0x000000035bc00000 0x000000035be00000 0x000000035be00000 Y/422   Allocating 
 Small   0x000000035be00000 0x000000035bffce00 0x000000035c000000 O/23    Allocating 
 Small   0x000000035c000000 0x000000035c200000 0x000000035c200000 Y/422   Allocating 
 Small   0x000000035c200000 0x000000035c400000 0x000000035c400000 Y/422   Allocating 
 Small   0x000000035c400000 0x000000035c600000 0x000000035c600000 Y/422   Allocating 
 Small   0x000000035c600000 0x000000035c800000 0x000000035c800000 Y/422   Allocating 
 Small   0x000000035c800000 0x000000035c9ffff0 0x000000035ca00000 O/13    Relocatable
 Small   0x000000035ca00000 0x000000035cc00000 0x000000035cc00000 Y/422   Allocating 
 Small   0x000000035cc00000 0x000000035cdffbc8 0x000000035ce00000 O/20    Relocatable
 Small   0x000000035ce00000 0x000000035d000000 0x000000035d000000 Y/422   Allocating 
 Small   0x000000035d000000 0x000000035d200000 0x000000035d200000 Y/422   Allocating 
 Small   0x000000035d200000 0x000000035d400000 0x000000035d400000 Y/422   Allocating 
 Small   0x000000035d400000 0x000000035d600000 0x000000035d600000 Y/422   Allocating 
 Small   0x000000035d600000 0x000000035d7fda48 0x000000035d800000 O/15    Relocatable
 Small   0x000000035d800000 0x000000035da00000 0x000000035da00000 Y/422   Allocating 
 Small   0x000000035da00000 0x000000035dbfffd0 0x000000035dc00000 O/15    Relocatable
 Small   0x000000035dc00000 0x000000035de00000 0x000000035de00000 Y/422   Allocating 
 Small   0x000000035de00000 0x000000035e000000 0x000000035e000000 Y/422   Allocating 
 Small   0x000000035e000000 0x000000035e200000 0x000000035e200000 Y/422   Allocating 
 Small   0x000000035e200000 0x000000035e400000 0x000000035e400000 Y/422   Allocating 
 Small   0x000000035e400000 0x000000035e600000 0x000000035e600000 Y/422   Allocating 
 Small   0x000000035e600000 0x000000035e800000 0x000000035e800000 Y/422   Allocating 
 Small   0x000000035e800000 0x000000035ea00000 0x000000035ea00000 Y/422   Allocating 
 Small   0x000000035ea00000 0x000000035ec00000 0x000000035ec00000 Y/422   Allocating 
 Small   0x000000035ec00000 0x000000035ee00000 0x000000035ee00000 Y/422   Allocating 
 Small   0x000000035ee00000 0x000000035f000000 0x000000035f000000 Y/422   Allocating 
 Small   0x000000035f000000 0x000000035f200000 0x000000035f200000 Y/422   Allocating 
 Small   0x000000035f200000 0x000000035f3ffc58 0x000000035f400000 O/20    Relocatable
 Small   0x000000035f400000 0x000000035f600000 0x000000035f600000 Y/422   Allocating 
 Small   0x000000035f600000 0x000000035f800000 0x000000035f800000 Y/422   Allocating 
 Small   0x000000035f800000 0x000000035fa00000 0x000000035fa00000 Y/422   Allocating 
 Small   0x000000035fa00000 0x000000035fbff850 0x000000035fc00000 O/15    Relocatable
 Small   0x000000035fc00000 0x000000035fe00000 0x000000035fe00000 Y/422   Allocating 
 Small   0x000000035fe00000 0x0000000360000000 0x0000000360000000 Y/422   Allocating 
 Small   0x0000000360000000 0x0000000360200000 0x0000000360200000 Y/422   Allocating 
 Small   0x0000000360200000 0x0000000360400000 0x0000000360400000 Y/422   Allocating 
 Small   0x0000000360400000 0x0000000360600000 0x0000000360600000 Y/422   Allocating 
 Small   0x0000000360600000 0x0000000360800000 0x0000000360800000 Y/422   Allocating 
 Small   0x0000000360800000 0x0000000360a00000 0x0000000360a00000 Y/422   Allocating 
 Small   0x0000000360a00000 0x0000000360c00000 0x0000000360c00000 Y/422   Allocating 
 Small   0x0000000360c00000 0x0000000360e00000 0x0000000360e00000 Y/422   Allocating 
 Small   0x0000000360e00000 0x0000000361000000 0x0000000361000000 Y/422   Allocating 
 Small   0x0000000361000000 0x0000000361200000 0x0000000361200000 Y/422   Allocating 
 Small   0x0000000361200000 0x0000000361400000 0x0000000361400000 Y/422   Allocating 
 Small   0x0000000361400000 0x0000000361600000 0x0000000361600000 Y/422   Allocating 
 Small   0x0000000361600000 0x0000000361800000 0x0000000361800000 Y/422   Allocating 
 Small   0x0000000361800000 0x0000000361a00000 0x0000000361a00000 Y/422   Allocating 
 Small   0x0000000361a00000 0x0000000361c00000 0x0000000361c00000 Y/422   Allocating 
 Small   0x0000000361c00000 0x0000000361dfffb8 0x0000000361e00000 O/19    Relocatable
 Small   0x0000000361e00000 0x0000000362000000 0x0000000362000000 Y/422   Allocating 
 Small   0x0000000362000000 0x0000000362200000 0x0000000362200000 Y/422   Allocating 
 Small   0x0000000362200000 0x00000003623fff20 0x0000000362400000 O/23    Allocating 
 Small   0x0000000362400000 0x0000000362600000 0x0000000362600000 Y/422   Allocating 
 Small   0x0000000362600000 0x0000000362800000 0x0000000362800000 Y/422   Allocating 
 Small   0x0000000362800000 0x0000000362a00000 0x0000000362a00000 O/16    Relocatable
 Small   0x0000000362a00000 0x0000000362c00000 0x0000000362c00000 Y/422   Allocating 
 Small   0x0000000362c00000 0x0000000362e00000 0x0000000362e00000 Y/422   Allocating 
 Small   0x0000000362e00000 0x0000000362ffffe0 0x0000000363000000 O/23    Allocating 
 Small   0x0000000363000000 0x0000000363200000 0x0000000363200000 Y/422   Allocating 
 Small   0x0000000363200000 0x0000000363400000 0x0000000363400000 Y/422   Allocating 
 Small   0x0000000363400000 0x0000000363600000 0x0000000363600000 Y/422   Allocating 
 Small   0x0000000363600000 0x0000000363800000 0x0000000363800000 Y/422   Allocating 
 Small   0x0000000363800000 0x00000003639ffe90 0x0000000363a00000 O/15    Relocatable
 Small   0x0000000363a00000 0x0000000363c00000 0x0000000363c00000 Y/422   Allocating 
 Small   0x0000000363c00000 0x0000000363e00000 0x0000000363e00000 Y/422   Allocating 
 Small   0x0000000363e00000 0x0000000364000000 0x0000000364000000 Y/422   Allocating 
 Small   0x0000000364000000 0x0000000364200000 0x0000000364200000 Y/422   Allocating 
 Small   0x0000000364200000 0x0000000364400000 0x0000000364400000 Y/422   Allocating 
 Small   0x0000000364400000 0x0000000364600000 0x0000000364600000 Y/422   Allocating 
 Small   0x0000000364600000 0x0000000364800000 0x0000000364800000 Y/422   Allocating 
 Small   0x0000000364800000 0x0000000364a00000 0x0000000364a00000 Y/422   Allocating 
 Small   0x0000000364a00000 0x0000000364c00000 0x0000000364c00000 Y/422   Allocating 
 Small   0x0000000364c00000 0x0000000364dffd70 0x0000000364e00000 O/15    Relocatable
 Small   0x0000000364e00000 0x0000000365000000 0x0000000365000000 Y/422   Allocating 
 Small   0x0000000365000000 0x0000000365200000 0x0000000365200000 Y/422   Allocating 
 Small   0x0000000365200000 0x0000000365400000 0x0000000365400000 Y/422   Allocating 
 Small   0x0000000365400000 0x0000000365600000 0x0000000365600000 Y/422   Allocating 
 Small   0x0000000365600000 0x0000000365800000 0x0000000365800000 Y/422   Allocating 
 Small   0x0000000365800000 0x0000000365a00000 0x0000000365a00000 Y/422   Allocating 
 Small   0x0000000365a00000 0x0000000365c00000 0x0000000365c00000 Y/422   Allocating 
 Small   0x0000000365c00000 0x0000000365e00000 0x0000000365e00000 Y/422   Allocating 
 Small   0x0000000365e00000 0x0000000366000000 0x0000000366000000 Y/422   Allocating 
 Small   0x0000000366000000 0x0000000366200000 0x0000000366200000 Y/422   Allocating 
 Small   0x0000000366200000 0x0000000366400000 0x0000000366400000 Y/422   Allocating 
 Small   0x0000000366400000 0x0000000366600000 0x0000000366600000 Y/422   Allocating 
 Small   0x0000000366600000 0x00000003667f7918 0x0000000366800000 O/13    Relocatable
 Small   0x0000000366800000 0x0000000366a00000 0x0000000366a00000 Y/422   Allocating 
 Small   0x0000000366a00000 0x0000000366c00000 0x0000000366c00000 Y/422   Allocating 
 Small   0x0000000366c00000 0x0000000366e00000 0x0000000366e00000 Y/422   Allocating 
 Small   0x0000000366e00000 0x0000000367000000 0x0000000367000000 Y/422   Allocating 
 Small   0x0000000367000000 0x0000000367200000 0x0000000367200000 Y/422   Allocating 
 Small   0x0000000367200000 0x00000003673fffe0 0x0000000367400000 O/15    Relocatable
 Small   0x0000000367400000 0x00000003675ffc78 0x0000000367600000 O/23    Allocating 
 Small   0x0000000367600000 0x0000000367800000 0x0000000367800000 Y/422   Allocating 
 Small   0x0000000367800000 0x0000000367a00000 0x0000000367a00000 Y/422   Allocating 
 Small   0x0000000367a00000 0x0000000367b474c8 0x0000000367c00000 O/23    Allocating 
 Small   0x0000000367c00000 0x0000000367e00000 0x0000000367e00000 Y/422   Allocating 
 Small   0x0000000367e00000 0x0000000368000000 0x0000000368000000 Y/422   Allocating 
 Small   0x0000000368000000 0x0000000368200000 0x0000000368200000 Y/422   Allocating 
 Small   0x0000000368200000 0x0000000368400000 0x0000000368400000 Y/422   Allocating 
 Small   0x0000000368400000 0x0000000368600000 0x0000000368600000 Y/422   Allocating 
 Small   0x0000000368600000 0x0000000368800000 0x0000000368800000 Y/422   Allocating 
 Small   0x0000000368800000 0x0000000368a00000 0x0000000368a00000 Y/422   Allocating 
 Small   0x0000000368a00000 0x0000000368c00000 0x0000000368c00000 Y/422   Allocating 
 Small   0x0000000368c00000 0x0000000368e00000 0x0000000368e00000 Y/422   Allocating 
 Small   0x0000000368e00000 0x0000000369000000 0x0000000369000000 Y/422   Allocating 
 Small   0x0000000369000000 0x0000000369200000 0x0000000369200000 Y/422   Allocating 
 Small   0x0000000369200000 0x0000000369400000 0x0000000369400000 Y/422   Allocating 
 Small   0x0000000369400000 0x0000000369600000 0x0000000369600000 Y/422   Allocating 
 Small   0x0000000369600000 0x0000000369800000 0x0000000369800000 Y/422   Allocating 
 Large   0x000000036d800000 0x000000036e000000 0x000000036e000000 O/11    Relocatable
 Medium  0x000000036e000000 0x000000036fff5000 0x0000000370000000 O/12    Relocatable
 Small   0x0000000370000000 0x0000000370200000 0x0000000370200000 Y/422   Allocating 
 Small   0x0000000370200000 0x0000000370400000 0x0000000370400000 Y/422   Allocating 
 Small   0x0000000370400000 0x0000000370600000 0x0000000370600000 Y/422   Allocating 
 Small   0x0000000370600000 0x0000000370800000 0x0000000370800000 Y/422   Allocating 
 Small   0x0000000370800000 0x0000000370a00000 0x0000000370a00000 Y/422   Allocating 
 Small   0x0000000370a00000 0x0000000370bffff8 0x0000000370c00000 O/13    Relocatable
 Small   0x0000000370c00000 0x0000000370e00000 0x0000000370e00000 Y/422   Allocating 
 Small   0x0000000370e00000 0x0000000371000000 0x0000000371000000 Y/422   Allocating 
 Small   0x0000000371000000 0x0000000371200000 0x0000000371200000 Y/422   Allocating 
 Small   0x0000000371200000 0x00000003713ffff0 0x0000000371400000 O/20    Relocatable
 Small   0x0000000371400000 0x0000000371600000 0x0000000371600000 Y/422   Allocating 
 Small   0x0000000371600000 0x0000000371800000 0x0000000371800000 Y/422   Allocating 
 Small   0x0000000371800000 0x0000000371a00000 0x0000000371a00000 Y/422   Allocating 
 Small   0x0000000371a00000 0x0000000371c00000 0x0000000371c00000 Y/422   Allocating 
 Small   0x0000000371c00000 0x0000000371e00000 0x0000000371e00000 Y/422   Allocating 
 Small   0x0000000371e00000 0x0000000372000000 0x0000000372000000 Y/422   Allocating 
 Small   0x0000000372000000 0x0000000372200000 0x0000000372200000 Y/422   Allocating 
 Small   0x0000000372200000 0x0000000372400000 0x0000000372400000 Y/422   Allocating 
 Small   0x0000000372400000 0x0000000372600000 0x0000000372600000 Y/422   Allocating 
 Small   0x0000000372600000 0x0000000372800000 0x0000000372800000 Y/422   Allocating 
 Small   0x0000000372800000 0x0000000372a00000 0x0000000372a00000 Y/422   Allocating 
 Small   0x0000000372a00000 0x0000000372c00000 0x0000000372c00000 Y/422   Allocating 
 Small   0x0000000372c00000 0x0000000372e00000 0x0000000372e00000 Y/422   Allocating 
 Small   0x0000000372e00000 0x0000000373000000 0x0000000373000000 Y/422   Allocating 
 Small   0x0000000373000000 0x0000000373001d90 0x0000000373200000 O/23    Allocating 
 Small   0x0000000373200000 0x0000000373400000 0x0000000373400000 Y/422   Allocating 
 Small   0x0000000373400000 0x0000000373600000 0x0000000373600000 Y/422   Allocating 
 Small   0x0000000373600000 0x0000000373800000 0x0000000373800000 O/13    Relocatable
 Small   0x0000000373800000 0x0000000373a00000 0x0000000373a00000 Y/422   Allocating 
 Small   0x0000000373a00000 0x0000000373bffff8 0x0000000373c00000 O/23    Allocating 
 Small   0x0000000373c00000 0x0000000373e00000 0x0000000373e00000 Y/422   Allocating 
 Small   0x0000000373e00000 0x0000000374000000 0x0000000374000000 Y/422   Allocating 
 Small   0x0000000374000000 0x0000000374200000 0x0000000374200000 Y/422   Allocating 
 Small   0x0000000374200000 0x00000003743ffff8 0x0000000374400000 O/13    Relocatable
 Small   0x0000000374400000 0x0000000374600000 0x0000000374600000 Y/422   Allocating 
 Small   0x0000000374600000 0x0000000374800000 0x0000000374800000 Y/422   Allocating 
 Small   0x0000000374800000 0x0000000374a00000 0x0000000374a00000 Y/422   Allocating 
 Small   0x0000000374a00000 0x0000000374bfb820 0x0000000374c00000 O/20    Relocatable
 Small   0x0000000374c00000 0x0000000374e00000 0x0000000374e00000 Y/422   Allocating 
 Small   0x0000000374e00000 0x0000000375000000 0x0000000375000000 Y/422   Allocating 
 Small   0x0000000375000000 0x0000000375200000 0x0000000375200000 Y/422   Allocating 
 Small   0x0000000375200000 0x0000000375400000 0x0000000375400000 Y/422   Allocating 
 Small   0x0000000375400000 0x0000000375600000 0x0000000375600000 Y/422   Allocating 
 Small   0x0000000375600000 0x0000000375800000 0x0000000375800000 Y/422   Allocating 
 Small   0x0000000375800000 0x0000000375a00000 0x0000000375a00000 Y/422   Allocating 
 Small   0x0000000375a00000 0x0000000375c00000 0x0000000375c00000 Y/422   Allocating 
 Small   0x0000000375c00000 0x0000000375e00000 0x0000000375e00000 Y/422   Allocating 
 Small   0x0000000375e00000 0x0000000376000000 0x0000000376000000 Y/422   Allocating 
 Small   0x0000000376000000 0x0000000376200000 0x0000000376200000 Y/422   Allocating 
 Small   0x0000000376200000 0x0000000376400000 0x0000000376400000 Y/422   Allocating 
 Small   0x0000000376400000 0x0000000376600000 0x0000000376600000 Y/422   Allocating 
 Small   0x0000000376600000 0x0000000376800000 0x0000000376800000 Y/422   Allocating 
 Small   0x0000000376800000 0x0000000376a00000 0x0000000376a00000 Y/422   Allocating 
 Small   0x0000000376a00000 0x0000000376c00000 0x0000000376c00000 Y/422   Allocating 
 Small   0x0000000376c00000 0x0000000376e00000 0x0000000376e00000 Y/422   Allocating 
 Small   0x0000000376e00000 0x0000000377000000 0x0000000377000000 Y/422   Allocating 
 Small   0x0000000377000000 0x0000000377200000 0x0000000377200000 Y/422   Allocating 
 Small   0x0000000377200000 0x0000000377400000 0x0000000377400000 Y/422   Allocating 
 Small   0x0000000377400000 0x0000000377600000 0x0000000377600000 Y/422   Allocating 
 Small   0x0000000377600000 0x0000000377800000 0x0000000377800000 Y/422   Allocating 
 Small   0x0000000377800000 0x0000000377a00000 0x0000000377a00000 Y/422   Allocating 
 Small   0x0000000377a00000 0x0000000377c00000 0x0000000377c00000 Y/422   Allocating 
 Small   0x0000000377c00000 0x0000000377e00000 0x0000000377e00000 Y/422   Allocating 
 Small   0x0000000377e00000 0x0000000378000000 0x0000000378000000 Y/422   Allocating 
 Small   0x0000000378000000 0x0000000378200000 0x0000000378200000 Y/422   Allocating 
 Small   0x0000000378200000 0x0000000378400000 0x0000000378400000 Y/422   Allocating 
 Small   0x0000000378400000 0x0000000378600000 0x0000000378600000 O/20    Relocatable
 Small   0x0000000378600000 0x00000003787ffec0 0x0000000378800000 O/21    Relocatable
 Small   0x0000000378800000 0x00000003789ffff0 0x0000000378a00000 O/22    Relocatable
 Small   0x0000000378a00000 0x0000000378c00000 0x0000000378c00000 Y/422   Allocating 
 Small   0x0000000378c00000 0x0000000378e00000 0x0000000378e00000 Y/422   Allocating 
 Small   0x0000000378e00000 0x0000000378fffc08 0x0000000379000000 O/15    Relocatable
 Small   0x0000000379000000 0x00000003791ffd98 0x0000000379200000 O/20    Relocatable
 Small   0x0000000379200000 0x0000000379400000 0x0000000379400000 Y/422   Allocating 
 Small   0x0000000379400000 0x0000000379600000 0x0000000379600000 Y/422   Allocating 
 Small   0x0000000379600000 0x0000000379800000 0x0000000379800000 Y/422   Allocating 
 Small   0x0000000379800000 0x0000000379a00000 0x0000000379a00000 Y/422   Allocating 
 Small   0x0000000379a00000 0x0000000379c00000 0x0000000379c00000 Y/422   Allocating 
 Small   0x0000000379c00000 0x0000000379e00000 0x0000000379e00000 Y/422   Allocating 
 Small   0x0000000379e00000 0x000000037a000000 0x000000037a000000 Y/422   Allocating 
 Small   0x000000037a000000 0x000000037a200000 0x000000037a200000 Y/422   Allocating 
 Small   0x000000037a200000 0x000000037a400000 0x000000037a400000 Y/422   Allocating 
 Small   0x000000037a400000 0x000000037a600000 0x000000037a600000 Y/422   Allocating 
 Small   0x000000037a600000 0x000000037a6043d0 0x000000037a800000 O/23    Allocating 
 Small   0x000000037a800000 0x000000037aa00000 0x000000037aa00000 Y/422   Allocating 
 Small   0x000000037aa00000 0x000000037ac00000 0x000000037ac00000 Y/422   Allocating 
 Small   0x000000037ac00000 0x000000037adffff8 0x000000037ae00000 O/13    Relocatable
 Small   0x000000037ae00000 0x000000037b000000 0x000000037b000000 Y/422   Allocating 
 Small   0x000000037b000000 0x000000037b200000 0x000000037b200000 Y/422   Allocating 
 Small   0x000000037b200000 0x000000037b400000 0x000000037b400000 Y/422   Allocating 
 Small   0x000000037b400000 0x000000037b600000 0x000000037b600000 Y/422   Allocating 
 Small   0x000000037b600000 0x000000037b800000 0x000000037b800000 Y/422   Allocating 
 Small   0x000000037b800000 0x000000037ba00000 0x000000037ba00000 Y/422   Allocating 
 Small   0x000000037ba00000 0x000000037bc00000 0x000000037bc00000 Y/422   Allocating 
 Small   0x000000037bc00000 0x000000037be00000 0x000000037be00000 Y/422   Allocating 
 Small   0x000000037be00000 0x000000037c000000 0x000000037c000000 Y/422   Allocating 
 Small   0x000000037c000000 0x000000037c200000 0x000000037c200000 Y/422   Allocating 
 Small   0x000000037c200000 0x000000037c400000 0x000000037c400000 Y/422   Allocating 
 Small   0x000000037c400000 0x000000037c600000 0x000000037c600000 Y/422   Allocating 
 Small   0x000000037c600000 0x000000037c800000 0x000000037c800000 Y/422   Allocating 
 Small   0x000000037c800000 0x000000037ca00000 0x000000037ca00000 Y/422   Allocating 
 Small   0x000000037ca00000 0x000000037cbfff80 0x000000037cc00000 O/23    Allocating 
 Small   0x000000037cc00000 0x000000037ce00000 0x000000037ce00000 Y/422   Allocating 
 Small   0x000000037ce00000 0x000000037d000000 0x000000037d000000 Y/422   Allocating 
 Small   0x000000037d000000 0x000000037d200000 0x000000037d200000 Y/422   Allocating 
 Small   0x000000037d200000 0x000000037d400000 0x000000037d400000 Y/422   Allocating 
 Small   0x000000037d400000 0x000000037d600000 0x000000037d600000 Y/422   Allocating 
 Small   0x000000037d600000 0x000000037d800000 0x000000037d800000 Y/422   Allocating 
 Small   0x000000037d800000 0x000000037da00000 0x000000037da00000 Y/422   Allocating 
 Small   0x000000037da00000 0x000000037dc00000 0x000000037dc00000 Y/422   Allocating 
 Small   0x000000037dc00000 0x000000037de00000 0x000000037de00000 Y/422   Allocating 
 Small   0x000000037de00000 0x000000037dffff50 0x000000037e000000 O/23    Allocating 
 Small   0x000000037e000000 0x000000037e1ffe88 0x000000037e200000 O/15    Relocatable
 Small   0x000000037e200000 0x000000037e400000 0x000000037e400000 Y/422   Allocating 
 Small   0x000000037e400000 0x000000037e5ffff0 0x000000037e600000 O/13    Relocatable
 Small   0x000000037e600000 0x000000037e800000 0x000000037e800000 Y/422   Allocating 
 Small   0x000000037e800000 0x000000037ea00000 0x000000037ea00000 Y/422   Allocating 
 Small   0x000000037ea00000 0x000000037ec00000 0x000000037ec00000 Y/422   Allocating 
 Small   0x000000037ec00000 0x000000037ee00000 0x000000037ee00000 Y/422   Allocating 
 Small   0x000000037ee00000 0x000000037f000000 0x000000037f000000 Y/422   Allocating 
 Small   0x000000037f000000 0x000000037f1fff68 0x000000037f200000 O/23    Allocating 
 Small   0x000000037f200000 0x000000037f400000 0x000000037f400000 Y/422   Allocating 
 Small   0x000000037f400000 0x000000037f600000 0x000000037f600000 Y/422   Allocating 
 Small   0x000000037f600000 0x000000037f800000 0x000000037f800000 Y/422   Allocating 
 Small   0x000000037f800000 0x000000037f9fffd8 0x000000037fa00000 O/18    Relocatable
 Small   0x000000037fa00000 0x000000037fc00000 0x000000037fc00000 Y/422   Allocating 
 Small   0x000000037fc00000 0x000000037fdfffe0 0x000000037fe00000 O/17    Relocatable
 Small   0x000000037fe00000 0x0000000380000000 0x0000000380000000 Y/422   Allocating 
 Small   0x0000000380000000 0x0000000380200000 0x0000000380200000 Y/422   Allocating 
 Small   0x0000000380200000 0x0000000380400000 0x0000000380400000 Y/422   Allocating 
 Small   0x0000000380400000 0x0000000380600000 0x0000000380600000 Y/422   Allocating 
 Small   0x0000000380600000 0x0000000380800000 0x0000000380800000 O/13    Relocatable
 Small   0x0000000380800000 0x0000000380a00000 0x0000000380a00000 Y/422   Allocating 
 Small   0x0000000380a00000 0x0000000380bffd90 0x0000000380c00000 O/16    Relocatable
 Small   0x0000000380c00000 0x0000000380e00000 0x0000000380e00000 Y/422   Allocating 
 Small   0x0000000380e00000 0x0000000381000000 0x0000000381000000 Y/422   Allocating 
 Small   0x0000000381000000 0x0000000381200000 0x0000000381200000 Y/422   Allocating 
 Small   0x0000000381200000 0x0000000381400000 0x0000000381400000 Y/422   Allocating 
 Small   0x0000000381400000 0x00000003815ffff8 0x0000000381600000 O/22    Relocatable
 Small   0x0000000381600000 0x00000003817fd568 0x0000000381800000 O/15    Relocatable
 Small   0x0000000381800000 0x0000000381a00000 0x0000000381a00000 Y/422   Allocating 
 Small   0x0000000381a00000 0x0000000381c00000 0x0000000381c00000 Y/422   Allocating 
 Small   0x0000000381c00000 0x0000000381e00000 0x0000000381e00000 Y/422   Allocating 
 Small   0x0000000381e00000 0x0000000382000000 0x0000000382000000 Y/422   Allocating 
 Small   0x0000000382000000 0x00000003821ffff8 0x0000000382200000 O/22    Relocatable
 Small   0x0000000382200000 0x0000000382400000 0x0000000382400000 Y/422   Allocating 
 Small   0x0000000382400000 0x0000000382600000 0x0000000382600000 Y/422   Allocating 
 Small   0x0000000382600000 0x00000003827fff08 0x0000000382800000 O/19    Relocatable
 Small   0x0000000382800000 0x0000000382a00000 0x0000000382a00000 Y/422   Allocating 
 Small   0x0000000382a00000 0x0000000382bffff8 0x0000000382c00000 Y/422   Allocating 
 Small   0x0000000382c00000 0x0000000382e00000 0x0000000382e00000 Y/422   Allocating 
 Small   0x0000000382e00000 0x0000000382e02f48 0x0000000383000000 O/23    Allocating 
 Small   0x0000000383000000 0x0000000383200000 0x0000000383200000 Y/422   Allocating 
 Small   0x0000000383200000 0x0000000383400000 0x0000000383400000 Y/422   Allocating 
 Small   0x0000000383400000 0x0000000383600000 0x0000000383600000 Y/422   Allocating 
 Small   0x0000000383600000 0x00000003837ffff8 0x0000000383800000 O/13    Relocatable
 Small   0x0000000383800000 0x0000000383a00000 0x0000000383a00000 Y/422   Allocating 
 Small   0x0000000383a00000 0x0000000383c00000 0x0000000383c00000 Y/422   Allocating 
 Small   0x0000000383c00000 0x0000000383e00000 0x0000000383e00000 Y/422   Allocating 
 Small   0x0000000383e00000 0x0000000384000000 0x0000000384000000 Y/422   Allocating 
 Small   0x0000000384000000 0x00000003841ff790 0x0000000384200000 O/20    Relocatable
 Small   0x0000000384200000 0x0000000384400000 0x0000000384400000 Y/422   Allocating 
 Small   0x0000000384400000 0x0000000384600000 0x0000000384600000 Y/422   Allocating 
 Small   0x0000000384600000 0x0000000384800000 0x0000000384800000 Y/422   Allocating 
 Small   0x0000000384800000 0x0000000384a00000 0x0000000384a00000 Y/422   Allocating 
 Small   0x0000000384a00000 0x0000000384c00000 0x0000000384c00000 Y/422   Allocating 
 Small   0x0000000384c00000 0x0000000384dffff8 0x0000000384e00000 O/23    Allocating 
 Small   0x0000000384e00000 0x0000000385000000 0x0000000385000000 Y/422   Allocating 
 Small   0x0000000385000000 0x0000000385200000 0x0000000385200000 Y/422   Allocating 
 Small   0x0000000385200000 0x0000000385400000 0x0000000385400000 Y/422   Allocating 
 Small   0x0000000385400000 0x0000000385600000 0x0000000385600000 Y/422   Allocating 
 Small   0x0000000385600000 0x0000000385800000 0x0000000385800000 Y/422   Allocating 
 Small   0x0000000385800000 0x00000003859fd388 0x0000000385a00000 O/23    Allocating 
 Small   0x0000000385a00000 0x0000000385c00000 0x0000000385c00000 Y/422   Allocating 
 Small   0x0000000385c00000 0x0000000385dfff88 0x0000000385e00000 O/15    Relocatable
 Small   0x0000000385e00000 0x0000000385ffeea8 0x0000000386000000 O/23    Allocating 
 Small   0x0000000386000000 0x0000000386200000 0x0000000386200000 Y/422   Allocating 
 Small   0x0000000386200000 0x0000000386400000 0x0000000386400000 Y/422   Allocating 
 Small   0x0000000386400000 0x0000000386600000 0x0000000386600000 Y/422   Allocating 
 Small   0x0000000386600000 0x0000000386800000 0x0000000386800000 Y/422   Allocating 
 Small   0x0000000386800000 0x0000000386a00000 0x0000000386a00000 Y/422   Allocating 
 Small   0x0000000386a00000 0x0000000386c00000 0x0000000386c00000 Y/422   Allocating 
 Small   0x0000000386c00000 0x0000000386e00000 0x0000000386e00000 Y/422   Allocating 
 Small   0x0000000386e00000 0x0000000387000000 0x0000000387000000 Y/422   Allocating 
 Small   0x0000000387000000 0x0000000387200000 0x0000000387200000 Y/422   Allocating 
 Small   0x0000000387200000 0x0000000387400000 0x0000000387400000 Y/422   Allocating 
 Medium  0x0000000389400000 0x0000000389c0a000 0x000000038b400000 Y/422   Allocating 
 Small   0x000000038b400000 0x000000038b600000 0x000000038b600000 Y/422   Allocating 
 Small   0x000000038b600000 0x000000038b800000 0x000000038b800000 Y/422   Allocating 
 Small   0x000000038b800000 0x000000038ba00000 0x000000038ba00000 Y/422   Allocating 
 Small   0x000000038ba00000 0x000000038bc00000 0x000000038bc00000 Y/422   Allocating 
 Small   0x000000038bc00000 0x000000038be00000 0x000000038be00000 Y/422   Allocating 
 Small   0x000000038be00000 0x000000038c000000 0x000000038c000000 Y/422   Allocating 
 Small   0x000000038c000000 0x000000038c200000 0x000000038c200000 Y/422   Allocating 
 Small   0x000000038c200000 0x000000038c400000 0x000000038c400000 Y/422   Allocating 
 Small   0x000000038c400000 0x000000038c5ba520 0x000000038c600000 O/23    Allocating 
 Small   0x000000038c600000 0x000000038c800000 0x000000038c800000 Y/422   Allocating 
 Small   0x000000038c800000 0x000000038ca00000 0x000000038ca00000 Y/422   Allocating 
 Small   0x000000038ca00000 0x000000038cc00000 0x000000038cc00000 Y/422   Allocating 
 Small   0x000000038cc00000 0x000000038ce00000 0x000000038ce00000 Y/422   Allocating 
 Small   0x000000038ce00000 0x000000038cfff8d8 0x000000038d000000 O/15    Relocatable
 Small   0x000000038d000000 0x000000038d200000 0x000000038d200000 Y/422   Allocating 
 Small   0x000000038d200000 0x000000038d400000 0x000000038d400000 Y/422   Allocating 
 Small   0x000000038d400000 0x000000038d600000 0x000000038d600000 Y/422   Allocating 
 Small   0x000000038d600000 0x000000038d800000 0x000000038d800000 Y/422   Allocating 
 Small   0x000000038d800000 0x000000038da00000 0x000000038da00000 Y/422   Allocating 
 Small   0x000000038da00000 0x000000038dc00000 0x000000038dc00000 Y/422   Allocating 
 Small   0x000000038dc00000 0x000000038de00000 0x000000038de00000 Y/422   Allocating 
 Small   0x000000038de00000 0x000000038e000000 0x000000038e000000 Y/422   Allocating 
 Small   0x000000038e000000 0x000000038e200000 0x000000038e200000 Y/422   Allocating 
 Small   0x000000038e200000 0x000000038e400000 0x000000038e400000 Y/422   Allocating 
 Small   0x000000038e400000 0x000000038e600000 0x000000038e600000 Y/422   Allocating 
 Small   0x000000038e600000 0x000000038e800000 0x000000038e800000 Y/422   Allocating 
 Small   0x000000038e800000 0x000000038e9fffe8 0x000000038ea00000 O/23    Allocating 
 Small   0x000000038ea00000 0x000000038ec00000 0x000000038ec00000 Y/422   Allocating 
 Small   0x000000038ec00000 0x000000038ee00000 0x000000038ee00000 Y/422   Allocating 
 Small   0x000000038ee00000 0x000000038efffff0 0x000000038f000000 O/23    Allocating 
 Small   0x000000038f000000 0x000000038f200000 0x000000038f200000 Y/422   Allocating 
 Small   0x000000038f200000 0x000000038f400000 0x000000038f400000 Y/422   Allocating 
 Small   0x000000038f400000 0x000000038f5fffe0 0x000000038f600000 O/22    Relocatable
 Small   0x000000038f600000 0x000000038f800000 0x000000038f800000 Y/422   Allocating 
 Small   0x000000038f800000 0x000000038fa00000 0x000000038fa00000 Y/422   Allocating 
 Small   0x000000038fa00000 0x000000038fc00000 0x000000038fc00000 Y/422   Allocating 
 Small   0x000000038fc00000 0x000000038fe00000 0x000000038fe00000 Y/422   Allocating 
 Small   0x000000038fe00000 0x0000000390000000 0x0000000390000000 Y/422   Allocating 
 Small   0x0000000390000000 0x0000000390200000 0x0000000390200000 Y/422   Allocating 
 Small   0x0000000390200000 0x0000000390400000 0x0000000390400000 Y/422   Allocating 
 Small   0x0000000390400000 0x0000000390600000 0x0000000390600000 Y/422   Allocating 
 Small   0x0000000390600000 0x0000000390800000 0x0000000390800000 Y/422   Allocating 
 Small   0x0000000390800000 0x0000000390a00000 0x0000000390a00000 Y/422   Allocating 
 Small   0x0000000390a00000 0x0000000390c00000 0x0000000390c00000 Y/422   Allocating 
 Small   0x0000000390c00000 0x0000000390e00000 0x0000000390e00000 Y/422   Allocating 
 Small   0x0000000390e00000 0x0000000391000000 0x0000000391000000 Y/422   Allocating 
 Small   0x0000000391000000 0x0000000391200000 0x0000000391200000 Y/422   Allocating 
 Small   0x0000000391200000 0x0000000391400000 0x0000000391400000 Y/422   Allocating 
 Small   0x0000000391400000 0x0000000391600000 0x0000000391600000 Y/422   Allocating 
 Small   0x0000000391600000 0x0000000391800000 0x0000000391800000 Y/422   Allocating 
 Small   0x0000000391800000 0x0000000391a00000 0x0000000391a00000 Y/422   Allocating 
 Small   0x0000000391a00000 0x0000000391c00000 0x0000000391c00000 Y/422   Allocating 
 Small   0x0000000391c00000 0x0000000391e00000 0x0000000391e00000 Y/422   Allocating 
 Small   0x0000000391e00000 0x0000000392000000 0x0000000392000000 Y/422   Allocating 
 Small   0x0000000392000000 0x0000000392200000 0x0000000392200000 Y/422   Allocating 
 Small   0x0000000392200000 0x0000000392400000 0x0000000392400000 Y/422   Allocating 
 Small   0x0000000392400000 0x00000003925fffe0 0x0000000392600000 O/23    Allocating 
 Small   0x0000000392600000 0x0000000392800000 0x0000000392800000 Y/422   Allocating 
 Small   0x0000000392800000 0x00000003929fff50 0x0000000392a00000 O/23    Allocating 
 Small   0x0000000392a00000 0x0000000392c00000 0x0000000392c00000 Y/422   Allocating 
 Small   0x0000000392c00000 0x0000000392e00000 0x0000000392e00000 Y/422   Allocating 
 Small   0x0000000392e00000 0x0000000392fffff0 0x0000000393000000 O/20    Relocatable
 Small   0x0000000393000000 0x0000000393200000 0x0000000393200000 Y/422   Allocating 
 Small   0x0000000393200000 0x00000003933ffff0 0x0000000393400000 O/22    Relocatable
 Small   0x0000000393400000 0x00000003935fe338 0x0000000393600000 O/15    Relocatable
 Small   0x0000000393600000 0x0000000393800000 0x0000000393800000 Y/422   Allocating 
 Small   0x0000000393800000 0x0000000393a00000 0x0000000393a00000 Y/422   Allocating 
 Small   0x0000000393a00000 0x0000000393c00000 0x0000000393c00000 Y/422   Allocating 
 Small   0x0000000393c00000 0x0000000393e00000 0x0000000393e00000 Y/422   Allocating 
 Small   0x0000000393e00000 0x0000000394000000 0x0000000394000000 Y/422   Allocating 
 Small   0x0000000394000000 0x00000003941ff360 0x0000000394200000 O/23    Allocating 
 Small   0x0000000394200000 0x0000000394400000 0x0000000394400000 Y/422   Allocating 
 Small   0x0000000394400000 0x0000000394600000 0x0000000394600000 Y/422   Allocating 
 Small   0x0000000394600000 0x0000000394800000 0x0000000394800000 Y/422   Allocating 
 Small   0x0000000394800000 0x0000000394a00000 0x0000000394a00000 Y/422   Allocating 
 Small   0x0000000394a00000 0x0000000394c00000 0x0000000394c00000 Y/422   Allocating 
 Small   0x0000000394c00000 0x0000000394e00000 0x0000000394e00000 Y/422   Allocating 
 Small   0x0000000394e00000 0x0000000395000000 0x0000000395000000 Y/422   Allocating 
 Small   0x0000000395000000 0x0000000395200000 0x0000000395200000 Y/422   Allocating 
 Small   0x0000000395200000 0x00000003953fffe0 0x0000000395400000 O/20    Relocatable
 Small   0x0000000395400000 0x0000000395600000 0x0000000395600000 Y/422   Allocating 
 Small   0x0000000395600000 0x0000000395800000 0x0000000395800000 Y/422   Allocating 
 Small   0x0000000395800000 0x0000000395a00000 0x0000000395a00000 Y/422   Allocating 
 Small   0x0000000395a00000 0x0000000395c00000 0x0000000395c00000 O/16    Relocatable
 Small   0x0000000395c00000 0x0000000395e00000 0x0000000395e00000 Y/422   Allocating 
 Small   0x0000000395e00000 0x0000000396000000 0x0000000396000000 Y/422   Allocating 
 Small   0x0000000396000000 0x0000000396200000 0x0000000396200000 Y/422   Allocating 
 Small   0x0000000396200000 0x0000000396400000 0x0000000396400000 Y/422   Allocating 
 Small   0x0000000396400000 0x0000000396600000 0x0000000396600000 Y/422   Allocating 
 Small   0x0000000396600000 0x0000000396800000 0x0000000396800000 Y/422   Allocating 
 Small   0x0000000396800000 0x0000000396a00000 0x0000000396a00000 Y/422   Allocating 
 Small   0x0000000396a00000 0x0000000396c00000 0x0000000396c00000 Y/422   Allocating 
 Small   0x0000000396c00000 0x0000000396e00000 0x0000000396e00000 Y/422   Allocating 
 Small   0x0000000396e00000 0x0000000397000000 0x0000000397000000 Y/422   Allocating 
 Small   0x0000000397000000 0x0000000397200000 0x0000000397200000 Y/422   Allocating 
 Small   0x0000000397200000 0x00000003973e0258 0x0000000397400000 O/20    Relocatable
 Small   0x0000000397400000 0x0000000397600000 0x0000000397600000 Y/422   Allocating 
 Small   0x0000000397600000 0x0000000397800000 0x0000000397800000 Y/422   Allocating 
 Small   0x0000000397800000 0x0000000397a00000 0x0000000397a00000 Y/422   Allocating 
 Medium  0x0000000397a00000 0x0000000399599000 0x0000000399a00000 O/14    Relocatable
 Large   0x000000039ba00000 0x000000039c200000 0x000000039c200000 O/12    Relocatable
 Medium  0x000000039c200000 0x000000039c50c000 0x000000039e200000 Y/422   Allocating 
 Small   0x000000039e200000 0x000000039e400000 0x000000039e400000 Y/422   Allocating 
 Small   0x000000039e400000 0x000000039e600000 0x000000039e600000 Y/422   Allocating 
 Small   0x000000039e600000 0x000000039e7ff890 0x000000039e800000 O/14    Relocatable
 Small   0x000000039e800000 0x000000039ea00000 0x000000039ea00000 Y/422   Allocating 
 Small   0x000000039ea00000 0x000000039ec00000 0x000000039ec00000 Y/422   Allocating 
 Small   0x000000039ec00000 0x000000039ee00000 0x000000039ee00000 Y/422   Allocating 
 Small   0x000000039ee00000 0x000000039effffe8 0x000000039f000000 O/20    Relocatable
 Small   0x000000039f000000 0x000000039f200000 0x000000039f200000 Y/422   Allocating 
 Small   0x000000039f200000 0x000000039f400000 0x000000039f400000 Y/422   Allocating 
 Small   0x000000039f400000 0x000000039f600000 0x000000039f600000 Y/422   Allocating 
 Small   0x000000039f600000 0x000000039f800000 0x000000039f800000 Y/422   Allocating 
 Small   0x000000039f800000 0x000000039fa00000 0x000000039fa00000 Y/422   Allocating 
 Small   0x000000039fa00000 0x000000039fc00000 0x000000039fc00000 Y/422   Allocating 
 Small   0x000000039fc00000 0x000000039fe00000 0x000000039fe00000 Y/422   Allocating 
 Small   0x000000039fe00000 0x00000003a0000000 0x00000003a0000000 Y/422   Allocating 
 Small   0x00000003a0000000 0x00000003a0200000 0x00000003a0200000 Y/422   Allocating 
 Small   0x00000003a0200000 0x00000003a0400000 0x00000003a0400000 Y/422   Allocating 
 Small   0x00000003a0400000 0x00000003a0600000 0x00000003a0600000 Y/422   Allocating 
 Small   0x00000003a0600000 0x00000003a0800000 0x00000003a0800000 Y/422   Allocating 
 Small   0x00000003a0800000 0x00000003a0a00000 0x00000003a0a00000 Y/422   Allocating 
 Small   0x00000003a0a00000 0x00000003a0bffed8 0x00000003a0c00000 O/20    Relocatable
 Small   0x00000003a0c00000 0x00000003a0dff4d8 0x00000003a0e00000 O/22    Relocatable
 Small   0x00000003a0e00000 0x00000003a0ffe930 0x00000003a1000000 O/23    Allocating 
 Small   0x00000003a1000000 0x00000003a1200000 0x00000003a1200000 Y/422   Allocating 
 Small   0x00000003a1200000 0x00000003a1400000 0x00000003a1400000 Y/422   Allocating 
 Small   0x00000003a1400000 0x00000003a1600000 0x00000003a1600000 Y/422   Allocating 
 Small   0x00000003a1600000 0x00000003a1800000 0x00000003a1800000 Y/422   Allocating 
 Small   0x00000003a1800000 0x00000003a1a00000 0x00000003a1a00000 Y/422   Allocating 
 Small   0x00000003a1a00000 0x00000003a1bffb48 0x00000003a1c00000 O/15    Relocatable
 Small   0x00000003a1c00000 0x00000003a1e00000 0x00000003a1e00000 Y/422   Allocating 
 Small   0x00000003a1e00000 0x00000003a2000000 0x00000003a2000000 Y/422   Allocating 
 Small   0x00000003a2000000 0x00000003a2200000 0x00000003a2200000 Y/422   Allocating 
 Small   0x00000003a2200000 0x00000003a23ffc00 0x00000003a2400000 O/15    Relocatable
 Small   0x00000003a2400000 0x00000003a2600000 0x00000003a2600000 Y/422   Allocating 
 Small   0x00000003a2600000 0x00000003a2800000 0x00000003a2800000 Y/422   Allocating 
 Small   0x00000003a2800000 0x00000003a2a00000 0x00000003a2a00000 Y/422   Allocating 
 Small   0x00000003a2a00000 0x00000003a2c00000 0x00000003a2c00000 Y/422   Allocating 
 Small   0x00000003a2c00000 0x00000003a2e00000 0x00000003a2e00000 Y/422   Allocating 
 Small   0x00000003a2e00000 0x00000003a3000000 0x00000003a3000000 Y/422   Allocating 
 Small   0x00000003a3000000 0x00000003a31fffe8 0x00000003a3200000 O/20    Relocatable
 Small   0x00000003a3200000 0x00000003a3400000 0x00000003a3400000 Y/422   Allocating 
 Small   0x00000003a3400000 0x00000003a3600000 0x00000003a3600000 Y/422   Allocating 
 Small   0x00000003a3600000 0x00000003a3800000 0x00000003a3800000 Y/422   Allocating 
 Small   0x00000003a3800000 0x00000003a39ffe78 0x00000003a3a00000 Y/422   Allocating 
 Small   0x00000003a3a00000 0x00000003a3a00130 0x00000003a3c00000 Y/422   Allocating 
 Small   0x00000003a3c00000 0x00000003a3dfffd8 0x00000003a3e00000 O/23    Allocating 
 Small   0x00000003a3e00000 0x00000003a4000000 0x00000003a4000000 Y/422   Allocating 
 Small   0x00000003a4000000 0x00000003a4200000 0x00000003a4200000 Y/422   Allocating 
 Small   0x00000003a4200000 0x00000003a4400000 0x00000003a4400000 Y/422   Allocating 
 Small   0x00000003a4400000 0x00000003a4600000 0x00000003a4600000 O/22    Relocatable
 Small   0x00000003a4600000 0x00000003a4800000 0x00000003a4800000 Y/422   Allocating 
 Small   0x00000003a4800000 0x00000003a49ffff0 0x00000003a4a00000 O/21    Relocatable
 Small   0x00000003a4a00000 0x00000003a4bffe98 0x00000003a4c00000 O/22    Relocatable
 Small   0x00000003a4c00000 0x00000003a4e00000 0x00000003a4e00000 Y/422   Allocating 
 Small   0x00000003a4e00000 0x00000003a5000000 0x00000003a5000000 Y/422   Allocating 
 Small   0x00000003a5000000 0x00000003a5200000 0x00000003a5200000 Y/422   Allocating 
 Small   0x00000003a5200000 0x00000003a5400000 0x00000003a5400000 Y/422   Allocating 
 Small   0x00000003a5400000 0x00000003a5600000 0x00000003a5600000 Y/422   Allocating 
 Small   0x00000003a5600000 0x00000003a5800000 0x00000003a5800000 Y/422   Allocating 
 Small   0x00000003a5800000 0x00000003a5a00000 0x00000003a5a00000 Y/422   Allocating 
 Small   0x00000003a5a00000 0x00000003a5c00000 0x00000003a5c00000 Y/422   Allocating 
 Small   0x00000003a5c00000 0x00000003a5e00000 0x00000003a5e00000 Y/422   Allocating 
 Small   0x00000003a5e00000 0x00000003a6000000 0x00000003a6000000 Y/422   Allocating 
 Small   0x00000003a6000000 0x00000003a6200000 0x00000003a6200000 Y/422   Allocating 
 Small   0x00000003a6200000 0x00000003a6400000 0x00000003a6400000 Y/422   Allocating 
 Small   0x00000003a6400000 0x00000003a6600000 0x00000003a6600000 Y/422   Allocating 
 Small   0x00000003a6600000 0x00000003a6800000 0x00000003a6800000 Y/422   Allocating 
 Small   0x00000003a6800000 0x00000003a6a00000 0x00000003a6a00000 Y/422   Allocating 
 Small   0x00000003a6a00000 0x00000003a6c00000 0x00000003a6c00000 Y/422   Allocating 
 Small   0x00000003a6c00000 0x00000003a6dffff8 0x00000003a6e00000 Y/422   Allocating 
 Small   0x00000003a6e00000 0x00000003a7000000 0x00000003a7000000 Y/422   Allocating 
 Small   0x00000003a7000000 0x00000003a7200000 0x00000003a7200000 Y/422   Allocating 
 Small   0x00000003a7200000 0x00000003a7400000 0x00000003a7400000 Y/422   Allocating 
 Small   0x00000003a7400000 0x00000003a7600000 0x00000003a7600000 Y/422   Allocating 
 Small   0x00000003a7600000 0x00000003a7800000 0x00000003a7800000 Y/422   Allocating 
 Small   0x00000003a7800000 0x00000003a7a00000 0x00000003a7a00000 Y/422   Allocating 
 Small   0x00000003a7a00000 0x00000003a7c00000 0x00000003a7c00000 Y/422   Allocating 
 Small   0x00000003a7c00000 0x00000003a7dfffb0 0x00000003a7e00000 O/19    Relocatable
 Small   0x00000003a7e00000 0x00000003a8000000 0x00000003a8000000 Y/422   Allocating 
 Large   0x00000003a8000000 0x00000003a8800000 0x00000003a8800000 O/15    Relocatable
 Small   0x00000003a8800000 0x00000003a8a00000 0x00000003a8a00000 Y/422   Allocating 
 Small   0x00000003a8a00000 0x00000003a8c00000 0x00000003a8c00000 Y/422   Allocating 
 Small   0x00000003a8c00000 0x00000003a8e00000 0x00000003a8e00000 Y/422   Allocating 
 Small   0x00000003a8e00000 0x00000003a9000000 0x00000003a9000000 Y/422   Allocating 

ZBarrierSet

Polling page: 0x000001b88eda0000

Metaspace:

Usage:
  Non-class:    301.07 MB used.
      Class:     60.32 MB used.
       Both:    361.39 MB used.

Virtual space:
  Non-class space:      320.00 MB reserved,     303.38 MB ( 95%) committed,  5 nodes.
      Class space:        1.00 GB reserved,      62.25 MB (  6%) committed,  1 nodes.
             Both:        1.31 GB reserved,     365.62 MB ( 27%) committed. 

Chunk freelists:
   Non-Class:  240.00 KB
       Class:  1.73 MB
        Both:  1.97 MB

MaxMetaspaceSize: unlimited
CompressedClassSpaceSize: 1.00 GB
Initial GC threshold: 21.00 MB
Current GC threshold: 609.06 MB
CDS: off
 - commit_granule_bytes: 65536.
 - commit_granule_words: 8192.
 - virtual_space_node_default_size: 8388608.
 - enlarge_chunks_in_place: 1.
 - use_allocation_guard: 0.


Internal statistics:

num_allocs_failed_limit: 114.
num_arena_births: 8118.
num_arena_deaths: 936.
num_vsnodes_births: 6.
num_vsnodes_deaths: 0.
num_space_committed: 5843.
num_space_uncommitted: 0.
num_chunks_returned_to_freelist: 1392.
num_chunks_taken_from_freelist: 28484.
num_chunk_merges: 677.
num_chunk_splits: 16017.
num_chunks_enlarged: 8837.
num_inconsistent_stats: 0.

CodeHeap 'non-profiled nmethods': size=119168Kb used=50430Kb max_used=73218Kb free=68737Kb
 bounds [0x000001b89c750000, 0x000001b8a0ee0000, 0x000001b8a3bb0000]
CodeHeap 'profiled nmethods': size=119104Kb used=18184Kb max_used=83096Kb free=100920Kb
 bounds [0x000001b894bb0000, 0x000001b899ce0000, 0x000001b89c000000]
CodeHeap 'non-nmethods': size=7488Kb used=4694Kb max_used=6568Kb free=2793Kb
 bounds [0x000001b89c000000, 0x000001b89c690000, 0x000001b89c750000]
 total_blobs=21037 nmethods=17342 adapters=3588
 compilation: enabled
              stopped_count=0, restarted_count=0
 full_count=0

Compilation events (250 events):
Event: 573.846 Thread 0x000001b890d42810 nmethod 97600 0x000001b89daf9510 code [0x000001b89daf96c0, 0x000001b89daf9b60]
Event: 573.846 Thread 0x000001bcbd6d4e40 nmethod 97586 0x000001b89d093a90 code [0x000001b89d093ca0, 0x000001b89d094750]
Event: 573.847 Thread 0x000001bcbd6d62b0 97624       3       org.lwjgl.opengl.GLUtil::printDetail (26 bytes)
Event: 573.847 Thread 0x000001bcbd6d84c0 97625       4       java.lang.System$2::encodeASCII (11 bytes)
Event: 573.847 Thread 0x000001b890d31cf0 97626       3       com.seibel.distanthorizons.core.util.objects.GLMessages.GLMessageBuilder::checkPrefixAndRun (22 bytes)
Event: 573.847 Thread 0x000001bcbd6d62b0 nmethod 97624 0x000001b895031b90 code [0x000001b895031da0, 0x000001b8950321d8]
Event: 573.847 Thread 0x000001bcbd6d62b0 97627       3       com.seibel.distanthorizons.core.util.objects.GLMessages.GLMessageBuilder::trySubstring (18 bytes)
Event: 573.847 Thread 0x000001b890d31cf0 nmethod 97626 0x000001b8953e8710 code [0x000001b8953e88e0, 0x000001b8953e8ba0]
Event: 573.847 Thread 0x000001bcbd6d5be0 97628       4       java.nio.ByteBuffer::hasArray (20 bytes)
Event: 573.847 Thread 0x000001bcbd6d62b0 nmethod 97627 0x000001b89602a010 code [0x000001b89602a200, 0x000001b89602a5f0]
Event: 573.847 Thread 0x000001bcbd6d84c0 nmethod 97625 0x000001b89d7b5d10 code [0x000001b89d7b5ea0, 0x000001b89d7b6008]
Event: 573.847 Thread 0x000001b890d31cf0 97629       3       java.io.BufferedWriter::implFlushBuffer (34 bytes)
Event: 573.847 Thread 0x000001bcbd6d62b0 97630       3       java.io.OutputStreamWriter::write (11 bytes)
Event: 573.847 Thread 0x000001bcbd6d62b0 nmethod 97630 0x000001b896950890 code [0x000001b896950a40, 0x000001b896950bb8]
Event: 573.847 Thread 0x000001b890d31cf0 nmethod 97629 0x000001b896803f10 code [0x000001b896804100, 0x000001b896804508]
Event: 573.847 Thread 0x000001bcbd6d62b0 97631   !   3       java.io.BufferedWriter::flushBuffer (63 bytes)
Event: 573.847 Thread 0x000001b890d31cf0 97633   !   3       sun.nio.cs.StreamEncoder::flushBuffer (63 bytes)
Event: 573.847 Thread 0x000001bcbd6d5be0 nmethod 97628 0x000001b89d137390 code [0x000001b89d137520, 0x000001b89d137618]
Event: 573.848 Thread 0x000001b890d31cf0 nmethod 97633 0x000001b89525db90 code [0x000001b89525de80, 0x000001b89525ed98]
Event: 573.848 Thread 0x000001bcbd6d62b0 nmethod 97631 0x000001b89759cc10 code [0x000001b89759cee0, 0x000001b89759de10]
Event: 573.848 Thread 0x000001bcbd6d62b0 97634       3       sun.nio.cs.StreamEncoder::lockedFlushBuffer (25 bytes)
Event: 573.848 Thread 0x000001b890d31cf0 97632   !   3       java.io.PrintStream::write (81 bytes)
Event: 573.848 Thread 0x000001bcbd6d62b0 nmethod 97634 0x000001b8967cec10 code [0x000001b8967cee00, 0x000001b8967cf1d8]
Event: 573.848 Thread 0x000001bcbd6d62b0 97635       3       sun.nio.cs.StreamEncoder::isOpen (13 bytes)
Event: 573.848 Thread 0x000001b890d31cf0 nmethod 97632 0x000001b89539b410 code [0x000001b89539b680, 0x000001b89539c000]
Event: 573.848 Thread 0x000001bcbd6d62b0 nmethod 97635 0x000001b896338210 code [0x000001b8963383a0, 0x000001b896338500]
Event: 573.848 Thread 0x000001b890d31cf0 97638       3       sun.nio.cs.StreamEncoder::writeBytes (139 bytes)
Event: 573.848 Thread 0x000001bcbd6d62b0 97636       3       java.io.PrintStream::implWrite (50 bytes)
Event: 573.848 Thread 0x000001bcbd6d7df0 97643   !   4       java.io.BufferedWriter::write (82 bytes)
Event: 573.848 Thread 0x000001b890d42810 97644       4       sun.nio.cs.UTF_8$Encoder::encodeArrayLoop (137 bytes)
Event: 573.849 Thread 0x000001b890d31cf0 nmethod 97638 0x000001b896c1e590 code [0x000001b896c1e820, 0x000001b896c1f348]
Event: 573.849 Thread 0x000001b890d31cf0 97640       3       sun.nio.cs.UTF_8$Encoder::encodeLoop (28 bytes)
Event: 573.849 Thread 0x000001bcbd6d62b0 nmethod 97636 0x000001b8967ff490 code [0x000001b8967ff700, 0x000001b896800058]
Event: 573.849 Thread 0x000001bcbd6d4e40 97645       4       java.lang.Integer::toHexString (6 bytes)
Event: 573.849 Thread 0x000001bcbd6d62b0 97637       3       java.io.OutputStreamWriter::flushBuffer (8 bytes)
Event: 573.849 Thread 0x000001b890d31cf0 nmethod 97640 0x000001b896c5e890 code [0x000001b896c5ea80, 0x000001b896c5eeb0]
Event: 573.849 Thread 0x000001b890d31cf0 97641   !   3       java.io.PrintStream::write (94 bytes)
Event: 573.849 Thread 0x000001bcbd6d62b0 nmethod 97637 0x000001b896cd5910 code [0x000001b896cd5ac0, 0x000001b896cd5c38]
Event: 573.849 Thread 0x000001bcbd6d84c0 97647       4       java.nio.ByteBuffer::clear (7 bytes)
Event: 573.849 Thread 0x000001bcbd6d62b0 97642       3       java.io.PrintStream::implWrite (29 bytes)
Event: 573.849 Thread 0x000001bcbd6d62b0 nmethod 97642 0x000001b895b6dc10 code [0x000001b895b6de00, 0x000001b895b6e288]
Event: 573.849 Thread 0x000001bcbd6d62b0 97646       3       java.io.OutputStream::write (34 bytes)
Event: 573.849 Thread 0x000001bcbd6d84c0 nmethod 97647 0x000001b89d139810 code [0x000001b89d1399a0, 0x000001b89d139a30]
Event: 573.849 Thread 0x000001b890d31cf0 nmethod 97641 0x000001b895c16710 code [0x000001b895c16a40, 0x000001b895c17b68]
Event: 573.849 Thread 0x000001b890d31cf0 97639       3       com.seibel.distanthorizons.core.util.objects.GLMessages.GLMessageBuilder::runNextNewParserStage (180 bytes)
Event: 573.849 Thread 0x000001bcbd6d62b0 nmethod 97646 0x000001b89524c690 code [0x000001b89524c880, 0x000001b89524ccd0]
Event: 573.849 Thread 0x000001bcbd6d62b0 97648       3       java.io.PrintStream::print (9 bytes)
Event: 573.850 Thread 0x000001bcbd6d62b0 nmethod 97648 0x000001b896cd6110 code [0x000001b896cd62e0, 0x000001b896cd65a0]
Event: 573.851 Thread 0x000001b890d31cf0 nmethod 97639 0x000001b894c92d90 code [0x000001b894c93360, 0x000001b894c96058]
Event: 573.852 Thread 0x000001b890d42810 nmethod 97644 0x000001b89d221110 code [0x000001b89d2212e0, 0x000001b89d221840]
Event: 573.853 Thread 0x000001bcbd6d4e40 nmethod 97645 0x000001b89d2ced90 code [0x000001b89d2cef40, 0x000001b89d2cf2f0]
Event: 573.857 Thread 0x000001bcbd6d7df0 nmethod 97643 0x000001b89dbcbd10 code [0x000001b89dbcbfc0, 0x000001b89dbcd3f8]
Event: 573.860 Thread 0x000001bcbd6d9260 97649 %     4       dev.worldgen.lithostitched.worldgen.structure.AlternateJigsawGenerator$StructurePoolGenerator::findValidChildPiece @ 320 (959 bytes)
Event: 573.878 Thread 0x000001bcbd6d62b0 97650       3       com.seibel.distanthorizons.core.util.objects.GLMessages.GLMessageBuilder::doesMessagePassFilters (95 bytes)
Event: 573.878 Thread 0x000001bcbd6d62b0 nmethod 97650 0x000001b894dd4c10 code [0x000001b894dd4e60, 0x000001b894dd57c0]
Event: 573.892 Thread 0x000001bcbd6d5be0 97651       4       org.lwjgl.system.MemoryStack::ints (11 bytes)
Event: 573.894 Thread 0x000001bcbd6d84c0 97652   !   4       org.lwjgl.opengl.GL15C::glDeleteBuffers (42 bytes)
Event: 573.894 Thread 0x000001b890d31cf0 97653       3       com.seibel.distanthorizons.common.render.openGl.glObject.buffer.GLBuffer::destroyBufferIdNow (126 bytes)
Event: 573.894 Thread 0x000001bcbd6d4e40 97654       4       com.seibel.distanthorizons.common.wrappers.minecraft.MinecraftGLWrapper::glDeleteBuffers (5 bytes)
Event: 573.894 Thread 0x000001b890d42810 97655       4       org.lwjgl.opengl.GL15::glDeleteBuffers (5 bytes)
Event: 573.895 Thread 0x000001b890d31cf0 nmethod 97653 0x000001b89604f210 code [0x000001b89604f5c0, 0x000001b896050ba8]
Event: 573.896 Thread 0x000001bcbd6d5be0 nmethod 97651 0x000001b89d514610 code [0x000001b89d5147a0, 0x000001b89d514918]
Event: 573.897 Thread 0x000001bcbd6d62b0 97656       3       org.lwjgl.opengl.GLDebugMessageCallbackI::callback (97 bytes)
Event: 573.897 Thread 0x000001b890d31cf0 97657       3       org.lwjgl.opengl.GLUtil$$Lambda/0x0000000083b3f7e8::invoke (19 bytes)
Event: 573.897 Thread 0x000001b890d31cf0 nmethod 97657 0x000001b896e26990 code [0x000001b896e26b40, 0x000001b896e26cc0]
Event: 573.898 Thread 0x000001b890d31cf0 97658       3       org.lwjgl.opengl.GLUtil::lambda$setupDebugMessageCallback$0 (107 bytes)
Event: 573.898 Thread 0x000001bcbd6d62b0 nmethod 97656 0x000001b895a0ae90 code [0x000001b895a0b1c0, 0x000001b895a0c598]
Event: 573.898 Thread 0x000001bcbd6d62b0 97659       3       org.lwjgl.opengl.GLUtil::getDebugSource (63 bytes)
Event: 573.899 Thread 0x000001bcbd6d62b0 nmethod 97659 0x000001b896cd7290 code [0x000001b896cd7480, 0x000001b896cd7820]
Event: 573.899 Thread 0x000001bcbd6d62b0 97660       3       org.lwjgl.opengl.GLUtil::getDebugType (94 bytes)
Event: 573.899 Thread 0x000001bcbd6d62b0 nmethod 97660 0x000001b896d74a90 code [0x000001b896d74c80, 0x000001b896d75078]
Event: 573.900 Thread 0x000001b890d31cf0 nmethod 97658 0x000001b89714dd10 code [0x000001b89714e380, 0x000001b897150ae8]
Event: 573.900 Thread 0x000001bcbd6d62b0 97661       3       org.lwjgl.opengl.GLUtil::getDebugSeverity (61 bytes)
Event: 573.900 Thread 0x000001bcbd6d62b0 nmethod 97661 0x000001b896ce4b90 code [0x000001b896ce4d60, 0x000001b896ce5058]
Event: 573.900 Thread 0x000001bcbd6d62b0 97662       3       org.lwjgl.opengl.GLDebugMessageCallback::getMessage (9 bytes)
Event: 573.901 Thread 0x000001b890d31cf0 97663       3       org.lwjgl.system.MemoryUtil::memUTF8 (12 bytes)
Event: 573.901 Thread 0x000001bcbd6d62b0 nmethod 97662 0x000001b895d64e10 code [0x000001b895d65040, 0x000001b895d65700]
Event: 573.901 Thread 0x000001b890d31cf0 nmethod 97663 0x000001b896f11790 code [0x000001b896f11960, 0x000001b896f11c88]
Event: 573.902 Thread 0x000001bcbd6d84c0 nmethod 97652 0x000001b89caae810 code [0x000001b89caaea00, 0x000001b89caaee40]
Event: 573.902 Thread 0x000001b890d42810 nmethod 97655 0x000001b89cbee090 code [0x000001b89cbee280, 0x000001b89cbee6c0]
Event: 573.904 Thread 0x000001bcbd6d4e40 nmethod 97654 0x000001b89e390190 code [0x000001b89e390380, 0x000001b89e390800]
Event: 573.928 Thread 0x000001bcbd6d5be0 97664 %     4       java.io.OutputStream::write @ 11 (34 bytes)
Event: 573.933 Thread 0x000001bcbd6d5be0 nmethod 97664% 0x000001b89dc58a90 code [0x000001b89dc58c80, 0x000001b89dc59920]
Event: 573.961 Thread 0x000001bcbd6d4e40 97665       4       java.io.OutputStream::write (34 bytes)
Event: 573.961 Thread 0x000001b890d31cf0 97666       3       com.seibel.distanthorizons.core.util.objects.GLMessages.GLMessageBuilder$$Lambda/0x0000000083e41fb8::accept (20 bytes)
Event: 573.961 Thread 0x000001bcbd6d62b0 97667       3       com.seibel.distanthorizons.core.util.objects.GLMessages.GLMessageBuilder::lambda$runNextNewParserStage$0 (23 bytes)
Event: 573.962 Thread 0x000001bcbd6d9260 nmethod 97649% 0x000001b89d6ed890 code [0x000001b89d6ee1c0, 0x000001b89d6f5920]
Event: 573.962 Thread 0x000001bcbd6d62b0 nmethod 97667 0x000001b89515ec10 code [0x000001b89515ee20, 0x000001b89515f448]
Event: 573.962 Thread 0x000001b890d31cf0 nmethod 97666 0x000001b894d53610 code [0x000001b894d53840, 0x000001b894d54040]
Event: 573.962 Thread 0x000001b890d31cf0 97668       3       com.seibel.distanthorizons.core.util.objects.GLMessages.GLMessageBuilder$$Lambda/0x0000000083e421e0::accept (20 bytes)
Event: 573.962 Thread 0x000001bcbd6d62b0 97669       3       com.seibel.distanthorizons.core.util.objects.GLMessages.GLMessageBuilder::lambda$runNextNewParserStage$1 (30 bytes)
Event: 573.963 Thread 0x000001bcbd6d6980 97670       3       com.seibel.distanthorizons.core.util.objects.GLMessages.EGLMessageSource::get (14 bytes)
Event: 573.963 Thread 0x000001bcbd6da6d0 97671       3       com.seibel.distanthorizons.core.util.objects.GLMessages.GLMessageBuilder$$Lambda/0x0000000083e42828::accept (20 bytes)
Event: 573.963 Thread 0x000001b890d31cf0 nmethod 97668 0x000001b895142d90 code [0x000001b895143020, 0x000001b895143c40]
Event: 573.963 Thread 0x000001bcbd6d62b0 nmethod 97669 0x000001b8955e2890 code [0x000001b8955e2b00, 0x000001b8955e3540]
Event: 573.963 Thread 0x000001bcbd6d6980 nmethod 97670 0x000001b895d37b10 code [0x000001b895d37d40, 0x000001b895d383f8]
Event: 573.964 Thread 0x000001b890d31cf0 97672       3       com.seibel.distanthorizons.core.util.objects.GLMessages.GLMessageBuilder::lambda$runNextNewParserStage$2 (30 bytes)
Event: 573.964 Thread 0x000001bcbd6d6980 97673       3       com.seibel.distanthorizons.core.util.objects.GLMessages.EGLMessageType::get (14 bytes)
Event: 573.964 Thread 0x000001bcbd6d62b0 97674       3       com.seibel.distanthorizons.core.util.objects.GLMessages.GLMessageBuilder$$Lambda/0x0000000083e42c38::accept (20 bytes)
Event: 573.964 Thread 0x000001bcbd6da6d0 nmethod 97671 0x000001b8952a6a10 code [0x000001b8952a6ca0, 0x000001b8952a78c0]
Event: 573.964 Thread 0x000001bcbd6d6980 nmethod 97673 0x000001b895e61e10 code [0x000001b895e62040, 0x000001b895e626f8]
Event: 573.964 Thread 0x000001bcbd6da6d0 97675       3       com.seibel.distanthorizons.core.util.objects.GLMessages.GLMessageBuilder::lambda$runNextNewParserStage$3 (30 bytes)
Event: 573.964 Thread 0x000001b890d31cf0 nmethod 97672 0x000001b895cec590 code [0x000001b895cec800, 0x000001b895ced240]
Event: 573.964 Thread 0x000001bcbd6d6980 97676       3       com.seibel.distanthorizons.core.util.objects.GLMessages.EGLMessageSeverity::get (14 bytes)
Event: 573.965 Thread 0x000001bcbd6d62b0 nmethod 97674 0x000001b895336b10 code [0x000001b895336da0, 0x000001b8953379c0]
Event: 573.965 Thread 0x000001b890d31cf0 97677       3       com.seibel.distanthorizons.core.util.objects.GLMessages.GLMessageBuilder$$Lambda/0x0000000083e43048::accept (20 bytes)
Event: 573.965 Thread 0x000001bcbd6da6d0 nmethod 97675 0x000001b895ee7f10 code [0x000001b895ee8180, 0x000001b895ee8bc0]
Event: 573.965 Thread 0x000001bcbd6d6980 nmethod 97676 0x000001b895f4c710 code [0x000001b895f4c940, 0x000001b895f4cff8]
Event: 573.965 Thread 0x000001bcbd6d62b0 97678       3       com.seibel.distanthorizons.core.util.objects.GLMessages.GLMessageBuilder::lambda$runNextNewParserStage$4 (23 bytes)
Event: 573.965 Thread 0x000001bcbd6d6980 97679       3       com.seibel.distanthorizons.common.render.openGl.glObject.GLProxy$$Lambda/0x0000000083b71230::apply (8 bytes)
Event: 573.965 Thread 0x000001bcbd6da6d0 97680       3       com.seibel.distanthorizons.common.render.openGl.glObject.GLProxy::lambda$new$0 (41 bytes)
Event: 573.965 Thread 0x000001b890d31cf0 nmethod 97677 0x000001b894dbb110 code [0x000001b894dbb340, 0x000001b894dbbb40]
Event: 573.966 Thread 0x000001bcbd6d62b0 nmethod 97678 0x000001b895f59490 code [0x000001b895f596a0, 0x000001b895f59cc8]
Event: 573.966 Thread 0x000001bcbd6d6980 nmethod 97679 0x000001b896d43290 code [0x000001b896d43440, 0x000001b896d43650]
Event: 573.966 Thread 0x000001bcbd6da6d0 nmethod 97680 0x000001b8970cac10 code [0x000001b8970cae00, 0x000001b8970cb200]
Event: 573.966 Thread 0x000001b890d31cf0 97681       3       com.seibel.distanthorizons.common.render.openGl.glObject.GLProxy$$Lambda/0x0000000083b71698::apply (8 bytes)
Event: 573.966 Thread 0x000001bcbd6d62b0 97682       3       com.seibel.distanthorizons.common.render.openGl.glObject.GLProxy::lambda$new$1 (17 bytes)
Event: 573.966 Thread 0x000001bcbd6d6980 97683       3       com.seibel.distanthorizons.common.render.openGl.glObject.GLProxy$$Lambda/0x0000000083b71ac8::accept (8 bytes)
Event: 573.966 Thread 0x000001bcbd6da6d0 97684       3       com.seibel.distanthorizons.common.render.openGl.glObject.GLProxy::logMessage (294 bytes)
Event: 573.966 Thread 0x000001bcbd6d62b0 nmethod 97682 0x000001b896ddb490 code [0x000001b896ddb640, 0x000001b896ddb890]
Event: 573.967 Thread 0x000001b890d31cf0 nmethod 97681 0x000001b897018790 code [0x000001b897018960, 0x000001b897018d00]
Event: 573.967 Thread 0x000001bcbd6d6980 nmethod 97683 0x000001b896f13d90 code [0x000001b896f13f40, 0x000001b896f14150]
Event: 573.968 Thread 0x000001bcbd6da6d0 nmethod 97684 0x000001b894bcf610 code [0x000001b894bcfa60, 0x000001b894bd1ce0]
Event: 573.972 Thread 0x000001bcbd6d4e40 nmethod 97665 0x000001b89c90b090 code [0x000001b89c90b280, 0x000001b89c90be38]
Event: 573.975 Thread 0x000001bcbd6d7df0 97685   !   4       java.nio.charset.Charset::defaultCharset (52 bytes)
Event: 573.975 Thread 0x000001bcbd6d7df0 nmethod 97685 0x000001b89d147290 code [0x000001b89d147420, 0x000001b89d147490]
Event: 573.999 Thread 0x000001bcbd6da6d0 97686       3       com.yungnickyoung.minecraft.bettermineshafts.world.generator.pieces.SmallTunnel$$Lambda/0x0000000083db5be0::accept (12 bytes)
Event: 573.999 Thread 0x000001bcbd6d6980 97687       3       com.yungnickyoung.minecraft.bettermineshafts.world.generator.pieces.SmallTunnel::lambda$addAdditionalSaveData$0 (13 bytes)
Event: 574.000 Thread 0x000001bcbd6da6d0 nmethod 97686 0x000001b895a68710 code [0x000001b895a68940, 0x000001b895a69228]
Event: 574.000 Thread 0x000001bcbd6d6980 nmethod 97687 0x000001b894e17b90 code [0x000001b894e17da0, 0x000001b894e184f8]
Event: 574.048 Thread 0x000001bcbd6d4e40 97688       4       net.minecraft.client.gui.components.ChatComponent::getLinesPerPage (10 bytes)
Event: 574.051 Thread 0x000001bcbd6d4e40 nmethod 97688 0x000001b89d338b10 code [0x000001b89d338d40, 0x000001b89d3393c0]
Event: 574.059 Thread 0x000001bcbd6d7df0 97689       4       com.seibel.distanthorizons.core.util.objects.GLMessages.GLMessageOutputStream::flush (39 bytes)
Event: 574.081 Thread 0x000001bcbd6d7df0 nmethod 97689 0x000001b89cb46210 code [0x000001b89cb46580, 0x000001b89cb47e98]
Event: 574.361 Thread 0x000001bcbd6d84c0 97690       4       java.nio.ByteBuffer::flip (7 bytes)
Event: 574.361 Thread 0x000001bcbd6d84c0 nmethod 97690 0x000001b89d156a10 code [0x000001b89d156ba0, 0x000001b89d156c30]
Event: 574.364 Thread 0x000001bcbd6d62b0 97691       3       net.minecraft.client.gui.components.ChatComponent::getMessageLineIndexAt (113 bytes)
Event: 574.364 Thread 0x000001bcbd6d62b0 nmethod 97691 0x000001b8981c9b90 code [0x000001b8981c9ea0, 0x000001b8981caea8]
Event: 574.511 Thread 0x000001bcbd6d84c0 97692       4       sun.nio.cs.StreamEncoder::lockedWrite (53 bytes)
Event: 574.512 Thread 0x000001bcbd6d7df0 97693       4       sun.nio.cs.StreamEncoder::implWrite (145 bytes)
Event: 574.512 Thread 0x000001b890d42810 97694   !   4       sun.nio.cs.StreamEncoder::write (82 bytes)
Event: 574.524 Thread 0x000001bcbd6d7df0 nmethod 97693 0x000001b89d926b10 code [0x000001b89d926dc0, 0x000001b89d927f38]
Event: 574.524 Thread 0x000001bcbd6d7df0 97695       4       sun.nio.cs.StreamEncoder::growByteBufferIfNeeded (59 bytes)
Event: 574.527 Thread 0x000001bcbd6d84c0 nmethod 97692 0x000001b89d7fab10 code [0x000001b89d7fade0, 0x000001b89d7fc278]
Event: 574.530 Thread 0x000001bcbd6d7df0 nmethod 97695 0x000001b89ccae010 code [0x000001b89ccae200, 0x000001b89ccaea08]
Event: 574.531 Thread 0x000001b890d42810 nmethod 97694 0x000001b89ca6fb10 code [0x000001b89ca6fec0, 0x000001b89ca71d50]
Event: 574.612 Thread 0x000001b890d31cf0 97696       3       it.unimi.dsi.fastutil.ints.Int2ReferenceOpenHashMap$MapEntrySet::<init> (6 bytes)
Event: 574.612 Thread 0x000001bcbd6d62b0 97697       3       it.unimi.dsi.fastutil.ints.Int2ReferenceOpenHashMap$MapEntrySet::<init> (10 bytes)
Event: 574.612 Thread 0x000001bcbd6d62b0 nmethod 97697 0x000001b895616f90 code [0x000001b895617160, 0x000001b895617458]
Event: 574.612 Thread 0x000001b890d31cf0 nmethod 97696 0x000001b897a94590 code [0x000001b897a94760, 0x000001b897a94ab8]
Event: 574.684 Thread 0x000001b890d42810 97698       4       dev.worldgen.lithostitched.worldgen.structure.AlternateJigsawGenerator$StructurePoolGenerator::findValidChildPiece (959 bytes)
Event: 574.798 Thread 0x000001bcbd6d7df0 97699   !   4       java.io.PrintStream::write (94 bytes)
Event: 574.811 Thread 0x000001bcbd6d7df0 nmethod 97699 0x000001b8a04ea010 code [0x000001b8a04ea4a0, 0x000001b8a04ecbf8]
Event: 574.821 Thread 0x000001b890d42810 nmethod 97698 0x000001b8a0110910 code [0x000001b8a01112c0, 0x000001b8a0119990]
Event: 575.065 Thread 0x000001b890d42810 97700       4       dev.hybridlabs.aquatic.entity.shark.HybridAquaticSharkEntity$$Lambda/0x0000000083df6888::handle (9 bytes)
Event: 575.065 Thread 0x000001bcbd6d7df0 97701       4       dev.hybridlabs.aquatic.entity.shark.HybridAquaticSharkEntity::registerControllers$lambda$0 (63 bytes)
Event: 575.070 Thread 0x000001bcbd6d7df0 nmethod 97701 0x000001b89d978a10 code [0x000001b89d978c80, 0x000001b89d9795d0]
Event: 575.071 Thread 0x000001b890d42810 nmethod 97700 0x000001b89d18fe90 code [0x000001b89d190100, 0x000001b89d190aa8]
Event: 575.288 Thread 0x000001b890d31cf0 97702       1       net.neoforged.neoforge.client.event.InputEvent$MouseButton::getButton (5 bytes)
Event: 575.289 Thread 0x000001b890d31cf0 nmethod 97702 0x000001b89d157690 code [0x000001b89d157820, 0x000001b89d1578e8]
Event: 575.317 Thread 0x000001b890d42810 97703       4       sun.nio.cs.StreamEncoder::writeBytes (139 bytes)
Event: 575.320 Thread 0x000001b890d42810 nmethod 97703 0x000001b89cd4f310 code [0x000001b89cd4f4e0, 0x000001b89cd4f880]
Event: 575.342 Thread 0x000001b890d42810 97704   !   4       java.io.BufferedWriter::flushBuffer (63 bytes)
Event: 575.346 Thread 0x000001b890d42810 nmethod 97704 0x000001b89dcd2b90 code [0x000001b89dcd2e00, 0x000001b89dcd39e0]
Event: 575.355 Thread 0x000001b890d42810 97705       4       org.lwjgl.system.MultiReleaseTextDecoding::decodeUTF8 (56 bytes)
Event: 575.364 Thread 0x000001b890d42810 nmethod 97705 0x000001b89d3e2290 code [0x000001b89d3e24a0, 0x000001b89d3e2c00]
Event: 575.415 Thread 0x000001b890d42810 97706       4       java.io.PrintStream::implWrite (50 bytes)
Event: 575.423 Thread 0x000001b890d42810 nmethod 97706 0x000001b89d8cf410 code [0x000001b89d8cf820, 0x000001b89d8d1758]
Event: 575.439 Thread 0x000001b890d31cf0 97707       3       java.text.DigitList::set (176 bytes)
Event: 575.439 Thread 0x000001b890d42810 97708   !   4       java.io.PrintStream::write (81 bytes)
Event: 575.440 Thread 0x000001b890d31cf0 nmethod 97707 0x000001b896048590 code [0x000001b8960487a0, 0x000001b896048e60]
Event: 575.444 Thread 0x000001b890d42810 nmethod 97708 0x000001b89d534a90 code [0x000001b89d534d20, 0x000001b89d535b58]
Event: 575.450 Thread 0x000001b890d42810 97709       4       net.minecraft.world.entity.ai.behavior.TradeWithVillager::canStillUse (11 bytes)
Event: 575.452 Thread 0x000001b890d42810 nmethod 97709 0x000001b89d1d5610 code [0x000001b89d1d57c0, 0x000001b89d1d59a8]
Event: 575.502 Thread 0x000001b890d42810 97710       4       net.minecraft.world.entity.ai.behavior.TradeWithVillager::tick (11 bytes)
Event: 575.528 Thread 0x000001b890d42810 nmethod 97710 0x000001b89f5c4310 code [0x000001b89f5c4920, 0x000001b89f5c8210]
Event: 575.543 Thread 0x000001b890d31cf0 97711       1       de.maxhenkel.voicechat.voice.client.MicrophoneProcessor::isWhispering (5 bytes)
Event: 575.543 Thread 0x000001b890d31cf0 nmethod 97711 0x000001b89d15bc90 code [0x000001b89d15be20, 0x000001b89d15bef0]
Event: 575.596 Thread 0x000001b890d42810 97712       4       com.seibel.distanthorizons.core.util.objects.GLMessages.GLMessageBuilder::doesMessagePassFilters (95 bytes)
Event: 575.598 Thread 0x000001b890d42810 nmethod 97712 0x000001b89cf3b290 code [0x000001b89cf3b460, 0x000001b89cf3b800]
Event: 575.626 Thread 0x000001b890d42810 97713       4       org.lwjgl.opengl.GLDebugMessageCallbackI::callback (97 bytes)
Event: 575.703 Thread 0x000001b890d42810 nmethod 97713 0x000001b89e5d3d90 code [0x000001b89e5d47a0, 0x000001b89e5dccf8]
Event: 575.704 Thread 0x000001b890d42810 97716       4       dev.hybridlabs.aquatic.client.model.entity.shark.HybridAquaticSharkEntityModel::setCustomAnimations (12 bytes)
Event: 575.705 Thread 0x000001bcbd6d84c0 97717       4       dev.hybridlabs.aquatic.client.model.entity.shark.HybridAquaticSharkEntityModel::setCustomAnimations (298 bytes)
Event: 575.708 Thread 0x000001b890d42810 nmethod 97716 0x000001b89cd6be90 code [0x000001b89cd6c160, 0x000001b89cd6c830]
Event: 575.708 Thread 0x000001b890d42810 97714       4       com.seibel.distanthorizons.core.util.objects.GLMessages.GLMessageBuilder::lambda$runNextNewParserStage$0 (23 bytes)
Event: 575.708 Thread 0x000001bcbd6d84c0 nmethod 97717 0x000001b89cde9c10 code [0x000001b89cde9ec0, 0x000001b89cdea560]
Event: 575.708 Thread 0x000001bcbd6d84c0 97715       4       org.lwjgl.opengl.GLUtil::lambda$setupDebugMessageCallback$0 (107 bytes)
Event: 575.710 Thread 0x000001b890d42810 nmethod 97714 0x000001b89d22ad10 code [0x000001b89d22af00, 0x000001b89d22b5e8]
Event: 575.795 Thread 0x000001bcbd6d84c0 nmethod 97715 0x000001b89d020090 code [0x000001b89d020ae0, 0x000001b89d029b50]
Event: 575.843 Thread 0x000001bcbd6d84c0 97718       4       com.seibel.distanthorizons.core.util.objects.GLMessages.GLMessageBuilder::lambda$runNextNewParserStage$1 (30 bytes)
Event: 575.843 Thread 0x000001b890d42810 97719       4       com.seibel.distanthorizons.core.util.objects.GLMessages.GLMessageBuilder::lambda$runNextNewParserStage$2 (30 bytes)
Event: 575.867 Thread 0x000001bcbd6d84c0 nmethod 97718 0x000001b89c876910 code [0x000001b89c876c20, 0x000001b89c8784f8]
Event: 575.867 Thread 0x000001b890d42810 nmethod 97719 0x000001b89c889890 code [0x000001b89c889ba0, 0x000001b89c88b478]
Event: 575.870 Thread 0x000001bcbd6d84c0 97720       4       com.seibel.distanthorizons.core.util.objects.GLMessages.GLMessageBuilder::lambda$runNextNewParserStage$3 (30 bytes)
Event: 575.870 Thread 0x000001b890d42810 97721       4       com.seibel.distanthorizons.core.util.objects.GLMessages.GLMessageBuilder::lambda$runNextNewParserStage$4 (23 bytes)
Event: 575.873 Thread 0x000001b890d42810 nmethod 97721 0x000001b89d30ce10 code [0x000001b89d30d000, 0x000001b89d30d6e8]
Event: 575.874 Thread 0x000001b890d42810 97722       4       com.seibel.distanthorizons.common.render.openGl.glObject.GLProxy::logMessage (294 bytes)
Event: 575.875 Thread 0x000001b890d42810 nmethod 97722 0x000001b89d2fed10 code [0x000001b89d2feec0, 0x000001b89d2ff0e0]
Event: 575.886 Thread 0x000001bcbd6d84c0 nmethod 97720 0x000001b89cc2bb90 code [0x000001b89cc2bea0, 0x000001b89cc2d778]
Event: 576.287 Thread 0x000001bcbd6d84c0 97723       4       team.lodestar.lodestone.handlers.ItemEventHandler::addAttributeTooltips (30 bytes)
Event: 576.288 Thread 0x000001bcbd6d84c0 nmethod 97723 0x000001b89d533990 code [0x000001b89d533b20, 0x000001b89d533cf8]
Event: 576.351 Thread 0x000001bcbd6d84c0 97724       4       net.minecraft.world.entity.ai.village.poi.PoiType$$Lambda/0x0000000080d96528::test (8 bytes)
Event: 576.352 Thread 0x000001bcbd6d84c0 nmethod 97724 0x000001b89d164d90 code [0x000001b89d164f20, 0x000001b89d164fd0]
Event: 576.449 Thread 0x000001bcbd6d84c0 97725       4       net.minecraft.world.entity.ai.behavior.BehaviorUtils$$Lambda/0x0000000083da3668::test (12 bytes)
Event: 576.451 Thread 0x000001bcbd6d84c0 nmethod 97725 0x000001b89dbe6110 code [0x000001b89dbe62a0, 0x000001b89dbe6420]
Event: 576.993 Thread 0x000001b890d31cf0 97726       3       net.minecraft.world.level.block.LecternBlock::getCollisionShape (4 bytes)
Event: 576.994 Thread 0x000001b890d31cf0 nmethod 97726 0x000001b896d0f010 code [0x000001b896d0f1a0, 0x000001b896d0f2b8]
Event: 577.070 Thread 0x000001b890d31cf0 97727       3       software.bernie.geckolib.animation.keyframe.BoneAnimationQueue::addNextScale (58 bytes)
Event: 577.070 Thread 0x000001b890d42810 97728       4       software.bernie.geckolib.animation.state.BoneSnapshot::<init> (112 bytes)
Event: 577.071 Thread 0x000001b890d31cf0 nmethod 97727 0x000001b8970e4190 code [0x000001b8970e4360, 0x000001b8970e4698]
Event: 577.071 Thread 0x000001b890d31cf0 97729       3       software.bernie.geckolib.animation.state.BoneSnapshot::stopRotAnim (11 bytes)
Event: 577.071 Thread 0x000001b890d31cf0 nmethod 97729 0x000001b896fdf590 code [0x000001b896fdf720, 0x000001b896fdf838]
Event: 577.072 Thread 0x000001b890d42810 nmethod 97728 0x000001b89d585210 code [0x000001b89d5853a0, 0x000001b89d585548]
Event: 577.077 Thread 0x000001b890d42810 97730       4       software.bernie.geckolib.animation.keyframe.AnimationPoint::<init> (33 bytes)
Event: 577.078 Thread 0x000001b890d42810 nmethod 97730 0x000001b89d166310 code [0x000001b89d1664a0, 0x000001b89d1665c0]
Event: 577.090 Thread 0x000001b890d42810 97731       4       net.minecraft.world.entity.LivingEntity::onAttributeUpdated (66 bytes)
Event: 577.098 Thread 0x000001b890d31cf0 97732       3       net.minecraft.world.level.block.WallBlock::mirror (123 bytes)
Event: 577.098 Thread 0x000001b890d31cf0 nmethod 97732 0x000001b894edbf90 code [0x000001b894edc240, 0x000001b894edd178]
Event: 577.098 Thread 0x000001b890d31cf0 97733       3       net.minecraft.world.level.block.WallBlock::rotate (272 bytes)
Event: 577.099 Thread 0x000001b890d31cf0 nmethod 97733 0x000001b895cd7c10 code [0x000001b895cd8080, 0x000001b895cda9b0]
Event: 577.102 Thread 0x000001b890d42810 nmethod 97731 0x000001b8a0a93c90 code [0x000001b8a0a940a0, 0x000001b8a0a95ed8]
Event: 577.294 Thread 0x000001b890d42810 97734       4       com.seibel.distanthorizons.common.wrappers.minecraft.MinecraftGLWrapper::glGenBuffers (4 bytes)
Event: 577.297 Thread 0x000001b890d42810 nmethod 97734 0x000001b89d3e9210 code [0x000001b89d3e9420, 0x000001b89d3e98d0]
Event: 577.297 Thread 0x000001b890d42810 97735       4       org.lwjgl.opengl.GL15::glGenBuffers (4 bytes)
Event: 577.302 Thread 0x000001b890d42810 nmethod 97735 0x000001b89d523e90 code [0x000001b89d5240a0, 0x000001b89d524540]
Event: 577.307 Thread 0x000001b890d31cf0 97736       3       software.bernie.geckolib.animation.keyframe.BoneAnimationQueue::addScaleXPoint (24 bytes)
Event: 577.308 Thread 0x000001b890d31cf0 nmethod 97736 0x000001b896b23d90 code [0x000001b896b23f60, 0x000001b896b24430]
Event: 577.308 Thread 0x000001b890d31cf0 97737       3       software.bernie.geckolib.animation.keyframe.BoneAnimationQueue::addScaleYPoint (24 bytes)
Event: 577.308 Thread 0x000001b890d31cf0 nmethod 97737 0x000001b896b3da90 code [0x000001b896b3dc60, 0x000001b896b3e130]
Event: 577.308 Thread 0x000001b890d31cf0 97738       3       software.bernie.geckolib.animation.keyframe.BoneAnimationQueue::addScaleZPoint (24 bytes)
Event: 577.308 Thread 0x000001b890d31cf0 nmethod 97738 0x000001b896bab090 code [0x000001b896bab260, 0x000001b896bab730]
Event: 577.355 Thread 0x000001b890d42810 97739       4       org.lwjgl.glfw.GLFW::glfwGetCurrentContext (9 bytes)
Event: 577.356 Thread 0x000001b890d42810 nmethod 97739 0x000001b89d167310 code [0x000001b89d1674a0, 0x000001b89d167540]
Event: 577.356 Thread 0x000001b890d42810 97740       4       com.seibel.distanthorizons.common.render.openGl.glObject.GLProxy::runningOnRenderThread (16 bytes)
Event: 577.357 Thread 0x000001b890d42810 nmethod 97740 0x000001b89d99f190 code [0x000001b89d99f320, 0x000001b89d99f3f0]
Event: 577.370 Thread 0x000001b890d31cf0 97741       3       com.seibel.distanthorizons.common.render.openGl.glObject.buffer.GLBuffer::destroyOldAndCreate (99 bytes)
Event: 577.370 Thread 0x000001b890d42810 97742       4       java.lang.ref.PhantomReference::<init> (7 bytes)
Event: 577.371 Thread 0x000001b890d31cf0 nmethod 97741 0x000001b894c63990 code [0x000001b894c63d20, 0x000001b894c650f0]
Event: 577.371 Thread 0x000001b890d42810 nmethod 97742 0x000001b89dc8ea90 code [0x000001b89dc8ec20, 0x000001b89dc8edf0]
Event: 577.396 Thread 0x000001b890d42810 97743       4       java.util.LinkedList::linkLast (59 bytes)
Event: 577.397 Thread 0x000001b890d42810 nmethod 97743 0x000001b89cab4510 code [0x000001b89cab46c0, 0x000001b89cab4a18]
Event: 577.490 Thread 0x000001b890d42810 97744   !   4       org.lwjgl.opengl.GL15C::glGenBuffers (46 bytes)
Event: 577.493 Thread 0x000001b890d42810 nmethod 97744 0x000001b89d784490 code [0x000001b89d7846a0, 0x000001b89d784b40]
Event: 577.655 Thread 0x000001b890d31cf0 97745       1       com.mojang.brigadier.suggestion.SuggestionsBuilder::getRemaining (5 bytes)
Event: 577.655 Thread 0x000001b890d31cf0 nmethod 97745 0x000001b89d174310 code [0x000001b89d1744a0, 0x000001b89d174598]
Event: 577.696 Thread 0x000001b890d31cf0 97746       3       net.minecraft.world.level.SignalGetter::getDirectSignal (14 bytes)
Event: 577.696 Thread 0x000001b890d31cf0 nmethod 97746 0x000001b896f5de90 code [0x000001b896f5e040, 0x000001b896f5e2e0]
Event: 577.696 Thread 0x000001b890d31cf0 97747       3       net.minecraft.world.level.block.state.BlockBehaviour$BlockStateBase::getDirectSignal (15 bytes)
Event: 577.696 Thread 0x000001b890d31cf0 nmethod 97747 0x000001b896e06f10 code [0x000001b896e070e0, 0x000001b896e07510]

GC Heap History (250 events):
Event: 425.561 GC heap before
{Heap before GC invocations=300 (full 18):
 ZHeap           used 6192M, capacity 16384M, max capacity 16384M
 Metaspace       used 369117K, committed 373376K, reserved 1376256K
  class space    used 61657K, committed 63552K, reserved 1048576K
}
Event: 425.921 GC heap after
{Heap after GC invocations=301 (full 18):
 ZHeap           used 5066M, capacity 16384M, max capacity 16384M
 Metaspace       used 369170K, committed 373440K, reserved 1376256K
  class space    used 61662K, committed 63552K, reserved 1048576K
}
Event: 426.487 GC heap before
{Heap before GC invocations=301 (full 18):
 ZHeap           used 8020M, capacity 16384M, max capacity 16384M
 Metaspace       used 369173K, committed 373440K, reserved 1376256K
  class space    used 61662K, committed 63552K, reserved 1048576K
}
Event: 426.661 GC heap after
{Heap after GC invocations=302 (full 18):
 ZHeap           used 4270M, capacity 16384M, max capacity 16384M
 Metaspace       used 369174K, committed 373440K, reserved 1376256K
  class space    used 61662K, committed 63552K, reserved 1048576K
}
Event: 427.552 GC heap before
{Heap before GC invocations=302 (full 18):
 ZHeap           used 9716M, capacity 16384M, max capacity 16384M
 Metaspace       used 369188K, committed 373440K, reserved 1376256K
  class space    used 61662K, committed 63552K, reserved 1048576K
}
Event: 427.969 GC heap after
{Heap after GC invocations=303 (full 18):
 ZHeap           used 6372M, capacity 16384M, max capacity 16384M
 Metaspace       used 369262K, committed 373504K, reserved 1376256K
  class space    used 61677K, committed 63552K, reserved 1048576K
}
Event: 428.397 GC heap before
{Heap before GC invocations=303 (full 18):
 ZHeap           used 9650M, capacity 16384M, max capacity 16384M
 Metaspace       used 369268K, committed 373504K, reserved 1376256K
  class space    used 61678K, committed 63552K, reserved 1048576K
}
Event: 428.567 GC heap after
{Heap after GC invocations=304 (full 18):
 ZHeap           used 4758M, capacity 16384M, max capacity 16384M
 Metaspace       used 369333K, committed 373632K, reserved 1376256K
  class space    used 61691K, committed 63616K, reserved 1048576K
}
Event: 430.448 GC heap before
{Heap before GC invocations=304 (full 18):
 ZHeap           used 12320M, capacity 16384M, max capacity 16384M
 Metaspace       used 369354K, committed 373632K, reserved 1376256K
  class space    used 61691K, committed 63616K, reserved 1048576K
}
Event: 430.710 GC heap after
{Heap after GC invocations=305 (full 18):
 ZHeap           used 5846M, capacity 16384M, max capacity 16384M
 Metaspace       used 369354K, committed 373632K, reserved 1376256K
  class space    used 61691K, committed 63616K, reserved 1048576K
}
Event: 431.738 GC heap before
{Heap before GC invocations=305 (full 18):
 ZHeap           used 11918M, capacity 16384M, max capacity 16384M
 Metaspace       used 369355K, committed 373632K, reserved 1376256K
  class space    used 61691K, committed 63616K, reserved 1048576K
}
Event: 431.972 GC heap after
{Heap after GC invocations=306 (full 18):
 ZHeap           used 5018M, capacity 16384M, max capacity 16384M
 Metaspace       used 369356K, committed 373632K, reserved 1376256K
  class space    used 61691K, committed 63616K, reserved 1048576K
}
Event: 433.158 GC heap before
{Heap before GC invocations=306 (full 18):
 ZHeap           used 11452M, capacity 16384M, max capacity 16384M
 Metaspace       used 369381K, committed 373632K, reserved 1376256K
  class space    used 61696K, committed 63616K, reserved 1048576K
}
Event: 433.416 GC heap after
{Heap after GC invocations=307 (full 18):
 ZHeap           used 5172M, capacity 16384M, max capacity 16384M
 Metaspace       used 369381K, committed 373632K, reserved 1376256K
  class space    used 61696K, committed 63616K, reserved 1048576K
}
Event: 434.442 GC heap before
{Heap before GC invocations=307 (full 18):
 ZHeap           used 12290M, capacity 16384M, max capacity 16384M
 Metaspace       used 369382K, committed 373632K, reserved 1376256K
  class space    used 61696K, committed 63616K, reserved 1048576K
}
Event: 434.804 GC heap after
{Heap after GC invocations=308 (full 18):
 ZHeap           used 6712M, capacity 16384M, max capacity 16384M
 Metaspace       used 369382K, committed 373632K, reserved 1376256K
  class space    used 61696K, committed 63616K, reserved 1048576K
}
Event: 434.987 GC heap before
{Heap before GC invocations=308 (full 18):
 ZHeap           used 7894M, capacity 16384M, max capacity 16384M
 Metaspace       used 369382K, committed 373632K, reserved 1376256K
  class space    used 61696K, committed 63616K, reserved 1048576K
}
Event: 435.219 GC heap after
{Heap after GC invocations=309 (full 19):
 ZHeap           used 4976M, capacity 16384M, max capacity 16384M
 Metaspace       used 369383K, committed 373632K, reserved 1376256K
  class space    used 61696K, committed 63616K, reserved 1048576K
}
Event: 435.219 GC heap before
{Heap before GC invocations=309 (full 19):
 ZHeap           used 4978M, capacity 16384M, max capacity 16384M
 Metaspace       used 369383K, committed 373632K, reserved 1376256K
  class space    used 61696K, committed 63616K, reserved 1048576K
}
Event: 435.867 GC heap before
{Heap before GC invocations=309 (full 19):
 ZHeap           used 9046M, capacity 16384M, max capacity 16384M
 Metaspace       used 369383K, committed 373632K, reserved 1376256K
  class space    used 61696K, committed 63616K, reserved 1048576K
}
Event: 436.077 GC heap after
{Heap after GC invocations=310 (full 19):
 ZHeap           used 4526M, capacity 16384M, max capacity 16384M
 Metaspace       used 369383K, committed 373632K, reserved 1376256K
  class space    used 61696K, committed 63616K, reserved 1048576K
}
Event: 437.185 GC heap before
{Heap before GC invocations=310 (full 19):
 ZHeap           used 10776M, capacity 16384M, max capacity 16384M
 Metaspace       used 369383K, committed 373632K, reserved 1376256K
  class space    used 61696K, committed 63616K, reserved 1048576K
}
Event: 437.509 GC heap after
{Heap after GC invocations=311 (full 19):
 ZHeap           used 5734M, capacity 16384M, max capacity 16384M
 Metaspace       used 369386K, committed 373632K, reserved 1376256K
  class space    used 61696K, committed 63616K, reserved 1048576K
}
Event: 438.544 GC heap before
{Heap before GC invocations=311 (full 19):
 ZHeap           used 10272M, capacity 16384M, max capacity 16384M
 Metaspace       used 369386K, committed 373632K, reserved 1376256K
  class space    used 61696K, committed 63616K, reserved 1048576K
}
Event: 438.723 GC heap after
{Heap after GC invocations=312 (full 19):
 ZHeap           used 4858M, capacity 16384M, max capacity 16384M
 Metaspace       used 369386K, committed 373632K, reserved 1376256K
  class space    used 61696K, committed 63616K, reserved 1048576K
}
Event: 439.092 GC heap after
{Heap after GC invocations=312 (full 19):
 ZHeap           used 6994M, capacity 16384M, max capacity 16384M
 Metaspace       used 369386K, committed 373632K, reserved 1376256K
  class space    used 61696K, committed 63616K, reserved 1048576K
}
Event: 439.962 GC heap before
{Heap before GC invocations=312 (full 19):
 ZHeap           used 11184M, capacity 16384M, max capacity 16384M
 Metaspace       used 369387K, committed 373632K, reserved 1376256K
  class space    used 61696K, committed 63616K, reserved 1048576K
}
Event: 440.218 GC heap after
{Heap after GC invocations=313 (full 19):
 ZHeap           used 4540M, capacity 16384M, max capacity 16384M
 Metaspace       used 369387K, committed 373632K, reserved 1376256K
  class space    used 61696K, committed 63616K, reserved 1048576K
}
Event: 441.380 GC heap before
{Heap before GC invocations=313 (full 19):
 ZHeap           used 11336M, capacity 16384M, max capacity 16384M
 Metaspace       used 369397K, committed 373632K, reserved 1376256K
  class space    used 61696K, committed 63616K, reserved 1048576K
}
Event: 441.651 GC heap after
{Heap after GC invocations=314 (full 19):
 ZHeap           used 4642M, capacity 16384M, max capacity 16384M
 Metaspace       used 369397K, committed 373632K, reserved 1376256K
  class space    used 61696K, committed 63616K, reserved 1048576K
}
Event: 442.691 GC heap before
{Heap before GC invocations=314 (full 19):
 ZHeap           used 7132M, capacity 16384M, max capacity 16384M
 Metaspace       used 369399K, committed 373632K, reserved 1376256K
  class space    used 61696K, committed 63616K, reserved 1048576K
}
Event: 443.004 GC heap after
{Heap after GC invocations=315 (full 19):
 ZHeap           used 3740M, capacity 16384M, max capacity 16384M
 Metaspace       used 369399K, committed 373632K, reserved 1376256K
  class space    used 61696K, committed 63616K, reserved 1048576K
}
Event: 443.972 GC heap before
{Heap before GC invocations=315 (full 19):
 ZHeap           used 5552M, capacity 16384M, max capacity 16384M
 Metaspace       used 369399K, committed 373632K, reserved 1376256K
  class space    used 61696K, committed 63616K, reserved 1048576K
}
Event: 444.306 GC heap after
{Heap after GC invocations=316 (full 19):
 ZHeap           used 3710M, capacity 16384M, max capacity 16384M
 Metaspace       used 369399K, committed 373632K, reserved 1376256K
  class space    used 61696K, committed 63616K, reserved 1048576K
}
Event: 446.036 GC heap before
{Heap before GC invocations=316 (full 19):
 ZHeap           used 7268M, capacity 16384M, max capacity 16384M
 Metaspace       used 369399K, committed 373632K, reserved 1376256K
  class space    used 61696K, committed 63616K, reserved 1048576K
}
Event: 446.098 GC heap after
{Heap after GC invocations=317 (full 19):
 ZHeap           used 3672M, capacity 16384M, max capacity 16384M
 Metaspace       used 369400K, committed 373632K, reserved 1376256K
  class space    used 61696K, committed 63616K, reserved 1048576K
}
Event: 447.191 GC heap before
{Heap before GC invocations=317 (full 19):
 ZHeap           used 11420M, capacity 16384M, max capacity 16384M
 Metaspace       used 369401K, committed 373632K, reserved 1376256K
  class space    used 61696K, committed 63616K, reserved 1048576K
}
Event: 447.448 GC heap after
{Heap after GC invocations=318 (full 19):
 ZHeap           used 4860M, capacity 16384M, max capacity 16384M
 Metaspace       used 369408K, committed 373696K, reserved 1376256K
  class space    used 61697K, committed 63616K, reserved 1048576K
}
Event: 447.789 GC heap before
{Heap before GC invocations=318 (full 19):
 ZHeap           used 6768M, capacity 16384M, max capacity 16384M
 Metaspace       used 369408K, committed 373696K, reserved 1376256K
  class space    used 61697K, committed 63616K, reserved 1048576K
}
Event: 448.104 GC heap after
{Heap after GC invocations=319 (full 19):
 ZHeap           used 5452M, capacity 16384M, max capacity 16384M
 Metaspace       used 369408K, committed 373696K, reserved 1376256K
  class space    used 61697K, committed 63616K, reserved 1048576K
}
Event: 448.840 GC heap before
{Heap before GC invocations=319 (full 19):
 ZHeap           used 9384M, capacity 16384M, max capacity 16384M
 Metaspace       used 369408K, committed 373696K, reserved 1376256K
  class space    used 61697K, committed 63616K, reserved 1048576K
}
Event: 449.046 GC heap after
{Heap after GC invocations=320 (full 19):
 ZHeap           used 4524M, capacity 16384M, max capacity 16384M
 Metaspace       used 369408K, committed 373696K, reserved 1376256K
  class space    used 61697K, committed 63616K, reserved 1048576K
}
Event: 450.318 GC heap before
{Heap before GC invocations=320 (full 19):
 ZHeap           used 11872M, capacity 16384M, max capacity 16384M
 Metaspace       used 369409K, committed 373696K, reserved 1376256K
  class space    used 61697K, committed 63616K, reserved 1048576K
}
Event: 450.572 GC heap after
{Heap after GC invocations=321 (full 19):
 ZHeap           used 4540M, capacity 16384M, max capacity 16384M
 Metaspace       used 369409K, committed 373696K, reserved 1376256K
  class space    used 61697K, committed 63616K, reserved 1048576K
}
Event: 451.931 GC heap before
{Heap before GC invocations=321 (full 19):
 ZHeap           used 11856M, capacity 16384M, max capacity 16384M
 Metaspace       used 369409K, committed 373696K, reserved 1376256K
  class space    used 61697K, committed 63616K, reserved 1048576K
}
Event: 452.207 GC heap after
{Heap after GC invocations=322 (full 19):
 ZHeap           used 5118M, capacity 16384M, max capacity 16384M
 Metaspace       used 369409K, committed 373696K, reserved 1376256K
  class space    used 61697K, committed 63616K, reserved 1048576K
}
Event: 453.408 GC heap before
{Heap before GC invocations=322 (full 19):
 ZHeap           used 11894M, capacity 16384M, max capacity 16384M
 Metaspace       used 369414K, committed 373696K, reserved 1376256K
  class space    used 61697K, committed 63616K, reserved 1048576K
}
Event: 453.770 GC heap after
{Heap after GC invocations=323 (full 19):
 ZHeap           used 5942M, capacity 16384M, max capacity 16384M
 Metaspace       used 369414K, committed 373696K, reserved 1376256K
  class space    used 61697K, committed 63616K, reserved 1048576K
}
Event: 454.343 GC heap before
{Heap before GC invocations=323 (full 19):
 ZHeap           used 9720M, capacity 16384M, max capacity 16384M
 Metaspace       used 369415K, committed 373696K, reserved 1376256K
  class space    used 61697K, committed 63616K, reserved 1048576K
}
Event: 454.595 GC heap after
{Heap after GC invocations=324 (full 19):
 ZHeap           used 5154M, capacity 16384M, max capacity 16384M
 Metaspace       used 369415K, committed 373696K, reserved 1376256K
  class space    used 61697K, committed 63616K, reserved 1048576K
}
Event: 455.275 GC heap before
{Heap before GC invocations=324 (full 19):
 ZHeap           used 9664M, capacity 16384M, max capacity 16384M
 Metaspace       used 369415K, committed 373696K, reserved 1376256K
  class space    used 61697K, committed 63616K, reserved 1048576K
}
Event: 455.541 GC heap after
{Heap after GC invocations=325 (full 19):
 ZHeap           used 4942M, capacity 16384M, max capacity 16384M
 Metaspace       used 369415K, committed 373696K, reserved 1376256K
  class space    used 61697K, committed 63616K, reserved 1048576K
}
Event: 456.690 GC heap before
{Heap before GC invocations=325 (full 19):
 ZHeap           used 11152M, capacity 16384M, max capacity 16384M
 Metaspace       used 369415K, committed 373696K, reserved 1376256K
  class space    used 61697K, committed 63616K, reserved 1048576K
}
Event: 456.931 GC heap after
{Heap after GC invocations=326 (full 19):
 ZHeap           used 4736M, capacity 16384M, max capacity 16384M
 Metaspace       used 369416K, committed 373696K, reserved 1376256K
  class space    used 61697K, committed 63616K, reserved 1048576K
}
Event: 458.060 GC heap before
{Heap before GC invocations=326 (full 19):
 ZHeap           used 11738M, capacity 16384M, max capacity 16384M
 Metaspace       used 369416K, committed 373696K, reserved 1376256K
  class space    used 61697K, committed 63616K, reserved 1048576K
}
Event: 458.351 GC heap after
{Heap after GC invocations=327 (full 19):
 ZHeap           used 5050M, capacity 16384M, max capacity 16384M
 Metaspace       used 369416K, committed 373696K, reserved 1376256K
  class space    used 61697K, committed 63616K, reserved 1048576K
}
Event: 459.461 GC heap before
{Heap before GC invocations=327 (full 19):
 ZHeap           used 11594M, capacity 16384M, max capacity 16384M
 Metaspace       used 369418K, committed 373696K, reserved 1376256K
  class space    used 61697K, committed 63616K, reserved 1048576K
}
Event: 459.746 GC heap after
{Heap after GC invocations=328 (full 19):
 ZHeap           used 4704M, capacity 16384M, max capacity 16384M
 Metaspace       used 369418K, committed 373696K, reserved 1376256K
  class space    used 61697K, committed 63616K, reserved 1048576K
}
Event: 460.848 GC heap before
{Heap before GC invocations=328 (full 19):
 ZHeap           used 11830M, capacity 16384M, max capacity 16384M
 Metaspace       used 369418K, committed 373696K, reserved 1376256K
  class space    used 61697K, committed 63616K, reserved 1048576K
}
Event: 461.102 GC heap after
{Heap after GC invocations=329 (full 19):
 ZHeap           used 4936M, capacity 16384M, max capacity 16384M
 Metaspace       used 369426K, committed 373696K, reserved 1376256K
  class space    used 61697K, committed 63616K, reserved 1048576K
}
Event: 461.853 GC heap before
{Heap before GC invocations=329 (full 19):
 ZHeap           used 10978M, capacity 16384M, max capacity 16384M
 Metaspace       used 369428K, committed 373696K, reserved 1376256K
  class space    used 61697K, committed 63616K, reserved 1048576K
}
Event: 462.102 GC heap after
{Heap after GC invocations=330 (full 19):
 ZHeap           used 5184M, capacity 16384M, max capacity 16384M
 Metaspace       used 369429K, committed 373696K, reserved 1376256K
  class space    used 61697K, committed 63616K, reserved 1048576K
}
Event: 463.154 GC heap before
{Heap before GC invocations=330 (full 19):
 ZHeap           used 11536M, capacity 16384M, max capacity 16384M
 Metaspace       used 369429K, committed 373696K, reserved 1376256K
  class space    used 61697K, committed 63616K, reserved 1048576K
}
Event: 463.440 GC heap after
{Heap after GC invocations=331 (full 19):
 ZHeap           used 5736M, capacity 16384M, max capacity 16384M
 Metaspace       used 369429K, committed 373696K, reserved 1376256K
  class space    used 61697K, committed 63616K, reserved 1048576K
}
Event: 464.287 GC heap before
{Heap before GC invocations=331 (full 19):
 ZHeap           used 11404M, capacity 16384M, max capacity 16384M
 Metaspace       used 369429K, committed 373696K, reserved 1376256K
  class space    used 61697K, committed 63616K, reserved 1048576K
}
Event: 464.573 GC heap after
{Heap after GC invocations=332 (full 19):
 ZHeap           used 5636M, capacity 16384M, max capacity 16384M
 Metaspace       used 369440K, committed 373696K, reserved 1376256K
  class space    used 61697K, committed 63616K, reserved 1048576K
}
Event: 465.679 GC heap before
{Heap before GC invocations=332 (full 19):
 ZHeap           used 11620M, capacity 16384M, max capacity 16384M
 Metaspace       used 369448K, committed 373696K, reserved 1376256K
  class space    used 61697K, committed 63616K, reserved 1048576K
}
Event: 465.950 GC heap after
{Heap after GC invocations=333 (full 19):
 ZHeap           used 5182M, capacity 16384M, max capacity 16384M
 Metaspace       used 369448K, committed 373696K, reserved 1376256K
  class space    used 61697K, committed 63616K, reserved 1048576K
}
Event: 467.116 GC heap before
{Heap before GC invocations=333 (full 19):
 ZHeap           used 12058M, capacity 16384M, max capacity 16384M
 Metaspace       used 369448K, committed 373696K, reserved 1376256K
  class space    used 61697K, committed 63616K, reserved 1048576K
}
Event: 467.415 GC heap after
{Heap after GC invocations=334 (full 19):
 ZHeap           used 5216M, capacity 16384M, max capacity 16384M
 Metaspace       used 369448K, committed 373696K, reserved 1376256K
  class space    used 61697K, committed 63616K, reserved 1048576K
}
Event: 468.464 GC heap before
{Heap before GC invocations=334 (full 19):
 ZHeap           used 11906M, capacity 16384M, max capacity 16384M
 Metaspace       used 369448K, committed 373696K, reserved 1376256K
  class space    used 61697K, committed 63616K, reserved 1048576K
}
Event: 468.745 GC heap after
{Heap after GC invocations=335 (full 19):
 ZHeap           used 5000M, capacity 16384M, max capacity 16384M
 Metaspace       used 369448K, committed 373696K, reserved 1376256K
  class space    used 61697K, committed 63616K, reserved 1048576K
}
Event: 469.945 GC heap before
{Heap before GC invocations=335 (full 19):
 ZHeap           used 12090M, capacity 16384M, max capacity 16384M
 Metaspace       used 369448K, committed 373696K, reserved 1376256K
  class space    used 61697K, committed 63616K, reserved 1048576K
}
Event: 470.220 GC heap after
{Heap after GC invocations=336 (full 19):
 ZHeap           used 5028M, capacity 16384M, max capacity 16384M
 Metaspace       used 369448K, committed 373696K, reserved 1376256K
  class space    used 61697K, committed 63616K, reserved 1048576K
}
Event: 471.397 GC heap before
{Heap before GC invocations=336 (full 19):
 ZHeap           used 12416M, capacity 16384M, max capacity 16384M
 Metaspace       used 369449K, committed 373696K, reserved 1376256K
  class space    used 61697K, committed 63616K, reserved 1048576K
}
Event: 471.691 GC heap after
{Heap after GC invocations=337 (full 19):
 ZHeap           used 5554M, capacity 16384M, max capacity 16384M
 Metaspace       used 369449K, committed 373696K, reserved 1376256K
  class space    used 61697K, committed 63616K, reserved 1048576K
}
Event: 472.629 GC heap before
{Heap before GC invocations=337 (full 19):
 ZHeap           used 11622M, capacity 16384M, max capacity 16384M
 Metaspace       used 369449K, committed 373696K, reserved 1376256K
  class space    used 61697K, committed 63616K, reserved 1048576K
}
Event: 472.887 GC heap after
{Heap after GC invocations=338 (full 19):
 ZHeap           used 4794M, capacity 16384M, max capacity 16384M
 Metaspace       used 369449K, committed 373696K, reserved 1376256K
  class space    used 61697K, committed 63616K, reserved 1048576K
}
Event: 474.150 GC heap before
{Heap before GC invocations=338 (full 19):
 ZHeap           used 11864M, capacity 16384M, max capacity 16384M
 Metaspace       used 369449K, committed 373696K, reserved 1376256K
  class space    used 61697K, committed 63616K, reserved 1048576K
}
Event: 474.482 GC heap after
{Heap after GC invocations=339 (full 19):
 ZHeap           used 5670M, capacity 16384M, max capacity 16384M
 Metaspace       used 369449K, committed 373696K, reserved 1376256K
  class space    used 61697K, committed 63616K, reserved 1048576K
}
Event: 475.315 GC heap before
{Heap before GC invocations=339 (full 19):
 ZHeap           used 10886M, capacity 16384M, max capacity 16384M
 Metaspace       used 369455K, committed 373696K, reserved 1376256K
  class space    used 61697K, committed 63616K, reserved 1048576K
}
Event: 475.582 GC heap after
{Heap after GC invocations=340 (full 19):
 ZHeap           used 5168M, capacity 16384M, max capacity 16384M
 Metaspace       used 369455K, committed 373696K, reserved 1376256K
  class space    used 61697K, committed 63616K, reserved 1048576K
}
Event: 476.636 GC heap before
{Heap before GC invocations=340 (full 19):
 ZHeap           used 11256M, capacity 16384M, max capacity 16384M
 Metaspace       used 369455K, committed 373696K, reserved 1376256K
  class space    used 61697K, committed 63616K, reserved 1048576K
}
Event: 476.908 GC heap after
{Heap after GC invocations=341 (full 19):
 ZHeap           used 5274M, capacity 16384M, max capacity 16384M
 Metaspace       used 369455K, committed 373696K, reserved 1376256K
  class space    used 61697K, committed 63616K, reserved 1048576K
}
Event: 478.197 GC heap before
{Heap before GC invocations=341 (full 19):
 ZHeap           used 12056M, capacity 16384M, max capacity 16384M
 Metaspace       used 369455K, committed 373696K, reserved 1376256K
  class space    used 61697K, committed 63616K, reserved 1048576K
}
Event: 478.517 GC heap after
{Heap after GC invocations=342 (full 19):
 ZHeap           used 5452M, capacity 16384M, max capacity 16384M
 Metaspace       used 369455K, committed 373696K, reserved 1376256K
  class space    used 61697K, committed 63616K, reserved 1048576K
}
Event: 479.379 GC heap before
{Heap before GC invocations=342 (full 19):
 ZHeap           used 11448M, capacity 16384M, max capacity 16384M
 Metaspace       used 369455K, committed 373696K, reserved 1376256K
  class space    used 61697K, committed 63616K, reserved 1048576K
}
Event: 479.640 GC heap after
{Heap after GC invocations=343 (full 19):
 ZHeap           used 5466M, capacity 16384M, max capacity 16384M
 Metaspace       used 369455K, committed 373696K, reserved 1376256K
  class space    used 61697K, committed 63616K, reserved 1048576K
}
Event: 480.219 GC heap before
{Heap before GC invocations=343 (full 19):
 ZHeap           used 10040M, capacity 16384M, max capacity 16384M
 Metaspace       used 369455K, committed 373696K, reserved 1376256K
  class space    used 61697K, committed 63616K, reserved 1048576K
}
Event: 480.507 GC heap after
{Heap after GC invocations=344 (full 19):
 ZHeap           used 5610M, capacity 16384M, max capacity 16384M
 Metaspace       used 369455K, committed 373696K, reserved 1376256K
  class space    used 61697K, committed 63616K, reserved 1048576K
}
Event: 481.392 GC heap before
{Heap before GC invocations=344 (full 19):
 ZHeap           used 10876M, capacity 16384M, max capacity 16384M
 Metaspace       used 369455K, committed 373696K, reserved 1376256K
  class space    used 61697K, committed 63616K, reserved 1048576K
}
Event: 481.643 GC heap after
{Heap after GC invocations=345 (full 19):
 ZHeap           used 5052M, capacity 16384M, max capacity 16384M
 Metaspace       used 369456K, committed 373696K, reserved 1376256K
  class space    used 61697K, committed 63616K, reserved 1048576K
}
Event: 482.663 GC heap before
{Heap before GC invocations=345 (full 19):
 ZHeap           used 11360M, capacity 16384M, max capacity 16384M
 Metaspace       used 369476K, committed 373760K, reserved 1376256K
  class space    used 61699K, committed 63616K, reserved 1048576K
}
Event: 483.040 GC heap after
{Heap after GC invocations=346 (full 19):
 ZHeap           used 6816M, capacity 16384M, max capacity 16384M
 Metaspace       used 369477K, committed 373760K, reserved 1376256K
  class space    used 61699K, committed 63616K, reserved 1048576K
}
Event: 483.338 GC heap before
{Heap before GC invocations=346 (full 19):
 ZHeap           used 8688M, capacity 16384M, max capacity 16384M
 Metaspace       used 369481K, committed 373760K, reserved 1376256K
  class space    used 61699K, committed 63616K, reserved 1048576K
}
Event: 483.505 GC heap after
{Heap after GC invocations=347 (full 20):
 ZHeap           used 4708M, capacity 16384M, max capacity 16384M
 Metaspace       used 369482K, committed 373760K, reserved 1376256K
  class space    used 61699K, committed 63616K, reserved 1048576K
}
Event: 483.505 GC heap before
{Heap before GC invocations=347 (full 20):
 ZHeap           used 4708M, capacity 16384M, max capacity 16384M
 Metaspace       used 369482K, committed 373760K, reserved 1376256K
  class space    used 61699K, committed 63616K, reserved 1048576K
}
Event: 484.672 GC heap before
{Heap before GC invocations=347 (full 20):
 ZHeap           used 8470M, capacity 16384M, max capacity 16384M
 Metaspace       used 369488K, committed 373760K, reserved 1376256K
  class space    used 61699K, committed 63616K, reserved 1048576K
}
Event: 484.943 GC heap after
{Heap after GC invocations=348 (full 20):
 ZHeap           used 5946M, capacity 16384M, max capacity 16384M
 Metaspace       used 369488K, committed 373760K, reserved 1376256K
  class space    used 61699K, committed 63616K, reserved 1048576K
}
Event: 485.606 GC heap before
{Heap before GC invocations=348 (full 20):
 ZHeap           used 9594M, capacity 16384M, max capacity 16384M
 Metaspace       used 369488K, committed 373760K, reserved 1376256K
  class space    used 61699K, committed 63616K, reserved 1048576K
}
Event: 485.863 GC heap after
{Heap after GC invocations=349 (full 20):
 ZHeap           used 5700M, capacity 16384M, max capacity 16384M
 Metaspace       used 369488K, committed 373760K, reserved 1376256K
  class space    used 61699K, committed 63616K, reserved 1048576K
}
Event: 487.009 GC heap before
{Heap before GC invocations=349 (full 20):
 ZHeap           used 11404M, capacity 16384M, max capacity 16384M
 Metaspace       used 369515K, committed 373760K, reserved 1376256K
  class space    used 61702K, committed 63616K, reserved 1048576K
}
Event: 487.252 GC heap after
{Heap after GC invocations=350 (full 20):
 ZHeap           used 5850M, capacity 16384M, max capacity 16384M
 Metaspace       used 369517K, committed 373760K, reserved 1376256K
  class space    used 61702K, committed 63616K, reserved 1048576K
}
Event: 487.621 GC heap after
{Heap after GC invocations=350 (full 20):
 ZHeap           used 7722M, capacity 16384M, max capacity 16384M
 Metaspace       used 369518K, committed 373760K, reserved 1376256K
  class space    used 61702K, committed 63616K, reserved 1048576K
}
Event: 488.297 GC heap before
{Heap before GC invocations=350 (full 20):
 ZHeap           used 11662M, capacity 16384M, max capacity 16384M
 Metaspace       used 369537K, committed 373760K, reserved 1376256K
  class space    used 61705K, committed 63616K, reserved 1048576K
}
Event: 488.549 GC heap after
{Heap after GC invocations=351 (full 20):
 ZHeap           used 5306M, capacity 16384M, max capacity 16384M
 Metaspace       used 369538K, committed 373760K, reserved 1376256K
  class space    used 61706K, committed 63616K, reserved 1048576K
}
Event: 489.680 GC heap before
{Heap before GC invocations=351 (full 20):
 ZHeap           used 12096M, capacity 16384M, max capacity 16384M
 Metaspace       used 369552K, committed 373824K, reserved 1376256K
  class space    used 61708K, committed 63616K, reserved 1048576K
}
Event: 489.889 GC heap after
{Heap after GC invocations=352 (full 20):
 ZHeap           used 4116M, capacity 16384M, max capacity 16384M
 Metaspace       used 369552K, committed 373824K, reserved 1376256K
  class space    used 61708K, committed 63616K, reserved 1048576K
}
Event: 490.782 GC heap before
{Heap before GC invocations=352 (full 20):
 ZHeap           used 8142M, capacity 16384M, max capacity 16384M
 Metaspace       used 369552K, committed 373824K, reserved 1376256K
  class space    used 61708K, committed 63616K, reserved 1048576K
}
Event: 491.162 GC heap after
{Heap after GC invocations=353 (full 20):
 ZHeap           used 5180M, capacity 16384M, max capacity 16384M
 Metaspace       used 369552K, committed 373824K, reserved 1376256K
  class space    used 61708K, committed 63616K, reserved 1048576K
}
Event: 491.834 GC heap before
{Heap before GC invocations=353 (full 20):
 ZHeap           used 8722M, capacity 16384M, max capacity 16384M
 Metaspace       used 369555K, committed 373824K, reserved 1376256K
  class space    used 61708K, committed 63616K, reserved 1048576K
}
Event: 492.408 GC heap after
{Heap after GC invocations=354 (full 20):
 ZHeap           used 6712M, capacity 16384M, max capacity 16384M
 Metaspace       used 369555K, committed 373824K, reserved 1376256K
  class space    used 61708K, committed 63616K, reserved 1048576K
}
Event: 493.244 GC heap before
{Heap before GC invocations=354 (full 20):
 ZHeap           used 11488M, capacity 16384M, max capacity 16384M
 Metaspace       used 369557K, committed 373824K, reserved 1376256K
  class space    used 61708K, committed 63616K, reserved 1048576K
}
Event: 493.430 GC heap after
{Heap after GC invocations=355 (full 20):
 ZHeap           used 4222M, capacity 16384M, max capacity 16384M
 Metaspace       used 369558K, committed 373824K, reserved 1376256K
  class space    used 61708K, committed 63616K, reserved 1048576K
}
Event: 494.932 GC heap before
{Heap before GC invocations=355 (full 20):
 ZHeap           used 7106M, capacity 16384M, max capacity 16384M
 Metaspace       used 369560K, committed 373824K, reserved 1376256K
  class space    used 61708K, committed 63616K, reserved 1048576K
}
Event: 495.332 GC heap after
{Heap after GC invocations=356 (full 20):
 ZHeap           used 6400M, capacity 16384M, max capacity 16384M
 Metaspace       used 369560K, committed 373824K, reserved 1376256K
  class space    used 61708K, committed 63616K, reserved 1048576K
}
Event: 495.815 GC heap before
{Heap before GC invocations=356 (full 20):
 ZHeap           used 8810M, capacity 16384M, max capacity 16384M
 Metaspace       used 369561K, committed 373824K, reserved 1376256K
  class space    used 61708K, committed 63616K, reserved 1048576K
}
Event: 496.267 GC heap after
{Heap after GC invocations=357 (full 20):
 ZHeap           used 6234M, capacity 16384M, max capacity 16384M
 Metaspace       used 369561K, committed 373824K, reserved 1376256K
  class space    used 61708K, committed 63616K, reserved 1048576K
}
Event: 497.390 GC heap before
{Heap before GC invocations=357 (full 20):
 ZHeap           used 10268M, capacity 16384M, max capacity 16384M
 Metaspace       used 369561K, committed 373824K, reserved 1376256K
  class space    used 61708K, committed 63616K, reserved 1048576K
}
Event: 497.649 GC heap after
{Heap after GC invocations=358 (full 20):
 ZHeap           used 4470M, capacity 16384M, max capacity 16384M
 Metaspace       used 369561K, committed 373824K, reserved 1376256K
  class space    used 61708K, committed 63616K, reserved 1048576K
}
Event: 498.291 GC heap before
{Heap before GC invocations=358 (full 20):
 ZHeap           used 8486M, capacity 16384M, max capacity 16384M
 Metaspace       used 369585K, committed 373824K, reserved 1376256K
  class space    used 61714K, committed 63616K, reserved 1048576K
}
Event: 498.669 GC heap after
{Heap after GC invocations=359 (full 20):
 ZHeap           used 5608M, capacity 16384M, max capacity 16384M
 Metaspace       used 369586K, committed 373824K, reserved 1376256K
  class space    used 61714K, committed 63616K, reserved 1048576K
}
Event: 499.629 GC heap before
{Heap before GC invocations=359 (full 20):
 ZHeap           used 10112M, capacity 16384M, max capacity 16384M
 Metaspace       used 369589K, committed 373824K, reserved 1376256K
  class space    used 61714K, committed 63616K, reserved 1048576K
}
Event: 500.007 GC heap after
{Heap after GC invocations=360 (full 20):
 ZHeap           used 5814M, capacity 16384M, max capacity 16384M
 Metaspace       used 369589K, committed 373824K, reserved 1376256K
  class space    used 61714K, committed 63616K, reserved 1048576K
}
Event: 500.668 GC heap before
{Heap before GC invocations=360 (full 20):
 ZHeap           used 9758M, capacity 16384M, max capacity 16384M
 Metaspace       used 369606K, committed 373824K, reserved 1376256K
  class space    used 61717K, committed 63616K, reserved 1048576K
}
Event: 501.129 GC heap after
{Heap after GC invocations=361 (full 20):
 ZHeap           used 5834M, capacity 16384M, max capacity 16384M
 Metaspace       used 369608K, committed 373824K, reserved 1376256K
  class space    used 61717K, committed 63616K, reserved 1048576K
}
Event: 501.639 GC heap before
{Heap before GC invocations=361 (full 20):
 ZHeap           used 8780M, capacity 16384M, max capacity 16384M
 Metaspace       used 369608K, committed 373824K, reserved 1376256K
  class space    used 61717K, committed 63616K, reserved 1048576K
}
Event: 502.012 GC heap after
{Heap after GC invocations=362 (full 20):
 ZHeap           used 5028M, capacity 16384M, max capacity 16384M
 Metaspace       used 369609K, committed 373824K, reserved 1376256K
  class space    used 61717K, committed 63616K, reserved 1048576K
}
Event: 502.606 GC heap before
{Heap before GC invocations=362 (full 20):
 ZHeap           used 9304M, capacity 16384M, max capacity 16384M
 Metaspace       used 369611K, committed 373824K, reserved 1376256K
  class space    used 61717K, committed 63616K, reserved 1048576K
}
Event: 503.006 GC heap after
{Heap after GC invocations=363 (full 20):
 ZHeap           used 5556M, capacity 16384M, max capacity 16384M
 Metaspace       used 369611K, committed 373824K, reserved 1376256K
  class space    used 61717K, committed 63616K, reserved 1048576K
}
Event: 503.886 GC heap before
{Heap before GC invocations=363 (full 20):
 ZHeap           used 10116M, capacity 16384M, max capacity 16384M
 Metaspace       used 369611K, committed 373824K, reserved 1376256K
  class space    used 61717K, committed 63616K, reserved 1048576K
}
Event: 504.187 GC heap after
{Heap after GC invocations=364 (full 20):
 ZHeap           used 5732M, capacity 16384M, max capacity 16384M
 Metaspace       used 369612K, committed 373824K, reserved 1376256K
  class space    used 61717K, committed 63616K, reserved 1048576K
}
Event: 504.790 GC heap before
{Heap before GC invocations=364 (full 20):
 ZHeap           used 9840M, capacity 16384M, max capacity 16384M
 Metaspace       used 369612K, committed 373824K, reserved 1376256K
  class space    used 61717K, committed 63616K, reserved 1048576K
}
Event: 505.147 GC heap after
{Heap after GC invocations=365 (full 20):
 ZHeap           used 5572M, capacity 16384M, max capacity 16384M
 Metaspace       used 369612K, committed 373824K, reserved 1376256K
  class space    used 61717K, committed 63616K, reserved 1048576K
}
Event: 505.997 GC heap before
{Heap before GC invocations=365 (full 20):
 ZHeap           used 10170M, capacity 16384M, max capacity 16384M
 Metaspace       used 369612K, committed 373824K, reserved 1376256K
  class space    used 61717K, committed 63616K, reserved 1048576K
}
Event: 506.330 GC heap after
{Heap after GC invocations=366 (full 20):
 ZHeap           used 5898M, capacity 16384M, max capacity 16384M
 Metaspace       used 369822K, committed 374144K, reserved 1376256K
  class space    used 61759K, committed 63744K, reserved 1048576K
}
Event: 507.186 GC heap before
{Heap before GC invocations=366 (full 20):
 ZHeap           used 11104M, capacity 16384M, max capacity 16384M
 Metaspace       used 369829K, committed 374144K, reserved 1376256K
  class space    used 61759K, committed 63744K, reserved 1048576K
}
Event: 507.693 GC heap after
{Heap after GC invocations=367 (full 20):
 ZHeap           used 7182M, capacity 16384M, max capacity 16384M
 Metaspace       used 369830K, committed 374144K, reserved 1376256K
  class space    used 61759K, committed 63744K, reserved 1048576K
}
Event: 508.162 GC heap before
{Heap before GC invocations=367 (full 20):
 ZHeap           used 10610M, capacity 16384M, max capacity 16384M
 Metaspace       used 369838K, committed 374144K, reserved 1376256K
  class space    used 61759K, committed 63744K, reserved 1048576K
}
Event: 508.357 GC heap after
{Heap after GC invocations=368 (full 20):
 ZHeap           used 4398M, capacity 16384M, max capacity 16384M
 Metaspace       used 369838K, committed 374144K, reserved 1376256K
  class space    used 61759K, committed 63744K, reserved 1048576K
}
Event: 509.481 GC heap before
{Heap before GC invocations=368 (full 20):
 ZHeap           used 11868M, capacity 16384M, max capacity 16384M
 Metaspace       used 369844K, committed 374208K, reserved 1376256K
  class space    used 61759K, committed 63744K, reserved 1048576K
}
Event: 509.764 GC heap after
{Heap after GC invocations=369 (full 20):
 ZHeap           used 5962M, capacity 16384M, max capacity 16384M
 Metaspace       used 369844K, committed 374208K, reserved 1376256K
  class space    used 61759K, committed 63744K, reserved 1048576K
}
Event: 510.623 GC heap before
{Heap before GC invocations=369 (full 20):
 ZHeap           used 10534M, capacity 16384M, max capacity 16384M
 Metaspace       used 369861K, committed 374208K, reserved 1376256K
  class space    used 61759K, committed 63744K, reserved 1048576K
}
Event: 510.831 GC heap after
{Heap after GC invocations=370 (full 20):
 ZHeap           used 4758M, capacity 16384M, max capacity 16384M
 Metaspace       used 369861K, committed 374208K, reserved 1376256K
  class space    used 61759K, committed 63744K, reserved 1048576K
}
Event: 511.901 GC heap before
{Heap before GC invocations=370 (full 20):
 ZHeap           used 11766M, capacity 16384M, max capacity 16384M
 Metaspace       used 369862K, committed 374208K, reserved 1376256K
  class space    used 61759K, committed 63744K, reserved 1048576K
}
Event: 512.208 GC heap after
{Heap after GC invocations=371 (full 20):
 ZHeap           used 5942M, capacity 16384M, max capacity 16384M
 Metaspace       used 369869K, committed 374208K, reserved 1376256K
  class space    used 61759K, committed 63744K, reserved 1048576K
}
Event: 512.659 GC heap before
{Heap before GC invocations=371 (full 20):
 ZHeap           used 9778M, capacity 16384M, max capacity 16384M
 Metaspace       used 369870K, committed 374208K, reserved 1376256K
  class space    used 61759K, committed 63744K, reserved 1048576K
}
Event: 512.895 GC heap after
{Heap after GC invocations=372 (full 20):
 ZHeap           used 5142M, capacity 16384M, max capacity 16384M
 Metaspace       used 369870K, committed 374208K, reserved 1376256K
  class space    used 61759K, committed 63744K, reserved 1048576K
}
Event: 513.747 GC heap before
{Heap before GC invocations=372 (full 20):
 ZHeap           used 10450M, capacity 16384M, max capacity 16384M
 Metaspace       used 369871K, committed 374208K, reserved 1376256K
  class space    used 61759K, committed 63744K, reserved 1048576K
}
Event: 514.043 GC heap after
{Heap after GC invocations=373 (full 20):
 ZHeap           used 5588M, capacity 16384M, max capacity 16384M
 Metaspace       used 369873K, committed 374208K, reserved 1376256K
  class space    used 61759K, committed 63744K, reserved 1048576K
}
Event: 514.997 GC heap before
{Heap before GC invocations=373 (full 20):
 ZHeap           used 10014M, capacity 16384M, max capacity 16384M
 Metaspace       used 369876K, committed 374208K, reserved 1376256K
  class space    used 61759K, committed 63744K, reserved 1048576K
}
Event: 515.198 GC heap after
{Heap after GC invocations=374 (full 20):
 ZHeap           used 4702M, capacity 16384M, max capacity 16384M
 Metaspace       used 369876K, committed 374208K, reserved 1376256K
  class space    used 61759K, committed 63744K, reserved 1048576K
}
Event: 516.452 GC heap before
{Heap before GC invocations=374 (full 20):
 ZHeap           used 11056M, capacity 16384M, max capacity 16384M
 Metaspace       used 369884K, committed 374208K, reserved 1376256K
  class space    used 61759K, committed 63744K, reserved 1048576K
}
Event: 516.665 GC heap after
{Heap after GC invocations=375 (full 20):
 ZHeap           used 5578M, capacity 16384M, max capacity 16384M
 Metaspace       used 369887K, committed 374208K, reserved 1376256K
  class space    used 61759K, committed 63744K, reserved 1048576K
}
Event: 517.862 GC heap before
{Heap before GC invocations=375 (full 20):
 ZHeap           used 12220M, capacity 16384M, max capacity 16384M
 Metaspace       used 369893K, committed 374208K, reserved 1376256K
  class space    used 61759K, committed 63744K, reserved 1048576K
}
Event: 518.110 GC heap after
{Heap after GC invocations=376 (full 20):
 ZHeap           used 5380M, capacity 16384M, max capacity 16384M
 Metaspace       used 369893K, committed 374208K, reserved 1376256K
  class space    used 61759K, committed 63744K, reserved 1048576K
}
Event: 519.575 GC heap before
{Heap before GC invocations=376 (full 20):
 ZHeap           used 12444M, capacity 16384M, max capacity 16384M
 Metaspace       used 369895K, committed 374208K, reserved 1376256K
  class space    used 61759K, committed 63744K, reserved 1048576K
}
Event: 519.846 GC heap after
{Heap after GC invocations=377 (full 20):
 ZHeap           used 5670M, capacity 16384M, max capacity 16384M
 Metaspace       used 369895K, committed 374208K, reserved 1376256K
  class space    used 61759K, committed 63744K, reserved 1048576K
}
Event: 521.176 GC heap before
{Heap before GC invocations=377 (full 20):
 ZHeap           used 12168M, capacity 16384M, max capacity 16384M
 Metaspace       used 369895K, committed 374208K, reserved 1376256K
  class space    used 61759K, committed 63744K, reserved 1048576K
}
Event: 521.428 GC heap after
{Heap after GC invocations=378 (full 20):
 ZHeap           used 5738M, capacity 16384M, max capacity 16384M
 Metaspace       used 369896K, committed 374208K, reserved 1376256K
  class space    used 61759K, committed 63744K, reserved 1048576K
}
Event: 522.486 GC heap before
{Heap before GC invocations=378 (full 20):
 ZHeap           used 12418M, capacity 16384M, max capacity 16384M
 Metaspace       used 369896K, committed 374208K, reserved 1376256K
  class space    used 61759K, committed 63744K, reserved 1048576K
}
Event: 522.770 GC heap after
{Heap after GC invocations=379 (full 20):
 ZHeap           used 5092M, capacity 16384M, max capacity 16384M
 Metaspace       used 369896K, committed 374208K, reserved 1376256K
  class space    used 61759K, committed 63744K, reserved 1048576K
}
Event: 524.259 GC heap before
{Heap before GC invocations=379 (full 20):
 ZHeap           used 11978M, capacity 16384M, max capacity 16384M
 Metaspace       used 369897K, committed 374208K, reserved 1376256K
  class space    used 61759K, committed 63744K, reserved 1048576K
}
Event: 524.535 GC heap after
{Heap after GC invocations=380 (full 20):
 ZHeap           used 6306M, capacity 16384M, max capacity 16384M
 Metaspace       used 369897K, committed 374208K, reserved 1376256K
  class space    used 61759K, committed 63744K, reserved 1048576K
}
Event: 525.522 GC heap before
{Heap before GC invocations=380 (full 20):
 ZHeap           used 12312M, capacity 16384M, max capacity 16384M
 Metaspace       used 369899K, committed 374208K, reserved 1376256K
  class space    used 61759K, committed 63744K, reserved 1048576K
}
Event: 525.744 GC heap after
{Heap after GC invocations=381 (full 20):
 ZHeap           used 5044M, capacity 16384M, max capacity 16384M
 Metaspace       used 369899K, committed 374208K, reserved 1376256K
  class space    used 61759K, committed 63744K, reserved 1048576K
}
Event: 526.666 GC heap before
{Heap before GC invocations=381 (full 20):
 ZHeap           used 11116M, capacity 16384M, max capacity 16384M
 Metaspace       used 369899K, committed 374208K, reserved 1376256K
  class space    used 61759K, committed 63744K, reserved 1048576K
}
Event: 526.958 GC heap after
{Heap after GC invocations=382 (full 20):
 ZHeap           used 6440M, capacity 16384M, max capacity 16384M
 Metaspace       used 369901K, committed 374208K, reserved 1376256K
  class space    used 61759K, committed 63744K, reserved 1048576K
}
Event: 527.389 GC heap before
{Heap before GC invocations=382 (full 20):
 ZHeap           used 9458M, capacity 16384M, max capacity 16384M
 Metaspace       used 369902K, committed 374208K, reserved 1376256K
  class space    used 61759K, committed 63744K, reserved 1048576K
}
Event: 527.556 GC heap after
{Heap after GC invocations=383 (full 20):
 ZHeap           used 4340M, capacity 16384M, max capacity 16384M
 Metaspace       used 369902K, committed 374208K, reserved 1376256K
  class space    used 61759K, committed 63744K, reserved 1048576K
}
Event: 528.851 GC heap before
{Heap before GC invocations=383 (full 20):
 ZHeap           used 10396M, capacity 16384M, max capacity 16384M
 Metaspace       used 369902K, committed 374208K, reserved 1376256K
  class space    used 61759K, committed 63744K, reserved 1048576K
}
Event: 529.098 GC heap after
{Heap after GC invocations=384 (full 21):
 ZHeap           used 5504M, capacity 16384M, max capacity 16384M
 Metaspace       used 369902K, committed 374208K, reserved 1376256K
  class space    used 61759K, committed 63744K, reserved 1048576K
}
Event: 529.098 GC heap before
{Heap before GC invocations=384 (full 21):
 ZHeap           used 5504M, capacity 16384M, max capacity 16384M
 Metaspace       used 369902K, committed 374208K, reserved 1376256K
  class space    used 61759K, committed 63744K, reserved 1048576K
}
Event: 530.102 GC heap before
{Heap before GC invocations=384 (full 21):
 ZHeap           used 11682M, capacity 16384M, max capacity 16384M
 Metaspace       used 369902K, committed 374208K, reserved 1376256K
  class space    used 61759K, committed 63744K, reserved 1048576K
}
Event: 530.359 GC heap after
{Heap after GC invocations=385 (full 21):
 ZHeap           used 5012M, capacity 16384M, max capacity 16384M
 Metaspace       used 369902K, committed 374208K, reserved 1376256K
  class space    used 61759K, committed 63744K, reserved 1048576K
}
Event: 531.111 GC heap before
{Heap before GC invocations=385 (full 21):
 ZHeap           used 10892M, capacity 16384M, max capacity 16384M
 Metaspace       used 369904K, committed 374208K, reserved 1376256K
  class space    used 61759K, committed 63744K, reserved 1048576K
}
Event: 531.343 GC heap after
{Heap after GC invocations=386 (full 21):
 ZHeap           used 5564M, capacity 16384M, max capacity 16384M
 Metaspace       used 369904K, committed 374208K, reserved 1376256K
  class space    used 61759K, committed 63744K, reserved 1048576K
}
Event: 532.249 GC heap before
{Heap before GC invocations=386 (full 21):
 ZHeap           used 11240M, capacity 16384M, max capacity 16384M
 Metaspace       used 369907K, committed 374208K, reserved 1376256K
  class space    used 61759K, committed 63744K, reserved 1048576K
}
Event: 532.513 GC heap after
{Heap after GC invocations=387 (full 21):
 ZHeap           used 5880M, capacity 16384M, max capacity 16384M
 Metaspace       used 369908K, committed 374208K, reserved 1376256K
  class space    used 61759K, committed 63744K, reserved 1048576K
}
Event: 532.944 GC heap after
{Heap after GC invocations=387 (full 21):
 ZHeap           used 7014M, capacity 16384M, max capacity 16384M
 Metaspace       used 369908K, committed 374208K, reserved 1376256K
  class space    used 61759K, committed 63744K, reserved 1048576K
}
Event: 533.651 GC heap before
{Heap before GC invocations=387 (full 21):
 ZHeap           used 11410M, capacity 16384M, max capacity 16384M
 Metaspace       used 369908K, committed 374208K, reserved 1376256K
  class space    used 61759K, committed 63744K, reserved 1048576K
}
Event: 533.960 GC heap after
{Heap after GC invocations=388 (full 21):
 ZHeap           used 5702M, capacity 16384M, max capacity 16384M
 Metaspace       used 369908K, committed 374208K, reserved 1376256K
  class space    used 61759K, committed 63744K, reserved 1048576K
}
Event: 534.522 GC heap before
{Heap before GC invocations=388 (full 21):
 ZHeap           used 10396M, capacity 16384M, max capacity 16384M
 Metaspace       used 369908K, committed 374208K, reserved 1376256K
  class space    used 61759K, committed 63744K, reserved 1048576K
}
Event: 534.688 GC heap after
{Heap after GC invocations=389 (full 21):
 ZHeap           used 3604M, capacity 16384M, max capacity 16384M
 Metaspace       used 369908K, committed 374208K, reserved 1376256K
  class space    used 61759K, committed 63744K, reserved 1048576K
}
Event: 535.890 GC heap before
{Heap before GC invocations=389 (full 21):
 ZHeap           used 10434M, capacity 16384M, max capacity 16384M
 Metaspace       used 369909K, committed 374208K, reserved 1376256K
  class space    used 61759K, committed 63744K, reserved 1048576K
}
Event: 536.184 GC heap after
{Heap after GC invocations=390 (full 21):
 ZHeap           used 5394M, capacity 16384M, max capacity 16384M
 Metaspace       used 369922K, committed 374272K, reserved 1376256K
  class space    used 61759K, committed 63744K, reserved 1048576K
}
Event: 536.860 GC heap before
{Heap before GC invocations=390 (full 21):
 ZHeap           used 9968M, capacity 16384M, max capacity 16384M
 Metaspace       used 369931K, committed 374272K, reserved 1376256K
  class space    used 61759K, committed 63744K, reserved 1048576K
}
Event: 537.160 GC heap after
{Heap after GC invocations=391 (full 21):
 ZHeap           used 5450M, capacity 16384M, max capacity 16384M
 Metaspace       used 369932K, committed 374272K, reserved 1376256K
  class space    used 61759K, committed 63744K, reserved 1048576K
}
Event: 538.178 GC heap before
{Heap before GC invocations=391 (full 21):
 ZHeap           used 10314M, capacity 16384M, max capacity 16384M
 Metaspace       used 369932K, committed 374272K, reserved 1376256K
  class space    used 61759K, committed 63744K, reserved 1048576K
}
Event: 538.408 GC heap after
{Heap after GC invocations=392 (full 21):
 ZHeap           used 4310M, capacity 16384M, max capacity 16384M
 Metaspace       used 369932K, committed 374272K, reserved 1376256K
  class space    used 61759K, committed 63744K, reserved 1048576K
}
Event: 540.121 GC heap before
{Heap before GC invocations=392 (full 21):
 ZHeap           used 10262M, capacity 16384M, max capacity 16384M
 Metaspace       used 369934K, committed 374272K, reserved 1376256K
  class space    used 61759K, committed 63744K, reserved 1048576K
}
Event: 540.371 GC heap after
{Heap after GC invocations=393 (full 21):
 ZHeap           used 4370M, capacity 16384M, max capacity 16384M
 Metaspace       used 369937K, committed 374272K, reserved 1376256K
  class space    used 61759K, committed 63744K, reserved 1048576K
}
Event: 541.729 GC heap before
{Heap before GC invocations=393 (full 21):
 ZHeap           used 12526M, capacity 16384M, max capacity 16384M
 Metaspace       used 369937K, committed 374272K, reserved 1376256K
  class space    used 61759K, committed 63744K, reserved 1048576K
}
Event: 541.982 GC heap after
{Heap after GC invocations=394 (full 21):
 ZHeap           used 4712M, capacity 16384M, max capacity 16384M
 Metaspace       used 369939K, committed 374272K, reserved 1376256K
  class space    used 61759K, committed 63744K, reserved 1048576K
}
Event: 543.334 GC heap before
{Heap before GC invocations=394 (full 21):
 ZHeap           used 11772M, capacity 16384M, max capacity 16384M
 Metaspace       used 369939K, committed 374272K, reserved 1376256K
  class space    used 61759K, committed 63744K, reserved 1048576K
}
Event: 543.617 GC heap after
{Heap after GC invocations=395 (full 21):
 ZHeap           used 4282M, capacity 16384M, max capacity 16384M
 Metaspace       used 369939K, committed 374272K, reserved 1376256K
  class space    used 61759K, committed 63744K, reserved 1048576K
}
Event: 544.597 GC heap before
{Heap before GC invocations=395 (full 21):
 ZHeap           used 7700M, capacity 16384M, max capacity 16384M
 Metaspace       used 369974K, committed 374272K, reserved 1376256K
  class space    used 61759K, committed 63744K, reserved 1048576K
}
Event: 545.227 GC heap after
{Heap after GC invocations=396 (full 21):
 ZHeap           used 6324M, capacity 16384M, max capacity 16384M
 Metaspace       used 369982K, committed 374272K, reserved 1376256K
  class space    used 61761K, committed 63744K, reserved 1048576K
}
Event: 545.227 GC heap before
{Heap before GC invocations=396 (full 21):
 ZHeap           used 6324M, capacity 16384M, max capacity 16384M
 Metaspace       used 369982K, committed 374272K, reserved 1376256K
  class space    used 61761K, committed 63744K, reserved 1048576K
}
Event: 545.383 GC heap after
{Heap after GC invocations=397 (full 21):
 ZHeap           used 3520M, capacity 16384M, max capacity 16384M
 Metaspace       used 369982K, committed 374272K, reserved 1376256K
  class space    used 61761K, committed 63744K, reserved 1048576K
}
Event: 546.735 GC heap before
{Heap before GC invocations=397 (full 21):
 ZHeap           used 11268M, capacity 16384M, max capacity 16384M
 Metaspace       used 369982K, committed 374272K, reserved 1376256K
  class space    used 61761K, committed 63744K, reserved 1048576K
}
Event: 546.971 GC heap after
{Heap after GC invocations=398 (full 21):
 ZHeap           used 4654M, capacity 16384M, max capacity 16384M
 Metaspace       used 369985K, committed 374272K, reserved 1376256K
  class space    used 61761K, committed 63744K, reserved 1048576K
}
Event: 547.795 GC heap before
{Heap before GC invocations=398 (full 21):
 ZHeap           used 9504M, capacity 16384M, max capacity 16384M
 Metaspace       used 369985K, committed 374272K, reserved 1376256K
  class space    used 61761K, committed 63744K, reserved 1048576K
}
Event: 548.020 GC heap after
{Heap after GC invocations=399 (full 21):
 ZHeap           used 4798M, capacity 16384M, max capacity 16384M
 Metaspace       used 369985K, committed 374272K, reserved 1376256K
  class space    used 61761K, committed 63744K, reserved 1048576K
}
Event: 549.319 GC heap before
{Heap before GC invocations=399 (full 21):
 ZHeap           used 11674M, capacity 16384M, max capacity 16384M
 Metaspace       used 369985K, committed 374272K, reserved 1376256K
  class space    used 61761K, committed 63744K, reserved 1048576K
}
Event: 549.543 GC heap after
{Heap after GC invocations=400 (full 21):
 ZHeap           used 4214M, capacity 16384M, max capacity 16384M
 Metaspace       used 369985K, committed 374272K, reserved 1376256K
  class space    used 61761K, committed 63744K, reserved 1048576K
}
Event: 550.932 GC heap before
{Heap before GC invocations=400 (full 21):
 ZHeap           used 12682M, capacity 16384M, max capacity 16384M
 Metaspace       used 369985K, committed 374272K, reserved 1376256K
  class space    used 61761K, committed 63744K, reserved 1048576K
}
Event: 551.195 GC heap after
{Heap after GC invocations=401 (full 21):
 ZHeap           used 4454M, capacity 16384M, max capacity 16384M
 Metaspace       used 369985K, committed 374272K, reserved 1376256K
  class space    used 61761K, committed 63744K, reserved 1048576K
}
Event: 552.396 GC heap before
{Heap before GC invocations=401 (full 21):
 ZHeap           used 12134M, capacity 16384M, max capacity 16384M
 Metaspace       used 369986K, committed 374272K, reserved 1376256K
  class space    used 61761K, committed 63744K, reserved 1048576K
}
Event: 552.655 GC heap after
{Heap after GC invocations=402 (full 21):
 ZHeap           used 4590M, capacity 16384M, max capacity 16384M
 Metaspace       used 369986K, committed 374272K, reserved 1376256K
  class space    used 61761K, committed 63744K, reserved 1048576K
}
Event: 553.637 GC heap before
{Heap before GC invocations=402 (full 21):
 ZHeap           used 9014M, capacity 16384M, max capacity 16384M
 Metaspace       used 369987K, committed 374272K, reserved 1376256K
  class space    used 61761K, committed 63744K, reserved 1048576K
}
Event: 554.103 GC heap after
{Heap after GC invocations=403 (full 21):
 ZHeap           used 6776M, capacity 16384M, max capacity 16384M
 Metaspace       used 369987K, committed 374272K, reserved 1376256K
  class space    used 61761K, committed 63744K, reserved 1048576K
}
Event: 554.631 GC heap before
{Heap before GC invocations=403 (full 21):
 ZHeap           used 9570M, capacity 16384M, max capacity 16384M
 Metaspace       used 369987K, committed 374272K, reserved 1376256K
  class space    used 61761K, committed 63744K, reserved 1048576K
}
Event: 555.003 GC heap after
{Heap after GC invocations=404 (full 21):
 ZHeap           used 6020M, capacity 16384M, max capacity 16384M
 Metaspace       used 369987K, committed 374272K, reserved 1376256K
  class space    used 61761K, committed 63744K, reserved 1048576K
}
Event: 555.374 GC heap before
{Heap before GC invocations=404 (full 21):
 ZHeap           used 8640M, capacity 16384M, max capacity 16384M
 Metaspace       used 369987K, committed 374272K, reserved 1376256K
  class space    used 61761K, committed 63744K, reserved 1048576K
}
Event: 555.718 GC heap after
{Heap after GC invocations=405 (full 21):
 ZHeap           used 5826M, capacity 16384M, max capacity 16384M
 Metaspace       used 369987K, committed 374272K, reserved 1376256K
  class space    used 61761K, committed 63744K, reserved 1048576K
}
Event: 556.221 GC heap before
{Heap before GC invocations=405 (full 21):
 ZHeap           used 8550M, capacity 16384M, max capacity 16384M
 Metaspace       used 369987K, committed 374272K, reserved 1376256K
  class space    used 61761K, committed 63744K, reserved 1048576K
}
Event: 556.573 GC heap after
{Heap after GC invocations=406 (full 21):
 ZHeap           used 6242M, capacity 16384M, max capacity 16384M
 Metaspace       used 369988K, committed 374272K, reserved 1376256K
  class space    used 61761K, committed 63744K, reserved 1048576K
}
Event: 557.129 GC heap before
{Heap before GC invocations=406 (full 21):
 ZHeap           used 9896M, capacity 16384M, max capacity 16384M
 Metaspace       used 369988K, committed 374272K, reserved 1376256K
  class space    used 61761K, committed 63744K, reserved 1048576K
}
Event: 557.487 GC heap after
{Heap after GC invocations=407 (full 21):
 ZHeap           used 5298M, capacity 16384M, max capacity 16384M
 Metaspace       used 369988K, committed 374272K, reserved 1376256K
  class space    used 61761K, committed 63744K, reserved 1048576K
}
Event: 558.224 GC heap before
{Heap before GC invocations=407 (full 21):
 ZHeap           used 10594M, capacity 16384M, max capacity 16384M
 Metaspace       used 369988K, committed 374272K, reserved 1376256K
  class space    used 61761K, committed 63744K, reserved 1048576K
}
Event: 558.650 GC heap after
{Heap after GC invocations=408 (full 21):
 ZHeap           used 6504M, capacity 16384M, max capacity 16384M
 Metaspace       used 369989K, committed 374272K, reserved 1376256K
  class space    used 61761K, committed 63744K, reserved 1048576K
}
Event: 559.092 GC heap before
{Heap before GC invocations=408 (full 21):
 ZHeap           used 8850M, capacity 16384M, max capacity 16384M
 Metaspace       used 369989K, committed 374272K, reserved 1376256K
  class space    used 61761K, committed 63744K, reserved 1048576K
}
Event: 559.451 GC heap after
{Heap after GC invocations=409 (full 21):
 ZHeap           used 6166M, capacity 16384M, max capacity 16384M
 Metaspace       used 369989K, committed 374272K, reserved 1376256K
  class space    used 61761K, committed 63744K, reserved 1048576K
}
Event: 559.861 GC heap before
{Heap before GC invocations=409 (full 21):
 ZHeap           used 9466M, capacity 16384M, max capacity 16384M
 Metaspace       used 369989K, committed 374272K, reserved 1376256K
  class space    used 61761K, committed 63744K, reserved 1048576K
}
Event: 560.242 GC heap after
{Heap after GC invocations=410 (full 21):
 ZHeap           used 5824M, capacity 16384M, max capacity 16384M
 Metaspace       used 369989K, committed 374272K, reserved 1376256K
  class space    used 61761K, committed 63744K, reserved 1048576K
}
Event: 561.081 GC heap before
{Heap before GC invocations=410 (full 21):
 ZHeap           used 9736M, capacity 16384M, max capacity 16384M
 Metaspace       used 369989K, committed 374272K, reserved 1376256K
  class space    used 61761K, committed 63744K, reserved 1048576K
}
Event: 561.362 GC heap after
{Heap after GC invocations=411 (full 21):
 ZHeap           used 4652M, capacity 16384M, max capacity 16384M
 Metaspace       used 369989K, committed 374272K, reserved 1376256K
  class space    used 61761K, committed 63744K, reserved 1048576K
}
Event: 562.205 GC heap before
{Heap before GC invocations=411 (full 21):
 ZHeap           used 9000M, capacity 16384M, max capacity 16384M
 Metaspace       used 369991K, committed 374272K, reserved 1376256K
  class space    used 61761K, committed 63744K, reserved 1048576K
}
Event: 562.515 GC heap after
{Heap after GC invocations=412 (full 21):
 ZHeap           used 5128M, capacity 16384M, max capacity 16384M
 Metaspace       used 369991K, committed 374272K, reserved 1376256K
  class space    used 61761K, committed 63744K, reserved 1048576K
}
Event: 563.561 GC heap before
{Heap before GC invocations=412 (full 21):
 ZHeap           used 11432M, capacity 16384M, max capacity 16384M
 Metaspace       used 369992K, committed 374272K, reserved 1376256K
  class space    used 61761K, committed 63744K, reserved 1048576K
}
Event: 564.067 GC heap after
{Heap after GC invocations=413 (full 21):
 ZHeap           used 6794M, capacity 16384M, max capacity 16384M
 Metaspace       used 369993K, committed 374336K, reserved 1376256K
  class space    used 61761K, committed 63744K, reserved 1048576K
}
Event: 564.067 GC heap before
{Heap before GC invocations=413 (full 21):
 ZHeap           used 6794M, capacity 16384M, max capacity 16384M
 Metaspace       used 369993K, committed 374336K, reserved 1376256K
  class space    used 61761K, committed 63744K, reserved 1048576K
}
Event: 564.427 GC heap after
{Heap after GC invocations=414 (full 21):
 ZHeap           used 5506M, capacity 16384M, max capacity 16384M
 Metaspace       used 369993K, committed 374336K, reserved 1376256K
  class space    used 61761K, committed 63744K, reserved 1048576K
}
Event: 564.791 GC heap before
{Heap before GC invocations=414 (full 21):
 ZHeap           used 7894M, capacity 16384M, max capacity 16384M
 Metaspace       used 369993K, committed 374336K, reserved 1376256K
  class space    used 61761K, committed 63744K, reserved 1048576K
}
Event: 565.115 GC heap after
{Heap after GC invocations=415 (full 22):
 ZHeap           used 5624M, capacity 16384M, max capacity 16384M
 Metaspace       used 369993K, committed 374336K, reserved 1376256K
  class space    used 61761K, committed 63744K, reserved 1048576K
}
Event: 565.115 GC heap before
{Heap before GC invocations=415 (full 22):
 ZHeap           used 5624M, capacity 16384M, max capacity 16384M
 Metaspace       used 369993K, committed 374336K, reserved 1376256K
  class space    used 61761K, committed 63744K, reserved 1048576K
}
Event: 565.889 GC heap before
{Heap before GC invocations=415 (full 22):
 ZHeap           used 9882M, capacity 16384M, max capacity 16384M
 Metaspace       used 369993K, committed 374336K, reserved 1376256K
  class space    used 61761K, committed 63744K, reserved 1048576K
}
Event: 566.198 GC heap after
{Heap after GC invocations=416 (full 22):
 ZHeap           used 5748M, capacity 16384M, max capacity 16384M
 Metaspace       used 369993K, committed 374336K, reserved 1376256K
  class space    used 61761K, committed 63744K, reserved 1048576K
}
Event: 567.192 GC heap before
{Heap before GC invocations=416 (full 22):
 ZHeap           used 11086M, capacity 16384M, max capacity 16384M
 Metaspace       used 369993K, committed 374336K, reserved 1376256K
  class space    used 61761K, committed 63744K, reserved 1048576K
}
Event: 567.531 GC heap after
{Heap after GC invocations=417 (full 22):
 ZHeap           used 5832M, capacity 16384M, max capacity 16384M
 Metaspace       used 369994K, committed 374336K, reserved 1376256K
  class space    used 61761K, committed 63744K, reserved 1048576K
}
Event: 568.626 GC heap after
{Heap after GC invocations=417 (full 22):
 ZHeap           used 10548M, capacity 16384M, max capacity 16384M
 Metaspace       used 370002K, committed 374336K, reserved 1376256K
  class space    used 61761K, committed 63744K, reserved 1048576K
}
Event: 568.735 GC heap before
{Heap before GC invocations=417 (full 22):
 ZHeap           used 11374M, capacity 16384M, max capacity 16384M
 Metaspace       used 370002K, committed 374336K, reserved 1376256K
  class space    used 61761K, committed 63744K, reserved 1048576K
}
Event: 569.135 GC heap after
{Heap after GC invocations=418 (full 22):
 ZHeap           used 5168M, capacity 16384M, max capacity 16384M
 Metaspace       used 370002K, committed 374336K, reserved 1376256K
  class space    used 61761K, committed 63744K, reserved 1048576K
}
Event: 569.921 GC heap before
{Heap before GC invocations=418 (full 22):
 ZHeap           used 10364M, capacity 16384M, max capacity 16384M
 Metaspace       used 370002K, committed 374336K, reserved 1376256K
  class space    used 61761K, committed 63744K, reserved 1048576K
}
Event: 570.325 GC heap after
{Heap after GC invocations=419 (full 22):
 ZHeap           used 5148M, capacity 16384M, max capacity 16384M
 Metaspace       used 370002K, committed 374336K, reserved 1376256K
  class space    used 61761K, committed 63744K, reserved 1048576K
}
Event: 571.918 GC heap before
{Heap before GC invocations=419 (full 22):
 ZHeap           used 9970M, capacity 16384M, max capacity 16384M
 Metaspace       used 370010K, committed 374336K, reserved 1376256K
  class space    used 61761K, committed 63744K, reserved 1048576K
}
Event: 572.231 GC heap after
{Heap after GC invocations=420 (full 22):
 ZHeap           used 3888M, capacity 16384M, max capacity 16384M
 Metaspace       used 370010K, committed 374336K, reserved 1376256K
  class space    used 61761K, committed 63744K, reserved 1048576K
}
Event: 574.521 GC heap before
{Heap before GC invocations=420 (full 22):
 ZHeap           used 8472M, capacity 16384M, max capacity 16384M
 Metaspace       used 370057K, committed 374400K, reserved 1376256K
  class space    used 61765K, committed 63744K, reserved 1048576K
}
Event: 574.788 GC heap after
{Heap after GC invocations=421 (full 22):
 ZHeap           used 3748M, capacity 16384M, max capacity 16384M
 Metaspace       used 370057K, committed 374400K, reserved 1376256K
  class space    used 61765K, committed 63744K, reserved 1048576K
}

Dll operation events (27 events):
Event: 0.004 Loaded shared library C:\Users\justi\AppData\Roaming\PrismLauncher\java\java-runtime-delta\bin\java.dll
Event: 0.005 Loaded shared library KernelBase
Event: 0.284 Loaded shared library C:\Users\justi\AppData\Roaming\PrismLauncher\java\java-runtime-delta\bin\zip.dll
Event: 0.309 Loaded shared library C:\Users\justi\AppData\Roaming\PrismLauncher\java\java-runtime-delta\bin\jsvml.dll
Event: 0.355 Loaded shared library C:\Users\justi\AppData\Roaming\PrismLauncher\java\java-runtime-delta\bin\net.dll
Event: 0.357 Loaded shared library C:\Users\justi\AppData\Roaming\PrismLauncher\java\java-runtime-delta\bin\nio.dll
Event: 0.360 Loaded shared library C:\Users\justi\AppData\Roaming\PrismLauncher\java\java-runtime-delta\bin\zip.dll
Event: 0.408 Loaded shared library C:\Users\justi\AppData\Roaming\PrismLauncher\java\java-runtime-delta\bin\jimage.dll
Event: 0.922 Loaded shared library C:\Users\justi\AppData\Roaming\PrismLauncher\java\java-runtime-delta\bin\verify.dll
Event: 1.960 Loaded shared library C:\Users\justi\AppData\Roaming\PrismLauncher\java\java-runtime-delta\bin\management.dll
Event: 1.962 Loaded shared library C:\Users\justi\AppData\Roaming\PrismLauncher\java\java-runtime-delta\bin\management_ext.dll
Event: 3.012 Loaded shared library C:\Users\justi\AppData\Local\Temp\lwjgl_justi\3.3.3+5\x64\lwjgl.dll
Event: 3.229 Loaded shared library C:\Users\justi\AppData\Local\Temp\lwjgl_justi\3.3.3+5\x64\lwjgl_stb.dll
Event: 3.304 Loaded shared library C:\Users\justi\AppData\Local\Temp\lwjgl_justi\3.3.3+5\x64\lwjgl_opengl.dll
Event: 11.431 Loaded shared library C:\Users\justi\AppData\Local\Temp\jna-101492989\jna16930892768045116526.dll
Event: 16.060 Loaded shared library C:\Users\justi\AppData\Roaming\PrismLauncher\java\java-runtime-delta\bin\sunmscapi.dll
Event: 16.175 Loaded shared library C:\Users\justi\AppData\Roaming\PrismLauncher\java\java-runtime-delta\bin\extnet.dll
Event: 17.263 Loaded shared library C:\Users\justi\AppData\Roaming\PrismLauncher\java\java-runtime-delta\bin\awt.dll
Event: 23.136 Loaded shared library C:\Users\justi\AppData\Local\Temp\imgui-java-natives\1.88.0\imgui-java64.dll
Event: 25.257 Loaded shared library C:\Users\justi\AppData\Local\Temp\libopus4j-9783d0e001158567d1e08f6bb3b2c5b5\libopus4j.dll
Event: 25.288 Loaded shared library C:\Users\justi\AppData\Local\Temp\librnnoise4j-40cc1fdd40ca1100a850ddee14466799\librnnoise4j.dll
Event: 25.330 Loaded shared library C:\Users\justi\AppData\Local\Temp\libzstd-jni_dh-1.5.7-66296656878337223240.dll
Event: 25.331 Loaded shared library C:\Users\justi\AppData\Local\Temp\libspeex4j-e39751f08962f3611e66c90baf107894\libspeex4j.dll
Event: 25.350 Loaded shared library C:\Users\justi\AppData\Local\Temp\liblame4j-290c3436fe9f7c2b8e165ddcb5ad66ce\liblame4j.dll
Event: 25.514 Loaded shared library C:\Users\justi\AppData\Local\Temp\sqlite-3.47.2.0-2afa80d3-9895-4324-8fc8-cf68ddbc69d0-sqlitejdbc.dll
Event: 36.377 Loaded shared library C:\Users\justi\AppData\Roaming\PrismLauncher\java\java-runtime-delta\bin\jsound.dll
Event: 67.313 Loaded shared library C:\Users\justi\AppData\Local\Temp\sable_rapier_natives8885038100710095345.tmp

Deoptimization events (250 events):
Event: 524.412 Thread 0x000001bcca4d3740 Uncommon trap: trap_request=0xffffffc6 fr.pc=0x000001b8a0e35eb4 relative=0x0000000000000914
Event: 524.412 Thread 0x000001bcca4d3740 Uncommon trap: reason=bimorphic_or_optimized_type_check action=maybe_recompile pc=0x000001b8a0e35eb4 method=dev.hybridlabs.aquatic.entity.ai.goal.boids.BoidGoal.alignment()Lnet/minecraft/world/phys/Vec3; @ 35 c2
Event: 524.412 Thread 0x000001bcca4d3740 DEOPT PACKING pc=0x000001b8a0e35eb4 sp=0x0000005e24cfe6e0
Event: 524.413 Thread 0x000001bcca4d3740 DEOPT UNPACKING pc=0x000001b89c0573a2 sp=0x0000005e24cfe6a8 mode 2
Event: 524.413 Thread 0x000001bcca4d3740 Uncommon trap: trap_request=0xffffffc6 fr.pc=0x000001b89ff10ad4 relative=0x00000000000011b4
Event: 524.413 Thread 0x000001bcca4d3740 Uncommon trap: reason=bimorphic_or_optimized_type_check action=maybe_recompile pc=0x000001b89ff10ad4 method=dev.hybridlabs.aquatic.entity.ai.goal.boids.BoidGoal.random()Lnet/minecraft/world/phys/Vec3; @ 4 c2
Event: 524.413 Thread 0x000001bcca4d3740 DEOPT PACKING pc=0x000001b89ff10ad4 sp=0x0000005e24cfe760
Event: 524.413 Thread 0x000001bcca4d3740 DEOPT UNPACKING pc=0x000001b89c0573a2 sp=0x0000005e24cfe6a8 mode 2
Event: 524.461 Thread 0x000001bcca4d3740 Uncommon trap: trap_request=0xffffffc6 fr.pc=0x000001b89d953f90 relative=0x00000000000001b0
Event: 524.461 Thread 0x000001bcca4d3740 Uncommon trap: reason=bimorphic_or_optimized_type_check action=maybe_recompile pc=0x000001b89d953f90 method=dev.hybridlabs.aquatic.entity.ai.goal.boids.BoidGoal$Companion.getNearbyEntitiesOfSameClass$lambda$0(Lnet/minecraft/world/entity/Mob;Lnet/minecraft
Event: 524.461 Thread 0x000001bcca4d3740 DEOPT PACKING pc=0x000001b89d953f90 sp=0x0000005e24cfe2f0
Event: 524.461 Thread 0x000001bcca4d3740 DEOPT UNPACKING pc=0x000001b89c0573a2 sp=0x0000005e24cfe218 mode 2
Event: 524.461 Thread 0x000001bcca4d3740 Uncommon trap: trap_request=0xffffffc6 fr.pc=0x000001b8a0e35eb4 relative=0x0000000000000914
Event: 524.461 Thread 0x000001bcca4d3740 Uncommon trap: reason=bimorphic_or_optimized_type_check action=maybe_recompile pc=0x000001b8a0e35eb4 method=dev.hybridlabs.aquatic.entity.ai.goal.boids.BoidGoal.alignment()Lnet/minecraft/world/phys/Vec3; @ 35 c2
Event: 524.461 Thread 0x000001bcca4d3740 DEOPT PACKING pc=0x000001b8a0e35eb4 sp=0x0000005e24cfe6e0
Event: 524.461 Thread 0x000001bcca4d3740 DEOPT UNPACKING pc=0x000001b89c0573a2 sp=0x0000005e24cfe6a8 mode 2
Event: 524.461 Thread 0x000001bcca4d3740 Uncommon trap: trap_request=0xffffffc6 fr.pc=0x000001b89ff10ad4 relative=0x00000000000011b4
Event: 524.461 Thread 0x000001bcca4d3740 Uncommon trap: reason=bimorphic_or_optimized_type_check action=maybe_recompile pc=0x000001b89ff10ad4 method=dev.hybridlabs.aquatic.entity.ai.goal.boids.BoidGoal.random()Lnet/minecraft/world/phys/Vec3; @ 4 c2
Event: 524.461 Thread 0x000001bcca4d3740 DEOPT PACKING pc=0x000001b89ff10ad4 sp=0x0000005e24cfe760
Event: 524.461 Thread 0x000001bcca4d3740 DEOPT UNPACKING pc=0x000001b89c0573a2 sp=0x0000005e24cfe6a8 mode 2
Event: 524.514 Thread 0x000001bcca4d3740 Uncommon trap: trap_request=0xffffffc6 fr.pc=0x000001b8a0e35eb4 relative=0x0000000000000914
Event: 524.514 Thread 0x000001bcca4d3740 Uncommon trap: reason=bimorphic_or_optimized_type_check action=maybe_recompile pc=0x000001b8a0e35eb4 method=dev.hybridlabs.aquatic.entity.ai.goal.boids.BoidGoal.alignment()Lnet/minecraft/world/phys/Vec3; @ 35 c2
Event: 524.514 Thread 0x000001bcca4d3740 DEOPT PACKING pc=0x000001b8a0e35eb4 sp=0x0000005e24cfe6e0
Event: 524.514 Thread 0x000001bcca4d3740 DEOPT UNPACKING pc=0x000001b89c0573a2 sp=0x0000005e24cfe6a8 mode 2
Event: 524.514 Thread 0x000001bcca4d3740 Uncommon trap: trap_request=0xffffffc6 fr.pc=0x000001b89ff10ad4 relative=0x00000000000011b4
Event: 524.514 Thread 0x000001bcca4d3740 Uncommon trap: reason=bimorphic_or_optimized_type_check action=maybe_recompile pc=0x000001b89ff10ad4 method=dev.hybridlabs.aquatic.entity.ai.goal.boids.BoidGoal.random()Lnet/minecraft/world/phys/Vec3; @ 4 c2
Event: 524.514 Thread 0x000001bcca4d3740 DEOPT PACKING pc=0x000001b89ff10ad4 sp=0x0000005e24cfe760
Event: 524.514 Thread 0x000001bcca4d3740 DEOPT UNPACKING pc=0x000001b89c0573a2 sp=0x0000005e24cfe6a8 mode 2
Event: 524.557 Thread 0x000001bcca4d3740 Uncommon trap: trap_request=0xffffffc6 fr.pc=0x000001b8a0e35eb4 relative=0x0000000000000914
Event: 524.557 Thread 0x000001bcca4d3740 Uncommon trap: reason=bimorphic_or_optimized_type_check action=maybe_recompile pc=0x000001b8a0e35eb4 method=dev.hybridlabs.aquatic.entity.ai.goal.boids.BoidGoal.alignment()Lnet/minecraft/world/phys/Vec3; @ 35 c2
Event: 524.557 Thread 0x000001bcca4d3740 DEOPT PACKING pc=0x000001b8a0e35eb4 sp=0x0000005e24cfe6e0
Event: 524.557 Thread 0x000001bcca4d3740 DEOPT UNPACKING pc=0x000001b89c0573a2 sp=0x0000005e24cfe6a8 mode 2
Event: 524.557 Thread 0x000001bcca4d3740 Uncommon trap: trap_request=0xffffffc6 fr.pc=0x000001b89ff10ad4 relative=0x00000000000011b4
Event: 524.557 Thread 0x000001bcca4d3740 Uncommon trap: reason=bimorphic_or_optimized_type_check action=maybe_recompile pc=0x000001b89ff10ad4 method=dev.hybridlabs.aquatic.entity.ai.goal.boids.BoidGoal.random()Lnet/minecraft/world/phys/Vec3; @ 4 c2
Event: 524.557 Thread 0x000001bcca4d3740 DEOPT PACKING pc=0x000001b89ff10ad4 sp=0x0000005e24cfe760
Event: 524.557 Thread 0x000001bcca4d3740 DEOPT UNPACKING pc=0x000001b89c0573a2 sp=0x0000005e24cfe6a8 mode 2
Event: 526.407 Thread 0x000001bcca4d3740 Uncommon trap: trap_request=0xffffffc6 fr.pc=0x000001b89d953f90 relative=0x00000000000001b0
Event: 526.407 Thread 0x000001bcca4d3740 Uncommon trap: reason=bimorphic_or_optimized_type_check action=maybe_recompile pc=0x000001b89d953f90 method=dev.hybridlabs.aquatic.entity.ai.goal.boids.BoidGoal$Companion.getNearbyEntitiesOfSameClass$lambda$0(Lnet/minecraft/world/entity/Mob;Lnet/minecraft
Event: 526.407 Thread 0x000001bcca4d3740 DEOPT PACKING pc=0x000001b89d953f90 sp=0x0000005e24cfe2b0
Event: 526.407 Thread 0x000001bcca4d3740 DEOPT UNPACKING pc=0x000001b89c0573a2 sp=0x0000005e24cfe1d8 mode 2
Event: 526.458 Thread 0x000001bcca4d3740 Uncommon trap: trap_request=0xffffffc6 fr.pc=0x000001b89d953f90 relative=0x00000000000001b0
Event: 526.458 Thread 0x000001bcca4d3740 Uncommon trap: reason=bimorphic_or_optimized_type_check action=maybe_recompile pc=0x000001b89d953f90 method=dev.hybridlabs.aquatic.entity.ai.goal.boids.BoidGoal$Companion.getNearbyEntitiesOfSameClass$lambda$0(Lnet/minecraft/world/entity/Mob;Lnet/minecraft
Event: 526.458 Thread 0x000001bcca4d3740 DEOPT PACKING pc=0x000001b89d953f90 sp=0x0000005e24cfe2b0
Event: 526.458 Thread 0x000001bcca4d3740 DEOPT UNPACKING pc=0x000001b89c0573a2 sp=0x0000005e24cfe1d8 mode 2
Event: 526.860 Thread 0x000001bcca4d99b0 Uncommon trap: trap_request=0xffffffbe fr.pc=0x000001b89fabbc7c relative=0x00000000000067fc
Event: 526.860 Thread 0x000001bcca4d99b0 Uncommon trap: reason=profile_predicate action=maybe_recompile pc=0x000001b89fabbc7c method=java.util.concurrent.ConcurrentHashMap$Traverser.advance()Ljava/util/concurrent/ConcurrentHashMap$Node; @ 15 c2
Event: 526.860 Thread 0x000001bcca4d99b0 DEOPT PACKING pc=0x000001b89fabbc7c sp=0x0000005e283fedc0
Event: 526.860 Thread 0x000001bcca4d99b0 DEOPT UNPACKING pc=0x000001b89c0573a2 sp=0x0000005e283feb50 mode 2
Event: 526.860 Thread 0x000001bcca4d99b0 Uncommon trap: trap_request=0xffffffbe fr.pc=0x000001b89fabbc7c relative=0x00000000000067fc
Event: 526.860 Thread 0x000001bcca4d99b0 Uncommon trap: reason=profile_predicate action=maybe_recompile pc=0x000001b89fabbc7c method=java.util.concurrent.ConcurrentHashMap$Traverser.advance()Ljava/util/concurrent/ConcurrentHashMap$Node; @ 15 c2
Event: 526.860 Thread 0x000001bcca4d99b0 DEOPT PACKING pc=0x000001b89fabbc7c sp=0x0000005e283fedc0
Event: 526.860 Thread 0x000001bcca4d99b0 DEOPT UNPACKING pc=0x000001b89c0573a2 sp=0x0000005e283feb50 mode 2
Event: 526.860 Thread 0x000001bcca4d99b0 Uncommon trap: trap_request=0xffffffbe fr.pc=0x000001b89fabbc7c relative=0x00000000000067fc
Event: 526.860 Thread 0x000001bcca4d99b0 Uncommon trap: reason=profile_predicate action=maybe_recompile pc=0x000001b89fabbc7c method=java.util.concurrent.ConcurrentHashMap$Traverser.advance()Ljava/util/concurrent/ConcurrentHashMap$Node; @ 15 c2
Event: 526.860 Thread 0x000001bcca4d99b0 DEOPT PACKING pc=0x000001b89fabbc7c sp=0x0000005e283fedc0
Event: 526.860 Thread 0x000001bcca4d99b0 DEOPT UNPACKING pc=0x000001b89c0573a2 sp=0x0000005e283feb50 mode 2
Event: 526.860 Thread 0x000001bcca4d99b0 Uncommon trap: trap_request=0xffffffbe fr.pc=0x000001b89fabbc7c relative=0x00000000000067fc
Event: 526.860 Thread 0x000001bcca4d99b0 Uncommon trap: reason=profile_predicate action=maybe_recompile pc=0x000001b89fabbc7c method=java.util.concurrent.ConcurrentHashMap$Traverser.advance()Ljava/util/concurrent/ConcurrentHashMap$Node; @ 15 c2
Event: 526.860 Thread 0x000001bcca4d99b0 DEOPT PACKING pc=0x000001b89fabbc7c sp=0x0000005e283fedc0
Event: 526.860 Thread 0x000001bcca4d99b0 DEOPT UNPACKING pc=0x000001b89c0573a2 sp=0x0000005e283feb50 mode 2
Event: 529.473 Thread 0x000001b8907c2400 Uncommon trap: trap_request=0xffffff6e fr.pc=0x000001b8a04f5ecc relative=0x000000000000310c
Event: 529.473 Thread 0x000001b8907c2400 Uncommon trap: reason=loop_limit_check action=maybe_recompile pc=0x000001b8a04f5ecc method=net.caffeinemc.mods.sodium.client.render.chunk.region.RenderRegionManager.uploadResults(Lnet/caffeinemc/mods/sodium/client/gl/device/CommandList;Ljava/util/Collecti
Event: 529.473 Thread 0x000001b8907c2400 DEOPT PACKING pc=0x000001b8a04f5ecc sp=0x0000005e1b1fdb60
Event: 529.473 Thread 0x000001b8907c2400 DEOPT UNPACKING pc=0x000001b89c0573a2 sp=0x0000005e1b1fdad8 mode 2
Event: 532.923 Thread 0x000001b8907c2400 Uncommon trap: trap_request=0xffffff6e fr.pc=0x000001b89e2c05a8 relative=0x0000000000000408
Event: 532.923 Thread 0x000001b8907c2400 Uncommon trap: reason=loop_limit_check action=maybe_recompile pc=0x000001b89e2c05a8 method=net.caffeinemc.mods.sodium.client.world.cloned.ClonedChunkSection.copyBlockEntityRenderData(Lnet/minecraft/world/level/Level;Lit/unimi/dsi/fastutil/ints/Int2Referen
Event: 532.923 Thread 0x000001b8907c2400 DEOPT PACKING pc=0x000001b89e2c05a8 sp=0x0000005e1b1fd860
Event: 532.923 Thread 0x000001b8907c2400 DEOPT UNPACKING pc=0x000001b89c0573a2 sp=0x0000005e1b1fd7f0 mode 2
Event: 535.811 Thread 0x000001bd14741bd0 Uncommon trap: trap_request=0xffffff45 fr.pc=0x000001b8a05ac900 relative=0x0000000000005840
Event: 535.811 Thread 0x000001bd14741bd0 Uncommon trap: reason=unstable_if action=reinterpret pc=0x000001b8a05ac900 method=dev.worldgen.lithostitched.worldgen.structure.AlternateJigsawGenerator$StructurePoolGenerator.findValidChildPiece(Ljava/util/List;Lnet/minecraft/world/level/levelgen/structu
Event: 535.811 Thread 0x000001bd14741bd0 DEOPT PACKING pc=0x000001b8a05ac900 sp=0x0000005e31efe580
Event: 535.811 Thread 0x000001bd14741bd0 DEOPT UNPACKING pc=0x000001b89c0573a2 sp=0x0000005e31efe4c0 mode 2
Event: 535.830 Thread 0x000001bd14741bd0 Uncommon trap: trap_request=0xffffff45 fr.pc=0x000001b89ea9ef5c relative=0x0000000000004c9c
Event: 535.830 Thread 0x000001bd14741bd0 Uncommon trap: reason=unstable_if action=reinterpret pc=0x000001b89ea9ef5c method=dev.worldgen.lithostitched.worldgen.structure.AlternateJigsawGenerator$StructurePoolGenerator.findValidChildPiece(Ljava/util/List;Lnet/minecraft/world/level/levelgen/structu
Event: 535.830 Thread 0x000001bd14741bd0 DEOPT PACKING pc=0x000001b89ea9ef5c sp=0x0000005e31efe560
Event: 535.830 Thread 0x000001bd14741bd0 DEOPT UNPACKING pc=0x000001b89c0573a2 sp=0x0000005e31efe4c0 mode 2
Event: 536.209 Thread 0x000001bcca4d3740 Uncommon trap: trap_request=0xffffff45 fr.pc=0x000001b8a076ba48 relative=0x00000000000002e8
Event: 536.209 Thread 0x000001bcca4d3740 Uncommon trap: reason=unstable_if action=reinterpret pc=0x000001b8a076ba48 method=net.minecraft.world.entity.Mob.handler$dlg000$immersive_melodies$immersiveMelodies$injectBaseTick(Lorg/spongepowered/asm/mixin/injection/callback/CallbackInfo;)V @ 89 c2
Event: 536.209 Thread 0x000001bcca4d3740 DEOPT PACKING pc=0x000001b8a076ba48 sp=0x0000005e24cfe970
Event: 536.209 Thread 0x000001bcca4d3740 DEOPT UNPACKING pc=0x000001b89c0573a2 sp=0x0000005e24cfe8f8 mode 2
Event: 536.400 Thread 0x000001bd14741bd0 Uncommon trap: trap_request=0xffffffde fr.pc=0x000001b89deccb98 relative=0x0000000000002918
Event: 536.400 Thread 0x000001bd14741bd0 Uncommon trap: reason=class_check action=maybe_recompile pc=0x000001b89deccb98 method=com.seibel.distanthorizons.common.wrappers.block.BlockStateWrapper_neoforge.<init>(Lnet/minecraft/world/level/block/state/BlockState;Lcom/seibel/distanthorizons/core/wra
Event: 536.400 Thread 0x000001bd14741bd0 DEOPT PACKING pc=0x000001b89deccb98 sp=0x0000005e31efec40
Event: 536.400 Thread 0x000001bd14741bd0 DEOPT UNPACKING pc=0x000001b89c0573a2 sp=0x0000005e31efec18 mode 2
Event: 536.401 Thread 0x000001bd14741bd0 Uncommon trap: trap_request=0xffffffde fr.pc=0x000001b89deccb98 relative=0x0000000000002918
Event: 536.401 Thread 0x000001bd14741bd0 Uncommon trap: reason=class_check action=maybe_recompile pc=0x000001b89deccb98 method=com.seibel.distanthorizons.common.wrappers.block.BlockStateWrapper_neoforge.<init>(Lnet/minecraft/world/level/block/state/BlockState;Lcom/seibel/distanthorizons/core/wra
Event: 536.401 Thread 0x000001bd14741bd0 DEOPT PACKING pc=0x000001b89deccb98 sp=0x0000005e31efec40
Event: 536.401 Thread 0x000001bd14741bd0 DEOPT UNPACKING pc=0x000001b89c0573a2 sp=0x0000005e31efec18 mode 2
Event: 536.423 Thread 0x000001bd14741bd0 Uncommon trap: trap_request=0xffffffde fr.pc=0x000001b89deccb98 relative=0x0000000000002918
Event: 536.423 Thread 0x000001bd14741bd0 Uncommon trap: reason=class_check action=maybe_recompile pc=0x000001b89deccb98 method=com.seibel.distanthorizons.common.wrappers.block.BlockStateWrapper_neoforge.<init>(Lnet/minecraft/world/level/block/state/BlockState;Lcom/seibel/distanthorizons/core/wra
Event: 536.423 Thread 0x000001bd14741bd0 DEOPT PACKING pc=0x000001b89deccb98 sp=0x0000005e31efec40
Event: 536.423 Thread 0x000001bd14741bd0 DEOPT UNPACKING pc=0x000001b89c0573a2 sp=0x0000005e31efec18 mode 2
Event: 536.424 Thread 0x000001bd14741bd0 Uncommon trap: trap_request=0xffffffde fr.pc=0x000001b89deccb98 relative=0x0000000000002918
Event: 536.424 Thread 0x000001bd14741bd0 Uncommon trap: reason=class_check action=maybe_recompile pc=0x000001b89deccb98 method=com.seibel.distanthorizons.common.wrappers.block.BlockStateWrapper_neoforge.<init>(Lnet/minecraft/world/level/block/state/BlockState;Lcom/seibel/distanthorizons/core/wra
Event: 536.424 Thread 0x000001bd14741bd0 DEOPT PACKING pc=0x000001b89deccb98 sp=0x0000005e31efec40
Event: 536.424 Thread 0x000001bd14741bd0 DEOPT UNPACKING pc=0x000001b89c0573a2 sp=0x0000005e31efec18 mode 2
Event: 536.859 Thread 0x000001bcca4d3740 Uncommon trap: trap_request=0xffffff45 fr.pc=0x000001b8a0e42210 relative=0x0000000000005870
Event: 536.859 Thread 0x000001bcca4d3740 Uncommon trap: reason=unstable_if action=reinterpret pc=0x000001b8a0e42210 method=waves.common.entities.Wave.tick()V @ 632 c2
Event: 536.859 Thread 0x000001bcca4d3740 DEOPT PACKING pc=0x000001b8a0e42210 sp=0x0000005e24cfea70
Event: 536.859 Thread 0x000001bcca4d3740 DEOPT UNPACKING pc=0x000001b89c0573a2 sp=0x0000005e24cfe9c0 mode 2
Event: 538.619 Thread 0x000001bd6552b1d0 Uncommon trap: trap_request=0xffffffbe fr.pc=0x000001b89e0af5fc relative=0x000000000000175c
Event: 538.619 Thread 0x000001bd6552b1d0 Uncommon trap: reason=profile_predicate action=maybe_recompile pc=0x000001b89e0af5fc method=it.unimi.dsi.fastutil.objects.Object2ObjectLinkedOpenHashMap.putAndMoveToLast(Ljava/lang/Object;Ljava/lang/Object;)Ljava/lang/Object; @ 108 c2
Event: 538.619 Thread 0x000001bd6552b1d0 DEOPT PACKING pc=0x000001b89e0af5fc sp=0x0000005e2fafe860
Event: 538.619 Thread 0x000001bd6552b1d0 DEOPT UNPACKING pc=0x000001b89c0573a2 sp=0x0000005e2fafe810 mode 2
Event: 541.090 Thread 0x000001bd1473b2d0 Uncommon trap: trap_request=0xffffffbe fr.pc=0x000001b89d4bb3b0 relative=0x00000000000009d0
Event: 541.090 Thread 0x000001bd1473b2d0 Uncommon trap: reason=profile_predicate action=maybe_recompile pc=0x000001b89d4bb3b0 method=net.minecraft.world.level.biome.BiomeSource.findBiomeHorizontal(IIIIILjava/util/function/Predicate;Lnet/minecraft/util/RandomSource;ZLnet/minecraft/world/level/bio
Event: 541.090 Thread 0x000001bd1473b2d0 DEOPT PACKING pc=0x000001b89d4bb3b0 sp=0x0000005e235feb00
Event: 541.090 Thread 0x000001bd1473b2d0 DEOPT UNPACKING pc=0x000001b89c0573a2 sp=0x0000005e235fea40 mode 2
Event: 543.991 Thread 0x000001bd14742260 Uncommon trap: trap_request=0xffffff66 fr.pc=0x000001b89ce2d984 relative=0x00000000000002e4
Event: 543.991 Thread 0x000001bd14742260 Uncommon trap: reason=speculate_class_check action=maybe_recompile pc=0x000001b89ce2d984 method=com.mojang.datafixers.optics.Lens.lambda$eval$0(Ljava/lang/Object;)Lcom/mojang/datafixers/util/Pair; @ 2 c2
Event: 543.991 Thread 0x000001bd14742260 DEOPT PACKING pc=0x000001b89ce2d984 sp=0x0000005e25cfb7b0
Event: 543.991 Thread 0x000001bd14742260 DEOPT UNPACKING pc=0x000001b89c0573a2 sp=0x0000005e25cfb5f8 mode 2
Event: 543.991 Thread 0x000001bd14742260 Uncommon trap: trap_request=0xffffff66 fr.pc=0x000001b89ce2d984 relative=0x00000000000002e4
Event: 543.991 Thread 0x000001bd14742260 Uncommon trap: reason=speculate_class_check action=maybe_recompile pc=0x000001b89ce2d984 method=com.mojang.datafixers.optics.Lens.lambda$eval$0(Ljava/lang/Object;)Lcom/mojang/datafixers/util/Pair; @ 2 c2
Event: 543.991 Thread 0x000001bd14742260 DEOPT PACKING pc=0x000001b89ce2d984 sp=0x0000005e25cfb5c0
Event: 543.991 Thread 0x000001bd14742260 DEOPT UNPACKING pc=0x000001b89c0573a2 sp=0x0000005e25cfb408 mode 2
Event: 544.108 Thread 0x000001bd14742260 Uncommon trap: trap_request=0xffffff66 fr.pc=0x000001b89cf903b4 relative=0x0000000000000434
Event: 544.108 Thread 0x000001bd14742260 Uncommon trap: reason=speculate_class_check action=maybe_recompile pc=0x000001b89cf903b4 method=com.mojang.datafixers.optics.Lens.lambda$eval$0(Ljava/lang/Object;)Lcom/mojang/datafixers/util/Pair; @ 2 c2
Event: 544.108 Thread 0x000001bd14742260 DEOPT PACKING pc=0x000001b89cf903b4 sp=0x0000005e25cfb7b0
Event: 544.108 Thread 0x000001bd14742260 DEOPT UNPACKING pc=0x000001b89c0573a2 sp=0x0000005e25cfb5e8 mode 2
Event: 544.108 Thread 0x000001bd14742260 Uncommon trap: trap_request=0xffffff66 fr.pc=0x000001b89cf903b4 relative=0x0000000000000434
Event: 544.108 Thread 0x000001bd14742260 Uncommon trap: reason=speculate_class_check action=maybe_recompile pc=0x000001b89cf903b4 method=com.mojang.datafixers.optics.Lens.lambda$eval$0(Ljava/lang/Object;)Lcom/mojang/datafixers/util/Pair; @ 2 c2
Event: 544.108 Thread 0x000001bd14742260 DEOPT PACKING pc=0x000001b89cf903b4 sp=0x0000005e25cfb5b0
Event: 544.108 Thread 0x000001bd14742260 DEOPT UNPACKING pc=0x000001b89c0573a2 sp=0x0000005e25cfb3e8 mode 2
Event: 544.167 Thread 0x000001bd14742260 Uncommon trap: trap_request=0xffffff66 fr.pc=0x000001b89c90b79c relative=0x000000000000047c
Event: 544.167 Thread 0x000001bd14742260 Uncommon trap: reason=speculate_class_check action=maybe_recompile pc=0x000001b89c90b79c method=com.mojang.datafixers.optics.Lens.lambda$eval$1(Lcom/mojang/datafixers/util/Pair;)Ljava/lang/Object; @ 9 c2
Event: 544.167 Thread 0x000001bd14742260 DEOPT PACKING pc=0x000001b89c90b79c sp=0x0000005e25cfb4f0
Event: 544.167 Thread 0x000001bd14742260 DEOPT UNPACKING pc=0x000001b89c0573a2 sp=0x0000005e25cfb338 mode 2
Event: 544.167 Thread 0x000001bd14742260 Uncommon trap: trap_request=0xffffff66 fr.pc=0x000001b89c90b79c relative=0x000000000000047c
Event: 544.167 Thread 0x000001bd14742260 Uncommon trap: reason=speculate_class_check action=maybe_recompile pc=0x000001b89c90b79c method=com.mojang.datafixers.optics.Lens.lambda$eval$1(Lcom/mojang/datafixers/util/Pair;)Ljava/lang/Object; @ 9 c2
Event: 544.167 Thread 0x000001bd14742260 DEOPT PACKING pc=0x000001b89c90b79c sp=0x0000005e25cfb610
Event: 544.167 Thread 0x000001bd14742260 DEOPT UNPACKING pc=0x000001b89c0573a2 sp=0x0000005e25cfb458 mode 2
Event: 544.167 Thread 0x000001bd14742260 Uncommon trap: trap_request=0xffffff66 fr.pc=0x000001b89c90b79c relative=0x000000000000047c
Event: 544.167 Thread 0x000001bd14742260 Uncommon trap: reason=speculate_class_check action=maybe_recompile pc=0x000001b89c90b79c method=com.mojang.datafixers.optics.Lens.lambda$eval$1(Lcom/mojang/datafixers/util/Pair;)Ljava/lang/Object; @ 9 c2
Event: 544.167 Thread 0x000001bd14742260 DEOPT PACKING pc=0x000001b89c90b79c sp=0x0000005e25cfb730
Event: 544.167 Thread 0x000001bd14742260 DEOPT UNPACKING pc=0x000001b89c0573a2 sp=0x0000005e25cfb578 mode 2
Event: 544.167 Thread 0x000001bd14742260 Uncommon trap: trap_request=0xffffff66 fr.pc=0x000001b89c90b79c relative=0x000000000000047c
Event: 544.167 Thread 0x000001bd14742260 Uncommon trap: reason=speculate_class_check action=maybe_recompile pc=0x000001b89c90b79c method=com.mojang.datafixers.optics.Lens.lambda$eval$1(Lcom/mojang/datafixers/util/Pair;)Ljava/lang/Object; @ 9 c2
Event: 544.167 Thread 0x000001bd14742260 DEOPT PACKING pc=0x000001b89c90b79c sp=0x0000005e25cfb850
Event: 544.167 Thread 0x000001bd14742260 DEOPT UNPACKING pc=0x000001b89c0573a2 sp=0x0000005e25cfb698 mode 2
Event: 544.167 Thread 0x000001bd14742260 Uncommon trap: trap_request=0xffffff66 fr.pc=0x000001b89c90b79c relative=0x000000000000047c
Event: 544.167 Thread 0x000001bd14742260 Uncommon trap: reason=speculate_class_check action=maybe_recompile pc=0x000001b89c90b79c method=com.mojang.datafixers.optics.Lens.lambda$eval$1(Lcom/mojang/datafixers/util/Pair;)Ljava/lang/Object; @ 9 c2
Event: 544.167 Thread 0x000001bd14742260 DEOPT PACKING pc=0x000001b89c90b79c sp=0x0000005e25cfb970
Event: 544.167 Thread 0x000001bd14742260 DEOPT UNPACKING pc=0x000001b89c0573a2 sp=0x0000005e25cfb7b8 mode 2
Event: 545.509 Thread 0x000001bcca4cc7b0 DEOPT PACKING pc=0x000001b8965e079d sp=0x0000005e32fff5f0
Event: 545.509 Thread 0x000001bcca4cc7b0 DEOPT UNPACKING pc=0x000001b89c057ee2 sp=0x0000005e32ffeb28 mode 0
Event: 546.554 Thread 0x000001bd1473b2d0 DEOPT PACKING pc=0x000001b8963c5dad sp=0x0000005e235fe9f0
Event: 546.554 Thread 0x000001bd1473b2d0 DEOPT UNPACKING pc=0x000001b89c057ee2 sp=0x0000005e235fdf40 mode 0
Event: 546.892 Thread 0x000001bd14741540 DEOPT PACKING pc=0x000001b895cda278 sp=0x0000005e259fe480
Event: 546.892 Thread 0x000001bd14741540 DEOPT UNPACKING pc=0x000001b89c057ee2 sp=0x0000005e259fd9b8 mode 0
Event: 547.119 Thread 0x000001bd6552ab40 Uncommon trap: trap_request=0xffffffbe fr.pc=0x000001b89e0af5fc relative=0x000000000000175c
Event: 547.119 Thread 0x000001bd6552ab40 Uncommon trap: reason=profile_predicate action=maybe_recompile pc=0x000001b89e0af5fc method=it.unimi.dsi.fastutil.objects.Object2ObjectLinkedOpenHashMap.putAndMoveToLast(Ljava/lang/Object;Ljava/lang/Object;)Ljava/lang/Object; @ 108 c2
Event: 547.119 Thread 0x000001bd6552ab40 DEOPT PACKING pc=0x000001b89e0af5fc sp=0x0000005e2f5fe950
Event: 547.119 Thread 0x000001bd6552ab40 DEOPT UNPACKING pc=0x000001b89c0573a2 sp=0x0000005e2f5fe900 mode 2
Event: 547.598 Thread 0x000001b8907c2400 Uncommon trap: trap_request=0xffffff45 fr.pc=0x000001b8a04ff34c relative=0x00000000000007cc
Event: 547.598 Thread 0x000001b8907c2400 Uncommon trap: reason=unstable_if action=reinterpret pc=0x000001b8a04ff34c method=java.util.Random.next(I)I @ 35 c2
Event: 547.598 Thread 0x000001b8907c2400 DEOPT PACKING pc=0x000001b8a04ff34c sp=0x0000005e1b1fdc50
Event: 547.599 Thread 0x000001b8907c2400 DEOPT UNPACKING pc=0x000001b89c0573a2 sp=0x0000005e1b1fd8d0 mode 2
Event: 550.961 Thread 0x000001bcca4d3740 Uncommon trap: trap_request=0xffffff6e fr.pc=0x000001b8a0011474 relative=0x0000000000002af4
Event: 550.961 Thread 0x000001bcca4d3740 Uncommon trap: reason=loop_limit_check action=maybe_recompile pc=0x000001b8a0011474 method=folk.sisby.surveyor.Surveyor.checkStructureExploration(Lnet/minecraft/server/level/ServerLevel;Lnet/minecraft/server/level/ServerPlayer;Lnet/minecraft/core/BlockPos
Event: 550.961 Thread 0x000001bcca4d3740 DEOPT PACKING pc=0x000001b8a0011474 sp=0x0000005e24cfebf0
Event: 550.961 Thread 0x000001bcca4d3740 DEOPT UNPACKING pc=0x000001b89c0573a2 sp=0x0000005e24cfec00 mode 2
Event: 551.414 Thread 0x000001bd14746400 Uncommon trap: trap_request=0xffffff45 fr.pc=0x000001b89ff63b94 relative=0x0000000000000ad4
Event: 551.414 Thread 0x000001bd14746400 Uncommon trap: reason=unstable_if action=reinterpret pc=0x000001b89ff63b94 method=net.minecraft.world.level.levelgen.feature.BambooFeature.place(Lnet/minecraft/world/level/levelgen/feature/FeaturePlaceContext;)Z @ 280 c2
Event: 551.414 Thread 0x000001bd14746400 DEOPT PACKING pc=0x000001b89ff63b94 sp=0x0000005e23afe220
Event: 551.414 Thread 0x000001bd14746400 DEOPT UNPACKING pc=0x000001b89c0573a2 sp=0x0000005e23afe188 mode 2
Event: 551.962 Thread 0x000001bd558dde20 DEOPT PACKING pc=0x000001b895c4c884 sp=0x0000005e1ddff710
Event: 551.962 Thread 0x000001bd558dde20 DEOPT UNPACKING pc=0x000001b89c057ee2 sp=0x0000005e1ddfebf8 mode 0
Event: 556.081 Thread 0x000001bd14745050 Uncommon trap: trap_request=0xffffff45 fr.pc=0x000001b89e60de3c relative=0x000000000000031c
Event: 556.081 Thread 0x000001bd14745050 Uncommon trap: reason=unstable_if action=reinterpret pc=0x000001b89e60de3c method=net.minecraft.world.level.levelgen.BitRandomSource.nextInt(I)I @ 59 c2
Event: 556.081 Thread 0x000001bd14745050 DEOPT PACKING pc=0x000001b89e60de3c sp=0x0000005e31cfe9c0
Event: 556.081 Thread 0x000001bd14745050 DEOPT UNPACKING pc=0x000001b89c0573a2 sp=0x0000005e31cfe860 mode 2
Event: 562.703 Thread 0x000001bcca4d3740 Uncommon trap: trap_request=0xffffff45 fr.pc=0x000001b89e3a1a6c relative=0x0000000000001d2c
Event: 562.703 Thread 0x000001bcca4d3740 Uncommon trap: reason=unstable_if action=reinterpret pc=0x000001b89e3a1a6c method=net.minecraft.world.entity.item.ItemEntity.tick()V @ 625 c2
Event: 562.703 Thread 0x000001bcca4d3740 DEOPT PACKING pc=0x000001b89e3a1a6c sp=0x0000005e24cfeb80
Event: 562.703 Thread 0x000001bcca4d3740 DEOPT UNPACKING pc=0x000001b89c0573a2 sp=0x0000005e24cfeb18 mode 2
Event: 562.704 Thread 0x000001bcca4d3740 Uncommon trap: trap_request=0xffffff45 fr.pc=0x000001b89ddbd0b0 relative=0x0000000000000790
Event: 562.704 Thread 0x000001bcca4d3740 Uncommon trap: reason=unstable_if action=reinterpret pc=0x000001b89ddbd0b0 method=net.minecraft.world.entity.item.ItemEntity.handler$cdf002$aeronautics$tick(Lorg/spongepowered/asm/mixin/injection/callback/CallbackInfo;)V @ 16 c2
Event: 562.704 Thread 0x000001bcca4d3740 DEOPT PACKING pc=0x000001b89ddbd0b0 sp=0x0000005e24cfeae0
Event: 562.704 Thread 0x000001bcca4d3740 DEOPT UNPACKING pc=0x000001b89c0573a2 sp=0x0000005e24cfea90 mode 2
Event: 565.063 Thread 0x000001bcca4d3740 Uncommon trap: trap_request=0xffffff45 fr.pc=0x000001b89f45dde0 relative=0x0000000000000400
Event: 565.063 Thread 0x000001bcca4d3740 Uncommon trap: reason=unstable_if action=reinterpret pc=0x000001b89f45dde0 method=dev.hybridlabs.aquatic.entity.fish.HybridAquaticSchoolingFishEntity.isCloseEnoughToLeader()Z @ 19 c2
Event: 565.063 Thread 0x000001bcca4d3740 DEOPT PACKING pc=0x000001b89f45dde0 sp=0x0000005e24cfe7f0
Event: 565.063 Thread 0x000001bcca4d3740 DEOPT UNPACKING pc=0x000001b89c0573a2 sp=0x0000005e24cfe748 mode 2
Event: 565.205 Thread 0x000001bcca4d3740 Uncommon trap: trap_request=0xffffff66 fr.pc=0x000001b89db4b024 relative=0x0000000000000484
Event: 565.205 Thread 0x000001bcca4d3740 Uncommon trap: reason=speculate_class_check action=maybe_recompile pc=0x000001b89db4b024 method=net.minecraft.world.entity.Entity.updateSwimming()V @ 16 c2
Event: 565.205 Thread 0x000001bcca4d3740 DEOPT PACKING pc=0x000001b89db4b024 sp=0x0000005e24cfe910
Event: 565.205 Thread 0x000001bcca4d3740 DEOPT UNPACKING pc=0x000001b89c0573a2 sp=0x0000005e24cfe8a0 mode 2
Event: 565.242 Thread 0x000001b8907c2400 Uncommon trap: trap_request=0xffffffde fr.pc=0x000001b8a086f078 relative=0x00000000000004f8
Event: 565.242 Thread 0x000001b8907c2400 Uncommon trap: reason=class_check action=maybe_recompile pc=0x000001b8a086f078 method=net.minecraft.world.entity.Entity.canSpawnSprintParticle()Z @ 8 c2
Event: 565.242 Thread 0x000001b8907c2400 DEOPT PACKING pc=0x000001b8a086f078 sp=0x0000005e1b1fdbb0
Event: 565.242 Thread 0x000001b8907c2400 DEOPT UNPACKING pc=0x000001b89c0573a2 sp=0x0000005e1b1fdb68 mode 2
Event: 565.242 Thread 0x000001b8907c2400 Uncommon trap: trap_request=0xffffff66 fr.pc=0x000001b89db4b024 relative=0x0000000000000484
Event: 565.242 Thread 0x000001b8907c2400 Uncommon trap: reason=speculate_class_check action=maybe_recompile pc=0x000001b89db4b024 method=net.minecraft.world.entity.Entity.updateSwimming()V @ 16 c2
Event: 565.242 Thread 0x000001b8907c2400 DEOPT PACKING pc=0x000001b89db4b024 sp=0x0000005e1b1fdbc0
Event: 565.242 Thread 0x000001b8907c2400 DEOPT UNPACKING pc=0x000001b89c0573a2 sp=0x0000005e1b1fdb50 mode 2
Event: 565.252 Thread 0x000001bcca4d3740 Uncommon trap: trap_request=0xffffff66 fr.pc=0x000001b89db4b024 relative=0x0000000000000484
Event: 565.252 Thread 0x000001bcca4d3740 Uncommon trap: reason=speculate_class_check action=maybe_recompile pc=0x000001b89db4b024 method=net.minecraft.world.entity.Entity.updateSwimming()V @ 16 c2
Event: 565.252 Thread 0x000001bcca4d3740 DEOPT PACKING pc=0x000001b89db4b024 sp=0x0000005e24cfe910
Event: 565.252 Thread 0x000001bcca4d3740 DEOPT UNPACKING pc=0x000001b89c0573a2 sp=0x0000005e24cfe8a0 mode 2
Event: 565.305 Thread 0x000001bcca4d3740 Uncommon trap: trap_request=0xffffff66 fr.pc=0x000001b89db4b024 relative=0x0000000000000484
Event: 565.305 Thread 0x000001bcca4d3740 Uncommon trap: reason=speculate_class_check action=maybe_recompile pc=0x000001b89db4b024 method=net.minecraft.world.entity.Entity.updateSwimming()V @ 16 c2
Event: 565.305 Thread 0x000001bcca4d3740 DEOPT PACKING pc=0x000001b89db4b024 sp=0x0000005e24cfe910
Event: 565.305 Thread 0x000001bcca4d3740 DEOPT UNPACKING pc=0x000001b89c0573a2 sp=0x0000005e24cfe8a0 mode 2
Event: 566.246 Thread 0x000001b8907c2400 Uncommon trap: trap_request=0xffffffde fr.pc=0x000001b8a086f078 relative=0x00000000000004f8
Event: 566.246 Thread 0x000001b8907c2400 Uncommon trap: reason=class_check action=maybe_recompile pc=0x000001b8a086f078 method=net.minecraft.world.entity.Entity.canSpawnSprintParticle()Z @ 8 c2
Event: 566.246 Thread 0x000001b8907c2400 DEOPT PACKING pc=0x000001b8a086f078 sp=0x0000005e1b1fdbb0
Event: 566.246 Thread 0x000001b8907c2400 DEOPT UNPACKING pc=0x000001b89c0573a2 sp=0x0000005e1b1fdb68 mode 2
Event: 566.246 Thread 0x000001b8907c2400 Uncommon trap: trap_request=0xffffffde fr.pc=0x000001b8a086f078 relative=0x00000000000004f8
Event: 566.246 Thread 0x000001b8907c2400 Uncommon trap: reason=class_check action=maybe_recompile pc=0x000001b8a086f078 method=net.minecraft.world.entity.Entity.canSpawnSprintParticle()Z @ 8 c2
Event: 566.246 Thread 0x000001b8907c2400 DEOPT PACKING pc=0x000001b8a086f078 sp=0x0000005e1b1fdbb0
Event: 566.246 Thread 0x000001b8907c2400 DEOPT UNPACKING pc=0x000001b89c0573a2 sp=0x0000005e1b1fdb68 mode 2
Event: 567.315 Thread 0x000001b8907c2400 Uncommon trap: trap_request=0xffffffde fr.pc=0x000001b8a086f078 relative=0x00000000000004f8
Event: 567.315 Thread 0x000001b8907c2400 Uncommon trap: reason=class_check action=maybe_recompile pc=0x000001b8a086f078 method=net.minecraft.world.entity.Entity.canSpawnSprintParticle()Z @ 8 c2
Event: 567.315 Thread 0x000001b8907c2400 DEOPT PACKING pc=0x000001b8a086f078 sp=0x0000005e1b1fdbb0
Event: 567.315 Thread 0x000001b8907c2400 DEOPT UNPACKING pc=0x000001b89c0573a2 sp=0x0000005e1b1fdb68 mode 2
Event: 570.380 Thread 0x000001bd14746400 Uncommon trap: trap_request=0xffffff45 fr.pc=0x000001b89ea5b350 relative=0x0000000000001e70
Event: 570.380 Thread 0x000001bd14746400 Uncommon trap: reason=unstable_if action=reinterpret pc=0x000001b89ea5b350 method=com.seibel.distanthorizons.common.wrappers.block.BlockStateWrapper_neoforge.calculateEDhApiBlockMaterialId(Lnet/minecraft/world/level/block/state/BlockState;Ljava/lang/Strin
Event: 570.380 Thread 0x000001bd14746400 DEOPT PACKING pc=0x000001b89ea5b350 sp=0x0000005e23afe780
Event: 570.380 Thread 0x000001bd14746400 DEOPT UNPACKING pc=0x000001b89c0573a2 sp=0x0000005e23afe718 mode 2
Event: 571.457 Thread 0x000001bcca4d3740 Uncommon trap: trap_request=0xffffffde fr.pc=0x000001b89deefa28 relative=0x0000000000000e08
Event: 571.457 Thread 0x000001bcca4d3740 Uncommon trap: reason=class_check action=maybe_recompile pc=0x000001b89deefa28 method=net.minecraft.world.entity.LivingEntity.onAttributeUpdated(Lnet/minecraft/core/Holder;)V @ 52 c2
Event: 571.457 Thread 0x000001bcca4d3740 DEOPT PACKING pc=0x000001b89deefa28 sp=0x0000005e24cfeab0
Event: 571.457 Thread 0x000001bcca4d3740 DEOPT UNPACKING pc=0x000001b89c0573a2 sp=0x0000005e24cfea58 mode 2
Event: 571.521 Thread 0x000001b8907c2400 Uncommon trap: trap_request=0xffffffde fr.pc=0x000001b89deefa28 relative=0x0000000000000e08
Event: 571.521 Thread 0x000001b8907c2400 Uncommon trap: reason=class_check action=maybe_recompile pc=0x000001b89deefa28 method=net.minecraft.world.entity.LivingEntity.onAttributeUpdated(Lnet/minecraft/core/Holder;)V @ 52 c2
Event: 571.521 Thread 0x000001b8907c2400 DEOPT PACKING pc=0x000001b89deefa28 sp=0x0000005e1b1fdd60
Event: 571.521 Thread 0x000001b8907c2400 DEOPT UNPACKING pc=0x000001b89c0573a2 sp=0x0000005e1b1fdd08 mode 2
Event: 573.002 Thread 0x000001bd14750ea0 DEOPT PACKING pc=0x000001b896670845 sp=0x0000005e327ff480
Event: 573.002 Thread 0x000001bd14750ea0 DEOPT UNPACKING pc=0x000001b89c057ee2 sp=0x0000005e327fe9c8 mode 0
Event: 573.666 Thread 0x000001b8907c2400 Uncommon trap: trap_request=0xffffff45 fr.pc=0x000001b89e4ccb78 relative=0x00000000000005f8
Event: 573.666 Thread 0x000001b8907c2400 Uncommon trap: reason=unstable_if action=reinterpret pc=0x000001b89e4ccb78 method=net.minecraft.client.gui.components.ChatComponent.getMessageLineIndexAt(DD)I @ 74 c2
Event: 573.666 Thread 0x000001b8907c2400 DEOPT PACKING pc=0x000001b89e4ccb78 sp=0x0000005e1b1fddb0
Event: 573.666 Thread 0x000001b8907c2400 DEOPT UNPACKING pc=0x000001b89c0573a2 sp=0x0000005e1b1fdd38 mode 2
Event: 573.844 Thread 0x000001b8907c2400 Uncommon trap: trap_request=0xffffff45 fr.pc=0x000001b8a020d9bc relative=0x00000000000008fc
Event: 573.844 Thread 0x000001b8907c2400 Uncommon trap: reason=unstable_if action=reinterpret pc=0x000001b8a020d9bc method=com.seibel.distanthorizons.common.render.openGl.glObject.buffer.GLBuffer.destroyBufferIdNow(I)V @ 78 c2
Event: 573.844 Thread 0x000001b8907c2400 DEOPT PACKING pc=0x000001b8a020d9bc sp=0x0000005e1b1fdb60
Event: 573.844 Thread 0x000001b8907c2400 DEOPT UNPACKING pc=0x000001b89c0573a2 sp=0x0000005e1b1fdb18 mode 2
Event: 573.846 Thread 0x000001b8907c2400 Uncommon trap: trap_request=0xffffff45 fr.pc=0x000001b8a009d5e8 relative=0x00000000000010a8
Event: 573.846 Thread 0x000001b8907c2400 Uncommon trap: reason=unstable_if action=reinterpret pc=0x000001b8a009d5e8 method=com.seibel.distanthorizons.common.render.openGl.glObject.buffer.GLBuffer.destroyBufferIdNow(I)V @ 27 c2
Event: 573.846 Thread 0x000001b8907c2400 DEOPT PACKING pc=0x000001b8a009d5e8 sp=0x0000005e1b1fdb40
Event: 573.846 Thread 0x000001b8907c2400 DEOPT UNPACKING pc=0x000001b89c0573a2 sp=0x0000005e1b1fda80 mode 2
Event: 573.961 Thread 0x000001b8907c2400 DEOPT PACKING pc=0x000001b89524cc2e sp=0x0000005e1b1fcc60
Event: 573.961 Thread 0x000001b8907c2400 DEOPT UNPACKING pc=0x000001b89c057ee2 sp=0x0000005e1b1fc150 mode 0
Event: 574.684 Thread 0x000001bd14745050 DEOPT PACKING pc=0x000001b8966fe813 sp=0x0000005e31cfe410
Event: 574.684 Thread 0x000001bd14745050 DEOPT UNPACKING pc=0x000001b89c057ee2 sp=0x0000005e31cfd9b0 mode 0
Event: 575.863 Thread 0x000001bd558dde20 Uncommon trap: trap_request=0xffffff45 fr.pc=0x000001b89f9fa5b0 relative=0x0000000000000e10
Event: 575.863 Thread 0x000001bd558dde20 Uncommon trap: reason=unstable_if action=reinterpret pc=0x000001b89f9fa5b0 method=java.util.TimerThread.mainLoop()V @ 14 c2
Event: 575.863 Thread 0x000001bd558dde20 DEOPT PACKING pc=0x000001b89f9fa5b0 sp=0x0000005e1ddff730
Event: 575.863 Thread 0x000001bd558dde20 DEOPT UNPACKING pc=0x000001b89c0573a2 sp=0x0000005e1ddff6f0 mode 2

Classes loaded (250 events):
Event: 72.236 Loading class java/util/Spliterators$IntArraySpliterator
Event: 72.236 Loading class java/util/Spliterators$IntArraySpliterator done
Event: 72.763 Loading class java/util/concurrent/ConcurrentLinkedQueue$Itr
Event: 72.764 Loading class java/util/concurrent/ConcurrentLinkedQueue$Itr done
Event: 73.042 Loading class java/util/stream/LongPipeline$Head
Event: 73.043 Loading class java/util/stream/LongPipeline$Head done
Event: 73.054 Loading class java/util/stream/LongPipeline$1
Event: 73.054 Loading class java/util/stream/LongPipeline$1 done
Event: 73.054 Loading class java/util/stream/LongPipeline$1$1
Event: 73.055 Loading class java/util/stream/Sink$ChainedLong
Event: 73.055 Loading class java/util/stream/Sink$ChainedLong done
Event: 73.055 Loading class java/util/stream/LongPipeline$1$1 done
Event: 73.572 Loading class java/util/Spliterators$LongIteratorSpliterator
Event: 73.572 Loading class java/util/Spliterators$LongIteratorSpliterator done
Event: 73.744 Loading class sun/reflect/generics/tree/IntSignature
Event: 73.744 Loading class sun/reflect/generics/tree/IntSignature done
Event: 73.745 Loading class jdk/internal/vm/annotation/IntrinsicCandidate
Event: 73.745 Loading class jdk/internal/vm/annotation/IntrinsicCandidate done
Event: 73.757 Loading class javax/management/InstanceAlreadyExistsException
Event: 73.757 Loading class javax/management/InstanceAlreadyExistsException done
Event: 73.757 Loading class javax/management/NotCompliantMBeanException
Event: 73.757 Loading class javax/management/NotCompliantMBeanException done
Event: 73.757 Loading class javax/management/MalformedObjectNameException
Event: 73.757 Loading class javax/management/MalformedObjectNameException done
Event: 73.757 Loading class javax/management/InvalidAttributeValueException
Event: 73.757 Loading class javax/management/InvalidAttributeValueException done
Event: 73.757 Loading class javax/management/AttributeNotFoundException
Event: 73.757 Loading class javax/management/AttributeNotFoundException done
Event: 73.795 Loading class java/util/ReverseOrderListView$DescendingIterator
Event: 73.795 Loading class java/util/ReverseOrderListView$DescendingIterator done
Event: 73.983 Loading class java/net/BindException
Event: 73.983 Loading class java/net/BindException done
Event: 73.995 Loading class java/net/DatagramSocket
Event: 73.995 Loading class java/net/DatagramSocket done
Event: 73.995 Loading class java/net/DatagramSocket$1
Event: 73.996 Loading class java/net/DatagramSocket$1 done
Event: 73.996 Loading class java/net/MulticastSocket
Event: 73.996 Loading class java/net/MulticastSocket done
Event: 73.996 Loading class sun/nio/ch/DatagramChannelImpl
Event: 73.998 Loading class java/nio/channels/DatagramChannel
Event: 73.998 Loading class java/nio/channels/MulticastChannel
Event: 73.998 Loading class java/nio/channels/MulticastChannel done
Event: 73.998 Loading class java/nio/channels/DatagramChannel done
Event: 73.998 Loading class sun/nio/ch/DatagramChannelImpl done
Event: 73.999 Loading class sun/nio/ch/DatagramDispatcher
Event: 73.999 Loading class sun/nio/ch/DatagramDispatcher done
Event: 73.999 Loading class sun/net/ResourceManager
Event: 73.999 Loading class sun/net/ResourceManager done
Event: 73.999 Loading class sun/nio/ch/NativeSocketAddress
Event: 74.000 Loading class sun/nio/ch/NativeSocketAddress done
Event: 74.000 Loading class sun/nio/ch/DatagramSocketAdaptor
Event: 74.001 Loading class sun/nio/ch/DatagramSocketAdaptor done
Event: 74.001 Loading class sun/nio/ch/DatagramSocketAdaptor$DatagramSockets
Event: 74.001 Loading class sun/nio/ch/DatagramSocketAdaptor$DatagramSockets done
Event: 74.002 Loading class sun/nio/ch/DatagramChannelImpl$DefaultOptionsHolder
Event: 74.002 Loading class sun/nio/ch/DatagramChannelImpl$DefaultOptionsHolder done
Event: 74.002 Loading class java/net/DatagramPacket
Event: 74.003 Loading class java/net/DatagramPacket done
Event: 74.003 Loading class sun/nio/ch/DatagramChannelImpl$DatagramPackets
Event: 74.003 Loading class sun/nio/ch/DatagramChannelImpl$DatagramPackets done
Event: 74.028 Loading class java/util/WeakHashMap$EntrySet
Event: 74.028 Loading class java/util/WeakHashMap$EntrySet done
Event: 74.028 Loading class java/util/WeakHashMap$EntryIterator
Event: 74.028 Loading class java/util/WeakHashMap$EntryIterator done
Event: 74.042 Loading class java/util/PriorityQueue$Itr
Event: 74.042 Loading class java/util/PriorityQueue$Itr done
Event: 74.158 Loading class java/lang/ProcessHandle
Event: 74.158 Loading class java/lang/ProcessHandle done
Event: 74.159 Loading class java/lang/ProcessHandle$Info
Event: 74.159 Loading class java/lang/ProcessHandle$Info done
Event: 74.159 Loading class java/lang/ProcessHandleImpl
Event: 74.160 Loading class java/lang/ProcessHandleImpl done
Event: 74.174 Loading class java/util/Spliterators$LongArraySpliterator
Event: 74.175 Loading class java/util/Spliterators$LongArraySpliterator done
Event: 74.175 Loading class java/util/stream/Nodes$LongFixedNodeBuilder
Event: 74.175 Loading class java/util/stream/Node$Builder$OfLong
Event: 74.175 Loading class java/util/stream/Node$Builder$OfLong done
Event: 74.175 Loading class java/util/stream/Nodes$LongArrayNode
Event: 74.175 Loading class java/util/stream/Nodes$LongArrayNode done
Event: 74.176 Loading class java/util/stream/Nodes$LongFixedNodeBuilder done
Event: 74.177 Loading class java/nio/channels/NotYetConnectedException
Event: 74.177 Loading class java/nio/channels/NotYetConnectedException done
Event: 74.178 Loading class java/net/NoRouteToHostException
Event: 74.178 Loading class java/net/NoRouteToHostException done
Event: 74.181 Loading class java/util/concurrent/atomic/AtomicLongFieldUpdater
Event: 74.181 Loading class java/util/concurrent/atomic/AtomicLongFieldUpdater done
Event: 74.181 Loading class java/util/concurrent/atomic/AtomicLongFieldUpdater$CASUpdater
Event: 74.182 Loading class java/util/concurrent/atomic/AtomicLongFieldUpdater$CASUpdater done
Event: 74.182 Loading class java/util/concurrent/atomic/AtomicLongFieldUpdater$CASUpdater$1
Event: 74.182 Loading class java/util/concurrent/atomic/AtomicLongFieldUpdater$CASUpdater$1 done
Event: 74.354 Loading class java/nio/channels/AlreadyConnectedException
Event: 74.354 Loading class java/nio/channels/AlreadyConnectedException done
Event: 74.355 Loading class java/nio/channels/ConnectionPendingException
Event: 74.355 Loading class java/nio/channels/ConnectionPendingException done
Event: 74.368 Loading class java/nio/channels/UnsupportedAddressTypeException
Event: 74.368 Loading class java/nio/channels/UnsupportedAddressTypeException done
Event: 74.525 Loading class java/util/IdentityHashMap$ValueSpliterator
Event: 74.526 Loading class java/util/IdentityHashMap$ValueSpliterator done
Event: 75.064 Loading class java/util/stream/StreamSpliterators$InfiniteSupplyingSpliterator$OfRef
Event: 75.065 Loading class java/util/stream/StreamSpliterators$InfiniteSupplyingSpliterator
Event: 75.065 Loading class java/util/stream/StreamSpliterators$InfiniteSupplyingSpliterator done
Event: 75.065 Loading class java/util/stream/StreamSpliterators$InfiniteSupplyingSpliterator$OfRef done
Event: 75.144 Loading class java/nio/channels/ClosedByInterruptException
Event: 75.144 Loading class java/nio/channels/AsynchronousCloseException
Event: 75.144 Loading class java/nio/channels/AsynchronousCloseException done
Event: 75.144 Loading class java/nio/channels/ClosedByInterruptException done
Event: 75.940 Loading class java/util/concurrent/locks/StampedLock$WriterNode
Event: 75.940 Loading class java/util/concurrent/locks/StampedLock$WriterNode done
Event: 75.941 Loading class java/util/concurrent/locks/StampedLock$ReaderNode
Event: 75.942 Loading class java/util/concurrent/locks/StampedLock$ReaderNode done
Event: 76.048 Loading class java/util/concurrent/ConcurrentHashMap$TreeNode
Event: 76.049 Loading class java/util/concurrent/ConcurrentHashMap$TreeNode done
Event: 76.049 Loading class java/util/concurrent/ConcurrentHashMap$TreeBin
Event: 76.050 Loading class java/util/concurrent/ConcurrentHashMap$TreeBin done
Event: 77.285 Loading class java/util/stream/ForEachOps$ForEachTask
Event: 77.285 Loading class java/util/stream/ForEachOps$ForEachTask done
Event: 77.326 Loading class java/util/concurrent/ConcurrentHashMap$KeySpliterator
Event: 77.326 Loading class java/util/concurrent/ConcurrentHashMap$KeySpliterator done
Event: 78.009 Loading class java/util/concurrent/ConcurrentHashMap$MapReduceEntriesTask
Event: 78.009 Loading class java/util/concurrent/ConcurrentHashMap$BulkTask
Event: 78.010 Loading class java/util/concurrent/ConcurrentHashMap$BulkTask done
Event: 78.010 Loading class java/util/concurrent/ConcurrentHashMap$MapReduceEntriesTask done
Event: 78.524 Loading class java/text/BreakIterator
Event: 78.524 Loading class java/text/BreakIterator done
Event: 78.525 Loading class sun/util/locale/provider/BreakIteratorProviderImpl
Event: 78.525 Loading class sun/util/locale/provider/BreakIteratorProviderImpl done
Event: 78.526 Loading class sun/text/resources/BreakIteratorInfo
Event: 78.526 Loading class sun/text/resources/BreakIteratorInfo done
Event: 78.527 Loading class sun/text/resources/BreakIteratorResources
Event: 78.527 Loading class sun/util/resources/BreakIteratorResourceBundle
Event: 78.527 Loading class sun/util/resources/BreakIteratorResourceBundle done
Event: 78.528 Loading class sun/text/resources/BreakIteratorResources done
Event: 78.528 Loading class sun/text/resources/BreakIteratorResources_en
Event: 78.528 Loading class sun/text/resources/BreakIteratorResources_en done
Event: 78.528 Loading class sun/text/resources/BreakIteratorResources_en_US
Event: 78.528 Loading class sun/text/resources/BreakIteratorResources_en_US done
Event: 78.529 Loading class sun/text/RuleBasedBreakIterator
Event: 78.529 Loading class sun/text/RuleBasedBreakIterator done
Event: 78.530 Loading class sun/text/CompactByteArray
Event: 78.530 Loading class sun/text/CompactByteArray done
Event: 78.530 Loading class sun/text/SupplementaryCharacterData
Event: 78.530 Loading class sun/text/SupplementaryCharacterData done
Event: 78.531 Loading class java/text/BreakIterator$BreakIteratorCache
Event: 78.531 Loading class java/text/BreakIterator$BreakIteratorCache done
Event: 78.531 Loading class java/text/StringCharacterIterator
Event: 78.531 Loading class java/text/StringCharacterIterator done
Event: 78.980 Loading class java/util/stream/Nodes$CollectorTask$OfRef
Event: 78.980 Loading class java/util/stream/Nodes$CollectorTask
Event: 78.981 Loading class java/util/stream/Nodes$CollectorTask done
Event: 78.981 Loading class java/util/stream/Nodes$CollectorTask$OfRef done
Event: 78.981 Loading class java/util/stream/Nodes$ConcNode
Event: 78.982 Loading class java/util/stream/Nodes$AbstractConcNode
Event: 78.982 Loading class java/util/stream/Nodes$AbstractConcNode done
Event: 78.982 Loading class java/util/stream/Nodes$ConcNode done
Event: 78.984 Loading class java/util/stream/Nodes$ToArrayTask$OfRef
Event: 78.984 Loading class java/util/stream/Nodes$ToArrayTask
Event: 78.984 Loading class java/util/stream/Nodes$ToArrayTask done
Event: 78.984 Loading class java/util/stream/Nodes$ToArrayTask$OfRef done
Event: 78.987 Loading class java/util/stream/Nodes$SizedCollectorTask$OfRef
Event: 78.987 Loading class java/util/stream/Nodes$SizedCollectorTask
Event: 78.987 Loading class java/util/stream/Nodes$SizedCollectorTask done
Event: 78.987 Loading class java/util/stream/Nodes$SizedCollectorTask$OfRef done
Event: 79.718 Loading class java/nio/HeapFloatBuffer
Event: 79.719 Loading class java/nio/HeapFloatBuffer done
Event: 79.892 Loading class java/util/Collections$EmptyListIterator
Event: 79.892 Loading class java/util/Collections$EmptyListIterator done
Event: 79.968 Loading class sun/security/rsa/RSASignature$SHA1withRSA
Event: 79.969 Loading class sun/security/rsa/RSASignature$SHA1withRSA done
Event: 80.143 Loading class java/util/concurrent/CompletableFuture$Canceller
Event: 80.143 Loading class java/util/concurrent/CompletableFuture$Canceller done
Event: 80.144 Loading class java/util/concurrent/CompletableFuture$DelayedCompleter
Event: 80.144 Loading class java/util/concurrent/CompletableFuture$DelayedCompleter done
Event: 80.144 Loading class java/util/concurrent/CompletableFuture$Delayer
Event: 80.144 Loading class java/util/concurrent/CompletableFuture$Delayer done
Event: 80.144 Loading class java/util/concurrent/CompletableFuture$Delayer$DaemonThreadFactory
Event: 80.145 Loading class java/util/concurrent/CompletableFuture$Delayer$DaemonThreadFactory done
Event: 80.318 Loading class java/util/BitSet$1BitSetSpliterator
Event: 80.319 Loading class java/util/BitSet$1BitSetSpliterator done
Event: 80.429 Loading class java/util/stream/ReferencePipeline$6
Event: 80.429 Loading class java/util/stream/DoublePipeline$StatelessOp
Event: 80.429 Loading class java/util/stream/DoublePipeline
Event: 80.431 Loading class java/util/stream/DoubleStream
Event: 80.431 Loading class java/util/stream/DoubleStream done
Event: 80.432 Loading class java/util/stream/DoublePipeline done
Event: 80.432 Loading class java/util/stream/DoublePipeline$StatelessOp done
Event: 80.432 Loading class java/util/stream/ReferencePipeline$6 done
Event: 80.433 Loading class java/util/stream/Nodes$DoubleFixedNodeBuilder
Event: 80.433 Loading class java/util/stream/Node$Builder$OfDouble
Event: 80.433 Loading class java/util/stream/Sink$OfDouble
Event: 80.433 Loading class java/util/stream/Sink$OfDouble done
Event: 80.433 Loading class java/util/stream/Node$Builder$OfDouble done
Event: 80.433 Loading class java/util/stream/Nodes$DoubleArrayNode
Event: 80.433 Loading class java/util/stream/Nodes$DoubleArrayNode done
Event: 80.433 Loading class java/util/stream/Nodes$DoubleFixedNodeBuilder done
Event: 80.434 Loading class java/util/stream/ReferencePipeline$6$1
Event: 80.434 Loading class java/util/stream/ReferencePipeline$6$1 done
Event: 80.454 Loading class java/nio/StringCharBuffer
Event: 80.455 Loading class java/nio/StringCharBuffer done
Event: 86.432 Loading class java/util/DualPivotQuicksort$Sorter
Event: 86.433 Loading class java/util/DualPivotQuicksort$Sorter done
Event: 97.495 Loading class java/util/IdentityHashMap$KeySpliterator
Event: 97.495 Loading class java/util/IdentityHashMap$KeySpliterator done
Event: 97.596 Loading class java/lang/FdLibm$Acos
Event: 97.596 Loading class java/lang/FdLibm$Acos done
Event: 99.128 Loading class java/util/concurrent/atomic/Striped64$Cell
Event: 99.129 Loading class java/util/concurrent/atomic/Striped64$Cell done
Event: 194.513 Loading class java/util/stream/LongPipeline$9
Event: 194.513 Loading class java/util/stream/LongPipeline$9 done
Event: 194.513 Loading class java/util/stream/Nodes$LongSpinedNodeBuilder
Event: 194.514 Loading class java/util/stream/SpinedBuffer$OfLong
Event: 194.514 Loading class java/util/stream/SpinedBuffer$OfLong done
Event: 194.514 Loading class java/util/stream/Nodes$LongSpinedNodeBuilder done
Event: 194.514 Loading class java/util/stream/LongPipeline$9$1
Event: 194.514 Loading class java/util/stream/LongPipeline$9$1 done
Event: 432.092 Loading class java/text/ChoiceFormat
Event: 432.093 Loading class java/text/ChoiceFormat done
Event: 506.045 Loading class javax/sound/midi/spi/MidiFileReader
Event: 506.045 Loading class javax/sound/midi/spi/MidiFileReader done
Event: 506.045 Loading class javax/sound/midi/spi/SoundbankReader
Event: 506.045 Loading class javax/sound/midi/spi/SoundbankReader done
Event: 506.045 Loading class javax/sound/midi/spi/MidiFileWriter
Event: 506.045 Loading class javax/sound/midi/spi/MidiFileWriter done
Event: 506.045 Loading class com/sun/media/sound/StandardMidiFileReader
Event: 506.045 Loading class com/sun/media/sound/StandardMidiFileReader done
Event: 506.045 Loading class javax/sound/midi/Sequence
Event: 506.045 Loading class javax/sound/midi/Sequence done
Event: 506.045 Loading class javax/sound/midi/InvalidMidiDataException
Event: 506.046 Loading class javax/sound/midi/InvalidMidiDataException done
Event: 506.046 Loading class javax/sound/midi/MidiFileFormat
Event: 506.046 Loading class javax/sound/midi/MidiFileFormat done
Event: 506.046 Loading class com/sun/media/sound/SMFParser
Event: 506.047 Loading class com/sun/media/sound/SMFParser done
Event: 506.047 Loading class javax/sound/midi/Track
Event: 506.047 Loading class javax/sound/midi/Track done
Event: 506.047 Loading class javax/sound/midi/Track$ImmutableEndOfTrack
Event: 506.047 Loading class javax/sound/midi/MetaMessage
Event: 506.047 Loading class javax/sound/midi/MidiMessage
Event: 506.047 Loading class javax/sound/midi/MidiMessage done
Event: 506.047 Loading class javax/sound/midi/MetaMessage done
Event: 506.047 Loading class javax/sound/midi/Track$ImmutableEndOfTrack done
Event: 506.047 Loading class javax/sound/midi/MidiEvent
Event: 506.047 Loading class javax/sound/midi/MidiEvent done
Event: 506.047 Loading class com/sun/media/sound/MidiUtils
Event: 506.047 Loading class com/sun/media/sound/MidiUtils done
Event: 506.047 Loading class com/sun/media/sound/FastShortMessage
Event: 506.047 Loading class javax/sound/midi/ShortMessage
Event: 506.047 Loading class javax/sound/midi/ShortMessage done
Event: 506.047 Loading class com/sun/media/sound/FastShortMessage done
Event: 506.056 Loading class java/util/concurrent/ConcurrentLinkedQueue$CLQSpliterator
Event: 506.056 Loading class java/util/concurrent/ConcurrentLinkedQueue$CLQSpliterator done

Classes unloaded (250 events):
Event: 77.200 Thread 0x000001b8908e0d10 Unloading class 0x00000000804d5000 'java/lang/invoke/LambdaForm$MH+0x00000000804d5000'
Event: 77.200 Thread 0x000001b8908e0d10 Unloading class 0x00000000804d4c00 'java/lang/invoke/LambdaForm$MH+0x00000000804d4c00'
Event: 77.200 Thread 0x000001b8908e0d10 Unloading class 0x00000000804d4800 'java/lang/invoke/LambdaForm$MH+0x00000000804d4800'
Event: 77.200 Thread 0x000001b8908e0d10 Unloading class 0x00000000804d4400 'java/lang/invoke/LambdaForm$MH+0x00000000804d4400'
Event: 77.200 Thread 0x000001b8908e0d10 Unloading class 0x00000000804d4000 'java/lang/invoke/LambdaForm$MH+0x00000000804d4000'
Event: 77.200 Thread 0x000001b8908e0d10 Unloading class 0x00000000804d3c00 'java/lang/invoke/LambdaForm$MH+0x00000000804d3c00'
Event: 77.200 Thread 0x000001b8908e0d10 Unloading class 0x00000000804d3800 'java/lang/invoke/LambdaForm$MH+0x00000000804d3800'
Event: 77.200 Thread 0x000001b8908e0d10 Unloading class 0x00000000804d3400 'java/lang/invoke/LambdaForm$MH+0x00000000804d3400'
Event: 77.200 Thread 0x000001b8908e0d10 Unloading class 0x00000000804d3000 'java/lang/invoke/LambdaForm$MH+0x00000000804d3000'
Event: 77.200 Thread 0x000001b8908e0d10 Unloading class 0x00000000804d2800 'java/lang/invoke/LambdaForm$MH+0x00000000804d2800'
Event: 77.200 Thread 0x000001b8908e0d10 Unloading class 0x00000000804d2400 'java/lang/invoke/LambdaForm$MH+0x00000000804d2400'
Event: 77.200 Thread 0x000001b8908e0d10 Unloading class 0x00000000804d2000 'java/lang/invoke/LambdaForm$MH+0x00000000804d2000'
Event: 77.200 Thread 0x000001b8908e0d10 Unloading class 0x00000000804d1c00 'java/lang/invoke/LambdaForm$MH+0x00000000804d1c00'
Event: 77.200 Thread 0x000001b8908e0d10 Unloading class 0x00000000804d1800 'java/lang/invoke/LambdaForm$MH+0x00000000804d1800'
Event: 77.200 Thread 0x000001b8908e0d10 Unloading class 0x00000000804d1000 'java/lang/invoke/LambdaForm$MH+0x00000000804d1000'
Event: 77.200 Thread 0x000001b8908e0d10 Unloading class 0x00000000804d1400 'java/lang/invoke/LambdaForm$MH+0x00000000804d1400'
Event: 77.200 Thread 0x000001b8908e0d10 Unloading class 0x00000000804d0c00 'java/lang/invoke/LambdaForm$MH+0x00000000804d0c00'
Event: 77.200 Thread 0x000001b8908e0d10 Unloading class 0x00000000804d0800 'java/lang/invoke/LambdaForm$MH+0x00000000804d0800'
Event: 77.200 Thread 0x000001b8908e0d10 Unloading class 0x00000000804d0400 'java/lang/invoke/LambdaForm$MH+0x00000000804d0400'
Event: 77.200 Thread 0x000001b8908e0d10 Unloading class 0x00000000804d0000 'java/lang/invoke/LambdaForm$MH+0x00000000804d0000'
Event: 77.200 Thread 0x000001b8908e0d10 Unloading class 0x00000000804cfc00 'java/lang/invoke/LambdaForm$MH+0x00000000804cfc00'
Event: 77.200 Thread 0x000001b8908e0d10 Unloading class 0x00000000804cf800 'java/lang/invoke/LambdaForm$MH+0x00000000804cf800'
Event: 77.200 Thread 0x000001b8908e0d10 Unloading class 0x00000000804cf400 'java/lang/invoke/LambdaForm$MH+0x00000000804cf400'
Event: 77.200 Thread 0x000001b8908e0d10 Unloading class 0x00000000804cf000 'java/lang/invoke/LambdaForm$MH+0x00000000804cf000'
Event: 77.200 Thread 0x000001b8908e0d10 Unloading class 0x00000000804cec00 'java/lang/invoke/LambdaForm$MH+0x00000000804cec00'
Event: 77.200 Thread 0x000001b8908e0d10 Unloading class 0x00000000804ce800 'java/lang/invoke/LambdaForm$MH+0x00000000804ce800'
Event: 77.200 Thread 0x000001b8908e0d10 Unloading class 0x00000000804ce400 'java/lang/invoke/LambdaForm$MH+0x00000000804ce400'
Event: 77.200 Thread 0x000001b8908e0d10 Unloading class 0x00000000804ce000 'java/lang/invoke/LambdaForm$MH+0x00000000804ce000'
Event: 77.200 Thread 0x000001b8908e0d10 Unloading class 0x00000000804cd800 'java/lang/invoke/LambdaForm$MH+0x00000000804cd800'
Event: 77.200 Thread 0x000001b8908e0d10 Unloading class 0x00000000804cdc00 'java/lang/invoke/LambdaForm$MH+0x00000000804cdc00'
Event: 77.200 Thread 0x000001b8908e0d10 Unloading class 0x00000000804cd400 'java/lang/invoke/LambdaForm$MH+0x00000000804cd400'
Event: 77.200 Thread 0x000001b8908e0d10 Unloading class 0x00000000804ccc00 'java/lang/invoke/LambdaForm$MH+0x00000000804ccc00'
Event: 77.200 Thread 0x000001b8908e0d10 Unloading class 0x00000000804cc800 'java/lang/invoke/LambdaForm$MH+0x00000000804cc800'
Event: 77.200 Thread 0x000001b8908e0d10 Unloading class 0x00000000804cc400 'java/lang/invoke/LambdaForm$MH+0x00000000804cc400'
Event: 77.200 Thread 0x000001b8908e0d10 Unloading class 0x00000000804cc000 'java/lang/invoke/LambdaForm$MH+0x00000000804cc000'
Event: 77.200 Thread 0x000001b8908e0d10 Unloading class 0x00000000804cb800 'java/lang/invoke/LambdaForm$MH+0x00000000804cb800'
Event: 77.200 Thread 0x000001b8908e0d10 Unloading class 0x00000000804cb400 'java/lang/invoke/LambdaForm$MH+0x00000000804cb400'
Event: 77.200 Thread 0x000001b8908e0d10 Unloading class 0x00000000804cbc00 'java/lang/invoke/LambdaForm$MH+0x00000000804cbc00'
Event: 77.200 Thread 0x000001b8908e0d10 Unloading class 0x00000000804cb000 'java/lang/invoke/LambdaForm$MH+0x00000000804cb000'
Event: 77.200 Thread 0x000001b8908e0d10 Unloading class 0x00000000804cac00 'java/lang/invoke/LambdaForm$MH+0x00000000804cac00'
Event: 77.200 Thread 0x000001b8908e0d10 Unloading class 0x00000000804ca800 'java/lang/invoke/LambdaForm$MH+0x00000000804ca800'
Event: 77.200 Thread 0x000001b8908e0d10 Unloading class 0x00000000804ca400 'java/lang/invoke/LambdaForm$MH+0x00000000804ca400'
Event: 77.200 Thread 0x000001b8908e0d10 Unloading class 0x00000000804ca000 'java/lang/invoke/LambdaForm$MH+0x00000000804ca000'
Event: 77.200 Thread 0x000001b8908e0d10 Unloading class 0x00000000804c9c00 'java/lang/invoke/LambdaForm$MH+0x00000000804c9c00'
Event: 77.200 Thread 0x000001b8908e0d10 Unloading class 0x00000000804c9800 'java/lang/invoke/LambdaForm$MH+0x00000000804c9800'
Event: 77.200 Thread 0x000001b8908e0d10 Unloading class 0x00000000804c9400 'java/lang/invoke/LambdaForm$MH+0x00000000804c9400'
Event: 77.200 Thread 0x000001b8908e0d10 Unloading class 0x00000000804c9000 'java/lang/invoke/LambdaForm$MH+0x00000000804c9000'
Event: 77.200 Thread 0x000001b8908e0d10 Unloading class 0x00000000804c8800 'java/lang/invoke/LambdaForm$MH+0x00000000804c8800'
Event: 77.200 Thread 0x000001b8908e0d10 Unloading class 0x00000000804c8c00 'java/lang/invoke/LambdaForm$MH+0x00000000804c8c00'
Event: 77.200 Thread 0x000001b8908e0d10 Unloading class 0x00000000804c8400 'java/lang/invoke/LambdaForm$MH+0x00000000804c8400'
Event: 77.200 Thread 0x000001b8908e0d10 Unloading class 0x00000000804c8000 'java/lang/invoke/LambdaForm$MH+0x00000000804c8000'
Event: 77.200 Thread 0x000001b8908e0d10 Unloading class 0x00000000804c5c00 'java/lang/invoke/LambdaForm$MH+0x00000000804c5c00'
Event: 77.200 Thread 0x000001b8908e0d10 Unloading class 0x00000000804c5800 'java/lang/invoke/LambdaForm$MH+0x00000000804c5800'
Event: 77.200 Thread 0x000001b8908e0d10 Unloading class 0x00000000804c4c00 'java/lang/invoke/LambdaForm$MH+0x00000000804c4c00'
Event: 77.200 Thread 0x000001b8908e0d10 Unloading class 0x00000000804c4800 'java/lang/invoke/LambdaForm$MH+0x00000000804c4800'
Event: 77.200 Thread 0x000001b8908e0d10 Unloading class 0x00000000804c4400 'java/lang/invoke/LambdaForm$MH+0x00000000804c4400'
Event: 77.200 Thread 0x000001b8908e0d10 Unloading class 0x00000000804c4000 'java/lang/invoke/LambdaForm$MH+0x00000000804c4000'
Event: 77.200 Thread 0x000001b8908e0d10 Unloading class 0x00000000804c3c00 'java/lang/invoke/LambdaForm$MH+0x00000000804c3c00'
Event: 77.200 Thread 0x000001b8908e0d10 Unloading class 0x00000000804c3800 'java/lang/invoke/LambdaForm$MH+0x00000000804c3800'
Event: 77.200 Thread 0x000001b8908e0d10 Unloading class 0x00000000804c3400 'java/lang/invoke/LambdaForm$MH+0x00000000804c3400'
Event: 77.200 Thread 0x000001b8908e0d10 Unloading class 0x00000000804c3000 'java/lang/invoke/LambdaForm$MH+0x00000000804c3000'
Event: 77.200 Thread 0x000001b8908e0d10 Unloading class 0x00000000804c2c00 'java/lang/invoke/LambdaForm$MH+0x00000000804c2c00'
Event: 77.200 Thread 0x000001b8908e0d10 Unloading class 0x00000000804c2800 'java/lang/invoke/LambdaForm$MH+0x00000000804c2800'
Event: 77.200 Thread 0x000001b8908e0d10 Unloading class 0x00000000804c2400 'java/lang/invoke/LambdaForm$MH+0x00000000804c2400'
Event: 77.200 Thread 0x000001b8908e0d10 Unloading class 0x00000000804c2000 'java/lang/invoke/LambdaForm$MH+0x00000000804c2000'
Event: 77.200 Thread 0x000001b8908e0d10 Unloading class 0x00000000804c1c00 'java/lang/invoke/LambdaForm$MH+0x00000000804c1c00'
Event: 77.200 Thread 0x000001b8908e0d10 Unloading class 0x00000000804c1800 'java/lang/invoke/LambdaForm$MH+0x00000000804c1800'
Event: 77.200 Thread 0x000001b8908e0d10 Unloading class 0x00000000804c1400 'java/lang/invoke/LambdaForm$MH+0x00000000804c1400'
Event: 77.200 Thread 0x000001b8908e0d10 Unloading class 0x00000000804c1000 'java/lang/invoke/LambdaForm$MH+0x00000000804c1000'
Event: 77.200 Thread 0x000001b8908e0d10 Unloading class 0x00000000804c0c00 'java/lang/invoke/LambdaForm$MH+0x00000000804c0c00'
Event: 77.200 Thread 0x000001b8908e0d10 Unloading class 0x00000000804c0800 'java/lang/invoke/LambdaForm$MH+0x00000000804c0800'
Event: 77.200 Thread 0x000001b8908e0d10 Unloading class 0x00000000804c0400 'java/lang/invoke/LambdaForm$MH+0x00000000804c0400'
Event: 77.200 Thread 0x000001b8908e0d10 Unloading class 0x00000000804c0000 'java/lang/invoke/LambdaForm$MH+0x00000000804c0000'
Event: 77.200 Thread 0x000001b8908e0d10 Unloading class 0x00000000804bfc00 'java/lang/invoke/LambdaForm$MH+0x00000000804bfc00'
Event: 77.200 Thread 0x000001b8908e0d10 Unloading class 0x00000000804bf400 'java/lang/invoke/LambdaForm$MH+0x00000000804bf400'
Event: 77.200 Thread 0x000001b8908e0d10 Unloading class 0x00000000804bf000 'java/lang/invoke/LambdaForm$MH+0x00000000804bf000'
Event: 77.200 Thread 0x000001b8908e0d10 Unloading class 0x00000000804bec00 'java/lang/invoke/LambdaForm$MH+0x00000000804bec00'
Event: 77.200 Thread 0x000001b8908e0d10 Unloading class 0x00000000804be800 'java/lang/invoke/LambdaForm$MH+0x00000000804be800'
Event: 77.200 Thread 0x000001b8908e0d10 Unloading class 0x00000000804be400 'java/lang/invoke/LambdaForm$MH+0x00000000804be400'
Event: 77.200 Thread 0x000001b8908e0d10 Unloading class 0x00000000804be000 'java/lang/invoke/LambdaForm$MH+0x00000000804be000'
Event: 77.200 Thread 0x000001b8908e0d10 Unloading class 0x00000000804bdc00 'java/lang/invoke/LambdaForm$MH+0x00000000804bdc00'
Event: 77.200 Thread 0x000001b8908e0d10 Unloading class 0x00000000804bd800 'java/lang/invoke/LambdaForm$MH+0x00000000804bd800'
Event: 77.200 Thread 0x000001b8908e0d10 Unloading class 0x00000000804bd400 'java/lang/invoke/LambdaForm$MH+0x00000000804bd400'
Event: 77.200 Thread 0x000001b8908e0d10 Unloading class 0x00000000804bd000 'java/lang/invoke/LambdaForm$MH+0x00000000804bd000'
Event: 77.200 Thread 0x000001b8908e0d10 Unloading class 0x00000000804bcc00 'java/lang/invoke/LambdaForm$MH+0x00000000804bcc00'
Event: 77.200 Thread 0x000001b8908e0d10 Unloading class 0x00000000804bc800 'java/lang/invoke/LambdaForm$MH+0x00000000804bc800'
Event: 77.200 Thread 0x000001b8908e0d10 Unloading class 0x00000000804bc400 'java/lang/invoke/LambdaForm$MH+0x00000000804bc400'
Event: 77.200 Thread 0x000001b8908e0d10 Unloading class 0x00000000804bc000 'java/lang/invoke/LambdaForm$MH+0x00000000804bc000'
Event: 77.200 Thread 0x000001b8908e0d10 Unloading class 0x00000000804bbc00 'java/lang/invoke/LambdaForm$MH+0x00000000804bbc00'
Event: 77.200 Thread 0x000001b8908e0d10 Unloading class 0x00000000804bb800 'java/lang/invoke/LambdaForm$MH+0x00000000804bb800'
Event: 77.200 Thread 0x000001b8908e0d10 Unloading class 0x00000000804bb400 'java/lang/invoke/LambdaForm$MH+0x00000000804bb400'
Event: 77.200 Thread 0x000001b8908e0d10 Unloading class 0x00000000804bac00 'java/lang/invoke/LambdaForm$MH+0x00000000804bac00'
Event: 77.200 Thread 0x000001b8908e0d10 Unloading class 0x00000000804ba400 'java/lang/invoke/LambdaForm$MH+0x00000000804ba400'
Event: 77.200 Thread 0x000001b8908e0d10 Unloading class 0x00000000804ba800 'java/lang/invoke/LambdaForm$MH+0x00000000804ba800'
Event: 77.200 Thread 0x000001b8908e0d10 Unloading class 0x00000000804ba000 'java/lang/invoke/LambdaForm$MH+0x00000000804ba000'
Event: 77.200 Thread 0x000001b8908e0d10 Unloading class 0x00000000804b9c00 'java/lang/invoke/LambdaForm$MH+0x00000000804b9c00'
Event: 77.200 Thread 0x000001b8908e0d10 Unloading class 0x00000000804b9800 'java/lang/invoke/LambdaForm$MH+0x00000000804b9800'
Event: 77.200 Thread 0x000001b8908e0d10 Unloading class 0x00000000804b9400 'java/lang/invoke/LambdaForm$MH+0x00000000804b9400'
Event: 77.200 Thread 0x000001b8908e0d10 Unloading class 0x00000000804b9000 'java/lang/invoke/LambdaForm$MH+0x00000000804b9000'
Event: 77.200 Thread 0x000001b8908e0d10 Unloading class 0x00000000804b8c00 'java/lang/invoke/LambdaForm$MH+0x00000000804b8c00'
Event: 77.200 Thread 0x000001b8908e0d10 Unloading class 0x00000000804b8800 'java/lang/invoke/LambdaForm$MH+0x00000000804b8800'
Event: 77.200 Thread 0x000001b8908e0d10 Unloading class 0x00000000804b8000 'java/lang/invoke/LambdaForm$MH+0x00000000804b8000'
Event: 77.200 Thread 0x000001b8908e0d10 Unloading class 0x00000000804b8400 'java/lang/invoke/LambdaForm$MH+0x00000000804b8400'
Event: 77.200 Thread 0x000001b8908e0d10 Unloading class 0x00000000804b7c00 'java/lang/invoke/LambdaForm$MH+0x00000000804b7c00'
Event: 77.200 Thread 0x000001b8908e0d10 Unloading class 0x00000000804b7800 'java/lang/invoke/LambdaForm$MH+0x00000000804b7800'
Event: 77.200 Thread 0x000001b8908e0d10 Unloading class 0x00000000804b7400 'java/lang/invoke/LambdaForm$MH+0x00000000804b7400'
Event: 77.200 Thread 0x000001b8908e0d10 Unloading class 0x00000000804b7000 'java/lang/invoke/LambdaForm$MH+0x00000000804b7000'
Event: 77.200 Thread 0x000001b8908e0d10 Unloading class 0x00000000804b6c00 'java/lang/invoke/LambdaForm$MH+0x00000000804b6c00'
Event: 77.200 Thread 0x000001b8908e0d10 Unloading class 0x00000000804b6800 'java/lang/invoke/LambdaForm$MH+0x00000000804b6800'
Event: 77.200 Thread 0x000001b8908e0d10 Unloading class 0x00000000804b6400 'java/lang/invoke/LambdaForm$MH+0x00000000804b6400'
Event: 77.200 Thread 0x000001b8908e0d10 Unloading class 0x00000000804b5c00 'java/lang/invoke/LambdaForm$MH+0x00000000804b5c00'
Event: 77.200 Thread 0x000001b8908e0d10 Unloading class 0x00000000804b5400 'java/lang/invoke/LambdaForm$MH+0x00000000804b5400'
Event: 77.200 Thread 0x000001b8908e0d10 Unloading class 0x00000000804b5800 'java/lang/invoke/LambdaForm$MH+0x00000000804b5800'
Event: 77.200 Thread 0x000001b8908e0d10 Unloading class 0x00000000804b4c00 'java/lang/invoke/LambdaForm$MH+0x00000000804b4c00'
Event: 77.200 Thread 0x000001b8908e0d10 Unloading class 0x00000000804b4800 'java/lang/invoke/LambdaForm$MH+0x00000000804b4800'
Event: 77.200 Thread 0x000001b8908e0d10 Unloading class 0x00000000804b5000 'java/lang/invoke/LambdaForm$MH+0x00000000804b5000'
Event: 77.200 Thread 0x000001b8908e0d10 Unloading class 0x00000000804b4400 'java/lang/invoke/LambdaForm$MH+0x00000000804b4400'
Event: 77.200 Thread 0x000001b8908e0d10 Unloading class 0x00000000804b4000 'java/lang/invoke/LambdaForm$MH+0x00000000804b4000'
Event: 77.200 Thread 0x000001b8908e0d10 Unloading class 0x00000000804b3c00 'java/lang/invoke/LambdaForm$MH+0x00000000804b3c00'
Event: 77.200 Thread 0x000001b8908e0d10 Unloading class 0x00000000804b3800 'java/lang/invoke/LambdaForm$MH+0x00000000804b3800'
Event: 77.200 Thread 0x000001b8908e0d10 Unloading class 0x00000000804b3400 'java/lang/invoke/LambdaForm$MH+0x00000000804b3400'
Event: 77.200 Thread 0x000001b8908e0d10 Unloading class 0x00000000804b3000 'java/lang/invoke/LambdaForm$MH+0x00000000804b3000'
Event: 77.200 Thread 0x000001b8908e0d10 Unloading class 0x00000000804b2c00 'java/lang/invoke/LambdaForm$MH+0x00000000804b2c00'
Event: 77.200 Thread 0x000001b8908e0d10 Unloading class 0x00000000804b2800 'java/lang/invoke/LambdaForm$MH+0x00000000804b2800'
Event: 77.200 Thread 0x000001b8908e0d10 Unloading class 0x00000000804b2400 'java/lang/invoke/LambdaForm$MH+0x00000000804b2400'
Event: 77.200 Thread 0x000001b8908e0d10 Unloading class 0x00000000804b2000 'java/lang/invoke/LambdaForm$MH+0x00000000804b2000'
Event: 77.200 Thread 0x000001b8908e0d10 Unloading class 0x00000000804b1c00 'java/lang/invoke/LambdaForm$MH+0x00000000804b1c00'
Event: 77.200 Thread 0x000001b8908e0d10 Unloading class 0x00000000804b1800 'java/lang/invoke/LambdaForm$MH+0x00000000804b1800'
Event: 77.200 Thread 0x000001b8908e0d10 Unloading class 0x00000000804b1000 'java/lang/invoke/LambdaForm$MH+0x00000000804b1000'
Event: 77.200 Thread 0x000001b8908e0d10 Unloading class 0x00000000804b0c00 'java/lang/invoke/LambdaForm$MH+0x00000000804b0c00'
Event: 77.200 Thread 0x000001b8908e0d10 Unloading class 0x00000000804b0800 'java/lang/invoke/LambdaForm$MH+0x00000000804b0800'
Event: 77.200 Thread 0x000001b8908e0d10 Unloading class 0x00000000804b0400 'java/lang/invoke/LambdaForm$MH+0x00000000804b0400'
Event: 77.200 Thread 0x000001b8908e0d10 Unloading class 0x00000000804b0000 'java/lang/invoke/LambdaForm$MH+0x00000000804b0000'
Event: 77.200 Thread 0x000001b8908e0d10 Unloading class 0x00000000804afc00 'java/lang/invoke/LambdaForm$MH+0x00000000804afc00'
Event: 77.200 Thread 0x000001b8908e0d10 Unloading class 0x00000000804af800 'java/lang/invoke/LambdaForm$MH+0x00000000804af800'
Event: 77.200 Thread 0x000001b8908e0d10 Unloading class 0x00000000804af400 'java/lang/invoke/LambdaForm$MH+0x00000000804af400'
Event: 77.200 Thread 0x000001b8908e0d10 Unloading class 0x00000000804af000 'java/lang/invoke/LambdaForm$MH+0x00000000804af000'
Event: 77.200 Thread 0x000001b8908e0d10 Unloading class 0x00000000804ae800 'java/lang/invoke/LambdaForm$MH+0x00000000804ae800'
Event: 77.200 Thread 0x000001b8908e0d10 Unloading class 0x00000000804aec00 'java/lang/invoke/LambdaForm$MH+0x00000000804aec00'
Event: 77.200 Thread 0x000001b8908e0d10 Unloading class 0x00000000804ae400 'java/lang/invoke/LambdaForm$MH+0x00000000804ae400'
Event: 77.200 Thread 0x000001b8908e0d10 Unloading class 0x00000000804ae000 'java/lang/invoke/LambdaForm$MH+0x00000000804ae000'
Event: 77.200 Thread 0x000001b8908e0d10 Unloading class 0x00000000804adc00 'java/lang/invoke/LambdaForm$MH+0x00000000804adc00'
Event: 77.200 Thread 0x000001b8908e0d10 Unloading class 0x00000000804ad800 'java/lang/invoke/LambdaForm$MH+0x00000000804ad800'
Event: 77.200 Thread 0x000001b8908e0d10 Unloading class 0x00000000804ad400 'java/lang/invoke/LambdaForm$MH+0x00000000804ad400'
Event: 77.200 Thread 0x000001b8908e0d10 Unloading class 0x00000000804ad000 'java/lang/invoke/LambdaForm$MH+0x00000000804ad000'
Event: 77.200 Thread 0x000001b8908e0d10 Unloading class 0x00000000804acc00 'java/lang/invoke/LambdaForm$MH+0x00000000804acc00'
Event: 77.200 Thread 0x000001b8908e0d10 Unloading class 0x00000000804ac800 'java/lang/invoke/LambdaForm$MH+0x00000000804ac800'
Event: 77.200 Thread 0x000001b8908e0d10 Unloading class 0x00000000804ac400 'java/lang/invoke/LambdaForm$MH+0x00000000804ac400'
Event: 77.200 Thread 0x000001b8908e0d10 Unloading class 0x00000000804ac000 'java/lang/invoke/LambdaForm$MH+0x00000000804ac000'
Event: 77.200 Thread 0x000001b8908e0d10 Unloading class 0x00000000804abc00 'java/lang/invoke/LambdaForm$MH+0x00000000804abc00'
Event: 77.200 Thread 0x000001b8908e0d10 Unloading class 0x00000000804ab400 'java/lang/invoke/LambdaForm$MH+0x00000000804ab400'
Event: 77.200 Thread 0x000001b8908e0d10 Unloading class 0x00000000804ab800 'java/lang/invoke/LambdaForm$MH+0x00000000804ab800'
Event: 77.200 Thread 0x000001b8908e0d10 Unloading class 0x00000000804ab000 'java/lang/invoke/LambdaForm$MH+0x00000000804ab000'
Event: 77.200 Thread 0x000001b8908e0d10 Unloading class 0x00000000804aac00 'java/lang/invoke/LambdaForm$MH+0x00000000804aac00'
Event: 77.200 Thread 0x000001b8908e0d10 Unloading class 0x00000000804aa800 'java/lang/invoke/LambdaForm$MH+0x00000000804aa800'
Event: 77.200 Thread 0x000001b8908e0d10 Unloading class 0x00000000804aa400 'java/lang/invoke/LambdaForm$MH+0x00000000804aa400'
Event: 77.200 Thread 0x000001b8908e0d10 Unloading class 0x00000000804aa000 'java/lang/invoke/LambdaForm$MH+0x00000000804aa000'
Event: 77.200 Thread 0x000001b8908e0d10 Unloading class 0x00000000804a9c00 'java/lang/invoke/LambdaForm$MH+0x00000000804a9c00'
Event: 77.200 Thread 0x000001b8908e0d10 Unloading class 0x00000000804a9800 'java/lang/invoke/LambdaForm$MH+0x00000000804a9800'
Event: 77.200 Thread 0x000001b8908e0d10 Unloading class 0x00000000804a9400 'java/lang/invoke/LambdaForm$MH+0x00000000804a9400'
Event: 77.200 Thread 0x000001b8908e0d10 Unloading class 0x00000000804a9000 'java/lang/invoke/LambdaForm$MH+0x00000000804a9000'
Event: 77.200 Thread 0x000001b8908e0d10 Unloading class 0x00000000804a8c00 'java/lang/invoke/LambdaForm$MH+0x00000000804a8c00'
Event: 77.200 Thread 0x000001b8908e0d10 Unloading class 0x00000000804a8800 'java/lang/invoke/LambdaForm$MH+0x00000000804a8800'
Event: 77.200 Thread 0x000001b8908e0d10 Unloading class 0x00000000804a8400 'java/lang/invoke/LambdaForm$MH+0x00000000804a8400'
Event: 92.320 Thread 0x000001b8908e0d10 Unloading class 0x0000000083b24800 'java/lang/invoke/LambdaForm$MH+0x0000000083b24800'
Event: 92.320 Thread 0x000001b8908e0d10 Unloading class 0x0000000083b24000 'java/lang/invoke/LambdaForm$MH+0x0000000083b24000'
Event: 92.320 Thread 0x000001b8908e0d10 Unloading class 0x0000000083b24400 'java/lang/invoke/LambdaForm$MH+0x0000000083b24400'
Event: 92.320 Thread 0x000001b8908e0d10 Unloading class 0x0000000083b23c00 'java/lang/invoke/LambdaForm$MH+0x0000000083b23c00'
Event: 92.320 Thread 0x000001b8908e0d10 Unloading class 0x0000000083b23800 'java/lang/invoke/LambdaForm$MH+0x0000000083b23800'
Event: 92.320 Thread 0x000001b8908e0d10 Unloading class 0x0000000083b23400 'java/lang/invoke/LambdaForm$MH+0x0000000083b23400'
Event: 92.320 Thread 0x000001b8908e0d10 Unloading class 0x0000000083b23000 'java/lang/invoke/LambdaForm$MH+0x0000000083b23000'
Event: 92.320 Thread 0x000001b8908e0d10 Unloading class 0x0000000083b22800 'java/lang/invoke/LambdaForm$DMH+0x0000000083b22800'
Event: 92.320 Thread 0x000001b8908e0d10 Unloading class 0x0000000083b22400 'java/lang/invoke/LambdaForm$DMH+0x0000000083b22400'
Event: 92.320 Thread 0x000001b8908e0d10 Unloading class 0x0000000083b22000 'java/lang/invoke/LambdaForm$DMH+0x0000000083b22000'
Event: 92.320 Thread 0x000001b8908e0d10 Unloading class 0x0000000083b21c00 'java/lang/invoke/LambdaForm$DMH+0x0000000083b21c00'
Event: 92.320 Thread 0x000001b8908e0d10 Unloading class 0x0000000083b21800 'java/lang/invoke/LambdaForm$DMH+0x0000000083b21800'
Event: 92.320 Thread 0x000001b8908e0d10 Unloading class 0x0000000083b21400 'java/lang/invoke/LambdaForm$DMH+0x0000000083b21400'
Event: 92.320 Thread 0x000001b8908e0d10 Unloading class 0x0000000083b21000 'java/lang/invoke/LambdaForm$DMH+0x0000000083b21000'
Event: 92.320 Thread 0x000001b8908e0d10 Unloading class 0x0000000083b20800 'java/lang/invoke/LambdaForm$DMH+0x0000000083b20800'
Event: 92.320 Thread 0x000001b8908e0d10 Unloading class 0x0000000083b20400 'java/lang/invoke/LambdaForm$DMH+0x0000000083b20400'
Event: 92.320 Thread 0x000001b8908e0d10 Unloading class 0x0000000083b20000 'java/lang/invoke/LambdaForm$DMH+0x0000000083b20000'
Event: 92.320 Thread 0x000001b8908e0d10 Unloading class 0x00000000804a8c00 'java/lang/invoke/LambdaForm$DMH+0x00000000804a8c00'
Event: 92.320 Thread 0x000001b8908e0d10 Unloading class 0x00000000804a8800 'java/lang/invoke/LambdaForm$DMH+0x00000000804a8800'
Event: 92.320 Thread 0x000001b8908e0d10 Unloading class 0x00000000804b1c00 'java/lang/invoke/LambdaForm$DMH+0x00000000804b1c00'
Event: 92.320 Thread 0x000001b8908e0d10 Unloading class 0x00000000804b1800 'java/lang/invoke/LambdaForm$DMH+0x00000000804b1800'
Event: 92.320 Thread 0x000001b8908e0d10 Unloading class 0x00000000804c5800 'java/lang/invoke/LambdaForm$DMH+0x00000000804c5800'
Event: 92.320 Thread 0x000001b8908e0d10 Unloading class 0x00000000804d8000 'java/lang/invoke/LambdaForm$DMH+0x00000000804d8000'
Event: 92.320 Thread 0x000001b8908e0d10 Unloading class 0x00000000804d2400 'java/lang/invoke/LambdaForm$DMH+0x00000000804d2400'
Event: 92.321 Thread 0x000001b8908e0d10 Unloading class 0x00000000804d8400 'java/lang/invoke/LambdaForm$DMH+0x00000000804d8400'
Event: 92.321 Thread 0x000001b8908e0d10 Unloading class 0x00000000804cd800 'java/lang/invoke/LambdaForm$DMH+0x00000000804cd800'
Event: 92.321 Thread 0x000001b8908e0d10 Unloading class 0x00000000804d2000 'java/lang/invoke/LambdaForm$DMH+0x00000000804d2000'
Event: 92.321 Thread 0x000001b8908e0d10 Unloading class 0x00000000804cdc00 'java/lang/invoke/LambdaForm$DMH+0x00000000804cdc00'
Event: 92.321 Thread 0x000001b8908e0d10 Unloading class 0x00000000831ef000 'java/lang/invoke/LambdaForm$MH+0x00000000831ef000'
Event: 92.321 Thread 0x000001b8908e0d10 Unloading class 0x00000000804a8400 'java/lang/invoke/LambdaForm$MH+0x00000000804a8400'
Event: 92.321 Thread 0x000001b8908e0d10 Unloading class 0x00000000804b1000 'java/lang/invoke/LambdaForm$MH+0x00000000804b1000'
Event: 92.321 Thread 0x000001b8908e0d10 Unloading class 0x00000000804b6400 'java/lang/invoke/LambdaForm$MH+0x00000000804b6400'
Event: 92.321 Thread 0x000001b8908e0d10 Unloading class 0x00000000804bb400 'java/lang/invoke/LambdaForm$MH+0x00000000804bb400'
Event: 92.321 Thread 0x000001b8908e0d10 Unloading class 0x00000000804bfc00 'java/lang/invoke/LambdaForm$MH+0x00000000804bfc00'
Event: 92.321 Thread 0x000001b8908e0d10 Unloading class 0x00000000804cd400 'java/lang/invoke/LambdaForm$MH+0x00000000804cd400'
Event: 92.321 Thread 0x000001b8908e0d10 Unloading class 0x00000000804d8c00 'java/lang/invoke/LambdaForm$DMH+0x00000000804d8c00'
Event: 92.321 Thread 0x000001b8908e0d10 Unloading class 0x00000000804de000 'java/lang/invoke/LambdaForm$DMH+0x00000000804de000'
Event: 92.321 Thread 0x000001b8908e0d10 Unloading class 0x00000000804e4400 'java/lang/invoke/LambdaForm$DMH+0x00000000804e4400'
Event: 92.321 Thread 0x000001b8908e0d10 Unloading class 0x00000000804e9400 'java/lang/invoke/LambdaForm$DMH+0x00000000804e9400'
Event: 92.321 Thread 0x000001b8908e0d10 Unloading class 0x00000000804efc00 'java/lang/invoke/LambdaForm$DMH+0x00000000804efc00'
Event: 92.321 Thread 0x000001b8908e0d10 Unloading class 0x00000000804f2000 'java/lang/invoke/LambdaForm$DMH+0x00000000804f2000'
Event: 92.321 Thread 0x000001b8908e0d10 Unloading class 0x00000000804f5000 'java/lang/invoke/LambdaForm$DMH+0x00000000804f5000'
Event: 92.321 Thread 0x000001b8908e0d10 Unloading class 0x00000000812d8000 'java/lang/invoke/LambdaForm$DMH+0x00000000812d8000'
Event: 92.321 Thread 0x000001b8908e0d10 Unloading class 0x00000000811d0c00 'java/lang/invoke/LambdaForm$DMH+0x00000000811d0c00'
Event: 92.321 Thread 0x000001b8908e0d10 Unloading class 0x00000000811d2400 'java/lang/invoke/LambdaForm$DMH+0x00000000811d2400'
Event: 92.321 Thread 0x000001b8908e0d10 Unloading class 0x0000000082d90000 'java/lang/invoke/LambdaForm$DMH+0x0000000082d90000'
Event: 92.321 Thread 0x000001b8908e0d10 Unloading class 0x0000000082d93000 'java/lang/invoke/LambdaForm$DMH+0x0000000082d93000'
Event: 92.321 Thread 0x000001b8908e0d10 Unloading class 0x0000000082d95400 'java/lang/invoke/LambdaForm$DMH+0x0000000082d95400'
Event: 92.321 Thread 0x000001b8908e0d10 Unloading class 0x0000000083719000 'java/lang/invoke/LambdaForm$DMH+0x0000000083719000'
Event: 92.321 Thread 0x000001b8908e0d10 Unloading class 0x0000000083718c00 'java/lang/invoke/LambdaForm$DMH+0x0000000083718c00'
Event: 92.321 Thread 0x000001b8908e0d10 Unloading class 0x0000000083718800 'java/lang/invoke/LambdaForm$DMH+0x0000000083718800'
Event: 92.321 Thread 0x000001b8908e0d10 Unloading class 0x0000000083717c00 'java/lang/invoke/LambdaForm$DMH+0x0000000083717c00'
Event: 92.321 Thread 0x000001b8908e0d10 Unloading class 0x0000000083718000 'java/lang/invoke/LambdaForm$DMH+0x0000000083718000'
Event: 92.321 Thread 0x000001b8908e0d10 Unloading class 0x0000000083717800 'java/lang/invoke/LambdaForm$DMH+0x0000000083717800'
Event: 92.321 Thread 0x000001b8908e0d10 Unloading class 0x0000000083715400 'java/lang/invoke/LambdaForm$DMH+0x0000000083715400'
Event: 92.321 Thread 0x000001b8908e0d10 Unloading class 0x0000000083715c00 'java/lang/invoke/LambdaForm$DMH+0x0000000083715c00'
Event: 92.321 Thread 0x000001b8908e0d10 Unloading class 0x0000000083716c00 'java/lang/invoke/LambdaForm$DMH+0x0000000083716c00'
Event: 92.321 Thread 0x000001b8908e0d10 Unloading class 0x0000000083716800 'java/lang/invoke/LambdaForm$DMH+0x0000000083716800'
Event: 92.321 Thread 0x000001b8908e0d10 Unloading class 0x0000000083716000 'java/lang/invoke/LambdaForm$DMH+0x0000000083716000'
Event: 92.321 Thread 0x000001b8908e0d10 Unloading class 0x0000000083715000 'java/lang/invoke/LambdaForm$DMH+0x0000000083715000'
Event: 92.321 Thread 0x000001b8908e0d10 Unloading class 0x0000000083714c00 'java/lang/invoke/LambdaForm$DMH+0x0000000083714c00'
Event: 92.321 Thread 0x000001b8908e0d10 Unloading class 0x0000000083714800 'java/lang/invoke/LambdaForm$DMH+0x0000000083714800'
Event: 92.321 Thread 0x000001b8908e0d10 Unloading class 0x0000000083718400 'java/lang/invoke/LambdaForm$DMH+0x0000000083718400'
Event: 92.321 Thread 0x000001b8908e0d10 Unloading class 0x0000000083714400 'java/lang/invoke/LambdaForm$DMH+0x0000000083714400'
Event: 92.321 Thread 0x000001b8908e0d10 Unloading class 0x0000000083717400 'java/lang/invoke/LambdaForm$DMH+0x0000000083717400'
Event: 92.321 Thread 0x000001b8908e0d10 Unloading class 0x0000000083715800 'java/lang/invoke/LambdaForm$DMH+0x0000000083715800'
Event: 92.321 Thread 0x000001b8908e0d10 Unloading class 0x0000000083717000 'java/lang/invoke/LambdaForm$DMH+0x0000000083717000'
Event: 92.321 Thread 0x000001b8908e0d10 Unloading class 0x0000000083716400 'java/lang/invoke/LambdaForm$DMH+0x0000000083716400'
Event: 92.321 Thread 0x000001b8908e0d10 Unloading class 0x0000000083683400 'java/lang/invoke/LambdaForm$DMH+0x0000000083683400'
Event: 92.321 Thread 0x000001b8908e0d10 Unloading class 0x0000000083683000 'java/lang/invoke/LambdaForm$DMH+0x0000000083683000'
Event: 92.321 Thread 0x000001b8908e0d10 Unloading class 0x0000000083682800 'java/lang/invoke/LambdaForm$DMH+0x0000000083682800'
Event: 92.321 Thread 0x000001b8908e0d10 Unloading class 0x0000000083682c00 'java/lang/invoke/LambdaForm$DMH+0x0000000083682c00'
Event: 92.321 Thread 0x000001b8908e0d10 Unloading class 0x0000000083682400 'java/lang/invoke/LambdaForm$DMH+0x0000000083682400'
Event: 92.321 Thread 0x000001b8908e0d10 Unloading class 0x0000000083682000 'java/lang/invoke/LambdaForm$DMH+0x0000000083682000'
Event: 92.321 Thread 0x000001b8908e0d10 Unloading class 0x0000000083681c00 'java/lang/invoke/LambdaForm$DMH+0x0000000083681c00'
Event: 92.321 Thread 0x000001b8908e0d10 Unloading class 0x0000000083681400 'java/lang/invoke/LambdaForm$DMH+0x0000000083681400'
Event: 92.321 Thread 0x000001b8908e0d10 Unloading class 0x0000000083681800 'java/lang/invoke/LambdaForm$DMH+0x0000000083681800'
Event: 92.321 Thread 0x000001b8908e0d10 Unloading class 0x0000000083681000 'java/lang/invoke/LambdaForm$DMH+0x0000000083681000'
Event: 92.321 Thread 0x000001b8908e0d10 Unloading class 0x0000000083680c00 'java/lang/invoke/LambdaForm$DMH+0x0000000083680c00'
Event: 92.321 Thread 0x000001b8908e0d10 Unloading class 0x0000000083680800 'java/lang/invoke/LambdaForm$DMH+0x0000000083680800'
Event: 92.321 Thread 0x000001b8908e0d10 Unloading class 0x0000000083680400 'java/lang/invoke/LambdaForm$DMH+0x0000000083680400'
Event: 92.321 Thread 0x000001b8908e0d10 Unloading class 0x0000000083680000 'java/lang/invoke/LambdaForm$DMH+0x0000000083680000'
Event: 92.321 Thread 0x000001b8908e0d10 Unloading class 0x000000008367d400 'java/lang/invoke/LambdaForm$DMH+0x000000008367d400'
Event: 92.321 Thread 0x000001b8908e0d10 Unloading class 0x000000008367d000 'java/lang/invoke/LambdaForm$DMH+0x000000008367d000'
Event: 199.029 Thread 0x000001b8908e0d10 Unloading class 0x0000000083d68800 'java/lang/invoke/LambdaForm$DMH+0x0000000083d68800'
Event: 199.029 Thread 0x000001b8908e0d10 Unloading class 0x0000000083d68400 'java/lang/invoke/LambdaForm$DMH+0x0000000083d68400'

Classes redefined (0 events):
No events

Internal exceptions (250 events):
Event: 544.154 Thread 0x000001bd14742260 Exception <a 'sun/nio/fs/WindowsException'{0x0000040377cf38d8}> (0x0000040377cf38d8) 
thrown [s\src\hotspot\share\prims\jni.cpp, line 520]
Event: 544.160 Thread 0x000001bd14742260 Exception <a 'sun/nio/fs/WindowsException'{0x000004031faac4f8}> (0x000004031faac4f8) 
thrown [s\src\hotspot\share\prims\jni.cpp, line 520]
Event: 544.164 Thread 0x000001bd14742260 Exception <a 'sun/nio/fs/WindowsException'{0x0000040319665048}> (0x0000040319665048) 
thrown [s\src\hotspot\share\prims\jni.cpp, line 520]
Event: 544.165 Thread 0x000001bd14742260 Exception <a 'sun/nio/fs/WindowsException'{0x000004031972eae8}> (0x000004031972eae8) 
thrown [s\src\hotspot\share\prims\jni.cpp, line 520]
Event: 544.171 Thread 0x000001bd14742260 Exception <a 'sun/nio/fs/WindowsException'{0x000004028bee7610}> (0x000004028bee7610) 
thrown [s\src\hotspot\share\prims\jni.cpp, line 520]
Event: 544.172 Thread 0x000001bd14742260 Exception <a 'sun/nio/fs/WindowsException'{0x000004028bfb10b8}> (0x000004028bfb10b8) 
thrown [s\src\hotspot\share\prims\jni.cpp, line 520]
Event: 544.176 Thread 0x000001bd14742260 Exception <a 'sun/nio/fs/WindowsException'{0x000004026656a4f8}> (0x000004026656a4f8) 
thrown [s\src\hotspot\share\prims\jni.cpp, line 520]
Event: 544.176 Thread 0x000001bd14742260 Exception <a 'sun/nio/fs/WindowsException'{0x00000401fba33f78}> (0x00000401fba33f78) 
thrown [s\src\hotspot\share\prims\jni.cpp, line 520]
Event: 544.177 Thread 0x000001bd14742260 Exception <a 'sun/nio/fs/WindowsException'{0x00000401fbafdb00}> (0x00000401fbafdb00) 
thrown [s\src\hotspot\share\prims\jni.cpp, line 520]
Event: 544.177 Thread 0x000001bd14742260 Exception <a 'sun/nio/fs/WindowsException'{0x00000401fbbc7fb0}> (0x00000401fbbc7fb0) 
thrown [s\src\hotspot\share\prims\jni.cpp, line 520]
Event: 544.177 Thread 0x000001bd14742260 Exception <a 'sun/nio/fs/WindowsException'{0x00000401eb494f38}> (0x00000401eb494f38) 
thrown [s\src\hotspot\share\prims\jni.cpp, line 520]
Event: 544.178 Thread 0x000001bd14742260 Exception <a 'sun/nio/fs/WindowsException'{0x00000401eb55e9c0}> (0x00000401eb55e9c0) 
thrown [s\src\hotspot\share\prims\jni.cpp, line 520]
Event: 544.182 Thread 0x000001bd14742260 Exception <a 'sun/nio/fs/WindowsException'{0x00000401b8917488}> (0x00000401b8917488) 
thrown [s\src\hotspot\share\prims\jni.cpp, line 520]
Event: 544.186 Thread 0x000001bd14742260 Exception <a 'sun/nio/fs/WindowsException'{0x0000040177ad1d28}> (0x0000040177ad1d28) 
thrown [s\src\hotspot\share\prims\jni.cpp, line 520]
Event: 544.186 Thread 0x000001bd14742260 Exception <a 'sun/nio/fs/WindowsException'{0x0000040177ba2f78}> (0x0000040177ba2f78) 
thrown [s\src\hotspot\share\prims\jni.cpp, line 520]
Event: 544.190 Thread 0x000001bd14742260 Exception <a 'sun/nio/fs/WindowsException'{0x000004010d35ba48}> (0x000004010d35ba48) 
thrown [s\src\hotspot\share\prims\jni.cpp, line 520]
Event: 544.194 Thread 0x000001bd14742260 Exception <a 'sun/nio/fs/WindowsException'{0x00000400c0700620}> (0x00000400c0700620) 
thrown [s\src\hotspot\share\prims\jni.cpp, line 520]
Event: 544.197 Thread 0x000001bd14742260 Exception <a 'sun/nio/fs/WindowsException'{0x00000400160a06d0}> (0x00000400160a06d0) 
thrown [s\src\hotspot\share\prims\jni.cpp, line 520]
Event: 544.198 Thread 0x000001bd14742260 Exception <a 'sun/nio/fs/WindowsException'{0x000004001616bf60}> (0x000004001616bf60) 
thrown [s\src\hotspot\share\prims\jni.cpp, line 520]
Event: 544.337 Thread 0x000001bd14742260 Exception <a 'sun/nio/fs/WindowsException'{0x000004034aa6c700}> (0x000004034aa6c700) 
thrown [s\src\hotspot\share\prims\jni.cpp, line 520]
Event: 544.340 Thread 0x000001bd14742260 Exception <a 'sun/nio/fs/WindowsException'{0x00000403457a6c98}> (0x00000403457a6c98) 
thrown [s\src\hotspot\share\prims\jni.cpp, line 520]
Event: 544.340 Thread 0x000001bd14742260 Exception <a 'sun/nio/fs/WindowsException'{0x0000040344470658}> (0x0000040344470658) 
thrown [s\src\hotspot\share\prims\jni.cpp, line 520]
Event: 544.342 Thread 0x000001bd14742260 Exception <a 'sun/nio/fs/WindowsException'{0x000004033bfa51c8}> (0x000004033bfa51c8) 
thrown [s\src\hotspot\share\prims\jni.cpp, line 520]
Event: 544.454 Thread 0x000001bcca4cc7b0 Exception <a 'sun/nio/fs/WindowsException'{0x00000402fb6ca340}> (0x00000402fb6ca340) 
thrown [s\src\hotspot\share\prims\jni.cpp, line 520]
Event: 545.355 Thread 0x000001bcca4cc7b0 Exception <a 'sun/nio/fs/WindowsException'{0x00000400c99099a8}> (0x00000400c99099a8) 
thrown [s\src\hotspot\share\prims\jni.cpp, line 520]
Event: 545.452 Thread 0x000001bcca4cc7b0 Exception <a 'sun/nio/fs/WindowsException'{0x00000400c9912ba0}> (0x00000400c9912ba0) 
thrown [s\src\hotspot\share\prims\jni.cpp, line 520]
Event: 545.496 Thread 0x000001bd1474e0b0 Exception <a 'sun/nio/fs/WindowsException'{0x000004034a0c2790}> (0x000004034a0c2790) 
thrown [s\src\hotspot\share\prims\jni.cpp, line 520]
Event: 545.504 Thread 0x000001bcca4cc120 Exception <a 'sun/nio/fs/WindowsException'{0x0000040206ab59d8}> (0x0000040206ab59d8) 
thrown [s\src\hotspot\share\prims\jni.cpp, line 520]
Event: 545.605 Thread 0x000001bd1474e0b0 Exception <a 'sun/nio/fs/WindowsException'{0x000004034a0da698}> (0x000004034a0da698) 
thrown [s\src\hotspot\share\prims\jni.cpp, line 520]
Event: 545.656 Thread 0x000001bd1474e0b0 Exception <a 'sun/nio/fs/WindowsException'{0x000004034a0e4330}> (0x000004034a0e4330) 
thrown [s\src\hotspot\share\prims\jni.cpp, line 520]
Event: 546.204 Thread 0x000001bd1474e0b0 Exception <a 'sun/nio/fs/WindowsException'{0x000004034a0ed398}> (0x000004034a0ed398) 
thrown [s\src\hotspot\share\prims\jni.cpp, line 520]
Event: 546.253 Thread 0x000001bd1474e0b0 Exception <a 'sun/nio/fs/WindowsException'{0x000004034a0f6cc0}> (0x000004034a0f6cc0) 
thrown [s\src\hotspot\share\prims\jni.cpp, line 520]
Event: 546.707 Thread 0x000001bd1474e0b0 Exception <a 'sun/nio/fs/WindowsException'{0x0000040231801790}> (0x0000040231801790) 
thrown [s\src\hotspot\share\prims\jni.cpp, line 520]
Event: 546.759 Thread 0x000001bd1474e0b0 Exception <a 'sun/nio/fs/WindowsException'{0x00000401d6e09318}> (0x00000401d6e09318) 
thrown [s\src\hotspot\share\prims\jni.cpp, line 520]
Event: 546.760 Thread 0x000001bd1474e0b0 Exception <a 'sun/nio/fs/WindowsException'{0x00000401d6e12af8}> (0x00000401d6e12af8) 
thrown [s\src\hotspot\share\prims\jni.cpp, line 520]
Event: 546.957 Thread 0x000001bcca4cc7b0 Exception <a 'sun/nio/fs/WindowsException'{0x00000401f1f09e10}> (0x00000401f1f09e10) 
thrown [s\src\hotspot\share\prims\jni.cpp, line 520]
Event: 547.604 Thread 0x000001bcca4cc7b0 Exception <a 'sun/nio/fs/WindowsException'{0x00000401f1f13c30}> (0x00000401f1f13c30) 
thrown [s\src\hotspot\share\prims\jni.cpp, line 520]
Event: 547.703 Thread 0x000001bcca4cc7b0 Exception <a 'sun/nio/fs/WindowsException'{0x00000401f1f1e1d0}> (0x00000401f1f1e1d0) 
thrown [s\src\hotspot\share\prims\jni.cpp, line 520]
Event: 547.753 Thread 0x000001bcca4cc7b0 Exception <a 'sun/nio/fs/WindowsException'{0x00000401f1f26830}> (0x00000401f1f26830) 
thrown [s\src\hotspot\share\prims\jni.cpp, line 520]
Event: 547.807 Thread 0x000001bcca4cc7b0 Exception <a 'sun/nio/fs/WindowsException'{0x00000402b8f8a088}> (0x00000402b8f8a088) 
thrown [s\src\hotspot\share\prims\jni.cpp, line 520]
Event: 547.857 Thread 0x000001bcca4cc7b0 Exception <a 'sun/nio/fs/WindowsException'{0x00000402b8f93ea8}> (0x00000402b8f93ea8) 
thrown [s\src\hotspot\share\prims\jni.cpp, line 520]
Event: 548.056 Thread 0x000001bcca4cc7b0 Exception <a 'sun/nio/fs/WindowsException'{0x00000402b8f9c5f8}> (0x00000402b8f9c5f8) 
thrown [s\src\hotspot\share\prims\jni.cpp, line 520]
Event: 548.057 Thread 0x000001bcca4cc7b0 Exception <a 'sun/nio/fs/WindowsException'{0x00000402b8fa5740}> (0x00000402b8fa5740) 
thrown [s\src\hotspot\share\prims\jni.cpp, line 520]
Event: 548.105 Thread 0x000001bd1474e0b0 Exception <a 'sun/nio/fs/WindowsException'{0x00000402b0e09398}> (0x00000402b0e09398) 
thrown [s\src\hotspot\share\prims\jni.cpp, line 520]
Event: 548.308 Thread 0x000001bd1474e0b0 Exception <a 'sun/nio/fs/WindowsException'{0x00000402b0e138a0}> (0x00000402b0e138a0) 
thrown [s\src\hotspot\share\prims\jni.cpp, line 520]
Event: 548.455 Thread 0x000001bd1474e0b0 Exception <a 'sun/nio/fs/WindowsException'{0x00000402b0e1dc68}> (0x00000402b0e1dc68) 
thrown [s\src\hotspot\share\prims\jni.cpp, line 520]
Event: 548.607 Thread 0x000001bd1474e0b0 Exception <a 'sun/nio/fs/WindowsException'{0x00000402b0e272b8}> (0x00000402b0e272b8) 
thrown [s\src\hotspot\share\prims\jni.cpp, line 520]
Event: 549.157 Thread 0x000001bd1474e0b0 Exception <a 'sun/nio/fs/WindowsException'{0x00000402b0e30c28}> (0x00000402b0e30c28) 
thrown [s\src\hotspot\share\prims\jni.cpp, line 520]
Event: 549.406 Thread 0x000001bcca4cc120 Exception <a 'sun/nio/fs/WindowsException'{0x00000401352494f8}> (0x00000401352494f8) 
thrown [s\src\hotspot\share\prims\jni.cpp, line 520]
Event: 550.357 Thread 0x000001bd1474e0b0 Exception <a 'sun/nio/fs/WindowsException'{0x000004007f609f30}> (0x000004007f609f30) 
thrown [s\src\hotspot\share\prims\jni.cpp, line 520]
Event: 550.757 Thread 0x000001bd1474e0b0 Exception <a 'sun/nio/fs/WindowsException'{0x000004007f6145c0}> (0x000004007f6145c0) 
thrown [s\src\hotspot\share\prims\jni.cpp, line 520]
Event: 551.105 Thread 0x000001bd1474e0b0 Exception <a 'sun/nio/fs/WindowsException'{0x00000401185889b0}> (0x00000401185889b0) 
thrown [s\src\hotspot\share\prims\jni.cpp, line 520]
Event: 551.405 Thread 0x000001bd1474e0b0 Exception <a 'sun/nio/fs/WindowsException'{0x0000040118592dc8}> (0x0000040118592dc8) 
thrown [s\src\hotspot\share\prims\jni.cpp, line 520]
Event: 551.407 Thread 0x000001bd1474e0b0 Exception <a 'sun/nio/fs/WindowsException'{0x000004011859d0b0}> (0x000004011859d0b0) 
thrown [s\src\hotspot\share\prims\jni.cpp, line 520]
Event: 551.408 Thread 0x000001bcca4cc7b0 Exception <a 'sun/nio/fs/WindowsException'{0x000004011d349de0}> (0x000004011d349de0) 
thrown [s\src\hotspot\share\prims\jni.cpp, line 520]
Event: 551.410 Thread 0x000001bcca4cc120 Exception <a 'sun/nio/fs/WindowsException'{0x00000402d6f499f8}> (0x00000402d6f499f8) 
thrown [s\src\hotspot\share\prims\jni.cpp, line 520]
Event: 552.608 Thread 0x000001bcca4cc120 Exception <a 'sun/nio/fs/WindowsException'{0x00000401179dd668}> (0x00000401179dd668) 
thrown [s\src\hotspot\share\prims\jni.cpp, line 520]
Event: 553.104 Thread 0x000001bcca4cc120 Exception <a 'sun/nio/fs/WindowsException'{0x00000401179e7350}> (0x00000401179e7350) 
thrown [s\src\hotspot\share\prims\jni.cpp, line 520]
Event: 553.205 Thread 0x000001bcca4cc120 Exception <a 'sun/nio/fs/WindowsException'{0x00000401179f0b80}> (0x00000401179f0b80) 
thrown [s\src\hotspot\share\prims\jni.cpp, line 520]
Event: 553.603 Thread 0x000001bcca4cc120 Exception <a 'sun/nio/fs/WindowsException'{0x00000401179fa860}> (0x00000401179fa860) 
thrown [s\src\hotspot\share\prims\jni.cpp, line 520]
Event: 554.453 Thread 0x000001bcca4cc120 Exception <a 'sun/nio/fs/WindowsException'{0x00000401ebf29eb8}> (0x00000401ebf29eb8) 
thrown [s\src\hotspot\share\prims\jni.cpp, line 520]
Event: 554.703 Thread 0x000001bcca4cc120 Exception <a 'sun/nio/fs/WindowsException'{0x00000401968090e0}> (0x00000401968090e0) 
thrown [s\src\hotspot\share\prims\jni.cpp, line 520]
Event: 554.957 Thread 0x000001bcca4cc120 Exception <a 'sun/nio/fs/WindowsException'{0x0000040196813638}> (0x0000040196813638) 
thrown [s\src\hotspot\share\prims\jni.cpp, line 520]
Event: 555.359 Thread 0x000001bcca4cc120 Exception <a 'sun/nio/fs/WindowsException'{0x000004019681e4a0}> (0x000004019681e4a0) 
thrown [s\src\hotspot\share\prims\jni.cpp, line 520]
Event: 555.361 Thread 0x000001bcca4cc120 Exception <a 'sun/nio/fs/WindowsException'{0x0000040196827f08}> (0x0000040196827f08) 
thrown [s\src\hotspot\share\prims\jni.cpp, line 520]
Event: 555.506 Thread 0x000001bd1474e0b0 Exception <a 'sun/nio/fs/WindowsException'{0x000004025708f248}> (0x000004025708f248) 
thrown [s\src\hotspot\share\prims\jni.cpp, line 520]
Event: 555.657 Thread 0x000001bd1474e0b0 Exception <a 'sun/nio/fs/WindowsException'{0x0000040257098ee0}> (0x0000040257098ee0) 
thrown [s\src\hotspot\share\prims\jni.cpp, line 520]
Event: 556.205 Thread 0x000001bd1474e0b0 Exception <a 'sun/nio/fs/WindowsException'{0x00000402570a22b8}> (0x00000402570a22b8) 
thrown [s\src\hotspot\share\prims\jni.cpp, line 520]
Event: 556.255 Thread 0x000001bd1474e0b0 Exception <a 'sun/nio/fs/WindowsException'{0x00000402e1209868}> (0x00000402e1209868) 
thrown [s\src\hotspot\share\prims\jni.cpp, line 520]
Event: 556.306 Thread 0x000001bd1474e0b0 Exception <a 'sun/nio/fs/WindowsException'{0x00000402e1213180}> (0x00000402e1213180) 
thrown [s\src\hotspot\share\prims\jni.cpp, line 520]
Event: 556.739 Thread 0x000001bd1474e0b0 Exception <a 'sun/nio/fs/WindowsException'{0x00000402e121d9f0}> (0x00000402e121d9f0) 
thrown [s\src\hotspot\share\prims\jni.cpp, line 520]
Event: 557.006 Thread 0x000001bd1474e0b0 Exception <a 'sun/nio/fs/WindowsException'{0x00000402e12275e8}> (0x00000402e12275e8) 
thrown [s\src\hotspot\share\prims\jni.cpp, line 520]
Event: 557.507 Thread 0x000001bd1474e0b0 Exception <a 'sun/nio/fs/WindowsException'{0x000004028e7ca2b8}> (0x000004028e7ca2b8) 
thrown [s\src\hotspot\share\prims\jni.cpp, line 520]
Event: 557.703 Thread 0x000001bd1474e0b0 Exception <a 'sun/nio/fs/WindowsException'{0x000004028e7d4858}> (0x000004028e7d4858) 
thrown [s\src\hotspot\share\prims\jni.cpp, line 520]
Event: 557.857 Thread 0x000001bd1474e0b0 Exception <a 'sun/nio/fs/WindowsException'{0x000004028e7de630}> (0x000004028e7de630) 
thrown [s\src\hotspot\share\prims\jni.cpp, line 520]
Event: 557.859 Thread 0x000001bd1474e0b0 Exception <a 'sun/nio/fs/WindowsException'{0x000004028e7e8400}> (0x000004028e7e8400) 
thrown [s\src\hotspot\share\prims\jni.cpp, line 520]
Event: 558.105 Thread 0x000001bcca4cc120 Exception <a 'sun/nio/fs/WindowsException'{0x00000402091c8ec8}> (0x00000402091c8ec8) 
thrown [s\src\hotspot\share\prims\jni.cpp, line 520]
Event: 558.106 Thread 0x000001bcca4cc120 Exception <a 'sun/nio/fs/WindowsException'{0x00000402091d2010}> (0x00000402091d2010) 
thrown [s\src\hotspot\share\prims\jni.cpp, line 520]
Event: 558.505 Thread 0x000001bd1474e0b0 Exception <a 'sun/nio/fs/WindowsException'{0x000004011e20a308}> (0x000004011e20a308) 
thrown [s\src\hotspot\share\prims\jni.cpp, line 520]
Event: 558.606 Thread 0x000001bd1474e0b0 Exception <a 'sun/nio/fs/WindowsException'{0x000004011e213e58}> (0x000004011e213e58) 
thrown [s\src\hotspot\share\prims\jni.cpp, line 520]
Event: 558.653 Thread 0x000001bd1474e0b0 Exception <a 'sun/nio/fs/WindowsException'{0x000004011e21d138}> (0x000004011e21d138) 
thrown [s\src\hotspot\share\prims\jni.cpp, line 520]
Event: 558.754 Thread 0x000001bd1474e0b0 Exception <a 'sun/nio/fs/WindowsException'{0x000004011e227548}> (0x000004011e227548) 
thrown [s\src\hotspot\share\prims\jni.cpp, line 520]
Event: 559.202 Thread 0x000001bd1474e0b0 Exception <a 'sun/nio/fs/WindowsException'{0x000004038e2c98b0}> (0x000004038e2c98b0) 
thrown [s\src\hotspot\share\prims\jni.cpp, line 520]
Event: 559.456 Thread 0x000001bd1474e0b0 Exception <a 'sun/nio/fs/WindowsException'{0x000004038e2d2dc8}> (0x000004038e2d2dc8) 
thrown [s\src\hotspot\share\prims\jni.cpp, line 520]
Event: 559.854 Thread 0x000001bd1474e0b0 Exception <a 'sun/nio/fs/WindowsException'{0x000004038e2dc410}> (0x000004038e2dc410) 
thrown [s\src\hotspot\share\prims\jni.cpp, line 520]
Event: 560.405 Thread 0x000001bd1474e0b0 Exception <a 'sun/nio/fs/WindowsException'{0x0000040252dc9d10}> (0x0000040252dc9d10) 
thrown [s\src\hotspot\share\prims\jni.cpp, line 520]
Event: 561.452 Thread 0x000001bd1474e0b0 Exception <a 'sun/nio/fs/WindowsException'{0x00000401b4d0a7b8}> (0x00000401b4d0a7b8) 
thrown [s\src\hotspot\share\prims\jni.cpp, line 520]
Event: 561.453 Thread 0x000001bcca4cc120 Exception <a 'sun/nio/fs/WindowsException'{0x000004018459b788}> (0x000004018459b788) 
thrown [s\src\hotspot\share\prims\jni.cpp, line 520]
Event: 561.454 Thread 0x000001bd1474e0b0 Exception <a 'sun/nio/fs/WindowsException'{0x00000401b4d14558}> (0x00000401b4d14558) 
thrown [s\src\hotspot\share\prims\jni.cpp, line 520]
Event: 563.606 Thread 0x000001bd1474e0b0 Exception <a 'sun/nio/fs/WindowsException'{0x0000040283c49c20}> (0x0000040283c49c20) 
thrown [s\src\hotspot\share\prims\jni.cpp, line 520]
Event: 563.755 Thread 0x000001bd1474e0b0 Exception <a 'sun/nio/fs/WindowsException'{0x0000040283c54a30}> (0x0000040283c54a30) 
thrown [s\src\hotspot\share\prims\jni.cpp, line 520]
Event: 563.757 Thread 0x000001bd1474e0b0 Exception <a 'sun/nio/fs/WindowsException'{0x0000040283c5def0}> (0x0000040283c5def0) 
thrown [s\src\hotspot\share\prims\jni.cpp, line 520]
Event: 563.959 Thread 0x000001bcca4cc120 Exception <a 'sun/nio/fs/WindowsException'{0x000004024f01e700}> (0x000004024f01e700) 
thrown [s\src\hotspot\share\prims\jni.cpp, line 520]
Event: 564.157 Thread 0x000001bcca4cc120 Exception <a 'sun/nio/fs/WindowsException'{0x00000402af448fa8}> (0x00000402af448fa8) 
thrown [s\src\hotspot\share\prims\jni.cpp, line 520]
Event: 564.261 Thread 0x000001bd1473e750 Exception <a 'sun/nio/fs/WindowsException'{0x00000401e31616b0}> (0x00000401e31616b0) 
thrown [s\src\hotspot\share\prims\jni.cpp, line 520]
Event: 564.304 Thread 0x000001bcca4cc120 Exception <a 'sun/nio/fs/WindowsException'{0x00000402af4521a0}> (0x00000402af4521a0) 
thrown [s\src\hotspot\share\prims\jni.cpp, line 520]
Event: 564.453 Thread 0x000001bcca4cc120 Exception <a 'sun/nio/fs/WindowsException'{0x00000402af45c108}> (0x00000402af45c108) 
thrown [s\src\hotspot\share\prims\jni.cpp, line 520]
Event: 564.703 Thread 0x000001bcca4cc120 Exception <a 'sun/nio/fs/WindowsException'{0x00000402af465cf8}> (0x00000402af465cf8) 
thrown [s\src\hotspot\share\prims\jni.cpp, line 520]
Event: 564.705 Thread 0x000001bcca4cc120 Exception <a 'sun/nio/fs/WindowsException'{0x00000402af46ee98}> (0x00000402af46ee98) 
thrown [s\src\hotspot\share\prims\jni.cpp, line 520]
Event: 564.956 Thread 0x000001bd1474e0b0 Exception <a 'sun/nio/fs/WindowsException'{0x0000040336dca128}> (0x0000040336dca128) 
thrown [s\src\hotspot\share\prims\jni.cpp, line 520]
Event: 565.356 Thread 0x000001bd1474e0b0 Exception <a 'sun/nio/fs/WindowsException'{0x000004039e50aa38}> (0x000004039e50aa38) 
thrown [s\src\hotspot\share\prims\jni.cpp, line 520]
Event: 565.358 Thread 0x000001bd1474e0b0 Exception <a 'sun/nio/fs/WindowsException'{0x000004039e5144a0}> (0x000004039e5144a0) 
thrown [s\src\hotspot\share\prims\jni.cpp, line 520]
Event: 565.456 Thread 0x000001bcca4cc120 Exception <a 'sun/nio/fs/WindowsException'{0x0000040320dc90e0}> (0x0000040320dc90e0) 
thrown [s\src\hotspot\share\prims\jni.cpp, line 520]
Event: 565.505 Thread 0x000001bcca4cc120 Exception <a 'sun/nio/fs/WindowsException'{0x0000040320dd34a8}> (0x0000040320dd34a8) 
thrown [s\src\hotspot\share\prims\jni.cpp, line 520]
Event: 565.554 Thread 0x000001bcca4cc120 Exception <a 'sun/nio/fs/WindowsException'{0x0000040320de27b0}> (0x0000040320de27b0) 
thrown [s\src\hotspot\share\prims\jni.cpp, line 520]
Event: 565.604 Thread 0x000001bcca4cc120 Exception <a 'sun/nio/fs/WindowsException'{0x0000040320dec6b8}> (0x0000040320dec6b8) 
thrown [s\src\hotspot\share\prims\jni.cpp, line 520]
Event: 565.654 Thread 0x000001bcca4cc120 Exception <a 'sun/nio/fs/WindowsException'{0x0000040320df5768}> (0x0000040320df5768) 
thrown [s\src\hotspot\share\prims\jni.cpp, line 520]
Event: 565.703 Thread 0x000001bcca4cc120 Exception <a 'sun/nio/fs/WindowsException'{0x0000040320dff400}> (0x0000040320dff400) 
thrown [s\src\hotspot\share\prims\jni.cpp, line 520]
Event: 566.257 Thread 0x000001bcca4cc120 Exception <a 'sun/nio/fs/WindowsException'{0x00000402e0249458}> (0x00000402e0249458) 
thrown [s\src\hotspot\share\prims\jni.cpp, line 520]
Event: 566.259 Thread 0x000001bcca4cc120 Exception <a 'sun/nio/fs/WindowsException'{0x00000402e0253728}> (0x00000402e0253728) 
thrown [s\src\hotspot\share\prims\jni.cpp, line 520]
Event: 566.308 Thread 0x000001bd1474e0b0 Exception <a 'sun/nio/fs/WindowsException'{0x000004013370a400}> (0x000004013370a400) 
thrown [s\src\hotspot\share\prims\jni.cpp, line 520]
Event: 566.310 Thread 0x000001bd1474e0b0 Exception <a 'sun/nio/fs/WindowsException'{0x0000040133713d28}> (0x0000040133713d28) 
thrown [s\src\hotspot\share\prims\jni.cpp, line 520]
Event: 566.605 Thread 0x000001bcca4cc120 Exception <a 'sun/nio/fs/WindowsException'{0x00000402e025e1b0}> (0x00000402e025e1b0) 
thrown [s\src\hotspot\share\prims\jni.cpp, line 520]
Event: 566.704 Thread 0x000001bcca4cc120 Exception <a 'sun/nio/fs/WindowsException'{0x00000402e02683e8}> (0x00000402e02683e8) 
thrown [s\src\hotspot\share\prims\jni.cpp, line 520]
Event: 566.754 Thread 0x000001bcca4cc120 Exception <a 'sun/nio/fs/WindowsException'{0x00000402e0272c58}> (0x00000402e0272c58) 
thrown [s\src\hotspot\share\prims\jni.cpp, line 520]
Event: 567.054 Thread 0x000001bcca4cc120 Exception <a 'sun/nio/fs/WindowsException'{0x00000402e027c850}> (0x00000402e027c850) 
thrown [s\src\hotspot\share\prims\jni.cpp, line 520]
Event: 567.706 Thread 0x000001bcca4cc120 Exception <a 'sun/nio/fs/WindowsException'{0x00000402194ca4e0}> (0x00000402194ca4e0) 
thrown [s\src\hotspot\share\prims\jni.cpp, line 520]
Event: 567.733 Thread 0x000001bd1473b2d0 Exception <a 'sun/nio/fs/WindowsException'{0x000004030f706fc8}> (0x000004030f706fc8) 
thrown [s\src\hotspot\share\prims\jni.cpp, line 520]
Event: 567.738 Thread 0x000001bd1473b2d0 Exception <a 'sun/nio/fs/WindowsException'{0x0000040106d8d960}> (0x0000040106d8d960) 
thrown [s\src\hotspot\share\prims\jni.cpp, line 520]
Event: 567.740 Thread 0x000001bd1473b2d0 Exception <a 'sun/nio/fs/WindowsException'{0x000004037516a5e0}> (0x000004037516a5e0) 
thrown [s\src\hotspot\share\prims\jni.cpp, line 520]
Event: 567.743 Thread 0x000001bd1473b2d0 Exception <a 'sun/nio/fs/WindowsException'{0x00000402ebff68b8}> (0x00000402ebff68b8) 
thrown [s\src\hotspot\share\prims\jni.cpp, line 520]
Event: 567.907 Thread 0x000001bcca4cc120 Exception <a 'sun/nio/fs/WindowsException'{0x00000402194d4358}> (0x00000402194d4358) 
thrown [s\src\hotspot\share\prims\jni.cpp, line 520]
Event: 567.909 Thread 0x000001bcca4cc120 Exception <a 'sun/nio/fs/WindowsException'{0x00000402194de088}> (0x00000402194de088) 
thrown [s\src\hotspot\share\prims\jni.cpp, line 520]
Event: 568.006 Thread 0x000001bd1474e0b0 Exception <a 'sun/nio/fs/WindowsException'{0x00000403a56ca830}> (0x00000403a56ca830) 
thrown [s\src\hotspot\share\prims\jni.cpp, line 520]
Event: 568.757 Thread 0x000001bd1474e0b0 Exception <a 'sun/nio/fs/WindowsException'{0x00000401c6a49fe0}> (0x00000401c6a49fe0) 
thrown [s\src\hotspot\share\prims\jni.cpp, line 520]
Event: 568.804 Thread 0x000001bd1474e0b0 Exception <a 'sun/nio/fs/WindowsException'{0x00000401c6a54718}> (0x00000401c6a54718) 
thrown [s\src\hotspot\share\prims\jni.cpp, line 520]
Event: 569.107 Thread 0x000001bd1474e0b0 Exception <a 'sun/nio/fs/WindowsException'{0x00000401c6a5e0d0}> (0x00000401c6a5e0d0) 
thrown [s\src\hotspot\share\prims\jni.cpp, line 520]
Event: 569.204 Thread 0x000001bd1474e0b0 Exception <a 'sun/nio/fs/WindowsException'{0x00000401c6a67a40}> (0x00000401c6a67a40) 
thrown [s\src\hotspot\share\prims\jni.cpp, line 520]
Event: 569.536 Thread 0x000001bd14746400 Exception <a 'sun/nio/fs/WindowsException'{0x000004027b76d518}> (0x000004027b76d518) 
thrown [s\src\hotspot\share\prims\jni.cpp, line 520]
Event: 569.538 Thread 0x000001bd14746400 Exception <a 'sun/nio/fs/WindowsException'{0x000004027b7979a0}> (0x000004027b7979a0) 
thrown [s\src\hotspot\share\prims\jni.cpp, line 520]
Event: 569.567 Thread 0x000001bd14746400 Exception <a 'sun/nio/fs/WindowsException'{0x0000040106436670}> (0x0000040106436670) 
thrown [s\src\hotspot\share\prims\jni.cpp, line 520]
Event: 569.573 Thread 0x000001bd14746400 Exception <a 'sun/nio/fs/WindowsException'{0x00000403a2063298}> (0x00000403a2063298) 
thrown [s\src\hotspot\share\prims\jni.cpp, line 520]
Event: 569.577 Thread 0x000001bd14746400 Exception <a 'sun/nio/fs/WindowsException'{0x00000403871e29f0}> (0x00000403871e29f0) 
thrown [s\src\hotspot\share\prims\jni.cpp, line 520]
Event: 569.592 Thread 0x000001bd14746400 Exception <a 'sun/nio/fs/WindowsException'{0x00000402fd2f6670}> (0x00000402fd2f6670) 
thrown [s\src\hotspot\share\prims\jni.cpp, line 520]
Event: 569.594 Thread 0x000001bd14746400 Exception <a 'sun/nio/fs/WindowsException'{0x00000402eecd6ea8}> (0x00000402eecd6ea8) 
thrown [s\src\hotspot\share\prims\jni.cpp, line 520]
Event: 569.600 Thread 0x000001bd14746400 Exception <a 'sun/nio/fs/WindowsException'{0x00000402de1ee450}> (0x00000402de1ee450) 
thrown [s\src\hotspot\share\prims\jni.cpp, line 520]
Event: 569.609 Thread 0x000001bd14746400 Exception <a 'sun/nio/fs/WindowsException'{0x0000040296156f18}> (0x0000040296156f18) 
thrown [s\src\hotspot\share\prims\jni.cpp, line 520]
Event: 569.611 Thread 0x000001bd14746400 Exception <a 'sun/nio/fs/WindowsException'{0x0000040291d18b68}> (0x0000040291d18b68) 
thrown [s\src\hotspot\share\prims\jni.cpp, line 520]
Event: 569.612 Thread 0x000001bd14746400 Exception <a 'sun/nio/fs/WindowsException'{0x000004028d0f8850}> (0x000004028d0f8850) 
thrown [s\src\hotspot\share\prims\jni.cpp, line 520]
Event: 569.616 Thread 0x000001bd14746400 Exception <a 'sun/nio/fs/WindowsException'{0x0000040274ab2918}> (0x0000040274ab2918) 
thrown [s\src\hotspot\share\prims\jni.cpp, line 520]
Event: 569.618 Thread 0x000001bd14746400 Exception <a 'sun/nio/fs/WindowsException'{0x000004026cc3a340}> (0x000004026cc3a340) 
thrown [s\src\hotspot\share\prims\jni.cpp, line 520]
Event: 569.620 Thread 0x000001bd14746400 Exception <a 'sun/nio/fs/WindowsException'{0x000004026a237260}> (0x000004026a237260) 
thrown [s\src\hotspot\share\prims\jni.cpp, line 520]
Event: 569.627 Thread 0x000001bd14746400 Exception <a 'sun/nio/fs/WindowsException'{0x0000040239e843c0}> (0x0000040239e843c0) 
thrown [s\src\hotspot\share\prims\jni.cpp, line 520]
Event: 569.630 Thread 0x000001bd14746400 Exception <a 'sun/nio/fs/WindowsException'{0x000004022e7620b8}> (0x000004022e7620b8) 
thrown [s\src\hotspot\share\prims\jni.cpp, line 520]
Event: 569.636 Thread 0x000001bd14746400 Exception <a 'sun/nio/fs/WindowsException'{0x0000040213fb3048}> (0x0000040213fb3048) 
thrown [s\src\hotspot\share\prims\jni.cpp, line 520]
Event: 569.649 Thread 0x000001bd14746400 Exception <a 'sun/nio/fs/WindowsException'{0x000004016ea212d8}> (0x000004016ea212d8) 
thrown [s\src\hotspot\share\prims\jni.cpp, line 520]
Event: 569.654 Thread 0x000001bd14746400 Exception <a 'sun/nio/fs/WindowsException'{0x00000401581ed9c0}> (0x00000401581ed9c0) 
thrown [s\src\hotspot\share\prims\jni.cpp, line 520]
Event: 569.655 Thread 0x000001bd14746400 Exception <a 'sun/nio/fs/WindowsException'{0x0000040150852990}> (0x0000040150852990) 
thrown [s\src\hotspot\share\prims\jni.cpp, line 520]
Event: 569.655 Thread 0x000001bd14746400 Exception <a 'sun/nio/fs/WindowsException'{0x00000401508b2e28}> (0x00000401508b2e28) 
thrown [s\src\hotspot\share\prims\jni.cpp, line 520]
Event: 569.656 Thread 0x000001bd14746400 Exception <a 'sun/nio/fs/WindowsException'{0x000004015092ff80}> (0x000004015092ff80) 
thrown [s\src\hotspot\share\prims\jni.cpp, line 520]
Event: 569.656 Thread 0x000001bd14746400 Exception <a 'sun/nio/fs/WindowsException'{0x000004015098be60}> (0x000004015098be60) 
thrown [s\src\hotspot\share\prims\jni.cpp, line 520]
Event: 569.656 Thread 0x000001bd14746400 Exception <a 'sun/nio/fs/WindowsException'{0x00000401509d45c8}> (0x00000401509d45c8) 
thrown [s\src\hotspot\share\prims\jni.cpp, line 520]
Event: 569.657 Thread 0x000001bd14746400 Exception <a 'sun/nio/fs/WindowsException'{0x0000040149830540}> (0x0000040149830540) 
thrown [s\src\hotspot\share\prims\jni.cpp, line 520]
Event: 569.657 Thread 0x000001bd14746400 Exception <a 'sun/nio/fs/WindowsException'{0x0000040149894bc0}> (0x0000040149894bc0) 
thrown [s\src\hotspot\share\prims\jni.cpp, line 520]
Event: 569.657 Thread 0x000001bd14746400 Exception <a 'sun/nio/fs/WindowsException'{0x00000401498f0b58}> (0x00000401498f0b58) 
thrown [s\src\hotspot\share\prims\jni.cpp, line 520]
Event: 569.657 Thread 0x000001bd14746400 Exception <a 'sun/nio/fs/WindowsException'{0x000004014994dbe0}> (0x000004014994dbe0) 
thrown [s\src\hotspot\share\prims\jni.cpp, line 520]
Event: 569.658 Thread 0x000001bd14746400 Exception <a 'sun/nio/fs/WindowsException'{0x00000401499ae8e0}> (0x00000401499ae8e0) 
thrown [s\src\hotspot\share\prims\jni.cpp, line 520]
Event: 569.661 Thread 0x000001bd14746400 Exception <a 'sun/nio/fs/WindowsException'{0x0000040137bfe908}> (0x0000040137bfe908) 
thrown [s\src\hotspot\share\prims\jni.cpp, line 520]
Event: 569.661 Thread 0x000001bd14746400 Exception <a 'sun/nio/fs/WindowsException'{0x000004012ea61120}> (0x000004012ea61120) 
thrown [s\src\hotspot\share\prims\jni.cpp, line 520]
Event: 569.662 Thread 0x000001bd14746400 Exception <a 'sun/nio/fs/WindowsException'{0x000004012eb1e4b8}> (0x000004012eb1e4b8) 
thrown [s\src\hotspot\share\prims\jni.cpp, line 520]
Event: 569.662 Thread 0x000001bd14746400 Exception <a 'sun/nio/fs/WindowsException'{0x000004012ebdca28}> (0x000004012ebdca28) 
thrown [s\src\hotspot\share\prims\jni.cpp, line 520]
Event: 569.854 Thread 0x000001bd1474e0b0 Exception <a 'sun/nio/fs/WindowsException'{0x00000401c6a70d78}> (0x00000401c6a70d78) 
thrown [s\src\hotspot\share\prims\jni.cpp, line 520]
Event: 570.205 Thread 0x000001bd1474e0b0 Exception <a 'sun/nio/fs/WindowsException'{0x000004019fe8a080}> (0x000004019fe8a080) 
thrown [s\src\hotspot\share\prims\jni.cpp, line 520]
Event: 570.259 Thread 0x000001bd1474e0b0 Exception <a 'sun/nio/fs/WindowsException'{0x000004019fe93688}> (0x000004019fe93688) 
thrown [s\src\hotspot\share\prims\jni.cpp, line 520]
Event: 570.261 Thread 0x000001bd1474e0b0 Exception <a 'sun/nio/fs/WindowsException'{0x000004019fe9d7e0}> (0x000004019fe9d7e0) 
thrown [s\src\hotspot\share\prims\jni.cpp, line 520]
Event: 570.404 Thread 0x000001bcca4cc120 Exception <a 'sun/nio/fs/WindowsException'{0x0000040269e896d0}> (0x0000040269e896d0) 
thrown [s\src\hotspot\share\prims\jni.cpp, line 520]
Event: 570.711 Thread 0x000001bd14745050 Exception <a 'sun/nio/fs/WindowsException'{0x0000040384ad9818}> (0x0000040384ad9818) 
thrown [s\src\hotspot\share\prims\jni.cpp, line 520]
Event: 570.742 Thread 0x000001bd14745050 Exception <a 'sun/nio/fs/WindowsException'{0x00000402202bc9e0}> (0x00000402202bc9e0) 
thrown [s\src\hotspot\share\prims\jni.cpp, line 520]
Event: 570.749 Thread 0x000001bd14745050 Exception <a 'sun/nio/fs/WindowsException'{0x00000401cad479a0}> (0x00000401cad479a0) 
thrown [s\src\hotspot\share\prims\jni.cpp, line 520]
Event: 570.752 Thread 0x000001bd14745050 Exception <a 'sun/nio/fs/WindowsException'{0x00000401c49f73c0}> (0x00000401c49f73c0) 
thrown [s\src\hotspot\share\prims\jni.cpp, line 520]
Event: 570.755 Thread 0x000001bd14745050 Exception <a 'sun/nio/fs/WindowsException'{0x00000401afbeb798}> (0x00000401afbeb798) 
thrown [s\src\hotspot\share\prims\jni.cpp, line 520]
Event: 570.756 Thread 0x000001bd14745050 Exception <a 'sun/nio/fs/WindowsException'{0x00000401a989d3e0}> (0x00000401a989d3e0) 
thrown [s\src\hotspot\share\prims\jni.cpp, line 520]
Event: 570.758 Thread 0x000001bd14745050 Exception <a 'sun/nio/fs/WindowsException'{0x00000401a91adae8}> (0x00000401a91adae8) 
thrown [s\src\hotspot\share\prims\jni.cpp, line 520]
Event: 570.759 Thread 0x000001bd14745050 Exception <a 'sun/nio/fs/WindowsException'{0x00000401677d01d0}> (0x00000401677d01d0) 
thrown [s\src\hotspot\share\prims\jni.cpp, line 520]
Event: 570.760 Thread 0x000001bd14745050 Exception <a 'sun/nio/fs/WindowsException'{0x000004015d9c64b8}> (0x000004015d9c64b8) 
thrown [s\src\hotspot\share\prims\jni.cpp, line 520]
Event: 570.761 Thread 0x000001bd14745050 Exception <a 'sun/nio/fs/WindowsException'{0x000004014e17cda8}> (0x000004014e17cda8) 
thrown [s\src\hotspot\share\prims\jni.cpp, line 520]
Event: 570.763 Thread 0x000001bd14745050 Exception <a 'sun/nio/fs/WindowsException'{0x000004010cee11c8}> (0x000004010cee11c8) 
thrown [s\src\hotspot\share\prims\jni.cpp, line 520]
Event: 570.765 Thread 0x000001bd14745050 Exception <a 'sun/nio/fs/WindowsException'{0x00000400f1b52c00}> (0x00000400f1b52c00) 
thrown [s\src\hotspot\share\prims\jni.cpp, line 520]
Event: 570.766 Thread 0x000001bd14745050 Exception <a 'sun/nio/fs/WindowsException'{0x00000400c83a14d0}> (0x00000400c83a14d0) 
thrown [s\src\hotspot\share\prims\jni.cpp, line 520]
Event: 570.769 Thread 0x000001bd14745050 Exception <a 'sun/nio/fs/WindowsException'{0x000004004199d1d8}> (0x000004004199d1d8) 
thrown [s\src\hotspot\share\prims\jni.cpp, line 520]
Event: 570.773 Thread 0x000001bd14745050 Exception <a 'sun/nio/fs/WindowsException'{0x0000040376031b68}> (0x0000040376031b68) 
thrown [s\src\hotspot\share\prims\jni.cpp, line 520]
Event: 570.775 Thread 0x000001bd14745050 Exception <a 'sun/nio/fs/WindowsException'{0x00000403576605d8}> (0x00000403576605d8) 
thrown [s\src\hotspot\share\prims\jni.cpp, line 520]
Event: 570.777 Thread 0x000001bd14745050 Exception <a 'sun/nio/fs/WindowsException'{0x00000403457e77c8}> (0x00000403457e77c8) 
thrown [s\src\hotspot\share\prims\jni.cpp, line 520]
Event: 570.778 Thread 0x000001bd14745050 Exception <a 'sun/nio/fs/WindowsException'{0x00000403244b4780}> (0x00000403244b4780) 
thrown [s\src\hotspot\share\prims\jni.cpp, line 520]
Event: 570.780 Thread 0x000001bd14745050 Exception <a 'sun/nio/fs/WindowsException'{0x0000040313ff48c0}> (0x0000040313ff48c0) 
thrown [s\src\hotspot\share\prims\jni.cpp, line 520]
Event: 570.782 Thread 0x000001bd14745050 Exception <a 'sun/nio/fs/WindowsException'{0x00000402d08f9678}> (0x00000402d08f9678) 
thrown [s\src\hotspot\share\prims\jni.cpp, line 520]
Event: 570.784 Thread 0x000001bd14745050 Exception <a 'sun/nio/fs/WindowsException'{0x00000402c11deec0}> (0x00000402c11deec0) 
thrown [s\src\hotspot\share\prims\jni.cpp, line 520]
Event: 570.785 Thread 0x000001bd14745050 Exception <a 'sun/nio/fs/WindowsException'{0x00000402b89fa0e0}> (0x00000402b89fa0e0) 
thrown [s\src\hotspot\share\prims\jni.cpp, line 520]
Event: 570.786 Thread 0x000001bd14745050 Exception <a 'sun/nio/fs/WindowsException'{0x00000402ab5b41e0}> (0x00000402ab5b41e0) 
thrown [s\src\hotspot\share\prims\jni.cpp, line 520]
Event: 570.789 Thread 0x000001bd14745050 Exception <a 'sun/nio/fs/WindowsException'{0x0000040271fe54a8}> (0x0000040271fe54a8) 
thrown [s\src\hotspot\share\prims\jni.cpp, line 520]
Event: 570.790 Thread 0x000001bd14745050 Exception <a 'sun/nio/fs/WindowsException'{0x00000402674078d0}> (0x00000402674078d0) 
thrown [s\src\hotspot\share\prims\jni.cpp, line 520]
Event: 570.794 Thread 0x000001bd14745050 Exception <a 'sun/nio/fs/WindowsException'{0x000004023c26edd0}> (0x000004023c26edd0) 
thrown [s\src\hotspot\share\prims\jni.cpp, line 520]
Event: 570.797 Thread 0x000001bd14745050 Exception <a 'sun/nio/fs/WindowsException'{0x000004020bf611b8}> (0x000004020bf611b8) 
thrown [s\src\hotspot\share\prims\jni.cpp, line 520]
Event: 570.799 Thread 0x000001bd14745050 Exception <a 'sun/nio/fs/WindowsException'{0x00000401f2182c58}> (0x00000401f2182c58) 
thrown [s\src\hotspot\share\prims\jni.cpp, line 520]
Event: 570.801 Thread 0x000001bd14745050 Exception <a 'sun/nio/fs/WindowsException'{0x00000401e6d15fd8}> (0x00000401e6d15fd8) 
thrown [s\src\hotspot\share\prims\jni.cpp, line 520]
Event: 570.802 Thread 0x000001bd14745050 Exception <a 'sun/nio/fs/WindowsException'{0x00000401d0847898}> (0x00000401d0847898) 
thrown [s\src\hotspot\share\prims\jni.cpp, line 520]
Event: 570.803 Thread 0x000001bcca4cc120 Exception <a 'sun/nio/fs/WindowsException'{0x0000040269e93cd8}> (0x0000040269e93cd8) 
thrown [s\src\hotspot\share\prims\jni.cpp, line 520]
Event: 570.803 Thread 0x000001bd14745050 Exception <a 'sun/nio/fs/WindowsException'{0x00000401cc4700b8}> (0x00000401cc4700b8) 
thrown [s\src\hotspot\share\prims\jni.cpp, line 520]
Event: 570.804 Thread 0x000001bd14745050 Exception <a 'sun/nio/fs/WindowsException'{0x00000401bb1db2a8}> (0x00000401bb1db2a8) 
thrown [s\src\hotspot\share\prims\jni.cpp, line 520]
Event: 570.805 Thread 0x000001bd14745050 Exception <a 'sun/nio/fs/WindowsException'{0x00000401ab8dcea8}> (0x00000401ab8dcea8) 
thrown [s\src\hotspot\share\prims\jni.cpp, line 520]
Event: 570.806 Thread 0x000001bd14745050 Exception <a 'sun/nio/fs/WindowsException'{0x0000040197b29698}> (0x0000040197b29698) 
thrown [s\src\hotspot\share\prims\jni.cpp, line 520]
Event: 570.807 Thread 0x000001bd14745050 Exception <a 'sun/nio/fs/WindowsException'{0x0000040193159778}> (0x0000040193159778) 
thrown [s\src\hotspot\share\prims\jni.cpp, line 520]
Event: 570.808 Thread 0x000001bd14745050 Exception <a 'sun/nio/fs/WindowsException'{0x00000401893b15d8}> (0x00000401893b15d8) 
thrown [s\src\hotspot\share\prims\jni.cpp, line 520]
Event: 570.826 Thread 0x000001bd14745050 Exception <a 'sun/nio/fs/WindowsException'{0x0000040040b25d78}> (0x0000040040b25d78) 
thrown [s\src\hotspot\share\prims\jni.cpp, line 520]
Event: 570.847 Thread 0x000001bd14745050 Exception <a 'sun/nio/fs/WindowsException'{0x00000402d0b9f798}> (0x00000402d0b9f798) 
thrown [s\src\hotspot\share\prims\jni.cpp, line 520]
Event: 570.870 Thread 0x000001bd14745050 Exception <a 'sun/nio/fs/WindowsException'{0x000004015c911ea8}> (0x000004015c911ea8) 
thrown [s\src\hotspot\share\prims\jni.cpp, line 520]
Event: 570.874 Thread 0x000001bd14745050 Exception <a 'sun/nio/fs/WindowsException'{0x00000400ecbe44a8}> (0x00000400ecbe44a8) 
thrown [s\src\hotspot\share\prims\jni.cpp, line 520]
Event: 570.940 Thread 0x000001bd14745050 Exception <a 'sun/nio/fs/WindowsException'{0x00000402efcd94d8}> (0x00000402efcd94d8) 
thrown [s\src\hotspot\share\prims\jni.cpp, line 520]
Event: 570.963 Thread 0x000001bd14745050 Exception <a 'sun/nio/fs/WindowsException'{0x00000402b422b8b0}> (0x00000402b422b8b0) 
thrown [s\src\hotspot\share\prims\jni.cpp, line 520]
Event: 570.975 Thread 0x000001bd14745050 Exception <a 'sun/nio/fs/WindowsException'{0x0000040282a93730}> (0x0000040282a93730) 
thrown [s\src\hotspot\share\prims\jni.cpp, line 520]
Event: 570.977 Thread 0x000001bd14745050 Exception <a 'sun/nio/fs/WindowsException'{0x0000040274068d08}> (0x0000040274068d08) 
thrown [s\src\hotspot\share\prims\jni.cpp, line 520]
Event: 570.980 Thread 0x000001bd14745050 Exception <a 'sun/nio/fs/WindowsException'{0x000004027108fe98}> (0x000004027108fe98) 
thrown [s\src\hotspot\share\prims\jni.cpp, line 520]
Event: 570.982 Thread 0x000001bd14745050 Exception <a 'sun/nio/fs/WindowsException'{0x0000040266b1b370}> (0x0000040266b1b370) 
thrown [s\src\hotspot\share\prims\jni.cpp, line 520]
Event: 570.984 Thread 0x000001bd14745050 Exception <a 'sun/nio/fs/WindowsException'{0x0000040253dbd5a8}> (0x0000040253dbd5a8) 
thrown [s\src\hotspot\share\prims\jni.cpp, line 520]
Event: 570.989 Thread 0x000001bd14745050 Exception <a 'sun/nio/fs/WindowsException'{0x000004023740bc48}> (0x000004023740bc48) 
thrown [s\src\hotspot\share\prims\jni.cpp, line 520]
Event: 570.991 Thread 0x000001bd14745050 Exception <a 'sun/nio/fs/WindowsException'{0x0000040224837f38}> (0x0000040224837f38) 
thrown [s\src\hotspot\share\prims\jni.cpp, line 520]
Event: 570.992 Thread 0x000001bd14745050 Exception <a 'sun/nio/fs/WindowsException'{0x000004021fcc26d8}> (0x000004021fcc26d8) 
thrown [s\src\hotspot\share\prims\jni.cpp, line 520]
Event: 570.996 Thread 0x000001bd14745050 Exception <a 'sun/nio/fs/WindowsException'{0x0000040204b04148}> (0x0000040204b04148) 
thrown [s\src\hotspot\share\prims\jni.cpp, line 520]
Event: 571.352 Thread 0x000001bcca4cc120 Exception <a 'sun/nio/fs/WindowsException'{0x0000040269e9d0b0}> (0x0000040269e9d0b0) 
thrown [s\src\hotspot\share\prims\jni.cpp, line 520]
Event: 571.353 Thread 0x000001bcca4cc120 Exception <a 'sun/nio/fs/WindowsException'{0x0000040269ea6e88}> (0x0000040269ea6e88) 
thrown [s\src\hotspot\share\prims\jni.cpp, line 520]
Event: 571.453 Thread 0x000001bd1474e0b0 Exception <a 'sun/nio/fs/WindowsException'{0x000004019fea8548}> (0x000004019fea8548) 
thrown [s\src\hotspot\share\prims\jni.cpp, line 520]
Event: 571.455 Thread 0x000001bcca4cc120 Exception <a 'sun/nio/fs/WindowsException'{0x0000040269eb08e8}> (0x0000040269eb08e8) 
thrown [s\src\hotspot\share\prims\jni.cpp, line 520]
Event: 571.456 Thread 0x000001bcca4cc7b0 Exception <a 'sun/nio/fs/WindowsException'{0x000004015ecc99f8}> (0x000004015ecc99f8) 
thrown [s\src\hotspot\share\prims\jni.cpp, line 520]
Event: 571.553 Thread 0x000001bcca4cc120 Exception <a 'sun/nio/fs/WindowsException'{0x0000040269ebbba8}> (0x0000040269ebbba8) 
thrown [s\src\hotspot\share\prims\jni.cpp, line 520]
Event: 572.912 Thread 0x000001bcca4cc120 Exception <a 'sun/nio/fs/WindowsException'{0x000004034044a5d0}> (0x000004034044a5d0) 
thrown [s\src\hotspot\share\prims\jni.cpp, line 520]
Event: 573.451 Thread 0x000001bcca4cc120 Exception <a 'sun/nio/fs/WindowsException'{0x0000040340454260}> (0x0000040340454260) 
thrown [s\src\hotspot\share\prims\jni.cpp, line 520]
Event: 573.654 Thread 0x000001bcca4cc120 Exception <a 'sun/nio/fs/WindowsException'{0x000004034045df40}> (0x000004034045df40) 
thrown [s\src\hotspot\share\prims\jni.cpp, line 520]
Event: 573.801 Thread 0x000001bcca4cc120 Exception <a 'sun/nio/fs/WindowsException'{0x00000403404689e0}> (0x00000403404689e0) 
thrown [s\src\hotspot\share\prims\jni.cpp, line 520]
Event: 573.803 Thread 0x000001bcca4cc120 Exception <a 'sun/nio/fs/WindowsException'{0x0000040340471ea0}> (0x0000040340471ea0) 
thrown [s\src\hotspot\share\prims\jni.cpp, line 520]
Event: 573.846 Thread 0x000001b8907c2400 Implicit null exception at 0x000001b8a009c640 to 0x000001b8a009d5c8
Event: 574.002 Thread 0x000001bd1474e0b0 Exception <a 'sun/nio/fs/WindowsException'{0x00000400f1bdeec0}> (0x00000400f1bdeec0) 
thrown [s\src\hotspot\share\prims\jni.cpp, line 520]
Event: 574.350 Thread 0x000001bd1474e0b0 Exception <a 'sun/nio/fs/WindowsException'{0x00000400f1be81a8}> (0x00000400f1be81a8) 
thrown [s\src\hotspot\share\prims\jni.cpp, line 520]
Event: 574.502 Thread 0x000001bd1474e0b0 Exception <a 'sun/nio/fs/WindowsException'{0x00000400f1bf2110}> (0x00000400f1bf2110) 
thrown [s\src\hotspot\share\prims\jni.cpp, line 520]
Event: 574.600 Thread 0x000001bd1474e0b0 Exception <a 'sun/nio/fs/WindowsException'{0x000004030c149868}> (0x000004030c149868) 
thrown [s\src\hotspot\share\prims\jni.cpp, line 520]
Event: 574.754 Thread 0x000001bd1474e0b0 Exception <a 'sun/nio/fs/WindowsException'{0x000004030c1534f8}> (0x000004030c1534f8) 
thrown [s\src\hotspot\share\prims\jni.cpp, line 520]
Event: 574.755 Thread 0x000001bd1474e0b0 Exception <a 'sun/nio/fs/WindowsException'{0x000004030c15c698}> (0x000004030c15c698) 
thrown [s\src\hotspot\share\prims\jni.cpp, line 520]
Event: 574.802 Thread 0x000001bcca4cc120 Exception <a 'sun/nio/fs/WindowsException'{0x00000402d860a398}> (0x00000402d860a398) 
thrown [s\src\hotspot\share\prims\jni.cpp, line 520]
Event: 575.402 Thread 0x000001bcca4cc120 Exception <a 'sun/nio/fs/WindowsException'{0x00000402d8614f30}> (0x00000402d8614f30) 
thrown [s\src\hotspot\share\prims\jni.cpp, line 520]
Event: 575.422 Thread 0x000001bcca4cc120 Exception <a 'sun/nio/fs/WindowsException'{0x00000402d861e998}> (0x00000402d861e998) 
thrown [s\src\hotspot\share\prims\jni.cpp, line 520]
Event: 575.452 Thread 0x000001bd1474e0b0 Exception <a 'sun/nio/fs/WindowsException'{0x000004030c165d10}> (0x000004030c165d10) 
thrown [s\src\hotspot\share\prims\jni.cpp, line 520]
Event: 575.503 Thread 0x000001bd1474e0b0 Exception <a 'sun/nio/fs/WindowsException'{0x000004030c1700d8}> (0x000004030c1700d8) 
thrown [s\src\hotspot\share\prims\jni.cpp, line 520]
Event: 575.702 Thread 0x000001bd1474e0b0 Exception <a 'sun/nio/fs/WindowsException'{0x000004030c179188}> (0x000004030c179188) 
thrown [s\src\hotspot\share\prims\jni.cpp, line 520]
Event: 575.753 Thread 0x000001bd1474e0b0 Exception <a 'sun/nio/fs/WindowsException'{0x00000403111c3108}> (0x00000403111c3108) 
thrown [s\src\hotspot\share\prims\jni.cpp, line 520]
Event: 575.951 Thread 0x000001bd1474e0b0 Exception <a 'sun/nio/fs/WindowsException'{0x00000403111ccc58}> (0x00000403111ccc58) 
thrown [s\src\hotspot\share\prims\jni.cpp, line 520]
Event: 576.352 Thread 0x000001bd1474e0b0 Exception <a 'sun/nio/fs/WindowsException'{0x00000403111d6ad0}> (0x00000403111d6ad0) 
thrown [s\src\hotspot\share\prims\jni.cpp, line 520]
Event: 576.353 Thread 0x000001bd1474e0b0 Exception <a 'sun/nio/fs/WindowsException'{0x00000403111e03f8}> (0x00000403111e03f8) 
thrown [s\src\hotspot\share\prims\jni.cpp, line 520]
Event: 576.651 Thread 0x000001bcca4cc120 Exception <a 'sun/nio/fs/WindowsException'{0x00000402d8628cb0}> (0x00000402d8628cb0) 
thrown [s\src\hotspot\share\prims\jni.cpp, line 520]
Event: 576.751 Thread 0x000001bcca4cc120 Exception <a 'sun/nio/fs/WindowsException'{0x00000402d86331b8}> (0x00000402d86331b8) 
thrown [s\src\hotspot\share\prims\jni.cpp, line 520]
Event: 577.452 Thread 0x000001bcca4cc120 Exception <a 'sun/nio/fs/WindowsException'{0x00000402d863c220}> (0x00000402d863c220) 
thrown [s\src\hotspot\share\prims\jni.cpp, line 520]
Event: 577.704 Thread 0x000001bcca4cc120 Exception <a 'sun/nio/fs/WindowsException'{0x00000400fd8070c0}> (0x00000400fd8070c0) 
thrown [s\src\hotspot\share\prims\jni.cpp, line 520]

ZGC Phase Switch (250 events):
Event: 476.855 Young Relocate Start   342
Event: 478.197 Young Mark Start       343
Event: 478.399 Young Mark End         343
Event: 478.432 Young Relocate Start   343
Event: 479.379 Young Mark Start       344
Event: 479.583 Young Mark End         344
Event: 479.589 Young Relocate Start   344
Event: 480.219 Young Mark Start       345
Event: 480.438 Young Mark End         345
Event: 480.445 Young Relocate Start   345
Event: 481.392 Young Mark Start       346
Event: 481.576 Young Mark End         346
Event: 481.584 Young Relocate Start   346
Event: 482.663 Young Mark Start       347
Event: 482.904 Young Mark End         347
Event: 482.940 Young Relocate Start   347
Event: 483.338 Young Mark Start       348
Event: 483.338 Old Mark Start          21
Event: 483.482 Young Mark End         348
Event: 483.489 Young Relocate Start   348
Event: 484.673 Young Mark Start       349
Event: 484.853 Young Mark End         349
Event: 484.874 Young Relocate Start   349
Event: 485.606 Young Mark Start       350
Event: 485.808 Young Mark End         350
Event: 485.826 Young Relocate Start   350
Event: 487.009 Young Mark Start       351
Event: 487.164 Young Mark End         351
Event: 487.178 Young Relocate Start   351
Event: 487.409 Old Mark End            21
Event: 487.524 Old Relocate Start      21
Event: 488.298 Young Mark Start       352
Event: 488.480 Young Mark End         352
Event: 488.488 Young Relocate Start   352
Event: 489.680 Young Mark Start       353
Event: 489.842 Young Mark End         353
Event: 489.848 Young Relocate Start   353
Event: 490.782 Young Mark Start       354
Event: 491.074 Young Mark End         354
Event: 491.084 Young Relocate Start   354
Event: 491.834 Young Mark Start       355
Event: 492.192 Young Mark End         355
Event: 492.241 Young Relocate Start   355
Event: 493.244 Young Mark Start       356
Event: 493.390 Young Mark End         356
Event: 493.399 Young Relocate Start   356
Event: 494.932 Young Mark Start       357
Event: 495.240 Young Mark End         357
Event: 495.249 Young Relocate Start   357
Event: 495.815 Young Mark Start       358
Event: 496.151 Young Mark End         358
Event: 496.192 Young Relocate Start   358
Event: 497.390 Young Mark Start       359
Event: 497.572 Young Mark End         359
Event: 497.585 Young Relocate Start   359
Event: 498.291 Young Mark Start       360
Event: 498.570 Young Mark End         360
Event: 498.575 Young Relocate Start   360
Event: 499.629 Young Mark Start       361
Event: 499.910 Young Mark End         361
Event: 499.923 Young Relocate Start   361
Event: 500.668 Young Mark Start       362
Event: 501.039 Young Mark End         362
Event: 501.059 Young Relocate Start   362
Event: 501.639 Young Mark Start       363
Event: 501.905 Young Mark End         363
Event: 501.917 Young Relocate Start   363
Event: 502.606 Young Mark Start       364
Event: 502.906 Young Mark End         364
Event: 502.941 Young Relocate Start   364
Event: 503.886 Young Mark Start       365
Event: 504.097 Young Mark End         365
Event: 504.107 Young Relocate Start   365
Event: 504.790 Young Mark Start       366
Event: 505.062 Young Mark End         366
Event: 505.072 Young Relocate Start   366
Event: 505.997 Young Mark Start       367
Event: 506.268 Young Mark End         367
Event: 506.281 Young Relocate Start   367
Event: 507.186 Young Mark Start       368
Event: 507.530 Young Mark End         368
Event: 507.556 Young Relocate Start   368
Event: 508.162 Young Mark Start       369
Event: 508.306 Young Mark End         369
Event: 508.313 Young Relocate Start   369
Event: 509.481 Young Mark Start       370
Event: 509.673 Young Mark End         370
Event: 509.690 Young Relocate Start   370
Event: 510.623 Young Mark Start       371
Event: 510.802 Young Mark End         371
Event: 510.810 Young Relocate Start   371
Event: 511.901 Young Mark Start       372
Event: 512.102 Young Mark End         372
Event: 512.124 Young Relocate Start   372
Event: 512.659 Young Mark Start       373
Event: 512.841 Young Mark End         373
Event: 512.848 Young Relocate Start   373
Event: 513.747 Young Mark Start       374
Event: 513.975 Young Mark End         374
Event: 513.997 Young Relocate Start   374
Event: 514.997 Young Mark Start       375
Event: 515.140 Young Mark End         375
Event: 515.150 Young Relocate Start   375
Event: 516.452 Young Mark Start       376
Event: 516.612 Young Mark End         376
Event: 516.626 Young Relocate Start   376
Event: 517.862 Young Mark Start       377
Event: 518.047 Young Mark End         377
Event: 518.058 Young Relocate Start   377
Event: 519.575 Young Mark Start       378
Event: 519.757 Young Mark End         378
Event: 519.774 Young Relocate Start   378
Event: 521.176 Young Mark Start       379
Event: 521.359 Young Mark End         379
Event: 521.367 Young Relocate Start   379
Event: 522.487 Young Mark Start       380
Event: 522.688 Young Mark End         380
Event: 522.701 Young Relocate Start   380
Event: 524.259 Young Mark Start       381
Event: 524.465 Young Mark End         381
Event: 524.474 Young Relocate Start   381
Event: 525.522 Young Mark Start       382
Event: 525.692 Young Mark End         382
Event: 525.699 Young Relocate Start   382
Event: 526.666 Young Mark Start       383
Event: 526.874 Young Mark End         383
Event: 526.886 Young Relocate Start   383
Event: 527.389 Young Mark Start       384
Event: 527.526 Young Mark End         384
Event: 527.531 Young Relocate Start   384
Event: 528.851 Young Mark Start       385
Event: 528.851 Old Mark Start          22
Event: 529.022 Young Mark End         385
Event: 529.032 Young Relocate Start   385
Event: 530.102 Young Mark Start       386
Event: 530.291 Young Mark End         386
Event: 530.304 Young Relocate Start   386
Event: 531.111 Young Mark Start       387
Event: 531.292 Young Mark End         387
Event: 531.304 Young Relocate Start   387
Event: 532.250 Young Mark Start       388
Event: 532.438 Young Mark End         388
Event: 532.449 Young Relocate Start   388
Event: 532.739 Old Mark End            22
Event: 532.884 Old Relocate Start      22
Event: 533.651 Young Mark Start       389
Event: 533.863 Young Mark End         389
Event: 533.884 Young Relocate Start   389
Event: 534.522 Young Mark Start       390
Event: 534.660 Young Mark End         390
Event: 534.668 Young Relocate Start   390
Event: 535.890 Young Mark Start       391
Event: 536.083 Young Mark End         391
Event: 536.106 Young Relocate Start   391
Event: 536.860 Young Mark Start       392
Event: 537.081 Young Mark End         392
Event: 537.096 Young Relocate Start   392
Event: 538.178 Young Mark Start       393
Event: 538.380 Young Mark End         393
Event: 538.386 Young Relocate Start   393
Event: 540.122 Young Mark Start       394
Event: 540.279 Young Mark End         394
Event: 540.295 Young Relocate Start   394
Event: 541.729 Young Mark Start       395
Event: 541.908 Young Mark End         395
Event: 541.924 Young Relocate Start   395
Event: 543.334 Young Mark Start       396
Event: 543.520 Young Mark End         396
Event: 543.535 Young Relocate Start   396
Event: 544.597 Young Mark Start       397
Event: 545.022 Young Mark End         397
Event: 545.087 Young Relocate Start   397
Event: 545.227 Young Mark Start       398
Event: 545.366 Young Mark End         398
Event: 545.371 Young Relocate Start   398
Event: 546.735 Young Mark Start       399
Event: 546.881 Young Mark End         399
Event: 546.900 Young Relocate Start   399
Event: 547.795 Young Mark Start       400
Event: 547.952 Young Mark End         400
Event: 547.959 Young Relocate Start   400
Event: 549.319 Young Mark Start       401
Event: 549.470 Young Mark End         401
Event: 549.482 Young Relocate Start   401
Event: 550.932 Young Mark Start       402
Event: 551.121 Young Mark End         402
Event: 551.135 Young Relocate Start   402
Event: 552.396 Young Mark Start       403
Event: 552.579 Young Mark End         403
Event: 552.593 Young Relocate Start   403
Event: 553.638 Young Mark Start       404
Event: 553.949 Young Mark End         404
Event: 553.994 Young Relocate Start   404
Event: 554.631 Young Mark Start       405
Event: 554.902 Young Mark End         405
Event: 554.914 Young Relocate Start   405
Event: 555.374 Young Mark Start       406
Event: 555.624 Young Mark End         406
Event: 555.644 Young Relocate Start   406
Event: 556.221 Young Mark Start       407
Event: 556.493 Young Mark End         407
Event: 556.508 Young Relocate Start   407
Event: 557.129 Young Mark Start       408
Event: 557.382 Young Mark End         408
Event: 557.395 Young Relocate Start   408
Event: 558.224 Young Mark Start       409
Event: 558.520 Young Mark End         409
Event: 558.546 Young Relocate Start   409
Event: 559.092 Young Mark Start       410
Event: 559.373 Young Mark End         410
Event: 559.379 Young Relocate Start   410
Event: 559.861 Young Mark Start       411
Event: 560.125 Young Mark End         411
Event: 560.152 Young Relocate Start   411
Event: 561.081 Young Mark Start       412
Event: 561.302 Young Mark End         412
Event: 561.312 Young Relocate Start   412
Event: 562.205 Young Mark Start       413
Event: 562.430 Young Mark End         413
Event: 562.442 Young Relocate Start   413
Event: 563.561 Young Mark Start       414
Event: 563.867 Young Mark End         414
Event: 563.911 Young Relocate Start   414
Event: 564.067 Young Mark Start       415
Event: 564.372 Young Mark End         415
Event: 564.393 Young Relocate Start   415
Event: 564.791 Young Mark Start       416
Event: 564.791 Old Mark Start          23
Event: 564.981 Young Mark End         416
Event: 565.009 Young Relocate Start   416
Event: 565.889 Young Mark Start       417
Event: 566.127 Young Mark End         417
Event: 566.135 Young Relocate Start   417
Event: 567.192 Young Mark Start       418
Event: 567.414 Young Mark End         418
Event: 567.429 Young Relocate Start   418
Event: 568.421 Old Mark End            23
Event: 568.519 Old Relocate Start      23
Event: 568.735 Young Mark Start       419
Event: 569.030 Young Mark End         419
Event: 569.043 Young Relocate Start   419
Event: 569.921 Young Mark Start       420
Event: 570.237 Young Mark End         420
Event: 570.243 Young Relocate Start   420
Event: 571.918 Young Mark Start       421
Event: 572.181 Young Mark End         421
Event: 572.186 Young Relocate Start   421
Event: 574.521 Young Mark Start       422
Event: 574.698 Young Mark End         422
Event: 574.727 Young Relocate Start   422

VM Operations (250 events):
Event: 560.125 Executing VM operation: HandshakeAllThreads (ZMarkFlushAndFreeStacks)
Event: 560.125 Executing VM operation: HandshakeAllThreads (ZMarkFlushAndFreeStacks) done
Event: 560.125 Executing VM operation: ZMarkFlushOperation
Event: 560.125 Executing VM operation: ZMarkFlushOperation done
Event: 560.125 Executing VM operation: ZMarkEndYoung (Allocation Rate)
Event: 560.125 Executing VM operation: ZMarkEndYoung (Allocation Rate) done
Event: 560.152 Executing VM operation: ZRelocateStartYoung (Allocation Rate)
Event: 560.152 Executing VM operation: ZRelocateStartYoung (Allocation Rate) done
Event: 561.081 Executing VM operation: ZMarkStartYoung (Allocation Rate)
Event: 561.081 Executing VM operation: ZMarkStartYoung (Allocation Rate) done
Event: 561.292 Executing VM operation: HandshakeAllThreads (ZMarkFlushAndFreeStacks)
Event: 561.293 Executing VM operation: HandshakeAllThreads (ZMarkFlushAndFreeStacks) done
Event: 561.293 Executing VM operation: ZMarkFlushOperation
Event: 561.293 Executing VM operation: ZMarkFlushOperation done
Event: 561.301 Executing VM operation: HandshakeAllThreads (ZMarkFlushAndFreeStacks)
Event: 561.302 Executing VM operation: HandshakeAllThreads (ZMarkFlushAndFreeStacks) done
Event: 561.302 Executing VM operation: ZMarkFlushOperation
Event: 561.302 Executing VM operation: ZMarkFlushOperation done
Event: 561.302 Executing VM operation: HandshakeAllThreads (ZMarkFlushAndFreeStacks)
Event: 561.302 Executing VM operation: HandshakeAllThreads (ZMarkFlushAndFreeStacks) done
Event: 561.302 Executing VM operation: ZMarkFlushOperation
Event: 561.302 Executing VM operation: ZMarkFlushOperation done
Event: 561.302 Executing VM operation: ZMarkEndYoung (Allocation Rate)
Event: 561.302 Executing VM operation: ZMarkEndYoung (Allocation Rate) done
Event: 561.312 Executing VM operation: ZRelocateStartYoung (Allocation Rate)
Event: 561.312 Executing VM operation: ZRelocateStartYoung (Allocation Rate) done
Event: 562.205 Executing VM operation: ZMarkStartYoung (Allocation Rate)
Event: 562.205 Executing VM operation: ZMarkStartYoung (Allocation Rate) done
Event: 562.424 Executing VM operation: HandshakeAllThreads (ZMarkFlushAndFreeStacks)
Event: 562.424 Executing VM operation: HandshakeAllThreads (ZMarkFlushAndFreeStacks) done
Event: 562.424 Executing VM operation: ZMarkFlushOperation
Event: 562.424 Executing VM operation: ZMarkFlushOperation done
Event: 562.430 Executing VM operation: HandshakeAllThreads (ZMarkFlushAndFreeStacks)
Event: 562.430 Executing VM operation: HandshakeAllThreads (ZMarkFlushAndFreeStacks) done
Event: 562.430 Executing VM operation: ZMarkFlushOperation
Event: 562.430 Executing VM operation: ZMarkFlushOperation done
Event: 562.430 Executing VM operation: HandshakeAllThreads (ZMarkFlushAndFreeStacks)
Event: 562.430 Executing VM operation: HandshakeAllThreads (ZMarkFlushAndFreeStacks) done
Event: 562.430 Executing VM operation: ZMarkFlushOperation
Event: 562.430 Executing VM operation: ZMarkFlushOperation done
Event: 562.430 Executing VM operation: HandshakeAllThreads (ZMarkFlushAndFreeStacks)
Event: 562.430 Executing VM operation: HandshakeAllThreads (ZMarkFlushAndFreeStacks) done
Event: 562.430 Executing VM operation: ZMarkFlushOperation
Event: 562.430 Executing VM operation: ZMarkFlushOperation done
Event: 562.430 Executing VM operation: ZMarkEndYoung (Allocation Rate)
Event: 562.430 Executing VM operation: ZMarkEndYoung (Allocation Rate) done
Event: 562.442 Executing VM operation: ZRelocateStartYoung (Allocation Rate)
Event: 562.442 Executing VM operation: ZRelocateStartYoung (Allocation Rate) done
Event: 563.443 Executing VM operation: Cleanup
Event: 563.443 Executing VM operation: Cleanup done
Event: 563.561 Executing VM operation: ZMarkStartYoung (Allocation Rate)
Event: 563.561 Executing VM operation: ZMarkStartYoung (Allocation Rate) done
Event: 563.841 Executing VM operation: HandshakeAllThreads (ZMarkFlushAndFreeStacks)
Event: 563.841 Executing VM operation: HandshakeAllThreads (ZMarkFlushAndFreeStacks) done
Event: 563.841 Executing VM operation: ZMarkFlushOperation
Event: 563.841 Executing VM operation: ZMarkFlushOperation done
Event: 563.867 Executing VM operation: HandshakeAllThreads (ZMarkFlushAndFreeStacks)
Event: 563.867 Executing VM operation: HandshakeAllThreads (ZMarkFlushAndFreeStacks) done
Event: 563.867 Executing VM operation: ZMarkFlushOperation
Event: 563.867 Executing VM operation: ZMarkFlushOperation done
Event: 563.867 Executing VM operation: HandshakeAllThreads (ZMarkFlushAndFreeStacks)
Event: 563.867 Executing VM operation: HandshakeAllThreads (ZMarkFlushAndFreeStacks) done
Event: 563.867 Executing VM operation: ZMarkFlushOperation
Event: 563.867 Executing VM operation: ZMarkFlushOperation done
Event: 563.867 Executing VM operation: HandshakeAllThreads (ZMarkFlushAndFreeStacks)
Event: 563.867 Executing VM operation: HandshakeAllThreads (ZMarkFlushAndFreeStacks) done
Event: 563.867 Executing VM operation: ZMarkFlushOperation
Event: 563.867 Executing VM operation: ZMarkFlushOperation done
Event: 563.867 Executing VM operation: ZMarkEndYoung (Allocation Rate)
Event: 563.867 Executing VM operation: ZMarkEndYoung (Allocation Rate) done
Event: 563.911 Executing VM operation: ZRelocateStartYoung (Allocation Rate)
Event: 563.911 Executing VM operation: ZRelocateStartYoung (Allocation Rate) done
Event: 564.067 Executing VM operation: ZMarkStartYoung (Allocation Rate)
Event: 564.067 Executing VM operation: ZMarkStartYoung (Allocation Rate) done
Event: 564.324 Executing VM operation: HandshakeAllThreads (ZMarkFlushAndFreeStacks)
Event: 564.324 Executing VM operation: HandshakeAllThreads (ZMarkFlushAndFreeStacks) done
Event: 564.324 Executing VM operation: ZMarkFlushOperation
Event: 564.324 Executing VM operation: ZMarkFlushOperation done
Event: 564.371 Executing VM operation: HandshakeAllThreads (ZMarkFlushAndFreeStacks)
Event: 564.371 Executing VM operation: HandshakeAllThreads (ZMarkFlushAndFreeStacks) done
Event: 564.371 Executing VM operation: ZMarkFlushOperation
Event: 564.371 Executing VM operation: ZMarkFlushOperation done
Event: 564.371 Executing VM operation: HandshakeAllThreads (ZMarkFlushAndFreeStacks)
Event: 564.371 Executing VM operation: HandshakeAllThreads (ZMarkFlushAndFreeStacks) done
Event: 564.371 Executing VM operation: ZMarkFlushOperation
Event: 564.371 Executing VM operation: ZMarkFlushOperation done
Event: 564.372 Executing VM operation: HandshakeAllThreads (ZMarkFlushAndFreeStacks)
Event: 564.372 Executing VM operation: HandshakeAllThreads (ZMarkFlushAndFreeStacks) done
Event: 564.372 Executing VM operation: ZMarkFlushOperation
Event: 564.372 Executing VM operation: ZMarkFlushOperation done
Event: 564.372 Executing VM operation: ZMarkEndYoung (Allocation Rate)
Event: 564.372 Executing VM operation: ZMarkEndYoung (Allocation Rate) done
Event: 564.393 Executing VM operation: ZRelocateStartYoung (Allocation Rate)
Event: 564.393 Executing VM operation: ZRelocateStartYoung (Allocation Rate) done
Event: 564.791 Executing VM operation: ZMarkStartYoungAndOld (Allocation Rate)
Event: 564.791 Executing VM operation: ZMarkStartYoungAndOld (Allocation Rate) done
Event: 564.979 Executing VM operation: HandshakeAllThreads (ZMarkFlushAndFreeStacks)
Event: 564.979 Executing VM operation: HandshakeAllThreads (ZMarkFlushAndFreeStacks) done
Event: 564.979 Executing VM operation: ZMarkFlushOperation
Event: 564.979 Executing VM operation: ZMarkFlushOperation done
Event: 564.980 Executing VM operation: HandshakeAllThreads (ZMarkFlushAndFreeStacks)
Event: 564.981 Executing VM operation: HandshakeAllThreads (ZMarkFlushAndFreeStacks) done
Event: 564.981 Executing VM operation: ZMarkFlushOperation
Event: 564.981 Executing VM operation: ZMarkFlushOperation done
Event: 564.981 Executing VM operation: HandshakeAllThreads (ZMarkFlushAndFreeStacks)
Event: 564.981 Executing VM operation: HandshakeAllThreads (ZMarkFlushAndFreeStacks) done
Event: 564.981 Executing VM operation: ZMarkFlushOperation
Event: 564.981 Executing VM operation: ZMarkFlushOperation done
Event: 564.981 Executing VM operation: ZMarkEndYoung (Allocation Rate)
Event: 564.981 Executing VM operation: ZMarkEndYoung (Allocation Rate) done
Event: 565.009 Executing VM operation: ZRelocateStartYoung (Allocation Rate)
Event: 565.009 Executing VM operation: ZRelocateStartYoung (Allocation Rate) done
Event: 565.889 Executing VM operation: ZMarkStartYoung (Allocation Rate)
Event: 565.889 Executing VM operation: ZMarkStartYoung (Allocation Rate) done
Event: 566.108 Executing VM operation: HandshakeAllThreads (ZMarkFlushAndFreeStacks)
Event: 566.109 Executing VM operation: HandshakeAllThreads (ZMarkFlushAndFreeStacks) done
Event: 566.109 Executing VM operation: ZMarkFlushOperation
Event: 566.109 Executing VM operation: ZMarkFlushOperation done
Event: 566.126 Executing VM operation: HandshakeAllThreads (ZMarkFlushAndFreeStacks)
Event: 566.127 Executing VM operation: HandshakeAllThreads (ZMarkFlushAndFreeStacks) done
Event: 566.127 Executing VM operation: ZMarkFlushOperation
Event: 566.127 Executing VM operation: ZMarkFlushOperation done
Event: 566.127 Executing VM operation: HandshakeAllThreads (ZMarkFlushAndFreeStacks)
Event: 566.127 Executing VM operation: HandshakeAllThreads (ZMarkFlushAndFreeStacks) done
Event: 566.127 Executing VM operation: ZMarkFlushOperation
Event: 566.127 Executing VM operation: ZMarkFlushOperation done
Event: 566.127 Executing VM operation: ZMarkEndYoung (Allocation Rate)
Event: 566.127 Executing VM operation: ZMarkEndYoung (Allocation Rate) done
Event: 566.135 Executing VM operation: ZRelocateStartYoung (Allocation Rate)
Event: 566.135 Executing VM operation: ZRelocateStartYoung (Allocation Rate) done
Event: 567.192 Executing VM operation: ZMarkStartYoung (Allocation Rate)
Event: 567.192 Executing VM operation: ZMarkStartYoung (Allocation Rate) done
Event: 567.388 Executing VM operation: HandshakeAllThreads (ZMarkFlushAndFreeStacks)
Event: 567.388 Executing VM operation: HandshakeAllThreads (ZMarkFlushAndFreeStacks) done
Event: 567.388 Executing VM operation: ZMarkFlushOperation
Event: 567.388 Executing VM operation: ZMarkFlushOperation done
Event: 567.414 Executing VM operation: HandshakeAllThreads (ZMarkFlushAndFreeStacks)
Event: 567.414 Executing VM operation: HandshakeAllThreads (ZMarkFlushAndFreeStacks) done
Event: 567.414 Executing VM operation: ZMarkFlushOperation
Event: 567.414 Executing VM operation: ZMarkFlushOperation done
Event: 567.414 Executing VM operation: HandshakeAllThreads (ZMarkFlushAndFreeStacks)
Event: 567.414 Executing VM operation: HandshakeAllThreads (ZMarkFlushAndFreeStacks) done
Event: 567.414 Executing VM operation: ZMarkFlushOperation
Event: 567.414 Executing VM operation: ZMarkFlushOperation done
Event: 567.414 Executing VM operation: ZMarkEndYoung (Allocation Rate)
Event: 567.414 Executing VM operation: ZMarkEndYoung (Allocation Rate) done
Event: 567.429 Executing VM operation: ZRelocateStartYoung (Allocation Rate)
Event: 567.429 Executing VM operation: ZRelocateStartYoung (Allocation Rate) done
Event: 568.408 Executing VM operation: HandshakeAllThreads (ZMarkFlushAndFreeStacks)
Event: 568.410 Executing VM operation: HandshakeAllThreads (ZMarkFlushAndFreeStacks) done
Event: 568.410 Executing VM operation: ZMarkFlushOperation
Event: 568.410 Executing VM operation: ZMarkFlushOperation done
Event: 568.420 Executing VM operation: HandshakeAllThreads (ZMarkFlushAndFreeStacks)
Event: 568.420 Executing VM operation: HandshakeAllThreads (ZMarkFlushAndFreeStacks) done
Event: 568.420 Executing VM operation: ZMarkFlushOperation
Event: 568.420 Executing VM operation: ZMarkFlushOperation done
Event: 568.420 Executing VM operation: HandshakeAllThreads (ZMarkFlushAndFreeStacks)
Event: 568.421 Executing VM operation: HandshakeAllThreads (ZMarkFlushAndFreeStacks) done
Event: 568.421 Executing VM operation: ZMarkFlushOperation
Event: 568.421 Executing VM operation: ZMarkFlushOperation done
Event: 568.421 Executing VM operation: ZMarkEndOld (Allocation Rate)
Event: 568.421 Executing VM operation: ZMarkEndOld (Allocation Rate) done
Event: 568.473 Executing VM operation: HandshakeAllThreads (ZRendezvous)
Event: 568.473 Executing VM operation: HandshakeAllThreads (ZRendezvous) done
Event: 568.473 Executing VM operation: ZRendezvousGCThreads
Event: 568.473 Executing VM operation: ZRendezvousGCThreads done
Event: 568.519 Executing VM operation: ZRelocateStartOld (Allocation Rate)
Event: 568.519 Executing VM operation: ZRelocateStartOld (Allocation Rate) done
Event: 568.735 Executing VM operation: ZMarkStartYoung (Allocation Rate)
Event: 568.735 Executing VM operation: ZMarkStartYoung (Allocation Rate) done
Event: 569.003 Executing VM operation: HandshakeAllThreads (ZMarkFlushAndFreeStacks)
Event: 569.003 Executing VM operation: HandshakeAllThreads (ZMarkFlushAndFreeStacks) done
Event: 569.003 Executing VM operation: ZMarkFlushOperation
Event: 569.003 Executing VM operation: ZMarkFlushOperation done
Event: 569.030 Executing VM operation: HandshakeAllThreads (ZMarkFlushAndFreeStacks)
Event: 569.030 Executing VM operation: HandshakeAllThreads (ZMarkFlushAndFreeStacks) done
Event: 569.030 Executing VM operation: ZMarkFlushOperation
Event: 569.030 Executing VM operation: ZMarkFlushOperation done
Event: 569.030 Executing VM operation: HandshakeAllThreads (ZMarkFlushAndFreeStacks)
Event: 569.030 Executing VM operation: HandshakeAllThreads (ZMarkFlushAndFreeStacks) done
Event: 569.030 Executing VM operation: ZMarkFlushOperation
Event: 569.030 Executing VM operation: ZMarkFlushOperation done
Event: 569.030 Executing VM operation: HandshakeAllThreads (ZMarkFlushAndFreeStacks)
Event: 569.030 Executing VM operation: HandshakeAllThreads (ZMarkFlushAndFreeStacks) done
Event: 569.030 Executing VM operation: ZMarkFlushOperation
Event: 569.030 Executing VM operation: ZMarkFlushOperation done
Event: 569.030 Executing VM operation: ZMarkEndYoung (Allocation Rate)
Event: 569.031 Executing VM operation: ZMarkEndYoung (Allocation Rate) done
Event: 569.043 Executing VM operation: ZRelocateStartYoung (Allocation Rate)
Event: 569.043 Executing VM operation: ZRelocateStartYoung (Allocation Rate) done
Event: 569.921 Executing VM operation: ZMarkStartYoung (Allocation Rate)
Event: 569.921 Executing VM operation: ZMarkStartYoung (Allocation Rate) done
Event: 570.222 Executing VM operation: HandshakeAllThreads (ZMarkFlushAndFreeStacks)
Event: 570.222 Executing VM operation: HandshakeAllThreads (ZMarkFlushAndFreeStacks) done
Event: 570.222 Executing VM operation: ZMarkFlushOperation
Event: 570.222 Executing VM operation: ZMarkFlushOperation done
Event: 570.237 Executing VM operation: HandshakeAllThreads (ZMarkFlushAndFreeStacks)
Event: 570.237 Executing VM operation: HandshakeAllThreads (ZMarkFlushAndFreeStacks) done
Event: 570.237 Executing VM operation: ZMarkFlushOperation
Event: 570.237 Executing VM operation: ZMarkFlushOperation done
Event: 570.237 Executing VM operation: HandshakeAllThreads (ZMarkFlushAndFreeStacks)
Event: 570.237 Executing VM operation: HandshakeAllThreads (ZMarkFlushAndFreeStacks) done
Event: 570.237 Executing VM operation: ZMarkFlushOperation
Event: 570.237 Executing VM operation: ZMarkFlushOperation done
Event: 570.237 Executing VM operation: ZMarkEndYoung (Allocation Rate)
Event: 570.237 Executing VM operation: ZMarkEndYoung (Allocation Rate) done
Event: 570.243 Executing VM operation: ZRelocateStartYoung (Allocation Rate)
Event: 570.243 Executing VM operation: ZRelocateStartYoung (Allocation Rate) done
Event: 571.243 Executing VM operation: Cleanup
Event: 571.243 Executing VM operation: Cleanup done
Event: 571.918 Executing VM operation: ZMarkStartYoung (Allocation Rate)
Event: 571.918 Executing VM operation: ZMarkStartYoung (Allocation Rate) done
Event: 572.177 Executing VM operation: HandshakeAllThreads (ZMarkFlushAndFreeStacks)
Event: 572.177 Executing VM operation: HandshakeAllThreads (ZMarkFlushAndFreeStacks) done
Event: 572.177 Executing VM operation: ZMarkFlushOperation
Event: 572.177 Executing VM operation: ZMarkFlushOperation done
Event: 572.180 Executing VM operation: HandshakeAllThreads (ZMarkFlushAndFreeStacks)
Event: 572.180 Executing VM operation: HandshakeAllThreads (ZMarkFlushAndFreeStacks) done
Event: 572.180 Executing VM operation: ZMarkFlushOperation
Event: 572.180 Executing VM operation: ZMarkFlushOperation done
Event: 572.181 Executing VM operation: HandshakeAllThreads (ZMarkFlushAndFreeStacks)
Event: 572.181 Executing VM operation: HandshakeAllThreads (ZMarkFlushAndFreeStacks) done
Event: 572.181 Executing VM operation: ZMarkFlushOperation
Event: 572.181 Executing VM operation: ZMarkFlushOperation done
Event: 572.181 Executing VM operation: ZMarkEndYoung (Allocation Rate)
Event: 572.181 Executing VM operation: ZMarkEndYoung (Allocation Rate) done
Event: 572.186 Executing VM operation: ZRelocateStartYoung (Allocation Rate)
Event: 572.186 Executing VM operation: ZRelocateStartYoung (Allocation Rate) done
Event: 574.186 Executing VM operation: Cleanup
Event: 574.186 Executing VM operation: Cleanup done
Event: 574.521 Executing VM operation: ZMarkStartYoung (Allocation Rate)
Event: 574.521 Executing VM operation: ZMarkStartYoung (Allocation Rate) done
Event: 574.688 Executing VM operation: HandshakeAllThreads (ZMarkFlushAndFreeStacks)
Event: 574.688 Executing VM operation: HandshakeAllThreads (ZMarkFlushAndFreeStacks) done
Event: 574.688 Executing VM operation: ZMarkFlushOperation
Event: 574.688 Executing VM operation: ZMarkFlushOperation done
Event: 574.698 Executing VM operation: HandshakeAllThreads (ZMarkFlushAndFreeStacks)
Event: 574.698 Executing VM operation: HandshakeAllThreads (ZMarkFlushAndFreeStacks) done
Event: 574.698 Executing VM operation: ZMarkFlushOperation
Event: 574.698 Executing VM operation: ZMarkFlushOperation done
Event: 574.698 Executing VM operation: HandshakeAllThreads (ZMarkFlushAndFreeStacks)
Event: 574.698 Executing VM operation: HandshakeAllThreads (ZMarkFlushAndFreeStacks) done
Event: 574.698 Executing VM operation: ZMarkFlushOperation
Event: 574.698 Executing VM operation: ZMarkFlushOperation done
Event: 574.698 Executing VM operation: ZMarkEndYoung (Allocation Rate)
Event: 574.698 Executing VM operation: ZMarkEndYoung (Allocation Rate) done
Event: 574.727 Executing VM operation: ZRelocateStartYoung (Allocation Rate)
Event: 574.727 Executing VM operation: ZRelocateStartYoung (Allocation Rate) done
Event: 576.727 Executing VM operation: Cleanup
Event: 576.727 Executing VM operation: Cleanup done

Memory protections (0 events):
No events

Nmethod flushes (250 events):
Event: 532.845 Thread 0x000001b8908e0d10 flushing  nmethod 0x000001b89e1d1e10
Event: 532.845 Thread 0x000001b8908e0d10 flushing  nmethod 0x000001b89e257c90
Event: 532.845 Thread 0x000001b8908e0d10 flushing  nmethod 0x000001b896547b10
Event: 532.845 Thread 0x000001b8908e0d10 flushing  nmethod 0x000001b89d409090
Event: 532.845 Thread 0x000001b8908e0d10 flushing  nmethod 0x000001b89d618f10
Event: 532.845 Thread 0x000001b8908e0d10 flushing  nmethod 0x000001b896a34110
Event: 532.845 Thread 0x000001b8908e0d10 flushing  nmethod 0x000001b895efb910
Event: 532.845 Thread 0x000001b8908e0d10 flushing  nmethod 0x000001b89dfcb710
Event: 532.845 Thread 0x000001b8908e0d10 flushing  nmethod 0x000001b89ca5f290
Event: 532.845 Thread 0x000001b8908e0d10 flushing  nmethod 0x000001b896fbf190
Event: 532.845 Thread 0x000001b8908e0d10 flushing  nmethod 0x000001b89dae1610
Event: 532.845 Thread 0x000001b8908e0d10 flushing  nmethod 0x000001b89647e710
Event: 532.845 Thread 0x000001b8908e0d10 flushing  nmethod 0x000001b89db37990
Event: 532.845 Thread 0x000001b8908e0d10 flushing  nmethod 0x000001b8975ca510
Event: 532.845 Thread 0x000001b8908e0d10 flushing  nmethod 0x000001b8a0588110
Event: 532.845 Thread 0x000001b8908e0d10 flushing  nmethod 0x000001b89ee37890
Event: 532.845 Thread 0x000001b8908e0d10 flushing  nmethod 0x000001b89e30ab90
Event: 532.845 Thread 0x000001b8908e0d10 flushing  nmethod 0x000001b89dbb9910
Event: 532.845 Thread 0x000001b8908e0d10 flushing  nmethod 0x000001b896642090
Event: 532.845 Thread 0x000001b8908e0d10 flushing  nmethod 0x000001b896014410
Event: 532.845 Thread 0x000001b8908e0d10 flushing  nmethod 0x000001b89e3f7a10
Event: 532.845 Thread 0x000001b8908e0d10 flushing  nmethod 0x000001b89531dc90
Event: 532.845 Thread 0x000001b8908e0d10 flushing  nmethod 0x000001b896a22990
Event: 532.845 Thread 0x000001b8908e0d10 flushing  nmethod 0x000001b896524290
Event: 532.845 Thread 0x000001b8908e0d10 flushing  nmethod 0x000001b8a0eb3490
Event: 532.845 Thread 0x000001b8908e0d10 flushing  nmethod 0x000001b89e081e10
Event: 532.845 Thread 0x000001b8908e0d10 flushing  nmethod 0x000001b89db19390
Event: 532.845 Thread 0x000001b8908e0d10 flushing  nmethod 0x000001b89e466490
Event: 532.845 Thread 0x000001b8908e0d10 flushing  nmethod 0x000001b89d439990
Event: 532.845 Thread 0x000001b8908e0d10 flushing  nmethod 0x000001b8a0189d90
Event: 532.845 Thread 0x000001b8908e0d10 flushing  nmethod 0x000001b89cb2b110
Event: 532.845 Thread 0x000001b8908e0d10 flushing  nmethod 0x000001b89cd07790
Event: 532.845 Thread 0x000001b8908e0d10 flushing  nmethod 0x000001b89603f310
Event: 532.845 Thread 0x000001b8908e0d10 flushing  nmethod 0x000001b897fa6190
Event: 532.845 Thread 0x000001b8908e0d10 flushing  nmethod 0x000001b8958f1f90
Event: 532.845 Thread 0x000001b8908e0d10 flushing  nmethod 0x000001b89603fe90
Event: 532.845 Thread 0x000001b8908e0d10 flushing  nmethod 0x000001b89e5ebd90
Event: 532.845 Thread 0x000001b8908e0d10 flushing  nmethod 0x000001b89d093a90
Event: 532.845 Thread 0x000001b8908e0d10 flushing  nmethod 0x000001b895e6bf90
Event: 532.845 Thread 0x000001b8908e0d10 flushing  nmethod 0x000001b89dac3910
Event: 532.845 Thread 0x000001b8908e0d10 flushing  nmethod 0x000001b89e466190
Event: 532.845 Thread 0x000001b8908e0d10 flushing  nmethod 0x000001b89dc87890
Event: 532.845 Thread 0x000001b8908e0d10 flushing  nmethod 0x000001b89dd7cd10
Event: 532.845 Thread 0x000001b8908e0d10 flushing  nmethod 0x000001b8a03bea10
Event: 532.845 Thread 0x000001b8908e0d10 flushing  nmethod 0x000001b895c9ca10
Event: 532.845 Thread 0x000001b8908e0d10 flushing  nmethod 0x000001b89e465d90
Event: 532.845 Thread 0x000001b8908e0d10 flushing  nmethod 0x000001b89598a910
Event: 532.845 Thread 0x000001b8908e0d10 flushing  nmethod 0x000001b89eeaf110
Event: 532.845 Thread 0x000001b8908e0d10 flushing  nmethod 0x000001b897482c90
Event: 532.845 Thread 0x000001b8908e0d10 flushing  nmethod 0x000001b896099a10
Event: 532.845 Thread 0x000001b8908e0d10 flushing  nmethod 0x000001b89e5ecb90
Event: 532.845 Thread 0x000001b8908e0d10 flushing  nmethod 0x000001b8956d2890
Event: 568.473 Thread 0x000001b8908e0d10 flushing  nmethod 0x000001b899c25b10
Event: 568.473 Thread 0x000001b8908e0d10 flushing  nmethod 0x000001b896cd9090
Event: 568.473 Thread 0x000001b8908e0d10 flushing  nmethod 0x000001b895aec690
Event: 568.473 Thread 0x000001b8908e0d10 flushing  nmethod 0x000001b895cea790
Event: 568.473 Thread 0x000001b8908e0d10 flushing  nmethod 0x000001b896ebfe10
Event: 568.473 Thread 0x000001b8908e0d10 flushing  nmethod 0x000001b89524c690
Event: 568.473 Thread 0x000001b8908e0d10 flushing  nmethod 0x000001b8988ee590
Event: 568.473 Thread 0x000001b8908e0d10 flushing  nmethod 0x000001b896521290
Event: 568.473 Thread 0x000001b8908e0d10 flushing  nmethod 0x000001b894fe7990
Event: 568.473 Thread 0x000001b8908e0d10 flushing  nmethod 0x000001b895f2cd90
Event: 568.473 Thread 0x000001b8908e0d10 flushing  nmethod 0x000001b8998f5490
Event: 568.473 Thread 0x000001b8908e0d10 flushing  nmethod 0x000001b895f61490
Event: 568.473 Thread 0x000001b8908e0d10 flushing  nmethod 0x000001b8954a2710
Event: 568.473 Thread 0x000001b8908e0d10 flushing  nmethod 0x000001b8970f0790
Event: 568.473 Thread 0x000001b8908e0d10 flushing  nmethod 0x000001b898bdd510
Event: 568.473 Thread 0x000001b8908e0d10 flushing  nmethod 0x000001b897a41290
Event: 568.473 Thread 0x000001b8908e0d10 flushing  nmethod 0x000001b896f4e810
Event: 568.473 Thread 0x000001b8908e0d10 flushing  nmethod 0x000001b899cde690
Event: 568.473 Thread 0x000001b8908e0d10 flushing  nmethod 0x000001b895110210
Event: 568.473 Thread 0x000001b8908e0d10 flushing  nmethod 0x000001b895663a10
Event: 568.473 Thread 0x000001b8908e0d10 flushing  nmethod 0x000001b896520910
Event: 568.473 Thread 0x000001b8908e0d10 flushing  nmethod 0x000001b895616f90
Event: 568.473 Thread 0x000001b8908e0d10 flushing  nmethod 0x000001b894c2c610
Event: 568.473 Thread 0x000001b8908e0d10 flushing  nmethod 0x000001b894d8d310
Event: 568.473 Thread 0x000001b8908e0d10 flushing  nmethod 0x000001b899a47710
Event: 568.473 Thread 0x000001b8908e0d10 flushing  nmethod 0x000001b89e0ada90
Event: 568.473 Thread 0x000001b8908e0d10 flushing  nmethod 0x000001b895ea7590
Event: 568.473 Thread 0x000001b8908e0d10 flushing  nmethod 0x000001b89611bc10
Event: 568.473 Thread 0x000001b8908e0d10 flushing  nmethod 0x000001b894e49590
Event: 568.473 Thread 0x000001b8908e0d10 flushing  nmethod 0x000001b8966c0a10
Event: 568.473 Thread 0x000001b8908e0d10 flushing  nmethod 0x000001b89515ec10
Event: 568.473 Thread 0x000001b8908e0d10 flushing  nmethod 0x000001b894edbf90
Event: 568.473 Thread 0x000001b8908e0d10 flushing  nmethod 0x000001b89516a010
Event: 568.473 Thread 0x000001b8908e0d10 flushing  nmethod 0x000001b895dae690
Event: 568.473 Thread 0x000001b8908e0d10 flushing  nmethod 0x000001b896a76d90
Event: 568.473 Thread 0x000001b8908e0d10 flushing  nmethod 0x000001b898a03490
Event: 568.473 Thread 0x000001b8908e0d10 flushing  nmethod 0x000001b89508a310
Event: 568.473 Thread 0x000001b8908e0d10 flushing  nmethod 0x000001b895a1a910
Event: 568.473 Thread 0x000001b8908e0d10 flushing  nmethod 0x000001b895e5d310
Event: 568.473 Thread 0x000001b8908e0d10 flushing  nmethod 0x000001b895ad8c90
Event: 568.473 Thread 0x000001b8908e0d10 flushing  nmethod 0x000001b8992a5e90
Event: 568.473 Thread 0x000001b8908e0d10 flushing  nmethod 0x000001b896a77810
Event: 568.473 Thread 0x000001b8908e0d10 flushing  nmethod 0x000001b895380a10
Event: 568.473 Thread 0x000001b8908e0d10 flushing  nmethod 0x000001b8961e9890
Event: 568.473 Thread 0x000001b8908e0d10 flushing  nmethod 0x000001b896b3da90
Event: 568.473 Thread 0x000001b8908e0d10 flushing  nmethod 0x000001b89767a590
Event: 568.473 Thread 0x000001b8908e0d10 flushing  nmethod 0x000001b896906f10
Event: 568.473 Thread 0x000001b8908e0d10 flushing  nmethod 0x000001b8a000e310
Event: 568.473 Thread 0x000001b8908e0d10 flushing  nmethod 0x000001b894c1a510
Event: 568.473 Thread 0x000001b8908e0d10 flushing  nmethod 0x000001b895489e10
Event: 568.473 Thread 0x000001b8908e0d10 flushing  nmethod 0x000001b895d37b10
Event: 568.473 Thread 0x000001b8908e0d10 flushing  nmethod 0x000001b89850a710
Event: 568.473 Thread 0x000001b8908e0d10 flushing  nmethod 0x000001b895153d10
Event: 568.473 Thread 0x000001b8908e0d10 flushing  nmethod 0x000001b8950c2c90
Event: 568.473 Thread 0x000001b8908e0d10 flushing  nmethod 0x000001b89505e810
Event: 568.473 Thread 0x000001b8908e0d10 flushing  nmethod 0x000001b896019090
Event: 568.473 Thread 0x000001b8908e0d10 flushing  nmethod 0x000001b899256b10
Event: 568.473 Thread 0x000001b8908e0d10 flushing  nmethod 0x000001b896534910
Event: 568.473 Thread 0x000001b8908e0d10 flushing  nmethod 0x000001b896638f10
Event: 568.473 Thread 0x000001b8908e0d10 flushing  nmethod 0x000001b895e69f10
Event: 568.473 Thread 0x000001b8908e0d10 flushing  nmethod 0x000001b894e67810
Event: 568.473 Thread 0x000001b8908e0d10 flushing  nmethod 0x000001b8a05a6490
Event: 568.473 Thread 0x000001b8908e0d10 flushing  nmethod 0x000001b8968aa310
Event: 568.473 Thread 0x000001b8908e0d10 flushing  nmethod 0x000001b898065e90
Event: 568.473 Thread 0x000001b8908e0d10 flushing  nmethod 0x000001b8950e4d90
Event: 568.473 Thread 0x000001b8908e0d10 flushing  nmethod 0x000001b895f60110
Event: 568.473 Thread 0x000001b8908e0d10 flushing  nmethod 0x000001b894f95a10
Event: 568.473 Thread 0x000001b8908e0d10 flushing  nmethod 0x000001b899902d90
Event: 568.473 Thread 0x000001b8908e0d10 flushing  nmethod 0x000001b894cf4c90
Event: 568.473 Thread 0x000001b8908e0d10 flushing  nmethod 0x000001b8a0e3b790
Event: 568.473 Thread 0x000001b8908e0d10 flushing  nmethod 0x000001b8a04fe890
Event: 568.473 Thread 0x000001b8908e0d10 flushing  nmethod 0x000001b896bbbf90
Event: 568.473 Thread 0x000001b8908e0d10 flushing  nmethod 0x000001b89ce2d490
Event: 568.473 Thread 0x000001b8908e0d10 flushing  nmethod 0x000001b89e39f510
Event: 568.473 Thread 0x000001b8908e0d10 flushing  nmethod 0x000001b8976c0c90
Event: 568.473 Thread 0x000001b8908e0d10 flushing  nmethod 0x000001b895eafe10
Event: 568.473 Thread 0x000001b8908e0d10 flushing  nmethod 0x000001b895335690
Event: 568.473 Thread 0x000001b8908e0d10 flushing  nmethod 0x000001b89647c210
Event: 568.473 Thread 0x000001b8908e0d10 flushing  nmethod 0x000001b89cf8fd10
Event: 568.473 Thread 0x000001b8908e0d10 flushing  nmethod 0x000001b89614bc90
Event: 568.473 Thread 0x000001b8908e0d10 flushing  nmethod 0x000001b8952ba790
Event: 568.473 Thread 0x000001b8908e0d10 flushing  nmethod 0x000001b897669610
Event: 568.473 Thread 0x000001b8908e0d10 flushing  nmethod 0x000001b895315690
Event: 568.473 Thread 0x000001b8908e0d10 flushing  nmethod 0x000001b89508c910
Event: 568.473 Thread 0x000001b8908e0d10 flushing  nmethod 0x000001b897f24010
Event: 568.473 Thread 0x000001b8908e0d10 flushing  nmethod 0x000001b89697fb90
Event: 568.473 Thread 0x000001b8908e0d10 flushing  nmethod 0x000001b897af1890
Event: 568.473 Thread 0x000001b8908e0d10 flushing  nmethod 0x000001b898aba110
Event: 568.473 Thread 0x000001b8908e0d10 flushing  nmethod 0x000001b894bf3690
Event: 568.473 Thread 0x000001b8908e0d10 flushing  nmethod 0x000001b896205290
Event: 568.473 Thread 0x000001b8908e0d10 flushing  nmethod 0x000001b894c87b10
Event: 568.473 Thread 0x000001b8908e0d10 flushing  nmethod 0x000001b8983b9210
Event: 568.473 Thread 0x000001b8908e0d10 flushing  nmethod 0x000001b89510e710
Event: 568.473 Thread 0x000001b8908e0d10 flushing  nmethod 0x000001b896d16b90
Event: 568.473 Thread 0x000001b8908e0d10 flushing  nmethod 0x000001b89e2bff90
Event: 568.473 Thread 0x000001b8908e0d10 flushing  nmethod 0x000001b896126c10
Event: 568.473 Thread 0x000001b8908e0d10 flushing  nmethod 0x000001b89916ae10
Event: 568.473 Thread 0x000001b8908e0d10 flushing  nmethod 0x000001b895320d10
Event: 568.473 Thread 0x000001b8908e0d10 flushing  nmethod 0x000001b895381d10
Event: 568.473 Thread 0x000001b8908e0d10 flushing  nmethod 0x000001b899892a90
Event: 568.473 Thread 0x000001b8908e0d10 flushing  nmethod 0x000001b89592f610
Event: 568.473 Thread 0x000001b8908e0d10 flushing  nmethod 0x000001b895b85410
Event: 568.473 Thread 0x000001b8908e0d10 flushing  nmethod 0x000001b89614e590
Event: 568.473 Thread 0x000001b8908e0d10 flushing  nmethod 0x000001b894d22a90
Event: 568.473 Thread 0x000001b8908e0d10 flushing  nmethod 0x000001b8a076b510
Event: 568.473 Thread 0x000001b8908e0d10 flushing  nmethod 0x000001b895da6c10
Event: 568.473 Thread 0x000001b8908e0d10 flushing  nmethod 0x000001b894e49210
Event: 568.473 Thread 0x000001b8908e0d10 flushing  nmethod 0x000001b895ecbf90
Event: 568.473 Thread 0x000001b8908e0d10 flushing  nmethod 0x000001b895447b90
Event: 568.473 Thread 0x000001b8908e0d10 flushing  nmethod 0x000001b895a0ae90
Event: 568.473 Thread 0x000001b8908e0d10 flushing  nmethod 0x000001b89542fd10
Event: 568.473 Thread 0x000001b8908e0d10 flushing  nmethod 0x000001b89761ce90
Event: 568.473 Thread 0x000001b8908e0d10 flushing  nmethod 0x000001b896a77d10
Event: 568.473 Thread 0x000001b8908e0d10 flushing  nmethod 0x000001b89785d110
Event: 568.473 Thread 0x000001b8908e0d10 flushing  nmethod 0x000001b89987a710
Event: 568.473 Thread 0x000001b8908e0d10 flushing  nmethod 0x000001b89e60d910
Event: 568.473 Thread 0x000001b8908e0d10 flushing  nmethod 0x000001b895f4e490
Event: 568.473 Thread 0x000001b8908e0d10 flushing  nmethod 0x000001b896338210
Event: 568.473 Thread 0x000001b8908e0d10 flushing  nmethod 0x000001b8998f0310
Event: 568.473 Thread 0x000001b8908e0d10 flushing  nmethod 0x000001b8962a2490
Event: 568.473 Thread 0x000001b8908e0d10 flushing  nmethod 0x000001b899901810
Event: 568.473 Thread 0x000001b8908e0d10 flushing  nmethod 0x000001b896950890
Event: 568.473 Thread 0x000001b8908e0d10 flushing  nmethod 0x000001b894bbe290
Event: 568.473 Thread 0x000001b8908e0d10 flushing  nmethod 0x000001b899c9f090
Event: 568.473 Thread 0x000001b8908e0d10 flushing  nmethod 0x000001b8954ec990
Event: 568.473 Thread 0x000001b8908e0d10 flushing  nmethod 0x000001b89ff62d10
Event: 568.473 Thread 0x000001b8908e0d10 flushing  nmethod 0x000001b896e20990
Event: 568.473 Thread 0x000001b8908e0d10 flushing  nmethod 0x000001b894bfac90
Event: 568.473 Thread 0x000001b8908e0d10 flushing  nmethod 0x000001b89c90b090
Event: 568.473 Thread 0x000001b8908e0d10 flushing  nmethod 0x000001b896834f90
Event: 568.473 Thread 0x000001b8908e0d10 flushing  nmethod 0x000001b8965c6790
Event: 568.473 Thread 0x000001b8908e0d10 flushing  nmethod 0x000001b894de9990
Event: 568.473 Thread 0x000001b8908e0d10 flushing  nmethod 0x000001b89505bf90
Event: 568.473 Thread 0x000001b8908e0d10 flushing  nmethod 0x000001b897ed4e10
Event: 568.473 Thread 0x000001b8908e0d10 flushing  nmethod 0x000001b89544da10
Event: 568.473 Thread 0x000001b8908e0d10 flushing osr nmethod 0x000001b89ea99710
Event: 568.473 Thread 0x000001b8908e0d10 flushing  nmethod 0x000001b89591c510
Event: 568.473 Thread 0x000001b8908e0d10 flushing  nmethod 0x000001b895f1fe90
Event: 568.473 Thread 0x000001b8908e0d10 flushing osr nmethod 0x000001b895cd7c10
Event: 568.473 Thread 0x000001b8908e0d10 flushing  nmethod 0x000001b89530e290
Event: 568.473 Thread 0x000001b8908e0d10 flushing  nmethod 0x000001b896ed4990
Event: 568.473 Thread 0x000001b8908e0d10 flushing  nmethod 0x000001b899bdcb10
Event: 568.473 Thread 0x000001b8908e0d10 flushing  nmethod 0x000001b8989fd190
Event: 568.473 Thread 0x000001b8908e0d10 flushing  nmethod 0x000001b895b83190
Event: 568.473 Thread 0x000001b8908e0d10 flushing  nmethod 0x000001b899941790
Event: 568.473 Thread 0x000001b8908e0d10 flushing  nmethod 0x000001b895336b10
Event: 568.473 Thread 0x000001b8908e0d10 flushing  nmethod 0x000001b8a04f2710
Event: 568.473 Thread 0x000001b8908e0d10 flushing  nmethod 0x000001b896e79690
Event: 568.473 Thread 0x000001b8908e0d10 flushing  nmethod 0x000001b899b84690
Event: 568.473 Thread 0x000001b8908e0d10 flushing  nmethod 0x000001b89ddbc610
Event: 568.473 Thread 0x000001b8908e0d10 flushing  nmethod 0x000001b894d46510
Event: 568.473 Thread 0x000001b8908e0d10 flushing  nmethod 0x000001b8976ebe10
Event: 568.473 Thread 0x000001b8908e0d10 flushing  nmethod 0x000001b896703690
Event: 568.473 Thread 0x000001b8908e0d10 flushing  nmethod 0x000001b896ca6e90
Event: 568.473 Thread 0x000001b8908e0d10 flushing  nmethod 0x000001b896dd6290
Event: 568.473 Thread 0x000001b8908e0d10 flushing  nmethod 0x000001b89722ad90
Event: 568.473 Thread 0x000001b8908e0d10 flushing  nmethod 0x000001b896b74890
Event: 568.473 Thread 0x000001b8908e0d10 flushing  nmethod 0x000001b897784210
Event: 568.473 Thread 0x000001b8908e0d10 flushing  nmethod 0x000001b8963c4c90
Event: 568.473 Thread 0x000001b8908e0d10 flushing  nmethod 0x000001b8976cf290
Event: 568.473 Thread 0x000001b8908e0d10 flushing  nmethod 0x000001b897f05990
Event: 568.473 Thread 0x000001b8908e0d10 flushing  nmethod 0x000001b89d9a2910
Event: 568.473 Thread 0x000001b8908e0d10 flushing  nmethod 0x000001b8950c8490
Event: 568.473 Thread 0x000001b8908e0d10 flushing  nmethod 0x000001b89510d410
Event: 568.473 Thread 0x000001b8908e0d10 flushing  nmethod 0x000001b897339490
Event: 568.473 Thread 0x000001b8908e0d10 flushing  nmethod 0x000001b894da1690
Event: 568.473 Thread 0x000001b8908e0d10 flushing  nmethod 0x000001b899264790
Event: 568.473 Thread 0x000001b8908e0d10 flushing  nmethod 0x000001b899920810
Event: 568.473 Thread 0x000001b8908e0d10 flushing  nmethod 0x000001b894e67310
Event: 568.473 Thread 0x000001b8908e0d10 flushing  nmethod 0x000001b898547d90
Event: 568.473 Thread 0x000001b8908e0d10 flushing  nmethod 0x000001b896dced10
Event: 568.473 Thread 0x000001b8908e0d10 flushing  nmethod 0x000001b895142d90
Event: 568.473 Thread 0x000001b8908e0d10 flushing  nmethod 0x000001b8998feb90
Event: 568.473 Thread 0x000001b8908e0d10 flushing  nmethod 0x000001b8979b5510
Event: 568.473 Thread 0x000001b8908e0d10 flushing  nmethod 0x000001b89dec9d90
Event: 568.473 Thread 0x000001b8908e0d10 flushing  nmethod 0x000001b8953b4510
Event: 568.473 Thread 0x000001b8908e0d10 flushing  nmethod 0x000001b899715710
Event: 568.473 Thread 0x000001b8908e0d10 flushing  nmethod 0x000001b898738410
Event: 568.473 Thread 0x000001b8908e0d10 flushing  nmethod 0x000001b896352f10
Event: 568.473 Thread 0x000001b8908e0d10 flushing  nmethod 0x000001b894e17b90
Event: 568.473 Thread 0x000001b8908e0d10 flushing  nmethod 0x000001b89d4ba790
Event: 568.473 Thread 0x000001b8908e0d10 flushing  nmethod 0x000001b89611d810
Event: 568.473 Thread 0x000001b8908e0d10 flushing  nmethod 0x000001b8953e8710
Event: 568.473 Thread 0x000001b8908e0d10 flushing  nmethod 0x000001b894e6ee90
Event: 568.473 Thread 0x000001b8908e0d10 flushing  nmethod 0x000001b899207410
Event: 568.473 Thread 0x000001b8908e0d10 flushing  nmethod 0x000001b894d98290
Event: 568.473 Thread 0x000001b8908e0d10 flushing  nmethod 0x000001b896504c10
Event: 568.473 Thread 0x000001b8908e0d10 flushing  nmethod 0x000001b899900490
Event: 568.473 Thread 0x000001b8908e0d10 flushing  nmethod 0x000001b8955bce10
Event: 568.473 Thread 0x000001b8908e0d10 flushing  nmethod 0x000001b894fb6310
Event: 568.473 Thread 0x000001b8908e0d10 flushing  nmethod 0x000001b895aed210
Event: 568.473 Thread 0x000001b8908e0d10 flushing  nmethod 0x000001b8998ff290
Event: 568.473 Thread 0x000001b8908e0d10 flushing  nmethod 0x000001b899b4d610
Event: 568.473 Thread 0x000001b8908e0d10 flushing  nmethod 0x000001b894d4b590
Event: 568.473 Thread 0x000001b8908e0d10 flushing  nmethod 0x000001b895031b90
Event: 568.473 Thread 0x000001b8908e0d10 flushing  nmethod 0x000001b89524b590
Event: 568.473 Thread 0x000001b8908e0d10 flushing  nmethod 0x000001b896cbe110
Event: 568.473 Thread 0x000001b8908e0d10 flushing  nmethod 0x000001b894e9a990

Events (250 events):
Event: 447.075 Thread 0x000001b890d31cf0 Thread added: 0x000001bcbd6d5510
Event: 447.076 Thread 0x000001bcbd6d5510 Thread added: 0x000001bcbd6da6d0
Event: 447.076 Thread 0x000001bcbd6d5510 Thread added: 0x000001bcbd6dada0
Event: 447.076 Thread 0x000001bcbd6d5510 Thread added: 0x000001bce021a290
Event: 447.076 Thread 0x000001bcbd6d5510 Thread added: 0x000001bce021bdd0
Event: 447.076 Thread 0x000001bcbd6d5510 Thread added: 0x000001bce021e6b0
Event: 447.076 Thread 0x000001bcbd6d5510 Thread added: 0x000001bce021b030
Event: 447.337 Thread 0x000001bcbd6dada0 Thread exited: 0x000001bcbd6dada0
Event: 447.337 Thread 0x000001bcbd6da6d0 Thread exited: 0x000001bcbd6da6d0
Event: 447.337 Thread 0x000001bce021a290 Thread exited: 0x000001bce021a290
Event: 447.370 Thread 0x000001bcbd6d5510 Thread exited: 0x000001bcbd6d5510
Event: 447.538 Thread 0x000001bcbd6d84c0 Thread exited: 0x000001bcbd6d84c0
Event: 447.538 Thread 0x000001bcbd6d6980 Thread exited: 0x000001bcbd6d6980
Event: 448.005 Thread 0x000001bcbd6d7df0 Thread exited: 0x000001bcbd6d7df0
Event: 448.673 Thread 0x000001bce021b030 Thread exited: 0x000001bce021b030
Event: 449.009 Thread 0x000001bce021e6b0 Thread exited: 0x000001bce021e6b0
Event: 450.227 Thread 0x000001bce021bdd0 Thread exited: 0x000001bce021bdd0
Event: 455.557 Thread 0x000001b890d42810 Thread added: 0x000001bce021a290
Event: 455.557 Thread 0x000001b890d42810 Thread added: 0x000001bce021bdd0
Event: 455.860 Thread 0x000001bce021bdd0 Thread exited: 0x000001bce021bdd0
Event: 456.447 Thread 0x000001bce021a290 Thread exited: 0x000001bce021a290
Event: 458.870 Thread 0x000001bca6886bc0 Thread exited: 0x000001bca6886bc0
Event: 458.873 Thread 0x000001bd558d95f0 Thread exited: 0x000001bd558d95f0
Event: 458.875 Thread 0x000001bd65531ad0 Thread exited: 0x000001bd65531ad0
Event: 458.875 Thread 0x000001bca688c110 Thread exited: 0x000001bca688c110
Event: 458.885 Thread 0x000001bd147528e0 Thread exited: 0x000001bd147528e0
Event: 458.887 Thread 0x000001bd14752250 Thread exited: 0x000001bd14752250
Event: 458.887 Thread 0x000001bd655269a0 Thread exited: 0x000001bd655269a0
Event: 458.904 Thread 0x000001bd558d9c80 Thread exited: 0x000001bd558d9c80
Event: 458.910 Thread 0x000001bd14753600 Thread exited: 0x000001bd14753600
Event: 458.924 Thread 0x000001bd558d7520 Thread exited: 0x000001bd558d7520
Event: 458.925 Thread 0x000001bd1474f460 Thread exited: 0x000001bd1474f460
Event: 458.926 Thread 0x000001bd558d6e90 Thread exited: 0x000001bd558d6e90
Event: 458.926 Thread 0x000001bcc9b37d20 Thread exited: 0x000001bcc9b37d20
Event: 458.938 Thread 0x000001bccba65160 Thread exited: 0x000001bccba65160
Event: 458.947 Thread 0x000001bd65525c80 Thread exited: 0x000001bd65525c80
Event: 458.952 Thread 0x000001bd14750180 Thread exited: 0x000001bd14750180
Event: 458.964 Thread 0x000001bd655248d0 Thread exited: 0x000001bd655248d0
Event: 458.972 Thread 0x000001bd65523520 Thread exited: 0x000001bd65523520
Event: 458.985 Thread 0x000001bd558d5ae0 Thread exited: 0x000001bd558d5ae0
Event: 458.997 Thread 0x000001bcca4d30b0 Thread exited: 0x000001bcca4d30b0
Event: 458.997 Thread 0x000001bd6552dfc0 Thread exited: 0x000001bd6552dfc0
Event: 459.008 Thread 0x000001bd558deb40 Thread exited: 0x000001bd558deb40
Event: 459.016 Thread 0x000001bca6885810 Thread exited: 0x000001bca6885810
Event: 463.778 Thread 0x000001b890d42810 Thread added: 0x000001bce021a290
Event: 463.778 Thread 0x000001b890d42810 Thread added: 0x000001bce021ed80
Event: 463.778 Thread 0x000001b890d42810 Thread added: 0x000001bce021e6b0
Event: 463.778 Thread 0x000001b890d42810 Thread added: 0x000001bce021bdd0
Event: 464.222 Thread 0x000001bce021bdd0 Thread exited: 0x000001bce021bdd0
Event: 464.395 Thread 0x000001bce021e6b0 Thread exited: 0x000001bce021e6b0
Event: 464.395 Thread 0x000001bce021ed80 Thread exited: 0x000001bce021ed80
Event: 464.395 Thread 0x000001bce021a290 Thread exited: 0x000001bce021a290
Event: 474.949 Thread 0x000001b890d42810 Thread added: 0x000001bce021b030
Event: 474.949 Thread 0x000001b890d42810 Thread added: 0x000001bce021bdd0
Event: 475.641 Thread 0x000001bce021bdd0 Thread exited: 0x000001bce021bdd0
Event: 477.173 Thread 0x000001bce021b030 Thread exited: 0x000001bce021b030
Event: 479.614 Thread 0x000001b890d42810 Thread added: 0x000001bce021bdd0
Event: 479.614 Thread 0x000001b890d42810 Thread added: 0x000001bce021a290
Event: 479.614 Thread 0x000001b890d42810 Thread added: 0x000001bce021b030
Event: 479.614 Thread 0x000001b890d42810 Thread added: 0x000001bce021e6b0
Event: 479.614 Thread 0x000001b890d42810 Thread added: 0x000001bce021ed80
Event: 479.614 Thread 0x000001b890d42810 Thread added: 0x000001bce02201f0
Event: 479.614 Thread 0x000001b890d42810 Thread added: 0x000001bce02208c0
Event: 480.741 Thread 0x000001bce02208c0 Thread exited: 0x000001bce02208c0
Event: 480.741 Thread 0x000001bce02201f0 Thread exited: 0x000001bce02201f0
Event: 480.741 Thread 0x000001bce021ed80 Thread exited: 0x000001bce021ed80
Event: 480.909 Thread 0x000001bce021e6b0 Thread exited: 0x000001bce021e6b0
Event: 480.925 Thread 0x000001bce021b030 Thread exited: 0x000001bce021b030
Event: 480.925 Thread 0x000001bce021a290 Thread exited: 0x000001bce021a290
Event: 481.319 Thread 0x000001bce021bdd0 Thread exited: 0x000001bce021bdd0
Event: 481.891 Thread 0x000001b890d42810 Thread added: 0x000001bce021cb70
Event: 481.891 Thread 0x000001b890d42810 Thread added: 0x000001bce021b030
Event: 481.891 Thread 0x000001b890d42810 Thread added: 0x000001bce021e6b0
Event: 481.891 Thread 0x000001b890d42810 Thread added: 0x000001bce021bdd0
Event: 481.891 Thread 0x000001b890d42810 Thread added: 0x000001bce021ed80
Event: 481.891 Thread 0x000001b890d42810 Thread added: 0x000001bce02208c0
Event: 481.891 Thread 0x000001b890d42810 Thread added: 0x000001bcbd6d6980
Event: 481.893 Thread 0x000001bce021ed80 Thread added: 0x000001bcbd6d7df0
Event: 482.388 Thread 0x000001bcbd6d7df0 Thread exited: 0x000001bcbd6d7df0
Event: 482.396 Thread 0x000001bce021bdd0 Thread exited: 0x000001bce021bdd0
Event: 482.455 Thread 0x000001bce021e6b0 Thread exited: 0x000001bce021e6b0
Event: 482.455 Thread 0x000001bce021b030 Thread exited: 0x000001bce021b030
Event: 482.560 Thread 0x000001bce021cb70 Thread exited: 0x000001bce021cb70
Event: 483.051 Thread 0x000001b890d42810 Thread added: 0x000001bcbd6d7df0
Event: 483.051 Thread 0x000001b890d42810 Thread added: 0x000001bcbd6d84c0
Event: 483.072 Thread 0x000001bcbd6d6980 Thread exited: 0x000001bcbd6d6980
Event: 483.347 Thread 0x000001bcbd6d84c0 Thread exited: 0x000001bcbd6d84c0
Event: 483.520 Thread 0x000001bcbd6d7df0 Thread exited: 0x000001bcbd6d7df0
Event: 483.550 Thread 0x000001bca688a040 Thread exited: 0x000001bca688a040
Event: 483.556 Thread 0x000001bcca4ce1f0 Thread exited: 0x000001bcca4ce1f0
Event: 483.574 Thread 0x000001bd14745d70 Thread exited: 0x000001bd14745d70
Event: 483.603 Thread 0x000001bcca4cce40 Thread exited: 0x000001bcca4cce40
Event: 483.628 Thread 0x000001bca6887f70 Thread exited: 0x000001bca6887f70
Event: 485.960 Thread 0x000001bce02208c0 Thread exited: 0x000001bce02208c0
Event: 486.200 Thread 0x000001bd558e0580 Thread exited: 0x000001bd558e0580
Event: 486.556 Thread 0x000001bce021ed80 Thread exited: 0x000001bce021ed80
Event: 487.541 Thread 0x000001b890d42810 Thread added: 0x000001bcbd6d6980
Event: 487.542 Thread 0x000001b890d42810 Thread added: 0x000001bcbd6da6d0
Event: 487.958 Thread 0x000001bcbd6da6d0 Thread exited: 0x000001bcbd6da6d0
Event: 488.213 Thread 0x000001bd558d3380 Thread exited: 0x000001bd558d3380
Event: 488.495 Thread 0x000001bcbd6d6980 Thread exited: 0x000001bcbd6d6980
Event: 488.557 Thread 0x000001b890d42810 Thread added: 0x000001bcbd6d6980
Event: 488.563 Thread 0x000001b890d42810 Thread added: 0x000001bcbd6dada0
Event: 488.702 Thread 0x000001bcbd6dada0 Thread exited: 0x000001bcbd6dada0
Event: 488.702 Thread 0x000001bcbd6d6980 Thread exited: 0x000001bcbd6d6980
Event: 489.340 Thread 0x000001b890d42810 Thread added: 0x000001bcbd6da000
Event: 489.340 Thread 0x000001b890d42810 Thread added: 0x000001bcbd6d7df0
Event: 489.580 Thread 0x000001bcbd6d7df0 Thread exited: 0x000001bcbd6d7df0
Event: 489.813 Thread 0x000001bcbd6da000 Thread exited: 0x000001bcbd6da000
Event: 492.917 Thread 0x000001b890d31cf0 Thread added: 0x000001bcbd6d6980
Event: 492.917 Thread 0x000001b890d31cf0 Thread added: 0x000001bcbd6da000
Event: 493.181 Thread 0x000001bcbd6da000 Thread exited: 0x000001bcbd6da000
Event: 493.181 Thread 0x000001bcbd6d6980 Thread exited: 0x000001bcbd6d6980
Event: 493.207 Thread 0x000001b890d31cf0 Thread added: 0x000001bcbd6da000
Event: 493.217 Thread 0x000001b890d31cf0 Thread added: 0x000001bcbd6d6980
Event: 493.217 Thread 0x000001b890d31cf0 Thread added: 0x000001bcbd6da6d0
Event: 493.217 Thread 0x000001b890d31cf0 Thread added: 0x000001bcbd6dada0
Event: 494.228 Thread 0x000001bcbd6da000 Thread exited: 0x000001bcbd6da000
Event: 494.310 Thread 0x000001bcbd6da6d0 Thread added: 0x000001bce021bdd0
Event: 494.310 Thread 0x000001bcbd6da6d0 Thread added: 0x000001bce021cb70
Event: 494.310 Thread 0x000001bcbd6da6d0 Thread added: 0x000001bce021e6b0
Event: 494.310 Thread 0x000001bcbd6da6d0 Thread added: 0x000001bce021ed80
Event: 494.335 Thread 0x000001bce021ed80 Thread added: 0x000001bce02208c0
Event: 494.482 Thread 0x000001bce02208c0 Thread exited: 0x000001bce02208c0
Event: 494.490 Thread 0x000001bce021ed80 Thread exited: 0x000001bce021ed80
Event: 494.490 Thread 0x000001bce021e6b0 Thread exited: 0x000001bce021e6b0
Event: 494.524 Thread 0x000001bce021cb70 Thread exited: 0x000001bce021cb70
Event: 495.262 Thread 0x000001bcbd6dada0 Thread exited: 0x000001bcbd6dada0
Event: 495.262 Thread 0x000001bce021bdd0 Thread exited: 0x000001bce021bdd0
Event: 495.547 Thread 0x000001bcbd6da6d0 Thread exited: 0x000001bcbd6da6d0
Event: 495.552 Thread 0x000001bcbd6d6980 Thread exited: 0x000001bcbd6d6980
Event: 499.624 Thread 0x000001b890d31cf0 Thread added: 0x000001bce021cb70
Event: 499.624 Thread 0x000001b890d31cf0 Thread added: 0x000001bce021e6b0
Event: 500.016 Thread 0x000001bce021e6b0 Thread exited: 0x000001bce021e6b0
Event: 500.124 Thread 0x000001bce021cb70 Thread exited: 0x000001bce021cb70
Event: 506.050 Thread 0x000001b890d31cf0 Thread added: 0x000001bce021e6b0
Event: 506.090 Thread 0x000001b8907c2400 Thread added: 0x000001bd558d3380
Event: 506.125 Thread 0x000001b8907c2400 Thread added: 0x000001bd558d9c80
Event: 506.542 Thread 0x000001bce021e6b0 Thread exited: 0x000001bce021e6b0
Event: 506.987 Thread 0x000001bcb139caf0 Thread exited: 0x000001bcb139caf0
Event: 509.042 Thread 0x000001b890d31cf0 Thread added: 0x000001bce021bdd0
Event: 509.560 Thread 0x000001bce021bdd0 Thread exited: 0x000001bce021bdd0
Event: 514.945 Thread 0x000001b890d42810 Thread added: 0x000001bce021e6b0
Event: 514.945 Thread 0x000001b890d42810 Thread added: 0x000001bce021bdd0
Event: 514.945 Thread 0x000001b890d42810 Thread added: 0x000001bce02201f0
Event: 515.058 Thread 0x000001bce02201f0 Thread exited: 0x000001bce02201f0
Event: 515.184 Thread 0x000001bce021bdd0 Thread exited: 0x000001bce021bdd0
Event: 515.303 Thread 0x000001bce021e6b0 Thread exited: 0x000001bce021e6b0
Event: 522.923 Thread 0x000001b890d42810 Thread added: 0x000001bce021cb70
Event: 523.141 Thread 0x000001bce021cb70 Thread exited: 0x000001bce021cb70
Event: 530.801 Thread 0x000001b890d42810 Thread added: 0x000001bce021e6b0
Event: 530.801 Thread 0x000001b890d42810 Thread added: 0x000001bce021b030
Event: 530.801 Thread 0x000001b890d42810 Thread added: 0x000001bce021bdd0
Event: 531.115 Thread 0x000001bce021bdd0 Thread exited: 0x000001bce021bdd0
Event: 531.115 Thread 0x000001bce021b030 Thread exited: 0x000001bce021b030
Event: 531.265 Thread 0x000001bce021e6b0 Thread exited: 0x000001bce021e6b0
Event: 535.784 Thread 0x000001b890d31cf0 Thread added: 0x000001bce021e6b0
Event: 535.784 Thread 0x000001b890d31cf0 Thread added: 0x000001bce021b030
Event: 536.424 Thread 0x000001b890d31cf0 Thread added: 0x000001bce021ed80
Event: 536.424 Thread 0x000001b890d31cf0 Thread added: 0x000001bce021bdd0
Event: 536.424 Thread 0x000001b890d31cf0 Thread added: 0x000001bce02201f0
Event: 536.545 Thread 0x000001bce021b030 Thread added: 0x000001bce02208c0
Event: 536.701 Thread 0x000001bce02201f0 Thread exited: 0x000001bce02201f0
Event: 537.256 Thread 0x000001bce021bdd0 Thread exited: 0x000001bce021bdd0
Event: 537.887 Thread 0x000001bce02208c0 Thread exited: 0x000001bce02208c0
Event: 537.887 Thread 0x000001bce021b030 Thread exited: 0x000001bce021b030
Event: 538.001 Thread 0x000001bce021ed80 Thread exited: 0x000001bce021ed80
Event: 538.354 Thread 0x000001bce021e6b0 Thread exited: 0x000001bce021e6b0
Event: 538.617 Thread 0x000001b890d31cf0 Thread added: 0x000001bce021bdd0
Event: 538.739 Thread 0x000001b890d42810 Thread added: 0x000001bce021cb70
Event: 538.739 Thread 0x000001b890d42810 Thread added: 0x000001bce021e6b0
Event: 538.739 Thread 0x000001b890d42810 Thread added: 0x000001bce021b030
Event: 539.099 Thread 0x000001bce021b030 Thread exited: 0x000001bce021b030
Event: 539.099 Thread 0x000001bce021e6b0 Thread exited: 0x000001bce021e6b0
Event: 539.108 Thread 0x000001bce021cb70 Thread exited: 0x000001bce021cb70
Event: 539.458 Thread 0x000001bce021bdd0 Thread exited: 0x000001bce021bdd0
Event: 539.770 Thread 0x000001b890d42810 Thread added: 0x000001bce021cb70
Event: 539.770 Thread 0x000001b890d42810 Thread added: 0x000001bce021e6b0
Event: 539.770 Thread 0x000001b890d42810 Thread added: 0x000001bce021b030
Event: 539.770 Thread 0x000001b890d42810 Thread added: 0x000001bce021ed80
Event: 540.114 Thread 0x000001bce021ed80 Thread exited: 0x000001bce021ed80
Event: 540.114 Thread 0x000001bce021b030 Thread exited: 0x000001bce021b030
Event: 540.197 Thread 0x000001bce021e6b0 Thread exited: 0x000001bce021e6b0
Event: 540.197 Thread 0x000001bce021cb70 Thread exited: 0x000001bce021cb70
Event: 540.200 Thread 0x000001b890d31cf0 Thread added: 0x000001bce021bdd0
Event: 540.206 Thread 0x000001b890d31cf0 Thread added: 0x000001bce021cb70
Event: 540.768 Thread 0x000001bce021bdd0 Thread exited: 0x000001bce021bdd0
Event: 540.768 Thread 0x000001bce021cb70 Thread exited: 0x000001bce021cb70
Event: 543.553 Thread 0x000001b890d42810 Thread added: 0x000001bce021e6b0
Event: 543.553 Thread 0x000001b890d42810 Thread added: 0x000001bce021b030
Event: 543.629 Thread 0x000001bca688a6d0 Thread exited: 0x000001bca688a6d0
Event: 543.670 Thread 0x000001b890d42810 Thread added: 0x000001bce021ed80
Event: 543.671 Thread 0x000001b890d31cf0 Thread added: 0x000001bce021bdd0
Event: 543.671 Thread 0x000001b890d31cf0 Thread added: 0x000001bce02201f0
Event: 543.671 Thread 0x000001b890d31cf0 Thread added: 0x000001bce021cb70
Event: 543.671 Thread 0x000001b890d31cf0 Thread added: 0x000001bce02208c0
Event: 543.671 Thread 0x000001b890d31cf0 Thread added: 0x000001bce0221660
Event: 543.671 Thread 0x000001b890d31cf0 Thread added: 0x000001bcbd6d5be0
Event: 543.671 Thread 0x000001b890d31cf0 Thread added: 0x000001bcbd6d4e40
Event: 543.977 Thread 0x000001bce02208c0 Thread exited: 0x000001bce02208c0
Event: 543.988 Thread 0x000001bce021cb70 Thread exited: 0x000001bce021cb70
Event: 544.133 Thread 0x000001bce02201f0 Thread exited: 0x000001bce02201f0
Event: 544.355 Thread 0x000001bce021bdd0 Thread exited: 0x000001bce021bdd0
Event: 544.355 Thread 0x000001bce021ed80 Thread exited: 0x000001bce021ed80
Event: 544.604 Thread 0x000001bce021b030 Thread exited: 0x000001bce021b030
Event: 545.129 Thread 0x000001bce021e6b0 Thread exited: 0x000001bce021e6b0
Event: 545.703 Thread 0x000001bcbd6d4e40 Thread exited: 0x000001bcbd6d4e40
Event: 545.746 Thread 0x000001bcbd6d5be0 Thread exited: 0x000001bcbd6d5be0
Event: 545.746 Thread 0x000001bce0221660 Thread exited: 0x000001bce0221660
Event: 546.287 Thread 0x000001b890d31cf0 Thread added: 0x000001bcbd6d7df0
Event: 546.287 Thread 0x000001b890d31cf0 Thread added: 0x000001bcbd6d62b0
Event: 546.540 Thread 0x000001b890d31cf0 Thread added: 0x000001bcbd6d84c0
Event: 546.566 Thread 0x000001b890d31cf0 Thread added: 0x000001bcbd6d4e40
Event: 546.811 Thread 0x000001bcbd6d4e40 Thread exited: 0x000001bcbd6d4e40
Event: 547.359 Thread 0x000001bcbd6d84c0 Thread exited: 0x000001bcbd6d84c0
Event: 547.359 Thread 0x000001bcbd6d62b0 Thread exited: 0x000001bcbd6d62b0
Event: 549.162 Thread 0x000001bcbd6d7df0 Thread exited: 0x000001bcbd6d7df0
Event: 562.706 Thread 0x000001b890d42810 Thread added: 0x000001bcbd6d84c0
Event: 562.836 Thread 0x000001bcbd6d84c0 Thread exited: 0x000001bcbd6d84c0
Event: 563.955 Thread 0x000001b890d42810 Thread added: 0x000001bcbd6d6980
Event: 565.149 Thread 0x000001bcbd6d6980 Thread exited: 0x000001bcbd6d6980
Event: 566.988 Thread 0x000001b88d34cd30 Thread exited: 0x000001b88d34cd30
Event: 569.544 Thread 0x000001b890d31cf0 Thread added: 0x000001bcbd6d4e40
Event: 569.544 Thread 0x000001b890d31cf0 Thread added: 0x000001bcbd6d6980
Event: 569.544 Thread 0x000001b890d31cf0 Thread added: 0x000001bcbd6d7df0
Event: 569.545 Thread 0x000001bcbd6d7df0 Thread added: 0x000001bcbd6d62b0
Event: 569.545 Thread 0x000001bcbd6d7df0 Thread added: 0x000001bcbd6d84c0
Event: 570.004 Thread 0x000001bcbd6d62b0 Thread exited: 0x000001bcbd6d62b0
Event: 570.356 Thread 0x000001bcbd6d7df0 Thread exited: 0x000001bcbd6d7df0
Event: 570.356 Thread 0x000001bcbd6d6980 Thread exited: 0x000001bcbd6d6980
Event: 570.380 Thread 0x000001bcbd6d4e40 Thread exited: 0x000001bcbd6d4e40
Event: 573.052 Thread 0x000001bcbd6d84c0 Thread exited: 0x000001bcbd6d84c0
Event: 573.813 Thread 0x000001b890d31cf0 Thread added: 0x000001bcbd6d7df0
Event: 573.814 Thread 0x000001b890d42810 Thread added: 0x000001bcbd6d84c0
Event: 573.814 Thread 0x000001b890d42810 Thread added: 0x000001bcbd6d4e40
Event: 573.814 Thread 0x000001b890d42810 Thread added: 0x000001bcbd6d9260
Event: 573.816 Thread 0x000001bcbd6d84c0 Thread added: 0x000001bcbd6d5be0
Event: 573.828 Thread 0x000001b890d31cf0 Thread added: 0x000001bcbd6d62b0
Event: 573.962 Thread 0x000001bcbd6d62b0 Thread added: 0x000001bcbd6d6980
Event: 573.962 Thread 0x000001bcbd6d62b0 Thread added: 0x000001bcbd6da6d0
Event: 574.048 Thread 0x000001bcbd6d5be0 Thread exited: 0x000001bcbd6d5be0
Event: 574.361 Thread 0x000001bcbd6d9260 Thread exited: 0x000001bcbd6d9260
Event: 574.361 Thread 0x000001bcbd6d4e40 Thread exited: 0x000001bcbd6d4e40
Event: 574.512 Thread 0x000001bcbd6da6d0 Thread exited: 0x000001bcbd6da6d0
Event: 574.512 Thread 0x000001bcbd6d6980 Thread exited: 0x000001bcbd6d6980
Event: 574.684 Thread 0x000001bcbd6d84c0 Thread exited: 0x000001bcbd6d84c0
Event: 575.289 Thread 0x000001bcbd6d7df0 Thread exited: 0x000001bcbd6d7df0
Event: 575.289 Thread 0x000001bcbd6d62b0 Thread exited: 0x000001bcbd6d62b0
Event: 575.704 Thread 0x000001b890d42810 Thread added: 0x000001bcbd6d84c0
Event: 576.993 Thread 0x000001bcbd6d84c0 Thread exited: 0x000001bcbd6d84c0


Dynamic libraries:
0x00007ff68e650000 - 0x00007ff68e65e000 	C:\Users\justi\AppData\Roaming\PrismLauncher\java\java-runtime-delta\bin\javaw.exe
0x00007ff859da0000 - 0x00007ff85a007000 	C:\WINDOWS\SYSTEM32\ntdll.dll
0x00007ff858730000 - 0x00007ff8587f9000 	C:\WINDOWS\System32\KERNEL32.DLL
0x00007ff856880000 - 0x00007ff856c74000 	C:\WINDOWS\System32\KERNELBASE.dll
0x00007ff856670000 - 0x00007ff8567bb000 	C:\WINDOWS\System32\ucrtbase.dll
0x00007ff830230000 - 0x00007ff83024d000 	C:\Users\justi\AppData\Roaming\PrismLauncher\java\java-runtime-delta\bin\VCRUNTIME140.dll
0x00007ff82eaf0000 - 0x00007ff82eb08000 	C:\Users\justi\AppData\Roaming\PrismLauncher\java\java-runtime-delta\bin\jli.dll
0x00007ff8588d0000 - 0x00007ff858a95000 	C:\WINDOWS\System32\USER32.dll
0x00007ff857150000 - 0x00007ff857177000 	C:\WINDOWS\System32\win32u.dll
0x00007ff858020000 - 0x00007ff85804b000 	C:\WINDOWS\System32\GDI32.dll
0x00007ff83e100000 - 0x00007ff83e393000 	C:\WINDOWS\WinSxS\amd64_microsoft.windows.common-controls_6595b64144ccf1df_6.0.26100.8115_none_3e075c82e3354f9c\COMCTL32.dll
0x00007ff856df0000 - 0x00007ff856f1b000 	C:\WINDOWS\System32\gdi32full.dll
0x00007ff857db0000 - 0x00007ff857e59000 	C:\WINDOWS\System32\msvcrt.dll
0x00007ff8570a0000 - 0x00007ff857143000 	C:\WINDOWS\System32\msvcp_win.dll
0x00007ff858aa0000 - 0x00007ff858ad2000 	C:\WINDOWS\System32\IMM32.DLL
0x00007ff83c2e0000 - 0x00007ff83c2ec000 	C:\Users\justi\AppData\Roaming\PrismLauncher\java\java-runtime-delta\bin\vcruntime140_1.dll
0x00007fffe4700000 - 0x00007fffe478d000 	C:\Users\justi\AppData\Roaming\PrismLauncher\java\java-runtime-delta\bin\msvcp140.dll
0x00007fff2a640000 - 0x00007fff2b3d8000 	C:\Users\justi\AppData\Roaming\PrismLauncher\java\java-runtime-delta\bin\server\jvm.dll
0x00007ff859180000 - 0x00007ff859236000 	C:\WINDOWS\System32\ADVAPI32.dll
0x00007ff857f70000 - 0x00007ff858017000 	C:\WINDOWS\System32\sechost.dll
0x00007ff858de0000 - 0x00007ff858ef8000 	C:\WINDOWS\System32\RPCRT4.dll
0x00007ff858050000 - 0x00007ff8580d0000 	C:\WINDOWS\System32\WS2_32.dll
0x00007ff855e80000 - 0x00007ff855ede000 	C:\WINDOWS\SYSTEM32\POWRPROF.dll
0x00007ff8495a0000 - 0x00007ff8495d6000 	C:\WINDOWS\SYSTEM32\WINMM.dll
0x00007ff850520000 - 0x00007ff85052b000 	C:\WINDOWS\SYSTEM32\VERSION.dll
0x00007ff855e30000 - 0x00007ff855e44000 	C:\WINDOWS\SYSTEM32\UMPDC.dll
0x00007ff8553e0000 - 0x00007ff8553fb000 	C:\WINDOWS\SYSTEM32\kernel.appcore.dll
0x00007ff83a8e0000 - 0x00007ff83a8ea000 	C:\Users\justi\AppData\Roaming\PrismLauncher\java\java-runtime-delta\bin\jimage.dll
0x00007ff853d20000 - 0x00007ff853f62000 	C:\WINDOWS\SYSTEM32\DBGHELP.DLL
0x00007ff859260000 - 0x00007ff8595e2000 	C:\WINDOWS\System32\combase.dll
0x00007ff858ae0000 - 0x00007ff858bb8000 	C:\WINDOWS\System32\OLEAUT32.dll
0x00007ff839350000 - 0x00007ff83938b000 	C:\WINDOWS\SYSTEM32\dbgcore.DLL
0x00007ff857a80000 - 0x00007ff857b25000 	C:\WINDOWS\System32\bcryptPrimitives.dll
0x00007ff82e4b0000 - 0x00007ff82e4d0000 	C:\Users\justi\AppData\Roaming\PrismLauncher\java\java-runtime-delta\bin\java.dll
0x00007ff82cce0000 - 0x00007ff82ccf8000 	C:\Users\justi\AppData\Roaming\PrismLauncher\java\java-runtime-delta\bin\zip.dll
0x00007ff8595f0000 - 0x00007ff859d57000 	C:\WINDOWS\System32\SHELL32.dll
0x00007ff856c80000 - 0x00007ff856dea000 	C:\WINDOWS\System32\wintypes.dll
0x00007ff857180000 - 0x00007ff8579e8000 	C:\WINDOWS\System32\windows.storage.dll
0x00007ff858c60000 - 0x00007ff858d58000 	C:\WINDOWS\System32\SHCORE.dll
0x00007ff857b30000 - 0x00007ff857b96000 	C:\WINDOWS\System32\shlwapi.dll
0x00007ff856590000 - 0x00007ff8565b9000 	C:\WINDOWS\SYSTEM32\profapi.dll
0x00007fff2a560000 - 0x00007fff2a636000 	C:\Users\justi\AppData\Roaming\PrismLauncher\java\java-runtime-delta\bin\jsvml.dll
0x00007ff83a7a0000 - 0x00007ff83a7b0000 	C:\Users\justi\AppData\Roaming\PrismLauncher\java\java-runtime-delta\bin\net.dll
0x00007ff84aca0000 - 0x00007ff84adcd000 	C:\WINDOWS\SYSTEM32\WINHTTP.dll
0x00007ff855970000 - 0x00007ff8559dc000 	C:\WINDOWS\system32\mswsock.dll
0x00007ff82ccc0000 - 0x00007ff82ccd6000 	C:\Users\justi\AppData\Roaming\PrismLauncher\java\java-runtime-delta\bin\nio.dll
0x00007ff855cc0000 - 0x00007ff855cdb000 	C:\WINDOWS\SYSTEM32\CRYPTSP.dll
0x00007ff855340000 - 0x00007ff855379000 	C:\WINDOWS\system32\rsaenh.dll
0x00007ff855a20000 - 0x00007ff855a53000 	C:\WINDOWS\SYSTEM32\USERENV.dll
0x00007ff856560000 - 0x00007ff85658a000 	C:\WINDOWS\SYSTEM32\bcrypt.dll
0x00007ff855ce0000 - 0x00007ff855cec000 	C:\WINDOWS\SYSTEM32\CRYPTBASE.dll
0x00007ff854db0000 - 0x00007ff854de2000 	C:\WINDOWS\SYSTEM32\IPHLPAPI.DLL
0x00007ff858f00000 - 0x00007ff858f0a000 	C:\WINDOWS\System32\NSI.dll
0x00007ff83a430000 - 0x00007ff83a440000 	C:\Users\justi\AppData\Roaming\PrismLauncher\java\java-runtime-delta\bin\verify.dll
0x00007ff83a130000 - 0x00007ff83a13a000 	C:\Users\justi\AppData\Roaming\PrismLauncher\java\java-runtime-delta\bin\management.dll
0x00007ff82e370000 - 0x00007ff82e37b000 	C:\Users\justi\AppData\Roaming\PrismLauncher\java\java-runtime-delta\bin\management_ext.dll
0x00007ff858f10000 - 0x00007ff858f18000 	C:\WINDOWS\System32\PSAPI.DLL
0x00007ff83b580000 - 0x00007ff83b598000 	C:\WINDOWS\system32\napinsp.dll
0x00007ff854e40000 - 0x00007ff854f72000 	C:\WINDOWS\SYSTEM32\DNSAPI.dll
0x00007ff83b560000 - 0x00007ff83b573000 	C:\WINDOWS\System32\winrnr.dll
0x00007ff83b530000 - 0x00007ff83b552000 	C:\WINDOWS\system32\nlansp_c.dll
0x00007ff83b510000 - 0x00007ff83b526000 	C:\WINDOWS\system32\wshbth.dll
0x00007ff84a950000 - 0x00007ff84a9d6000 	C:\WINDOWS\System32\fwpuclnt.dll
0x00007ff849590000 - 0x00007ff84959b000 	C:\Windows\System32\rasadhlp.dll
0x00007ff81d3e0000 - 0x00007ff81d45b000 	C:\Users\justi\AppData\Local\Temp\lwjgl_justi\3.3.3+5\x64\lwjgl.dll
0x00007fffd3710000 - 0x00007fffd3792000 	C:\Users\justi\AppData\Local\Temp\lwjgl_justi\3.3.3+5\x64\glfw.dll
0x00007ff82c280000 - 0x00007ff82c2cb000 	C:\WINDOWS\SYSTEM32\dinput8.dll
0x00007ff83b310000 - 0x00007ff83b32e000 	C:\WINDOWS\SYSTEM32\xinput1_4.dll
0x00007ff8562d0000 - 0x00007ff8562fd000 	C:\WINDOWS\SYSTEM32\DEVOBJ.dll
0x00007ff856320000 - 0x00007ff856371000 	C:\WINDOWS\SYSTEM32\cfgmgr32.dll
0x00007ff8543e0000 - 0x00007ff85440f000 	C:\WINDOWS\SYSTEM32\dwmapi.dll
0x00007ff836730000 - 0x00007ff836913000 	C:\WINDOWS\SYSTEM32\inputhost.dll
0x00007ff853750000 - 0x00007ff853877000 	C:\WINDOWS\SYSTEM32\CoreMessaging.dll
0x00007ff854140000 - 0x00007ff8541e9000 	C:\WINDOWS\system32\uxtheme.dll
0x00007ff8580e0000 - 0x00007ff85823c000 	C:\WINDOWS\System32\MSCTF.dll
0x00007fffc08a0000 - 0x00007fffc09af000 	C:\WINDOWS\SYSTEM32\opengl32.dll
0x00007fffc07d0000 - 0x00007fffc07fd000 	C:\WINDOWS\SYSTEM32\GLU32.dll
0x00007ff854220000 - 0x00007ff854263000 	C:\WINDOWS\SYSTEM32\dxcore.dll
0x00007ff83b090000 - 0x00007ff83b0ad000 	C:\WINDOWS\SYSTEM32\windows.staterepositorycore.dll
0x00007fff50220000 - 0x00007fff52b45000 	C:\WINDOWS\System32\DriverStore\FileRepository\nv_dispig.inf_amd64_f4c7a2fd13e0f763\nvoglv64.dll
0x00007ff8582a0000 - 0x00007ff858727000 	C:\WINDOWS\System32\SETUPAPI.dll
0x00007ff858f20000 - 0x00007ff8590b7000 	C:\WINDOWS\System32\ole32.dll
0x00007ff853bf0000 - 0x00007ff853c19000 	C:\WINDOWS\SYSTEM32\WTSAPI32.dll
0x00007ff856f20000 - 0x00007ff857097000 	C:\WINDOWS\System32\CRYPT32.dll
0x00007ff8556a0000 - 0x00007ff8556e9000 	C:\WINDOWS\SYSTEM32\SspiCli.dll
0x00007ff855d30000 - 0x00007ff855d43000 	C:\WINDOWS\SYSTEM32\msasn1.dll
0x00007ff8502e0000 - 0x00007ff85031b000 	C:\WINDOWS\SYSTEM32\cryptnet.dll
0x00007ff855dc0000 - 0x00007ff855e28000 	C:\WINDOWS\SYSTEM32\wldp.dll
0x00007ff850060000 - 0x00007ff8501d8000 	C:\WINDOWS\SYSTEM32\drvstore.dll
0x00007ff8579f0000 - 0x00007ff857a72000 	C:\WINDOWS\System32\WINTRUST.dll
0x00007ff855520000 - 0x00007ff855556000 	C:\WINDOWS\SYSTEM32\ntmarta.dll
0x00007ff857ba0000 - 0x00007ff857bc0000 	C:\WINDOWS\System32\imagehlp.dll
0x00007ff84add0000 - 0x00007ff84facf000 	C:\WINDOWS\System32\DriverStore\FileRepository\nv_dispig.inf_amd64_f4c7a2fd13e0f763\nvgpucomp64.dll
0x00007ff855ab0000 - 0x00007ff855b12000 	C:\WINDOWS\SYSTEM32\WINSTA.dll
0x00007fff2a2f0000 - 0x00007fff2a560000 	C:\Users\justi\AppData\Local\Temp\lwjgl_justi\3.3.3+5\x64\jemalloc.dll
0x00007fff8a580000 - 0x00007fff8a602000 	C:\Users\justi\AppData\Local\Temp\lwjgl_justi\3.3.3+5\x64\lwjgl_stb.dll
0x00007ff83fa50000 - 0x00007ff83fb0f000 	C:\WINDOWS\SYSTEM32\mscms.dll
0x00007ff814ce0000 - 0x00007ff814d29000 	C:\WINDOWS\SYSTEM32\icm32.dll
0x00007ff834e70000 - 0x00007ff834fb8000 	C:\WINDOWS\SYSTEM32\textinputframework.dll
0x00007ff850c00000 - 0x00007ff850ee2000 	C:\WINDOWS\SYSTEM32\CoreUIComponents.dll
0x00007ff8590c0000 - 0x00007ff85916e000 	C:\WINDOWS\System32\clbcatq.dll
0x00007ff80ab90000 - 0x00007ff80abee000 	C:\Users\justi\AppData\Local\Temp\lwjgl_justi\3.3.3+5\x64\lwjgl_opengl.dll
0x00007ff842d20000 - 0x00007ff842d76000 	C:\WINDOWS\SYSTEM32\pdh.dll
0x00007ff83aa60000 - 0x00007ff83aa72000 	C:\WINDOWS\System32\perfproc.dll
0x00007ff83aa40000 - 0x00007ff83aa51000 	C:\WINDOWS\System32\perfos.dll
0x00007ff851b10000 - 0x00007ff851b22000 	C:\WINDOWS\SYSTEM32\pfclient.dll
0x00007fffe3d30000 - 0x00007fffe3d75000 	C:\Users\justi\AppData\Local\Temp\jna-101492989\jna16930892768045116526.dll
0x00007ff8327c0000 - 0x00007ff8327dd000 	C:\WINDOWS\SYSTEM32\amsi.dll
0x00007ff8321a0000 - 0x00007ff832242000 	C:\ProgramData\Microsoft\Windows Defender\Platform\4.18.26030.3011-0\MpOav.dll
0x00007ff82e170000 - 0x00007ff82e17e000 	C:\Users\justi\AppData\Roaming\PrismLauncher\java\java-runtime-delta\bin\sunmscapi.dll
0x00007ff855f90000 - 0x00007ff855fc0000 	C:\WINDOWS\SYSTEM32\ncrypt.dll
0x00007ff855f40000 - 0x00007ff855f7f000 	C:\WINDOWS\SYSTEM32\NTASN1.dll
0x00007ff82d970000 - 0x00007ff82d979000 	C:\Users\justi\AppData\Roaming\PrismLauncher\java\java-runtime-delta\bin\extnet.dll
0x00007fff29940000 - 0x00007fff29ace000 	C:\Users\justi\AppData\Roaming\PrismLauncher\java\java-runtime-delta\bin\awt.dll
0x00007ff853b30000 - 0x00007ff853bcf000 	C:\WINDOWS\SYSTEM32\apphelp.dll
0x00007fffe4d70000 - 0x00007fffe4d78000 	C:\WINDOWS\system32\wshunix.dll
0x00007fff29770000 - 0x00007fff29937000 	C:\Users\justi\AppData\Local\Temp\lwjgl_justi\3.3.3+5\x64\OpenAL.dll
0x00007ff843260000 - 0x00007ff8432f7000 	C:\WINDOWS\System32\MMDevApi.dll
0x00007fff28840000 - 0x00007fff29767000 	C:\Users\justi\AppData\Local\Temp\imgui-java-natives\1.88.0\imgui-java64.dll
0x00007ff82e1f0000 - 0x00007ff82e363000 	C:\WINDOWS\System32\Speech\Common\sapi.dll
0x00007fff287c0000 - 0x00007fff28837000 	C:\Users\justi\AppData\Local\Temp\libopus4j-9783d0e001158567d1e08f6bb3b2c5b5\libopus4j.dll
0x00007ff82a6d0000 - 0x00007ff82a6ec000 	C:\Users\justi\AppData\Local\Temp\librnnoise4j-40cc1fdd40ca1100a850ddee14466799\librnnoise4j.dll
0x00007fff28690000 - 0x00007fff287b1000 	C:\Users\justi\AppData\Local\Temp\libzstd-jni_dh-1.5.7-66296656878337223240.dll
0x00007ff826900000 - 0x00007ff82691f000 	C:\Users\justi\AppData\Local\Temp\libspeex4j-e39751f08962f3611e66c90baf107894\libspeex4j.dll
0x00007fff2a0a0000 - 0x00007fff2a0f3000 	C:\Users\justi\AppData\Local\Temp\liblame4j-290c3436fe9f7c2b8e165ddcb5ad66ce\liblame4j.dll
0x00007fff28590000 - 0x00007fff28689000 	C:\Users\justi\AppData\Local\Temp\sqlite-3.47.2.0-2afa80d3-9895-4324-8fc8-cf68ddbc69d0-sqlitejdbc.dll
0x00007ff841620000 - 0x00007ff8417d2000 	C:\WINDOWS\SYSTEM32\AUDIOSES.DLL
0x00007ff854720000 - 0x00007ff854734000 	C:\WINDOWS\SYSTEM32\resourcepolicyclient.dll

dbghelp: loaded successfully - version: 4.0.5 - missing functions: none
symbol engine: initialized successfully - sym options: 0x614 - pdb path: .;C:\Users\justi\AppData\Roaming\PrismLauncher\java\java-runtime-delta\bin;C:\WINDOWS\SYSTEM32;C:\WINDOWS\WinSxS\amd64_microsoft.windows.common-controls_6595b64144ccf1df_6.0.26100.8115_none_3e075c82e3354f9c;C:\Users\justi\AppData\Roaming\PrismLauncher\java\java-runtime-delta\bin\server;C:\Users\justi\AppData\Local\Temp\lwjgl_justi\3.3.3+5\x64;C:\WINDOWS\System32\DriverStore\FileRepository\nv_dispig.inf_amd64_f4c7a2fd13e0f763;C:\Users\justi\AppData\Local\Temp\jna-101492989;C:\ProgramData\Microsoft\Windows Defender\Platform\4.18.26030.3011-0;C:\Users\justi\AppData\Local\Temp\imgui-java-natives\1.88.0;C:\WINDOWS\System32\Speech\Common;C:\Users\justi\AppData\Local\Temp\libopus4j-9783d0e001158567d1e08f6bb3b2c5b5;C:\Users\justi\AppData\Local\Temp\librnnoise4j-40cc1fdd40ca1100a850ddee14466799;C:\Users\justi\AppData\Local\Temp;C:\Users\justi\AppData\Local\Temp\libspeex4j-e39751f08962f3611e66c90baf107894;C:\Users\justi\AppData\Local\Temp\liblame4j-290c3436fe9f7c2b8e165ddcb5ad66ce

VM Arguments:
jvm_args: -XX:+UseZGC -XX:+ZGenerational -XX:HeapDumpPath=MojangTricksIntelDriversForPerformance_javaw.exe_minecraft.exe.heapdump -Xms16384m -Xmx16384m -Duser.language=en -Djava.library.path=C:/Users/justi/AppData/Roaming/PrismLauncher/instances/Optimized fps/natives 
java_command: org.prismlauncher.EntryPoint
java_class_path (initial): C:/Users/justi/AppData/Local/Programs/PrismLauncher/jars/NewLaunch.jar;C:/Users/justi/AppData/Roaming/PrismLauncher/libraries/org/lwjgl/lwjgl-freetype-natives-windows-arm64/3.3.3/lwjgl-freetype-natives-windows-arm64-3.3.3.jar;C:/Users/justi/AppData/Roaming/PrismLauncher/libraries/org/lwjgl/lwjgl-freetype-natives-windows-x86/3.3.3/lwjgl-freetype-natives-windows-x86-3.3.3.jar;C:/Users/justi/AppData/Roaming/PrismLauncher/libraries/org/lwjgl/lwjgl-freetype-natives-windows/3.3.3/lwjgl-freetype-natives-windows-3.3.3.jar;C:/Users/justi/AppData/Roaming/PrismLauncher/libraries/org/lwjgl/lwjgl-freetype/3.3.3/lwjgl-freetype-3.3.3.jar;C:/Users/justi/AppData/Roaming/PrismLauncher/libraries/org/lwjgl/lwjgl-glfw-natives-windows-arm64/3.3.3/lwjgl-glfw-natives-windows-arm64-3.3.3.jar;C:/Users/justi/AppData/Roaming/PrismLauncher/libraries/org/lwjgl/lwjgl-glfw-natives-windows-x86/3.3.3/lwjgl-glfw-natives-windows-x86-3.3.3.jar;C:/Users/justi/AppData/Roaming/PrismLauncher/libraries/org/lwjgl/lwjgl-glfw-natives-windows/3.3.3/lwjgl-glfw-natives-windows-3.3.3.jar;C:/Users/justi/AppData/Roaming/PrismLauncher/libraries/org/lwjgl/lwjgl-glfw/3.3.3/lwjgl-glfw-3.3.3.jar;C:/Users/justi/AppData/Roaming/PrismLauncher/libraries/org/lwjgl/lwjgl-jemalloc-natives-windows-arm64/3.3.3/lwjgl-jemalloc-natives-windows-arm64-3.3.3.jar;C:/Users/justi/AppData/Roaming/PrismLauncher/libraries/org/lwjgl/lwjgl-jemalloc-natives-windows-x86/3.3.3/lwjgl-jemalloc-natives-windows-x86-3.3.3.jar;C:/Users/justi/AppData/Roaming/PrismLauncher/libraries/org/lwjgl/lwjgl-jemalloc-natives-windows/3.3.3/lwjgl-jemalloc-natives-windows-3.3.3.jar;C:/Users/justi/AppData/Roaming/PrismLauncher/libraries/org/lwjgl/lwjgl-jemalloc/3.3.3/lwjgl-jemalloc-3.3.3.jar;C:/Users/justi/AppData/Roaming/PrismLauncher/libraries/org/lwjgl/lwjgl-natives-windows-arm64/3.3.3/lwjgl-natives-windows-arm64-3.3.3.jar;C:/Users/justi/AppData/Roaming/PrismLauncher/libraries/org/lwjgl/lwjgl-natives-windows-x86/3.3.3/lwjgl-natives-windows-x86-3.3.3.jar;C:/Users/justi/AppData/Roaming/PrismLauncher/libraries/org/lwjgl/lwjgl-natives-windows/3.3.3/lwjgl-natives-windows-3.3.3.jar;C:/Users/justi/AppData/Roaming/PrismLauncher/libraries/org/lwjgl/lwjgl-openal-natives-windows-arm64/3.3.3/lwjgl-openal-natives-windows-arm64-3.3.3.jar;C:/Users/justi/AppData/Roaming/PrismLauncher/libraries/org/lwjgl/lwjgl-openal-natives-windows-x86/3.3.3/lwjgl-openal-natives-windows-x86-3.3.3.jar;C:/Users/justi/AppData/Roaming/PrismLauncher/libraries/org/lwjgl/lwjgl-openal-natives-windows/3.3.3/lwjgl-openal-natives-windows-3.3.3.jar;C:/Users/justi/AppData/Roaming/PrismLauncher/libraries/org/lwjgl/lwjgl-openal/3.3.3/lwjgl-openal-3.3.3.jar;C:/Users/justi/AppData/Roaming/PrismLauncher/libraries/org/lwjgl/lwjgl-opengl-natives-windows-arm64/3.3.3/lwjgl-opengl-natives-windows-arm64-3.3.3.jar;C:/Users/justi/AppData/Roaming/PrismLauncher/libraries/org/lwjgl/lwjgl-opengl-natives-windows-x86/3.3.3/lwjgl-opengl-natives-windows-x86-3.3.3.jar;C:/Users/justi/AppData/Roaming/PrismLauncher/libraries/org/lwjgl/lwjgl-opengl-natives-windows/3.3.3/lwjgl-opengl-natives-windows-3.3.3.jar;C:/Users/justi/AppData/Roaming/PrismLauncher/libraries/org/lwjgl/lwjgl-opengl/3.3.3/lwjgl-opengl-3.3.3.jar;C:/Users/justi/AppData/Roaming/PrismLauncher/libraries/org/lwjgl/lwjgl-stb-natives-windows-arm64/3.3.3/lwjgl-stb-natives-windows-arm64-3.3.3.jar;C:/Users/justi/AppData/Roaming/PrismLauncher/libraries/org/lwjgl/lwjgl-stb-natives-windows-x86/3.3.3/lwjgl-stb-natives-windows-x86-3.3.3.jar;C:/Users/justi/AppData/Roaming/PrismLauncher/libraries/org/lwjgl/lwjgl-stb-natives-windows/3.3.3/lwjgl-stb-natives-windows-3.3.3.jar;C:/Users/justi/AppData/Roaming/PrismLauncher/libraries/org/lwjgl/lwjgl-stb/3.3.3/lwjgl-stb-3.3.3.jar;C:/Users/justi/AppData/Roaming/PrismLauncher/libraries/org/lwjgl/lwjgl-tinyfd-natives-windows-arm64/3.3.3/lwjgl-tinyfd-natives-windows-arm64-3.3.3.jar;C:/Users/justi/AppData/Roaming/PrismLauncher/libraries/org/lwjgl/lwjgl-tinyfd-natives-windows-x86/3.3.3/lwjgl-tinyfd-natives-windows-x86-3.3.3.jar;C:/Users/justi/AppData/Roaming/PrismLauncher/libraries/org/lwjgl/lwjgl-tinyfd-natives-windows/3.3.3/lwjgl-tinyfd-natives-windows-3.3.3.jar;C:/Users/justi/AppData/Roaming/PrismLauncher/libraries/org/lwjgl/lwjgl-tinyfd/3.3.3/lwjgl-tinyfd-3.3.3.jar;C:/Users/justi/AppData/Roaming/PrismLauncher/libraries/org/lwjgl/lwjgl/3.3.3/lwjgl-3.3.3.jar;C:/Users/justi/AppData/Roaming/PrismLauncher/libraries/com/github/oshi/oshi-core/6.4.10/oshi-core-6.4.10.jar;C:/Users/justi/AppData/Roaming/PrismLauncher/libraries/com/google/code/gson/gson/2.10.1/gson-2.10.1.jar;C:/Users/justi/AppData/Roaming/PrismLauncher/libraries/com/google/guava/failureaccess/1.0.1/failureaccess-1.0.1.jar;C:/Users/justi/AppData/Roaming/PrismLauncher/libraries/com/google/guava/guava/32.1.2-jre/guava-32.1.2-jre.jar;C:/Users/justi/AppData/Roaming/PrismLauncher/libraries/com/ibm/icu/icu4j/73.2/icu4j-73.2.jar;C:/Users/justi/AppData/Roaming/PrismLauncher/libraries/com/mojang/authlib/6.0.54/authlib-6.0.54.jar;C:/Users/justi/AppData/Roaming/PrismLauncher/libraries/com/mojang/blocklist/1.0.10/blocklist-1.0.10.jar;C:/Users/justi/AppData/Roaming/PrismLauncher/libraries/com/mojang/brigadier/1.3.10/brigadier-1.3.10.jar;C:/Users/justi/AppData/Roaming/PrismLauncher/libraries/com/mojang/datafixerupper/8.0.16/datafixerupper-8.0.16.jar;C:/Users/justi/AppData/Roaming/PrismLauncher/libraries/com/mojang/logging/1.2.7/logging-1.2.7.jar;C:/Users/justi/AppData/Roaming/PrismLauncher/libraries/com/mojang/patchy/2.2.10/patchy-2.2.10.jar;C:/Users/justi/AppData/Roaming/PrismLauncher/libraries/com/mojang/text2speech/1.17.9/text2speech-1.17.9.jar;C:/Users/justi/AppData/Roaming/PrismLauncher/libraries/commons-codec/commons-codec/1.16.0/commons-codec-1.16.0.jar;C:/Users/justi/AppData/Roaming/PrismLauncher/libraries/commons-io/commons-io/2.15.1/commons-io-2.15.1.jar;C:/Users/justi/AppData/Roaming/PrismLauncher/libraries/commons-logging/commons-logging/1.2/commons-logging-1.2.jar;C:/Users/justi/AppData/Roaming/PrismLauncher/libraries/io/netty/netty-buffer/4.1.97.Final/netty-buffer-4.1.97.Final.jar;C:/Users/justi/AppData/Roaming/PrismLauncher/libraries/io/netty/netty-codec/4.1.97.Final/netty-codec-4.1.97.Final.jar;C:/Users/justi/AppData/Roaming/PrismLauncher/libraries/io/netty/netty-common/4.1.97.Final/netty-common-4.1.97.Final.jar;C:/Users/justi/AppData/Roaming/PrismLauncher/libraries/io/netty/netty-handler/4.1.97.Final/netty-handler-4.1.97.Final.jar;C:/Users/justi/AppData/Roaming/PrismLauncher/libraries/io/netty/netty-resolver/4.1.97.Final/netty-resolver-4.1.97.Final.jar;C:/Users/justi/AppData/Roaming/PrismLauncher/libraries/io/netty/netty-transport-classes-epoll/4.1.97.Final/netty-transport-classes-epoll-4.1.97.Final.jar;C:/Users/justi/AppData/Roaming/PrismLauncher/libraries/io/netty/netty-transport-native-unix-common/4.1.97.Final/netty-transport-native-unix-common-4.1.97.Final.jar;C:/Users/justi/AppData/Roaming/PrismLauncher/libraries/io/netty/netty-transport/4.1.97.Final/netty-transport-4.1.97.Final.jar;C:/Users/justi/AppData/Roaming/PrismLauncher/libraries/it/unimi/dsi/fastutil/8.5.12/fastutil-8.5.12.jar;C:/Users/justi/AppData/Roaming/PrismLauncher/libraries/net/java/dev/jna/jna-platform/5.14.0/jna-platform-5.14.0.jar;C:/Users/justi/AppData/Roaming/PrismLauncher/libraries/net/java/dev/jna/jna/5.14.0/jna-5.14.0.jar;C:/Users/justi/AppData/Roaming/PrismLauncher/libraries/net/sf/jopt-simple/jopt-simple/5.0.4/jopt-simple-5.0.4.jar;C:/Users/justi/AppData/Roaming/PrismLauncher/libraries/org/apache/commons/commons-compress/1.26.0/commons-compress-1.26.0.jar;C:/Users/justi/AppData/Roaming/PrismLauncher/libraries/org/apache/commons/commons-lang3/3.14.0/commons-lang3-3.14.0.jar;C:/Users/justi/AppData/Roaming/PrismLauncher/libraries/org/apache/httpcomponents/httpclient/4.5.13/httpclient-4.5.13.jar;C:/Users/justi/AppData/Roaming/PrismLauncher/libraries/org/apache/httpcomponents/httpcore/4.4.16/httpcore-4.4.16.jar;C:/Users/justi/AppData/Roaming/PrismLauncher/libraries/org/apache/logging/log4j/log4j-api/2.22.1/log4j-api-2.22.1.jar;C:/Users/justi/AppData/Roaming/PrismLauncher/libraries/org/apache/logging/log4j/log4j-core/2.22.1/log4j-core-2.22.1.jar;C:/Users/justi/AppData/Roaming/PrismLauncher/libraries/org/apache/logging/log4j/log4j-slf4j2-impl/2.22.1/log4j-slf4j2-impl-2.22.1.jar;C:/Users/justi/AppData/Roaming/PrismLauncher/libraries/org/jcraft/jorbis/0.0.17/jorbis-0.0.17.jar;C:/Users/justi/AppData/Roaming/PrismLauncher/libraries/org/joml/joml/1.10.5/joml-1.10.5.jar;C:/Users/justi/AppData/Roaming/PrismLauncher/libraries/org/lz4/lz4-java/1.8.0/lz4-java-1.8.0.jar;C:/Users/justi/AppData/Roaming/PrismLauncher/libraries/org/slf4j/slf4j-api/2.0.9/slf4j-api-2.0.9.jar;C:/Users/justi/AppData/Roaming/PrismLauncher/libraries/io/github/zekerzhayard/ForgeWrapper/prism-2025-12-07/ForgeWrapper-prism-2025-12-07.jar;C:/Users/justi/AppData/Roaming/PrismLauncher/libraries/net/neoforged/fancymodloader/earlydisplay/4.0.42/earlydisplay-4.0.42.jar;C:/Users/justi/AppData/Roaming/PrismLauncher/libraries/net/neoforged/fancymodloader/loader/4.0.42/loader-4.0.42.jar;C:/Users/justi/AppData/Roaming/PrismLauncher/libraries/net/neoforged/accesstransformers/at-modlauncher/10.0.1/at-modlauncher-10.0.1.jar;C:/Users/justi/AppData/Roaming/PrismLauncher/libraries/net/neoforged/accesstransformers/10.0.1/accesstransformers-10.0.1.jar;C:/Users/justi/AppData/Roaming/PrismLauncher/libraries/net/neoforged/bus/8.0.5/bus-8.0.5.jar;C:/Users/justi/AppData/Roaming/PrismLauncher/libraries/net/neoforged/coremods/7.0.3/coremods-7.0.3.jar;C:/Users/justi/AppData/Roaming/PrismLauncher/libraries/cpw/mods/modlauncher/11.0.5/modlauncher-11.0.5.jar;C:/Users/justi/AppData/Roaming/PrismLauncher/libraries/net/neoforged/mergetool/2.0.0/mergetool-2.0.0-api.jar;C:/Users/justi/AppData/Roaming/PrismLauncher/libraries/com/electronwill/night-config/toml/3.8.3/toml-3.8.3.jar;C:/Users/justi/AppData/Roaming/PrismLauncher/libraries/com/electronwill/night-config/core/3.8.3/core-3.8.3.jar;C:/Users/justi/AppData/Roaming/PrismLauncher/libraries/net/neoforged/JarJarSelector/0.4.1/JarJarSelector-0.4.1.jar;C:/Users/justi/AppData/Roaming/PrismLauncher/libraries/net/neoforged/JarJarMetadata/0.4.1/JarJarMetadata-0.4.1.jar;C:/Users/justi/AppData/Roaming/PrismLauncher/libraries/org/apache/maven/maven-artifact/3.8.5/maven-artifact-3.8.5.jar;C:/Users/justi/AppData/Roaming/PrismLauncher/libraries/net/jodah/typetools/0.6.3/typetools-0.6.3.jar;C:/Users/justi/AppData/Roaming/PrismLauncher/libraries/net/minecrell/terminalconsoleappender/1.3.0/terminalconsoleappender-1.3.0.jar;C:/Users/justi/AppData/Roaming/PrismLauncher/libraries/net/fabricmc/sponge-mixin/0.15.2+mixin.0.8.7/sponge-mixin-0.15.2+mixin.0.8.7.jar;C:/Users/justi/AppData/Roaming/PrismLauncher/libraries/org/openjdk/nashorn/nashorn-core/15.4/nashorn-core-15.4.jar;C:/Users/justi/AppData/Roaming/PrismLauncher/libraries/cpw/mods/bootstraplauncher/2.0.2/bootstraplauncher-2.0.2.jar;C:/Users/justi/AppData/Roaming/PrismLauncher/libraries/cpw/mods/securejarhandler/3.0.8/securejarhandler-3.0.8.jar;C:/Users/justi/AppData/Roaming/PrismLauncher/libraries/org/ow2/asm/asm-commons/9.8/asm-commons-9.8.jar;C:/Users/justi/AppData/Roaming/PrismLauncher/libraries/org/ow2/asm/asm-util/9.8/asm-util-9.8.jar;C:/Users/justi/AppData/Roaming/PrismLauncher/libraries/org/ow2/asm/asm-analysis/9.8/asm-analysis-9.8.jar;C:/Users/justi/AppData/Roaming/PrismLauncher/libraries/org/ow2/asm/asm-tree/9.8/asm-tree-9.8.jar;C:/Users/justi/AppData/Roaming/PrismLauncher/libraries/org/ow2/asm/asm/9.8/asm-9.8.jar;C:/Users/justi/AppData/Roaming/PrismLauncher/libraries/net/neoforged/JarJarFileSystems/0.4.1/JarJarFileSystems-0.4.1.jar;C:/Users/justi/AppData/Roaming/PrismLauncher/libraries/org/antlr/antlr4-runtime/4.13.1/antlr4-runtime-4.13.1.jar;C:/Users/justi/AppData/Roaming/PrismLauncher/libraries/org/jline/jline-reader/3.20.0/jline-reader-3.20.0.jar;C:/Users/justi/AppData/Roaming/PrismLauncher/libraries/org/jline/jline-terminal/3.20.0/jline-terminal-3.20.0.jar;C:/Users/justi/AppData/Roaming/PrismLauncher/libraries/net/minecraftforge/srgutils/0.4.15/srgutils-0.4.15.jar;C:/Users/justi/AppData/Roaming/PrismLauncher/libraries/com/google/guava/listenablefuture/9999.0-empty-to-avoid-conflict-with-guava/listenablefuture-9999.0-empty-to-avoid-conflict-with-guava.jar;C:/Users/justi/AppData/Roaming/PrismLauncher/libraries/com/google/code/findbugs/jsr305/3.0.2/jsr305-3.0.2.jar;C:/Users/justi/AppData/Roaming/PrismLauncher/libraries/org/checkerframework/checker-qual/3.33.0/checker-qual-3.33.0.jar;C:/Users/justi/AppData/Roaming/PrismLauncher/libraries/com/google/errorprone/error_prone_annotations/2.18.0/error_prone_annotations-2.18.0.jar;C:/Users/justi/AppData/Roaming/PrismLauncher/libraries/com/google/j2objc/j2objc-annotations/2.8/j2objc-annotations-2.8.jar;C:/Users/justi/AppData/Roaming/PrismLauncher/libraries/org/codehaus/plexus/plexus-utils/3.3.0/plexus-utils-3.3.0.jar;C:/Users/justi/AppData/Roaming/PrismLauncher/libraries/com/machinezoo/noexception/noexception/1.7.1/noexception-1.7.1.jar;C:/Users/justi/AppData/Roaming/PrismLauncher/libraries/com/mojang/minecraft/1.21.1/minecraft-1.21.1-client.jar
Launcher Type: SUN_STANDARD

[Global flags]
     intx CICompilerCount                          = 12                                        {product} {ergonomic}
    ccstr HeapDumpPath                             = MojangTricksIntelDriversForPerformance_javaw.exe_minecraft.exe.heapdump         {manageable} {command line}
   size_t InitialHeapSize                          = 17179869184                               {product} {command line}
   size_t MaxHeapSize                              = 17179869184                               {product} {command line}
   size_t MinHeapDeltaBytes                        = 2097152                                   {product} {ergonomic}
   size_t MinHeapSize                              = 17179869184                               {product} {command line}
    uintx NonNMethodCodeHeapSize                   = 7602480                                {pd product} {ergonomic}
    uintx NonProfiledCodeHeapSize                  = 122027880                              {pd product} {ergonomic}
    uintx ProfiledCodeHeapSize                     = 122027880                              {pd product} {ergonomic}
    uintx ReservedCodeCacheSize                    = 251658240                              {pd product} {ergonomic}
     bool SegmentedCodeCache                       = true                                      {product} {ergonomic}
   size_t SoftMaxHeapSize                          = 17179869184                            {manageable} {ergonomic}
     bool UseCompressedOops                        = false                          {product lp64_product} {ergonomic}
     bool UseLargePagesIndividualAllocation        = false                                  {pd product} {ergonomic}
     bool UseZGC                                   = true                                      {product} {command line}
     bool ZGenerational                            = true                                      {product} {command line}
     bool ZUncommit                                = false                                     {product} {ergonomic}

Logging:
Log output configuration:
 #0: stdout all=warning uptime,level,tags foldmultilines=false
 #1: stderr all=off uptime,level,tags foldmultilines=false

Environment Variables:
PATH=C:\Program Files\Common Files\Oracle\Java\javapath;C:\WINDOWS\system32;C:\WINDOWS;C:\WINDOWS\System32\Wbem;C:\WINDOWS\System32\WindowsPowerShell\v1.0\;C:\WINDOWS\System32\OpenSSH\;C:\Program Files (x86)\NVIDIA Corporation\PhysX\Common;C:\Program Files\Git\cmd;C:\Program Files\dotnet\;C:\Program Files\nodejs\;C:\Program Files (x86)\Windows Kits\10\Windows Performance Toolkit\;C:\Users\justi\AppData\Local\Programs\Python\Python314\Scripts\;C:\Users\justi\AppData\Local\Programs\Python\Python314\;C:\Users\justi\AppData\Local\Programs\Python\Launcher\;C:\Users\justi\AppData\Local\Microsoft\WindowsApps;C:\Users\justi\AppData\Local\JetBrains\Toolbox\scripts;C:\Users\justi\AppData\Local\PowerToys\DSCModules\;C:\Users\justi\AppData\Local\Programs\Microsoft VS Code\bin;C:\Users\justi\AppData\Roaming\npm;C:\Users\justi\AppData\Local\Programs\Ollama;C:\Users\justi\AppData\Local\Programs\Antigravity\bin;C:\Users\justi\AppData\Local\GitHubDesktop\bin
USERNAME=justi
OS=Windows_NT
PROCESSOR_IDENTIFIER=AMD64 Family 26 Model 68 Stepping 0, AuthenticAMD
TMP=C:\Users\justi\AppData\Local\Temp
TEMP=C:\Users\justi\AppData\Local\Temp




Periodic native trim disabled

---------------  S Y S T E M  ---------------

OS:
 Windows 11 , 64 bit Build 26100 (10.0.26100.8246)
OS uptime: 0 days 8:19 hours
Hyper-V role detected

CPU: total 24 (initial active 24) (24 cores per cpu, 2 threads per core) family 26 model 68 stepping 0 microcode 0xb40401a, cx8, cmov, fxsr, ht, mmx, 3dnowpref, sse, sse2, sse3, ssse3, sse4a, sse4.1, sse4.2, popcnt, lzcnt, tsc, tscinvbit, avx, avx2, aes, erms, clmul, bmi1, bmi2, adx, avx512f, avx512dq, avx512cd, avx512bw, avx512vl, sha, fma, vzeroupper, avx512_vpopcntdq, avx512_vpclmulqdq, avx512_vaes, avx512_vnni, clflush, clflushopt, avx512_vbmi2, avx512_vbmi, hv, rdtscp, rdpid, fsrm, gfni, avx512_bitalg, f16c, cet_ss, avx512_ifma
Processor Information for the first 24 processors :
  Max Mhz: 4400, Current Mhz: 4400, Mhz Limit: 4400

Memory: 4k page, system-wide physical 31848M (2408M free)
TotalPageFile size 48054M (AvailPageFile size 710M)
current process WorkingSet (physical memory assigned to process): 18240M, peak: 18364M
current process commit charge ("private bytes"): 6424M, peak: 6581M

vm_info: OpenJDK 64-Bit Server VM (21.0.7+6-LTS) for windows-amd64 JRE (21.0.7+6-LTS), built on 2025-04-09T22:17:25Z by "MicrosoftCorporation" with unknown MS VC++:1939

END.
